<?xml version="1.0" encoding="UTF-8"?>
<gpx version="1.1" creator="gajago-nav" xmlns="http://www.topografix.com/GPX/1/1">
  <metadata><name>경남함양군-덕유산종주_20160123</name></metadata>
  <wpt lat="35.744915" lon="127.679244">
    <name>들머리 (영각사)</name>
    <ele>722</ele>
  </wpt>
  <wpt lat="35.763040" lon="127.683790">
    <name>영각재</name>
  </wpt>
  <wpt lat="35.767540" lon="127.679520">
    <name>남덕유산</name>
    <ele>1513</ele>
  </wpt>
  <wpt lat="35.768458" lon="127.679090">
    <name>갈림길</name>
  </wpt>
  <wpt lat="35.769995" lon="127.679371">
    <name>갈림길</name>
  </wpt>
  <wpt lat="35.777140" lon="127.684410">
    <name>월성재</name>
    <ele>1230</ele>
  </wpt>
  <wpt lat="35.787360" lon="127.699230">
    <name>삿갓봉</name>
    <ele>1419</ele>
  </wpt>
  <wpt lat="35.791100" lon="127.704900">
    <name>삿갓재</name>
    <ele>1227</ele>
  </wpt>
  <wpt lat="35.791440" lon="127.710080">
    <name>삿갓골재</name>
  </wpt>
  <wpt lat="35.800060" lon="127.720190">
    <name>무룡산</name>
    <ele>1492</ele>
  </wpt>
  <wpt lat="35.812960" lon="127.729850">
    <name>칠이남쪽대기봉(가림봉)</name>
    <ele>1420</ele>
  </wpt>
  <wpt lat="35.827200" lon="127.739160">
    <name>동엽령</name>
    <ele>1358</ele>
  </wpt>
  <wpt lat="35.834760" lon="127.737910">
    <name>삼각점</name>
    <ele>1312</ele>
  </wpt>
  <wpt lat="35.844010" lon="127.745100">
    <name>백암봉</name>
    <ele>1503</ele>
  </wpt>
  <wpt lat="35.851580" lon="127.747300">
    <name>제이덕유산</name>
    <ele>1594</ele>
  </wpt>
  <wpt lat="35.860010" lon="127.746520">
    <name>향적봉</name>
    <ele>1614</ele>
  </wpt>
  <wpt lat="35.859116" lon="127.767361">
    <name>백련사</name>
  </wpt>
  <wpt lat="35.889800" lon="127.778130">
    <name>덕유산탐방</name>
  </wpt>
  <wpt lat="35.890660" lon="127.778550">
    <name>월하탄전망대</name>
  </wpt>
  <wpt lat="35.894812" lon="127.776305">
    <name>날머리 (구천동탐방)</name>
    <ele>641</ele>
  </wpt>
  <trk>
    <name>경남함양군-덕유산종주_20160123</name>
    <trkseg>
      <trkpt lat="35.744915" lon="127.679244"><ele>722.0</ele><time>2016-01-23T03:16:02.000Z</time></trkpt>
      <trkpt lat="35.744950" lon="127.679279"><ele>720.0</ele><time>2016-01-23T03:16:02.000Z</time></trkpt>
      <trkpt lat="35.744985" lon="127.679314"><ele>718.1</ele><time>2016-01-23T03:17:09.000Z</time></trkpt>
      <trkpt lat="35.745020" lon="127.679348"><ele>716.2</ele><time>2016-01-23T03:17:09.000Z</time></trkpt>
      <trkpt lat="35.745056" lon="127.679382"><ele>714.4</ele><time>2016-01-23T03:19:21.000Z</time></trkpt>
      <trkpt lat="35.745092" lon="127.679389"><ele>710.3</ele><time>2016-01-23T03:21:02.000Z</time></trkpt>
      <trkpt lat="35.745124" lon="127.679349"><ele>709.9</ele><time>2016-01-23T03:21:02.000Z</time></trkpt>
      <trkpt lat="35.745155" lon="127.679309"><ele>709.4</ele><time>2016-01-23T03:21:02.000Z</time></trkpt>
      <trkpt lat="35.745186" lon="127.679269"><ele>709.0</ele><time>2016-01-23T03:21:02.000Z</time></trkpt>
      <trkpt lat="35.745217" lon="127.679229"><ele>708.5</ele><time>2016-01-23T03:25:35.000Z</time></trkpt>
      <trkpt lat="35.745248" lon="127.679189"><ele>708.1</ele><time>2016-01-23T03:25:35.000Z</time></trkpt>
      <trkpt lat="35.745279" lon="127.679149"><ele>707.6</ele><time>2016-01-23T03:25:35.000Z</time></trkpt>
      <trkpt lat="35.745304" lon="127.679104"><ele>706.2</ele><time>2016-01-23T03:25:35.000Z</time></trkpt>
      <trkpt lat="35.745327" lon="127.679055"><ele>704.4</ele><time>2016-01-23T03:25:42.000Z</time></trkpt>
      <trkpt lat="35.745325" lon="127.679002"><ele>704.0</ele><time>2016-01-23T03:25:52.000Z</time></trkpt>
      <trkpt lat="35.745311" lon="127.678951"><ele>703.9</ele><time>2016-01-23T03:25:52.000Z</time></trkpt>
      <trkpt lat="35.745282" lon="127.678910"><ele>703.7</ele><time>2016-01-23T03:26:01.000Z</time></trkpt>
      <trkpt lat="35.745251" lon="127.678869"><ele>703.5</ele><time>2016-01-23T03:26:01.000Z</time></trkpt>
      <trkpt lat="35.745219" lon="127.678830"><ele>703.0</ele><time>2016-01-23T03:26:09.000Z</time></trkpt>
      <trkpt lat="35.745189" lon="127.678789"><ele>702.5</ele><time>2016-01-23T03:26:09.000Z</time></trkpt>
      <trkpt lat="35.745168" lon="127.678740"><ele>702.0</ele><time>2016-01-23T03:26:17.000Z</time></trkpt>
      <trkpt lat="35.745148" lon="127.678691"><ele>701.5</ele><time>2016-01-23T03:26:17.000Z</time></trkpt>
      <trkpt lat="35.745144" lon="127.678636"><ele>701.2</ele><time>2016-01-23T03:26:25.000Z</time></trkpt>
      <trkpt lat="35.745142" lon="127.678581"><ele>700.8</ele><time>2016-01-23T03:26:25.000Z</time></trkpt>
      <trkpt lat="35.745151" lon="127.678527"><ele>700.6</ele><time>2016-01-23T03:26:33.000Z</time></trkpt>
      <trkpt lat="35.745161" lon="127.678472"><ele>700.3</ele><time>2016-01-23T03:26:33.000Z</time></trkpt>
      <trkpt lat="35.745172" lon="127.678419"><ele>700.0</ele><time>2016-01-23T03:26:40.000Z</time></trkpt>
      <trkpt lat="35.745182" lon="127.678365"><ele>699.8</ele><time>2016-01-23T03:26:40.000Z</time></trkpt>
      <trkpt lat="35.745190" lon="127.678310"><ele>699.5</ele><time>2016-01-23T03:26:46.000Z</time></trkpt>
      <trkpt lat="35.745199" lon="127.678256"><ele>699.3</ele><time>2016-01-23T03:26:46.000Z</time></trkpt>
      <trkpt lat="35.745210" lon="127.678202"><ele>699.1</ele><time>2016-01-23T03:26:53.000Z</time></trkpt>
      <trkpt lat="35.745222" lon="127.678149"><ele>699.0</ele><time>2016-01-23T03:26:53.000Z</time></trkpt>
      <trkpt lat="35.745244" lon="127.678100"><ele>698.8</ele><time>2016-01-23T03:27:00.000Z</time></trkpt>
      <trkpt lat="35.745265" lon="127.678052"><ele>698.7</ele><time>2016-01-23T03:27:00.000Z</time></trkpt>
      <trkpt lat="35.745291" lon="127.678006"><ele>698.6</ele><time>2016-01-23T03:27:07.000Z</time></trkpt>
      <trkpt lat="35.745317" lon="127.677961"><ele>698.5</ele><time>2016-01-23T03:27:07.000Z</time></trkpt>
      <trkpt lat="35.745348" lon="127.677921"><ele>698.4</ele><time>2016-01-23T03:27:07.000Z</time></trkpt>
      <trkpt lat="35.745378" lon="127.677881"><ele>698.3</ele><time>2016-01-23T03:27:15.000Z</time></trkpt>
      <trkpt lat="35.745414" lon="127.677846"><ele>698.2</ele><time>2016-01-23T03:27:15.000Z</time></trkpt>
      <trkpt lat="35.745450" lon="127.677813"><ele>698.1</ele><time>2016-01-23T03:27:24.000Z</time></trkpt>
      <trkpt lat="35.745491" lon="127.677791"><ele>698.0</ele><time>2016-01-23T03:27:24.000Z</time></trkpt>
      <trkpt lat="35.745533" lon="127.677771"><ele>698.0</ele><time>2016-01-23T03:27:39.000Z</time></trkpt>
      <trkpt lat="35.745575" lon="127.677754"><ele>697.9</ele><time>2016-01-23T03:27:39.000Z</time></trkpt>
      <trkpt lat="35.745619" lon="127.677739"><ele>697.9</ele><time>2016-01-23T03:27:47.000Z</time></trkpt>
      <trkpt lat="35.745662" lon="127.677726"><ele>697.8</ele><time>2016-01-23T03:27:47.000Z</time></trkpt>
      <trkpt lat="35.745706" lon="127.677715"><ele>697.7</ele><time>2016-01-23T03:27:53.000Z</time></trkpt>
      <trkpt lat="35.745751" lon="127.677704"><ele>697.7</ele><time>2016-01-23T03:27:53.000Z</time></trkpt>
      <trkpt lat="35.745795" lon="127.677697"><ele>697.6</ele><time>2016-01-23T03:27:53.000Z</time></trkpt>
      <trkpt lat="35.745840" lon="127.677690"><ele>697.6</ele><time>2016-01-23T03:28:01.000Z</time></trkpt>
      <trkpt lat="35.745884" lon="127.677684"><ele>697.6</ele><time>2016-01-23T03:28:01.000Z</time></trkpt>
      <trkpt lat="35.745929" lon="127.677678"><ele>697.6</ele><time>2016-01-23T03:28:13.000Z</time></trkpt>
      <trkpt lat="35.745973" lon="127.677668"><ele>697.5</ele><time>2016-01-23T03:28:13.000Z</time></trkpt>
      <trkpt lat="35.746017" lon="127.677657"><ele>697.5</ele><time>2016-01-23T03:28:19.000Z</time></trkpt>
      <trkpt lat="35.746060" lon="127.677641"><ele>697.5</ele><time>2016-01-23T03:28:19.000Z</time></trkpt>
      <trkpt lat="35.746103" lon="127.677622"><ele>697.5</ele><time>2016-01-23T03:28:25.000Z</time></trkpt>
      <trkpt lat="35.746146" lon="127.677609"><ele>697.5</ele><time>2016-01-23T03:28:25.000Z</time></trkpt>
      <trkpt lat="35.746191" lon="127.677602"><ele>697.6</ele><time>2016-01-23T03:28:34.000Z</time></trkpt>
      <trkpt lat="35.746235" lon="127.677598"><ele>697.6</ele><time>2016-01-23T03:28:34.000Z</time></trkpt>
      <trkpt lat="35.746280" lon="127.677598"><ele>697.7</ele><time>2016-01-23T03:28:42.000Z</time></trkpt>
      <trkpt lat="35.746325" lon="127.677600"><ele>697.8</ele><time>2016-01-23T03:28:42.000Z</time></trkpt>
      <trkpt lat="35.746370" lon="127.677606"><ele>697.9</ele><time>2016-01-23T03:28:56.000Z</time></trkpt>
      <trkpt lat="35.746415" lon="127.677609"><ele>698.1</ele><time>2016-01-23T03:28:56.000Z</time></trkpt>
      <trkpt lat="35.746460" lon="127.677608"><ele>698.2</ele><time>2016-01-23T03:29:01.000Z</time></trkpt>
      <trkpt lat="35.746505" lon="127.677608"><ele>698.4</ele><time>2016-01-23T03:29:01.000Z</time></trkpt>
      <trkpt lat="35.746550" lon="127.677609"><ele>698.6</ele><time>2016-01-23T03:29:08.000Z</time></trkpt>
      <trkpt lat="35.746595" lon="127.677610"><ele>698.9</ele><time>2016-01-23T03:29:08.000Z</time></trkpt>
      <trkpt lat="35.746639" lon="127.677617"><ele>699.2</ele><time>2016-01-23T03:29:08.000Z</time></trkpt>
      <trkpt lat="35.746684" lon="127.677624"><ele>699.4</ele><time>2016-01-23T03:29:14.000Z</time></trkpt>
      <trkpt lat="35.746729" lon="127.677628"><ele>699.7</ele><time>2016-01-23T03:29:14.000Z</time></trkpt>
      <trkpt lat="35.746774" lon="127.677628"><ele>700.0</ele><time>2016-01-23T03:29:22.000Z</time></trkpt>
      <trkpt lat="35.746818" lon="127.677625"><ele>700.4</ele><time>2016-01-23T03:29:22.000Z</time></trkpt>
      <trkpt lat="35.746862" lon="127.677610"><ele>700.8</ele><time>2016-01-23T03:29:30.000Z</time></trkpt>
      <trkpt lat="35.746904" lon="127.677592"><ele>701.2</ele><time>2016-01-23T03:29:30.000Z</time></trkpt>
      <trkpt lat="35.746935" lon="127.677553"><ele>701.6</ele><time>2016-01-23T03:29:36.000Z</time></trkpt>
      <trkpt lat="35.746966" lon="127.677512"><ele>702.1</ele><time>2016-01-23T03:29:36.000Z</time></trkpt>
      <trkpt lat="35.746993" lon="127.677468"><ele>702.5</ele><time>2016-01-23T03:29:44.000Z</time></trkpt>
      <trkpt lat="35.747020" lon="127.677424"><ele>702.9</ele><time>2016-01-23T03:29:44.000Z</time></trkpt>
      <trkpt lat="35.747054" lon="127.677387"><ele>703.5</ele><time>2016-01-23T03:29:53.000Z</time></trkpt>
      <trkpt lat="35.747089" lon="127.677355"><ele>704.0</ele><time>2016-01-23T03:29:53.000Z</time></trkpt>
      <trkpt lat="35.747133" lon="127.677341"><ele>704.5</ele><time>2016-01-23T03:30:02.000Z</time></trkpt>
      <trkpt lat="35.747177" lon="127.677328"><ele>705.0</ele><time>2016-01-23T03:30:02.000Z</time></trkpt>
      <trkpt lat="35.747221" lon="127.677318"><ele>705.4</ele><time>2016-01-23T03:30:13.000Z</time></trkpt>
      <trkpt lat="35.747264" lon="127.677304"><ele>705.8</ele><time>2016-01-23T03:30:13.000Z</time></trkpt>
      <trkpt lat="35.747305" lon="127.677282"><ele>706.3</ele><time>2016-01-23T03:30:21.000Z</time></trkpt>
      <trkpt lat="35.747345" lon="127.677256"><ele>706.8</ele><time>2016-01-23T03:30:21.000Z</time></trkpt>
      <trkpt lat="35.747382" lon="127.677226"><ele>707.3</ele><time>2016-01-23T03:30:44.000Z</time></trkpt>
      <trkpt lat="35.747416" lon="127.677190"><ele>707.9</ele><time>2016-01-23T03:30:44.000Z</time></trkpt>
      <trkpt lat="35.747447" lon="127.677150"><ele>708.5</ele><time>2016-01-23T03:30:52.000Z</time></trkpt>
      <trkpt lat="35.747482" lon="127.677114"><ele>709.1</ele><time>2016-01-23T03:30:52.000Z</time></trkpt>
      <trkpt lat="35.747517" lon="127.677080"><ele>709.7</ele><time>2016-01-23T03:31:01.000Z</time></trkpt>
      <trkpt lat="35.747552" lon="127.677045"><ele>710.2</ele><time>2016-01-23T03:31:01.000Z</time></trkpt>
      <trkpt lat="35.747588" lon="127.677011"><ele>710.8</ele><time>2016-01-23T03:31:07.000Z</time></trkpt>
      <trkpt lat="35.747626" lon="127.676983"><ele>711.4</ele><time>2016-01-23T03:31:07.000Z</time></trkpt>
      <trkpt lat="35.747666" lon="127.676958"><ele>712.0</ele><time>2016-01-23T03:31:13.000Z</time></trkpt>
      <trkpt lat="35.747707" lon="127.676935"><ele>712.6</ele><time>2016-01-23T03:31:13.000Z</time></trkpt>
      <trkpt lat="35.747749" lon="127.676914"><ele>713.2</ele><time>2016-01-23T03:31:18.000Z</time></trkpt>
      <trkpt lat="35.747791" lon="127.676896"><ele>713.9</ele><time>2016-01-23T03:31:18.000Z</time></trkpt>
      <trkpt lat="35.747835" lon="127.676884"><ele>714.5</ele><time>2016-01-23T03:31:25.000Z</time></trkpt>
      <trkpt lat="35.747879" lon="127.676874"><ele>715.1</ele><time>2016-01-23T03:31:25.000Z</time></trkpt>
      <trkpt lat="35.747923" lon="127.676864"><ele>715.6</ele><time>2016-01-23T03:31:34.000Z</time></trkpt>
      <trkpt lat="35.747968" lon="127.676856"><ele>716.2</ele><time>2016-01-23T03:31:34.000Z</time></trkpt>
      <trkpt lat="35.748012" lon="127.676849"><ele>716.8</ele><time>2016-01-23T03:31:49.000Z</time></trkpt>
      <trkpt lat="35.748057" lon="127.676842"><ele>717.4</ele><time>2016-01-23T03:31:49.000Z</time></trkpt>
      <trkpt lat="35.748102" lon="127.676836"><ele>718.1</ele><time>2016-01-23T03:31:49.000Z</time></trkpt>
      <trkpt lat="35.748147" lon="127.676831"><ele>718.8</ele><time>2016-01-23T03:32:04.000Z</time></trkpt>
      <trkpt lat="35.748191" lon="127.676823"><ele>719.6</ele><time>2016-01-23T03:32:04.000Z</time></trkpt>
      <trkpt lat="35.748236" lon="127.676816"><ele>720.3</ele><time>2016-01-23T03:32:17.000Z</time></trkpt>
      <trkpt lat="35.748281" lon="127.676816"><ele>721.2</ele><time>2016-01-23T03:32:17.000Z</time></trkpt>
      <trkpt lat="35.748326" lon="127.676818"><ele>722.1</ele><time>2016-01-23T03:32:31.000Z</time></trkpt>
      <trkpt lat="35.748371" lon="127.676818"><ele>723.1</ele><time>2016-01-23T03:32:31.000Z</time></trkpt>
      <trkpt lat="35.748415" lon="127.676817"><ele>724.2</ele><time>2016-01-23T03:32:41.000Z</time></trkpt>
      <trkpt lat="35.748460" lon="127.676823"><ele>725.3</ele><time>2016-01-23T03:32:41.000Z</time></trkpt>
      <trkpt lat="35.748505" lon="127.676830"><ele>726.4</ele><time>2016-01-23T03:32:54.000Z</time></trkpt>
      <trkpt lat="35.748550" lon="127.676836"><ele>727.4</ele><time>2016-01-23T03:32:54.000Z</time></trkpt>
      <trkpt lat="35.748594" lon="127.676842"><ele>728.4</ele><time>2016-01-23T03:33:02.000Z</time></trkpt>
      <trkpt lat="35.748637" lon="127.676856"><ele>729.3</ele><time>2016-01-23T03:33:02.000Z</time></trkpt>
      <trkpt lat="35.748680" lon="127.676873"><ele>730.3</ele><time>2016-01-23T03:33:10.000Z</time></trkpt>
      <trkpt lat="35.748723" lon="127.676888"><ele>731.2</ele><time>2016-01-23T03:33:10.000Z</time></trkpt>
      <trkpt lat="35.748767" lon="127.676901"><ele>732.2</ele><time>2016-01-23T03:33:44.000Z</time></trkpt>
      <trkpt lat="35.748811" lon="127.676914"><ele>733.1</ele><time>2016-01-23T03:33:44.000Z</time></trkpt>
      <trkpt lat="35.748855" lon="127.676926"><ele>734.1</ele><time>2016-01-23T03:33:51.000Z</time></trkpt>
      <trkpt lat="35.748899" lon="127.676935"><ele>735.1</ele><time>2016-01-23T03:33:51.000Z</time></trkpt>
      <trkpt lat="35.748944" lon="127.676929"><ele>735.9</ele><time>2016-01-23T03:34:00.000Z</time></trkpt>
      <trkpt lat="35.748988" lon="127.676923"><ele>736.8</ele><time>2016-01-23T03:34:00.000Z</time></trkpt>
      <trkpt lat="35.749033" lon="127.676913"><ele>737.6</ele><time>2016-01-23T03:34:08.000Z</time></trkpt>
      <trkpt lat="35.749077" lon="127.676904"><ele>738.4</ele><time>2016-01-23T03:34:08.000Z</time></trkpt>
      <trkpt lat="35.749119" lon="127.676886"><ele>739.1</ele><time>2016-01-23T03:34:08.000Z</time></trkpt>
      <trkpt lat="35.749162" lon="127.676867"><ele>739.9</ele><time>2016-01-23T03:34:16.000Z</time></trkpt>
      <trkpt lat="35.749203" lon="127.676847"><ele>740.7</ele><time>2016-01-23T03:34:16.000Z</time></trkpt>
      <trkpt lat="35.749245" lon="127.676825"><ele>741.5</ele><time>2016-01-23T03:34:29.000Z</time></trkpt>
      <trkpt lat="35.749284" lon="127.676799"><ele>742.3</ele><time>2016-01-23T03:34:29.000Z</time></trkpt>
      <trkpt lat="35.749321" lon="127.676768"><ele>743.1</ele><time>2016-01-23T03:34:39.000Z</time></trkpt>
      <trkpt lat="35.749357" lon="127.676734"><ele>744.1</ele><time>2016-01-23T03:34:39.000Z</time></trkpt>
      <trkpt lat="35.749390" lon="127.676697"><ele>745.0</ele><time>2016-01-23T03:34:49.000Z</time></trkpt>
      <trkpt lat="35.749423" lon="127.676659"><ele>746.0</ele><time>2016-01-23T03:34:49.000Z</time></trkpt>
      <trkpt lat="35.749455" lon="127.676620"><ele>747.0</ele><time>2016-01-23T03:35:05.000Z</time></trkpt>
      <trkpt lat="35.749482" lon="127.676576"><ele>748.0</ele><time>2016-01-23T03:35:05.000Z</time></trkpt>
      <trkpt lat="35.749506" lon="127.676529"><ele>748.9</ele><time>2016-01-23T03:35:15.000Z</time></trkpt>
      <trkpt lat="35.749520" lon="127.676477"><ele>749.9</ele><time>2016-01-23T03:35:15.000Z</time></trkpt>
      <trkpt lat="35.749533" lon="127.676424"><ele>750.8</ele><time>2016-01-23T03:35:24.000Z</time></trkpt>
      <trkpt lat="35.749536" lon="127.676369"><ele>751.8</ele><time>2016-01-23T03:35:24.000Z</time></trkpt>
      <trkpt lat="35.749538" lon="127.676314"><ele>752.7</ele><time>2016-01-23T03:35:42.000Z</time></trkpt>
      <trkpt lat="35.749539" lon="127.676258"><ele>753.7</ele><time>2016-01-23T03:35:42.000Z</time></trkpt>
      <trkpt lat="35.749541" lon="127.676203"><ele>754.7</ele><time>2016-01-23T03:35:50.000Z</time></trkpt>
      <trkpt lat="35.749544" lon="127.676148"><ele>755.8</ele><time>2016-01-23T03:35:50.000Z</time></trkpt>
      <trkpt lat="35.749549" lon="127.676093"><ele>756.8</ele><time>2016-01-23T03:35:54.000Z</time></trkpt>
      <trkpt lat="35.749565" lon="127.676041"><ele>757.9</ele><time>2016-01-23T03:35:54.000Z</time></trkpt>
      <trkpt lat="35.749585" lon="127.675992"><ele>759.0</ele><time>2016-01-23T03:36:01.000Z</time></trkpt>
      <trkpt lat="35.749621" lon="127.675959"><ele>760.1</ele><time>2016-01-23T03:36:19.000Z</time></trkpt>
      <trkpt lat="35.749661" lon="127.675935"><ele>761.1</ele><time>2016-01-23T03:36:19.000Z</time></trkpt>
      <trkpt lat="35.749705" lon="127.675925"><ele>761.9</ele><time>2016-01-23T03:36:42.000Z</time></trkpt>
      <trkpt lat="35.749749" lon="127.675923"><ele>762.7</ele><time>2016-01-23T03:36:42.000Z</time></trkpt>
      <trkpt lat="35.749793" lon="127.675932"><ele>763.5</ele><time>2016-01-23T03:36:48.000Z</time></trkpt>
      <trkpt lat="35.749837" lon="127.675943"><ele>764.2</ele><time>2016-01-23T03:36:48.000Z</time></trkpt>
      <trkpt lat="35.749881" lon="127.675955"><ele>764.9</ele><time>2016-01-23T03:37:02.000Z</time></trkpt>
      <trkpt lat="35.749925" lon="127.675968"><ele>765.6</ele><time>2016-01-23T03:37:02.000Z</time></trkpt>
      <trkpt lat="35.749968" lon="127.675983"><ele>766.4</ele><time>2016-01-23T03:37:17.000Z</time></trkpt>
      <trkpt lat="35.750011" lon="127.675998"><ele>767.1</ele><time>2016-01-23T03:37:17.000Z</time></trkpt>
      <trkpt lat="35.750056" lon="127.676007"><ele>768.0</ele><time>2016-01-23T03:37:30.000Z</time></trkpt>
      <trkpt lat="35.750100" lon="127.676017"><ele>768.9</ele><time>2016-01-23T03:37:30.000Z</time></trkpt>
      <trkpt lat="35.750145" lon="127.676024"><ele>769.7</ele><time>2016-01-23T03:37:44.000Z</time></trkpt>
      <trkpt lat="35.750189" lon="127.676030"><ele>770.6</ele><time>2016-01-23T03:37:44.000Z</time></trkpt>
      <trkpt lat="35.750234" lon="127.676027"><ele>771.5</ele><time>2016-01-23T03:37:55.000Z</time></trkpt>
      <trkpt lat="35.750279" lon="127.676023"><ele>772.3</ele><time>2016-01-23T03:37:55.000Z</time></trkpt>
      <trkpt lat="35.750323" lon="127.676012"><ele>773.3</ele><time>2016-01-23T03:38:04.000Z</time></trkpt>
      <trkpt lat="35.750364" lon="127.675992"><ele>774.3</ele><time>2016-01-23T03:38:04.000Z</time></trkpt>
      <trkpt lat="35.750403" lon="127.675964"><ele>775.4</ele><time>2016-01-23T03:38:08.000Z</time></trkpt>
      <trkpt lat="35.750443" lon="127.675939"><ele>776.5</ele><time>2016-01-23T03:38:08.000Z</time></trkpt>
      <trkpt lat="35.750484" lon="127.675915"><ele>777.6</ele><time>2016-01-23T03:38:15.000Z</time></trkpt>
      <trkpt lat="35.750527" lon="127.675901"><ele>778.7</ele><time>2016-01-23T03:38:15.000Z</time></trkpt>
      <trkpt lat="35.750571" lon="127.675887"><ele>779.7</ele><time>2016-01-23T03:38:22.000Z</time></trkpt>
      <trkpt lat="35.750615" lon="127.675890"><ele>780.9</ele><time>2016-01-23T03:38:22.000Z</time></trkpt>
      <trkpt lat="35.750660" lon="127.675894"><ele>782.0</ele><time>2016-01-23T03:38:36.000Z</time></trkpt>
      <trkpt lat="35.750704" lon="127.675904"><ele>783.2</ele><time>2016-01-23T03:38:36.000Z</time></trkpt>
      <trkpt lat="35.750749" lon="127.675914"><ele>784.4</ele><time>2016-01-23T03:38:53.000Z</time></trkpt>
      <trkpt lat="35.750792" lon="127.675927"><ele>785.7</ele><time>2016-01-23T03:38:53.000Z</time></trkpt>
      <trkpt lat="35.750836" lon="127.675940"><ele>786.9</ele><time>2016-01-23T03:39:04.000Z</time></trkpt>
      <trkpt lat="35.750880" lon="127.675950"><ele>788.1</ele><time>2016-01-23T03:39:04.000Z</time></trkpt>
      <trkpt lat="35.750925" lon="127.675959"><ele>789.4</ele><time>2016-01-23T03:39:22.000Z</time></trkpt>
      <trkpt lat="35.750969" lon="127.675970"><ele>790.6</ele><time>2016-01-23T03:39:22.000Z</time></trkpt>
      <trkpt lat="35.751012" lon="127.675982"><ele>791.8</ele><time>2016-01-23T03:39:39.000Z</time></trkpt>
      <trkpt lat="35.751056" lon="127.675995"><ele>792.8</ele><time>2016-01-23T03:39:39.000Z</time></trkpt>
      <trkpt lat="35.751100" lon="127.676009"><ele>793.9</ele><time>2016-01-23T03:39:54.000Z</time></trkpt>
      <trkpt lat="35.751143" lon="127.676026"><ele>794.9</ele><time>2016-01-23T03:39:54.000Z</time></trkpt>
      <trkpt lat="35.751185" lon="127.676044"><ele>796.0</ele><time>2016-01-23T03:40:00.000Z</time></trkpt>
      <trkpt lat="35.751227" lon="127.676062"><ele>796.9</ele><time>2016-01-23T03:40:00.000Z</time></trkpt>
      <trkpt lat="35.751270" lon="127.676081"><ele>797.9</ele><time>2016-01-23T03:40:09.000Z</time></trkpt>
      <trkpt lat="35.751311" lon="127.676102"><ele>798.8</ele><time>2016-01-23T03:40:09.000Z</time></trkpt>
      <trkpt lat="35.751353" lon="127.676124"><ele>799.8</ele><time>2016-01-23T03:40:17.000Z</time></trkpt>
      <trkpt lat="35.751394" lon="127.676146"><ele>800.7</ele><time>2016-01-23T03:40:17.000Z</time></trkpt>
      <trkpt lat="35.751435" lon="127.676169"><ele>801.6</ele><time>2016-01-23T03:40:28.000Z</time></trkpt>
      <trkpt lat="35.751475" lon="127.676193"><ele>802.6</ele><time>2016-01-23T03:40:28.000Z</time></trkpt>
      <trkpt lat="35.751515" lon="127.676219"><ele>803.4</ele><time>2016-01-23T03:40:36.000Z</time></trkpt>
      <trkpt lat="35.751554" lon="127.676246"><ele>804.3</ele><time>2016-01-23T03:40:36.000Z</time></trkpt>
      <trkpt lat="35.751594" lon="127.676273"><ele>805.0</ele><time>2016-01-23T03:40:45.000Z</time></trkpt>
      <trkpt lat="35.751633" lon="127.676300"><ele>805.7</ele><time>2016-01-23T03:40:45.000Z</time></trkpt>
      <trkpt lat="35.751671" lon="127.676329"><ele>806.4</ele><time>2016-01-23T03:40:45.000Z</time></trkpt>
      <trkpt lat="35.751710" lon="127.676357"><ele>807.2</ele><time>2016-01-23T03:41:00.000Z</time></trkpt>
      <trkpt lat="35.751750" lon="127.676383"><ele>807.9</ele><time>2016-01-23T03:41:00.000Z</time></trkpt>
      <trkpt lat="35.751790" lon="127.676407"><ele>808.6</ele><time>2016-01-23T03:41:11.000Z</time></trkpt>
      <trkpt lat="35.751831" lon="127.676431"><ele>809.3</ele><time>2016-01-23T03:41:11.000Z</time></trkpt>
      <trkpt lat="35.751872" lon="127.676453"><ele>810.0</ele><time>2016-01-23T03:41:20.000Z</time></trkpt>
      <trkpt lat="35.751914" lon="127.676471"><ele>810.7</ele><time>2016-01-23T03:41:20.000Z</time></trkpt>
      <trkpt lat="35.751958" lon="127.676483"><ele>811.6</ele><time>2016-01-23T03:41:34.000Z</time></trkpt>
      <trkpt lat="35.752002" lon="127.676492"><ele>812.4</ele><time>2016-01-23T03:41:34.000Z</time></trkpt>
      <trkpt lat="35.752047" lon="127.676496"><ele>813.3</ele><time>2016-01-23T03:41:44.000Z</time></trkpt>
      <trkpt lat="35.752092" lon="127.676494"><ele>814.2</ele><time>2016-01-23T03:41:44.000Z</time></trkpt>
      <trkpt lat="35.752136" lon="127.676486"><ele>815.0</ele><time>2016-01-23T03:41:56.000Z</time></trkpt>
      <trkpt lat="35.752180" lon="127.676476"><ele>815.9</ele><time>2016-01-23T03:41:56.000Z</time></trkpt>
      <trkpt lat="35.752224" lon="127.676462"><ele>816.8</ele><time>2016-01-23T03:42:04.000Z</time></trkpt>
      <trkpt lat="35.752268" lon="127.676448"><ele>817.8</ele><time>2016-01-23T03:42:04.000Z</time></trkpt>
      <trkpt lat="35.752312" lon="127.676438"><ele>818.8</ele><time>2016-01-23T03:42:17.000Z</time></trkpt>
      <trkpt lat="35.752356" lon="127.676429"><ele>819.8</ele><time>2016-01-23T03:42:17.000Z</time></trkpt>
      <trkpt lat="35.752401" lon="127.676430"><ele>820.9</ele><time>2016-01-23T03:42:27.000Z</time></trkpt>
      <trkpt lat="35.752446" lon="127.676430"><ele>821.9</ele><time>2016-01-23T03:42:27.000Z</time></trkpt>
      <trkpt lat="35.752490" lon="127.676442"><ele>823.0</ele><time>2016-01-23T03:42:27.000Z</time></trkpt>
      <trkpt lat="35.752534" lon="127.676454"><ele>824.1</ele><time>2016-01-23T03:42:45.000Z</time></trkpt>
      <trkpt lat="35.752577" lon="127.676469"><ele>825.2</ele><time>2016-01-23T03:42:45.000Z</time></trkpt>
      <trkpt lat="35.752620" lon="127.676485"><ele>826.3</ele><time>2016-01-23T03:42:57.000Z</time></trkpt>
      <trkpt lat="35.752663" lon="127.676502"><ele>827.4</ele><time>2016-01-23T03:42:57.000Z</time></trkpt>
      <trkpt lat="35.752706" lon="127.676517"><ele>828.5</ele><time>2016-01-23T03:43:08.000Z</time></trkpt>
      <trkpt lat="35.752750" lon="127.676531"><ele>829.6</ele><time>2016-01-23T03:43:08.000Z</time></trkpt>
      <trkpt lat="35.752794" lon="127.676543"><ele>830.6</ele><time>2016-01-23T03:43:22.000Z</time></trkpt>
      <trkpt lat="35.752838" lon="127.676551"><ele>831.7</ele><time>2016-01-23T03:43:22.000Z</time></trkpt>
      <trkpt lat="35.752883" lon="127.676555"><ele>832.7</ele><time>2016-01-23T03:43:30.000Z</time></trkpt>
      <trkpt lat="35.752928" lon="127.676557"><ele>833.6</ele><time>2016-01-23T03:43:30.000Z</time></trkpt>
      <trkpt lat="35.752973" lon="127.676558"><ele>834.6</ele><time>2016-01-23T03:43:39.000Z</time></trkpt>
      <trkpt lat="35.753018" lon="127.676560"><ele>835.6</ele><time>2016-01-23T03:43:39.000Z</time></trkpt>
      <trkpt lat="35.753063" lon="127.676562"><ele>836.6</ele><time>2016-01-23T03:43:46.000Z</time></trkpt>
      <trkpt lat="35.753107" lon="127.676566"><ele>837.6</ele><time>2016-01-23T03:43:46.000Z</time></trkpt>
      <trkpt lat="35.753152" lon="127.676571"><ele>838.6</ele><time>2016-01-23T03:44:11.000Z</time></trkpt>
      <trkpt lat="35.753197" lon="127.676575"><ele>839.5</ele><time>2016-01-23T03:44:11.000Z</time></trkpt>
      <trkpt lat="35.753242" lon="127.676579"><ele>840.2</ele><time>2016-01-23T03:44:11.000Z</time></trkpt>
      <trkpt lat="35.753287" lon="127.676582"><ele>841.0</ele><time>2016-01-23T03:44:29.000Z</time></trkpt>
      <trkpt lat="35.753332" lon="127.676586"><ele>841.8</ele><time>2016-01-23T03:44:29.000Z</time></trkpt>
      <trkpt lat="35.753376" lon="127.676591"><ele>842.6</ele><time>2016-01-23T03:44:38.000Z</time></trkpt>
      <trkpt lat="35.753421" lon="127.676598"><ele>843.5</ele><time>2016-01-23T03:44:38.000Z</time></trkpt>
      <trkpt lat="35.753465" lon="127.676611"><ele>844.4</ele><time>2016-01-23T03:44:55.000Z</time></trkpt>
      <trkpt lat="35.753508" lon="127.676626"><ele>845.3</ele><time>2016-01-23T03:44:55.000Z</time></trkpt>
      <trkpt lat="35.753547" lon="127.676653"><ele>846.2</ele><time>2016-01-23T03:45:09.000Z</time></trkpt>
      <trkpt lat="35.753587" lon="127.676679"><ele>847.1</ele><time>2016-01-23T03:45:09.000Z</time></trkpt>
      <trkpt lat="35.753626" lon="127.676707"><ele>848.0</ele><time>2016-01-23T03:45:22.000Z</time></trkpt>
      <trkpt lat="35.753665" lon="127.676733"><ele>849.0</ele><time>2016-01-23T03:45:22.000Z</time></trkpt>
      <trkpt lat="35.753706" lon="127.676756"><ele>850.0</ele><time>2016-01-23T03:45:38.000Z</time></trkpt>
      <trkpt lat="35.753748" lon="127.676776"><ele>851.0</ele><time>2016-01-23T03:45:38.000Z</time></trkpt>
      <trkpt lat="35.753791" lon="127.676791"><ele>852.0</ele><time>2016-01-23T03:45:56.000Z</time></trkpt>
      <trkpt lat="35.753835" lon="127.676805"><ele>852.9</ele><time>2016-01-23T03:45:56.000Z</time></trkpt>
      <trkpt lat="35.753879" lon="127.676816"><ele>853.9</ele><time>2016-01-23T03:46:04.000Z</time></trkpt>
      <trkpt lat="35.753923" lon="127.676828"><ele>854.9</ele><time>2016-01-23T03:46:04.000Z</time></trkpt>
      <trkpt lat="35.753966" lon="127.676842"><ele>855.9</ele><time>2016-01-23T03:46:14.000Z</time></trkpt>
      <trkpt lat="35.754010" lon="127.676856"><ele>857.0</ele><time>2016-01-23T03:46:14.000Z</time></trkpt>
      <trkpt lat="35.754053" lon="127.676870"><ele>858.0</ele><time>2016-01-23T03:46:14.000Z</time></trkpt>
      <trkpt lat="35.754097" lon="127.676884"><ele>859.0</ele><time>2016-01-23T03:46:21.000Z</time></trkpt>
      <trkpt lat="35.754140" lon="127.676899"><ele>860.1</ele><time>2016-01-23T03:46:21.000Z</time></trkpt>
      <trkpt lat="35.754183" lon="127.676915"><ele>861.1</ele><time>2016-01-23T03:46:33.000Z</time></trkpt>
      <trkpt lat="35.754228" lon="127.676923"><ele>862.1</ele><time>2016-01-23T03:46:33.000Z</time></trkpt>
      <trkpt lat="35.754272" lon="127.676931"><ele>863.0</ele><time>2016-01-23T03:46:49.000Z</time></trkpt>
      <trkpt lat="35.754317" lon="127.676937"><ele>864.0</ele><time>2016-01-23T03:46:49.000Z</time></trkpt>
      <trkpt lat="35.754362" lon="127.676942"><ele>864.9</ele><time>2016-01-23T03:46:55.000Z</time></trkpt>
      <trkpt lat="35.754406" lon="127.676943"><ele>865.9</ele><time>2016-01-23T03:46:55.000Z</time></trkpt>
      <trkpt lat="35.754451" lon="127.676944"><ele>866.8</ele><time>2016-01-23T03:47:11.000Z</time></trkpt>
      <trkpt lat="35.754496" lon="127.676945"><ele>867.7</ele><time>2016-01-23T03:47:11.000Z</time></trkpt>
      <trkpt lat="35.754541" lon="127.676947"><ele>868.6</ele><time>2016-01-23T03:47:25.000Z</time></trkpt>
      <trkpt lat="35.754586" lon="127.676951"><ele>869.5</ele><time>2016-01-23T03:47:25.000Z</time></trkpt>
      <trkpt lat="35.754631" lon="127.676956"><ele>870.4</ele><time>2016-01-23T03:47:38.000Z</time></trkpt>
      <trkpt lat="35.754675" lon="127.676963"><ele>871.3</ele><time>2016-01-23T03:47:38.000Z</time></trkpt>
      <trkpt lat="35.754720" lon="127.676974"><ele>872.3</ele><time>2016-01-23T03:47:47.000Z</time></trkpt>
      <trkpt lat="35.754764" lon="127.676985"><ele>873.3</ele><time>2016-01-23T03:47:47.000Z</time></trkpt>
      <trkpt lat="35.754807" lon="127.676999"><ele>874.4</ele><time>2016-01-23T03:47:56.000Z</time></trkpt>
      <trkpt lat="35.754851" lon="127.677012"><ele>875.5</ele><time>2016-01-23T03:47:56.000Z</time></trkpt>
      <trkpt lat="35.754893" lon="127.677031"><ele>876.8</ele><time>2016-01-23T03:48:14.000Z</time></trkpt>
      <trkpt lat="35.754935" lon="127.677050"><ele>878.0</ele><time>2016-01-23T03:48:14.000Z</time></trkpt>
      <trkpt lat="35.754976" lon="127.677072"><ele>879.4</ele><time>2016-01-23T03:48:35.000Z</time></trkpt>
      <trkpt lat="35.755017" lon="127.677095"><ele>880.7</ele><time>2016-01-23T03:48:35.000Z</time></trkpt>
      <trkpt lat="35.755057" lon="127.677121"><ele>882.1</ele><time>2016-01-23T03:48:48.000Z</time></trkpt>
      <trkpt lat="35.755097" lon="127.677146"><ele>883.5</ele><time>2016-01-23T03:48:48.000Z</time></trkpt>
      <trkpt lat="35.755139" lon="127.677165"><ele>884.8</ele><time>2016-01-23T03:49:05.000Z</time></trkpt>
      <trkpt lat="35.755182" lon="127.677182"><ele>886.2</ele><time>2016-01-23T03:49:05.000Z</time></trkpt>
      <trkpt lat="35.755227" lon="127.677186"><ele>887.5</ele><time>2016-01-23T03:49:24.000Z</time></trkpt>
      <trkpt lat="35.755271" lon="127.677188"><ele>888.9</ele><time>2016-01-23T03:49:24.000Z</time></trkpt>
      <trkpt lat="35.755315" lon="127.677174"><ele>890.3</ele><time>2016-01-23T03:49:32.000Z</time></trkpt>
      <trkpt lat="35.755358" lon="127.677158"><ele>891.7</ele><time>2016-01-23T03:49:32.000Z</time></trkpt>
      <trkpt lat="35.755393" lon="127.677124"><ele>893.2</ele><time>2016-01-23T03:49:39.000Z</time></trkpt>
      <trkpt lat="35.755428" lon="127.677089"><ele>894.7</ele><time>2016-01-23T03:49:39.000Z</time></trkpt>
      <trkpt lat="35.755462" lon="127.677053"><ele>896.2</ele><time>2016-01-23T03:49:46.000Z</time></trkpt>
      <trkpt lat="35.755496" lon="127.677017"><ele>897.7</ele><time>2016-01-23T03:49:46.000Z</time></trkpt>
      <trkpt lat="35.755533" lon="127.676984"><ele>899.1</ele><time>2016-01-23T03:50:06.000Z</time></trkpt>
      <trkpt lat="35.755570" lon="127.676954"><ele>900.5</ele><time>2016-01-23T03:50:06.000Z</time></trkpt>
      <trkpt lat="35.755613" lon="127.676939"><ele>901.8</ele><time>2016-01-23T03:50:15.000Z</time></trkpt>
      <trkpt lat="35.755656" lon="127.676924"><ele>903.1</ele><time>2016-01-23T03:50:15.000Z</time></trkpt>
      <trkpt lat="35.755701" lon="127.676921"><ele>904.4</ele><time>2016-01-23T03:50:15.000Z</time></trkpt>
      <trkpt lat="35.755746" lon="127.676918"><ele>905.7</ele><time>2016-01-23T03:50:25.000Z</time></trkpt>
      <trkpt lat="35.755791" lon="127.676924"><ele>906.9</ele><time>2016-01-23T03:50:25.000Z</time></trkpt>
      <trkpt lat="35.755835" lon="127.676931"><ele>908.0</ele><time>2016-01-23T03:50:41.000Z</time></trkpt>
      <trkpt lat="35.755880" lon="127.676942"><ele>909.1</ele><time>2016-01-23T03:50:41.000Z</time></trkpt>
      <trkpt lat="35.755923" lon="127.676955"><ele>910.2</ele><time>2016-01-23T03:50:52.000Z</time></trkpt>
      <trkpt lat="35.755967" lon="127.676966"><ele>911.3</ele><time>2016-01-23T03:50:52.000Z</time></trkpt>
      <trkpt lat="35.756012" lon="127.676975"><ele>912.4</ele><time>2016-01-23T03:50:58.000Z</time></trkpt>
      <trkpt lat="35.756056" lon="127.676983"><ele>913.5</ele><time>2016-01-23T03:50:58.000Z</time></trkpt>
      <trkpt lat="35.756101" lon="127.676987"><ele>914.4</ele><time>2016-01-23T03:51:08.000Z</time></trkpt>
      <trkpt lat="35.756146" lon="127.676990"><ele>915.3</ele><time>2016-01-23T03:51:08.000Z</time></trkpt>
      <trkpt lat="35.756190" lon="127.676982"><ele>916.1</ele><time>2016-01-23T03:51:08.000Z</time></trkpt>
      <trkpt lat="35.756235" lon="127.676974"><ele>916.9</ele><time>2016-01-23T03:51:21.000Z</time></trkpt>
      <trkpt lat="35.756279" lon="127.676962"><ele>917.6</ele><time>2016-01-23T03:51:21.000Z</time></trkpt>
      <trkpt lat="35.756322" lon="127.676948"><ele>918.3</ele><time>2016-01-23T03:51:30.000Z</time></trkpt>
      <trkpt lat="35.756366" lon="127.676936"><ele>919.0</ele><time>2016-01-23T03:51:30.000Z</time></trkpt>
      <trkpt lat="35.756410" lon="127.676928"><ele>919.8</ele><time>2016-01-23T03:51:40.000Z</time></trkpt>
      <trkpt lat="35.756455" lon="127.676925"><ele>920.5</ele><time>2016-01-23T03:51:40.000Z</time></trkpt>
      <trkpt lat="35.756500" lon="127.676929"><ele>921.1</ele><time>2016-01-23T03:51:57.000Z</time></trkpt>
      <trkpt lat="35.756545" lon="127.676933"><ele>921.8</ele><time>2016-01-23T03:51:57.000Z</time></trkpt>
      <trkpt lat="35.756590" lon="127.676937"><ele>922.5</ele><time>2016-01-23T03:52:07.000Z</time></trkpt>
      <trkpt lat="35.756635" lon="127.676938"><ele>923.1</ele><time>2016-01-23T03:52:24.000Z</time></trkpt>
      <trkpt lat="35.756679" lon="127.676938"><ele>923.7</ele><time>2016-01-23T03:52:24.000Z</time></trkpt>
      <trkpt lat="35.756724" lon="127.676937"><ele>924.3</ele><time>2016-01-23T03:52:44.000Z</time></trkpt>
      <trkpt lat="35.756769" lon="127.676937"><ele>924.9</ele><time>2016-01-23T03:52:44.000Z</time></trkpt>
      <trkpt lat="35.756814" lon="127.676939"><ele>925.6</ele><time>2016-01-23T03:52:44.000Z</time></trkpt>
      <trkpt lat="35.756859" lon="127.676942"><ele>926.3</ele><time>2016-01-23T03:53:00.000Z</time></trkpt>
      <trkpt lat="35.756904" lon="127.676938"><ele>927.0</ele><time>2016-01-23T03:53:00.000Z</time></trkpt>
      <trkpt lat="35.756949" lon="127.676933"><ele>927.8</ele><time>2016-01-23T03:53:17.000Z</time></trkpt>
      <trkpt lat="35.756993" lon="127.676924"><ele>928.6</ele><time>2016-01-23T03:53:17.000Z</time></trkpt>
      <trkpt lat="35.757038" lon="127.676915"><ele>929.3</ele><time>2016-01-23T03:53:35.000Z</time></trkpt>
      <trkpt lat="35.757082" lon="127.676911"><ele>930.1</ele><time>2016-01-23T03:53:35.000Z</time></trkpt>
      <trkpt lat="35.757127" lon="127.676910"><ele>930.9</ele><time>2016-01-23T03:53:46.000Z</time></trkpt>
      <trkpt lat="35.757172" lon="127.676910"><ele>931.7</ele><time>2016-01-23T03:53:46.000Z</time></trkpt>
      <trkpt lat="35.757217" lon="127.676911"><ele>932.4</ele><time>2016-01-23T03:53:56.000Z</time></trkpt>
      <trkpt lat="35.757262" lon="127.676913"><ele>933.2</ele><time>2016-01-23T03:53:56.000Z</time></trkpt>
      <trkpt lat="35.757307" lon="127.676915"><ele>934.1</ele><time>2016-01-23T03:54:10.000Z</time></trkpt>
      <trkpt lat="35.757351" lon="127.676905"><ele>934.9</ele><time>2016-01-23T03:54:10.000Z</time></trkpt>
      <trkpt lat="35.757395" lon="127.676892"><ele>935.7</ele><time>2016-01-23T03:54:32.000Z</time></trkpt>
      <trkpt lat="35.757437" lon="127.676874"><ele>936.5</ele><time>2016-01-23T03:54:32.000Z</time></trkpt>
      <trkpt lat="35.757480" lon="127.676856"><ele>937.3</ele><time>2016-01-23T03:54:41.000Z</time></trkpt>
      <trkpt lat="35.757524" lon="127.676844"><ele>938.0</ele><time>2016-01-23T03:54:41.000Z</time></trkpt>
      <trkpt lat="35.757568" lon="127.676833"><ele>938.7</ele><time>2016-01-23T03:54:48.000Z</time></trkpt>
      <trkpt lat="35.757612" lon="127.676829"><ele>939.4</ele><time>2016-01-23T03:54:48.000Z</time></trkpt>
      <trkpt lat="35.757657" lon="127.676828"><ele>940.1</ele><time>2016-01-23T03:55:02.000Z</time></trkpt>
      <trkpt lat="35.757702" lon="127.676836"><ele>940.8</ele><time>2016-01-23T03:55:02.000Z</time></trkpt>
      <trkpt lat="35.757746" lon="127.676845"><ele>941.5</ele><time>2016-01-23T03:55:14.000Z</time></trkpt>
      <trkpt lat="35.757790" lon="127.676860"><ele>942.2</ele><time>2016-01-23T03:55:29.000Z</time></trkpt>
      <trkpt lat="35.757833" lon="127.676874"><ele>943.0</ele><time>2016-01-23T03:55:29.000Z</time></trkpt>
      <trkpt lat="35.757876" lon="127.676891"><ele>943.8</ele><time>2016-01-23T03:55:40.000Z</time></trkpt>
      <trkpt lat="35.757919" lon="127.676908"><ele>944.7</ele><time>2016-01-23T03:55:40.000Z</time></trkpt>
      <trkpt lat="35.757961" lon="127.676927"><ele>945.6</ele><time>2016-01-23T03:55:47.000Z</time></trkpt>
      <trkpt lat="35.758003" lon="127.676947"><ele>946.6</ele><time>2016-01-23T03:55:47.000Z</time></trkpt>
      <trkpt lat="35.758043" lon="127.676971"><ele>947.8</ele><time>2016-01-23T03:56:09.000Z</time></trkpt>
      <trkpt lat="35.758083" lon="127.676997"><ele>949.0</ele><time>2016-01-23T03:56:09.000Z</time></trkpt>
      <trkpt lat="35.758121" lon="127.677026"><ele>950.4</ele><time>2016-01-23T03:56:19.000Z</time></trkpt>
      <trkpt lat="35.758158" lon="127.677057"><ele>951.7</ele><time>2016-01-23T03:56:19.000Z</time></trkpt>
      <trkpt lat="35.758194" lon="127.677092"><ele>953.3</ele><time>2016-01-23T03:56:34.000Z</time></trkpt>
      <trkpt lat="35.758231" lon="127.677122"><ele>954.8</ele><time>2016-01-23T03:56:34.000Z</time></trkpt>
      <trkpt lat="35.758272" lon="127.677144"><ele>956.5</ele><time>2016-01-23T03:56:50.000Z</time></trkpt>
      <trkpt lat="35.758313" lon="127.677165"><ele>958.2</ele><time>2016-01-23T03:56:50.000Z</time></trkpt>
      <trkpt lat="35.758355" lon="127.677185"><ele>959.8</ele><time>2016-01-23T03:57:14.000Z</time></trkpt>
      <trkpt lat="35.758398" lon="127.677204"><ele>961.5</ele><time>2016-01-23T03:57:14.000Z</time></trkpt>
      <trkpt lat="35.758441" lon="127.677219"><ele>963.0</ele><time>2016-01-23T03:57:28.000Z</time></trkpt>
      <trkpt lat="35.758484" lon="127.677234"><ele>964.5</ele><time>2016-01-23T03:57:28.000Z</time></trkpt>
      <trkpt lat="35.758526" lon="127.677255"><ele>966.1</ele><time>2016-01-23T03:57:46.000Z</time></trkpt>
      <trkpt lat="35.758567" lon="127.677276"><ele>967.7</ele><time>2016-01-23T03:57:46.000Z</time></trkpt>
      <trkpt lat="35.758608" lon="127.677299"><ele>969.3</ele><time>2016-01-23T03:57:46.000Z</time></trkpt>
      <trkpt lat="35.758649" lon="127.677322"><ele>971.0</ele><time>2016-01-23T03:57:55.000Z</time></trkpt>
      <trkpt lat="35.758687" lon="127.677353"><ele>972.4</ele><time>2016-01-23T03:57:55.000Z</time></trkpt>
      <trkpt lat="35.758724" lon="127.677383"><ele>973.9</ele><time>2016-01-23T03:58:10.000Z</time></trkpt>
      <trkpt lat="35.758760" lon="127.677418"><ele>975.3</ele><time>2016-01-23T03:58:10.000Z</time></trkpt>
      <trkpt lat="35.758794" lon="127.677452"><ele>976.8</ele><time>2016-01-23T03:58:32.000Z</time></trkpt>
      <trkpt lat="35.758824" lon="127.677493"><ele>978.3</ele><time>2016-01-23T03:58:32.000Z</time></trkpt>
      <trkpt lat="35.758852" lon="127.677537"><ele>979.7</ele><time>2016-01-23T03:58:48.000Z</time></trkpt>
      <trkpt lat="35.758875" lon="127.677584"><ele>981.0</ele><time>2016-01-23T03:58:48.000Z</time></trkpt>
      <trkpt lat="35.758895" lon="127.677634"><ele>982.3</ele><time>2016-01-23T03:59:09.000Z</time></trkpt>
      <trkpt lat="35.758908" lon="127.677686"><ele>983.2</ele><time>2016-01-23T03:59:09.000Z</time></trkpt>
      <trkpt lat="35.758917" lon="127.677741"><ele>984.0</ele><time>2016-01-23T03:59:20.000Z</time></trkpt>
      <trkpt lat="35.758924" lon="127.677795"><ele>984.8</ele><time>2016-01-23T03:59:20.000Z</time></trkpt>
      <trkpt lat="35.758931" lon="127.677850"><ele>985.5</ele><time>2016-01-23T03:59:27.000Z</time></trkpt>
      <trkpt lat="35.758936" lon="127.677905"><ele>986.3</ele><time>2016-01-23T03:59:27.000Z</time></trkpt>
      <trkpt lat="35.758940" lon="127.677960"><ele>987.0</ele><time>2016-01-23T03:59:39.000Z</time></trkpt>
      <trkpt lat="35.758937" lon="127.678016"><ele>987.9</ele><time>2016-01-23T04:00:00.000Z</time></trkpt>
      <trkpt lat="35.758934" lon="127.678071"><ele>988.8</ele><time>2016-01-23T04:00:00.000Z</time></trkpt>
      <trkpt lat="35.758931" lon="127.678126"><ele>989.9</ele><time>2016-01-23T04:00:08.000Z</time></trkpt>
      <trkpt lat="35.758927" lon="127.678182"><ele>991.1</ele><time>2016-01-23T04:00:08.000Z</time></trkpt>
      <trkpt lat="35.758923" lon="127.678237"><ele>992.2</ele><time>2016-01-23T04:00:18.000Z</time></trkpt>
      <trkpt lat="35.758930" lon="127.678292"><ele>993.2</ele><time>2016-01-23T04:00:27.000Z</time></trkpt>
      <trkpt lat="35.758937" lon="127.678346"><ele>994.2</ele><time>2016-01-23T04:00:27.000Z</time></trkpt>
      <trkpt lat="35.758952" lon="127.678398"><ele>995.3</ele><time>2016-01-23T04:00:50.000Z</time></trkpt>
      <trkpt lat="35.758972" lon="127.678446"><ele>996.3</ele><time>2016-01-23T04:00:50.000Z</time></trkpt>
      <trkpt lat="35.759004" lon="127.678486"><ele>997.2</ele><time>2016-01-23T04:01:04.000Z</time></trkpt>
      <trkpt lat="35.759036" lon="127.678525"><ele>998.1</ele><time>2016-01-23T04:01:04.000Z</time></trkpt>
      <trkpt lat="35.759069" lon="127.678562"><ele>998.9</ele><time>2016-01-23T04:02:02.000Z</time></trkpt>
      <trkpt lat="35.759103" lon="127.678598"><ele>999.7</ele><time>2016-01-23T04:02:02.000Z</time></trkpt>
      <trkpt lat="35.759138" lon="127.678633"><ele>1000.5</ele><time>2016-01-23T04:02:17.000Z</time></trkpt>
      <trkpt lat="35.759171" lon="127.678671"><ele>1001.4</ele><time>2016-01-23T04:02:17.000Z</time></trkpt>
      <trkpt lat="35.759200" lon="127.678713"><ele>1002.4</ele><time>2016-01-23T04:02:29.000Z</time></trkpt>
      <trkpt lat="35.759227" lon="127.678757"><ele>1003.6</ele><time>2016-01-23T04:02:29.000Z</time></trkpt>
      <trkpt lat="35.759253" lon="127.678802"><ele>1005.0</ele><time>2016-01-23T04:02:42.000Z</time></trkpt>
      <trkpt lat="35.759281" lon="127.678845"><ele>1006.4</ele><time>2016-01-23T04:02:42.000Z</time></trkpt>
      <trkpt lat="35.759310" lon="127.678888"><ele>1007.9</ele><time>2016-01-23T04:02:56.000Z</time></trkpt>
      <trkpt lat="35.759331" lon="127.678937"><ele>1009.4</ele><time>2016-01-23T04:02:56.000Z</time></trkpt>
      <trkpt lat="35.759353" lon="127.678986"><ele>1011.0</ele><time>2016-01-23T04:03:13.000Z</time></trkpt>
      <trkpt lat="35.759376" lon="127.679033"><ele>1012.6</ele><time>2016-01-23T04:03:13.000Z</time></trkpt>
      <trkpt lat="35.759400" lon="127.679080"><ele>1014.2</ele><time>2016-01-23T04:04:26.000Z</time></trkpt>
      <trkpt lat="35.759419" lon="127.679130"><ele>1015.8</ele><time>2016-01-23T04:04:26.000Z</time></trkpt>
      <trkpt lat="35.759437" lon="127.679181"><ele>1017.4</ele><time>2016-01-23T04:05:21.000Z</time></trkpt>
      <trkpt lat="35.759460" lon="127.679228"><ele>1019.3</ele><time>2016-01-23T04:05:21.000Z</time></trkpt>
      <trkpt lat="35.759488" lon="127.679272"><ele>1021.4</ele><time>2016-01-23T04:05:48.000Z</time></trkpt>
      <trkpt lat="35.759516" lon="127.679315"><ele>1023.7</ele><time>2016-01-23T04:05:48.000Z</time></trkpt>
      <trkpt lat="35.759544" lon="127.679358"><ele>1026.0</ele><time>2016-01-23T04:06:07.000Z</time></trkpt>
      <trkpt lat="35.759574" lon="127.679399"><ele>1028.4</ele><time>2016-01-23T04:06:07.000Z</time></trkpt>
      <trkpt lat="35.759606" lon="127.679438"><ele>1030.9</ele><time>2016-01-23T04:06:26.000Z</time></trkpt>
      <trkpt lat="35.759638" lon="127.679478"><ele>1033.3</ele><time>2016-01-23T04:06:26.000Z</time></trkpt>
      <trkpt lat="35.759669" lon="127.679517"><ele>1035.6</ele><time>2016-01-23T04:06:56.000Z</time></trkpt>
      <trkpt lat="35.759703" lon="127.679554"><ele>1038.2</ele><time>2016-01-23T04:06:56.000Z</time></trkpt>
      <trkpt lat="35.759737" lon="127.679590"><ele>1041.0</ele><time>2016-01-23T04:07:21.000Z</time></trkpt>
      <trkpt lat="35.759768" lon="127.679630"><ele>1043.7</ele><time>2016-01-23T04:07:21.000Z</time></trkpt>
      <trkpt lat="35.759798" lon="127.679671"><ele>1046.3</ele><time>2016-01-23T04:07:41.000Z</time></trkpt>
      <trkpt lat="35.759829" lon="127.679712"><ele>1048.7</ele><time>2016-01-23T04:07:54.000Z</time></trkpt>
      <trkpt lat="35.759860" lon="127.679752"><ele>1051.0</ele><time>2016-01-23T04:07:54.000Z</time></trkpt>
      <trkpt lat="35.759892" lon="127.679790"><ele>1053.1</ele><time>2016-01-23T04:08:08.000Z</time></trkpt>
      <trkpt lat="35.759926" lon="127.679826"><ele>1055.1</ele><time>2016-01-23T04:08:08.000Z</time></trkpt>
      <trkpt lat="35.759964" lon="127.679856"><ele>1056.9</ele><time>2016-01-23T04:08:39.000Z</time></trkpt>
      <trkpt lat="35.760002" lon="127.679886"><ele>1058.8</ele><time>2016-01-23T04:08:39.000Z</time></trkpt>
      <trkpt lat="35.760037" lon="127.679920"><ele>1060.6</ele><time>2016-01-23T04:08:57.000Z</time></trkpt>
      <trkpt lat="35.760073" lon="127.679954"><ele>1062.4</ele><time>2016-01-23T04:08:57.000Z</time></trkpt>
      <trkpt lat="35.760108" lon="127.679988"><ele>1064.2</ele><time>2016-01-23T04:09:28.000Z</time></trkpt>
      <trkpt lat="35.760143" lon="127.680023"><ele>1066.0</ele><time>2016-01-23T04:09:28.000Z</time></trkpt>
      <trkpt lat="35.760177" lon="127.680059"><ele>1067.7</ele><time>2016-01-23T04:09:39.000Z</time></trkpt>
      <trkpt lat="35.760213" lon="127.680093"><ele>1069.4</ele><time>2016-01-23T04:09:39.000Z</time></trkpt>
      <trkpt lat="35.760251" lon="127.680122"><ele>1070.9</ele><time>2016-01-23T04:10:10.000Z</time></trkpt>
      <trkpt lat="35.760289" lon="127.680151"><ele>1072.5</ele><time>2016-01-23T04:10:10.000Z</time></trkpt>
      <trkpt lat="35.760325" lon="127.680185"><ele>1074.0</ele><time>2016-01-23T04:11:04.000Z</time></trkpt>
      <trkpt lat="35.760360" lon="127.680219"><ele>1075.6</ele><time>2016-01-23T04:11:04.000Z</time></trkpt>
      <trkpt lat="35.760397" lon="127.680250"><ele>1077.4</ele><time>2016-01-23T04:11:20.000Z</time></trkpt>
      <trkpt lat="35.760433" lon="127.680283"><ele>1079.2</ele><time>2016-01-23T04:11:20.000Z</time></trkpt>
      <trkpt lat="35.760466" lon="127.680321"><ele>1081.1</ele><time>2016-01-23T04:11:32.000Z</time></trkpt>
      <trkpt lat="35.760497" lon="127.680361"><ele>1083.0</ele><time>2016-01-23T04:11:32.000Z</time></trkpt>
      <trkpt lat="35.760525" lon="127.680405"><ele>1085.1</ele><time>2016-01-23T04:12:06.000Z</time></trkpt>
      <trkpt lat="35.760553" lon="127.680449"><ele>1087.2</ele><time>2016-01-23T04:12:06.000Z</time></trkpt>
      <trkpt lat="35.760580" lon="127.680492"><ele>1089.4</ele><time>2016-01-23T04:12:19.000Z</time></trkpt>
      <trkpt lat="35.760608" lon="127.680536"><ele>1091.6</ele><time>2016-01-23T04:12:19.000Z</time></trkpt>
      <trkpt lat="35.760636" lon="127.680579"><ele>1093.7</ele><time>2016-01-23T04:12:41.000Z</time></trkpt>
      <trkpt lat="35.760668" lon="127.680618"><ele>1095.7</ele><time>2016-01-23T04:12:41.000Z</time></trkpt>
      <trkpt lat="35.760702" lon="127.680654"><ele>1097.6</ele><time>2016-01-23T04:13:11.000Z</time></trkpt>
      <trkpt lat="35.760734" lon="127.680693"><ele>1099.6</ele><time>2016-01-23T04:13:11.000Z</time></trkpt>
      <trkpt lat="35.760763" lon="127.680735"><ele>1101.5</ele><time>2016-01-23T04:13:39.000Z</time></trkpt>
      <trkpt lat="35.760792" lon="127.680777"><ele>1103.5</ele><time>2016-01-23T04:13:39.000Z</time></trkpt>
      <trkpt lat="35.760817" lon="127.680823"><ele>1105.7</ele><time>2016-01-23T04:13:49.000Z</time></trkpt>
      <trkpt lat="35.760843" lon="127.680869"><ele>1107.9</ele><time>2016-01-23T04:13:49.000Z</time></trkpt>
      <trkpt lat="35.760868" lon="127.680914"><ele>1110.3</ele><time>2016-01-23T04:13:49.000Z</time></trkpt>
      <trkpt lat="35.760894" lon="127.680960"><ele>1112.7</ele><time>2016-01-23T04:14:11.000Z</time></trkpt>
      <trkpt lat="35.760922" lon="127.681004"><ele>1115.5</ele><time>2016-01-23T04:14:11.000Z</time></trkpt>
      <trkpt lat="35.760950" lon="127.681047"><ele>1118.3</ele><time>2016-01-23T04:14:38.000Z</time></trkpt>
      <trkpt lat="35.760987" lon="127.681077"><ele>1121.3</ele><time>2016-01-23T04:14:49.000Z</time></trkpt>
      <trkpt lat="35.761025" lon="127.681108"><ele>1124.2</ele><time>2016-01-23T04:14:49.000Z</time></trkpt>
      <trkpt lat="35.761062" lon="127.681139"><ele>1126.5</ele><time>2016-01-23T04:15:06.000Z</time></trkpt>
      <trkpt lat="35.761099" lon="127.681170"><ele>1128.9</ele><time>2016-01-23T04:15:06.000Z</time></trkpt>
      <trkpt lat="35.761137" lon="127.681200"><ele>1131.1</ele><time>2016-01-23T04:15:06.000Z</time></trkpt>
      <trkpt lat="35.761175" lon="127.681230"><ele>1133.3</ele><time>2016-01-23T04:15:59.000Z</time></trkpt>
      <trkpt lat="35.761206" lon="127.681269"><ele>1135.4</ele><time>2016-01-23T04:15:59.000Z</time></trkpt>
      <trkpt lat="35.761235" lon="127.681311"><ele>1137.5</ele><time>2016-01-23T04:16:59.000Z</time></trkpt>
      <trkpt lat="35.761259" lon="127.681358"><ele>1139.7</ele><time>2016-01-23T04:16:59.000Z</time></trkpt>
      <trkpt lat="35.761272" lon="127.681411"><ele>1142.2</ele><time>2016-01-23T04:17:13.000Z</time></trkpt>
      <trkpt lat="35.761280" lon="127.681465"><ele>1144.5</ele><time>2016-01-23T04:17:13.000Z</time></trkpt>
      <trkpt lat="35.761284" lon="127.681520"><ele>1146.6</ele><time>2016-01-23T04:17:21.000Z</time></trkpt>
      <trkpt lat="35.761287" lon="127.681575"><ele>1148.8</ele><time>2016-01-23T04:17:21.000Z</time></trkpt>
      <trkpt lat="35.761288" lon="127.681631"><ele>1151.0</ele><time>2016-01-23T04:17:32.000Z</time></trkpt>
      <trkpt lat="35.761287" lon="127.681686"><ele>1153.1</ele><time>2016-01-23T04:17:32.000Z</time></trkpt>
      <trkpt lat="35.761284" lon="127.681741"><ele>1155.1</ele><time>2016-01-23T04:17:42.000Z</time></trkpt>
      <trkpt lat="35.761281" lon="127.681797"><ele>1157.2</ele><time>2016-01-23T04:17:42.000Z</time></trkpt>
      <trkpt lat="35.761276" lon="127.681852"><ele>1159.3</ele><time>2016-01-23T04:17:51.000Z</time></trkpt>
      <trkpt lat="35.761279" lon="127.681907"><ele>1161.3</ele><time>2016-01-23T04:17:51.000Z</time></trkpt>
      <trkpt lat="35.761286" lon="127.681962"><ele>1163.3</ele><time>2016-01-23T04:18:03.000Z</time></trkpt>
      <trkpt lat="35.761304" lon="127.682012"><ele>1165.3</ele><time>2016-01-23T04:18:03.000Z</time></trkpt>
      <trkpt lat="35.761326" lon="127.682060"><ele>1167.2</ele><time>2016-01-23T04:18:22.000Z</time></trkpt>
      <trkpt lat="35.761353" lon="127.682104"><ele>1168.9</ele><time>2016-01-23T04:18:44.000Z</time></trkpt>
      <trkpt lat="35.761381" lon="127.682148"><ele>1170.7</ele><time>2016-01-23T04:18:44.000Z</time></trkpt>
      <trkpt lat="35.761406" lon="127.682194"><ele>1172.5</ele><time>2016-01-23T04:19:07.000Z</time></trkpt>
      <trkpt lat="35.761429" lon="127.682241"><ele>1174.1</ele><time>2016-01-23T04:19:07.000Z</time></trkpt>
      <trkpt lat="35.761447" lon="127.682292"><ele>1175.6</ele><time>2016-01-23T04:19:25.000Z</time></trkpt>
      <trkpt lat="35.761465" lon="127.682343"><ele>1177.1</ele><time>2016-01-23T04:19:25.000Z</time></trkpt>
      <trkpt lat="35.761484" lon="127.682393"><ele>1178.6</ele><time>2016-01-23T04:19:44.000Z</time></trkpt>
      <trkpt lat="35.761504" lon="127.682443"><ele>1180.0</ele><time>2016-01-23T04:19:44.000Z</time></trkpt>
      <trkpt lat="35.761526" lon="127.682491"><ele>1181.4</ele><time>2016-01-23T04:20:11.000Z</time></trkpt>
      <trkpt lat="35.761548" lon="127.682539"><ele>1182.8</ele><time>2016-01-23T04:20:11.000Z</time></trkpt>
      <trkpt lat="35.761570" lon="127.682588"><ele>1184.1</ele><time>2016-01-23T04:20:34.000Z</time></trkpt>
      <trkpt lat="35.761591" lon="127.682637"><ele>1185.4</ele><time>2016-01-23T04:20:34.000Z</time></trkpt>
      <trkpt lat="35.761611" lon="127.682686"><ele>1186.7</ele><time>2016-01-23T04:20:55.000Z</time></trkpt>
      <trkpt lat="35.761631" lon="127.682736"><ele>1188.1</ele><time>2016-01-23T04:20:55.000Z</time></trkpt>
      <trkpt lat="35.761651" lon="127.682785"><ele>1189.7</ele><time>2016-01-23T04:21:23.000Z</time></trkpt>
      <trkpt lat="35.761678" lon="127.682828"><ele>1191.2</ele><time>2016-01-23T04:21:23.000Z</time></trkpt>
      <trkpt lat="35.761713" lon="127.682863"><ele>1192.7</ele><time>2016-01-23T04:22:02.000Z</time></trkpt>
      <trkpt lat="35.761747" lon="127.682900"><ele>1194.3</ele><time>2016-01-23T04:22:02.000Z</time></trkpt>
      <trkpt lat="35.761781" lon="127.682936"><ele>1195.8</ele><time>2016-01-23T04:22:20.000Z</time></trkpt>
      <trkpt lat="35.761818" lon="127.682966"><ele>1197.4</ele><time>2016-01-23T04:22:20.000Z</time></trkpt>
      <trkpt lat="35.761858" lon="127.682992"><ele>1199.1</ele><time>2016-01-23T04:22:52.000Z</time></trkpt>
      <trkpt lat="35.761894" lon="127.683025"><ele>1200.7</ele><time>2016-01-23T04:22:52.000Z</time></trkpt>
      <trkpt lat="35.761927" lon="127.683062"><ele>1202.3</ele><time>2016-01-23T04:23:15.000Z</time></trkpt>
      <trkpt lat="35.761961" lon="127.683099"><ele>1203.9</ele><time>2016-01-23T04:23:15.000Z</time></trkpt>
      <trkpt lat="35.761994" lon="127.683136"><ele>1205.5</ele><time>2016-01-23T04:23:40.000Z</time></trkpt>
      <trkpt lat="35.762023" lon="127.683179"><ele>1207.4</ele><time>2016-01-23T04:23:40.000Z</time></trkpt>
      <trkpt lat="35.762050" lon="127.683222"><ele>1209.2</ele><time>2016-01-23T04:24:01.000Z</time></trkpt>
      <trkpt lat="35.762077" lon="127.683267"><ele>1211.0</ele><time>2016-01-23T04:24:20.000Z</time></trkpt>
      <trkpt lat="35.762104" lon="127.683311"><ele>1212.7</ele><time>2016-01-23T04:24:20.000Z</time></trkpt>
      <trkpt lat="35.762135" lon="127.683351"><ele>1214.4</ele><time>2016-01-23T04:24:51.000Z</time></trkpt>
      <trkpt lat="35.762167" lon="127.683390"><ele>1216.0</ele><time>2016-01-23T04:24:51.000Z</time></trkpt>
      <trkpt lat="35.762199" lon="127.683429"><ele>1217.5</ele><time>2016-01-23T04:26:01.000Z</time></trkpt>
      <trkpt lat="35.762235" lon="127.683461"><ele>1218.8</ele><time>2016-01-23T04:26:01.000Z</time></trkpt>
      <trkpt lat="35.762275" lon="127.683487"><ele>1220.2</ele><time>2016-01-23T04:26:22.000Z</time></trkpt>
      <trkpt lat="35.762317" lon="127.683506"><ele>1221.4</ele><time>2016-01-23T04:26:22.000Z</time></trkpt>
      <trkpt lat="35.762360" lon="127.683522"><ele>1222.5</ele><time>2016-01-23T04:26:42.000Z</time></trkpt>
      <trkpt lat="35.762404" lon="127.683527"><ele>1223.5</ele><time>2016-01-23T04:26:42.000Z</time></trkpt>
      <trkpt lat="35.762449" lon="127.683528"><ele>1224.5</ele><time>2016-01-23T04:26:59.000Z</time></trkpt>
      <trkpt lat="35.762494" lon="127.683534"><ele>1225.5</ele><time>2016-01-23T04:26:59.000Z</time></trkpt>
      <trkpt lat="35.762539" lon="127.683542"><ele>1226.5</ele><time>2016-01-23T04:27:16.000Z</time></trkpt>
      <trkpt lat="35.762581" lon="127.683558"><ele>1227.6</ele><time>2016-01-23T04:27:16.000Z</time></trkpt>
      <trkpt lat="35.762624" lon="127.683577"><ele>1228.7</ele><time>2016-01-23T04:27:55.000Z</time></trkpt>
      <trkpt lat="35.762662" lon="127.683605"><ele>1229.9</ele><time>2016-01-23T04:27:55.000Z</time></trkpt>
      <trkpt lat="35.762701" lon="127.683633"><ele>1231.1</ele><time>2016-01-23T04:28:22.000Z</time></trkpt>
      <trkpt lat="35.762742" lon="127.683656"><ele>1232.6</ele><time>2016-01-23T04:28:50.000Z</time></trkpt>
      <trkpt lat="35.762784" lon="127.683675"><ele>1234.0</ele><time>2016-01-23T04:28:50.000Z</time></trkpt>
      <trkpt lat="35.762827" lon="127.683689"><ele>1235.6</ele><time>2016-01-23T04:29:25.000Z</time></trkpt>
      <trkpt lat="35.762871" lon="127.683700"><ele>1237.2</ele><time>2016-01-23T04:29:25.000Z</time></trkpt>
      <trkpt lat="35.762916" lon="127.683711"><ele>1238.7</ele><time>2016-01-23T04:30:09.000Z</time></trkpt>
      <trkpt lat="35.762960" lon="127.683720"><ele>1239.9</ele><time>2016-01-23T04:30:09.000Z</time></trkpt>
      <trkpt lat="35.763004" lon="127.683728"><ele>1241.1</ele><time>2016-01-23T04:30:35.000Z</time></trkpt>
      <trkpt lat="35.763048" lon="127.683744"><ele>1249.2</ele><time>2016-01-23T04:30:35.000Z</time></trkpt>
      <trkpt lat="35.763091" lon="127.683760"><ele>1257.7</ele><time>2016-01-23T04:30:59.000Z</time></trkpt>
      <trkpt lat="35.763134" lon="127.683774"><ele>1269.2</ele><time>2016-01-23T04:30:59.000Z</time></trkpt>
      <trkpt lat="35.763177" lon="127.683788"><ele>1280.3</ele><time>2016-01-23T04:32:10.000Z</time></trkpt>
      <trkpt lat="35.763220" lon="127.683799"><ele>1285.3</ele><time>2016-01-23T04:35:36.000Z</time></trkpt>
      <trkpt lat="35.763247" lon="127.683755"><ele>1286.5</ele><time>2016-01-23T04:35:36.000Z</time></trkpt>
      <trkpt lat="35.763274" lon="127.683711"><ele>1287.7</ele><time>2016-01-23T04:35:36.000Z</time></trkpt>
      <trkpt lat="35.763301" lon="127.683666"><ele>1288.9</ele><time>2016-01-23T04:38:28.000Z</time></trkpt>
      <trkpt lat="35.763328" lon="127.683622"><ele>1290.1</ele><time>2016-01-23T04:38:28.000Z</time></trkpt>
      <trkpt lat="35.763355" lon="127.683578"><ele>1291.4</ele><time>2016-01-23T04:38:28.000Z</time></trkpt>
      <trkpt lat="35.763383" lon="127.683535"><ele>1293.4</ele><time>2016-01-23T04:38:28.000Z</time></trkpt>
      <trkpt lat="35.763415" lon="127.683495"><ele>1298.3</ele><time>2016-01-23T04:39:08.000Z</time></trkpt>
      <trkpt lat="35.763446" lon="127.683455"><ele>1301.0</ele><time>2016-01-23T04:39:08.000Z</time></trkpt>
      <trkpt lat="35.763476" lon="127.683414"><ele>1298.4</ele><time>2016-01-23T04:39:39.000Z</time></trkpt>
      <trkpt lat="35.763506" lon="127.683372"><ele>1295.8</ele><time>2016-01-23T04:39:39.000Z</time></trkpt>
      <trkpt lat="35.763536" lon="127.683331"><ele>1293.2</ele><time>2016-01-23T04:40:06.000Z</time></trkpt>
      <trkpt lat="35.763566" lon="127.683290"><ele>1291.4</ele><time>2016-01-23T04:40:06.000Z</time></trkpt>
      <trkpt lat="35.763598" lon="127.683251"><ele>1296.1</ele><time>2016-01-23T04:40:54.000Z</time></trkpt>
      <trkpt lat="35.763629" lon="127.683212"><ele>1300.8</ele><time>2016-01-23T04:40:54.000Z</time></trkpt>
      <trkpt lat="35.763663" lon="127.683174"><ele>1305.8</ele><time>2016-01-23T04:40:54.000Z</time></trkpt>
      <trkpt lat="35.763696" lon="127.683137"><ele>1310.9</ele><time>2016-01-23T04:41:23.000Z</time></trkpt>
      <trkpt lat="35.763731" lon="127.683103"><ele>1316.1</ele><time>2016-01-23T04:41:49.000Z</time></trkpt>
      <trkpt lat="35.763767" lon="127.683070"><ele>1321.3</ele><time>2016-01-23T04:41:49.000Z</time></trkpt>
      <trkpt lat="35.763806" lon="127.683042"><ele>1325.9</ele><time>2016-01-23T04:42:04.000Z</time></trkpt>
      <trkpt lat="35.763846" lon="127.683016"><ele>1330.5</ele><time>2016-01-23T04:42:04.000Z</time></trkpt>
      <trkpt lat="35.763887" lon="127.682994"><ele>1334.9</ele><time>2016-01-23T04:42:23.000Z</time></trkpt>
      <trkpt lat="35.763929" lon="127.682976"><ele>1339.0</ele><time>2016-01-23T04:42:23.000Z</time></trkpt>
      <trkpt lat="35.763973" lon="127.682963"><ele>1342.6</ele><time>2016-01-23T04:42:38.000Z</time></trkpt>
      <trkpt lat="35.764017" lon="127.682951"><ele>1345.8</ele><time>2016-01-23T04:42:38.000Z</time></trkpt>
      <trkpt lat="35.764061" lon="127.682939"><ele>1348.6</ele><time>2016-01-23T04:43:08.000Z</time></trkpt>
      <trkpt lat="35.764103" lon="127.682920"><ele>1351.1</ele><time>2016-01-23T04:43:08.000Z</time></trkpt>
      <trkpt lat="35.764144" lon="127.682898"><ele>1353.4</ele><time>2016-01-23T04:43:27.000Z</time></trkpt>
      <trkpt lat="35.764179" lon="127.682863"><ele>1355.3</ele><time>2016-01-23T04:43:27.000Z</time></trkpt>
      <trkpt lat="35.764210" lon="127.682824"><ele>1357.0</ele><time>2016-01-23T04:43:48.000Z</time></trkpt>
      <trkpt lat="35.764241" lon="127.682783"><ele>1358.6</ele><time>2016-01-23T04:43:48.000Z</time></trkpt>
      <trkpt lat="35.764271" lon="127.682742"><ele>1360.2</ele><time>2016-01-23T04:44:02.000Z</time></trkpt>
      <trkpt lat="35.764302" lon="127.682702"><ele>1361.6</ele><time>2016-01-23T04:44:02.000Z</time></trkpt>
      <trkpt lat="35.764334" lon="127.682663"><ele>1362.8</ele><time>2016-01-23T04:44:10.000Z</time></trkpt>
      <trkpt lat="35.764365" lon="127.682623"><ele>1364.0</ele><time>2016-01-23T04:44:10.000Z</time></trkpt>
      <trkpt lat="35.764397" lon="127.682583"><ele>1365.3</ele><time>2016-01-23T04:44:10.000Z</time></trkpt>
      <trkpt lat="35.764428" lon="127.682544"><ele>1366.6</ele><time>2016-01-23T04:46:00.000Z</time></trkpt>
      <trkpt lat="35.764458" lon="127.682503"><ele>1367.9</ele><time>2016-01-23T04:46:00.000Z</time></trkpt>
      <trkpt lat="35.764488" lon="127.682462"><ele>1369.2</ele><time>2016-01-23T04:46:20.000Z</time></trkpt>
      <trkpt lat="35.764520" lon="127.682422"><ele>1370.8</ele><time>2016-01-23T04:46:20.000Z</time></trkpt>
      <trkpt lat="35.764552" lon="127.682383"><ele>1372.5</ele><time>2016-01-23T04:46:40.000Z</time></trkpt>
      <trkpt lat="35.764585" lon="127.682345"><ele>1374.4</ele><time>2016-01-23T04:48:32.000Z</time></trkpt>
      <trkpt lat="35.764619" lon="127.682310"><ele>1376.4</ele><time>2016-01-23T04:48:32.000Z</time></trkpt>
      <trkpt lat="35.764658" lon="127.682282"><ele>1378.6</ele><time>2016-01-23T04:48:58.000Z</time></trkpt>
      <trkpt lat="35.764694" lon="127.682249"><ele>1381.0</ele><time>2016-01-23T04:48:58.000Z</time></trkpt>
      <trkpt lat="35.764728" lon="127.682213"><ele>1383.6</ele><time>2016-01-23T04:49:23.000Z</time></trkpt>
      <trkpt lat="35.764756" lon="127.682170"><ele>1386.2</ele><time>2016-01-23T04:50:30.000Z</time></trkpt>
      <trkpt lat="35.764785" lon="127.682127"><ele>1388.7</ele><time>2016-01-23T04:50:30.000Z</time></trkpt>
      <trkpt lat="35.764811" lon="127.682082"><ele>1391.1</ele><time>2016-01-23T04:50:30.000Z</time></trkpt>
      <trkpt lat="35.764837" lon="127.682037"><ele>1393.4</ele><time>2016-01-23T04:51:44.000Z</time></trkpt>
      <trkpt lat="35.764861" lon="127.681990"><ele>1395.6</ele><time>2016-01-23T04:51:44.000Z</time></trkpt>
      <trkpt lat="35.764884" lon="127.681942"><ele>1397.7</ele><time>2016-01-23T04:54:13.000Z</time></trkpt>
      <trkpt lat="35.764909" lon="127.681896"><ele>1399.9</ele><time>2016-01-23T04:54:13.000Z</time></trkpt>
      <trkpt lat="35.764937" lon="127.681853"><ele>1402.1</ele><time>2016-01-23T04:54:30.000Z</time></trkpt>
      <trkpt lat="35.764965" lon="127.681810"><ele>1404.4</ele><time>2016-01-23T04:54:30.000Z</time></trkpt>
      <trkpt lat="35.764984" lon="127.681760"><ele>1407.3</ele><time>2016-01-23T04:54:51.000Z</time></trkpt>
      <trkpt lat="35.765004" lon="127.681710"><ele>1410.2</ele><time>2016-01-23T04:54:51.000Z</time></trkpt>
      <trkpt lat="35.765030" lon="127.681665"><ele>1413.7</ele><time>2016-01-23T04:54:59.000Z</time></trkpt>
      <trkpt lat="35.765056" lon="127.681620"><ele>1417.1</ele><time>2016-01-23T04:54:59.000Z</time></trkpt>
      <trkpt lat="35.765081" lon="127.681574"><ele>1420.1</ele><time>2016-01-23T04:55:09.000Z</time></trkpt>
      <trkpt lat="35.765116" lon="127.681543"><ele>1423.5</ele><time>2016-01-23T04:55:09.000Z</time></trkpt>
      <trkpt lat="35.765158" lon="127.681524"><ele>1427.3</ele><time>2016-01-23T04:55:45.000Z</time></trkpt>
      <trkpt lat="35.765203" lon="127.681533"><ele>1431.2</ele><time>2016-01-23T04:56:31.000Z</time></trkpt>
      <trkpt lat="35.765245" lon="127.681551"><ele>1434.6</ele><time>2016-01-23T04:56:31.000Z</time></trkpt>
      <trkpt lat="35.765284" lon="127.681577"><ele>1437.6</ele><time>2016-01-23T04:57:04.000Z</time></trkpt>
      <trkpt lat="35.765327" lon="127.681592"><ele>1440.0</ele><time>2016-01-23T04:57:04.000Z</time></trkpt>
      <trkpt lat="35.765371" lon="127.681603"><ele>1442.1</ele><time>2016-01-23T04:57:40.000Z</time></trkpt>
      <trkpt lat="35.765416" lon="127.681601"><ele>1444.3</ele><time>2016-01-23T04:58:48.000Z</time></trkpt>
      <trkpt lat="35.765461" lon="127.681598"><ele>1446.3</ele><time>2016-01-23T04:58:48.000Z</time></trkpt>
      <trkpt lat="35.765506" lon="127.681595"><ele>1448.2</ele><time>2016-01-23T04:59:06.000Z</time></trkpt>
      <trkpt lat="35.765550" lon="127.681586"><ele>1449.9</ele><time>2016-01-23T04:59:06.000Z</time></trkpt>
      <trkpt lat="35.765593" lon="127.681569"><ele>1451.6</ele><time>2016-01-23T04:59:54.000Z</time></trkpt>
      <trkpt lat="35.765636" lon="127.681556"><ele>1453.1</ele><time>2016-01-23T04:59:54.000Z</time></trkpt>
      <trkpt lat="35.765680" lon="127.681544"><ele>1454.7</ele><time>2016-01-23T05:00:25.000Z</time></trkpt>
      <trkpt lat="35.765723" lon="127.681528"><ele>1456.1</ele><time>2016-01-23T05:00:41.000Z</time></trkpt>
      <trkpt lat="35.765766" lon="127.681513"><ele>1457.5</ele><time>2016-01-23T05:00:41.000Z</time></trkpt>
      <trkpt lat="35.765811" lon="127.681504"><ele>1458.7</ele><time>2016-01-23T05:01:04.000Z</time></trkpt>
      <trkpt lat="35.765855" lon="127.681496"><ele>1460.0</ele><time>2016-01-23T05:01:04.000Z</time></trkpt>
      <trkpt lat="35.765897" lon="127.681477"><ele>1461.0</ele><time>2016-01-23T05:01:04.000Z</time></trkpt>
      <trkpt lat="35.765940" lon="127.681457"><ele>1462.1</ele><time>2016-01-23T05:01:17.000Z</time></trkpt>
      <trkpt lat="35.765978" lon="127.681430"><ele>1463.0</ele><time>2016-01-23T05:01:17.000Z</time></trkpt>
      <trkpt lat="35.766017" lon="127.681401"><ele>1463.9</ele><time>2016-01-23T05:02:04.000Z</time></trkpt>
      <trkpt lat="35.766053" lon="127.681368"><ele>1464.7</ele><time>2016-01-23T05:02:04.000Z</time></trkpt>
      <trkpt lat="35.766088" lon="127.681334"><ele>1465.4</ele><time>2016-01-23T05:02:17.000Z</time></trkpt>
      <trkpt lat="35.766123" lon="127.681299"><ele>1466.1</ele><time>2016-01-23T05:02:17.000Z</time></trkpt>
      <trkpt lat="35.766156" lon="127.681261"><ele>1466.8</ele><time>2016-01-23T05:02:17.000Z</time></trkpt>
      <trkpt lat="35.766189" lon="127.681223"><ele>1467.4</ele><time>2016-01-23T05:02:42.000Z</time></trkpt>
      <trkpt lat="35.766221" lon="127.681185"><ele>1468.1</ele><time>2016-01-23T05:02:42.000Z</time></trkpt>
      <trkpt lat="35.766254" lon="127.681147"><ele>1468.7</ele><time>2016-01-23T05:03:21.000Z</time></trkpt>
      <trkpt lat="35.766287" lon="127.681110"><ele>1469.3</ele><time>2016-01-23T05:03:21.000Z</time></trkpt>
      <trkpt lat="35.766322" lon="127.681074"><ele>1469.9</ele><time>2016-01-23T05:03:21.000Z</time></trkpt>
      <trkpt lat="35.766356" lon="127.681038"><ele>1470.6</ele><time>2016-01-23T05:03:46.000Z</time></trkpt>
      <trkpt lat="35.766392" lon="127.681005"><ele>1471.3</ele><time>2016-01-23T05:03:46.000Z</time></trkpt>
      <trkpt lat="35.766429" lon="127.680974"><ele>1472.0</ele><time>2016-01-23T05:03:52.000Z</time></trkpt>
      <trkpt lat="35.766467" lon="127.680944"><ele>1472.7</ele><time>2016-01-23T05:03:52.000Z</time></trkpt>
      <trkpt lat="35.766506" lon="127.680916"><ele>1473.4</ele><time>2016-01-23T05:04:15.000Z</time></trkpt>
      <trkpt lat="35.766545" lon="127.680887"><ele>1474.1</ele><time>2016-01-23T05:04:15.000Z</time></trkpt>
      <trkpt lat="35.766582" lon="127.680857"><ele>1474.8</ele><time>2016-01-23T05:06:00.000Z</time></trkpt>
      <trkpt lat="35.766616" lon="127.680821"><ele>1475.5</ele><time>2016-01-23T05:06:00.000Z</time></trkpt>
      <trkpt lat="35.766645" lon="127.680779"><ele>1476.3</ele><time>2016-01-23T05:06:19.000Z</time></trkpt>
      <trkpt lat="35.766668" lon="127.680732"><ele>1477.0</ele><time>2016-01-23T05:06:19.000Z</time></trkpt>
      <trkpt lat="35.766687" lon="127.680682"><ele>1477.7</ele><time>2016-01-23T05:06:36.000Z</time></trkpt>
      <trkpt lat="35.766702" lon="127.680630"><ele>1478.4</ele><time>2016-01-23T05:06:36.000Z</time></trkpt>
      <trkpt lat="35.766716" lon="127.680577"><ele>1479.1</ele><time>2016-01-23T05:07:02.000Z</time></trkpt>
      <trkpt lat="35.766733" lon="127.680526"><ele>1479.8</ele><time>2016-01-23T05:07:02.000Z</time></trkpt>
      <trkpt lat="35.766751" lon="127.680475"><ele>1480.6</ele><time>2016-01-23T05:07:19.000Z</time></trkpt>
      <trkpt lat="35.766769" lon="127.680424"><ele>1481.3</ele><time>2016-01-23T05:07:19.000Z</time></trkpt>
      <trkpt lat="35.766785" lon="127.680372"><ele>1482.1</ele><time>2016-01-23T05:07:30.000Z</time></trkpt>
      <trkpt lat="35.766798" lon="127.680319"><ele>1482.8</ele><time>2016-01-23T05:07:30.000Z</time></trkpt>
      <trkpt lat="35.766809" lon="127.680266"><ele>1483.6</ele><time>2016-01-23T05:07:46.000Z</time></trkpt>
      <trkpt lat="35.766818" lon="127.680212"><ele>1484.3</ele><time>2016-01-23T05:07:46.000Z</time></trkpt>
      <trkpt lat="35.766825" lon="127.680157"><ele>1485.1</ele><time>2016-01-23T05:08:13.000Z</time></trkpt>
      <trkpt lat="35.766831" lon="127.680102"><ele>1485.9</ele><time>2016-01-23T05:08:13.000Z</time></trkpt>
      <trkpt lat="35.766837" lon="127.680047"><ele>1486.7</ele><time>2016-01-23T05:08:13.000Z</time></trkpt>
      <trkpt lat="35.766843" lon="127.679992"><ele>1487.5</ele><time>2016-01-23T05:08:22.000Z</time></trkpt>
      <trkpt lat="35.766856" lon="127.679939"><ele>1488.4</ele><time>2016-01-23T05:08:22.000Z</time></trkpt>
      <trkpt lat="35.766871" lon="127.679887"><ele>1489.3</ele><time>2016-01-23T05:08:37.000Z</time></trkpt>
      <trkpt lat="35.766894" lon="127.679839"><ele>1490.2</ele><time>2016-01-23T05:08:37.000Z</time></trkpt>
      <trkpt lat="35.766919" lon="127.679793"><ele>1491.1</ele><time>2016-01-23T05:09:09.000Z</time></trkpt>
      <trkpt lat="35.766951" lon="127.679756"><ele>1491.9</ele><time>2016-01-23T05:09:09.000Z</time></trkpt>
      <trkpt lat="35.766987" lon="127.679723"><ele>1492.6</ele><time>2016-01-23T05:09:28.000Z</time></trkpt>
      <trkpt lat="35.767025" lon="127.679693"><ele>1493.3</ele><time>2016-01-23T05:09:28.000Z</time></trkpt>
      <trkpt lat="35.767065" lon="127.679668"><ele>1493.9</ele><time>2016-01-23T05:10:07.000Z</time></trkpt>
      <trkpt lat="35.767105" lon="127.679643"><ele>1494.4</ele><time>2016-01-23T05:10:07.000Z</time></trkpt>
      <trkpt lat="35.767145" lon="127.679616"><ele>1495.0</ele><time>2016-01-23T05:10:07.000Z</time></trkpt>
      <trkpt lat="35.767184" lon="127.679589"><ele>1495.5</ele><time>2016-01-23T05:10:46.000Z</time></trkpt>
      <trkpt lat="35.767224" lon="127.679564"><ele>1496.0</ele><time>2016-01-23T05:10:46.000Z</time></trkpt>
      <trkpt lat="35.767264" lon="127.679539"><ele>1496.6</ele><time>2016-01-23T05:11:14.000Z</time></trkpt>
      <trkpt lat="35.767305" lon="127.679518"><ele>1497.1</ele><time>2016-01-23T05:11:14.000Z</time></trkpt>
      <trkpt lat="35.767347" lon="127.679498"><ele>1497.7</ele><time>2016-01-23T05:11:41.000Z</time></trkpt>
      <trkpt lat="35.767392" lon="127.679498"><ele>1498.3</ele><time>2016-01-23T05:12:08.000Z</time></trkpt>
      <trkpt lat="35.767437" lon="127.679497"><ele>1499.0</ele><time>2016-01-23T05:12:08.000Z</time></trkpt>
      <trkpt lat="35.767480" lon="127.679483"><ele>1500.1</ele><time>2016-01-23T05:13:20.000Z</time></trkpt>
      <trkpt lat="35.767520" lon="127.679458"><ele>1501.5</ele><time>2016-01-23T05:15:49.000Z</time></trkpt>
      <trkpt lat="35.767557" lon="127.679426"><ele>1502.9</ele><time>2016-01-23T05:15:49.000Z</time></trkpt>
      <trkpt lat="35.767589" lon="127.679387"><ele>1504.1</ele><time>2016-01-23T05:16:32.000Z</time></trkpt>
      <trkpt lat="35.767623" lon="127.679353"><ele>1505.4</ele><time>2016-01-23T05:16:32.000Z</time></trkpt>
      <trkpt lat="35.767663" lon="127.679328"><ele>1506.7</ele><time>2016-01-23T05:16:42.000Z</time></trkpt>
      <trkpt lat="35.767704" lon="127.679305"><ele>1508.0</ele><time>2016-01-23T05:16:42.000Z</time></trkpt>
      <trkpt lat="35.767747" lon="127.679287"><ele>1509.1</ele><time>2016-01-23T05:16:51.000Z</time></trkpt>
      <trkpt lat="35.767789" lon="127.679267"><ele>1510.2</ele><time>2016-01-23T05:16:51.000Z</time></trkpt>
      <trkpt lat="35.767831" lon="127.679247"><ele>1511.2</ele><time>2016-01-23T05:16:59.000Z</time></trkpt>
      <trkpt lat="35.767873" lon="127.679228"><ele>1512.1</ele><time>2016-01-23T05:16:59.000Z</time></trkpt>
      <trkpt lat="35.767916" lon="127.679213"><ele>1512.9</ele><time>2016-01-23T05:17:09.000Z</time></trkpt>
      <trkpt lat="35.767960" lon="127.679201"><ele>1513.5</ele><time>2016-01-23T05:17:09.000Z</time></trkpt>
      <trkpt lat="35.768004" lon="127.679193"><ele>1514.1</ele><time>2016-01-23T05:17:26.000Z</time></trkpt>
      <trkpt lat="35.768049" lon="127.679189"><ele>1514.5</ele><time>2016-01-23T05:17:26.000Z</time></trkpt>
      <trkpt lat="35.768094" lon="127.679186"><ele>1514.9</ele><time>2016-01-23T05:17:47.000Z</time></trkpt>
      <trkpt lat="35.768138" lon="127.679173"><ele>1515.4</ele><time>2016-01-23T05:17:47.000Z</time></trkpt>
      <trkpt lat="35.768181" lon="127.679158"><ele>1515.8</ele><time>2016-01-23T05:17:56.000Z</time></trkpt>
      <trkpt lat="35.768224" lon="127.679142"><ele>1516.1</ele><time>2016-01-23T05:17:56.000Z</time></trkpt>
      <trkpt lat="35.768267" lon="127.679127"><ele>1516.3</ele><time>2016-01-23T05:18:04.000Z</time></trkpt>
      <trkpt lat="35.768312" lon="127.679121"><ele>1516.4</ele><time>2016-01-23T05:18:04.000Z</time></trkpt>
      <trkpt lat="35.768357" lon="127.679116"><ele>1516.5</ele><time>2016-01-23T05:18:13.000Z</time></trkpt>
      <trkpt lat="35.768400" lon="127.679129"><ele>1516.4</ele><time>2016-01-23T05:18:26.000Z</time></trkpt>
      <trkpt lat="35.768444" lon="127.679143"><ele>1516.4</ele><time>2016-01-23T05:18:26.000Z</time></trkpt>
      <trkpt lat="35.768486" lon="127.679163"><ele>1516.3</ele><time>2016-01-23T05:18:36.000Z</time></trkpt>
      <trkpt lat="35.768526" lon="127.679188"><ele>1516.2</ele><time>2016-01-23T05:18:36.000Z</time></trkpt>
      <trkpt lat="35.768562" lon="127.679221"><ele>1516.1</ele><time>2016-01-23T05:18:51.000Z</time></trkpt>
      <trkpt lat="35.768600" lon="127.679250"><ele>1515.9</ele><time>2016-01-23T05:18:51.000Z</time></trkpt>
      <trkpt lat="35.768639" lon="127.679276"><ele>1515.6</ele><time>2016-01-23T05:18:58.000Z</time></trkpt>
      <trkpt lat="35.768677" lon="127.679306"><ele>1515.3</ele><time>2016-01-23T05:19:04.000Z</time></trkpt>
      <trkpt lat="35.768716" lon="127.679333"><ele>1515.0</ele><time>2016-01-23T05:19:04.000Z</time></trkpt>
      <trkpt lat="35.768758" lon="127.679353"><ele>1514.4</ele><time>2016-01-23T05:19:11.000Z</time></trkpt>
      <trkpt lat="35.768799" lon="127.679375"><ele>1513.7</ele><time>2016-01-23T05:19:11.000Z</time></trkpt>
      <trkpt lat="35.768840" lon="127.679400"><ele>1512.8</ele><time>2016-01-23T05:19:22.000Z</time></trkpt>
      <trkpt lat="35.768879" lon="127.679426"><ele>1511.7</ele><time>2016-01-23T05:19:22.000Z</time></trkpt>
      <trkpt lat="35.768918" lon="127.679454"><ele>1510.4</ele><time>2016-01-23T05:19:35.000Z</time></trkpt>
      <trkpt lat="35.768958" lon="127.679479"><ele>1509.0</ele><time>2016-01-23T05:19:35.000Z</time></trkpt>
      <trkpt lat="35.768999" lon="127.679502"><ele>1507.6</ele><time>2016-01-23T05:19:56.000Z</time></trkpt>
      <trkpt lat="35.769042" lon="127.679519"><ele>1506.0</ele><time>2016-01-23T05:19:56.000Z</time></trkpt>
      <trkpt lat="35.769085" lon="127.679534"><ele>1504.3</ele><time>2016-01-23T05:20:16.000Z</time></trkpt>
      <trkpt lat="35.769130" lon="127.679530"><ele>1502.7</ele><time>2016-01-23T05:20:30.000Z</time></trkpt>
      <trkpt lat="35.769175" lon="127.679525"><ele>1501.0</ele><time>2016-01-23T05:20:30.000Z</time></trkpt>
      <trkpt lat="35.769217" lon="127.679509"><ele>1499.4</ele><time>2016-01-23T05:20:42.000Z</time></trkpt>
      <trkpt lat="35.769260" lon="127.679492"><ele>1497.7</ele><time>2016-01-23T05:20:42.000Z</time></trkpt>
      <trkpt lat="35.769303" lon="127.679475"><ele>1496.0</ele><time>2016-01-23T05:21:01.000Z</time></trkpt>
      <trkpt lat="35.769346" lon="127.679458"><ele>1494.3</ele><time>2016-01-23T05:21:01.000Z</time></trkpt>
      <trkpt lat="35.769389" lon="127.679442"><ele>1492.5</ele><time>2016-01-23T05:21:11.000Z</time></trkpt>
      <trkpt lat="35.769432" lon="127.679426"><ele>1490.7</ele><time>2016-01-23T05:21:11.000Z</time></trkpt>
      <trkpt lat="35.769475" lon="127.679409"><ele>1488.9</ele><time>2016-01-23T05:21:17.000Z</time></trkpt>
      <trkpt lat="35.769517" lon="127.679389"><ele>1487.0</ele><time>2016-01-23T05:21:17.000Z</time></trkpt>
      <trkpt lat="35.769558" lon="127.679368"><ele>1485.0</ele><time>2016-01-23T05:21:31.000Z</time></trkpt>
      <trkpt lat="35.769601" lon="127.679350"><ele>1483.1</ele><time>2016-01-23T05:21:31.000Z</time></trkpt>
      <trkpt lat="35.769643" lon="127.679331"><ele>1481.1</ele><time>2016-01-23T05:21:43.000Z</time></trkpt>
      <trkpt lat="35.769688" lon="127.679327"><ele>1478.8</ele><time>2016-01-23T05:21:55.000Z</time></trkpt>
      <trkpt lat="35.769733" lon="127.679325"><ele>1476.6</ele><time>2016-01-23T05:21:55.000Z</time></trkpt>
      <trkpt lat="35.769777" lon="127.679333"><ele>1474.6</ele><time>2016-01-23T05:22:12.000Z</time></trkpt>
      <trkpt lat="35.769822" lon="127.679341"><ele>1472.7</ele><time>2016-01-23T05:22:12.000Z</time></trkpt>
      <trkpt lat="35.769864" lon="127.679359"><ele>1470.5</ele><time>2016-01-23T05:22:22.000Z</time></trkpt>
      <trkpt lat="35.769907" lon="127.679378"><ele>1468.2</ele><time>2016-01-23T05:22:22.000Z</time></trkpt>
      <trkpt lat="35.769947" lon="127.679402"><ele>1465.4</ele><time>2016-01-23T05:22:28.000Z</time></trkpt>
      <trkpt lat="35.769987" lon="127.679427"><ele>1462.5</ele><time>2016-01-23T05:22:28.000Z</time></trkpt>
      <trkpt lat="35.770027" lon="127.679452"><ele>1459.5</ele><time>2016-01-23T05:22:34.000Z</time></trkpt>
      <trkpt lat="35.770067" lon="127.679477"><ele>1457.0</ele><time>2016-01-23T05:22:34.000Z</time></trkpt>
      <trkpt lat="35.770107" lon="127.679503"><ele>1454.5</ele><time>2016-01-23T05:22:44.000Z</time></trkpt>
      <trkpt lat="35.770147" lon="127.679529"><ele>1452.2</ele><time>2016-01-23T05:22:44.000Z</time></trkpt>
      <trkpt lat="35.770186" lon="127.679556"><ele>1449.9</ele><time>2016-01-23T05:23:02.000Z</time></trkpt>
      <trkpt lat="35.770222" lon="127.679589"><ele>1447.7</ele><time>2016-01-23T05:23:02.000Z</time></trkpt>
      <trkpt lat="35.770257" lon="127.679624"><ele>1445.5</ele><time>2016-01-23T05:23:10.000Z</time></trkpt>
      <trkpt lat="35.770291" lon="127.679660"><ele>1443.5</ele><time>2016-01-23T05:23:10.000Z</time></trkpt>
      <trkpt lat="35.770324" lon="127.679698"><ele>1441.6</ele><time>2016-01-23T05:23:19.000Z</time></trkpt>
      <trkpt lat="35.770357" lon="127.679735"><ele>1439.8</ele><time>2016-01-23T05:23:19.000Z</time></trkpt>
      <trkpt lat="35.770392" lon="127.679770"><ele>1438.2</ele><time>2016-01-23T05:23:38.000Z</time></trkpt>
      <trkpt lat="35.770427" lon="127.679804"><ele>1436.5</ele><time>2016-01-23T05:23:38.000Z</time></trkpt>
      <trkpt lat="35.770466" lon="127.679832"><ele>1435.1</ele><time>2016-01-23T05:23:38.000Z</time></trkpt>
      <trkpt lat="35.770505" lon="127.679860"><ele>1433.7</ele><time>2016-01-23T05:24:01.000Z</time></trkpt>
      <trkpt lat="35.770545" lon="127.679886"><ele>1432.6</ele><time>2016-01-23T05:24:01.000Z</time></trkpt>
      <trkpt lat="35.770584" lon="127.679912"><ele>1431.5</ele><time>2016-01-23T05:24:11.000Z</time></trkpt>
      <trkpt lat="35.770626" lon="127.679933"><ele>1430.6</ele><time>2016-01-23T05:24:17.000Z</time></trkpt>
      <trkpt lat="35.770667" lon="127.679954"><ele>1429.6</ele><time>2016-01-23T05:24:17.000Z</time></trkpt>
      <trkpt lat="35.770707" lon="127.679982"><ele>1428.8</ele><time>2016-01-23T05:24:24.000Z</time></trkpt>
      <trkpt lat="35.770745" lon="127.680011"><ele>1428.1</ele><time>2016-01-23T05:24:24.000Z</time></trkpt>
      <trkpt lat="35.770782" lon="127.680042"><ele>1427.5</ele><time>2016-01-23T05:24:33.000Z</time></trkpt>
      <trkpt lat="35.770819" lon="127.680073"><ele>1427.0</ele><time>2016-01-23T05:24:33.000Z</time></trkpt>
      <trkpt lat="35.770857" lon="127.680104"><ele>1426.6</ele><time>2016-01-23T05:24:49.000Z</time></trkpt>
      <trkpt lat="35.770894" lon="127.680134"><ele>1426.2</ele><time>2016-01-23T05:24:49.000Z</time></trkpt>
      <trkpt lat="35.770933" lon="127.680163"><ele>1425.8</ele><time>2016-01-23T05:25:00.000Z</time></trkpt>
      <trkpt lat="35.770970" lon="127.680193"><ele>1425.4</ele><time>2016-01-23T05:25:00.000Z</time></trkpt>
      <trkpt lat="35.771005" lon="127.680229"><ele>1425.0</ele><time>2016-01-23T05:25:11.000Z</time></trkpt>
      <trkpt lat="35.771038" lon="127.680266"><ele>1424.7</ele><time>2016-01-23T05:25:11.000Z</time></trkpt>
      <trkpt lat="35.771067" lon="127.680308"><ele>1424.4</ele><time>2016-01-23T05:25:20.000Z</time></trkpt>
      <trkpt lat="35.771096" lon="127.680350"><ele>1424.2</ele><time>2016-01-23T05:25:20.000Z</time></trkpt>
      <trkpt lat="35.771125" lon="127.680393"><ele>1423.9</ele><time>2016-01-23T05:25:30.000Z</time></trkpt>
      <trkpt lat="35.771157" lon="127.680431"><ele>1423.7</ele><time>2016-01-23T05:25:30.000Z</time></trkpt>
      <trkpt lat="35.771192" lon="127.680466"><ele>1423.5</ele><time>2016-01-23T05:25:39.000Z</time></trkpt>
      <trkpt lat="35.771227" lon="127.680502"><ele>1423.2</ele><time>2016-01-23T05:25:39.000Z</time></trkpt>
      <trkpt lat="35.771261" lon="127.680537"><ele>1423.0</ele><time>2016-01-23T05:25:49.000Z</time></trkpt>
      <trkpt lat="35.771293" lon="127.680576"><ele>1422.9</ele><time>2016-01-23T05:25:49.000Z</time></trkpt>
      <trkpt lat="35.771321" lon="127.680619"><ele>1422.7</ele><time>2016-01-23T05:26:00.000Z</time></trkpt>
      <trkpt lat="35.771350" lon="127.680662"><ele>1422.6</ele><time>2016-01-23T05:26:00.000Z</time></trkpt>
      <trkpt lat="35.771379" lon="127.680704"><ele>1422.5</ele><time>2016-01-23T05:26:11.000Z</time></trkpt>
      <trkpt lat="35.771408" lon="127.680747"><ele>1422.4</ele><time>2016-01-23T05:26:11.000Z</time></trkpt>
      <trkpt lat="35.771436" lon="127.680789"><ele>1422.4</ele><time>2016-01-23T05:26:21.000Z</time></trkpt>
      <trkpt lat="35.771465" lon="127.680831"><ele>1422.4</ele><time>2016-01-23T05:26:21.000Z</time></trkpt>
      <trkpt lat="35.771499" lon="127.680869"><ele>1422.4</ele><time>2016-01-23T05:26:21.000Z</time></trkpt>
      <trkpt lat="35.771532" lon="127.680906"><ele>1422.5</ele><time>2016-01-23T05:26:41.000Z</time></trkpt>
      <trkpt lat="35.771568" lon="127.680938"><ele>1422.6</ele><time>2016-01-23T05:26:41.000Z</time></trkpt>
      <trkpt lat="35.771605" lon="127.680970"><ele>1422.6</ele><time>2016-01-23T05:26:52.000Z</time></trkpt>
      <trkpt lat="35.771646" lon="127.680992"><ele>1422.7</ele><time>2016-01-23T05:26:52.000Z</time></trkpt>
      <trkpt lat="35.771689" lon="127.681010"><ele>1422.7</ele><time>2016-01-23T05:27:20.000Z</time></trkpt>
      <trkpt lat="35.771733" lon="127.681013"><ele>1422.8</ele><time>2016-01-23T05:27:20.000Z</time></trkpt>
      <trkpt lat="35.771778" lon="127.681010"><ele>1422.8</ele><time>2016-01-23T05:27:32.000Z</time></trkpt>
      <trkpt lat="35.771823" lon="127.681009"><ele>1422.7</ele><time>2016-01-23T05:27:32.000Z</time></trkpt>
      <trkpt lat="35.771868" lon="127.681007"><ele>1422.5</ele><time>2016-01-23T05:27:57.000Z</time></trkpt>
      <trkpt lat="35.771912" lon="127.680998"><ele>1422.3</ele><time>2016-01-23T05:28:05.000Z</time></trkpt>
      <trkpt lat="35.771956" lon="127.680988"><ele>1422.1</ele><time>2016-01-23T05:28:05.000Z</time></trkpt>
      <trkpt lat="35.772001" lon="127.680978"><ele>1421.8</ele><time>2016-01-23T05:28:14.000Z</time></trkpt>
      <trkpt lat="35.772045" lon="127.680967"><ele>1421.5</ele><time>2016-01-23T05:28:14.000Z</time></trkpt>
      <trkpt lat="35.772088" lon="127.680952"><ele>1421.2</ele><time>2016-01-23T05:28:22.000Z</time></trkpt>
      <trkpt lat="35.772132" lon="127.680940"><ele>1420.8</ele><time>2016-01-23T05:28:22.000Z</time></trkpt>
      <trkpt lat="35.772176" lon="127.680934"><ele>1420.4</ele><time>2016-01-23T05:28:32.000Z</time></trkpt>
      <trkpt lat="35.772221" lon="127.680936"><ele>1419.9</ele><time>2016-01-23T05:28:32.000Z</time></trkpt>
      <trkpt lat="35.772265" lon="127.680945"><ele>1419.4</ele><time>2016-01-23T05:28:55.000Z</time></trkpt>
      <trkpt lat="35.772307" lon="127.680965"><ele>1418.8</ele><time>2016-01-23T05:28:55.000Z</time></trkpt>
      <trkpt lat="35.772347" lon="127.680990"><ele>1418.1</ele><time>2016-01-23T05:29:40.000Z</time></trkpt>
      <trkpt lat="35.772379" lon="127.681028"><ele>1417.5</ele><time>2016-01-23T05:29:40.000Z</time></trkpt>
      <trkpt lat="35.772409" lon="127.681069"><ele>1416.8</ele><time>2016-01-23T05:29:52.000Z</time></trkpt>
      <trkpt lat="35.772431" lon="127.681117"><ele>1416.0</ele><time>2016-01-23T05:29:52.000Z</time></trkpt>
      <trkpt lat="35.772449" lon="127.681168"><ele>1415.2</ele><time>2016-01-23T05:30:03.000Z</time></trkpt>
      <trkpt lat="35.772463" lon="127.681220"><ele>1414.3</ele><time>2016-01-23T05:30:03.000Z</time></trkpt>
      <trkpt lat="35.772476" lon="127.681273"><ele>1413.4</ele><time>2016-01-23T05:30:13.000Z</time></trkpt>
      <trkpt lat="35.772491" lon="127.681326"><ele>1412.2</ele><time>2016-01-23T05:30:13.000Z</time></trkpt>
      <trkpt lat="35.772507" lon="127.681377"><ele>1411.0</ele><time>2016-01-23T05:30:22.000Z</time></trkpt>
      <trkpt lat="35.772532" lon="127.681422"><ele>1409.6</ele><time>2016-01-23T05:30:22.000Z</time></trkpt>
      <trkpt lat="35.772562" lon="127.681464"><ele>1408.2</ele><time>2016-01-23T05:30:37.000Z</time></trkpt>
      <trkpt lat="35.772595" lon="127.681502"><ele>1406.8</ele><time>2016-01-23T05:30:37.000Z</time></trkpt>
      <trkpt lat="35.772628" lon="127.681539"><ele>1405.3</ele><time>2016-01-23T05:30:47.000Z</time></trkpt>
      <trkpt lat="35.772661" lon="127.681577"><ele>1403.9</ele><time>2016-01-23T05:30:47.000Z</time></trkpt>
      <trkpt lat="35.772693" lon="127.681615"><ele>1402.4</ele><time>2016-01-23T05:31:12.000Z</time></trkpt>
      <trkpt lat="35.772727" lon="127.681652"><ele>1400.9</ele><time>2016-01-23T05:31:12.000Z</time></trkpt>
      <trkpt lat="35.772762" lon="127.681687"><ele>1399.4</ele><time>2016-01-23T05:31:31.000Z</time></trkpt>
      <trkpt lat="35.772797" lon="127.681721"><ele>1397.9</ele><time>2016-01-23T05:31:31.000Z</time></trkpt>
      <trkpt lat="35.772832" lon="127.681756"><ele>1396.3</ele><time>2016-01-23T05:31:42.000Z</time></trkpt>
      <trkpt lat="35.772866" lon="127.681793"><ele>1394.9</ele><time>2016-01-23T05:31:42.000Z</time></trkpt>
      <trkpt lat="35.772899" lon="127.681831"><ele>1393.5</ele><time>2016-01-23T05:31:56.000Z</time></trkpt>
      <trkpt lat="35.772934" lon="127.681865"><ele>1392.1</ele><time>2016-01-23T05:31:56.000Z</time></trkpt>
      <trkpt lat="35.772970" lon="127.681898"><ele>1390.6</ele><time>2016-01-23T05:32:26.000Z</time></trkpt>
      <trkpt lat="35.773007" lon="127.681929"><ele>1389.0</ele><time>2016-01-23T05:32:38.000Z</time></trkpt>
      <trkpt lat="35.773042" lon="127.681964"><ele>1387.3</ele><time>2016-01-23T05:32:38.000Z</time></trkpt>
      <trkpt lat="35.773072" lon="127.682005"><ele>1385.6</ele><time>2016-01-23T05:32:57.000Z</time></trkpt>
      <trkpt lat="35.773093" lon="127.682053"><ele>1384.3</ele><time>2016-01-23T05:33:08.000Z</time></trkpt>
      <trkpt lat="35.773116" lon="127.682101"><ele>1383.0</ele><time>2016-01-23T05:33:08.000Z</time></trkpt>
      <trkpt lat="35.773139" lon="127.682149"><ele>1381.7</ele><time>2016-01-23T05:33:27.000Z</time></trkpt>
      <trkpt lat="35.773169" lon="127.682189"><ele>1380.5</ele><time>2016-01-23T05:33:27.000Z</time></trkpt>
      <trkpt lat="35.773202" lon="127.682226"><ele>1379.2</ele><time>2016-01-23T05:33:39.000Z</time></trkpt>
      <trkpt lat="35.773238" lon="127.682259"><ele>1378.0</ele><time>2016-01-23T05:33:39.000Z</time></trkpt>
      <trkpt lat="35.773276" lon="127.682290"><ele>1376.7</ele><time>2016-01-23T05:33:47.000Z</time></trkpt>
      <trkpt lat="35.773312" lon="127.682322"><ele>1375.3</ele><time>2016-01-23T05:33:47.000Z</time></trkpt>
      <trkpt lat="35.773347" lon="127.682357"><ele>1373.9</ele><time>2016-01-23T05:33:55.000Z</time></trkpt>
      <trkpt lat="35.773379" lon="127.682395"><ele>1372.4</ele><time>2016-01-23T05:33:55.000Z</time></trkpt>
      <trkpt lat="35.773407" lon="127.682439"><ele>1370.9</ele><time>2016-01-23T05:34:09.000Z</time></trkpt>
      <trkpt lat="35.773431" lon="127.682485"><ele>1369.4</ele><time>2016-01-23T05:34:09.000Z</time></trkpt>
      <trkpt lat="35.773453" lon="127.682534"><ele>1367.8</ele><time>2016-01-23T05:34:25.000Z</time></trkpt>
      <trkpt lat="35.773477" lon="127.682580"><ele>1366.4</ele><time>2016-01-23T05:34:25.000Z</time></trkpt>
      <trkpt lat="35.773505" lon="127.682624"><ele>1365.0</ele><time>2016-01-23T05:34:37.000Z</time></trkpt>
      <trkpt lat="35.773533" lon="127.682667"><ele>1363.6</ele><time>2016-01-23T05:34:37.000Z</time></trkpt>
      <trkpt lat="35.773564" lon="127.682707"><ele>1362.2</ele><time>2016-01-23T05:35:18.000Z</time></trkpt>
      <trkpt lat="35.773596" lon="127.682746"><ele>1360.9</ele><time>2016-01-23T05:35:18.000Z</time></trkpt>
      <trkpt lat="35.773632" lon="127.682780"><ele>1359.5</ele><time>2016-01-23T05:35:29.000Z</time></trkpt>
      <trkpt lat="35.773668" lon="127.682812"><ele>1358.2</ele><time>2016-01-23T05:35:29.000Z</time></trkpt>
      <trkpt lat="35.773707" lon="127.682841"><ele>1356.8</ele><time>2016-01-23T05:35:46.000Z</time></trkpt>
      <trkpt lat="35.773745" lon="127.682869"><ele>1355.5</ele><time>2016-01-23T05:35:46.000Z</time></trkpt>
      <trkpt lat="35.773784" lon="127.682897"><ele>1354.2</ele><time>2016-01-23T05:35:58.000Z</time></trkpt>
      <trkpt lat="35.773823" lon="127.682925"><ele>1352.9</ele><time>2016-01-23T05:35:58.000Z</time></trkpt>
      <trkpt lat="35.773863" lon="127.682950"><ele>1351.7</ele><time>2016-01-23T05:36:13.000Z</time></trkpt>
      <trkpt lat="35.773903" lon="127.682975"><ele>1350.6</ele><time>2016-01-23T05:36:13.000Z</time></trkpt>
      <trkpt lat="35.773943" lon="127.683001"><ele>1349.6</ele><time>2016-01-23T05:36:27.000Z</time></trkpt>
      <trkpt lat="35.773983" lon="127.683027"><ele>1348.6</ele><time>2016-01-23T05:36:27.000Z</time></trkpt>
      <trkpt lat="35.774023" lon="127.683052"><ele>1347.6</ele><time>2016-01-23T05:36:27.000Z</time></trkpt>
      <trkpt lat="35.774063" lon="127.683077"><ele>1346.7</ele><time>2016-01-23T05:36:39.000Z</time></trkpt>
      <trkpt lat="35.774104" lon="127.683099"><ele>1345.8</ele><time>2016-01-23T05:36:39.000Z</time></trkpt>
      <trkpt lat="35.774145" lon="127.683121"><ele>1344.9</ele><time>2016-01-23T05:36:47.000Z</time></trkpt>
      <trkpt lat="35.774186" lon="127.683144"><ele>1344.1</ele><time>2016-01-23T05:36:47.000Z</time></trkpt>
      <trkpt lat="35.774227" lon="127.683167"><ele>1343.2</ele><time>2016-01-23T05:37:10.000Z</time></trkpt>
      <trkpt lat="35.774268" lon="127.683191"><ele>1342.2</ele><time>2016-01-23T05:37:10.000Z</time></trkpt>
      <trkpt lat="35.774308" lon="127.683216"><ele>1341.3</ele><time>2016-01-23T05:37:20.000Z</time></trkpt>
      <trkpt lat="35.774347" lon="127.683244"><ele>1340.3</ele><time>2016-01-23T05:37:20.000Z</time></trkpt>
      <trkpt lat="35.774384" lon="127.683275"><ele>1339.2</ele><time>2016-01-23T05:37:29.000Z</time></trkpt>
      <trkpt lat="35.774416" lon="127.683313"><ele>1338.2</ele><time>2016-01-23T05:37:29.000Z</time></trkpt>
      <trkpt lat="35.774444" lon="127.683356"><ele>1337.1</ele><time>2016-01-23T05:37:46.000Z</time></trkpt>
      <trkpt lat="35.774471" lon="127.683400"><ele>1336.1</ele><time>2016-01-23T05:37:46.000Z</time></trkpt>
      <trkpt lat="35.774497" lon="127.683446"><ele>1335.0</ele><time>2016-01-23T05:38:00.000Z</time></trkpt>
      <trkpt lat="35.774516" lon="127.683496"><ele>1334.1</ele><time>2016-01-23T05:38:00.000Z</time></trkpt>
      <trkpt lat="35.774529" lon="127.683548"><ele>1333.2</ele><time>2016-01-23T05:38:08.000Z</time></trkpt>
      <trkpt lat="35.774549" lon="127.683598"><ele>1332.2</ele><time>2016-01-23T05:38:08.000Z</time></trkpt>
      <trkpt lat="35.774574" lon="127.683644"><ele>1331.3</ele><time>2016-01-23T05:38:39.000Z</time></trkpt>
      <trkpt lat="35.774600" lon="127.683689"><ele>1330.4</ele><time>2016-01-23T05:38:39.000Z</time></trkpt>
      <trkpt lat="35.774627" lon="127.683733"><ele>1329.7</ele><time>2016-01-23T05:38:47.000Z</time></trkpt>
      <trkpt lat="35.774658" lon="127.683773"><ele>1328.9</ele><time>2016-01-23T05:38:47.000Z</time></trkpt>
      <trkpt lat="35.774693" lon="127.683808"><ele>1328.1</ele><time>2016-01-23T05:38:56.000Z</time></trkpt>
      <trkpt lat="35.774725" lon="127.683847"><ele>1327.4</ele><time>2016-01-23T05:38:56.000Z</time></trkpt>
      <trkpt lat="35.774755" lon="127.683888"><ele>1326.6</ele><time>2016-01-23T05:39:14.000Z</time></trkpt>
      <trkpt lat="35.774789" lon="127.683924"><ele>1326.1</ele><time>2016-01-23T05:39:28.000Z</time></trkpt>
      <trkpt lat="35.774823" lon="127.683961"><ele>1325.6</ele><time>2016-01-23T05:39:28.000Z</time></trkpt>
      <trkpt lat="35.774859" lon="127.683993"><ele>1325.2</ele><time>2016-01-23T05:39:42.000Z</time></trkpt>
      <trkpt lat="35.774895" lon="127.684026"><ele>1324.9</ele><time>2016-01-23T05:39:42.000Z</time></trkpt>
      <trkpt lat="35.774930" lon="127.684062"><ele>1324.6</ele><time>2016-01-23T05:39:42.000Z</time></trkpt>
      <trkpt lat="35.774964" lon="127.684098"><ele>1324.3</ele><time>2016-01-23T05:39:59.000Z</time></trkpt>
      <trkpt lat="35.774997" lon="127.684136"><ele>1324.0</ele><time>2016-01-23T05:39:59.000Z</time></trkpt>
      <trkpt lat="35.775029" lon="127.684174"><ele>1323.8</ele><time>2016-01-23T05:40:35.000Z</time></trkpt>
      <trkpt lat="35.775061" lon="127.684213"><ele>1323.6</ele><time>2016-01-23T05:40:35.000Z</time></trkpt>
      <trkpt lat="35.775094" lon="127.684251"><ele>1323.4</ele><time>2016-01-23T05:40:47.000Z</time></trkpt>
      <trkpt lat="35.775129" lon="127.684285"><ele>1323.2</ele><time>2016-01-23T05:40:47.000Z</time></trkpt>
      <trkpt lat="35.775166" lon="127.684316"><ele>1323.0</ele><time>2016-01-23T05:40:56.000Z</time></trkpt>
      <trkpt lat="35.775205" lon="127.684345"><ele>1322.8</ele><time>2016-01-23T05:40:56.000Z</time></trkpt>
      <trkpt lat="35.775245" lon="127.684370"><ele>1322.5</ele><time>2016-01-23T05:41:05.000Z</time></trkpt>
      <trkpt lat="35.775286" lon="127.684394"><ele>1322.3</ele><time>2016-01-23T05:41:05.000Z</time></trkpt>
      <trkpt lat="35.775327" lon="127.684414"><ele>1322.0</ele><time>2016-01-23T05:41:34.000Z</time></trkpt>
      <trkpt lat="35.775371" lon="127.684428"><ele>1321.8</ele><time>2016-01-23T05:41:34.000Z</time></trkpt>
      <trkpt lat="35.775415" lon="127.684436"><ele>1321.5</ele><time>2016-01-23T05:41:58.000Z</time></trkpt>
      <trkpt lat="35.775460" lon="127.684440"><ele>1321.3</ele><time>2016-01-23T05:41:58.000Z</time></trkpt>
      <trkpt lat="35.775505" lon="127.684439"><ele>1321.0</ele><time>2016-01-23T05:42:12.000Z</time></trkpt>
      <trkpt lat="35.775550" lon="127.684436"><ele>1320.8</ele><time>2016-01-23T05:42:12.000Z</time></trkpt>
      <trkpt lat="35.775594" lon="127.684431"><ele>1320.6</ele><time>2016-01-23T05:42:35.000Z</time></trkpt>
      <trkpt lat="35.775639" lon="127.684429"><ele>1320.3</ele><time>2016-01-23T05:42:35.000Z</time></trkpt>
      <trkpt lat="35.775684" lon="127.684428"><ele>1319.9</ele><time>2016-01-23T05:42:55.000Z</time></trkpt>
      <trkpt lat="35.775729" lon="127.684428"><ele>1319.6</ele><time>2016-01-23T05:42:55.000Z</time></trkpt>
      <trkpt lat="35.775774" lon="127.684429"><ele>1319.1</ele><time>2016-01-23T05:43:04.000Z</time></trkpt>
      <trkpt lat="35.775819" lon="127.684433"><ele>1318.6</ele><time>2016-01-23T05:43:04.000Z</time></trkpt>
      <trkpt lat="35.775864" lon="127.684437"><ele>1318.0</ele><time>2016-01-23T05:43:25.000Z</time></trkpt>
      <trkpt lat="35.775908" lon="127.684427"><ele>1317.2</ele><time>2016-01-23T05:43:39.000Z</time></trkpt>
      <trkpt lat="35.775952" lon="127.684416"><ele>1316.2</ele><time>2016-01-23T05:43:39.000Z</time></trkpt>
      <trkpt lat="35.775995" lon="127.684401"><ele>1315.1</ele><time>2016-01-23T05:43:58.000Z</time></trkpt>
      <trkpt lat="35.776039" lon="127.684386"><ele>1313.9</ele><time>2016-01-23T05:43:58.000Z</time></trkpt>
      <trkpt lat="35.776083" lon="127.684376"><ele>1312.5</ele><time>2016-01-23T05:44:18.000Z</time></trkpt>
      <trkpt lat="35.776127" lon="127.684372"><ele>1311.1</ele><time>2016-01-23T05:44:18.000Z</time></trkpt>
      <trkpt lat="35.776172" lon="127.684379"><ele>1309.7</ele><time>2016-01-23T05:44:32.000Z</time></trkpt>
      <trkpt lat="35.776216" lon="127.684387"><ele>1308.3</ele><time>2016-01-23T05:44:32.000Z</time></trkpt>
      <trkpt lat="35.776260" lon="127.684399"><ele>1306.7</ele><time>2016-01-23T05:44:52.000Z</time></trkpt>
      <trkpt lat="35.776304" lon="127.684412"><ele>1305.2</ele><time>2016-01-23T05:44:52.000Z</time></trkpt>
      <trkpt lat="35.776348" lon="127.684421"><ele>1303.5</ele><time>2016-01-23T05:45:03.000Z</time></trkpt>
      <trkpt lat="35.776392" lon="127.684430"><ele>1301.7</ele><time>2016-01-23T05:45:03.000Z</time></trkpt>
      <trkpt lat="35.776437" lon="127.684440"><ele>1299.9</ele><time>2016-01-23T05:45:03.000Z</time></trkpt>
      <trkpt lat="35.776481" lon="127.684450"><ele>1298.0</ele><time>2016-01-23T05:45:13.000Z</time></trkpt>
      <trkpt lat="35.776525" lon="127.684459"><ele>1295.9</ele><time>2016-01-23T05:45:13.000Z</time></trkpt>
      <trkpt lat="35.776570" lon="127.684468"><ele>1293.8</ele><time>2016-01-23T05:45:26.000Z</time></trkpt>
      <trkpt lat="35.776615" lon="127.684470"><ele>1291.7</ele><time>2016-01-23T05:45:26.000Z</time></trkpt>
      <trkpt lat="35.776660" lon="127.684472"><ele>1289.6</ele><time>2016-01-23T05:45:38.000Z</time></trkpt>
      <trkpt lat="35.776704" lon="127.684468"><ele>1287.5</ele><time>2016-01-23T05:45:38.000Z</time></trkpt>
      <trkpt lat="35.776749" lon="127.684464"><ele>1285.3</ele><time>2016-01-23T05:45:49.000Z</time></trkpt>
      <trkpt lat="35.776793" lon="127.684454"><ele>1283.1</ele><time>2016-01-23T05:45:49.000Z</time></trkpt>
      <trkpt lat="35.776838" lon="127.684445"><ele>1281.0</ele><time>2016-01-23T05:45:59.000Z</time></trkpt>
      <trkpt lat="35.776882" lon="127.684436"><ele>1279.3</ele><time>2016-01-23T05:45:59.000Z</time></trkpt>
      <trkpt lat="35.776927" lon="127.684428"><ele>1277.7</ele><time>2016-01-23T05:46:09.000Z</time></trkpt>
      <trkpt lat="35.776971" lon="127.684429"><ele>1273.9</ele><time>2016-01-23T05:46:09.000Z</time></trkpt>
      <trkpt lat="35.777016" lon="127.684436"><ele>1268.8</ele><time>2016-01-23T05:46:18.000Z</time></trkpt>
      <trkpt lat="35.777056" lon="127.684461"><ele>1263.6</ele><time>2016-01-23T05:47:29.000Z</time></trkpt>
      <trkpt lat="35.777080" lon="127.684501"><ele>1259.1</ele><time>2016-01-23T05:51:00.000Z</time></trkpt>
      <trkpt lat="35.777121" lon="127.684480"><ele>1258.6</ele><time>2016-01-23T05:51:00.000Z</time></trkpt>
      <trkpt lat="35.777163" lon="127.684459"><ele>1258.1</ele><time>2016-01-23T05:51:00.000Z</time></trkpt>
      <trkpt lat="35.777204" lon="127.684438"><ele>1257.6</ele><time>2016-01-23T06:00:56.000Z</time></trkpt>
      <trkpt lat="35.777246" lon="127.684417"><ele>1257.1</ele><time>2016-01-23T06:00:56.000Z</time></trkpt>
      <trkpt lat="35.777288" lon="127.684395"><ele>1256.6</ele><time>2016-01-23T06:00:56.000Z</time></trkpt>
      <trkpt lat="35.777330" lon="127.684383"><ele>1255.7</ele><time>2016-01-23T06:00:56.000Z</time></trkpt>
      <trkpt lat="35.777374" lon="127.684392"><ele>1254.0</ele><time>2016-01-23T06:01:09.000Z</time></trkpt>
      <trkpt lat="35.777418" lon="127.684403"><ele>1253.2</ele><time>2016-01-23T06:01:09.000Z</time></trkpt>
      <trkpt lat="35.777462" lon="127.684418"><ele>1254.6</ele><time>2016-01-23T06:01:20.000Z</time></trkpt>
      <trkpt lat="35.777504" lon="127.684435"><ele>1255.6</ele><time>2016-01-23T06:01:20.000Z</time></trkpt>
      <trkpt lat="35.777545" lon="127.684459"><ele>1256.2</ele><time>2016-01-23T06:01:49.000Z</time></trkpt>
      <trkpt lat="35.777584" lon="127.684486"><ele>1256.5</ele><time>2016-01-23T06:01:49.000Z</time></trkpt>
      <trkpt lat="35.777619" lon="127.684521"><ele>1256.3</ele><time>2016-01-23T06:02:06.000Z</time></trkpt>
      <trkpt lat="35.777653" lon="127.684556"><ele>1256.2</ele><time>2016-01-23T06:02:06.000Z</time></trkpt>
      <trkpt lat="35.777688" lon="127.684592"><ele>1256.2</ele><time>2016-01-23T06:02:19.000Z</time></trkpt>
      <trkpt lat="35.777723" lon="127.684626"><ele>1256.2</ele><time>2016-01-23T06:02:19.000Z</time></trkpt>
      <trkpt lat="35.777760" lon="127.684657"><ele>1256.2</ele><time>2016-01-23T06:02:35.000Z</time></trkpt>
      <trkpt lat="35.777798" lon="127.684687"><ele>1256.2</ele><time>2016-01-23T06:02:35.000Z</time></trkpt>
      <trkpt lat="35.777837" lon="127.684715"><ele>1256.2</ele><time>2016-01-23T06:02:49.000Z</time></trkpt>
      <trkpt lat="35.777874" lon="127.684745"><ele>1256.2</ele><time>2016-01-23T06:02:49.000Z</time></trkpt>
      <trkpt lat="35.777910" lon="127.684780"><ele>1256.1</ele><time>2016-01-23T06:03:05.000Z</time></trkpt>
      <trkpt lat="35.777942" lon="127.684818"><ele>1256.0</ele><time>2016-01-23T06:03:05.000Z</time></trkpt>
      <trkpt lat="35.777966" lon="127.684865"><ele>1255.8</ele><time>2016-01-23T06:03:16.000Z</time></trkpt>
      <trkpt lat="35.777989" lon="127.684912"><ele>1255.7</ele><time>2016-01-23T06:03:16.000Z</time></trkpt>
      <trkpt lat="35.778011" lon="127.684960"><ele>1255.5</ele><time>2016-01-23T06:03:33.000Z</time></trkpt>
      <trkpt lat="35.778031" lon="127.685010"><ele>1255.3</ele><time>2016-01-23T06:03:33.000Z</time></trkpt>
      <trkpt lat="35.778050" lon="127.685060"><ele>1255.1</ele><time>2016-01-23T06:03:51.000Z</time></trkpt>
      <trkpt lat="35.778067" lon="127.685111"><ele>1254.9</ele><time>2016-01-23T06:03:51.000Z</time></trkpt>
      <trkpt lat="35.778085" lon="127.685162"><ele>1254.7</ele><time>2016-01-23T06:04:04.000Z</time></trkpt>
      <trkpt lat="35.778101" lon="127.685214"><ele>1254.5</ele><time>2016-01-23T06:04:04.000Z</time></trkpt>
      <trkpt lat="35.778116" lon="127.685266"><ele>1254.3</ele><time>2016-01-23T06:04:16.000Z</time></trkpt>
      <trkpt lat="35.778134" lon="127.685317"><ele>1254.2</ele><time>2016-01-23T06:04:16.000Z</time></trkpt>
      <trkpt lat="35.778154" lon="127.685367"><ele>1254.1</ele><time>2016-01-23T06:04:26.000Z</time></trkpt>
      <trkpt lat="35.778180" lon="127.685412"><ele>1253.9</ele><time>2016-01-23T06:04:26.000Z</time></trkpt>
      <trkpt lat="35.778207" lon="127.685456"><ele>1253.8</ele><time>2016-01-23T06:04:56.000Z</time></trkpt>
      <trkpt lat="35.778235" lon="127.685499"><ele>1253.6</ele><time>2016-01-23T06:04:56.000Z</time></trkpt>
      <trkpt lat="35.778264" lon="127.685542"><ele>1253.3</ele><time>2016-01-23T06:05:05.000Z</time></trkpt>
      <trkpt lat="35.778291" lon="127.685586"><ele>1253.1</ele><time>2016-01-23T06:05:05.000Z</time></trkpt>
      <trkpt lat="35.778316" lon="127.685632"><ele>1252.9</ele><time>2016-01-23T06:05:15.000Z</time></trkpt>
      <trkpt lat="35.778341" lon="127.685678"><ele>1252.7</ele><time>2016-01-23T06:05:15.000Z</time></trkpt>
      <trkpt lat="35.778365" lon="127.685725"><ele>1252.4</ele><time>2016-01-23T06:05:25.000Z</time></trkpt>
      <trkpt lat="35.778390" lon="127.685771"><ele>1252.1</ele><time>2016-01-23T06:05:25.000Z</time></trkpt>
      <trkpt lat="35.778416" lon="127.685816"><ele>1251.7</ele><time>2016-01-23T06:05:33.000Z</time></trkpt>
      <trkpt lat="35.778443" lon="127.685860"><ele>1251.3</ele><time>2016-01-23T06:05:33.000Z</time></trkpt>
      <trkpt lat="35.778471" lon="127.685904"><ele>1250.7</ele><time>2016-01-23T06:05:33.000Z</time></trkpt>
      <trkpt lat="35.778498" lon="127.685948"><ele>1250.2</ele><time>2016-01-23T06:05:43.000Z</time></trkpt>
      <trkpt lat="35.778525" lon="127.685992"><ele>1249.5</ele><time>2016-01-23T06:05:43.000Z</time></trkpt>
      <trkpt lat="35.778552" lon="127.686037"><ele>1248.7</ele><time>2016-01-23T06:05:53.000Z</time></trkpt>
      <trkpt lat="35.778577" lon="127.686083"><ele>1247.8</ele><time>2016-01-23T06:05:53.000Z</time></trkpt>
      <trkpt lat="35.778601" lon="127.686130"><ele>1246.8</ele><time>2016-01-23T06:06:00.000Z</time></trkpt>
      <trkpt lat="35.778624" lon="127.686177"><ele>1245.8</ele><time>2016-01-23T06:06:00.000Z</time></trkpt>
      <trkpt lat="35.778646" lon="127.686225"><ele>1244.9</ele><time>2016-01-23T06:06:09.000Z</time></trkpt>
      <trkpt lat="35.778669" lon="127.686273"><ele>1243.9</ele><time>2016-01-23T06:06:09.000Z</time></trkpt>
      <trkpt lat="35.778691" lon="127.686321"><ele>1243.0</ele><time>2016-01-23T06:06:17.000Z</time></trkpt>
      <trkpt lat="35.778714" lon="127.686369"><ele>1242.0</ele><time>2016-01-23T06:06:17.000Z</time></trkpt>
      <trkpt lat="35.778739" lon="127.686415"><ele>1241.2</ele><time>2016-01-23T06:06:24.000Z</time></trkpt>
      <trkpt lat="35.778763" lon="127.686462"><ele>1240.4</ele><time>2016-01-23T06:06:24.000Z</time></trkpt>
      <trkpt lat="35.778788" lon="127.686508"><ele>1239.8</ele><time>2016-01-23T06:06:24.000Z</time></trkpt>
      <trkpt lat="35.778812" lon="127.686555"><ele>1239.3</ele><time>2016-01-23T06:06:33.000Z</time></trkpt>
      <trkpt lat="35.778837" lon="127.686601"><ele>1238.8</ele><time>2016-01-23T06:06:33.000Z</time></trkpt>
      <trkpt lat="35.778862" lon="127.686648"><ele>1238.3</ele><time>2016-01-23T06:06:43.000Z</time></trkpt>
      <trkpt lat="35.778887" lon="127.686694"><ele>1237.9</ele><time>2016-01-23T06:06:43.000Z</time></trkpt>
      <trkpt lat="35.778912" lon="127.686740"><ele>1237.5</ele><time>2016-01-23T06:07:01.000Z</time></trkpt>
      <trkpt lat="35.778937" lon="127.686786"><ele>1237.1</ele><time>2016-01-23T06:07:01.000Z</time></trkpt>
      <trkpt lat="35.778962" lon="127.686832"><ele>1236.8</ele><time>2016-01-23T06:07:09.000Z</time></trkpt>
      <trkpt lat="35.778986" lon="127.686878"><ele>1236.5</ele><time>2016-01-23T06:07:09.000Z</time></trkpt>
      <trkpt lat="35.779008" lon="127.686926"><ele>1236.3</ele><time>2016-01-23T06:07:16.000Z</time></trkpt>
      <trkpt lat="35.779029" lon="127.686976"><ele>1236.1</ele><time>2016-01-23T06:07:16.000Z</time></trkpt>
      <trkpt lat="35.779045" lon="127.687028"><ele>1236.0</ele><time>2016-01-23T06:07:25.000Z</time></trkpt>
      <trkpt lat="35.779060" lon="127.687080"><ele>1235.8</ele><time>2016-01-23T06:07:25.000Z</time></trkpt>
      <trkpt lat="35.779072" lon="127.687133"><ele>1235.8</ele><time>2016-01-23T06:07:39.000Z</time></trkpt>
      <trkpt lat="35.779085" lon="127.687186"><ele>1235.7</ele><time>2016-01-23T06:07:39.000Z</time></trkpt>
      <trkpt lat="35.779100" lon="127.687238"><ele>1235.7</ele><time>2016-01-23T06:08:00.000Z</time></trkpt>
      <trkpt lat="35.779117" lon="127.687289"><ele>1235.7</ele><time>2016-01-23T06:08:00.000Z</time></trkpt>
      <trkpt lat="35.779138" lon="127.687338"><ele>1235.7</ele><time>2016-01-23T06:08:08.000Z</time></trkpt>
      <trkpt lat="35.779158" lon="127.687388"><ele>1235.7</ele><time>2016-01-23T06:08:08.000Z</time></trkpt>
      <trkpt lat="35.779177" lon="127.687439"><ele>1235.7</ele><time>2016-01-23T06:08:16.000Z</time></trkpt>
      <trkpt lat="35.779195" lon="127.687489"><ele>1235.9</ele><time>2016-01-23T06:08:29.000Z</time></trkpt>
      <trkpt lat="35.779214" lon="127.687540"><ele>1236.0</ele><time>2016-01-23T06:08:29.000Z</time></trkpt>
      <trkpt lat="35.779232" lon="127.687590"><ele>1236.1</ele><time>2016-01-23T06:08:45.000Z</time></trkpt>
      <trkpt lat="35.779251" lon="127.687641"><ele>1236.2</ele><time>2016-01-23T06:08:45.000Z</time></trkpt>
      <trkpt lat="35.779274" lon="127.687688"><ele>1236.4</ele><time>2016-01-23T06:08:57.000Z</time></trkpt>
      <trkpt lat="35.779298" lon="127.687735"><ele>1236.5</ele><time>2016-01-23T06:08:57.000Z</time></trkpt>
      <trkpt lat="35.779323" lon="127.687781"><ele>1236.8</ele><time>2016-01-23T06:08:57.000Z</time></trkpt>
      <trkpt lat="35.779349" lon="127.687826"><ele>1237.0</ele><time>2016-01-23T06:09:06.000Z</time></trkpt>
      <trkpt lat="35.779378" lon="127.687869"><ele>1237.2</ele><time>2016-01-23T06:09:06.000Z</time></trkpt>
      <trkpt lat="35.779406" lon="127.687912"><ele>1237.4</ele><time>2016-01-23T06:09:16.000Z</time></trkpt>
      <trkpt lat="35.779437" lon="127.687952"><ele>1237.6</ele><time>2016-01-23T06:09:16.000Z</time></trkpt>
      <trkpt lat="35.779468" lon="127.687992"><ele>1237.8</ele><time>2016-01-23T06:09:27.000Z</time></trkpt>
      <trkpt lat="35.779497" lon="127.688034"><ele>1238.0</ele><time>2016-01-23T06:09:27.000Z</time></trkpt>
      <trkpt lat="35.779527" lon="127.688076"><ele>1238.2</ele><time>2016-01-23T06:09:41.000Z</time></trkpt>
      <trkpt lat="35.779550" lon="127.688124"><ele>1238.3</ele><time>2016-01-23T06:09:41.000Z</time></trkpt>
      <trkpt lat="35.779573" lon="127.688172"><ele>1238.5</ele><time>2016-01-23T06:10:01.000Z</time></trkpt>
      <trkpt lat="35.779590" lon="127.688223"><ele>1238.6</ele><time>2016-01-23T06:10:01.000Z</time></trkpt>
      <trkpt lat="35.779606" lon="127.688274"><ele>1238.7</ele><time>2016-01-23T06:10:09.000Z</time></trkpt>
      <trkpt lat="35.779625" lon="127.688325"><ele>1238.8</ele><time>2016-01-23T06:10:09.000Z</time></trkpt>
      <trkpt lat="35.779644" lon="127.688375"><ele>1239.0</ele><time>2016-01-23T06:10:21.000Z</time></trkpt>
      <trkpt lat="35.779670" lon="127.688420"><ele>1239.2</ele><time>2016-01-23T06:10:36.000Z</time></trkpt>
      <trkpt lat="35.779697" lon="127.688465"><ele>1239.4</ele><time>2016-01-23T06:10:36.000Z</time></trkpt>
      <trkpt lat="35.779728" lon="127.688505"><ele>1239.6</ele><time>2016-01-23T06:10:45.000Z</time></trkpt>
      <trkpt lat="35.779758" lon="127.688545"><ele>1239.9</ele><time>2016-01-23T06:10:45.000Z</time></trkpt>
      <trkpt lat="35.779788" lon="127.688587"><ele>1240.2</ele><time>2016-01-23T06:10:45.000Z</time></trkpt>
      <trkpt lat="35.779817" lon="127.688630"><ele>1240.5</ele><time>2016-01-23T06:11:04.000Z</time></trkpt>
      <trkpt lat="35.779847" lon="127.688671"><ele>1240.8</ele><time>2016-01-23T06:11:04.000Z</time></trkpt>
      <trkpt lat="35.779877" lon="127.688712"><ele>1241.1</ele><time>2016-01-23T06:11:27.000Z</time></trkpt>
      <trkpt lat="35.779907" lon="127.688753"><ele>1241.5</ele><time>2016-01-23T06:11:27.000Z</time></trkpt>
      <trkpt lat="35.779937" lon="127.688795"><ele>1241.8</ele><time>2016-01-23T06:11:45.000Z</time></trkpt>
      <trkpt lat="35.779966" lon="127.688837"><ele>1242.1</ele><time>2016-01-23T06:11:45.000Z</time></trkpt>
      <trkpt lat="35.779996" lon="127.688879"><ele>1242.4</ele><time>2016-01-23T06:12:06.000Z</time></trkpt>
      <trkpt lat="35.780026" lon="127.688920"><ele>1242.7</ele><time>2016-01-23T06:12:06.000Z</time></trkpt>
      <trkpt lat="35.780056" lon="127.688961"><ele>1243.0</ele><time>2016-01-23T06:12:25.000Z</time></trkpt>
      <trkpt lat="35.780088" lon="127.688999"><ele>1243.2</ele><time>2016-01-23T06:12:25.000Z</time></trkpt>
      <trkpt lat="35.780124" lon="127.689033"><ele>1243.5</ele><time>2016-01-23T06:12:34.000Z</time></trkpt>
      <trkpt lat="35.780159" lon="127.689067"><ele>1243.8</ele><time>2016-01-23T06:12:34.000Z</time></trkpt>
      <trkpt lat="35.780192" lon="127.689105"><ele>1244.1</ele><time>2016-01-23T06:12:57.000Z</time></trkpt>
      <trkpt lat="35.780228" lon="127.689139"><ele>1244.5</ele><time>2016-01-23T06:12:57.000Z</time></trkpt>
      <trkpt lat="35.780264" lon="127.689171"><ele>1244.9</ele><time>2016-01-23T06:13:13.000Z</time></trkpt>
      <trkpt lat="35.780298" lon="127.689207"><ele>1245.3</ele><time>2016-01-23T06:13:13.000Z</time></trkpt>
      <trkpt lat="35.780331" lon="127.689245"><ele>1245.8</ele><time>2016-01-23T06:13:34.000Z</time></trkpt>
      <trkpt lat="35.780369" lon="127.689274"><ele>1246.3</ele><time>2016-01-23T06:13:34.000Z</time></trkpt>
      <trkpt lat="35.780408" lon="127.689302"><ele>1246.8</ele><time>2016-01-23T06:13:42.000Z</time></trkpt>
      <trkpt lat="35.780443" lon="127.689337"><ele>1247.5</ele><time>2016-01-23T06:13:42.000Z</time></trkpt>
      <trkpt lat="35.780476" lon="127.689374"><ele>1248.1</ele><time>2016-01-23T06:13:55.000Z</time></trkpt>
      <trkpt lat="35.780507" lon="127.689415"><ele>1248.8</ele><time>2016-01-23T06:13:55.000Z</time></trkpt>
      <trkpt lat="35.780536" lon="127.689457"><ele>1249.6</ele><time>2016-01-23T06:14:31.000Z</time></trkpt>
      <trkpt lat="35.780561" lon="127.689502"><ele>1250.3</ele><time>2016-01-23T06:14:31.000Z</time></trkpt>
      <trkpt lat="35.780586" lon="127.689549"><ele>1251.0</ele><time>2016-01-23T06:14:46.000Z</time></trkpt>
      <trkpt lat="35.780610" lon="127.689596"><ele>1251.8</ele><time>2016-01-23T06:14:46.000Z</time></trkpt>
      <trkpt lat="35.780634" lon="127.689642"><ele>1252.7</ele><time>2016-01-23T06:15:00.000Z</time></trkpt>
      <trkpt lat="35.780665" lon="127.689682"><ele>1253.5</ele><time>2016-01-23T06:15:00.000Z</time></trkpt>
      <trkpt lat="35.780698" lon="127.689720"><ele>1254.3</ele><time>2016-01-23T06:15:17.000Z</time></trkpt>
      <trkpt lat="35.780732" lon="127.689756"><ele>1255.0</ele><time>2016-01-23T06:15:17.000Z</time></trkpt>
      <trkpt lat="35.780766" lon="127.689792"><ele>1255.7</ele><time>2016-01-23T06:15:28.000Z</time></trkpt>
      <trkpt lat="35.780802" lon="127.689826"><ele>1256.4</ele><time>2016-01-23T06:15:28.000Z</time></trkpt>
      <trkpt lat="35.780838" lon="127.689858"><ele>1257.0</ele><time>2016-01-23T06:15:50.000Z</time></trkpt>
      <trkpt lat="35.780874" lon="127.689892"><ele>1257.6</ele><time>2016-01-23T06:15:50.000Z</time></trkpt>
      <trkpt lat="35.780908" lon="127.689928"><ele>1258.3</ele><time>2016-01-23T06:16:03.000Z</time></trkpt>
      <trkpt lat="35.780942" lon="127.689964"><ele>1258.9</ele><time>2016-01-23T06:16:03.000Z</time></trkpt>
      <trkpt lat="35.780977" lon="127.689999"><ele>1259.5</ele><time>2016-01-23T06:16:03.000Z</time></trkpt>
      <trkpt lat="35.781013" lon="127.690033"><ele>1260.0</ele><time>2016-01-23T06:16:17.000Z</time></trkpt>
      <trkpt lat="35.781049" lon="127.690066"><ele>1260.6</ele><time>2016-01-23T06:16:17.000Z</time></trkpt>
      <trkpt lat="35.781085" lon="127.690098"><ele>1261.1</ele><time>2016-01-23T06:16:41.000Z</time></trkpt>
      <trkpt lat="35.781122" lon="127.690129"><ele>1261.7</ele><time>2016-01-23T06:16:41.000Z</time></trkpt>
      <trkpt lat="35.781161" lon="127.690158"><ele>1262.1</ele><time>2016-01-23T06:16:41.000Z</time></trkpt>
      <trkpt lat="35.781200" lon="127.690186"><ele>1262.5</ele><time>2016-01-23T06:16:47.000Z</time></trkpt>
      <trkpt lat="35.781238" lon="127.690214"><ele>1262.9</ele><time>2016-01-23T06:16:47.000Z</time></trkpt>
      <trkpt lat="35.781277" lon="127.690242"><ele>1263.3</ele><time>2016-01-23T06:16:47.000Z</time></trkpt>
      <trkpt lat="35.781316" lon="127.690271"><ele>1263.8</ele><time>2016-01-23T06:17:24.000Z</time></trkpt>
      <trkpt lat="35.781352" lon="127.690303"><ele>1264.2</ele><time>2016-01-23T06:17:24.000Z</time></trkpt>
      <trkpt lat="35.781387" lon="127.690338"><ele>1264.7</ele><time>2016-01-23T06:17:33.000Z</time></trkpt>
      <trkpt lat="35.781422" lon="127.690374"><ele>1265.2</ele><time>2016-01-23T06:17:33.000Z</time></trkpt>
      <trkpt lat="35.781455" lon="127.690410"><ele>1265.9</ele><time>2016-01-23T06:17:33.000Z</time></trkpt>
      <trkpt lat="35.781489" lon="127.690447"><ele>1266.6</ele><time>2016-01-23T06:18:13.000Z</time></trkpt>
      <trkpt lat="35.781521" lon="127.690486"><ele>1267.3</ele><time>2016-01-23T06:18:13.000Z</time></trkpt>
      <trkpt lat="35.781553" lon="127.690525"><ele>1268.1</ele><time>2016-01-23T06:18:28.000Z</time></trkpt>
      <trkpt lat="35.781590" lon="127.690555"><ele>1268.7</ele><time>2016-01-23T06:18:28.000Z</time></trkpt>
      <trkpt lat="35.781630" lon="127.690582"><ele>1269.4</ele><time>2016-01-23T06:18:39.000Z</time></trkpt>
      <trkpt lat="35.781667" lon="127.690612"><ele>1270.2</ele><time>2016-01-23T06:18:39.000Z</time></trkpt>
      <trkpt lat="35.781701" lon="127.690649"><ele>1271.0</ele><time>2016-01-23T06:19:03.000Z</time></trkpt>
      <trkpt lat="35.781733" lon="127.690687"><ele>1271.9</ele><time>2016-01-23T06:19:03.000Z</time></trkpt>
      <trkpt lat="35.781760" lon="127.690731"><ele>1272.8</ele><time>2016-01-23T06:19:14.000Z</time></trkpt>
      <trkpt lat="35.781780" lon="127.690779"><ele>1273.5</ele><time>2016-01-23T06:19:14.000Z</time></trkpt>
      <trkpt lat="35.781782" lon="127.690834"><ele>1274.1</ele><time>2016-01-23T06:19:51.000Z</time></trkpt>
      <trkpt lat="35.781783" lon="127.690889"><ele>1274.6</ele><time>2016-01-23T06:19:51.000Z</time></trkpt>
      <trkpt lat="35.781780" lon="127.690945"><ele>1275.1</ele><time>2016-01-23T06:20:03.000Z</time></trkpt>
      <trkpt lat="35.781777" lon="127.691000"><ele>1275.6</ele><time>2016-01-23T06:20:03.000Z</time></trkpt>
      <trkpt lat="35.781771" lon="127.691055"><ele>1276.1</ele><time>2016-01-23T06:20:34.000Z</time></trkpt>
      <trkpt lat="35.781769" lon="127.691110"><ele>1276.6</ele><time>2016-01-23T06:20:34.000Z</time></trkpt>
      <trkpt lat="35.781771" lon="127.691165"><ele>1277.2</ele><time>2016-01-23T06:21:07.000Z</time></trkpt>
      <trkpt lat="35.781778" lon="127.691220"><ele>1277.7</ele><time>2016-01-23T06:21:07.000Z</time></trkpt>
      <trkpt lat="35.781785" lon="127.691275"><ele>1278.2</ele><time>2016-01-23T06:21:27.000Z</time></trkpt>
      <trkpt lat="35.781798" lon="127.691328"><ele>1278.7</ele><time>2016-01-23T06:21:27.000Z</time></trkpt>
      <trkpt lat="35.781813" lon="127.691380"><ele>1279.2</ele><time>2016-01-23T06:21:39.000Z</time></trkpt>
      <trkpt lat="35.781834" lon="127.691429"><ele>1279.8</ele><time>2016-01-23T06:21:39.000Z</time></trkpt>
      <trkpt lat="35.781855" lon="127.691478"><ele>1280.3</ele><time>2016-01-23T06:21:51.000Z</time></trkpt>
      <trkpt lat="35.781883" lon="127.691521"><ele>1280.8</ele><time>2016-01-23T06:21:51.000Z</time></trkpt>
      <trkpt lat="35.781911" lon="127.691564"><ele>1281.3</ele><time>2016-01-23T06:22:09.000Z</time></trkpt>
      <trkpt lat="35.781944" lon="127.691602"><ele>1281.8</ele><time>2016-01-23T06:22:09.000Z</time></trkpt>
      <trkpt lat="35.781977" lon="127.691640"><ele>1282.2</ele><time>2016-01-23T06:22:28.000Z</time></trkpt>
      <trkpt lat="35.782013" lon="127.691674"><ele>1282.6</ele><time>2016-01-23T06:22:28.000Z</time></trkpt>
      <trkpt lat="35.782049" lon="127.691706"><ele>1283.0</ele><time>2016-01-23T06:22:35.000Z</time></trkpt>
      <trkpt lat="35.782087" lon="127.691737"><ele>1283.4</ele><time>2016-01-23T06:22:35.000Z</time></trkpt>
      <trkpt lat="35.782125" lon="127.691766"><ele>1283.8</ele><time>2016-01-23T06:22:49.000Z</time></trkpt>
      <trkpt lat="35.782160" lon="127.691800"><ele>1284.1</ele><time>2016-01-23T06:22:49.000Z</time></trkpt>
      <trkpt lat="35.782194" lon="127.691836"><ele>1284.5</ele><time>2016-01-23T06:23:14.000Z</time></trkpt>
      <trkpt lat="35.782223" lon="127.691878"><ele>1284.8</ele><time>2016-01-23T06:23:14.000Z</time></trkpt>
      <trkpt lat="35.782248" lon="127.691924"><ele>1285.1</ele><time>2016-01-23T06:23:34.000Z</time></trkpt>
      <trkpt lat="35.782271" lon="127.691972"><ele>1285.4</ele><time>2016-01-23T06:23:34.000Z</time></trkpt>
      <trkpt lat="35.782290" lon="127.692022"><ele>1285.8</ele><time>2016-01-23T06:23:44.000Z</time></trkpt>
      <trkpt lat="35.782313" lon="127.692070"><ele>1286.1</ele><time>2016-01-23T06:23:44.000Z</time></trkpt>
      <trkpt lat="35.782338" lon="127.692116"><ele>1286.3</ele><time>2016-01-23T06:24:00.000Z</time></trkpt>
      <trkpt lat="35.782363" lon="127.692161"><ele>1286.6</ele><time>2016-01-23T06:24:00.000Z</time></trkpt>
      <trkpt lat="35.782390" lon="127.692206"><ele>1286.9</ele><time>2016-01-23T06:24:20.000Z</time></trkpt>
      <trkpt lat="35.782413" lon="127.692253"><ele>1287.1</ele><time>2016-01-23T06:24:20.000Z</time></trkpt>
      <trkpt lat="35.782432" lon="127.692303"><ele>1287.5</ele><time>2016-01-23T06:24:44.000Z</time></trkpt>
      <trkpt lat="35.782450" lon="127.692354"><ele>1287.8</ele><time>2016-01-23T06:24:44.000Z</time></trkpt>
      <trkpt lat="35.782467" lon="127.692406"><ele>1288.2</ele><time>2016-01-23T06:25:07.000Z</time></trkpt>
      <trkpt lat="35.782483" lon="127.692457"><ele>1288.5</ele><time>2016-01-23T06:25:07.000Z</time></trkpt>
      <trkpt lat="35.782499" lon="127.692509"><ele>1289.0</ele><time>2016-01-23T06:25:07.000Z</time></trkpt>
      <trkpt lat="35.782516" lon="127.692560"><ele>1289.4</ele><time>2016-01-23T06:25:17.000Z</time></trkpt>
      <trkpt lat="35.782534" lon="127.692611"><ele>1289.9</ele><time>2016-01-23T06:25:17.000Z</time></trkpt>
      <trkpt lat="35.782554" lon="127.692661"><ele>1290.5</ele><time>2016-01-23T06:25:26.000Z</time></trkpt>
      <trkpt lat="35.782574" lon="127.692710"><ele>1291.1</ele><time>2016-01-23T06:25:26.000Z</time></trkpt>
      <trkpt lat="35.782596" lon="127.692759"><ele>1291.7</ele><time>2016-01-23T06:25:39.000Z</time></trkpt>
      <trkpt lat="35.782620" lon="127.692805"><ele>1292.4</ele><time>2016-01-23T06:25:39.000Z</time></trkpt>
      <trkpt lat="35.782650" lon="127.692847"><ele>1293.1</ele><time>2016-01-23T06:25:56.000Z</time></trkpt>
      <trkpt lat="35.782681" lon="127.692887"><ele>1293.8</ele><time>2016-01-23T06:25:56.000Z</time></trkpt>
      <trkpt lat="35.782713" lon="127.692926"><ele>1294.4</ele><time>2016-01-23T06:26:09.000Z</time></trkpt>
      <trkpt lat="35.782745" lon="127.692965"><ele>1295.0</ele><time>2016-01-23T06:26:09.000Z</time></trkpt>
      <trkpt lat="35.782775" lon="127.693006"><ele>1295.6</ele><time>2016-01-23T06:26:38.000Z</time></trkpt>
      <trkpt lat="35.782804" lon="127.693048"><ele>1296.2</ele><time>2016-01-23T06:26:38.000Z</time></trkpt>
      <trkpt lat="35.782826" lon="127.693096"><ele>1296.8</ele><time>2016-01-23T06:27:15.000Z</time></trkpt>
      <trkpt lat="35.782847" lon="127.693145"><ele>1297.4</ele><time>2016-01-23T06:27:15.000Z</time></trkpt>
      <trkpt lat="35.782863" lon="127.693197"><ele>1298.2</ele><time>2016-01-23T06:27:28.000Z</time></trkpt>
      <trkpt lat="35.782880" lon="127.693248"><ele>1298.9</ele><time>2016-01-23T06:27:28.000Z</time></trkpt>
      <trkpt lat="35.782898" lon="127.693299"><ele>1299.7</ele><time>2016-01-23T06:28:20.000Z</time></trkpt>
      <trkpt lat="35.782916" lon="127.693350"><ele>1300.6</ele><time>2016-01-23T06:28:20.000Z</time></trkpt>
      <trkpt lat="35.782936" lon="127.693399"><ele>1301.5</ele><time>2016-01-23T06:28:29.000Z</time></trkpt>
      <trkpt lat="35.782959" lon="127.693447"><ele>1302.5</ele><time>2016-01-23T06:28:29.000Z</time></trkpt>
      <trkpt lat="35.782985" lon="127.693493"><ele>1303.4</ele><time>2016-01-23T06:28:35.000Z</time></trkpt>
      <trkpt lat="35.783014" lon="127.693534"><ele>1304.4</ele><time>2016-01-23T06:28:35.000Z</time></trkpt>
      <trkpt lat="35.783048" lon="127.693570"><ele>1305.4</ele><time>2016-01-23T06:28:49.000Z</time></trkpt>
      <trkpt lat="35.783084" lon="127.693604"><ele>1306.4</ele><time>2016-01-23T06:28:49.000Z</time></trkpt>
      <trkpt lat="35.783122" lon="127.693634"><ele>1307.4</ele><time>2016-01-23T06:29:09.000Z</time></trkpt>
      <trkpt lat="35.783160" lon="127.693662"><ele>1308.4</ele><time>2016-01-23T06:29:09.000Z</time></trkpt>
      <trkpt lat="35.783200" lon="127.693688"><ele>1309.4</ele><time>2016-01-23T06:29:26.000Z</time></trkpt>
      <trkpt lat="35.783240" lon="127.693713"><ele>1310.5</ele><time>2016-01-23T06:29:26.000Z</time></trkpt>
      <trkpt lat="35.783278" lon="127.693742"><ele>1311.7</ele><time>2016-01-23T06:29:26.000Z</time></trkpt>
      <trkpt lat="35.783317" lon="127.693772"><ele>1313.0</ele><time>2016-01-23T06:29:40.000Z</time></trkpt>
      <trkpt lat="35.783354" lon="127.693801"><ele>1314.3</ele><time>2016-01-23T06:29:40.000Z</time></trkpt>
      <trkpt lat="35.783392" lon="127.693831"><ele>1315.6</ele><time>2016-01-23T06:30:02.000Z</time></trkpt>
      <trkpt lat="35.783430" lon="127.693861"><ele>1317.0</ele><time>2016-01-23T06:30:02.000Z</time></trkpt>
      <trkpt lat="35.783468" lon="127.693891"><ele>1318.5</ele><time>2016-01-23T06:30:14.000Z</time></trkpt>
      <trkpt lat="35.783504" lon="127.693925"><ele>1320.0</ele><time>2016-01-23T06:30:14.000Z</time></trkpt>
      <trkpt lat="35.783540" lon="127.693958"><ele>1321.5</ele><time>2016-01-23T06:30:26.000Z</time></trkpt>
      <trkpt lat="35.783572" lon="127.693997"><ele>1322.8</ele><time>2016-01-23T06:30:26.000Z</time></trkpt>
      <trkpt lat="35.783604" lon="127.694036"><ele>1324.2</ele><time>2016-01-23T06:30:33.000Z</time></trkpt>
      <trkpt lat="35.783634" lon="127.694077"><ele>1325.7</ele><time>2016-01-23T06:30:33.000Z</time></trkpt>
      <trkpt lat="35.783664" lon="127.694118"><ele>1327.1</ele><time>2016-01-23T06:30:49.000Z</time></trkpt>
      <trkpt lat="35.783695" lon="127.694158"><ele>1328.6</ele><time>2016-01-23T06:30:49.000Z</time></trkpt>
      <trkpt lat="35.783726" lon="127.694198"><ele>1330.0</ele><time>2016-01-23T06:31:03.000Z</time></trkpt>
      <trkpt lat="35.783759" lon="127.694236"><ele>1331.3</ele><time>2016-01-23T06:31:03.000Z</time></trkpt>
      <trkpt lat="35.783792" lon="127.694274"><ele>1332.7</ele><time>2016-01-23T06:31:23.000Z</time></trkpt>
      <trkpt lat="35.783826" lon="127.694311"><ele>1333.8</ele><time>2016-01-23T06:31:23.000Z</time></trkpt>
      <trkpt lat="35.783860" lon="127.694347"><ele>1334.9</ele><time>2016-01-23T06:31:44.000Z</time></trkpt>
      <trkpt lat="35.783895" lon="127.694382"><ele>1336.1</ele><time>2016-01-23T06:31:44.000Z</time></trkpt>
      <trkpt lat="35.783930" lon="127.694417"><ele>1337.2</ele><time>2016-01-23T06:32:09.000Z</time></trkpt>
      <trkpt lat="35.783966" lon="127.694448"><ele>1338.3</ele><time>2016-01-23T06:32:09.000Z</time></trkpt>
      <trkpt lat="35.784004" lon="127.694478"><ele>1339.3</ele><time>2016-01-23T06:32:25.000Z</time></trkpt>
      <trkpt lat="35.784043" lon="127.694506"><ele>1340.3</ele><time>2016-01-23T06:32:25.000Z</time></trkpt>
      <trkpt lat="35.784083" lon="127.694531"><ele>1341.3</ele><time>2016-01-23T06:32:41.000Z</time></trkpt>
      <trkpt lat="35.784125" lon="127.694551"><ele>1342.4</ele><time>2016-01-23T06:32:41.000Z</time></trkpt>
      <trkpt lat="35.784169" lon="127.694562"><ele>1343.4</ele><time>2016-01-23T06:32:53.000Z</time></trkpt>
      <trkpt lat="35.784213" lon="127.694569"><ele>1344.3</ele><time>2016-01-23T06:32:53.000Z</time></trkpt>
      <trkpt lat="35.784258" lon="127.694566"><ele>1345.3</ele><time>2016-01-23T06:33:02.000Z</time></trkpt>
      <trkpt lat="35.784303" lon="127.694562"><ele>1346.2</ele><time>2016-01-23T06:33:02.000Z</time></trkpt>
      <trkpt lat="35.784346" lon="127.694549"><ele>1347.1</ele><time>2016-01-23T06:33:24.000Z</time></trkpt>
      <trkpt lat="35.784390" lon="127.694536"><ele>1348.0</ele><time>2016-01-23T06:33:24.000Z</time></trkpt>
      <trkpt lat="35.784435" lon="127.694535"><ele>1348.9</ele><time>2016-01-23T06:33:46.000Z</time></trkpt>
      <trkpt lat="35.784480" lon="127.694536"><ele>1349.8</ele><time>2016-01-23T06:33:46.000Z</time></trkpt>
      <trkpt lat="35.784523" lon="127.694550"><ele>1350.7</ele><time>2016-01-23T06:34:40.000Z</time></trkpt>
      <trkpt lat="35.784566" lon="127.694566"><ele>1351.6</ele><time>2016-01-23T06:34:40.000Z</time></trkpt>
      <trkpt lat="35.784608" lon="127.694588"><ele>1352.4</ele><time>2016-01-23T06:34:53.000Z</time></trkpt>
      <trkpt lat="35.784649" lon="127.694611"><ele>1353.1</ele><time>2016-01-23T06:34:53.000Z</time></trkpt>
      <trkpt lat="35.784689" lon="127.694635"><ele>1353.9</ele><time>2016-01-23T06:35:07.000Z</time></trkpt>
      <trkpt lat="35.784729" lon="127.694660"><ele>1354.5</ele><time>2016-01-23T06:35:07.000Z</time></trkpt>
      <trkpt lat="35.784768" lon="127.694687"><ele>1355.2</ele><time>2016-01-23T06:35:19.000Z</time></trkpt>
      <trkpt lat="35.784807" lon="127.694716"><ele>1355.8</ele><time>2016-01-23T06:35:19.000Z</time></trkpt>
      <trkpt lat="35.784844" lon="127.694748"><ele>1356.3</ele><time>2016-01-23T06:35:42.000Z</time></trkpt>
      <trkpt lat="35.784877" lon="127.694784"><ele>1356.9</ele><time>2016-01-23T06:35:42.000Z</time></trkpt>
      <trkpt lat="35.784904" lon="127.694828"><ele>1357.3</ele><time>2016-01-23T06:35:52.000Z</time></trkpt>
      <trkpt lat="35.784932" lon="127.694871"><ele>1357.7</ele><time>2016-01-23T06:35:52.000Z</time></trkpt>
      <trkpt lat="35.784961" lon="127.694914"><ele>1358.1</ele><time>2016-01-23T06:36:03.000Z</time></trkpt>
      <trkpt lat="35.784985" lon="127.694961"><ele>1358.3</ele><time>2016-01-23T06:36:03.000Z</time></trkpt>
      <trkpt lat="35.785006" lon="127.695010"><ele>1358.5</ele><time>2016-01-23T06:36:24.000Z</time></trkpt>
      <trkpt lat="35.785034" lon="127.695053"><ele>1358.6</ele><time>2016-01-23T06:36:46.000Z</time></trkpt>
      <trkpt lat="35.785062" lon="127.695096"><ele>1358.7</ele><time>2016-01-23T06:36:46.000Z</time></trkpt>
      <trkpt lat="35.785092" lon="127.695138"><ele>1358.7</ele><time>2016-01-23T06:36:59.000Z</time></trkpt>
      <trkpt lat="35.785123" lon="127.695177"><ele>1358.8</ele><time>2016-01-23T06:36:59.000Z</time></trkpt>
      <trkpt lat="35.785158" lon="127.695213"><ele>1358.8</ele><time>2016-01-23T06:37:13.000Z</time></trkpt>
      <trkpt lat="35.785190" lon="127.695251"><ele>1358.9</ele><time>2016-01-23T06:37:13.000Z</time></trkpt>
      <trkpt lat="35.785222" lon="127.695291"><ele>1359.0</ele><time>2016-01-23T06:37:29.000Z</time></trkpt>
      <trkpt lat="35.785250" lon="127.695333"><ele>1359.1</ele><time>2016-01-23T06:37:29.000Z</time></trkpt>
      <trkpt lat="35.785276" lon="127.695379"><ele>1359.3</ele><time>2016-01-23T06:38:42.000Z</time></trkpt>
      <trkpt lat="35.785302" lon="127.695424"><ele>1359.4</ele><time>2016-01-23T06:38:42.000Z</time></trkpt>
      <trkpt lat="35.785326" lon="127.695471"><ele>1359.5</ele><time>2016-01-23T06:38:42.000Z</time></trkpt>
      <trkpt lat="35.785348" lon="127.695519"><ele>1359.7</ele><time>2016-01-23T06:40:36.000Z</time></trkpt>
      <trkpt lat="35.785371" lon="127.695567"><ele>1359.9</ele><time>2016-01-23T06:40:36.000Z</time></trkpt>
      <trkpt lat="35.785393" lon="127.695615"><ele>1360.1</ele><time>2016-01-23T06:40:36.000Z</time></trkpt>
      <trkpt lat="35.785416" lon="127.695662"><ele>1360.3</ele><time>2016-01-23T06:41:09.000Z</time></trkpt>
      <trkpt lat="35.785439" lon="127.695710"><ele>1360.5</ele><time>2016-01-23T06:41:09.000Z</time></trkpt>
      <trkpt lat="35.785463" lon="127.695757"><ele>1360.9</ele><time>2016-01-23T06:41:09.000Z</time></trkpt>
      <trkpt lat="35.785487" lon="127.695804"><ele>1361.4</ele><time>2016-01-23T06:41:19.000Z</time></trkpt>
      <trkpt lat="35.785516" lon="127.695847"><ele>1362.1</ele><time>2016-01-23T06:41:35.000Z</time></trkpt>
      <trkpt lat="35.785546" lon="127.695887"><ele>1362.8</ele><time>2016-01-23T06:41:35.000Z</time></trkpt>
      <trkpt lat="35.785583" lon="127.695918"><ele>1363.5</ele><time>2016-01-23T06:41:45.000Z</time></trkpt>
      <trkpt lat="35.785621" lon="127.695949"><ele>1364.2</ele><time>2016-01-23T06:41:45.000Z</time></trkpt>
      <trkpt lat="35.785659" lon="127.695979"><ele>1364.9</ele><time>2016-01-23T06:41:58.000Z</time></trkpt>
      <trkpt lat="35.785696" lon="127.696010"><ele>1365.7</ele><time>2016-01-23T06:41:58.000Z</time></trkpt>
      <trkpt lat="35.785731" lon="127.696044"><ele>1366.7</ele><time>2016-01-23T06:42:15.000Z</time></trkpt>
      <trkpt lat="35.785764" lon="127.696081"><ele>1367.7</ele><time>2016-01-23T06:42:15.000Z</time></trkpt>
      <trkpt lat="35.785793" lon="127.696124"><ele>1368.6</ele><time>2016-01-23T06:42:26.000Z</time></trkpt>
      <trkpt lat="35.785820" lon="127.696168"><ele>1369.5</ele><time>2016-01-23T06:42:26.000Z</time></trkpt>
      <trkpt lat="35.785846" lon="127.696213"><ele>1370.5</ele><time>2016-01-23T06:42:44.000Z</time></trkpt>
      <trkpt lat="35.785873" lon="127.696258"><ele>1371.4</ele><time>2016-01-23T06:42:44.000Z</time></trkpt>
      <trkpt lat="35.785902" lon="127.696300"><ele>1372.3</ele><time>2016-01-23T06:43:00.000Z</time></trkpt>
      <trkpt lat="35.785931" lon="127.696342"><ele>1373.2</ele><time>2016-01-23T06:43:00.000Z</time></trkpt>
      <trkpt lat="35.785963" lon="127.696382"><ele>1374.1</ele><time>2016-01-23T06:43:00.000Z</time></trkpt>
      <trkpt lat="35.785994" lon="127.696422"><ele>1375.0</ele><time>2016-01-23T06:43:22.000Z</time></trkpt>
      <trkpt lat="35.786023" lon="127.696463"><ele>1376.1</ele><time>2016-01-23T06:43:22.000Z</time></trkpt>
      <trkpt lat="35.786053" lon="127.696505"><ele>1377.3</ele><time>2016-01-23T06:43:36.000Z</time></trkpt>
      <trkpt lat="35.786080" lon="127.696550"><ele>1378.4</ele><time>2016-01-23T06:43:36.000Z</time></trkpt>
      <trkpt lat="35.786105" lon="127.696595"><ele>1379.6</ele><time>2016-01-23T06:43:51.000Z</time></trkpt>
      <trkpt lat="35.786132" lon="127.696640"><ele>1380.8</ele><time>2016-01-23T06:43:51.000Z</time></trkpt>
      <trkpt lat="35.786161" lon="127.696683"><ele>1382.1</ele><time>2016-01-23T06:44:13.000Z</time></trkpt>
      <trkpt lat="35.786191" lon="127.696724"><ele>1383.2</ele><time>2016-01-23T06:44:13.000Z</time></trkpt>
      <trkpt lat="35.786223" lon="127.696762"><ele>1384.3</ele><time>2016-01-23T06:44:30.000Z</time></trkpt>
      <trkpt lat="35.786256" lon="127.696800"><ele>1385.2</ele><time>2016-01-23T06:44:30.000Z</time></trkpt>
      <trkpt lat="35.786290" lon="127.696836"><ele>1386.1</ele><time>2016-01-23T06:44:42.000Z</time></trkpt>
      <trkpt lat="35.786323" lon="127.696874"><ele>1386.8</ele><time>2016-01-23T06:44:42.000Z</time></trkpt>
      <trkpt lat="35.786354" lon="127.696913"><ele>1387.3</ele><time>2016-01-23T06:44:58.000Z</time></trkpt>
      <trkpt lat="35.786385" lon="127.696954"><ele>1387.7</ele><time>2016-01-23T06:44:58.000Z</time></trkpt>
      <trkpt lat="35.786414" lon="127.696996"><ele>1388.0</ele><time>2016-01-23T06:45:09.000Z</time></trkpt>
      <trkpt lat="35.786443" lon="127.697039"><ele>1388.3</ele><time>2016-01-23T06:45:09.000Z</time></trkpt>
      <trkpt lat="35.786472" lon="127.697081"><ele>1388.5</ele><time>2016-01-23T06:45:21.000Z</time></trkpt>
      <trkpt lat="35.786501" lon="127.697124"><ele>1388.8</ele><time>2016-01-23T06:45:21.000Z</time></trkpt>
      <trkpt lat="35.786529" lon="127.697167"><ele>1389.1</ele><time>2016-01-23T06:45:21.000Z</time></trkpt>
      <trkpt lat="35.786557" lon="127.697210"><ele>1389.3</ele><time>2016-01-23T06:45:33.000Z</time></trkpt>
      <trkpt lat="35.786585" lon="127.697254"><ele>1389.5</ele><time>2016-01-23T06:45:33.000Z</time></trkpt>
      <trkpt lat="35.786613" lon="127.697297"><ele>1389.6</ele><time>2016-01-23T06:45:46.000Z</time></trkpt>
      <trkpt lat="35.786638" lon="127.697343"><ele>1389.7</ele><time>2016-01-23T06:45:46.000Z</time></trkpt>
      <trkpt lat="35.786661" lon="127.697391"><ele>1389.8</ele><time>2016-01-23T06:46:02.000Z</time></trkpt>
      <trkpt lat="35.786688" lon="127.697435"><ele>1389.8</ele><time>2016-01-23T06:46:02.000Z</time></trkpt>
      <trkpt lat="35.786716" lon="127.697478"><ele>1389.8</ele><time>2016-01-23T06:46:15.000Z</time></trkpt>
      <trkpt lat="35.786747" lon="127.697518"><ele>1389.8</ele><time>2016-01-23T06:46:15.000Z</time></trkpt>
      <trkpt lat="35.786779" lon="127.697557"><ele>1389.7</ele><time>2016-01-23T06:46:27.000Z</time></trkpt>
      <trkpt lat="35.786814" lon="127.697592"><ele>1389.6</ele><time>2016-01-23T06:46:27.000Z</time></trkpt>
      <trkpt lat="35.786849" lon="127.697627"><ele>1389.5</ele><time>2016-01-23T06:46:42.000Z</time></trkpt>
      <trkpt lat="35.786885" lon="127.697659"><ele>1389.4</ele><time>2016-01-23T06:46:42.000Z</time></trkpt>
      <trkpt lat="35.786923" lon="127.697689"><ele>1389.4</ele><time>2016-01-23T06:47:09.000Z</time></trkpt>
      <trkpt lat="35.786961" lon="127.697719"><ele>1389.4</ele><time>2016-01-23T06:47:09.000Z</time></trkpt>
      <trkpt lat="35.787000" lon="127.697747"><ele>1389.4</ele><time>2016-01-23T06:47:22.000Z</time></trkpt>
      <trkpt lat="35.787039" lon="127.697774"><ele>1389.5</ele><time>2016-01-23T06:47:22.000Z</time></trkpt>
      <trkpt lat="35.787079" lon="127.697801"><ele>1389.5</ele><time>2016-01-23T06:48:51.000Z</time></trkpt>
      <trkpt lat="35.787113" lon="127.697835"><ele>1389.6</ele><time>2016-01-23T06:48:51.000Z</time></trkpt>
      <trkpt lat="35.787144" lon="127.697876"><ele>1389.8</ele><time>2016-01-23T06:49:10.000Z</time></trkpt>
      <trkpt lat="35.787172" lon="127.697919"><ele>1389.9</ele><time>2016-01-23T06:49:10.000Z</time></trkpt>
      <trkpt lat="35.787200" lon="127.697963"><ele>1390.1</ele><time>2016-01-23T06:49:33.000Z</time></trkpt>
      <trkpt lat="35.787227" lon="127.698006"><ele>1390.3</ele><time>2016-01-23T06:49:33.000Z</time></trkpt>
      <trkpt lat="35.787255" lon="127.698050"><ele>1390.4</ele><time>2016-01-23T06:49:42.000Z</time></trkpt>
      <trkpt lat="35.787281" lon="127.698095"><ele>1390.6</ele><time>2016-01-23T06:49:42.000Z</time></trkpt>
      <trkpt lat="35.787307" lon="127.698140"><ele>1390.9</ele><time>2016-01-23T06:49:57.000Z</time></trkpt>
      <trkpt lat="35.787332" lon="127.698187"><ele>1391.1</ele><time>2016-01-23T06:49:57.000Z</time></trkpt>
      <trkpt lat="35.787356" lon="127.698233"><ele>1391.3</ele><time>2016-01-23T06:50:09.000Z</time></trkpt>
      <trkpt lat="35.787384" lon="127.698277"><ele>1391.6</ele><time>2016-01-23T06:50:09.000Z</time></trkpt>
      <trkpt lat="35.787413" lon="127.698320"><ele>1391.9</ele><time>2016-01-23T06:50:21.000Z</time></trkpt>
      <trkpt lat="35.787445" lon="127.698358"><ele>1392.3</ele><time>2016-01-23T06:50:21.000Z</time></trkpt>
      <trkpt lat="35.787478" lon="127.698395"><ele>1392.6</ele><time>2016-01-23T06:50:34.000Z</time></trkpt>
      <trkpt lat="35.787514" lon="127.698427"><ele>1393.0</ele><time>2016-01-23T06:50:34.000Z</time></trkpt>
      <trkpt lat="35.787553" lon="127.698456"><ele>1393.3</ele><time>2016-01-23T06:50:46.000Z</time></trkpt>
      <trkpt lat="35.787592" lon="127.698482"><ele>1393.7</ele><time>2016-01-23T06:50:46.000Z</time></trkpt>
      <trkpt lat="35.787634" lon="127.698505"><ele>1394.1</ele><time>2016-01-23T06:50:57.000Z</time></trkpt>
      <trkpt lat="35.787675" lon="127.698526"><ele>1394.5</ele><time>2016-01-23T06:50:57.000Z</time></trkpt>
      <trkpt lat="35.787717" lon="127.698545"><ele>1395.0</ele><time>2016-01-23T06:51:06.000Z</time></trkpt>
      <trkpt lat="35.787759" lon="127.698567"><ele>1395.4</ele><time>2016-01-23T06:51:06.000Z</time></trkpt>
      <trkpt lat="35.787799" lon="127.698592"><ele>1395.8</ele><time>2016-01-23T06:51:16.000Z</time></trkpt>
      <trkpt lat="35.787837" lon="127.698621"><ele>1396.2</ele><time>2016-01-23T06:51:16.000Z</time></trkpt>
      <trkpt lat="35.787872" lon="127.698656"><ele>1396.5</ele><time>2016-01-23T06:51:34.000Z</time></trkpt>
      <trkpt lat="35.787907" lon="127.698691"><ele>1396.9</ele><time>2016-01-23T06:51:34.000Z</time></trkpt>
      <trkpt lat="35.787941" lon="127.698726"><ele>1397.4</ele><time>2016-01-23T06:51:48.000Z</time></trkpt>
      <trkpt lat="35.787976" lon="127.698761"><ele>1397.8</ele><time>2016-01-23T06:51:48.000Z</time></trkpt>
      <trkpt lat="35.788012" lon="127.698795"><ele>1398.2</ele><time>2016-01-23T06:52:04.000Z</time></trkpt>
      <trkpt lat="35.788048" lon="127.698827"><ele>1398.5</ele><time>2016-01-23T06:52:04.000Z</time></trkpt>
      <trkpt lat="35.788086" lon="127.698857"><ele>1398.9</ele><time>2016-01-23T06:52:13.000Z</time></trkpt>
      <trkpt lat="35.788123" lon="127.698889"><ele>1399.3</ele><time>2016-01-23T06:52:13.000Z</time></trkpt>
      <trkpt lat="35.788157" lon="127.698925"><ele>1399.6</ele><time>2016-01-23T06:52:24.000Z</time></trkpt>
      <trkpt lat="35.788192" lon="127.698960"><ele>1399.9</ele><time>2016-01-23T06:52:24.000Z</time></trkpt>
      <trkpt lat="35.788225" lon="127.698997"><ele>1400.2</ele><time>2016-01-23T06:52:24.000Z</time></trkpt>
      <trkpt lat="35.788259" lon="127.699034"><ele>1400.5</ele><time>2016-01-23T06:53:25.000Z</time></trkpt>
      <trkpt lat="35.788293" lon="127.699071"><ele>1400.8</ele><time>2016-01-23T06:53:25.000Z</time></trkpt>
      <trkpt lat="35.788326" lon="127.699108"><ele>1401.0</ele><time>2016-01-23T06:53:39.000Z</time></trkpt>
      <trkpt lat="35.788360" lon="127.699144"><ele>1401.3</ele><time>2016-01-23T06:53:39.000Z</time></trkpt>
      <trkpt lat="35.788396" lon="127.699177"><ele>1401.6</ele><time>2016-01-23T06:53:54.000Z</time></trkpt>
      <trkpt lat="35.788432" lon="127.699211"><ele>1401.9</ele><time>2016-01-23T06:53:54.000Z</time></trkpt>
      <trkpt lat="35.788467" lon="127.699245"><ele>1402.1</ele><time>2016-01-23T06:53:54.000Z</time></trkpt>
      <trkpt lat="35.788502" lon="127.699280"><ele>1402.3</ele><time>2016-01-23T06:54:04.000Z</time></trkpt>
      <trkpt lat="35.788538" lon="127.699313"><ele>1402.6</ele><time>2016-01-23T06:54:04.000Z</time></trkpt>
      <trkpt lat="35.788575" lon="127.699345"><ele>1402.8</ele><time>2016-01-23T06:54:19.000Z</time></trkpt>
      <trkpt lat="35.788609" lon="127.699380"><ele>1403.0</ele><time>2016-01-23T06:54:19.000Z</time></trkpt>
      <trkpt lat="35.788643" lon="127.699417"><ele>1403.3</ele><time>2016-01-23T06:54:31.000Z</time></trkpt>
      <trkpt lat="35.788673" lon="127.699458"><ele>1403.5</ele><time>2016-01-23T06:54:31.000Z</time></trkpt>
      <trkpt lat="35.788700" lon="127.699502"><ele>1403.7</ele><time>2016-01-23T06:54:41.000Z</time></trkpt>
      <trkpt lat="35.788721" lon="127.699551"><ele>1403.9</ele><time>2016-01-23T06:54:41.000Z</time></trkpt>
      <trkpt lat="35.788739" lon="127.699602"><ele>1404.1</ele><time>2016-01-23T06:54:49.000Z</time></trkpt>
      <trkpt lat="35.788757" lon="127.699653"><ele>1404.3</ele><time>2016-01-23T06:54:49.000Z</time></trkpt>
      <trkpt lat="35.788775" lon="127.699704"><ele>1404.5</ele><time>2016-01-23T06:54:55.000Z</time></trkpt>
      <trkpt lat="35.788795" lon="127.699753"><ele>1404.6</ele><time>2016-01-23T06:54:55.000Z</time></trkpt>
      <trkpt lat="35.788815" lon="127.699803"><ele>1404.8</ele><time>2016-01-23T06:55:06.000Z</time></trkpt>
      <trkpt lat="35.788838" lon="127.699850"><ele>1404.9</ele><time>2016-01-23T06:55:19.000Z</time></trkpt>
      <trkpt lat="35.788861" lon="127.699898"><ele>1405.0</ele><time>2016-01-23T06:55:19.000Z</time></trkpt>
      <trkpt lat="35.788882" lon="127.699947"><ele>1405.1</ele><time>2016-01-23T06:55:31.000Z</time></trkpt>
      <trkpt lat="35.788903" lon="127.699996"><ele>1405.2</ele><time>2016-01-23T06:55:31.000Z</time></trkpt>
      <trkpt lat="35.788920" lon="127.700047"><ele>1405.3</ele><time>2016-01-23T06:55:53.000Z</time></trkpt>
      <trkpt lat="35.788936" lon="127.700099"><ele>1405.3</ele><time>2016-01-23T06:55:53.000Z</time></trkpt>
      <trkpt lat="35.788946" lon="127.700153"><ele>1405.3</ele><time>2016-01-23T06:56:10.000Z</time></trkpt>
      <trkpt lat="35.788955" lon="127.700207"><ele>1405.3</ele><time>2016-01-23T06:56:10.000Z</time></trkpt>
      <trkpt lat="35.788958" lon="127.700263"><ele>1405.3</ele><time>2016-01-23T06:56:19.000Z</time></trkpt>
      <trkpt lat="35.788964" lon="127.700317"><ele>1405.2</ele><time>2016-01-23T06:56:19.000Z</time></trkpt>
      <trkpt lat="35.788974" lon="127.700372"><ele>1405.1</ele><time>2016-01-23T06:56:38.000Z</time></trkpt>
      <trkpt lat="35.788989" lon="127.700423"><ele>1405.0</ele><time>2016-01-23T06:56:38.000Z</time></trkpt>
      <trkpt lat="35.789011" lon="127.700472"><ele>1404.9</ele><time>2016-01-23T06:56:48.000Z</time></trkpt>
      <trkpt lat="35.789039" lon="127.700514"><ele>1404.7</ele><time>2016-01-23T06:56:48.000Z</time></trkpt>
      <trkpt lat="35.789071" lon="127.700554"><ele>1404.5</ele><time>2016-01-23T06:56:57.000Z</time></trkpt>
      <trkpt lat="35.789099" lon="127.700597"><ele>1404.2</ele><time>2016-01-23T06:56:57.000Z</time></trkpt>
      <trkpt lat="35.789125" lon="127.700642"><ele>1403.9</ele><time>2016-01-23T06:57:09.000Z</time></trkpt>
      <trkpt lat="35.789154" lon="127.700684"><ele>1403.5</ele><time>2016-01-23T06:57:09.000Z</time></trkpt>
      <trkpt lat="35.789183" lon="127.700726"><ele>1403.0</ele><time>2016-01-23T06:57:21.000Z</time></trkpt>
      <trkpt lat="35.789207" lon="127.700773"><ele>1402.5</ele><time>2016-01-23T06:57:34.000Z</time></trkpt>
      <trkpt lat="35.789232" lon="127.700819"><ele>1402.0</ele><time>2016-01-23T06:57:34.000Z</time></trkpt>
      <trkpt lat="35.789263" lon="127.700859"><ele>1401.4</ele><time>2016-01-23T06:57:43.000Z</time></trkpt>
      <trkpt lat="35.789291" lon="127.700902"><ele>1400.7</ele><time>2016-01-23T06:57:43.000Z</time></trkpt>
      <trkpt lat="35.789313" lon="127.700950"><ele>1400.1</ele><time>2016-01-23T06:57:57.000Z</time></trkpt>
      <trkpt lat="35.789337" lon="127.700998"><ele>1399.4</ele><time>2016-01-23T06:57:57.000Z</time></trkpt>
      <trkpt lat="35.789362" lon="127.701043"><ele>1398.8</ele><time>2016-01-23T06:58:08.000Z</time></trkpt>
      <trkpt lat="35.789386" lon="127.701090"><ele>1398.1</ele><time>2016-01-23T06:58:08.000Z</time></trkpt>
      <trkpt lat="35.789408" lon="127.701139"><ele>1397.4</ele><time>2016-01-23T06:58:18.000Z</time></trkpt>
      <trkpt lat="35.789430" lon="127.701187"><ele>1396.6</ele><time>2016-01-23T06:58:18.000Z</time></trkpt>
      <trkpt lat="35.789452" lon="127.701235"><ele>1395.6</ele><time>2016-01-23T06:58:29.000Z</time></trkpt>
      <trkpt lat="35.789473" lon="127.701284"><ele>1394.7</ele><time>2016-01-23T06:58:29.000Z</time></trkpt>
      <trkpt lat="35.789491" lon="127.701335"><ele>1393.8</ele><time>2016-01-23T06:58:42.000Z</time></trkpt>
      <trkpt lat="35.789508" lon="127.701386"><ele>1392.9</ele><time>2016-01-23T06:58:42.000Z</time></trkpt>
      <trkpt lat="35.789519" lon="127.701440"><ele>1391.8</ele><time>2016-01-23T06:58:53.000Z</time></trkpt>
      <trkpt lat="35.789530" lon="127.701494"><ele>1390.7</ele><time>2016-01-23T06:58:53.000Z</time></trkpt>
      <trkpt lat="35.789538" lon="127.701548"><ele>1389.5</ele><time>2016-01-23T06:59:06.000Z</time></trkpt>
      <trkpt lat="35.789545" lon="127.701603"><ele>1388.3</ele><time>2016-01-23T06:59:06.000Z</time></trkpt>
      <trkpt lat="35.789550" lon="127.701658"><ele>1387.0</ele><time>2016-01-23T06:59:15.000Z</time></trkpt>
      <trkpt lat="35.789555" lon="127.701713"><ele>1385.7</ele><time>2016-01-23T06:59:15.000Z</time></trkpt>
      <trkpt lat="35.789560" lon="127.701768"><ele>1384.6</ele><time>2016-01-23T06:59:25.000Z</time></trkpt>
      <trkpt lat="35.789567" lon="127.701823"><ele>1383.4</ele><time>2016-01-23T06:59:25.000Z</time></trkpt>
      <trkpt lat="35.789579" lon="127.701877"><ele>1381.8</ele><time>2016-01-23T06:59:47.000Z</time></trkpt>
      <trkpt lat="35.789590" lon="127.701930"><ele>1380.2</ele><time>2016-01-23T06:59:47.000Z</time></trkpt>
      <trkpt lat="35.789601" lon="127.701984"><ele>1378.6</ele><time>2016-01-23T07:00:03.000Z</time></trkpt>
      <trkpt lat="35.789614" lon="127.702037"><ele>1377.0</ele><time>2016-01-23T07:00:03.000Z</time></trkpt>
      <trkpt lat="35.789627" lon="127.702090"><ele>1375.6</ele><time>2016-01-23T07:00:09.000Z</time></trkpt>
      <trkpt lat="35.789640" lon="127.702143"><ele>1374.2</ele><time>2016-01-23T07:00:09.000Z</time></trkpt>
      <trkpt lat="35.789653" lon="127.702196"><ele>1372.8</ele><time>2016-01-23T07:00:21.000Z</time></trkpt>
      <trkpt lat="35.789669" lon="127.702248"><ele>1371.3</ele><time>2016-01-23T07:00:21.000Z</time></trkpt>
      <trkpt lat="35.789688" lon="127.702298"><ele>1369.7</ele><time>2016-01-23T07:00:29.000Z</time></trkpt>
      <trkpt lat="35.789713" lon="127.702343"><ele>1368.1</ele><time>2016-01-23T07:00:29.000Z</time></trkpt>
      <trkpt lat="35.789745" lon="127.702381"><ele>1366.5</ele><time>2016-01-23T07:00:52.000Z</time></trkpt>
      <trkpt lat="35.789781" lon="127.702414"><ele>1365.0</ele><time>2016-01-23T07:00:52.000Z</time></trkpt>
      <trkpt lat="35.789819" lon="127.702443"><ele>1363.5</ele><time>2016-01-23T07:01:05.000Z</time></trkpt>
      <trkpt lat="35.789861" lon="127.702463"><ele>1362.1</ele><time>2016-01-23T07:01:05.000Z</time></trkpt>
      <trkpt lat="35.789903" lon="127.702483"><ele>1360.6</ele><time>2016-01-23T07:01:14.000Z</time></trkpt>
      <trkpt lat="35.789944" lon="127.702506"><ele>1359.4</ele><time>2016-01-23T07:01:42.000Z</time></trkpt>
      <trkpt lat="35.789985" lon="127.702530"><ele>1358.1</ele><time>2016-01-23T07:01:42.000Z</time></trkpt>
      <trkpt lat="35.790023" lon="127.702558"><ele>1356.6</ele><time>2016-01-23T07:01:56.000Z</time></trkpt>
      <trkpt lat="35.790058" lon="127.702593"><ele>1355.2</ele><time>2016-01-23T07:01:56.000Z</time></trkpt>
      <trkpt lat="35.790085" lon="127.702637"><ele>1353.9</ele><time>2016-01-23T07:02:10.000Z</time></trkpt>
      <trkpt lat="35.790112" lon="127.702681"><ele>1352.6</ele><time>2016-01-23T07:02:10.000Z</time></trkpt>
      <trkpt lat="35.790138" lon="127.702726"><ele>1351.3</ele><time>2016-01-23T07:02:19.000Z</time></trkpt>
      <trkpt lat="35.790166" lon="127.702770"><ele>1350.0</ele><time>2016-01-23T07:02:19.000Z</time></trkpt>
      <trkpt lat="35.790196" lon="127.702811"><ele>1348.7</ele><time>2016-01-23T07:02:32.000Z</time></trkpt>
      <trkpt lat="35.790227" lon="127.702851"><ele>1347.3</ele><time>2016-01-23T07:02:32.000Z</time></trkpt>
      <trkpt lat="35.790258" lon="127.702891"><ele>1346.0</ele><time>2016-01-23T07:02:43.000Z</time></trkpt>
      <trkpt lat="35.790290" lon="127.702930"><ele>1344.7</ele><time>2016-01-23T07:02:43.000Z</time></trkpt>
      <trkpt lat="35.790321" lon="127.702970"><ele>1343.4</ele><time>2016-01-23T07:02:53.000Z</time></trkpt>
      <trkpt lat="35.790351" lon="127.703011"><ele>1342.0</ele><time>2016-01-23T07:02:53.000Z</time></trkpt>
      <trkpt lat="35.790374" lon="127.703058"><ele>1340.6</ele><time>2016-01-23T07:03:06.000Z</time></trkpt>
      <trkpt lat="35.790397" lon="127.703107"><ele>1339.1</ele><time>2016-01-23T07:03:06.000Z</time></trkpt>
      <trkpt lat="35.790417" lon="127.703156"><ele>1337.6</ele><time>2016-01-23T07:03:44.000Z</time></trkpt>
      <trkpt lat="35.790436" lon="127.703206"><ele>1336.0</ele><time>2016-01-23T07:03:44.000Z</time></trkpt>
      <trkpt lat="35.790453" lon="127.703257"><ele>1334.4</ele><time>2016-01-23T07:04:04.000Z</time></trkpt>
      <trkpt lat="35.790473" lon="127.703307"><ele>1332.8</ele><time>2016-01-23T07:04:04.000Z</time></trkpt>
      <trkpt lat="35.790495" lon="127.703355"><ele>1331.2</ele><time>2016-01-23T07:04:25.000Z</time></trkpt>
      <trkpt lat="35.790519" lon="127.703402"><ele>1329.7</ele><time>2016-01-23T07:04:25.000Z</time></trkpt>
      <trkpt lat="35.790543" lon="127.703449"><ele>1328.1</ele><time>2016-01-23T07:04:39.000Z</time></trkpt>
      <trkpt lat="35.790569" lon="127.703494"><ele>1326.6</ele><time>2016-01-23T07:04:39.000Z</time></trkpt>
      <trkpt lat="35.790595" lon="127.703540"><ele>1325.1</ele><time>2016-01-23T07:04:52.000Z</time></trkpt>
      <trkpt lat="35.790622" lon="127.703583"><ele>1323.6</ele><time>2016-01-23T07:04:52.000Z</time></trkpt>
      <trkpt lat="35.790651" lon="127.703626"><ele>1322.0</ele><time>2016-01-23T07:05:06.000Z</time></trkpt>
      <trkpt lat="35.790681" lon="127.703667"><ele>1320.4</ele><time>2016-01-23T07:05:06.000Z</time></trkpt>
      <trkpt lat="35.790712" lon="127.703708"><ele>1318.7</ele><time>2016-01-23T07:05:20.000Z</time></trkpt>
      <trkpt lat="35.790741" lon="127.703750"><ele>1317.0</ele><time>2016-01-23T07:05:20.000Z</time></trkpt>
      <trkpt lat="35.790769" lon="127.703793"><ele>1315.3</ele><time>2016-01-23T07:05:31.000Z</time></trkpt>
      <trkpt lat="35.790794" lon="127.703839"><ele>1313.3</ele><time>2016-01-23T07:05:31.000Z</time></trkpt>
      <trkpt lat="35.790818" lon="127.703886"><ele>1311.1</ele><time>2016-01-23T07:05:41.000Z</time></trkpt>
      <trkpt lat="35.790843" lon="127.703932"><ele>1308.9</ele><time>2016-01-23T07:05:41.000Z</time></trkpt>
      <trkpt lat="35.790868" lon="127.703978"><ele>1306.7</ele><time>2016-01-23T07:05:56.000Z</time></trkpt>
      <trkpt lat="35.790888" lon="127.704028"><ele>1304.5</ele><time>2016-01-23T07:05:56.000Z</time></trkpt>
      <trkpt lat="35.790907" lon="127.704078"><ele>1302.3</ele><time>2016-01-23T07:06:14.000Z</time></trkpt>
      <trkpt lat="35.790923" lon="127.704130"><ele>1300.2</ele><time>2016-01-23T07:06:26.000Z</time></trkpt>
      <trkpt lat="35.790938" lon="127.704182"><ele>1298.0</ele><time>2016-01-23T07:06:26.000Z</time></trkpt>
      <trkpt lat="35.790950" lon="127.704235"><ele>1295.9</ele><time>2016-01-23T07:06:42.000Z</time></trkpt>
      <trkpt lat="35.790961" lon="127.704289"><ele>1293.7</ele><time>2016-01-23T07:06:42.000Z</time></trkpt>
      <trkpt lat="35.790974" lon="127.704342"><ele>1291.8</ele><time>2016-01-23T07:07:12.000Z</time></trkpt>
      <trkpt lat="35.790986" lon="127.704395"><ele>1289.9</ele><time>2016-01-23T07:07:12.000Z</time></trkpt>
      <trkpt lat="35.790998" lon="127.704449"><ele>1287.9</ele><time>2016-01-23T07:07:22.000Z</time></trkpt>
      <trkpt lat="35.791008" lon="127.704503"><ele>1286.0</ele><time>2016-01-23T07:07:22.000Z</time></trkpt>
      <trkpt lat="35.791018" lon="127.704557"><ele>1284.2</ele><time>2016-01-23T07:07:30.000Z</time></trkpt>
      <trkpt lat="35.791028" lon="127.704611"><ele>1282.4</ele><time>2016-01-23T07:07:30.000Z</time></trkpt>
      <trkpt lat="35.791041" lon="127.704664"><ele>1280.9</ele><time>2016-01-23T07:07:41.000Z</time></trkpt>
      <trkpt lat="35.791054" lon="127.704717"><ele>1279.4</ele><time>2016-01-23T07:07:41.000Z</time></trkpt>
      <trkpt lat="35.791069" lon="127.704769"><ele>1278.2</ele><time>2016-01-23T07:07:48.000Z</time></trkpt>
      <trkpt lat="35.791089" lon="127.704818"><ele>1276.2</ele><time>2016-01-23T07:07:48.000Z</time></trkpt>
      <trkpt lat="35.791123" lon="127.704854"><ele>1271.9</ele><time>2016-01-23T07:08:08.000Z</time></trkpt>
      <trkpt lat="35.791166" lon="127.704868"><ele>1267.4</ele><time>2016-01-23T07:10:54.000Z</time></trkpt>
      <trkpt lat="35.791209" lon="127.704852"><ele>1265.3</ele><time>2016-01-23T07:12:42.000Z</time></trkpt>
      <trkpt lat="35.791209" lon="127.704887"><ele>1264.5</ele><time>2016-01-23T07:12:42.000Z</time></trkpt>
      <trkpt lat="35.791195" lon="127.704940"><ele>1264.1</ele><time>2016-01-23T07:12:42.000Z</time></trkpt>
      <trkpt lat="35.791181" lon="127.704993"><ele>1263.6</ele><time>2016-01-23T07:12:42.000Z</time></trkpt>
      <trkpt lat="35.791167" lon="127.705045"><ele>1263.2</ele><time>2016-01-23T07:48:16.000Z</time></trkpt>
      <trkpt lat="35.791153" lon="127.705098"><ele>1262.8</ele><time>2016-01-23T07:48:16.000Z</time></trkpt>
      <trkpt lat="35.791139" lon="127.705151"><ele>1262.3</ele><time>2016-01-23T07:48:16.000Z</time></trkpt>
      <trkpt lat="35.791148" lon="127.705202"><ele>1261.2</ele><time>2016-01-23T07:48:16.000Z</time></trkpt>
      <trkpt lat="35.791166" lon="127.705252"><ele>1259.9</ele><time>2016-01-23T07:48:37.000Z</time></trkpt>
      <trkpt lat="35.791188" lon="127.705301"><ele>1259.8</ele><time>2016-01-23T07:48:37.000Z</time></trkpt>
      <trkpt lat="35.791212" lon="127.705348"><ele>1260.3</ele><time>2016-01-23T07:48:51.000Z</time></trkpt>
      <trkpt lat="35.791236" lon="127.705395"><ele>1260.6</ele><time>2016-01-23T07:48:51.000Z</time></trkpt>
      <trkpt lat="35.791261" lon="127.705441"><ele>1260.9</ele><time>2016-01-23T07:49:02.000Z</time></trkpt>
      <trkpt lat="35.791286" lon="127.705487"><ele>1260.7</ele><time>2016-01-23T07:49:02.000Z</time></trkpt>
      <trkpt lat="35.791311" lon="127.705533"><ele>1260.4</ele><time>2016-01-23T07:49:19.000Z</time></trkpt>
      <trkpt lat="35.791333" lon="127.705581"><ele>1260.2</ele><time>2016-01-23T07:49:19.000Z</time></trkpt>
      <trkpt lat="35.791355" lon="127.705629"><ele>1260.0</ele><time>2016-01-23T07:49:36.000Z</time></trkpt>
      <trkpt lat="35.791382" lon="127.705674"><ele>1259.9</ele><time>2016-01-23T07:49:36.000Z</time></trkpt>
      <trkpt lat="35.791408" lon="127.705719"><ele>1259.9</ele><time>2016-01-23T07:49:47.000Z</time></trkpt>
      <trkpt lat="35.791436" lon="127.705762"><ele>1260.0</ele><time>2016-01-23T07:49:47.000Z</time></trkpt>
      <trkpt lat="35.791464" lon="127.705806"><ele>1260.1</ele><time>2016-01-23T07:49:59.000Z</time></trkpt>
      <trkpt lat="35.791495" lon="127.705846"><ele>1260.3</ele><time>2016-01-23T07:49:59.000Z</time></trkpt>
      <trkpt lat="35.791527" lon="127.705885"><ele>1260.6</ele><time>2016-01-23T07:50:19.000Z</time></trkpt>
      <trkpt lat="35.791555" lon="127.705928"><ele>1261.0</ele><time>2016-01-23T07:50:19.000Z</time></trkpt>
      <trkpt lat="35.791580" lon="127.705974"><ele>1261.4</ele><time>2016-01-23T07:50:29.000Z</time></trkpt>
      <trkpt lat="35.791602" lon="127.706023"><ele>1262.0</ele><time>2016-01-23T07:50:29.000Z</time></trkpt>
      <trkpt lat="35.791622" lon="127.706072"><ele>1262.7</ele><time>2016-01-23T07:50:48.000Z</time></trkpt>
      <trkpt lat="35.791635" lon="127.706125"><ele>1263.5</ele><time>2016-01-23T07:50:48.000Z</time></trkpt>
      <trkpt lat="35.791646" lon="127.706179"><ele>1264.4</ele><time>2016-01-23T07:51:10.000Z</time></trkpt>
      <trkpt lat="35.791662" lon="127.706230"><ele>1265.6</ele><time>2016-01-23T07:51:10.000Z</time></trkpt>
      <trkpt lat="35.791679" lon="127.706282"><ele>1266.7</ele><time>2016-01-23T07:51:24.000Z</time></trkpt>
      <trkpt lat="35.791700" lon="127.706331"><ele>1268.0</ele><time>2016-01-23T07:51:24.000Z</time></trkpt>
      <trkpt lat="35.791722" lon="127.706379"><ele>1269.3</ele><time>2016-01-23T07:51:37.000Z</time></trkpt>
      <trkpt lat="35.791738" lon="127.706431"><ele>1270.7</ele><time>2016-01-23T07:51:37.000Z</time></trkpt>
      <trkpt lat="35.791753" lon="127.706483"><ele>1272.2</ele><time>2016-01-23T07:52:36.000Z</time></trkpt>
      <trkpt lat="35.791762" lon="127.706537"><ele>1273.6</ele><time>2016-01-23T07:52:36.000Z</time></trkpt>
      <trkpt lat="35.791768" lon="127.706592"><ele>1275.0</ele><time>2016-01-23T07:52:58.000Z</time></trkpt>
      <trkpt lat="35.791764" lon="127.706647"><ele>1276.3</ele><time>2016-01-23T07:52:58.000Z</time></trkpt>
      <trkpt lat="35.791757" lon="127.706702"><ele>1277.6</ele><time>2016-01-23T07:53:11.000Z</time></trkpt>
      <trkpt lat="35.791753" lon="127.706757"><ele>1278.8</ele><time>2016-01-23T07:53:11.000Z</time></trkpt>
      <trkpt lat="35.791749" lon="127.706812"><ele>1279.9</ele><time>2016-01-23T07:53:25.000Z</time></trkpt>
      <trkpt lat="35.791746" lon="127.706867"><ele>1280.9</ele><time>2016-01-23T07:53:25.000Z</time></trkpt>
      <trkpt lat="35.791744" lon="127.706923"><ele>1281.9</ele><time>2016-01-23T07:53:34.000Z</time></trkpt>
      <trkpt lat="35.791743" lon="127.706978"><ele>1282.8</ele><time>2016-01-23T07:53:34.000Z</time></trkpt>
      <trkpt lat="35.791745" lon="127.707033"><ele>1283.6</ele><time>2016-01-23T07:53:43.000Z</time></trkpt>
      <trkpt lat="35.791747" lon="127.707089"><ele>1284.5</ele><time>2016-01-23T07:53:43.000Z</time></trkpt>
      <trkpt lat="35.791747" lon="127.707144"><ele>1285.4</ele><time>2016-01-23T07:53:53.000Z</time></trkpt>
      <trkpt lat="35.791746" lon="127.707199"><ele>1286.2</ele><time>2016-01-23T07:53:53.000Z</time></trkpt>
      <trkpt lat="35.791740" lon="127.707254"><ele>1287.0</ele><time>2016-01-23T07:54:03.000Z</time></trkpt>
      <trkpt lat="35.791735" lon="127.707309"><ele>1287.7</ele><time>2016-01-23T07:54:03.000Z</time></trkpt>
      <trkpt lat="35.791723" lon="127.707363"><ele>1288.4</ele><time>2016-01-23T07:54:03.000Z</time></trkpt>
      <trkpt lat="35.791711" lon="127.707416"><ele>1289.0</ele><time>2016-01-23T07:54:18.000Z</time></trkpt>
      <trkpt lat="35.791694" lon="127.707467"><ele>1289.6</ele><time>2016-01-23T07:54:18.000Z</time></trkpt>
      <trkpt lat="35.791676" lon="127.707518"><ele>1290.1</ele><time>2016-01-23T07:54:29.000Z</time></trkpt>
      <trkpt lat="35.791656" lon="127.707568"><ele>1290.6</ele><time>2016-01-23T07:54:29.000Z</time></trkpt>
      <trkpt lat="35.791635" lon="127.707617"><ele>1291.0</ele><time>2016-01-23T07:54:38.000Z</time></trkpt>
      <trkpt lat="35.791611" lon="127.707664"><ele>1291.4</ele><time>2016-01-23T07:54:38.000Z</time></trkpt>
      <trkpt lat="35.791585" lon="127.707709"><ele>1291.7</ele><time>2016-01-23T07:54:46.000Z</time></trkpt>
      <trkpt lat="35.791560" lon="127.707755"><ele>1292.0</ele><time>2016-01-23T07:54:46.000Z</time></trkpt>
      <trkpt lat="35.791534" lon="127.707800"><ele>1292.3</ele><time>2016-01-23T07:54:59.000Z</time></trkpt>
      <trkpt lat="35.791509" lon="127.707846"><ele>1292.5</ele><time>2016-01-23T07:54:59.000Z</time></trkpt>
      <trkpt lat="35.791484" lon="127.707893"><ele>1292.7</ele><time>2016-01-23T07:55:11.000Z</time></trkpt>
      <trkpt lat="35.791459" lon="127.707939"><ele>1292.9</ele><time>2016-01-23T07:55:11.000Z</time></trkpt>
      <trkpt lat="35.791434" lon="127.707985"><ele>1293.0</ele><time>2016-01-23T07:55:35.000Z</time></trkpt>
      <trkpt lat="35.791409" lon="127.708031"><ele>1293.2</ele><time>2016-01-23T07:55:35.000Z</time></trkpt>
      <trkpt lat="35.791380" lon="127.708073"><ele>1293.4</ele><time>2016-01-23T07:55:35.000Z</time></trkpt>
      <trkpt lat="35.791351" lon="127.708115"><ele>1293.6</ele><time>2016-01-23T07:55:53.000Z</time></trkpt>
      <trkpt lat="35.791325" lon="127.708160"><ele>1293.8</ele><time>2016-01-23T07:55:53.000Z</time></trkpt>
      <trkpt lat="35.791299" lon="127.708206"><ele>1294.0</ele><time>2016-01-23T07:56:01.000Z</time></trkpt>
      <trkpt lat="35.791279" lon="127.708255"><ele>1294.2</ele><time>2016-01-23T07:56:01.000Z</time></trkpt>
      <trkpt lat="35.791259" lon="127.708305"><ele>1294.4</ele><time>2016-01-23T07:56:08.000Z</time></trkpt>
      <trkpt lat="35.791243" lon="127.708357"><ele>1294.6</ele><time>2016-01-23T07:56:08.000Z</time></trkpt>
      <trkpt lat="35.791227" lon="127.708409"><ele>1294.8</ele><time>2016-01-23T07:56:21.000Z</time></trkpt>
      <trkpt lat="35.791213" lon="127.708461"><ele>1295.0</ele><time>2016-01-23T07:56:21.000Z</time></trkpt>
      <trkpt lat="35.791199" lon="127.708514"><ele>1295.2</ele><time>2016-01-23T07:56:59.000Z</time></trkpt>
      <trkpt lat="35.791192" lon="127.708569"><ele>1295.5</ele><time>2016-01-23T07:56:59.000Z</time></trkpt>
      <trkpt lat="35.791187" lon="127.708624"><ele>1295.7</ele><time>2016-01-23T07:57:25.000Z</time></trkpt>
      <trkpt lat="35.791188" lon="127.708679"><ele>1295.9</ele><time>2016-01-23T07:57:25.000Z</time></trkpt>
      <trkpt lat="35.791190" lon="127.708734"><ele>1296.1</ele><time>2016-01-23T07:57:34.000Z</time></trkpt>
      <trkpt lat="35.791197" lon="127.708789"><ele>1296.3</ele><time>2016-01-23T07:57:34.000Z</time></trkpt>
      <trkpt lat="35.791209" lon="127.708842"><ele>1296.5</ele><time>2016-01-23T07:57:43.000Z</time></trkpt>
      <trkpt lat="35.791221" lon="127.708896"><ele>1296.7</ele><time>2016-01-23T07:57:43.000Z</time></trkpt>
      <trkpt lat="35.791235" lon="127.708949"><ele>1296.8</ele><time>2016-01-23T07:57:52.000Z</time></trkpt>
      <trkpt lat="35.791249" lon="127.709001"><ele>1297.0</ele><time>2016-01-23T07:57:52.000Z</time></trkpt>
      <trkpt lat="35.791263" lon="127.709054"><ele>1297.1</ele><time>2016-01-23T07:58:02.000Z</time></trkpt>
      <trkpt lat="35.791276" lon="127.709106"><ele>1297.2</ele><time>2016-01-23T07:58:02.000Z</time></trkpt>
      <trkpt lat="35.791280" lon="127.709162"><ele>1297.3</ele><time>2016-01-23T07:58:17.000Z</time></trkpt>
      <trkpt lat="35.791283" lon="127.709217"><ele>1297.4</ele><time>2016-01-23T07:58:17.000Z</time></trkpt>
      <trkpt lat="35.791283" lon="127.709272"><ele>1297.4</ele><time>2016-01-23T07:58:17.000Z</time></trkpt>
      <trkpt lat="35.791284" lon="127.709328"><ele>1297.5</ele><time>2016-01-23T07:58:28.000Z</time></trkpt>
      <trkpt lat="35.791282" lon="127.709383"><ele>1297.5</ele><time>2016-01-23T07:58:28.000Z</time></trkpt>
      <trkpt lat="35.791279" lon="127.709439"><ele>1297.5</ele><time>2016-01-23T07:58:38.000Z</time></trkpt>
      <trkpt lat="35.791277" lon="127.709494"><ele>1297.5</ele><time>2016-01-23T07:58:38.000Z</time></trkpt>
      <trkpt lat="35.791277" lon="127.709549"><ele>1297.5</ele><time>2016-01-23T07:58:48.000Z</time></trkpt>
      <trkpt lat="35.791277" lon="127.709605"><ele>1297.5</ele><time>2016-01-23T07:58:48.000Z</time></trkpt>
      <trkpt lat="35.791274" lon="127.709660"><ele>1297.5</ele><time>2016-01-23T07:58:48.000Z</time></trkpt>
      <trkpt lat="35.791270" lon="127.709715"><ele>1297.5</ele><time>2016-01-23T07:58:56.000Z</time></trkpt>
      <trkpt lat="35.791268" lon="127.709771"><ele>1297.6</ele><time>2016-01-23T07:58:56.000Z</time></trkpt>
      <trkpt lat="35.791265" lon="127.709826"><ele>1297.6</ele><time>2016-01-23T07:59:06.000Z</time></trkpt>
      <trkpt lat="35.791266" lon="127.709881"><ele>1297.7</ele><time>2016-01-23T07:59:06.000Z</time></trkpt>
      <trkpt lat="35.791268" lon="127.709937"><ele>1297.7</ele><time>2016-01-23T07:59:19.000Z</time></trkpt>
      <trkpt lat="35.791274" lon="127.709992"><ele>1297.7</ele><time>2016-01-23T07:59:19.000Z</time></trkpt>
      <trkpt lat="35.791282" lon="127.710046"><ele>1297.7</ele><time>2016-01-23T07:59:28.000Z</time></trkpt>
      <trkpt lat="35.791301" lon="127.710095"><ele>1297.7</ele><time>2016-01-23T07:59:28.000Z</time></trkpt>
      <trkpt lat="35.791325" lon="127.710142"><ele>1297.6</ele><time>2016-01-23T07:59:37.000Z</time></trkpt>
      <trkpt lat="35.791356" lon="127.710181"><ele>1297.5</ele><time>2016-01-23T07:59:37.000Z</time></trkpt>
      <trkpt lat="35.791390" lon="127.710218"><ele>1297.4</ele><time>2016-01-23T07:59:46.000Z</time></trkpt>
      <trkpt lat="35.791427" lon="127.710249"><ele>1297.2</ele><time>2016-01-23T07:59:46.000Z</time></trkpt>
      <trkpt lat="35.791465" lon="127.710279"><ele>1297.0</ele><time>2016-01-23T07:59:59.000Z</time></trkpt>
      <trkpt lat="35.791503" lon="127.710310"><ele>1296.8</ele><time>2016-01-23T07:59:59.000Z</time></trkpt>
      <trkpt lat="35.791540" lon="127.710340"><ele>1296.5</ele><time>2016-01-23T08:00:07.000Z</time></trkpt>
      <trkpt lat="35.791578" lon="127.710371"><ele>1296.3</ele><time>2016-01-23T08:00:07.000Z</time></trkpt>
      <trkpt lat="35.791615" lon="127.710403"><ele>1296.0</ele><time>2016-01-23T08:00:16.000Z</time></trkpt>
      <trkpt lat="35.791651" lon="127.710434"><ele>1295.7</ele><time>2016-01-23T08:00:16.000Z</time></trkpt>
      <trkpt lat="35.791688" lon="127.710466"><ele>1295.4</ele><time>2016-01-23T08:00:24.000Z</time></trkpt>
      <trkpt lat="35.791725" lon="127.710498"><ele>1295.2</ele><time>2016-01-23T08:00:24.000Z</time></trkpt>
      <trkpt lat="35.791756" lon="127.710538"><ele>1294.9</ele><time>2016-01-23T08:00:52.000Z</time></trkpt>
      <trkpt lat="35.791788" lon="127.710578"><ele>1294.6</ele><time>2016-01-23T08:00:52.000Z</time></trkpt>
      <trkpt lat="35.791817" lon="127.710620"><ele>1294.3</ele><time>2016-01-23T08:00:52.000Z</time></trkpt>
      <trkpt lat="35.791846" lon="127.710662"><ele>1294.0</ele><time>2016-01-23T08:01:01.000Z</time></trkpt>
      <trkpt lat="35.791875" lon="127.710704"><ele>1293.8</ele><time>2016-01-23T08:01:01.000Z</time></trkpt>
      <trkpt lat="35.791905" lon="127.710746"><ele>1293.6</ele><time>2016-01-23T08:01:10.000Z</time></trkpt>
      <trkpt lat="35.791934" lon="127.710788"><ele>1293.4</ele><time>2016-01-23T08:01:10.000Z</time></trkpt>
      <trkpt lat="35.791964" lon="127.710829"><ele>1293.2</ele><time>2016-01-23T08:01:19.000Z</time></trkpt>
      <trkpt lat="35.791992" lon="127.710873"><ele>1293.0</ele><time>2016-01-23T08:01:19.000Z</time></trkpt>
      <trkpt lat="35.792017" lon="127.710918"><ele>1292.9</ele><time>2016-01-23T08:01:33.000Z</time></trkpt>
      <trkpt lat="35.792043" lon="127.710964"><ele>1292.7</ele><time>2016-01-23T08:01:33.000Z</time></trkpt>
      <trkpt lat="35.792069" lon="127.711010"><ele>1292.6</ele><time>2016-01-23T08:01:45.000Z</time></trkpt>
      <trkpt lat="35.792096" lon="127.711053"><ele>1292.5</ele><time>2016-01-23T08:01:45.000Z</time></trkpt>
      <trkpt lat="35.792127" lon="127.711093"><ele>1292.5</ele><time>2016-01-23T08:02:03.000Z</time></trkpt>
      <trkpt lat="35.792160" lon="127.711132"><ele>1292.5</ele><time>2016-01-23T08:02:03.000Z</time></trkpt>
      <trkpt lat="35.792194" lon="127.711166"><ele>1292.5</ele><time>2016-01-23T08:02:10.000Z</time></trkpt>
      <trkpt lat="35.792228" lon="127.711203"><ele>1292.5</ele><time>2016-01-23T08:02:10.000Z</time></trkpt>
      <trkpt lat="35.792258" lon="127.711245"><ele>1292.5</ele><time>2016-01-23T08:02:19.000Z</time></trkpt>
      <trkpt lat="35.792287" lon="127.711287"><ele>1292.5</ele><time>2016-01-23T08:02:19.000Z</time></trkpt>
      <trkpt lat="35.792315" lon="127.711330"><ele>1292.6</ele><time>2016-01-23T08:02:28.000Z</time></trkpt>
      <trkpt lat="35.792344" lon="127.711373"><ele>1292.6</ele><time>2016-01-23T08:02:28.000Z</time></trkpt>
      <trkpt lat="35.792376" lon="127.711412"><ele>1292.6</ele><time>2016-01-23T08:02:37.000Z</time></trkpt>
      <trkpt lat="35.792409" lon="127.711449"><ele>1292.6</ele><time>2016-01-23T08:02:37.000Z</time></trkpt>
      <trkpt lat="35.792446" lon="127.711481"><ele>1292.6</ele><time>2016-01-23T08:02:50.000Z</time></trkpt>
      <trkpt lat="35.792482" lon="127.711513"><ele>1292.6</ele><time>2016-01-23T08:02:50.000Z</time></trkpt>
      <trkpt lat="35.792519" lon="127.711544"><ele>1292.7</ele><time>2016-01-23T08:03:00.000Z</time></trkpt>
      <trkpt lat="35.792556" lon="127.711576"><ele>1292.7</ele><time>2016-01-23T08:03:00.000Z</time></trkpt>
      <trkpt lat="35.792593" lon="127.711608"><ele>1292.8</ele><time>2016-01-23T08:03:00.000Z</time></trkpt>
      <trkpt lat="35.792629" lon="127.711641"><ele>1292.9</ele><time>2016-01-23T08:03:09.000Z</time></trkpt>
      <trkpt lat="35.792663" lon="127.711677"><ele>1293.0</ele><time>2016-01-23T08:03:09.000Z</time></trkpt>
      <trkpt lat="35.792697" lon="127.711714"><ele>1293.1</ele><time>2016-01-23T08:03:16.000Z</time></trkpt>
      <trkpt lat="35.792729" lon="127.711752"><ele>1293.2</ele><time>2016-01-23T08:03:16.000Z</time></trkpt>
      <trkpt lat="35.792762" lon="127.711791"><ele>1293.4</ele><time>2016-01-23T08:03:31.000Z</time></trkpt>
      <trkpt lat="35.792798" lon="127.711823"><ele>1293.6</ele><time>2016-01-23T08:03:31.000Z</time></trkpt>
      <trkpt lat="35.792836" lon="127.711853"><ele>1293.8</ele><time>2016-01-23T08:03:45.000Z</time></trkpt>
      <trkpt lat="35.792876" lon="127.711879"><ele>1294.1</ele><time>2016-01-23T08:03:45.000Z</time></trkpt>
      <trkpt lat="35.792916" lon="127.711903"><ele>1294.3</ele><time>2016-01-23T08:03:54.000Z</time></trkpt>
      <trkpt lat="35.792957" lon="127.711926"><ele>1294.5</ele><time>2016-01-23T08:03:54.000Z</time></trkpt>
      <trkpt lat="35.792998" lon="127.711949"><ele>1294.7</ele><time>2016-01-23T08:04:03.000Z</time></trkpt>
      <trkpt lat="35.793035" lon="127.711979"><ele>1294.9</ele><time>2016-01-23T08:04:03.000Z</time></trkpt>
      <trkpt lat="35.793066" lon="127.712019"><ele>1295.1</ele><time>2016-01-23T08:04:13.000Z</time></trkpt>
      <trkpt lat="35.793097" lon="127.712059"><ele>1295.3</ele><time>2016-01-23T08:04:13.000Z</time></trkpt>
      <trkpt lat="35.793130" lon="127.712097"><ele>1295.4</ele><time>2016-01-23T08:04:25.000Z</time></trkpt>
      <trkpt lat="35.793164" lon="127.712133"><ele>1295.5</ele><time>2016-01-23T08:04:25.000Z</time></trkpt>
      <trkpt lat="35.793201" lon="127.712164"><ele>1295.6</ele><time>2016-01-23T08:04:35.000Z</time></trkpt>
      <trkpt lat="35.793240" lon="127.712191"><ele>1295.6</ele><time>2016-01-23T08:04:35.000Z</time></trkpt>
      <trkpt lat="35.793281" lon="127.712214"><ele>1295.7</ele><time>2016-01-23T08:04:44.000Z</time></trkpt>
      <trkpt lat="35.793321" lon="127.712239"><ele>1295.7</ele><time>2016-01-23T08:04:44.000Z</time></trkpt>
      <trkpt lat="35.793358" lon="127.712270"><ele>1295.7</ele><time>2016-01-23T08:04:54.000Z</time></trkpt>
      <trkpt lat="35.793393" lon="127.712305"><ele>1295.7</ele><time>2016-01-23T08:04:54.000Z</time></trkpt>
      <trkpt lat="35.793423" lon="127.712346"><ele>1295.6</ele><time>2016-01-23T08:05:03.000Z</time></trkpt>
      <trkpt lat="35.793451" lon="127.712389"><ele>1295.6</ele><time>2016-01-23T08:05:03.000Z</time></trkpt>
      <trkpt lat="35.793473" lon="127.712437"><ele>1295.6</ele><time>2016-01-23T08:05:15.000Z</time></trkpt>
      <trkpt lat="35.793494" lon="127.712487"><ele>1295.6</ele><time>2016-01-23T08:05:15.000Z</time></trkpt>
      <trkpt lat="35.793510" lon="127.712538"><ele>1295.7</ele><time>2016-01-23T08:05:29.000Z</time></trkpt>
      <trkpt lat="35.793525" lon="127.712591"><ele>1295.7</ele><time>2016-01-23T08:05:29.000Z</time></trkpt>
      <trkpt lat="35.793535" lon="127.712645"><ele>1295.7</ele><time>2016-01-23T08:05:54.000Z</time></trkpt>
      <trkpt lat="35.793544" lon="127.712699"><ele>1295.7</ele><time>2016-01-23T08:05:54.000Z</time></trkpt>
      <trkpt lat="35.793553" lon="127.712753"><ele>1295.7</ele><time>2016-01-23T08:06:08.000Z</time></trkpt>
      <trkpt lat="35.793562" lon="127.712807"><ele>1295.7</ele><time>2016-01-23T08:06:08.000Z</time></trkpt>
      <trkpt lat="35.793572" lon="127.712862"><ele>1295.8</ele><time>2016-01-23T08:06:31.000Z</time></trkpt>
      <trkpt lat="35.793583" lon="127.712915"><ele>1295.8</ele><time>2016-01-23T08:06:31.000Z</time></trkpt>
      <trkpt lat="35.793597" lon="127.712968"><ele>1295.8</ele><time>2016-01-23T08:06:52.000Z</time></trkpt>
      <trkpt lat="35.793614" lon="127.713019"><ele>1295.8</ele><time>2016-01-23T08:06:52.000Z</time></trkpt>
      <trkpt lat="35.793634" lon="127.713069"><ele>1295.9</ele><time>2016-01-23T08:07:15.000Z</time></trkpt>
      <trkpt lat="35.793656" lon="127.713117"><ele>1295.9</ele><time>2016-01-23T08:07:15.000Z</time></trkpt>
      <trkpt lat="35.793680" lon="127.713164"><ele>1296.0</ele><time>2016-01-23T08:07:24.000Z</time></trkpt>
      <trkpt lat="35.793707" lon="127.713208"><ele>1296.1</ele><time>2016-01-23T08:07:24.000Z</time></trkpt>
      <trkpt lat="35.793736" lon="127.713250"><ele>1296.2</ele><time>2016-01-23T08:07:36.000Z</time></trkpt>
      <trkpt lat="35.793769" lon="127.713288"><ele>1296.4</ele><time>2016-01-23T08:07:36.000Z</time></trkpt>
      <trkpt lat="35.793805" lon="127.713321"><ele>1296.7</ele><time>2016-01-23T08:07:46.000Z</time></trkpt>
      <trkpt lat="35.793843" lon="127.713350"><ele>1296.9</ele><time>2016-01-23T08:07:46.000Z</time></trkpt>
      <trkpt lat="35.793883" lon="127.713375"><ele>1297.3</ele><time>2016-01-23T08:08:32.000Z</time></trkpt>
      <trkpt lat="35.793924" lon="127.713398"><ele>1297.7</ele><time>2016-01-23T08:08:32.000Z</time></trkpt>
      <trkpt lat="35.793966" lon="127.713419"><ele>1298.2</ele><time>2016-01-23T08:08:58.000Z</time></trkpt>
      <trkpt lat="35.794006" lon="127.713443"><ele>1298.8</ele><time>2016-01-23T08:08:58.000Z</time></trkpt>
      <trkpt lat="35.794045" lon="127.713471"><ele>1299.4</ele><time>2016-01-23T08:09:19.000Z</time></trkpt>
      <trkpt lat="35.794083" lon="127.713500"><ele>1300.1</ele><time>2016-01-23T08:09:19.000Z</time></trkpt>
      <trkpt lat="35.794120" lon="127.713533"><ele>1300.8</ele><time>2016-01-23T08:09:43.000Z</time></trkpt>
      <trkpt lat="35.794156" lon="127.713566"><ele>1301.6</ele><time>2016-01-23T08:09:43.000Z</time></trkpt>
      <trkpt lat="35.794192" lon="127.713599"><ele>1302.4</ele><time>2016-01-23T08:10:14.000Z</time></trkpt>
      <trkpt lat="35.794226" lon="127.713634"><ele>1303.4</ele><time>2016-01-23T08:10:14.000Z</time></trkpt>
      <trkpt lat="35.794260" lon="127.713671"><ele>1304.6</ele><time>2016-01-23T08:10:21.000Z</time></trkpt>
      <trkpt lat="35.794289" lon="127.713713"><ele>1306.0</ele><time>2016-01-23T08:10:27.000Z</time></trkpt>
      <trkpt lat="35.794315" lon="127.713758"><ele>1307.5</ele><time>2016-01-23T08:10:27.000Z</time></trkpt>
      <trkpt lat="35.794336" lon="127.713807"><ele>1308.9</ele><time>2016-01-23T08:10:55.000Z</time></trkpt>
      <trkpt lat="35.794354" lon="127.713858"><ele>1310.3</ele><time>2016-01-23T08:10:55.000Z</time></trkpt>
      <trkpt lat="35.794370" lon="127.713909"><ele>1311.6</ele><time>2016-01-23T08:11:04.000Z</time></trkpt>
      <trkpt lat="35.794383" lon="127.713962"><ele>1313.0</ele><time>2016-01-23T08:11:04.000Z</time></trkpt>
      <trkpt lat="35.794394" lon="127.714016"><ele>1314.6</ele><time>2016-01-23T08:11:14.000Z</time></trkpt>
      <trkpt lat="35.794404" lon="127.714070"><ele>1316.3</ele><time>2016-01-23T08:11:14.000Z</time></trkpt>
      <trkpt lat="35.794414" lon="127.714124"><ele>1318.0</ele><time>2016-01-23T08:11:25.000Z</time></trkpt>
      <trkpt lat="35.794417" lon="127.714179"><ele>1319.4</ele><time>2016-01-23T08:11:25.000Z</time></trkpt>
      <trkpt lat="35.794418" lon="127.714235"><ele>1320.8</ele><time>2016-01-23T08:11:35.000Z</time></trkpt>
      <trkpt lat="35.794427" lon="127.714289"><ele>1322.1</ele><time>2016-01-23T08:11:45.000Z</time></trkpt>
      <trkpt lat="35.794437" lon="127.714343"><ele>1323.4</ele><time>2016-01-23T08:11:45.000Z</time></trkpt>
      <trkpt lat="35.794449" lon="127.714397"><ele>1324.7</ele><time>2016-01-23T08:11:52.000Z</time></trkpt>
      <trkpt lat="35.794464" lon="127.714449"><ele>1325.9</ele><time>2016-01-23T08:11:52.000Z</time></trkpt>
      <trkpt lat="35.794484" lon="127.714498"><ele>1326.9</ele><time>2016-01-23T08:12:00.000Z</time></trkpt>
      <trkpt lat="35.794503" lon="127.714548"><ele>1327.8</ele><time>2016-01-23T08:12:00.000Z</time></trkpt>
      <trkpt lat="35.794523" lon="127.714598"><ele>1328.5</ele><time>2016-01-23T08:12:08.000Z</time></trkpt>
      <trkpt lat="35.794542" lon="127.714648"><ele>1329.2</ele><time>2016-01-23T08:12:08.000Z</time></trkpt>
      <trkpt lat="35.794561" lon="127.714699"><ele>1330.0</ele><time>2016-01-23T08:12:17.000Z</time></trkpt>
      <trkpt lat="35.794581" lon="127.714749"><ele>1330.6</ele><time>2016-01-23T08:12:17.000Z</time></trkpt>
      <trkpt lat="35.794602" lon="127.714797"><ele>1331.2</ele><time>2016-01-23T08:12:29.000Z</time></trkpt>
      <trkpt lat="35.794624" lon="127.714846"><ele>1331.8</ele><time>2016-01-23T08:12:29.000Z</time></trkpt>
      <trkpt lat="35.794645" lon="127.714895"><ele>1332.4</ele><time>2016-01-23T08:12:41.000Z</time></trkpt>
      <trkpt lat="35.794671" lon="127.714940"><ele>1332.9</ele><time>2016-01-23T08:12:41.000Z</time></trkpt>
      <trkpt lat="35.794701" lon="127.714981"><ele>1333.5</ele><time>2016-01-23T08:12:56.000Z</time></trkpt>
      <trkpt lat="35.794730" lon="127.715023"><ele>1334.0</ele><time>2016-01-23T08:12:56.000Z</time></trkpt>
      <trkpt lat="35.794759" lon="127.715066"><ele>1334.5</ele><time>2016-01-23T08:13:13.000Z</time></trkpt>
      <trkpt lat="35.794784" lon="127.715111"><ele>1335.0</ele><time>2016-01-23T08:13:13.000Z</time></trkpt>
      <trkpt lat="35.794806" lon="127.715160"><ele>1335.5</ele><time>2016-01-23T08:13:40.000Z</time></trkpt>
      <trkpt lat="35.794824" lon="127.715210"><ele>1336.0</ele><time>2016-01-23T08:13:40.000Z</time></trkpt>
      <trkpt lat="35.794839" lon="127.715263"><ele>1336.5</ele><time>2016-01-23T08:13:52.000Z</time></trkpt>
      <trkpt lat="35.794854" lon="127.715315"><ele>1337.1</ele><time>2016-01-23T08:13:52.000Z</time></trkpt>
      <trkpt lat="35.794869" lon="127.715367"><ele>1337.6</ele><time>2016-01-23T08:14:05.000Z</time></trkpt>
      <trkpt lat="35.794889" lon="127.715416"><ele>1338.1</ele><time>2016-01-23T08:14:05.000Z</time></trkpt>
      <trkpt lat="35.794913" lon="127.715463"><ele>1338.6</ele><time>2016-01-23T08:14:26.000Z</time></trkpt>
      <trkpt lat="35.794937" lon="127.715510"><ele>1339.1</ele><time>2016-01-23T08:14:26.000Z</time></trkpt>
      <trkpt lat="35.794962" lon="127.715556"><ele>1339.6</ele><time>2016-01-23T08:14:38.000Z</time></trkpt>
      <trkpt lat="35.794988" lon="127.715602"><ele>1340.1</ele><time>2016-01-23T08:14:38.000Z</time></trkpt>
      <trkpt lat="35.795015" lon="127.715646"><ele>1340.7</ele><time>2016-01-23T08:14:57.000Z</time></trkpt>
      <trkpt lat="35.795042" lon="127.715690"><ele>1341.3</ele><time>2016-01-23T08:14:57.000Z</time></trkpt>
      <trkpt lat="35.795067" lon="127.715736"><ele>1341.9</ele><time>2016-01-23T08:15:20.000Z</time></trkpt>
      <trkpt lat="35.795093" lon="127.715781"><ele>1342.6</ele><time>2016-01-23T08:15:20.000Z</time></trkpt>
      <trkpt lat="35.795119" lon="127.715827"><ele>1343.3</ele><time>2016-01-23T08:15:39.000Z</time></trkpt>
      <trkpt lat="35.795143" lon="127.715873"><ele>1344.0</ele><time>2016-01-23T08:15:39.000Z</time></trkpt>
      <trkpt lat="35.795168" lon="127.715920"><ele>1344.7</ele><time>2016-01-23T08:15:53.000Z</time></trkpt>
      <trkpt lat="35.795194" lon="127.715965"><ele>1345.4</ele><time>2016-01-23T08:15:53.000Z</time></trkpt>
      <trkpt lat="35.795222" lon="127.716008"><ele>1346.1</ele><time>2016-01-23T08:16:13.000Z</time></trkpt>
      <trkpt lat="35.795252" lon="127.716049"><ele>1346.9</ele><time>2016-01-23T08:16:13.000Z</time></trkpt>
      <trkpt lat="35.795286" lon="127.716085"><ele>1347.7</ele><time>2016-01-23T08:16:26.000Z</time></trkpt>
      <trkpt lat="35.795319" lon="127.716122"><ele>1348.5</ele><time>2016-01-23T08:16:26.000Z</time></trkpt>
      <trkpt lat="35.795351" lon="127.716162"><ele>1349.4</ele><time>2016-01-23T08:16:36.000Z</time></trkpt>
      <trkpt lat="35.795382" lon="127.716202"><ele>1350.4</ele><time>2016-01-23T08:16:36.000Z</time></trkpt>
      <trkpt lat="35.795407" lon="127.716248"><ele>1351.5</ele><time>2016-01-23T08:17:05.000Z</time></trkpt>
      <trkpt lat="35.795432" lon="127.716294"><ele>1352.7</ele><time>2016-01-23T08:17:05.000Z</time></trkpt>
      <trkpt lat="35.795452" lon="127.716343"><ele>1354.0</ele><time>2016-01-23T08:17:21.000Z</time></trkpt>
      <trkpt lat="35.795473" lon="127.716393"><ele>1355.3</ele><time>2016-01-23T08:17:21.000Z</time></trkpt>
      <trkpt lat="35.795498" lon="127.716439"><ele>1356.5</ele><time>2016-01-23T08:17:39.000Z</time></trkpt>
      <trkpt lat="35.795523" lon="127.716485"><ele>1357.7</ele><time>2016-01-23T08:17:39.000Z</time></trkpt>
      <trkpt lat="35.795549" lon="127.716530"><ele>1359.1</ele><time>2016-01-23T08:17:39.000Z</time></trkpt>
      <trkpt lat="35.795574" lon="127.716576"><ele>1360.4</ele><time>2016-01-23T08:17:49.000Z</time></trkpt>
      <trkpt lat="35.795597" lon="127.716623"><ele>1361.7</ele><time>2016-01-23T08:17:49.000Z</time></trkpt>
      <trkpt lat="35.795620" lon="127.716671"><ele>1363.0</ele><time>2016-01-23T08:18:18.000Z</time></trkpt>
      <trkpt lat="35.795638" lon="127.716722"><ele>1364.3</ele><time>2016-01-23T08:18:18.000Z</time></trkpt>
      <trkpt lat="35.795655" lon="127.716774"><ele>1365.5</ele><time>2016-01-23T08:18:34.000Z</time></trkpt>
      <trkpt lat="35.795665" lon="127.716827"><ele>1366.7</ele><time>2016-01-23T08:18:34.000Z</time></trkpt>
      <trkpt lat="35.795676" lon="127.716881"><ele>1367.8</ele><time>2016-01-23T08:18:48.000Z</time></trkpt>
      <trkpt lat="35.795682" lon="127.716936"><ele>1369.1</ele><time>2016-01-23T08:18:48.000Z</time></trkpt>
      <trkpt lat="35.795689" lon="127.716991"><ele>1370.4</ele><time>2016-01-23T08:19:04.000Z</time></trkpt>
      <trkpt lat="35.795697" lon="127.717045"><ele>1371.5</ele><time>2016-01-23T08:19:04.000Z</time></trkpt>
      <trkpt lat="35.795706" lon="127.717100"><ele>1372.7</ele><time>2016-01-23T08:19:22.000Z</time></trkpt>
      <trkpt lat="35.795726" lon="127.717149"><ele>1373.8</ele><time>2016-01-23T08:19:33.000Z</time></trkpt>
      <trkpt lat="35.795746" lon="127.717199"><ele>1374.9</ele><time>2016-01-23T08:19:33.000Z</time></trkpt>
      <trkpt lat="35.795767" lon="127.717248"><ele>1375.9</ele><time>2016-01-23T08:19:46.000Z</time></trkpt>
      <trkpt lat="35.795787" lon="127.717297"><ele>1376.9</ele><time>2016-01-23T08:19:46.000Z</time></trkpt>
      <trkpt lat="35.795811" lon="127.717345"><ele>1377.7</ele><time>2016-01-23T08:20:07.000Z</time></trkpt>
      <trkpt lat="35.795834" lon="127.717392"><ele>1378.6</ele><time>2016-01-23T08:20:07.000Z</time></trkpt>
      <trkpt lat="35.795853" lon="127.717443"><ele>1379.5</ele><time>2016-01-23T08:20:28.000Z</time></trkpt>
      <trkpt lat="35.795872" lon="127.717493"><ele>1380.4</ele><time>2016-01-23T08:20:28.000Z</time></trkpt>
      <trkpt lat="35.795893" lon="127.717542"><ele>1381.4</ele><time>2016-01-23T08:20:38.000Z</time></trkpt>
      <trkpt lat="35.795914" lon="127.717591"><ele>1382.4</ele><time>2016-01-23T08:20:38.000Z</time></trkpt>
      <trkpt lat="35.795932" lon="127.717641"><ele>1383.4</ele><time>2016-01-23T08:20:52.000Z</time></trkpt>
      <trkpt lat="35.795950" lon="127.717692"><ele>1384.4</ele><time>2016-01-23T08:20:52.000Z</time></trkpt>
      <trkpt lat="35.795969" lon="127.717743"><ele>1385.3</ele><time>2016-01-23T08:21:04.000Z</time></trkpt>
      <trkpt lat="35.795988" lon="127.717793"><ele>1386.3</ele><time>2016-01-23T08:21:04.000Z</time></trkpt>
      <trkpt lat="35.796010" lon="127.717841"><ele>1387.4</ele><time>2016-01-23T08:21:23.000Z</time></trkpt>
      <trkpt lat="35.796033" lon="127.717889"><ele>1388.4</ele><time>2016-01-23T08:21:23.000Z</time></trkpt>
      <trkpt lat="35.796056" lon="127.717936"><ele>1389.3</ele><time>2016-01-23T08:21:34.000Z</time></trkpt>
      <trkpt lat="35.796080" lon="127.717983"><ele>1390.2</ele><time>2016-01-23T08:21:34.000Z</time></trkpt>
      <trkpt lat="35.796104" lon="127.718030"><ele>1391.2</ele><time>2016-01-23T08:21:54.000Z</time></trkpt>
      <trkpt lat="35.796128" lon="127.718077"><ele>1392.1</ele><time>2016-01-23T08:21:54.000Z</time></trkpt>
      <trkpt lat="35.796151" lon="127.718125"><ele>1393.1</ele><time>2016-01-23T08:22:06.000Z</time></trkpt>
      <trkpt lat="35.796174" lon="127.718172"><ele>1394.1</ele><time>2016-01-23T08:22:06.000Z</time></trkpt>
      <trkpt lat="35.796199" lon="127.718218"><ele>1395.1</ele><time>2016-01-23T08:22:24.000Z</time></trkpt>
      <trkpt lat="35.796225" lon="127.718263"><ele>1396.1</ele><time>2016-01-23T08:22:24.000Z</time></trkpt>
      <trkpt lat="35.796256" lon="127.718303"><ele>1397.0</ele><time>2016-01-23T08:22:37.000Z</time></trkpt>
      <trkpt lat="35.796287" lon="127.718344"><ele>1398.0</ele><time>2016-01-23T08:22:37.000Z</time></trkpt>
      <trkpt lat="35.796317" lon="127.718385"><ele>1399.0</ele><time>2016-01-23T08:22:53.000Z</time></trkpt>
      <trkpt lat="35.796347" lon="127.718427"><ele>1400.0</ele><time>2016-01-23T08:22:53.000Z</time></trkpt>
      <trkpt lat="35.796374" lon="127.718471"><ele>1401.0</ele><time>2016-01-23T08:23:13.000Z</time></trkpt>
      <trkpt lat="35.796402" lon="127.718514"><ele>1402.0</ele><time>2016-01-23T08:23:13.000Z</time></trkpt>
      <trkpt lat="35.796430" lon="127.718558"><ele>1403.0</ele><time>2016-01-23T08:23:29.000Z</time></trkpt>
      <trkpt lat="35.796457" lon="127.718602"><ele>1404.0</ele><time>2016-01-23T08:23:29.000Z</time></trkpt>
      <trkpt lat="35.796481" lon="127.718649"><ele>1405.1</ele><time>2016-01-23T08:23:47.000Z</time></trkpt>
      <trkpt lat="35.796505" lon="127.718695"><ele>1406.1</ele><time>2016-01-23T08:23:47.000Z</time></trkpt>
      <trkpt lat="35.796532" lon="127.718740"><ele>1407.2</ele><time>2016-01-23T08:24:15.000Z</time></trkpt>
      <trkpt lat="35.796556" lon="127.718787"><ele>1408.2</ele><time>2016-01-23T08:24:15.000Z</time></trkpt>
      <trkpt lat="35.796575" lon="127.718837"><ele>1409.2</ele><time>2016-01-23T08:24:45.000Z</time></trkpt>
      <trkpt lat="35.796599" lon="127.718884"><ele>1410.1</ele><time>2016-01-23T08:24:45.000Z</time></trkpt>
      <trkpt lat="35.796624" lon="127.718929"><ele>1411.1</ele><time>2016-01-23T08:25:08.000Z</time></trkpt>
      <trkpt lat="35.796646" lon="127.718978"><ele>1412.0</ele><time>2016-01-23T08:25:08.000Z</time></trkpt>
      <trkpt lat="35.796664" lon="127.719029"><ele>1413.0</ele><time>2016-01-23T08:25:21.000Z</time></trkpt>
      <trkpt lat="35.796686" lon="127.719077"><ele>1414.1</ele><time>2016-01-23T08:25:21.000Z</time></trkpt>
      <trkpt lat="35.796709" lon="127.719124"><ele>1415.2</ele><time>2016-01-23T08:25:37.000Z</time></trkpt>
      <trkpt lat="35.796732" lon="127.719172"><ele>1416.3</ele><time>2016-01-23T08:25:37.000Z</time></trkpt>
      <trkpt lat="35.796753" lon="127.719221"><ele>1417.5</ele><time>2016-01-23T08:25:59.000Z</time></trkpt>
      <trkpt lat="35.796779" lon="127.719266"><ele>1418.7</ele><time>2016-01-23T08:25:59.000Z</time></trkpt>
      <trkpt lat="35.796804" lon="127.719312"><ele>1419.8</ele><time>2016-01-23T08:26:35.000Z</time></trkpt>
      <trkpt lat="35.796833" lon="127.719355"><ele>1421.1</ele><time>2016-01-23T08:26:35.000Z</time></trkpt>
      <trkpt lat="35.796861" lon="127.719398"><ele>1422.3</ele><time>2016-01-23T08:26:49.000Z</time></trkpt>
      <trkpt lat="35.796898" lon="127.719429"><ele>1423.7</ele><time>2016-01-23T08:26:49.000Z</time></trkpt>
      <trkpt lat="35.796936" lon="127.719459"><ele>1425.0</ele><time>2016-01-23T08:27:01.000Z</time></trkpt>
      <trkpt lat="35.796977" lon="127.719479"><ele>1426.3</ele><time>2016-01-23T08:27:01.000Z</time></trkpt>
      <trkpt lat="35.797020" lon="127.719498"><ele>1427.6</ele><time>2016-01-23T08:27:11.000Z</time></trkpt>
      <trkpt lat="35.797064" lon="127.719507"><ele>1429.0</ele><time>2016-01-23T08:27:11.000Z</time></trkpt>
      <trkpt lat="35.797109" lon="127.719511"><ele>1430.5</ele><time>2016-01-23T08:27:37.000Z</time></trkpt>
      <trkpt lat="35.797153" lon="127.719517"><ele>1432.0</ele><time>2016-01-23T08:27:37.000Z</time></trkpt>
      <trkpt lat="35.797198" lon="127.719523"><ele>1433.6</ele><time>2016-01-23T08:27:53.000Z</time></trkpt>
      <trkpt lat="35.797243" lon="127.719527"><ele>1435.2</ele><time>2016-01-23T08:27:53.000Z</time></trkpt>
      <trkpt lat="35.797288" lon="127.719528"><ele>1436.8</ele><time>2016-01-23T08:28:05.000Z</time></trkpt>
      <trkpt lat="35.797333" lon="127.719532"><ele>1438.4</ele><time>2016-01-23T08:28:05.000Z</time></trkpt>
      <trkpt lat="35.797377" lon="127.719538"><ele>1439.9</ele><time>2016-01-23T08:28:22.000Z</time></trkpt>
      <trkpt lat="35.797422" lon="127.719543"><ele>1441.5</ele><time>2016-01-23T08:28:22.000Z</time></trkpt>
      <trkpt lat="35.797467" lon="127.719545"><ele>1442.9</ele><time>2016-01-23T08:28:34.000Z</time></trkpt>
      <trkpt lat="35.797512" lon="127.719551"><ele>1444.3</ele><time>2016-01-23T08:28:34.000Z</time></trkpt>
      <trkpt lat="35.797556" lon="127.719559"><ele>1445.6</ele><time>2016-01-23T08:28:43.000Z</time></trkpt>
      <trkpt lat="35.797600" lon="127.719568"><ele>1446.8</ele><time>2016-01-23T08:28:43.000Z</time></trkpt>
      <trkpt lat="35.797644" lon="127.719581"><ele>1447.9</ele><time>2016-01-23T08:28:53.000Z</time></trkpt>
      <trkpt lat="35.797688" lon="127.719594"><ele>1449.1</ele><time>2016-01-23T08:28:53.000Z</time></trkpt>
      <trkpt lat="35.797732" lon="127.719603"><ele>1450.1</ele><time>2016-01-23T08:28:53.000Z</time></trkpt>
      <trkpt lat="35.797777" lon="127.719612"><ele>1451.1</ele><time>2016-01-23T08:29:04.000Z</time></trkpt>
      <trkpt lat="35.797821" lon="127.719610"><ele>1452.1</ele><time>2016-01-23T08:29:04.000Z</time></trkpt>
      <trkpt lat="35.797866" lon="127.719602"><ele>1453.1</ele><time>2016-01-23T08:29:16.000Z</time></trkpt>
      <trkpt lat="35.797904" lon="127.719575"><ele>1454.0</ele><time>2016-01-23T08:29:16.000Z</time></trkpt>
      <trkpt lat="35.797941" lon="127.719543"><ele>1454.9</ele><time>2016-01-23T08:29:37.000Z</time></trkpt>
      <trkpt lat="35.797977" lon="127.719510"><ele>1455.6</ele><time>2016-01-23T08:29:58.000Z</time></trkpt>
      <trkpt lat="35.798014" lon="127.719478"><ele>1456.4</ele><time>2016-01-23T08:29:58.000Z</time></trkpt>
      <trkpt lat="35.798057" lon="127.719464"><ele>1457.1</ele><time>2016-01-23T08:30:14.000Z</time></trkpt>
      <trkpt lat="35.798100" lon="127.719464"><ele>1457.8</ele><time>2016-01-23T08:30:14.000Z</time></trkpt>
      <trkpt lat="35.798143" lon="127.719482"><ele>1458.5</ele><time>2016-01-23T08:30:27.000Z</time></trkpt>
      <trkpt lat="35.798182" lon="127.719507"><ele>1459.1</ele><time>2016-01-23T08:30:27.000Z</time></trkpt>
      <trkpt lat="35.798219" lon="127.719538"><ele>1459.7</ele><time>2016-01-23T08:30:46.000Z</time></trkpt>
      <trkpt lat="35.798257" lon="127.719568"><ele>1460.3</ele><time>2016-01-23T08:30:46.000Z</time></trkpt>
      <trkpt lat="35.798296" lon="127.719597"><ele>1461.0</ele><time>2016-01-23T08:31:06.000Z</time></trkpt>
      <trkpt lat="35.798335" lon="127.719623"><ele>1461.6</ele><time>2016-01-23T08:31:06.000Z</time></trkpt>
      <trkpt lat="35.798376" lon="127.719646"><ele>1462.2</ele><time>2016-01-23T08:31:18.000Z</time></trkpt>
      <trkpt lat="35.798418" lon="127.719664"><ele>1462.8</ele><time>2016-01-23T08:31:18.000Z</time></trkpt>
      <trkpt lat="35.798462" lon="127.719676"><ele>1463.5</ele><time>2016-01-23T08:31:34.000Z</time></trkpt>
      <trkpt lat="35.798507" lon="127.719678"><ele>1464.2</ele><time>2016-01-23T08:31:34.000Z</time></trkpt>
      <trkpt lat="35.798552" lon="127.719674"><ele>1464.9</ele><time>2016-01-23T08:32:03.000Z</time></trkpt>
      <trkpt lat="35.798596" lon="127.719666"><ele>1465.6</ele><time>2016-01-23T08:32:03.000Z</time></trkpt>
      <trkpt lat="35.798641" lon="127.719658"><ele>1466.4</ele><time>2016-01-23T08:32:16.000Z</time></trkpt>
      <trkpt lat="35.798684" lon="127.719643"><ele>1467.2</ele><time>2016-01-23T08:32:16.000Z</time></trkpt>
      <trkpt lat="35.798727" lon="127.719626"><ele>1468.0</ele><time>2016-01-23T08:32:37.000Z</time></trkpt>
      <trkpt lat="35.798770" lon="127.719610"><ele>1468.9</ele><time>2016-01-23T08:32:37.000Z</time></trkpt>
      <trkpt lat="35.798813" lon="127.719595"><ele>1469.9</ele><time>2016-01-23T08:32:56.000Z</time></trkpt>
      <trkpt lat="35.798857" lon="127.719583"><ele>1471.1</ele><time>2016-01-23T08:33:05.000Z</time></trkpt>
      <trkpt lat="35.798901" lon="127.719573"><ele>1472.2</ele><time>2016-01-23T08:33:05.000Z</time></trkpt>
      <trkpt lat="35.798946" lon="127.719575"><ele>1473.4</ele><time>2016-01-23T08:33:40.000Z</time></trkpt>
      <trkpt lat="35.798991" lon="127.719577"><ele>1474.5</ele><time>2016-01-23T08:33:40.000Z</time></trkpt>
      <trkpt lat="35.799036" lon="127.719584"><ele>1475.6</ele><time>2016-01-23T08:34:09.000Z</time></trkpt>
      <trkpt lat="35.799080" lon="127.719591"><ele>1476.8</ele><time>2016-01-23T08:34:09.000Z</time></trkpt>
      <trkpt lat="35.799125" lon="127.719597"><ele>1477.8</ele><time>2016-01-23T08:34:27.000Z</time></trkpt>
      <trkpt lat="35.799170" lon="127.719603"><ele>1478.9</ele><time>2016-01-23T08:34:27.000Z</time></trkpt>
      <trkpt lat="35.799214" lon="127.719608"><ele>1480.0</ele><time>2016-01-23T08:34:37.000Z</time></trkpt>
      <trkpt lat="35.799259" lon="127.719615"><ele>1481.1</ele><time>2016-01-23T08:34:37.000Z</time></trkpt>
      <trkpt lat="35.799302" lon="127.719630"><ele>1482.1</ele><time>2016-01-23T08:34:49.000Z</time></trkpt>
      <trkpt lat="35.799345" lon="127.719645"><ele>1483.2</ele><time>2016-01-23T08:34:49.000Z</time></trkpt>
      <trkpt lat="35.799388" lon="127.719662"><ele>1484.3</ele><time>2016-01-23T08:34:49.000Z</time></trkpt>
      <trkpt lat="35.799431" lon="127.719679"><ele>1485.3</ele><time>2016-01-23T08:35:01.000Z</time></trkpt>
      <trkpt lat="35.799473" lon="127.719698"><ele>1486.4</ele><time>2016-01-23T08:35:01.000Z</time></trkpt>
      <trkpt lat="35.799515" lon="127.719718"><ele>1487.4</ele><time>2016-01-23T08:35:15.000Z</time></trkpt>
      <trkpt lat="35.799558" lon="127.719736"><ele>1488.4</ele><time>2016-01-23T08:35:15.000Z</time></trkpt>
      <trkpt lat="35.799600" lon="127.719754"><ele>1489.3</ele><time>2016-01-23T08:35:30.000Z</time></trkpt>
      <trkpt lat="35.799643" lon="127.719772"><ele>1490.2</ele><time>2016-01-23T08:35:30.000Z</time></trkpt>
      <trkpt lat="35.799685" lon="127.719790"><ele>1491.0</ele><time>2016-01-23T08:35:46.000Z</time></trkpt>
      <trkpt lat="35.799725" lon="127.719816"><ele>1491.7</ele><time>2016-01-23T08:35:46.000Z</time></trkpt>
      <trkpt lat="35.799763" lon="127.719845"><ele>1492.4</ele><time>2016-01-23T08:35:57.000Z</time></trkpt>
      <trkpt lat="35.799801" lon="127.719875"><ele>1493.0</ele><time>2016-01-23T08:35:57.000Z</time></trkpt>
      <trkpt lat="35.799838" lon="127.719906"><ele>1493.6</ele><time>2016-01-23T08:36:09.000Z</time></trkpt>
      <trkpt lat="35.799874" lon="127.719940"><ele>1494.1</ele><time>2016-01-23T08:36:24.000Z</time></trkpt>
      <trkpt lat="35.799909" lon="127.719974"><ele>1494.6</ele><time>2016-01-23T08:36:24.000Z</time></trkpt>
      <trkpt lat="35.799944" lon="127.720009"><ele>1494.9</ele><time>2016-01-23T08:37:05.000Z</time></trkpt>
      <trkpt lat="35.799975" lon="127.720048"><ele>1495.9</ele><time>2016-01-23T08:37:05.000Z</time></trkpt>
      <trkpt lat="35.800001" lon="127.720094"><ele>1498.0</ele><time>2016-01-23T08:37:31.000Z</time></trkpt>
      <trkpt lat="35.800025" lon="127.720140"><ele>1500.4</ele><time>2016-01-23T08:37:31.000Z</time></trkpt>
      <trkpt lat="35.800046" lon="127.720190"><ele>1502.8</ele><time>2016-01-23T08:39:18.000Z</time></trkpt>
      <trkpt lat="35.800076" lon="127.720208"><ele>1503.5</ele><time>2016-01-23T08:41:24.000Z</time></trkpt>
      <trkpt lat="35.800120" lon="127.720195"><ele>1503.6</ele><time>2016-01-23T08:41:24.000Z</time></trkpt>
      <trkpt lat="35.800163" lon="127.720181"><ele>1503.8</ele><time>2016-01-23T08:41:24.000Z</time></trkpt>
      <trkpt lat="35.800207" lon="127.720167"><ele>1503.9</ele><time>2016-01-23T08:45:11.000Z</time></trkpt>
      <trkpt lat="35.800251" lon="127.720154"><ele>1504.1</ele><time>2016-01-23T08:45:11.000Z</time></trkpt>
      <trkpt lat="35.800294" lon="127.720140"><ele>1504.2</ele><time>2016-01-23T08:45:11.000Z</time></trkpt>
      <trkpt lat="35.800338" lon="127.720127"><ele>1504.5</ele><time>2016-01-23T08:45:11.000Z</time></trkpt>
      <trkpt lat="35.800382" lon="127.720115"><ele>1505.0</ele><time>2016-01-23T08:45:30.000Z</time></trkpt>
      <trkpt lat="35.800426" lon="127.720110"><ele>1504.7</ele><time>2016-01-23T08:45:30.000Z</time></trkpt>
      <trkpt lat="35.800471" lon="127.720115"><ele>1503.3</ele><time>2016-01-23T08:45:39.000Z</time></trkpt>
      <trkpt lat="35.800514" lon="127.720127"><ele>1502.0</ele><time>2016-01-23T08:45:39.000Z</time></trkpt>
      <trkpt lat="35.800556" lon="127.720147"><ele>1500.9</ele><time>2016-01-23T08:45:48.000Z</time></trkpt>
      <trkpt lat="35.800596" lon="127.720172"><ele>1500.4</ele><time>2016-01-23T08:45:48.000Z</time></trkpt>
      <trkpt lat="35.800635" lon="127.720200"><ele>1500.5</ele><time>2016-01-23T08:48:00.000Z</time></trkpt>
      <trkpt lat="35.800673" lon="127.720229"><ele>1500.6</ele><time>2016-01-23T08:48:00.000Z</time></trkpt>
      <trkpt lat="35.800712" lon="127.720257"><ele>1500.7</ele><time>2016-01-23T08:49:00.000Z</time></trkpt>
      <trkpt lat="35.800749" lon="127.720288"><ele>1500.7</ele><time>2016-01-23T08:49:00.000Z</time></trkpt>
      <trkpt lat="35.800785" lon="127.720321"><ele>1500.7</ele><time>2016-01-23T08:49:12.000Z</time></trkpt>
      <trkpt lat="35.800823" lon="127.720352"><ele>1500.7</ele><time>2016-01-23T08:49:12.000Z</time></trkpt>
      <trkpt lat="35.800862" lon="127.720380"><ele>1500.6</ele><time>2016-01-23T08:49:24.000Z</time></trkpt>
      <trkpt lat="35.800901" lon="127.720405"><ele>1500.6</ele><time>2016-01-23T08:49:24.000Z</time></trkpt>
      <trkpt lat="35.800942" lon="127.720429"><ele>1500.5</ele><time>2016-01-23T08:49:37.000Z</time></trkpt>
      <trkpt lat="35.800984" lon="127.720449"><ele>1500.5</ele><time>2016-01-23T08:49:37.000Z</time></trkpt>
      <trkpt lat="35.801027" lon="127.720466"><ele>1500.4</ele><time>2016-01-23T08:49:48.000Z</time></trkpt>
      <trkpt lat="35.801070" lon="127.720481"><ele>1500.3</ele><time>2016-01-23T08:49:48.000Z</time></trkpt>
      <trkpt lat="35.801113" lon="127.720496"><ele>1500.1</ele><time>2016-01-23T08:50:18.000Z</time></trkpt>
      <trkpt lat="35.801157" lon="127.720509"><ele>1499.9</ele><time>2016-01-23T08:50:18.000Z</time></trkpt>
      <trkpt lat="35.801201" lon="127.720522"><ele>1499.6</ele><time>2016-01-23T08:50:42.000Z</time></trkpt>
      <trkpt lat="35.801245" lon="127.720533"><ele>1499.2</ele><time>2016-01-23T08:50:42.000Z</time></trkpt>
      <trkpt lat="35.801289" lon="127.720544"><ele>1498.7</ele><time>2016-01-23T08:50:51.000Z</time></trkpt>
      <trkpt lat="35.801332" lon="127.720560"><ele>1498.0</ele><time>2016-01-23T08:50:51.000Z</time></trkpt>
      <trkpt lat="35.801375" lon="127.720577"><ele>1497.3</ele><time>2016-01-23T08:50:59.000Z</time></trkpt>
      <trkpt lat="35.801416" lon="127.720600"><ele>1496.4</ele><time>2016-01-23T08:50:59.000Z</time></trkpt>
      <trkpt lat="35.801456" lon="127.720624"><ele>1495.5</ele><time>2016-01-23T08:51:16.000Z</time></trkpt>
      <trkpt lat="35.801493" lon="127.720656"><ele>1494.5</ele><time>2016-01-23T08:51:16.000Z</time></trkpt>
      <trkpt lat="35.801528" lon="127.720689"><ele>1493.5</ele><time>2016-01-23T08:51:26.000Z</time></trkpt>
      <trkpt lat="35.801563" lon="127.720725"><ele>1492.5</ele><time>2016-01-23T08:51:26.000Z</time></trkpt>
      <trkpt lat="35.801596" lon="127.720763"><ele>1491.4</ele><time>2016-01-23T08:51:38.000Z</time></trkpt>
      <trkpt lat="35.801629" lon="127.720800"><ele>1490.4</ele><time>2016-01-23T08:51:38.000Z</time></trkpt>
      <trkpt lat="35.801661" lon="127.720838"><ele>1489.3</ele><time>2016-01-23T08:51:51.000Z</time></trkpt>
      <trkpt lat="35.801695" lon="127.720875"><ele>1488.3</ele><time>2016-01-23T08:51:51.000Z</time></trkpt>
      <trkpt lat="35.801730" lon="127.720910"><ele>1487.3</ele><time>2016-01-23T08:52:04.000Z</time></trkpt>
      <trkpt lat="35.801765" lon="127.720944"><ele>1486.4</ele><time>2016-01-23T08:52:04.000Z</time></trkpt>
      <trkpt lat="35.801800" lon="127.720979"><ele>1485.4</ele><time>2016-01-23T08:52:16.000Z</time></trkpt>
      <trkpt lat="35.801838" lon="127.721009"><ele>1484.5</ele><time>2016-01-23T08:52:16.000Z</time></trkpt>
      <trkpt lat="35.801879" lon="127.721031"><ele>1483.5</ele><time>2016-01-23T08:52:36.000Z</time></trkpt>
      <trkpt lat="35.801922" lon="127.721048"><ele>1482.6</ele><time>2016-01-23T08:52:36.000Z</time></trkpt>
      <trkpt lat="35.801966" lon="127.721060"><ele>1481.6</ele><time>2016-01-23T08:52:48.000Z</time></trkpt>
      <trkpt lat="35.802010" lon="127.721071"><ele>1480.7</ele><time>2016-01-23T08:52:48.000Z</time></trkpt>
      <trkpt lat="35.802054" lon="127.721081"><ele>1479.8</ele><time>2016-01-23T08:53:08.000Z</time></trkpt>
      <trkpt lat="35.802097" lon="127.721094"><ele>1479.0</ele><time>2016-01-23T08:53:08.000Z</time></trkpt>
      <trkpt lat="35.802140" lon="127.721113"><ele>1478.0</ele><time>2016-01-23T08:53:29.000Z</time></trkpt>
      <trkpt lat="35.802181" lon="127.721134"><ele>1477.2</ele><time>2016-01-23T08:53:29.000Z</time></trkpt>
      <trkpt lat="35.802221" lon="127.721160"><ele>1476.5</ele><time>2016-01-23T08:53:41.000Z</time></trkpt>
      <trkpt lat="35.802260" lon="127.721187"><ele>1475.8</ele><time>2016-01-23T08:53:41.000Z</time></trkpt>
      <trkpt lat="35.802299" lon="127.721215"><ele>1475.1</ele><time>2016-01-23T08:53:56.000Z</time></trkpt>
      <trkpt lat="35.802338" lon="127.721243"><ele>1474.4</ele><time>2016-01-23T08:53:56.000Z</time></trkpt>
      <trkpt lat="35.802375" lon="127.721275"><ele>1473.8</ele><time>2016-01-23T08:54:12.000Z</time></trkpt>
      <trkpt lat="35.802411" lon="127.721307"><ele>1473.1</ele><time>2016-01-23T08:54:12.000Z</time></trkpt>
      <trkpt lat="35.802449" lon="127.721337"><ele>1472.6</ele><time>2016-01-23T08:54:12.000Z</time></trkpt>
      <trkpt lat="35.802486" lon="127.721368"><ele>1472.0</ele><time>2016-01-23T08:54:22.000Z</time></trkpt>
      <trkpt lat="35.802526" lon="127.721395"><ele>1471.5</ele><time>2016-01-23T08:54:22.000Z</time></trkpt>
      <trkpt lat="35.802565" lon="127.721421"><ele>1471.0</ele><time>2016-01-23T08:54:33.000Z</time></trkpt>
      <trkpt lat="35.802608" lon="127.721439"><ele>1470.5</ele><time>2016-01-23T08:54:33.000Z</time></trkpt>
      <trkpt lat="35.802651" lon="127.721455"><ele>1469.9</ele><time>2016-01-23T08:54:42.000Z</time></trkpt>
      <trkpt lat="35.802694" lon="127.721472"><ele>1469.5</ele><time>2016-01-23T08:54:42.000Z</time></trkpt>
      <trkpt lat="35.802736" lon="127.721490"><ele>1469.0</ele><time>2016-01-23T08:54:54.000Z</time></trkpt>
      <trkpt lat="35.802778" lon="127.721509"><ele>1468.5</ele><time>2016-01-23T08:54:54.000Z</time></trkpt>
      <trkpt lat="35.802821" lon="127.721528"><ele>1468.0</ele><time>2016-01-23T08:55:04.000Z</time></trkpt>
      <trkpt lat="35.802860" lon="127.721553"><ele>1467.6</ele><time>2016-01-23T08:55:04.000Z</time></trkpt>
      <trkpt lat="35.802899" lon="127.721581"><ele>1467.1</ele><time>2016-01-23T08:55:13.000Z</time></trkpt>
      <trkpt lat="35.802937" lon="127.721611"><ele>1466.6</ele><time>2016-01-23T08:55:13.000Z</time></trkpt>
      <trkpt lat="35.802975" lon="127.721641"><ele>1466.2</ele><time>2016-01-23T08:55:27.000Z</time></trkpt>
      <trkpt lat="35.803009" lon="127.721677"><ele>1465.9</ele><time>2016-01-23T08:55:27.000Z</time></trkpt>
      <trkpt lat="35.803041" lon="127.721715"><ele>1465.5</ele><time>2016-01-23T08:55:38.000Z</time></trkpt>
      <trkpt lat="35.803072" lon="127.721755"><ele>1465.2</ele><time>2016-01-23T08:55:38.000Z</time></trkpt>
      <trkpt lat="35.803102" lon="127.721797"><ele>1464.8</ele><time>2016-01-23T08:55:49.000Z</time></trkpt>
      <trkpt lat="35.803131" lon="127.721840"><ele>1464.5</ele><time>2016-01-23T08:55:49.000Z</time></trkpt>
      <trkpt lat="35.803155" lon="127.721886"><ele>1464.1</ele><time>2016-01-23T08:56:04.000Z</time></trkpt>
      <trkpt lat="35.803178" lon="127.721934"><ele>1463.7</ele><time>2016-01-23T08:56:04.000Z</time></trkpt>
      <trkpt lat="35.803195" lon="127.721985"><ele>1463.3</ele><time>2016-01-23T08:56:25.000Z</time></trkpt>
      <trkpt lat="35.803213" lon="127.722036"><ele>1462.9</ele><time>2016-01-23T08:56:25.000Z</time></trkpt>
      <trkpt lat="35.803233" lon="127.722086"><ele>1462.5</ele><time>2016-01-23T08:56:48.000Z</time></trkpt>
      <trkpt lat="35.803252" lon="127.722136"><ele>1462.1</ele><time>2016-01-23T08:56:48.000Z</time></trkpt>
      <trkpt lat="35.803271" lon="127.722186"><ele>1461.7</ele><time>2016-01-23T08:56:59.000Z</time></trkpt>
      <trkpt lat="35.803292" lon="127.722235"><ele>1461.3</ele><time>2016-01-23T08:56:59.000Z</time></trkpt>
      <trkpt lat="35.803316" lon="127.722282"><ele>1460.9</ele><time>2016-01-23T08:57:09.000Z</time></trkpt>
      <trkpt lat="35.803338" lon="127.722330"><ele>1460.5</ele><time>2016-01-23T08:57:09.000Z</time></trkpt>
      <trkpt lat="35.803360" lon="127.722379"><ele>1460.1</ele><time>2016-01-23T08:57:20.000Z</time></trkpt>
      <trkpt lat="35.803380" lon="127.722428"><ele>1459.8</ele><time>2016-01-23T08:57:20.000Z</time></trkpt>
      <trkpt lat="35.803398" lon="127.722479"><ele>1459.3</ele><time>2016-01-23T08:57:32.000Z</time></trkpt>
      <trkpt lat="35.803416" lon="127.722530"><ele>1458.8</ele><time>2016-01-23T08:57:32.000Z</time></trkpt>
      <trkpt lat="35.803433" lon="127.722581"><ele>1458.3</ele><time>2016-01-23T08:57:42.000Z</time></trkpt>
      <trkpt lat="35.803449" lon="127.722633"><ele>1457.8</ele><time>2016-01-23T08:57:42.000Z</time></trkpt>
      <trkpt lat="35.803461" lon="127.722686"><ele>1457.2</ele><time>2016-01-23T08:57:55.000Z</time></trkpt>
      <trkpt lat="35.803474" lon="127.722740"><ele>1456.7</ele><time>2016-01-23T08:57:55.000Z</time></trkpt>
      <trkpt lat="35.803490" lon="127.722791"><ele>1456.1</ele><time>2016-01-23T08:58:08.000Z</time></trkpt>
      <trkpt lat="35.803505" lon="127.722843"><ele>1455.5</ele><time>2016-01-23T08:58:08.000Z</time></trkpt>
      <trkpt lat="35.803520" lon="127.722896"><ele>1454.8</ele><time>2016-01-23T08:58:24.000Z</time></trkpt>
      <trkpt lat="35.803536" lon="127.722948"><ele>1454.1</ele><time>2016-01-23T08:58:24.000Z</time></trkpt>
      <trkpt lat="35.803552" lon="127.723000"><ele>1453.3</ele><time>2016-01-23T08:58:38.000Z</time></trkpt>
      <trkpt lat="35.803569" lon="127.723051"><ele>1452.6</ele><time>2016-01-23T08:58:38.000Z</time></trkpt>
      <trkpt lat="35.803595" lon="127.723096"><ele>1451.8</ele><time>2016-01-23T08:58:58.000Z</time></trkpt>
      <trkpt lat="35.803622" lon="127.723140"><ele>1450.9</ele><time>2016-01-23T08:58:58.000Z</time></trkpt>
      <trkpt lat="35.803656" lon="127.723177"><ele>1450.1</ele><time>2016-01-23T08:59:10.000Z</time></trkpt>
      <trkpt lat="35.803689" lon="127.723214"><ele>1449.3</ele><time>2016-01-23T08:59:10.000Z</time></trkpt>
      <trkpt lat="35.803727" lon="127.723245"><ele>1448.5</ele><time>2016-01-23T08:59:24.000Z</time></trkpt>
      <trkpt lat="35.803764" lon="127.723276"><ele>1447.8</ele><time>2016-01-23T08:59:24.000Z</time></trkpt>
      <trkpt lat="35.803802" lon="127.723305"><ele>1447.1</ele><time>2016-01-23T08:59:24.000Z</time></trkpt>
      <trkpt lat="35.803841" lon="127.723333"><ele>1446.5</ele><time>2016-01-23T08:59:47.000Z</time></trkpt>
      <trkpt lat="35.803880" lon="127.723361"><ele>1445.8</ele><time>2016-01-23T08:59:47.000Z</time></trkpt>
      <trkpt lat="35.803918" lon="127.723390"><ele>1445.1</ele><time>2016-01-23T09:00:00.000Z</time></trkpt>
      <trkpt lat="35.803957" lon="127.723418"><ele>1444.4</ele><time>2016-01-23T09:00:00.000Z</time></trkpt>
      <trkpt lat="35.803995" lon="127.723447"><ele>1443.8</ele><time>2016-01-23T09:00:12.000Z</time></trkpt>
      <trkpt lat="35.804030" lon="127.723482"><ele>1443.3</ele><time>2016-01-23T09:00:12.000Z</time></trkpt>
      <trkpt lat="35.804063" lon="127.723519"><ele>1442.7</ele><time>2016-01-23T09:00:26.000Z</time></trkpt>
      <trkpt lat="35.804096" lon="127.723558"><ele>1442.2</ele><time>2016-01-23T09:00:26.000Z</time></trkpt>
      <trkpt lat="35.804127" lon="127.723597"><ele>1441.7</ele><time>2016-01-23T09:00:37.000Z</time></trkpt>
      <trkpt lat="35.804159" lon="127.723636"><ele>1441.2</ele><time>2016-01-23T09:00:37.000Z</time></trkpt>
      <trkpt lat="35.804192" lon="127.723674"><ele>1440.6</ele><time>2016-01-23T09:00:50.000Z</time></trkpt>
      <trkpt lat="35.804225" lon="127.723711"><ele>1439.9</ele><time>2016-01-23T09:00:50.000Z</time></trkpt>
      <trkpt lat="35.804262" lon="127.723743"><ele>1439.3</ele><time>2016-01-23T09:01:02.000Z</time></trkpt>
      <trkpt lat="35.804299" lon="127.723775"><ele>1438.7</ele><time>2016-01-23T09:01:02.000Z</time></trkpt>
      <trkpt lat="35.804340" lon="127.723797"><ele>1438.0</ele><time>2016-01-23T09:01:12.000Z</time></trkpt>
      <trkpt lat="35.804382" lon="127.723818"><ele>1437.3</ele><time>2016-01-23T09:01:12.000Z</time></trkpt>
      <trkpt lat="35.804425" lon="127.723831"><ele>1436.6</ele><time>2016-01-23T09:01:25.000Z</time></trkpt>
      <trkpt lat="35.804469" lon="127.723843"><ele>1435.9</ele><time>2016-01-23T09:01:25.000Z</time></trkpt>
      <trkpt lat="35.804514" lon="127.723849"><ele>1435.3</ele><time>2016-01-23T09:01:37.000Z</time></trkpt>
      <trkpt lat="35.804559" lon="127.723855"><ele>1434.6</ele><time>2016-01-23T09:01:37.000Z</time></trkpt>
      <trkpt lat="35.804603" lon="127.723864"><ele>1433.9</ele><time>2016-01-23T09:01:51.000Z</time></trkpt>
      <trkpt lat="35.804647" lon="127.723874"><ele>1433.2</ele><time>2016-01-23T09:01:51.000Z</time></trkpt>
      <trkpt lat="35.804690" lon="127.723890"><ele>1432.5</ele><time>2016-01-23T09:01:51.000Z</time></trkpt>
      <trkpt lat="35.804733" lon="127.723906"><ele>1431.7</ele><time>2016-01-23T09:02:01.000Z</time></trkpt>
      <trkpt lat="35.804775" lon="127.723928"><ele>1431.0</ele><time>2016-01-23T09:02:01.000Z</time></trkpt>
      <trkpt lat="35.804816" lon="127.723950"><ele>1430.3</ele><time>2016-01-23T09:02:12.000Z</time></trkpt>
      <trkpt lat="35.804856" lon="127.723974"><ele>1429.5</ele><time>2016-01-23T09:02:12.000Z</time></trkpt>
      <trkpt lat="35.804897" lon="127.723998"><ele>1428.8</ele><time>2016-01-23T09:02:22.000Z</time></trkpt>
      <trkpt lat="35.804937" lon="127.724022"><ele>1428.0</ele><time>2016-01-23T09:02:22.000Z</time></trkpt>
      <trkpt lat="35.804979" lon="127.724042"><ele>1427.2</ele><time>2016-01-23T09:02:32.000Z</time></trkpt>
      <trkpt lat="35.805021" lon="127.724062"><ele>1426.5</ele><time>2016-01-23T09:02:32.000Z</time></trkpt>
      <trkpt lat="35.805064" lon="127.724079"><ele>1425.8</ele><time>2016-01-23T09:02:32.000Z</time></trkpt>
      <trkpt lat="35.805107" lon="127.724097"><ele>1425.1</ele><time>2016-01-23T09:02:45.000Z</time></trkpt>
      <trkpt lat="35.805149" lon="127.724115"><ele>1424.5</ele><time>2016-01-23T09:02:45.000Z</time></trkpt>
      <trkpt lat="35.805191" lon="127.724134"><ele>1423.9</ele><time>2016-01-23T09:02:56.000Z</time></trkpt>
      <trkpt lat="35.805233" lon="127.724155"><ele>1423.3</ele><time>2016-01-23T09:02:56.000Z</time></trkpt>
      <trkpt lat="35.805274" lon="127.724176"><ele>1422.8</ele><time>2016-01-23T09:03:06.000Z</time></trkpt>
      <trkpt lat="35.805317" lon="127.724194"><ele>1422.3</ele><time>2016-01-23T09:03:06.000Z</time></trkpt>
      <trkpt lat="35.805360" lon="127.724211"><ele>1421.8</ele><time>2016-01-23T09:03:15.000Z</time></trkpt>
      <trkpt lat="35.805404" lon="127.724221"><ele>1421.4</ele><time>2016-01-23T09:03:15.000Z</time></trkpt>
      <trkpt lat="35.805448" lon="127.724229"><ele>1421.0</ele><time>2016-01-23T09:03:24.000Z</time></trkpt>
      <trkpt lat="35.805493" lon="127.724230"><ele>1420.7</ele><time>2016-01-23T09:03:24.000Z</time></trkpt>
      <trkpt lat="35.805538" lon="127.724229"><ele>1420.4</ele><time>2016-01-23T09:03:32.000Z</time></trkpt>
      <trkpt lat="35.805583" lon="127.724226"><ele>1420.1</ele><time>2016-01-23T09:03:32.000Z</time></trkpt>
      <trkpt lat="35.805628" lon="127.724222"><ele>1419.9</ele><time>2016-01-23T09:03:41.000Z</time></trkpt>
      <trkpt lat="35.805673" lon="127.724219"><ele>1419.6</ele><time>2016-01-23T09:03:41.000Z</time></trkpt>
      <trkpt lat="35.805718" lon="127.724217"><ele>1419.4</ele><time>2016-01-23T09:03:51.000Z</time></trkpt>
      <trkpt lat="35.805763" lon="127.724215"><ele>1419.2</ele><time>2016-01-23T09:03:51.000Z</time></trkpt>
      <trkpt lat="35.805808" lon="127.724219"><ele>1419.0</ele><time>2016-01-23T09:03:51.000Z</time></trkpt>
      <trkpt lat="35.805852" lon="127.724222"><ele>1418.9</ele><time>2016-01-23T09:04:04.000Z</time></trkpt>
      <trkpt lat="35.805897" lon="127.724230"><ele>1418.7</ele><time>2016-01-23T09:04:04.000Z</time></trkpt>
      <trkpt lat="35.805941" lon="127.724240"><ele>1418.6</ele><time>2016-01-23T09:04:13.000Z</time></trkpt>
      <trkpt lat="35.805985" lon="127.724251"><ele>1418.5</ele><time>2016-01-23T09:04:13.000Z</time></trkpt>
      <trkpt lat="35.806029" lon="127.724264"><ele>1418.3</ele><time>2016-01-23T09:04:22.000Z</time></trkpt>
      <trkpt lat="35.806073" lon="127.724276"><ele>1418.2</ele><time>2016-01-23T09:04:22.000Z</time></trkpt>
      <trkpt lat="35.806117" lon="127.724287"><ele>1418.2</ele><time>2016-01-23T09:04:22.000Z</time></trkpt>
      <trkpt lat="35.806161" lon="127.724298"><ele>1418.1</ele><time>2016-01-23T09:04:31.000Z</time></trkpt>
      <trkpt lat="35.806205" lon="127.724308"><ele>1418.1</ele><time>2016-01-23T09:04:31.000Z</time></trkpt>
      <trkpt lat="35.806250" lon="127.724317"><ele>1418.1</ele><time>2016-01-23T09:04:39.000Z</time></trkpt>
      <trkpt lat="35.806294" lon="127.724325"><ele>1418.1</ele><time>2016-01-23T09:04:39.000Z</time></trkpt>
      <trkpt lat="35.806339" lon="127.724331"><ele>1418.1</ele><time>2016-01-23T09:04:48.000Z</time></trkpt>
      <trkpt lat="35.806383" lon="127.724333"><ele>1418.1</ele><time>2016-01-23T09:04:48.000Z</time></trkpt>
      <trkpt lat="35.806428" lon="127.724329"><ele>1418.1</ele><time>2016-01-23T09:04:57.000Z</time></trkpt>
      <trkpt lat="35.806473" lon="127.724323"><ele>1418.1</ele><time>2016-01-23T09:04:57.000Z</time></trkpt>
      <trkpt lat="35.806517" lon="127.724314"><ele>1418.1</ele><time>2016-01-23T09:05:06.000Z</time></trkpt>
      <trkpt lat="35.806562" lon="127.724305"><ele>1418.1</ele><time>2016-01-23T09:05:06.000Z</time></trkpt>
      <trkpt lat="35.806606" lon="127.724293"><ele>1418.1</ele><time>2016-01-23T09:05:06.000Z</time></trkpt>
      <trkpt lat="35.806650" lon="127.724281"><ele>1418.0</ele><time>2016-01-23T09:05:15.000Z</time></trkpt>
      <trkpt lat="35.806694" lon="127.724277"><ele>1417.9</ele><time>2016-01-23T09:05:15.000Z</time></trkpt>
      <trkpt lat="35.806739" lon="127.724275"><ele>1417.8</ele><time>2016-01-23T09:05:24.000Z</time></trkpt>
      <trkpt lat="35.806784" lon="127.724269"><ele>1417.6</ele><time>2016-01-23T09:05:24.000Z</time></trkpt>
      <trkpt lat="35.806829" lon="127.724263"><ele>1417.5</ele><time>2016-01-23T09:05:36.000Z</time></trkpt>
      <trkpt lat="35.806873" lon="127.724266"><ele>1417.3</ele><time>2016-01-23T09:05:36.000Z</time></trkpt>
      <trkpt lat="35.806918" lon="127.724274"><ele>1417.1</ele><time>2016-01-23T09:05:48.000Z</time></trkpt>
      <trkpt lat="35.806962" lon="127.724287"><ele>1416.9</ele><time>2016-01-23T09:05:48.000Z</time></trkpt>
      <trkpt lat="35.807005" lon="127.724301"><ele>1416.7</ele><time>2016-01-23T09:05:58.000Z</time></trkpt>
      <trkpt lat="35.807045" lon="127.724324"><ele>1416.4</ele><time>2016-01-23T09:05:58.000Z</time></trkpt>
      <trkpt lat="35.807084" lon="127.724352"><ele>1416.2</ele><time>2016-01-23T09:06:09.000Z</time></trkpt>
      <trkpt lat="35.807124" lon="127.724378"><ele>1416.0</ele><time>2016-01-23T09:06:09.000Z</time></trkpt>
      <trkpt lat="35.807164" lon="127.724404"><ele>1415.8</ele><time>2016-01-23T09:06:19.000Z</time></trkpt>
      <trkpt lat="35.807204" lon="127.724428"><ele>1415.6</ele><time>2016-01-23T09:06:19.000Z</time></trkpt>
      <trkpt lat="35.807245" lon="127.724451"><ele>1415.3</ele><time>2016-01-23T09:06:30.000Z</time></trkpt>
      <trkpt lat="35.807286" lon="127.724473"><ele>1415.1</ele><time>2016-01-23T09:06:30.000Z</time></trkpt>
      <trkpt lat="35.807330" lon="127.724484"><ele>1414.9</ele><time>2016-01-23T09:06:44.000Z</time></trkpt>
      <trkpt lat="35.807374" lon="127.724495"><ele>1414.7</ele><time>2016-01-23T09:06:44.000Z</time></trkpt>
      <trkpt lat="35.807419" lon="127.724503"><ele>1414.5</ele><time>2016-01-23T09:06:44.000Z</time></trkpt>
      <trkpt lat="35.807463" lon="127.724511"><ele>1414.3</ele><time>2016-01-23T09:06:54.000Z</time></trkpt>
      <trkpt lat="35.807508" lon="127.724511"><ele>1414.1</ele><time>2016-01-23T09:06:54.000Z</time></trkpt>
      <trkpt lat="35.807553" lon="127.724506"><ele>1413.9</ele><time>2016-01-23T09:07:08.000Z</time></trkpt>
      <trkpt lat="35.807597" lon="127.724496"><ele>1413.7</ele><time>2016-01-23T09:07:08.000Z</time></trkpt>
      <trkpt lat="35.807640" lon="127.724481"><ele>1413.5</ele><time>2016-01-23T09:07:16.000Z</time></trkpt>
      <trkpt lat="35.807681" lon="127.724459"><ele>1413.3</ele><time>2016-01-23T09:07:16.000Z</time></trkpt>
      <trkpt lat="35.807719" lon="127.724430"><ele>1413.2</ele><time>2016-01-23T09:07:25.000Z</time></trkpt>
      <trkpt lat="35.807758" lon="127.724401"><ele>1413.0</ele><time>2016-01-23T09:07:25.000Z</time></trkpt>
      <trkpt lat="35.807796" lon="127.724373"><ele>1412.8</ele><time>2016-01-23T09:07:34.000Z</time></trkpt>
      <trkpt lat="35.807835" lon="127.724345"><ele>1412.6</ele><time>2016-01-23T09:07:34.000Z</time></trkpt>
      <trkpt lat="35.807875" lon="127.724319"><ele>1412.5</ele><time>2016-01-23T09:07:42.000Z</time></trkpt>
      <trkpt lat="35.807914" lon="127.724292"><ele>1412.3</ele><time>2016-01-23T09:07:42.000Z</time></trkpt>
      <trkpt lat="35.807954" lon="127.724267"><ele>1412.1</ele><time>2016-01-23T09:07:51.000Z</time></trkpt>
      <trkpt lat="35.807995" lon="127.724243"><ele>1412.0</ele><time>2016-01-23T09:07:51.000Z</time></trkpt>
      <trkpt lat="35.808034" lon="127.724216"><ele>1411.8</ele><time>2016-01-23T09:07:51.000Z</time></trkpt>
      <trkpt lat="35.808074" lon="127.724189"><ele>1411.7</ele><time>2016-01-23T09:07:59.000Z</time></trkpt>
      <trkpt lat="35.808115" lon="127.724168"><ele>1411.6</ele><time>2016-01-23T09:07:59.000Z</time></trkpt>
      <trkpt lat="35.808157" lon="127.724148"><ele>1411.4</ele><time>2016-01-23T09:08:07.000Z</time></trkpt>
      <trkpt lat="35.808200" lon="127.724133"><ele>1411.4</ele><time>2016-01-23T09:08:07.000Z</time></trkpt>
      <trkpt lat="35.808244" lon="127.724119"><ele>1411.3</ele><time>2016-01-23T09:08:17.000Z</time></trkpt>
      <trkpt lat="35.808287" lon="127.724105"><ele>1411.2</ele><time>2016-01-23T09:08:17.000Z</time></trkpt>
      <trkpt lat="35.808331" lon="127.724092"><ele>1411.2</ele><time>2016-01-23T09:08:27.000Z</time></trkpt>
      <trkpt lat="35.808374" lon="127.724075"><ele>1411.2</ele><time>2016-01-23T09:08:27.000Z</time></trkpt>
      <trkpt lat="35.808416" lon="127.724055"><ele>1411.2</ele><time>2016-01-23T09:08:38.000Z</time></trkpt>
      <trkpt lat="35.808458" lon="127.724036"><ele>1411.2</ele><time>2016-01-23T09:08:38.000Z</time></trkpt>
      <trkpt lat="35.808500" lon="127.724016"><ele>1411.2</ele><time>2016-01-23T09:08:52.000Z</time></trkpt>
      <trkpt lat="35.808543" lon="127.723999"><ele>1411.3</ele><time>2016-01-23T09:08:52.000Z</time></trkpt>
      <trkpt lat="35.808586" lon="127.723984"><ele>1411.3</ele><time>2016-01-23T09:09:09.000Z</time></trkpt>
      <trkpt lat="35.808630" lon="127.723973"><ele>1411.4</ele><time>2016-01-23T09:09:09.000Z</time></trkpt>
      <trkpt lat="35.808674" lon="127.723965"><ele>1411.5</ele><time>2016-01-23T09:09:25.000Z</time></trkpt>
      <trkpt lat="35.808719" lon="127.723956"><ele>1411.7</ele><time>2016-01-23T09:09:25.000Z</time></trkpt>
      <trkpt lat="35.808763" lon="127.723945"><ele>1411.8</ele><time>2016-01-23T09:09:42.000Z</time></trkpt>
      <trkpt lat="35.808806" lon="127.723932"><ele>1412.0</ele><time>2016-01-23T09:09:42.000Z</time></trkpt>
      <trkpt lat="35.808849" lon="127.723914"><ele>1412.3</ele><time>2016-01-23T09:09:56.000Z</time></trkpt>
      <trkpt lat="35.808891" lon="127.723896"><ele>1412.5</ele><time>2016-01-23T09:09:56.000Z</time></trkpt>
      <trkpt lat="35.808932" lon="127.723872"><ele>1412.8</ele><time>2016-01-23T09:10:11.000Z</time></trkpt>
      <trkpt lat="35.808973" lon="127.723849"><ele>1413.1</ele><time>2016-01-23T09:10:11.000Z</time></trkpt>
      <trkpt lat="35.809012" lon="127.723823"><ele>1413.5</ele><time>2016-01-23T09:10:26.000Z</time></trkpt>
      <trkpt lat="35.809052" lon="127.723797"><ele>1413.8</ele><time>2016-01-23T09:10:26.000Z</time></trkpt>
      <trkpt lat="35.809094" lon="127.723777"><ele>1414.2</ele><time>2016-01-23T09:10:26.000Z</time></trkpt>
      <trkpt lat="35.809136" lon="127.723757"><ele>1414.7</ele><time>2016-01-23T09:10:40.000Z</time></trkpt>
      <trkpt lat="35.809179" lon="127.723739"><ele>1415.1</ele><time>2016-01-23T09:10:40.000Z</time></trkpt>
      <trkpt lat="35.809221" lon="127.723722"><ele>1415.6</ele><time>2016-01-23T09:10:58.000Z</time></trkpt>
      <trkpt lat="35.809265" lon="127.723707"><ele>1416.1</ele><time>2016-01-23T09:10:58.000Z</time></trkpt>
      <trkpt lat="35.809308" lon="127.723692"><ele>1416.6</ele><time>2016-01-23T09:11:18.000Z</time></trkpt>
      <trkpt lat="35.809352" lon="127.723680"><ele>1417.2</ele><time>2016-01-23T09:11:18.000Z</time></trkpt>
      <trkpt lat="35.809396" lon="127.723669"><ele>1417.8</ele><time>2016-01-23T09:11:30.000Z</time></trkpt>
      <trkpt lat="35.809440" lon="127.723659"><ele>1418.4</ele><time>2016-01-23T09:11:30.000Z</time></trkpt>
      <trkpt lat="35.809485" lon="127.723652"><ele>1419.1</ele><time>2016-01-23T09:11:41.000Z</time></trkpt>
      <trkpt lat="35.809529" lon="127.723646"><ele>1419.7</ele><time>2016-01-23T09:11:41.000Z</time></trkpt>
      <trkpt lat="35.809574" lon="127.723641"><ele>1420.4</ele><time>2016-01-23T09:11:51.000Z</time></trkpt>
      <trkpt lat="35.809619" lon="127.723635"><ele>1421.1</ele><time>2016-01-23T09:11:51.000Z</time></trkpt>
      <trkpt lat="35.809663" lon="127.723625"><ele>1421.9</ele><time>2016-01-23T09:11:51.000Z</time></trkpt>
      <trkpt lat="35.809707" lon="127.723615"><ele>1422.7</ele><time>2016-01-23T09:12:06.000Z</time></trkpt>
      <trkpt lat="35.809751" lon="127.723601"><ele>1423.4</ele><time>2016-01-23T09:12:06.000Z</time></trkpt>
      <trkpt lat="35.809794" lon="127.723586"><ele>1424.2</ele><time>2016-01-23T09:12:30.000Z</time></trkpt>
      <trkpt lat="35.809838" lon="127.723572"><ele>1424.9</ele><time>2016-01-23T09:12:30.000Z</time></trkpt>
      <trkpt lat="35.809881" lon="127.723559"><ele>1425.6</ele><time>2016-01-23T09:12:39.000Z</time></trkpt>
      <trkpt lat="35.809925" lon="127.723547"><ele>1426.3</ele><time>2016-01-23T09:12:39.000Z</time></trkpt>
      <trkpt lat="35.809970" lon="127.723537"><ele>1426.9</ele><time>2016-01-23T09:12:48.000Z</time></trkpt>
      <trkpt lat="35.810014" lon="127.723527"><ele>1427.6</ele><time>2016-01-23T09:12:48.000Z</time></trkpt>
      <trkpt lat="35.810058" lon="127.723517"><ele>1428.3</ele><time>2016-01-23T09:13:01.000Z</time></trkpt>
      <trkpt lat="35.810102" lon="127.723508"><ele>1429.0</ele><time>2016-01-23T09:13:01.000Z</time></trkpt>
      <trkpt lat="35.810147" lon="127.723501"><ele>1429.7</ele><time>2016-01-23T09:13:14.000Z</time></trkpt>
      <trkpt lat="35.810192" lon="127.723496"><ele>1430.4</ele><time>2016-01-23T09:13:14.000Z</time></trkpt>
      <trkpt lat="35.810237" lon="127.723495"><ele>1431.1</ele><time>2016-01-23T09:13:26.000Z</time></trkpt>
      <trkpt lat="35.810282" lon="127.723496"><ele>1431.8</ele><time>2016-01-23T09:13:26.000Z</time></trkpt>
      <trkpt lat="35.810326" lon="127.723505"><ele>1432.6</ele><time>2016-01-23T09:13:38.000Z</time></trkpt>
      <trkpt lat="35.810370" lon="127.723514"><ele>1433.3</ele><time>2016-01-23T09:13:38.000Z</time></trkpt>
      <trkpt lat="35.810414" lon="127.723527"><ele>1433.9</ele><time>2016-01-23T09:13:38.000Z</time></trkpt>
      <trkpt lat="35.810458" lon="127.723540"><ele>1434.6</ele><time>2016-01-23T09:14:44.000Z</time></trkpt>
      <trkpt lat="35.810501" lon="127.723556"><ele>1435.1</ele><time>2016-01-23T09:14:44.000Z</time></trkpt>
      <trkpt lat="35.810544" lon="127.723572"><ele>1435.7</ele><time>2016-01-23T09:14:56.000Z</time></trkpt>
      <trkpt lat="35.810587" lon="127.723587"><ele>1436.2</ele><time>2016-01-23T09:14:56.000Z</time></trkpt>
      <trkpt lat="35.810630" lon="127.723601"><ele>1436.8</ele><time>2016-01-23T09:15:12.000Z</time></trkpt>
      <trkpt lat="35.810674" lon="127.723614"><ele>1437.2</ele><time>2016-01-23T09:15:12.000Z</time></trkpt>
      <trkpt lat="35.810718" lon="127.723627"><ele>1437.7</ele><time>2016-01-23T09:15:22.000Z</time></trkpt>
      <trkpt lat="35.810762" lon="127.723639"><ele>1438.1</ele><time>2016-01-23T09:15:22.000Z</time></trkpt>
      <trkpt lat="35.810807" lon="127.723644"><ele>1438.4</ele><time>2016-01-23T09:15:33.000Z</time></trkpt>
      <trkpt lat="35.810851" lon="127.723649"><ele>1438.7</ele><time>2016-01-23T09:15:33.000Z</time></trkpt>
      <trkpt lat="35.810896" lon="127.723657"><ele>1439.0</ele><time>2016-01-23T09:15:33.000Z</time></trkpt>
      <trkpt lat="35.810940" lon="127.723665"><ele>1439.2</ele><time>2016-01-23T09:15:42.000Z</time></trkpt>
      <trkpt lat="35.810984" lon="127.723677"><ele>1439.4</ele><time>2016-01-23T09:15:42.000Z</time></trkpt>
      <trkpt lat="35.811028" lon="127.723691"><ele>1439.5</ele><time>2016-01-23T09:15:50.000Z</time></trkpt>
      <trkpt lat="35.811071" lon="127.723707"><ele>1439.6</ele><time>2016-01-23T09:15:50.000Z</time></trkpt>
      <trkpt lat="35.811113" lon="127.723725"><ele>1439.7</ele><time>2016-01-23T09:16:00.000Z</time></trkpt>
      <trkpt lat="35.811155" lon="127.723744"><ele>1439.7</ele><time>2016-01-23T09:16:00.000Z</time></trkpt>
      <trkpt lat="35.811197" lon="127.723764"><ele>1439.7</ele><time>2016-01-23T09:16:17.000Z</time></trkpt>
      <trkpt lat="35.811239" lon="127.723785"><ele>1439.7</ele><time>2016-01-23T09:16:17.000Z</time></trkpt>
      <trkpt lat="35.811280" lon="127.723809"><ele>1439.7</ele><time>2016-01-23T09:16:30.000Z</time></trkpt>
      <trkpt lat="35.811315" lon="127.723841"><ele>1439.6</ele><time>2016-01-23T09:16:30.000Z</time></trkpt>
      <trkpt lat="35.811347" lon="127.723881"><ele>1439.5</ele><time>2016-01-23T09:16:45.000Z</time></trkpt>
      <trkpt lat="35.811369" lon="127.723928"><ele>1439.3</ele><time>2016-01-23T09:16:45.000Z</time></trkpt>
      <trkpt lat="35.811388" lon="127.723979"><ele>1439.1</ele><time>2016-01-23T09:17:00.000Z</time></trkpt>
      <trkpt lat="35.811407" lon="127.724029"><ele>1438.8</ele><time>2016-01-23T09:17:00.000Z</time></trkpt>
      <trkpt lat="35.811426" lon="127.724079"><ele>1438.4</ele><time>2016-01-23T09:17:14.000Z</time></trkpt>
      <trkpt lat="35.811447" lon="127.724128"><ele>1437.8</ele><time>2016-01-23T09:17:14.000Z</time></trkpt>
      <trkpt lat="35.811469" lon="127.724176"><ele>1437.2</ele><time>2016-01-23T09:17:41.000Z</time></trkpt>
      <trkpt lat="35.811493" lon="127.724223"><ele>1436.4</ele><time>2016-01-23T09:17:41.000Z</time></trkpt>
      <trkpt lat="35.811518" lon="127.724269"><ele>1435.5</ele><time>2016-01-23T09:17:51.000Z</time></trkpt>
      <trkpt lat="35.811542" lon="127.724316"><ele>1434.5</ele><time>2016-01-23T09:17:51.000Z</time></trkpt>
      <trkpt lat="35.811565" lon="127.724364"><ele>1433.5</ele><time>2016-01-23T09:18:02.000Z</time></trkpt>
      <trkpt lat="35.811595" lon="127.724405"><ele>1432.4</ele><time>2016-01-23T09:18:02.000Z</time></trkpt>
      <trkpt lat="35.811626" lon="127.724445"><ele>1431.2</ele><time>2016-01-23T09:18:12.000Z</time></trkpt>
      <trkpt lat="35.811659" lon="127.724483"><ele>1429.9</ele><time>2016-01-23T09:18:12.000Z</time></trkpt>
      <trkpt lat="35.811692" lon="127.724520"><ele>1428.7</ele><time>2016-01-23T09:18:21.000Z</time></trkpt>
      <trkpt lat="35.811728" lon="127.724554"><ele>1427.4</ele><time>2016-01-23T09:18:21.000Z</time></trkpt>
      <trkpt lat="35.811765" lon="127.724585"><ele>1426.0</ele><time>2016-01-23T09:18:29.000Z</time></trkpt>
      <trkpt lat="35.811804" lon="127.724614"><ele>1424.7</ele><time>2016-01-23T09:18:29.000Z</time></trkpt>
      <trkpt lat="35.811844" lon="127.724637"><ele>1423.1</ele><time>2016-01-23T09:18:38.000Z</time></trkpt>
      <trkpt lat="35.811885" lon="127.724659"><ele>1421.6</ele><time>2016-01-23T09:18:38.000Z</time></trkpt>
      <trkpt lat="35.811927" lon="127.724680"><ele>1420.0</ele><time>2016-01-23T09:19:00.000Z</time></trkpt>
      <trkpt lat="35.811969" lon="127.724700"><ele>1418.5</ele><time>2016-01-23T09:19:00.000Z</time></trkpt>
      <trkpt lat="35.812012" lon="127.724718"><ele>1417.3</ele><time>2016-01-23T09:19:19.000Z</time></trkpt>
      <trkpt lat="35.812053" lon="127.724738"><ele>1416.0</ele><time>2016-01-23T09:19:19.000Z</time></trkpt>
      <trkpt lat="35.812094" lon="127.724762"><ele>1414.9</ele><time>2016-01-23T09:19:29.000Z</time></trkpt>
      <trkpt lat="35.812135" lon="127.724784"><ele>1413.9</ele><time>2016-01-23T09:19:29.000Z</time></trkpt>
      <trkpt lat="35.812177" lon="127.724803"><ele>1413.1</ele><time>2016-01-23T09:19:46.000Z</time></trkpt>
      <trkpt lat="35.812219" lon="127.724823"><ele>1412.3</ele><time>2016-01-23T09:19:46.000Z</time></trkpt>
      <trkpt lat="35.812258" lon="127.724851"><ele>1411.7</ele><time>2016-01-23T09:20:08.000Z</time></trkpt>
      <trkpt lat="35.812296" lon="127.724881"><ele>1411.1</ele><time>2016-01-23T09:20:08.000Z</time></trkpt>
      <trkpt lat="35.812331" lon="127.724915"><ele>1410.7</ele><time>2016-01-23T09:20:42.000Z</time></trkpt>
      <trkpt lat="35.812366" lon="127.724951"><ele>1410.4</ele><time>2016-01-23T09:20:42.000Z</time></trkpt>
      <trkpt lat="35.812397" lon="127.724990"><ele>1410.1</ele><time>2016-01-23T09:21:03.000Z</time></trkpt>
      <trkpt lat="35.812428" lon="127.725031"><ele>1410.0</ele><time>2016-01-23T09:21:03.000Z</time></trkpt>
      <trkpt lat="35.812457" lon="127.725073"><ele>1409.9</ele><time>2016-01-23T09:21:17.000Z</time></trkpt>
      <trkpt lat="35.812485" lon="127.725116"><ele>1409.9</ele><time>2016-01-23T09:21:17.000Z</time></trkpt>
      <trkpt lat="35.812512" lon="127.725161"><ele>1409.9</ele><time>2016-01-23T09:21:34.000Z</time></trkpt>
      <trkpt lat="35.812539" lon="127.725205"><ele>1409.9</ele><time>2016-01-23T09:21:34.000Z</time></trkpt>
      <trkpt lat="35.812565" lon="127.725250"><ele>1409.9</ele><time>2016-01-23T09:21:47.000Z</time></trkpt>
      <trkpt lat="35.812594" lon="127.725293"><ele>1410.0</ele><time>2016-01-23T09:22:02.000Z</time></trkpt>
      <trkpt lat="35.812623" lon="127.725335"><ele>1410.1</ele><time>2016-01-23T09:22:02.000Z</time></trkpt>
      <trkpt lat="35.812652" lon="127.725377"><ele>1410.3</ele><time>2016-01-23T09:22:02.000Z</time></trkpt>
      <trkpt lat="35.812682" lon="127.725419"><ele>1410.5</ele><time>2016-01-23T09:22:11.000Z</time></trkpt>
      <trkpt lat="35.812710" lon="127.725462"><ele>1410.9</ele><time>2016-01-23T09:22:11.000Z</time></trkpt>
      <trkpt lat="35.812737" lon="127.725506"><ele>1411.3</ele><time>2016-01-23T09:22:25.000Z</time></trkpt>
      <trkpt lat="35.812765" lon="127.725550"><ele>1411.9</ele><time>2016-01-23T09:22:25.000Z</time></trkpt>
      <trkpt lat="35.812793" lon="127.725593"><ele>1412.6</ele><time>2016-01-23T09:22:38.000Z</time></trkpt>
      <trkpt lat="35.812822" lon="127.725636"><ele>1413.3</ele><time>2016-01-23T09:22:38.000Z</time></trkpt>
      <trkpt lat="35.812851" lon="127.725678"><ele>1414.2</ele><time>2016-01-23T09:22:47.000Z</time></trkpt>
      <trkpt lat="35.812879" lon="127.725721"><ele>1415.2</ele><time>2016-01-23T09:22:47.000Z</time></trkpt>
      <trkpt lat="35.812908" lon="127.725764"><ele>1416.2</ele><time>2016-01-23T09:22:59.000Z</time></trkpt>
      <trkpt lat="35.812935" lon="127.725809"><ele>1417.2</ele><time>2016-01-23T09:22:59.000Z</time></trkpt>
      <trkpt lat="35.812960" lon="127.725854"><ele>1418.2</ele><time>2016-01-23T09:23:10.000Z</time></trkpt>
      <trkpt lat="35.812979" lon="127.725904"><ele>1419.2</ele><time>2016-01-23T09:23:10.000Z</time></trkpt>
      <trkpt lat="35.812997" lon="127.725955"><ele>1420.2</ele><time>2016-01-23T09:23:19.000Z</time></trkpt>
      <trkpt lat="35.813012" lon="127.726007"><ele>1421.1</ele><time>2016-01-23T09:23:19.000Z</time></trkpt>
      <trkpt lat="35.813026" lon="127.726060"><ele>1422.0</ele><time>2016-01-23T09:23:32.000Z</time></trkpt>
      <trkpt lat="35.813039" lon="127.726113"><ele>1422.9</ele><time>2016-01-23T09:23:32.000Z</time></trkpt>
      <trkpt lat="35.813051" lon="127.726167"><ele>1423.6</ele><time>2016-01-23T09:23:51.000Z</time></trkpt>
      <trkpt lat="35.813063" lon="127.726220"><ele>1424.4</ele><time>2016-01-23T09:23:51.000Z</time></trkpt>
      <trkpt lat="35.813074" lon="127.726274"><ele>1425.1</ele><time>2016-01-23T09:24:08.000Z</time></trkpt>
      <trkpt lat="35.813085" lon="127.726328"><ele>1425.8</ele><time>2016-01-23T09:24:08.000Z</time></trkpt>
      <trkpt lat="35.813094" lon="127.726382"><ele>1426.5</ele><time>2016-01-23T09:24:26.000Z</time></trkpt>
      <trkpt lat="35.813103" lon="127.726436"><ele>1427.1</ele><time>2016-01-23T09:24:26.000Z</time></trkpt>
      <trkpt lat="35.813112" lon="127.726491"><ele>1427.6</ele><time>2016-01-23T09:24:26.000Z</time></trkpt>
      <trkpt lat="35.813121" lon="127.726545"><ele>1428.1</ele><time>2016-01-23T09:24:40.000Z</time></trkpt>
      <trkpt lat="35.813129" lon="127.726599"><ele>1428.6</ele><time>2016-01-23T09:24:40.000Z</time></trkpt>
      <trkpt lat="35.813136" lon="127.726654"><ele>1429.1</ele><time>2016-01-23T09:24:52.000Z</time></trkpt>
      <trkpt lat="35.813148" lon="127.726708"><ele>1429.5</ele><time>2016-01-23T09:24:52.000Z</time></trkpt>
      <trkpt lat="35.813161" lon="127.726761"><ele>1429.9</ele><time>2016-01-23T09:25:12.000Z</time></trkpt>
      <trkpt lat="35.813169" lon="127.726815"><ele>1430.3</ele><time>2016-01-23T09:25:12.000Z</time></trkpt>
      <trkpt lat="35.813178" lon="127.726870"><ele>1430.8</ele><time>2016-01-23T09:25:25.000Z</time></trkpt>
      <trkpt lat="35.813186" lon="127.726924"><ele>1431.1</ele><time>2016-01-23T09:25:25.000Z</time></trkpt>
      <trkpt lat="35.813195" lon="127.726978"><ele>1431.4</ele><time>2016-01-23T09:25:39.000Z</time></trkpt>
      <trkpt lat="35.813191" lon="127.727033"><ele>1431.7</ele><time>2016-01-23T09:25:39.000Z</time></trkpt>
      <trkpt lat="35.813184" lon="127.727088"><ele>1431.9</ele><time>2016-01-23T09:25:50.000Z</time></trkpt>
      <trkpt lat="35.813169" lon="127.727140"><ele>1432.1</ele><time>2016-01-23T09:25:50.000Z</time></trkpt>
      <trkpt lat="35.813153" lon="127.727192"><ele>1432.3</ele><time>2016-01-23T09:26:00.000Z</time></trkpt>
      <trkpt lat="35.813131" lon="127.727240"><ele>1432.4</ele><time>2016-01-23T09:26:00.000Z</time></trkpt>
      <trkpt lat="35.813108" lon="127.727288"><ele>1432.5</ele><time>2016-01-23T09:26:11.000Z</time></trkpt>
      <trkpt lat="35.813097" lon="127.727342"><ele>1432.5</ele><time>2016-01-23T09:26:11.000Z</time></trkpt>
      <trkpt lat="35.813085" lon="127.727395"><ele>1432.6</ele><time>2016-01-23T09:26:20.000Z</time></trkpt>
      <trkpt lat="35.813090" lon="127.727450"><ele>1432.6</ele><time>2016-01-23T09:26:30.000Z</time></trkpt>
      <trkpt lat="35.813097" lon="127.727505"><ele>1432.7</ele><time>2016-01-23T09:26:30.000Z</time></trkpt>
      <trkpt lat="35.813119" lon="127.727552"><ele>1432.8</ele><time>2016-01-23T09:26:48.000Z</time></trkpt>
      <trkpt lat="35.813144" lon="127.727599"><ele>1432.8</ele><time>2016-01-23T09:26:48.000Z</time></trkpt>
      <trkpt lat="35.813175" lon="127.727639"><ele>1432.9</ele><time>2016-01-23T09:27:13.000Z</time></trkpt>
      <trkpt lat="35.813205" lon="127.727679"><ele>1433.0</ele><time>2016-01-23T09:27:13.000Z</time></trkpt>
      <trkpt lat="35.813232" lon="127.727724"><ele>1433.0</ele><time>2016-01-23T09:28:00.000Z</time></trkpt>
      <trkpt lat="35.813259" lon="127.727768"><ele>1433.0</ele><time>2016-01-23T09:28:00.000Z</time></trkpt>
      <trkpt lat="35.813277" lon="127.727819"><ele>1433.0</ele><time>2016-01-23T09:28:19.000Z</time></trkpt>
      <trkpt lat="35.813295" lon="127.727870"><ele>1433.0</ele><time>2016-01-23T09:28:19.000Z</time></trkpt>
      <trkpt lat="35.813302" lon="127.727924"><ele>1432.9</ele><time>2016-01-23T09:28:34.000Z</time></trkpt>
      <trkpt lat="35.813309" lon="127.727979"><ele>1432.8</ele><time>2016-01-23T09:28:34.000Z</time></trkpt>
      <trkpt lat="35.813307" lon="127.728035"><ele>1432.7</ele><time>2016-01-23T09:28:34.000Z</time></trkpt>
      <trkpt lat="35.813305" lon="127.728090"><ele>1432.6</ele><time>2016-01-23T09:29:01.000Z</time></trkpt>
      <trkpt lat="35.813294" lon="127.728144"><ele>1432.5</ele><time>2016-01-23T09:29:01.000Z</time></trkpt>
      <trkpt lat="35.813281" lon="127.728197"><ele>1432.5</ele><time>2016-01-23T09:29:42.000Z</time></trkpt>
      <trkpt lat="35.813261" lon="127.728246"><ele>1432.4</ele><time>2016-01-23T09:29:42.000Z</time></trkpt>
      <trkpt lat="35.813240" lon="127.728295"><ele>1432.4</ele><time>2016-01-23T09:32:13.000Z</time></trkpt>
      <trkpt lat="35.813216" lon="127.728342"><ele>1432.4</ele><time>2016-01-23T09:32:13.000Z</time></trkpt>
      <trkpt lat="35.813190" lon="127.728388"><ele>1432.4</ele><time>2016-01-23T09:33:59.000Z</time></trkpt>
      <trkpt lat="35.813167" lon="127.728435"><ele>1432.4</ele><time>2016-01-23T09:33:59.000Z</time></trkpt>
      <trkpt lat="35.813144" lon="127.728483"><ele>1432.5</ele><time>2016-01-23T09:34:11.000Z</time></trkpt>
      <trkpt lat="35.813124" lon="127.728532"><ele>1432.5</ele><time>2016-01-23T09:34:11.000Z</time></trkpt>
      <trkpt lat="35.813105" lon="127.728582"><ele>1432.5</ele><time>2016-01-23T09:34:22.000Z</time></trkpt>
      <trkpt lat="35.813087" lon="127.728633"><ele>1432.6</ele><time>2016-01-23T09:34:22.000Z</time></trkpt>
      <trkpt lat="35.813072" lon="127.728686"><ele>1432.7</ele><time>2016-01-23T09:34:35.000Z</time></trkpt>
      <trkpt lat="35.813056" lon="127.728738"><ele>1432.7</ele><time>2016-01-23T09:34:35.000Z</time></trkpt>
      <trkpt lat="35.813038" lon="127.728788"><ele>1432.8</ele><time>2016-01-23T09:34:48.000Z</time></trkpt>
      <trkpt lat="35.813020" lon="127.728839"><ele>1432.9</ele><time>2016-01-23T09:34:48.000Z</time></trkpt>
      <trkpt lat="35.813001" lon="127.728889"><ele>1432.9</ele><time>2016-01-23T09:35:07.000Z</time></trkpt>
      <trkpt lat="35.812981" lon="127.728939"><ele>1432.9</ele><time>2016-01-23T09:35:07.000Z</time></trkpt>
      <trkpt lat="35.812958" lon="127.728987"><ele>1433.0</ele><time>2016-01-23T09:35:26.000Z</time></trkpt>
      <trkpt lat="35.812936" lon="127.729035"><ele>1433.1</ele><time>2016-01-23T09:35:26.000Z</time></trkpt>
      <trkpt lat="35.812914" lon="127.729083"><ele>1433.2</ele><time>2016-01-23T09:35:42.000Z</time></trkpt>
      <trkpt lat="35.812892" lon="127.729132"><ele>1433.3</ele><time>2016-01-23T09:35:42.000Z</time></trkpt>
      <trkpt lat="35.812872" lon="127.729182"><ele>1433.5</ele><time>2016-01-23T09:35:58.000Z</time></trkpt>
      <trkpt lat="35.812853" lon="127.729231"><ele>1433.6</ele><time>2016-01-23T09:35:58.000Z</time></trkpt>
      <trkpt lat="35.812835" lon="127.729282"><ele>1433.9</ele><time>2016-01-23T09:36:20.000Z</time></trkpt>
      <trkpt lat="35.812817" lon="127.729333"><ele>1434.1</ele><time>2016-01-23T09:36:20.000Z</time></trkpt>
      <trkpt lat="35.812805" lon="127.729387"><ele>1434.3</ele><time>2016-01-23T09:36:47.000Z</time></trkpt>
      <trkpt lat="35.812794" lon="127.729440"><ele>1434.6</ele><time>2016-01-23T09:36:47.000Z</time></trkpt>
      <trkpt lat="35.812785" lon="127.729495"><ele>1434.9</ele><time>2016-01-23T09:37:08.000Z</time></trkpt>
      <trkpt lat="35.812777" lon="127.729549"><ele>1435.1</ele><time>2016-01-23T09:37:08.000Z</time></trkpt>
      <trkpt lat="35.812786" lon="127.729604"><ele>1435.5</ele><time>2016-01-23T09:37:19.000Z</time></trkpt>
      <trkpt lat="35.812795" lon="127.729658"><ele>1435.9</ele><time>2016-01-23T09:37:19.000Z</time></trkpt>
      <trkpt lat="35.812815" lon="127.729707"><ele>1436.4</ele><time>2016-01-23T09:37:37.000Z</time></trkpt>
      <trkpt lat="35.812838" lon="127.729755"><ele>1436.9</ele><time>2016-01-23T09:37:37.000Z</time></trkpt>
      <trkpt lat="35.812873" lon="127.729790"><ele>1437.4</ele><time>2016-01-23T09:37:48.000Z</time></trkpt>
      <trkpt lat="35.812908" lon="127.729824"><ele>1437.9</ele><time>2016-01-23T09:37:48.000Z</time></trkpt>
      <trkpt lat="35.812944" lon="127.729856"><ele>1438.3</ele><time>2016-01-23T09:37:48.000Z</time></trkpt>
      <trkpt lat="35.812981" lon="127.729888"><ele>1438.8</ele><time>2016-01-23T09:37:57.000Z</time></trkpt>
      <trkpt lat="35.813019" lon="127.729919"><ele>1439.3</ele><time>2016-01-23T09:37:57.000Z</time></trkpt>
      <trkpt lat="35.813056" lon="127.729950"><ele>1439.9</ele><time>2016-01-23T09:38:09.000Z</time></trkpt>
      <trkpt lat="35.813094" lon="127.729980"><ele>1440.3</ele><time>2016-01-23T09:38:09.000Z</time></trkpt>
      <trkpt lat="35.813132" lon="127.730009"><ele>1440.7</ele><time>2016-01-23T09:38:22.000Z</time></trkpt>
      <trkpt lat="35.813170" lon="127.730039"><ele>1441.0</ele><time>2016-01-23T09:38:22.000Z</time></trkpt>
      <trkpt lat="35.813207" lon="127.730069"><ele>1441.3</ele><time>2016-01-23T09:38:59.000Z</time></trkpt>
      <trkpt lat="35.813245" lon="127.730100"><ele>1441.5</ele><time>2016-01-23T09:38:59.000Z</time></trkpt>
      <trkpt lat="35.813282" lon="127.730132"><ele>1441.6</ele><time>2016-01-23T09:39:13.000Z</time></trkpt>
      <trkpt lat="35.813314" lon="127.730170"><ele>1441.7</ele><time>2016-01-23T09:39:13.000Z</time></trkpt>
      <trkpt lat="35.813346" lon="127.730210"><ele>1441.9</ele><time>2016-01-23T09:39:24.000Z</time></trkpt>
      <trkpt lat="35.813380" lon="127.730245"><ele>1441.9</ele><time>2016-01-23T09:39:24.000Z</time></trkpt>
      <trkpt lat="35.813416" lon="127.730279"><ele>1441.9</ele><time>2016-01-23T09:39:38.000Z</time></trkpt>
      <trkpt lat="35.813451" lon="127.730313"><ele>1441.9</ele><time>2016-01-23T09:39:38.000Z</time></trkpt>
      <trkpt lat="35.813487" lon="127.730346"><ele>1441.9</ele><time>2016-01-23T09:39:52.000Z</time></trkpt>
      <trkpt lat="35.813525" lon="127.730376"><ele>1441.9</ele><time>2016-01-23T09:39:52.000Z</time></trkpt>
      <trkpt lat="35.813564" lon="127.730403"><ele>1441.8</ele><time>2016-01-23T09:40:03.000Z</time></trkpt>
      <trkpt lat="35.813604" lon="127.730429"><ele>1441.7</ele><time>2016-01-23T09:40:03.000Z</time></trkpt>
      <trkpt lat="35.813644" lon="127.730455"><ele>1441.7</ele><time>2016-01-23T09:40:13.000Z</time></trkpt>
      <trkpt lat="35.813683" lon="127.730482"><ele>1441.5</ele><time>2016-01-23T09:40:13.000Z</time></trkpt>
      <trkpt lat="35.813722" lon="127.730509"><ele>1441.3</ele><time>2016-01-23T09:40:24.000Z</time></trkpt>
      <trkpt lat="35.813761" lon="127.730538"><ele>1441.1</ele><time>2016-01-23T09:40:24.000Z</time></trkpt>
      <trkpt lat="35.813799" lon="127.730568"><ele>1440.8</ele><time>2016-01-23T09:40:33.000Z</time></trkpt>
      <trkpt lat="35.813835" lon="127.730600"><ele>1440.4</ele><time>2016-01-23T09:40:33.000Z</time></trkpt>
      <trkpt lat="35.813871" lon="127.730633"><ele>1439.9</ele><time>2016-01-23T09:40:44.000Z</time></trkpt>
      <trkpt lat="35.813910" lon="127.730661"><ele>1439.3</ele><time>2016-01-23T09:40:44.000Z</time></trkpt>
      <trkpt lat="35.813950" lon="127.730686"><ele>1438.6</ele><time>2016-01-23T09:40:57.000Z</time></trkpt>
      <trkpt lat="35.813990" lon="127.730710"><ele>1437.8</ele><time>2016-01-23T09:40:57.000Z</time></trkpt>
      <trkpt lat="35.814031" lon="127.730733"><ele>1436.9</ele><time>2016-01-23T09:41:08.000Z</time></trkpt>
      <trkpt lat="35.814071" lon="127.730759"><ele>1435.8</ele><time>2016-01-23T09:41:08.000Z</time></trkpt>
      <trkpt lat="35.814110" lon="127.730786"><ele>1434.6</ele><time>2016-01-23T09:41:17.000Z</time></trkpt>
      <trkpt lat="35.814150" lon="127.730812"><ele>1433.2</ele><time>2016-01-23T09:41:17.000Z</time></trkpt>
      <trkpt lat="35.814190" lon="127.730837"><ele>1431.7</ele><time>2016-01-23T09:41:26.000Z</time></trkpt>
      <trkpt lat="35.814229" lon="127.730865"><ele>1430.3</ele><time>2016-01-23T09:41:26.000Z</time></trkpt>
      <trkpt lat="35.814266" lon="127.730895"><ele>1428.8</ele><time>2016-01-23T09:41:36.000Z</time></trkpt>
      <trkpt lat="35.814302" lon="127.730929"><ele>1427.2</ele><time>2016-01-23T09:41:36.000Z</time></trkpt>
      <trkpt lat="35.814336" lon="127.730965"><ele>1425.5</ele><time>2016-01-23T09:41:50.000Z</time></trkpt>
      <trkpt lat="35.814365" lon="127.731007"><ele>1423.9</ele><time>2016-01-23T09:41:50.000Z</time></trkpt>
      <trkpt lat="35.814391" lon="127.731052"><ele>1422.4</ele><time>2016-01-23T09:41:58.000Z</time></trkpt>
      <trkpt lat="35.814417" lon="127.731098"><ele>1420.9</ele><time>2016-01-23T09:41:58.000Z</time></trkpt>
      <trkpt lat="35.814443" lon="127.731143"><ele>1419.6</ele><time>2016-01-23T09:42:10.000Z</time></trkpt>
      <trkpt lat="35.814470" lon="127.731188"><ele>1418.2</ele><time>2016-01-23T09:42:10.000Z</time></trkpt>
      <trkpt lat="35.814497" lon="127.731232"><ele>1416.9</ele><time>2016-01-23T09:42:21.000Z</time></trkpt>
      <trkpt lat="35.814524" lon="127.731276"><ele>1415.6</ele><time>2016-01-23T09:42:21.000Z</time></trkpt>
      <trkpt lat="35.814554" lon="127.731318"><ele>1414.3</ele><time>2016-01-23T09:42:21.000Z</time></trkpt>
      <trkpt lat="35.814583" lon="127.731359"><ele>1413.1</ele><time>2016-01-23T09:42:32.000Z</time></trkpt>
      <trkpt lat="35.814617" lon="127.731395"><ele>1411.9</ele><time>2016-01-23T09:42:32.000Z</time></trkpt>
      <trkpt lat="35.814653" lon="127.731429"><ele>1410.7</ele><time>2016-01-23T09:42:42.000Z</time></trkpt>
      <trkpt lat="35.814695" lon="127.731448"><ele>1409.5</ele><time>2016-01-23T09:42:42.000Z</time></trkpt>
      <trkpt lat="35.814738" lon="127.731461"><ele>1408.3</ele><time>2016-01-23T09:43:00.000Z</time></trkpt>
      <trkpt lat="35.814783" lon="127.731471"><ele>1407.3</ele><time>2016-01-23T09:43:00.000Z</time></trkpt>
      <trkpt lat="35.814827" lon="127.731479"><ele>1406.3</ele><time>2016-01-23T09:43:12.000Z</time></trkpt>
      <trkpt lat="35.814872" lon="127.731486"><ele>1405.4</ele><time>2016-01-23T09:43:23.000Z</time></trkpt>
      <trkpt lat="35.814916" lon="127.731493"><ele>1404.5</ele><time>2016-01-23T09:43:23.000Z</time></trkpt>
      <trkpt lat="35.814960" lon="127.731505"><ele>1403.7</ele><time>2016-01-23T09:43:35.000Z</time></trkpt>
      <trkpt lat="35.815004" lon="127.731515"><ele>1402.9</ele><time>2016-01-23T09:43:35.000Z</time></trkpt>
      <trkpt lat="35.815049" lon="127.731518"><ele>1402.1</ele><time>2016-01-23T09:43:49.000Z</time></trkpt>
      <trkpt lat="35.815094" lon="127.731522"><ele>1401.5</ele><time>2016-01-23T09:43:49.000Z</time></trkpt>
      <trkpt lat="35.815139" lon="127.731530"><ele>1400.9</ele><time>2016-01-23T09:44:00.000Z</time></trkpt>
      <trkpt lat="35.815183" lon="127.731536"><ele>1400.4</ele><time>2016-01-23T09:44:00.000Z</time></trkpt>
      <trkpt lat="35.815228" lon="127.731539"><ele>1399.8</ele><time>2016-01-23T09:44:11.000Z</time></trkpt>
      <trkpt lat="35.815273" lon="127.731542"><ele>1399.2</ele><time>2016-01-23T09:44:11.000Z</time></trkpt>
      <trkpt lat="35.815318" lon="127.731547"><ele>1398.7</ele><time>2016-01-23T09:44:22.000Z</time></trkpt>
      <trkpt lat="35.815363" lon="127.731547"><ele>1398.1</ele><time>2016-01-23T09:44:22.000Z</time></trkpt>
      <trkpt lat="35.815407" lon="127.731542"><ele>1397.5</ele><time>2016-01-23T09:44:30.000Z</time></trkpt>
      <trkpt lat="35.815452" lon="127.731540"><ele>1396.9</ele><time>2016-01-23T09:44:30.000Z</time></trkpt>
      <trkpt lat="35.815497" lon="127.731539"><ele>1396.4</ele><time>2016-01-23T09:44:38.000Z</time></trkpt>
      <trkpt lat="35.815542" lon="127.731537"><ele>1395.8</ele><time>2016-01-23T09:44:38.000Z</time></trkpt>
      <trkpt lat="35.815587" lon="127.731534"><ele>1395.2</ele><time>2016-01-23T09:44:48.000Z</time></trkpt>
      <trkpt lat="35.815632" lon="127.731536"><ele>1394.5</ele><time>2016-01-23T09:44:48.000Z</time></trkpt>
      <trkpt lat="35.815677" lon="127.731541"><ele>1393.8</ele><time>2016-01-23T09:44:58.000Z</time></trkpt>
      <trkpt lat="35.815721" lon="127.731550"><ele>1393.2</ele><time>2016-01-23T09:44:58.000Z</time></trkpt>
      <trkpt lat="35.815765" lon="127.731563"><ele>1392.4</ele><time>2016-01-23T09:45:14.000Z</time></trkpt>
      <trkpt lat="35.815807" lon="127.731581"><ele>1391.8</ele><time>2016-01-23T09:45:14.000Z</time></trkpt>
      <trkpt lat="35.815849" lon="127.731601"><ele>1391.1</ele><time>2016-01-23T09:45:22.000Z</time></trkpt>
      <trkpt lat="35.815890" lon="127.731623"><ele>1390.5</ele><time>2016-01-23T09:45:22.000Z</time></trkpt>
      <trkpt lat="35.815932" lon="127.731645"><ele>1390.0</ele><time>2016-01-23T09:45:35.000Z</time></trkpt>
      <trkpt lat="35.815971" lon="127.731671"><ele>1389.4</ele><time>2016-01-23T09:45:35.000Z</time></trkpt>
      <trkpt lat="35.816010" lon="127.731699"><ele>1389.0</ele><time>2016-01-23T09:45:44.000Z</time></trkpt>
      <trkpt lat="35.816049" lon="127.731727"><ele>1388.6</ele><time>2016-01-23T09:45:44.000Z</time></trkpt>
      <trkpt lat="35.816089" lon="127.731753"><ele>1388.3</ele><time>2016-01-23T09:45:57.000Z</time></trkpt>
      <trkpt lat="35.816129" lon="127.731778"><ele>1388.0</ele><time>2016-01-23T09:45:57.000Z</time></trkpt>
      <trkpt lat="35.816170" lon="127.731800"><ele>1387.8</ele><time>2016-01-23T09:45:57.000Z</time></trkpt>
      <trkpt lat="35.816211" lon="127.731823"><ele>1387.6</ele><time>2016-01-23T09:46:07.000Z</time></trkpt>
      <trkpt lat="35.816254" lon="127.731838"><ele>1387.5</ele><time>2016-01-23T09:46:07.000Z</time></trkpt>
      <trkpt lat="35.816298" lon="127.731851"><ele>1387.4</ele><time>2016-01-23T09:46:18.000Z</time></trkpt>
      <trkpt lat="35.816341" lon="127.731868"><ele>1387.3</ele><time>2016-01-23T09:46:18.000Z</time></trkpt>
      <trkpt lat="35.816383" lon="127.731886"><ele>1387.3</ele><time>2016-01-23T09:46:27.000Z</time></trkpt>
      <trkpt lat="35.816426" lon="127.731905"><ele>1387.2</ele><time>2016-01-23T09:46:27.000Z</time></trkpt>
      <trkpt lat="35.816467" lon="127.731925"><ele>1387.3</ele><time>2016-01-23T09:46:39.000Z</time></trkpt>
      <trkpt lat="35.816509" lon="127.731945"><ele>1387.3</ele><time>2016-01-23T09:46:39.000Z</time></trkpt>
      <trkpt lat="35.816552" lon="127.731961"><ele>1387.4</ele><time>2016-01-23T09:46:50.000Z</time></trkpt>
      <trkpt lat="35.816596" lon="127.731974"><ele>1387.4</ele><time>2016-01-23T09:46:50.000Z</time></trkpt>
      <trkpt lat="35.816641" lon="127.731975"><ele>1387.6</ele><time>2016-01-23T09:47:03.000Z</time></trkpt>
      <trkpt lat="35.816685" lon="127.731973"><ele>1387.7</ele><time>2016-01-23T09:47:03.000Z</time></trkpt>
      <trkpt lat="35.816728" lon="127.731957"><ele>1387.8</ele><time>2016-01-23T09:47:16.000Z</time></trkpt>
      <trkpt lat="35.816772" lon="127.731941"><ele>1388.0</ele><time>2016-01-23T09:47:16.000Z</time></trkpt>
      <trkpt lat="35.816814" lon="127.731925"><ele>1388.2</ele><time>2016-01-23T09:47:25.000Z</time></trkpt>
      <trkpt lat="35.816858" lon="127.731909"><ele>1388.4</ele><time>2016-01-23T09:47:25.000Z</time></trkpt>
      <trkpt lat="35.816901" lon="127.731895"><ele>1388.4</ele><time>2016-01-23T09:47:33.000Z</time></trkpt>
      <trkpt lat="35.816945" lon="127.731882"><ele>1388.5</ele><time>2016-01-23T09:47:33.000Z</time></trkpt>
      <trkpt lat="35.816989" lon="127.731872"><ele>1388.5</ele><time>2016-01-23T09:47:43.000Z</time></trkpt>
      <trkpt lat="35.817033" lon="127.731865"><ele>1388.5</ele><time>2016-01-23T09:47:43.000Z</time></trkpt>
      <trkpt lat="35.817078" lon="127.731862"><ele>1388.5</ele><time>2016-01-23T09:47:54.000Z</time></trkpt>
      <trkpt lat="35.817123" lon="127.731865"><ele>1388.5</ele><time>2016-01-23T09:47:54.000Z</time></trkpt>
      <trkpt lat="35.817168" lon="127.731873"><ele>1388.5</ele><time>2016-01-23T09:48:04.000Z</time></trkpt>
      <trkpt lat="35.817211" lon="127.731886"><ele>1388.5</ele><time>2016-01-23T09:48:04.000Z</time></trkpt>
      <trkpt lat="35.817253" lon="127.731905"><ele>1388.5</ele><time>2016-01-23T09:48:22.000Z</time></trkpt>
      <trkpt lat="35.817294" lon="127.731927"><ele>1388.4</ele><time>2016-01-23T09:48:22.000Z</time></trkpt>
      <trkpt lat="35.817333" lon="127.731955"><ele>1388.4</ele><time>2016-01-23T09:48:34.000Z</time></trkpt>
      <trkpt lat="35.817371" lon="127.731985"><ele>1388.4</ele><time>2016-01-23T09:48:34.000Z</time></trkpt>
      <trkpt lat="35.817407" lon="127.732019"><ele>1388.4</ele><time>2016-01-23T09:48:54.000Z</time></trkpt>
      <trkpt lat="35.817441" lon="127.732054"><ele>1388.3</ele><time>2016-01-23T09:48:54.000Z</time></trkpt>
      <trkpt lat="35.817475" lon="127.732091"><ele>1388.1</ele><time>2016-01-23T09:49:12.000Z</time></trkpt>
      <trkpt lat="35.817508" lon="127.732128"><ele>1387.9</ele><time>2016-01-23T09:49:12.000Z</time></trkpt>
      <trkpt lat="35.817542" lon="127.732165"><ele>1387.6</ele><time>2016-01-23T09:49:21.000Z</time></trkpt>
      <trkpt lat="35.817578" lon="127.732197"><ele>1387.2</ele><time>2016-01-23T09:49:21.000Z</time></trkpt>
      <trkpt lat="35.817616" lon="127.732227"><ele>1386.7</ele><time>2016-01-23T09:49:31.000Z</time></trkpt>
      <trkpt lat="35.817656" lon="127.732251"><ele>1386.1</ele><time>2016-01-23T09:49:31.000Z</time></trkpt>
      <trkpt lat="35.817698" lon="127.732274"><ele>1385.3</ele><time>2016-01-23T09:49:42.000Z</time></trkpt>
      <trkpt lat="35.817742" lon="127.732278"><ele>1384.4</ele><time>2016-01-23T09:49:42.000Z</time></trkpt>
      <trkpt lat="35.817787" lon="127.732280"><ele>1383.5</ele><time>2016-01-23T09:49:54.000Z</time></trkpt>
      <trkpt lat="35.817832" lon="127.732274"><ele>1382.2</ele><time>2016-01-23T09:49:54.000Z</time></trkpt>
      <trkpt lat="35.817876" lon="127.732268"><ele>1381.0</ele><time>2016-01-23T09:50:14.000Z</time></trkpt>
      <trkpt lat="35.817920" lon="127.732252"><ele>1379.6</ele><time>2016-01-23T09:50:14.000Z</time></trkpt>
      <trkpt lat="35.817963" lon="127.732236"><ele>1378.2</ele><time>2016-01-23T09:50:25.000Z</time></trkpt>
      <trkpt lat="35.818007" lon="127.732231"><ele>1376.5</ele><time>2016-01-23T09:50:35.000Z</time></trkpt>
      <trkpt lat="35.818052" lon="127.732226"><ele>1374.9</ele><time>2016-01-23T09:50:35.000Z</time></trkpt>
      <trkpt lat="35.818097" lon="127.732230"><ele>1373.2</ele><time>2016-01-23T09:50:45.000Z</time></trkpt>
      <trkpt lat="35.818142" lon="127.732236"><ele>1371.6</ele><time>2016-01-23T09:50:45.000Z</time></trkpt>
      <trkpt lat="35.818186" lon="127.732248"><ele>1370.0</ele><time>2016-01-23T09:50:59.000Z</time></trkpt>
      <trkpt lat="35.818230" lon="127.732260"><ele>1368.4</ele><time>2016-01-23T09:50:59.000Z</time></trkpt>
      <trkpt lat="35.818273" lon="127.732273"><ele>1367.0</ele><time>2016-01-23T09:51:20.000Z</time></trkpt>
      <trkpt lat="35.818317" lon="127.732285"><ele>1365.6</ele><time>2016-01-23T09:51:20.000Z</time></trkpt>
      <trkpt lat="35.818362" lon="127.732292"><ele>1364.1</ele><time>2016-01-23T09:51:20.000Z</time></trkpt>
      <trkpt lat="35.818406" lon="127.732299"><ele>1362.6</ele><time>2016-01-23T09:51:28.000Z</time></trkpt>
      <trkpt lat="35.818451" lon="127.732305"><ele>1361.1</ele><time>2016-01-23T09:51:28.000Z</time></trkpt>
      <trkpt lat="35.818496" lon="127.732311"><ele>1359.6</ele><time>2016-01-23T09:51:36.000Z</time></trkpt>
      <trkpt lat="35.818541" lon="127.732314"><ele>1358.2</ele><time>2016-01-23T09:51:36.000Z</time></trkpt>
      <trkpt lat="35.818585" lon="127.732317"><ele>1356.7</ele><time>2016-01-23T09:51:46.000Z</time></trkpt>
      <trkpt lat="35.818630" lon="127.732323"><ele>1355.3</ele><time>2016-01-23T09:51:46.000Z</time></trkpt>
      <trkpt lat="35.818674" lon="127.732334"><ele>1353.8</ele><time>2016-01-23T09:52:02.000Z</time></trkpt>
      <trkpt lat="35.818718" lon="127.732345"><ele>1352.4</ele><time>2016-01-23T09:52:02.000Z</time></trkpt>
      <trkpt lat="35.818762" lon="127.732356"><ele>1350.9</ele><time>2016-01-23T09:52:15.000Z</time></trkpt>
      <trkpt lat="35.818806" lon="127.732367"><ele>1349.4</ele><time>2016-01-23T09:52:15.000Z</time></trkpt>
      <trkpt lat="35.818849" lon="127.732384"><ele>1348.1</ele><time>2016-01-23T09:52:22.000Z</time></trkpt>
      <trkpt lat="35.818892" lon="127.732401"><ele>1346.7</ele><time>2016-01-23T09:52:22.000Z</time></trkpt>
      <trkpt lat="35.818935" lon="127.732415"><ele>1345.6</ele><time>2016-01-23T09:52:22.000Z</time></trkpt>
      <trkpt lat="35.818979" lon="127.732428"><ele>1344.4</ele><time>2016-01-23T09:52:30.000Z</time></trkpt>
      <trkpt lat="35.819023" lon="127.732440"><ele>1343.2</ele><time>2016-01-23T09:52:30.000Z</time></trkpt>
      <trkpt lat="35.819067" lon="127.732450"><ele>1342.1</ele><time>2016-01-23T09:52:38.000Z</time></trkpt>
      <trkpt lat="35.819112" lon="127.732456"><ele>1340.8</ele><time>2016-01-23T09:52:38.000Z</time></trkpt>
      <trkpt lat="35.819157" lon="127.732459"><ele>1339.5</ele><time>2016-01-23T09:52:46.000Z</time></trkpt>
      <trkpt lat="35.819202" lon="127.732462"><ele>1338.2</ele><time>2016-01-23T09:52:46.000Z</time></trkpt>
      <trkpt lat="35.819246" lon="127.732467"><ele>1336.9</ele><time>2016-01-23T09:52:56.000Z</time></trkpt>
      <trkpt lat="35.819290" lon="127.732477"><ele>1335.7</ele><time>2016-01-23T09:52:56.000Z</time></trkpt>
      <trkpt lat="35.819333" lon="127.732495"><ele>1334.5</ele><time>2016-01-23T09:53:08.000Z</time></trkpt>
      <trkpt lat="35.819376" lon="127.732512"><ele>1333.3</ele><time>2016-01-23T09:53:08.000Z</time></trkpt>
      <trkpt lat="35.819419" lon="127.732525"><ele>1332.1</ele><time>2016-01-23T09:53:20.000Z</time></trkpt>
      <trkpt lat="35.819463" lon="127.732538"><ele>1331.0</ele><time>2016-01-23T09:53:20.000Z</time></trkpt>
      <trkpt lat="35.819507" lon="127.732545"><ele>1330.0</ele><time>2016-01-23T09:53:34.000Z</time></trkpt>
      <trkpt lat="35.819552" lon="127.732552"><ele>1329.0</ele><time>2016-01-23T09:53:34.000Z</time></trkpt>
      <trkpt lat="35.819597" lon="127.732549"><ele>1328.3</ele><time>2016-01-23T09:53:45.000Z</time></trkpt>
      <trkpt lat="35.819642" lon="127.732546"><ele>1327.6</ele><time>2016-01-23T09:53:45.000Z</time></trkpt>
      <trkpt lat="35.819687" lon="127.732551"><ele>1326.9</ele><time>2016-01-23T09:53:45.000Z</time></trkpt>
      <trkpt lat="35.819731" lon="127.732557"><ele>1326.3</ele><time>2016-01-23T09:53:56.000Z</time></trkpt>
      <trkpt lat="35.819775" lon="127.732567"><ele>1325.7</ele><time>2016-01-23T09:53:56.000Z</time></trkpt>
      <trkpt lat="35.819819" lon="127.732579"><ele>1325.1</ele><time>2016-01-23T09:54:06.000Z</time></trkpt>
      <trkpt lat="35.819862" lon="127.732595"><ele>1324.6</ele><time>2016-01-23T09:54:06.000Z</time></trkpt>
      <trkpt lat="35.819905" lon="127.732613"><ele>1324.1</ele><time>2016-01-23T09:54:16.000Z</time></trkpt>
      <trkpt lat="35.819948" lon="127.732629"><ele>1323.7</ele><time>2016-01-23T09:54:16.000Z</time></trkpt>
      <trkpt lat="35.819991" lon="127.732643"><ele>1323.2</ele><time>2016-01-23T09:54:25.000Z</time></trkpt>
      <trkpt lat="35.820035" lon="127.732657"><ele>1322.7</ele><time>2016-01-23T09:54:25.000Z</time></trkpt>
      <trkpt lat="35.820079" lon="127.732669"><ele>1322.2</ele><time>2016-01-23T09:54:38.000Z</time></trkpt>
      <trkpt lat="35.820123" lon="127.732677"><ele>1321.7</ele><time>2016-01-23T09:54:38.000Z</time></trkpt>
      <trkpt lat="35.820168" lon="127.732680"><ele>1321.2</ele><time>2016-01-23T09:54:54.000Z</time></trkpt>
      <trkpt lat="35.820213" lon="127.732684"><ele>1320.6</ele><time>2016-01-23T09:54:54.000Z</time></trkpt>
      <trkpt lat="35.820258" lon="127.732692"><ele>1320.1</ele><time>2016-01-23T09:55:06.000Z</time></trkpt>
      <trkpt lat="35.820302" lon="127.732699"><ele>1319.5</ele><time>2016-01-23T09:55:06.000Z</time></trkpt>
      <trkpt lat="35.820347" lon="127.732707"><ele>1318.9</ele><time>2016-01-23T09:55:17.000Z</time></trkpt>
      <trkpt lat="35.820391" lon="127.732717"><ele>1318.3</ele><time>2016-01-23T09:55:17.000Z</time></trkpt>
      <trkpt lat="35.820433" lon="127.732735"><ele>1317.8</ele><time>2016-01-23T09:55:39.000Z</time></trkpt>
      <trkpt lat="35.820476" lon="127.732753"><ele>1317.2</ele><time>2016-01-23T09:55:39.000Z</time></trkpt>
      <trkpt lat="35.820517" lon="127.732774"><ele>1316.7</ele><time>2016-01-23T09:55:51.000Z</time></trkpt>
      <trkpt lat="35.820559" lon="127.732794"><ele>1316.2</ele><time>2016-01-23T09:55:51.000Z</time></trkpt>
      <trkpt lat="35.820602" lon="127.732812"><ele>1315.7</ele><time>2016-01-23T09:55:51.000Z</time></trkpt>
      <trkpt lat="35.820645" lon="127.732829"><ele>1315.3</ele><time>2016-01-23T09:56:03.000Z</time></trkpt>
      <trkpt lat="35.820688" lon="127.732843"><ele>1314.9</ele><time>2016-01-23T09:56:03.000Z</time></trkpt>
      <trkpt lat="35.820732" lon="127.732856"><ele>1314.5</ele><time>2016-01-23T09:56:15.000Z</time></trkpt>
      <trkpt lat="35.820776" lon="127.732869"><ele>1314.1</ele><time>2016-01-23T09:56:15.000Z</time></trkpt>
      <trkpt lat="35.820819" lon="127.732881"><ele>1313.8</ele><time>2016-01-23T09:56:26.000Z</time></trkpt>
      <trkpt lat="35.820863" lon="127.732895"><ele>1313.4</ele><time>2016-01-23T09:56:26.000Z</time></trkpt>
      <trkpt lat="35.820906" lon="127.732912"><ele>1313.1</ele><time>2016-01-23T09:56:43.000Z</time></trkpt>
      <trkpt lat="35.820949" lon="127.732928"><ele>1312.8</ele><time>2016-01-23T09:56:43.000Z</time></trkpt>
      <trkpt lat="35.820991" lon="127.732946"><ele>1312.6</ele><time>2016-01-23T09:56:52.000Z</time></trkpt>
      <trkpt lat="35.821034" lon="127.732964"><ele>1312.3</ele><time>2016-01-23T09:56:52.000Z</time></trkpt>
      <trkpt lat="35.821076" lon="127.732983"><ele>1312.2</ele><time>2016-01-23T09:57:08.000Z</time></trkpt>
      <trkpt lat="35.821119" lon="127.733001"><ele>1312.0</ele><time>2016-01-23T09:57:08.000Z</time></trkpt>
      <trkpt lat="35.821162" lon="127.733014"><ele>1311.9</ele><time>2016-01-23T09:57:08.000Z</time></trkpt>
      <trkpt lat="35.821206" lon="127.733027"><ele>1311.8</ele><time>2016-01-23T09:57:25.000Z</time></trkpt>
      <trkpt lat="35.821251" lon="127.733031"><ele>1311.8</ele><time>2016-01-23T09:57:25.000Z</time></trkpt>
      <trkpt lat="35.821296" lon="127.733036"><ele>1311.7</ele><time>2016-01-23T09:57:47.000Z</time></trkpt>
      <trkpt lat="35.821340" lon="127.733029"><ele>1311.7</ele><time>2016-01-23T09:58:01.000Z</time></trkpt>
      <trkpt lat="35.821385" lon="127.733022"><ele>1311.8</ele><time>2016-01-23T09:58:01.000Z</time></trkpt>
      <trkpt lat="35.821430" lon="127.733018"><ele>1311.9</ele><time>2016-01-23T09:58:14.000Z</time></trkpt>
      <trkpt lat="35.821475" lon="127.733015"><ele>1312.0</ele><time>2016-01-23T09:58:14.000Z</time></trkpt>
      <trkpt lat="35.821520" lon="127.733016"><ele>1312.2</ele><time>2016-01-23T09:58:50.000Z</time></trkpt>
      <trkpt lat="35.821564" lon="127.733019"><ele>1312.5</ele><time>2016-01-23T09:58:50.000Z</time></trkpt>
      <trkpt lat="35.821608" lon="127.733034"><ele>1312.9</ele><time>2016-01-23T09:59:11.000Z</time></trkpt>
      <trkpt lat="35.821651" lon="127.733050"><ele>1313.3</ele><time>2016-01-23T09:59:11.000Z</time></trkpt>
      <trkpt lat="35.821691" lon="127.733074"><ele>1313.8</ele><time>2016-01-23T09:59:39.000Z</time></trkpt>
      <trkpt lat="35.821732" lon="127.733098"><ele>1314.3</ele><time>2016-01-23T09:59:39.000Z</time></trkpt>
      <trkpt lat="35.821772" lon="127.733124"><ele>1315.0</ele><time>2016-01-23T09:59:39.000Z</time></trkpt>
      <trkpt lat="35.821811" lon="127.733150"><ele>1315.7</ele><time>2016-01-23T09:59:50.000Z</time></trkpt>
      <trkpt lat="35.821852" lon="127.733172"><ele>1316.3</ele><time>2016-01-23T09:59:50.000Z</time></trkpt>
      <trkpt lat="35.821894" lon="127.733194"><ele>1317.0</ele><time>2016-01-23T10:00:07.000Z</time></trkpt>
      <trkpt lat="35.821933" lon="127.733221"><ele>1317.8</ele><time>2016-01-23T10:00:07.000Z</time></trkpt>
      <trkpt lat="35.821970" lon="127.733252"><ele>1318.7</ele><time>2016-01-23T10:00:19.000Z</time></trkpt>
      <trkpt lat="35.822002" lon="127.733291"><ele>1319.6</ele><time>2016-01-23T10:00:27.000Z</time></trkpt>
      <trkpt lat="35.822033" lon="127.733331"><ele>1320.5</ele><time>2016-01-23T10:00:27.000Z</time></trkpt>
      <trkpt lat="35.822058" lon="127.733377"><ele>1321.4</ele><time>2016-01-23T10:00:45.000Z</time></trkpt>
      <trkpt lat="35.822084" lon="127.733422"><ele>1322.3</ele><time>2016-01-23T10:00:45.000Z</time></trkpt>
      <trkpt lat="35.822113" lon="127.733464"><ele>1323.2</ele><time>2016-01-23T10:00:57.000Z</time></trkpt>
      <trkpt lat="35.822142" lon="127.733507"><ele>1324.0</ele><time>2016-01-23T10:00:57.000Z</time></trkpt>
      <trkpt lat="35.822170" lon="127.733550"><ele>1325.0</ele><time>2016-01-23T10:01:08.000Z</time></trkpt>
      <trkpt lat="35.822196" lon="127.733595"><ele>1326.0</ele><time>2016-01-23T10:01:08.000Z</time></trkpt>
      <trkpt lat="35.822218" lon="127.733644"><ele>1326.9</ele><time>2016-01-23T10:01:26.000Z</time></trkpt>
      <trkpt lat="35.822240" lon="127.733692"><ele>1327.8</ele><time>2016-01-23T10:01:26.000Z</time></trkpt>
      <trkpt lat="35.822262" lon="127.733741"><ele>1328.8</ele><time>2016-01-23T10:01:44.000Z</time></trkpt>
      <trkpt lat="35.822283" lon="127.733789"><ele>1329.7</ele><time>2016-01-23T10:01:44.000Z</time></trkpt>
      <trkpt lat="35.822302" lon="127.733840"><ele>1330.5</ele><time>2016-01-23T10:01:55.000Z</time></trkpt>
      <trkpt lat="35.822321" lon="127.733890"><ele>1331.4</ele><time>2016-01-23T10:01:55.000Z</time></trkpt>
      <trkpt lat="35.822344" lon="127.733938"><ele>1332.1</ele><time>2016-01-23T10:02:18.000Z</time></trkpt>
      <trkpt lat="35.822365" lon="127.733987"><ele>1332.7</ele><time>2016-01-23T10:02:18.000Z</time></trkpt>
      <trkpt lat="35.822385" lon="127.734036"><ele>1333.3</ele><time>2016-01-23T10:02:31.000Z</time></trkpt>
      <trkpt lat="35.822408" lon="127.734084"><ele>1333.8</ele><time>2016-01-23T10:02:31.000Z</time></trkpt>
      <trkpt lat="35.822433" lon="127.734130"><ele>1334.2</ele><time>2016-01-23T10:02:49.000Z</time></trkpt>
      <trkpt lat="35.822460" lon="127.734174"><ele>1334.7</ele><time>2016-01-23T10:02:49.000Z</time></trkpt>
      <trkpt lat="35.822488" lon="127.734218"><ele>1335.0</ele><time>2016-01-23T10:03:09.000Z</time></trkpt>
      <trkpt lat="35.822517" lon="127.734260"><ele>1335.4</ele><time>2016-01-23T10:03:09.000Z</time></trkpt>
      <trkpt lat="35.822548" lon="127.734300"><ele>1335.8</ele><time>2016-01-23T10:03:22.000Z</time></trkpt>
      <trkpt lat="35.822579" lon="127.734341"><ele>1336.3</ele><time>2016-01-23T10:03:22.000Z</time></trkpt>
      <trkpt lat="35.822609" lon="127.734381"><ele>1336.7</ele><time>2016-01-23T10:03:39.000Z</time></trkpt>
      <trkpt lat="35.822644" lon="127.734417"><ele>1337.3</ele><time>2016-01-23T10:03:39.000Z</time></trkpt>
      <trkpt lat="35.822680" lon="127.734448"><ele>1337.9</ele><time>2016-01-23T10:03:55.000Z</time></trkpt>
      <trkpt lat="35.822717" lon="127.734480"><ele>1338.6</ele><time>2016-01-23T10:03:55.000Z</time></trkpt>
      <trkpt lat="35.822754" lon="127.734512"><ele>1339.2</ele><time>2016-01-23T10:04:10.000Z</time></trkpt>
      <trkpt lat="35.822793" lon="127.734539"><ele>1340.0</ele><time>2016-01-23T10:04:31.000Z</time></trkpt>
      <trkpt lat="35.822833" lon="127.734566"><ele>1340.7</ele><time>2016-01-23T10:04:31.000Z</time></trkpt>
      <trkpt lat="35.822869" lon="127.734598"><ele>1341.5</ele><time>2016-01-23T10:04:49.000Z</time></trkpt>
      <trkpt lat="35.822906" lon="127.734630"><ele>1342.2</ele><time>2016-01-23T10:04:49.000Z</time></trkpt>
      <trkpt lat="35.822950" lon="127.734644"><ele>1343.3</ele><time>2016-01-23T10:05:00.000Z</time></trkpt>
      <trkpt lat="35.822993" lon="127.734659"><ele>1344.4</ele><time>2016-01-23T10:05:00.000Z</time></trkpt>
      <trkpt lat="35.823035" lon="127.734677"><ele>1345.7</ele><time>2016-01-23T10:05:13.000Z</time></trkpt>
      <trkpt lat="35.823074" lon="127.734705"><ele>1347.1</ele><time>2016-01-23T10:05:19.000Z</time></trkpt>
      <trkpt lat="35.823106" lon="127.734743"><ele>1348.3</ele><time>2016-01-23T10:05:19.000Z</time></trkpt>
      <trkpt lat="35.823134" lon="127.734787"><ele>1349.3</ele><time>2016-01-23T10:05:28.000Z</time></trkpt>
      <trkpt lat="35.823162" lon="127.734830"><ele>1350.4</ele><time>2016-01-23T10:05:28.000Z</time></trkpt>
      <trkpt lat="35.823190" lon="127.734874"><ele>1351.4</ele><time>2016-01-23T10:05:39.000Z</time></trkpt>
      <trkpt lat="35.823220" lon="127.734915"><ele>1352.4</ele><time>2016-01-23T10:05:39.000Z</time></trkpt>
      <trkpt lat="35.823251" lon="127.734954"><ele>1353.4</ele><time>2016-01-23T10:05:52.000Z</time></trkpt>
      <trkpt lat="35.823283" lon="127.734993"><ele>1354.4</ele><time>2016-01-23T10:05:52.000Z</time></trkpt>
      <trkpt lat="35.823315" lon="127.735033"><ele>1355.3</ele><time>2016-01-23T10:06:03.000Z</time></trkpt>
      <trkpt lat="35.823347" lon="127.735071"><ele>1356.2</ele><time>2016-01-23T10:06:03.000Z</time></trkpt>
      <trkpt lat="35.823381" lon="127.735108"><ele>1357.1</ele><time>2016-01-23T10:06:18.000Z</time></trkpt>
      <trkpt lat="35.823414" lon="127.735145"><ele>1357.9</ele><time>2016-01-23T10:06:18.000Z</time></trkpt>
      <trkpt lat="35.823448" lon="127.735182"><ele>1358.7</ele><time>2016-01-23T10:06:39.000Z</time></trkpt>
      <trkpt lat="35.823482" lon="127.735218"><ele>1359.4</ele><time>2016-01-23T10:06:39.000Z</time></trkpt>
      <trkpt lat="35.823517" lon="127.735253"><ele>1360.2</ele><time>2016-01-23T10:06:59.000Z</time></trkpt>
      <trkpt lat="35.823551" lon="127.735290"><ele>1360.9</ele><time>2016-01-23T10:06:59.000Z</time></trkpt>
      <trkpt lat="35.823584" lon="127.735327"><ele>1361.5</ele><time>2016-01-23T10:07:12.000Z</time></trkpt>
      <trkpt lat="35.823618" lon="127.735364"><ele>1362.1</ele><time>2016-01-23T10:07:12.000Z</time></trkpt>
      <trkpt lat="35.823653" lon="127.735399"><ele>1362.7</ele><time>2016-01-23T10:07:21.000Z</time></trkpt>
      <trkpt lat="35.823689" lon="127.735431"><ele>1363.2</ele><time>2016-01-23T10:07:21.000Z</time></trkpt>
      <trkpt lat="35.823726" lon="127.735462"><ele>1363.7</ele><time>2016-01-23T10:07:43.000Z</time></trkpt>
      <trkpt lat="35.823765" lon="127.735491"><ele>1364.1</ele><time>2016-01-23T10:07:43.000Z</time></trkpt>
      <trkpt lat="35.823803" lon="127.735519"><ele>1364.5</ele><time>2016-01-23T10:07:57.000Z</time></trkpt>
      <trkpt lat="35.823841" lon="127.735549"><ele>1364.9</ele><time>2016-01-23T10:07:57.000Z</time></trkpt>
      <trkpt lat="35.823879" lon="127.735579"><ele>1365.2</ele><time>2016-01-23T10:08:17.000Z</time></trkpt>
      <trkpt lat="35.823919" lon="127.735605"><ele>1365.5</ele><time>2016-01-23T10:08:17.000Z</time></trkpt>
      <trkpt lat="35.823959" lon="127.735629"><ele>1365.9</ele><time>2016-01-23T10:08:38.000Z</time></trkpt>
      <trkpt lat="35.824001" lon="127.735650"><ele>1366.3</ele><time>2016-01-23T10:08:38.000Z</time></trkpt>
      <trkpt lat="35.824043" lon="127.735669"><ele>1366.6</ele><time>2016-01-23T10:08:50.000Z</time></trkpt>
      <trkpt lat="35.824086" lon="127.735683"><ele>1367.0</ele><time>2016-01-23T10:08:50.000Z</time></trkpt>
      <trkpt lat="35.824130" lon="127.735695"><ele>1367.4</ele><time>2016-01-23T10:09:01.000Z</time></trkpt>
      <trkpt lat="35.824174" lon="127.735709"><ele>1367.8</ele><time>2016-01-23T10:09:01.000Z</time></trkpt>
      <trkpt lat="35.824217" lon="127.735724"><ele>1368.2</ele><time>2016-01-23T10:09:13.000Z</time></trkpt>
      <trkpt lat="35.824260" lon="127.735741"><ele>1368.5</ele><time>2016-01-23T10:09:13.000Z</time></trkpt>
      <trkpt lat="35.824302" lon="127.735760"><ele>1368.9</ele><time>2016-01-23T10:09:27.000Z</time></trkpt>
      <trkpt lat="35.824339" lon="127.735791"><ele>1369.2</ele><time>2016-01-23T10:09:27.000Z</time></trkpt>
      <trkpt lat="35.824373" lon="127.735827"><ele>1369.5</ele><time>2016-01-23T10:09:37.000Z</time></trkpt>
      <trkpt lat="35.824402" lon="127.735869"><ele>1369.8</ele><time>2016-01-23T10:09:37.000Z</time></trkpt>
      <trkpt lat="35.824430" lon="127.735913"><ele>1370.1</ele><time>2016-01-23T10:09:49.000Z</time></trkpt>
      <trkpt lat="35.824456" lon="127.735958"><ele>1370.3</ele><time>2016-01-23T10:09:49.000Z</time></trkpt>
      <trkpt lat="35.824482" lon="127.736003"><ele>1370.5</ele><time>2016-01-23T10:09:59.000Z</time></trkpt>
      <trkpt lat="35.824511" lon="127.736045"><ele>1370.5</ele><time>2016-01-23T10:09:59.000Z</time></trkpt>
      <trkpt lat="35.824541" lon="127.736086"><ele>1370.6</ele><time>2016-01-23T10:10:10.000Z</time></trkpt>
      <trkpt lat="35.824571" lon="127.736128"><ele>1370.7</ele><time>2016-01-23T10:10:10.000Z</time></trkpt>
      <trkpt lat="35.824600" lon="127.736170"><ele>1370.8</ele><time>2016-01-23T10:10:28.000Z</time></trkpt>
      <trkpt lat="35.824630" lon="127.736212"><ele>1370.8</ele><time>2016-01-23T10:10:28.000Z</time></trkpt>
      <trkpt lat="35.824660" lon="127.736253"><ele>1370.9</ele><time>2016-01-23T10:10:38.000Z</time></trkpt>
      <trkpt lat="35.824688" lon="127.736296"><ele>1370.9</ele><time>2016-01-23T10:10:38.000Z</time></trkpt>
      <trkpt lat="35.824713" lon="127.736342"><ele>1370.9</ele><time>2016-01-23T10:10:48.000Z</time></trkpt>
      <trkpt lat="35.824739" lon="127.736387"><ele>1370.9</ele><time>2016-01-23T10:10:48.000Z</time></trkpt>
      <trkpt lat="35.824765" lon="127.736432"><ele>1370.9</ele><time>2016-01-23T10:11:00.000Z</time></trkpt>
      <trkpt lat="35.824785" lon="127.736481"><ele>1370.9</ele><time>2016-01-23T10:11:00.000Z</time></trkpt>
      <trkpt lat="35.824799" lon="127.736534"><ele>1370.8</ele><time>2016-01-23T10:11:12.000Z</time></trkpt>
      <trkpt lat="35.824812" lon="127.736587"><ele>1370.7</ele><time>2016-01-23T10:11:12.000Z</time></trkpt>
      <trkpt lat="35.824822" lon="127.736641"><ele>1370.6</ele><time>2016-01-23T10:11:24.000Z</time></trkpt>
      <trkpt lat="35.824831" lon="127.736696"><ele>1370.4</ele><time>2016-01-23T10:11:24.000Z</time></trkpt>
      <trkpt lat="35.824839" lon="127.736750"><ele>1370.2</ele><time>2016-01-23T10:11:35.000Z</time></trkpt>
      <trkpt lat="35.824849" lon="127.736804"><ele>1370.0</ele><time>2016-01-23T10:11:35.000Z</time></trkpt>
      <trkpt lat="35.824862" lon="127.736857"><ele>1369.8</ele><time>2016-01-23T10:11:50.000Z</time></trkpt>
      <trkpt lat="35.824878" lon="127.736909"><ele>1369.4</ele><time>2016-01-23T10:11:50.000Z</time></trkpt>
      <trkpt lat="35.824899" lon="127.736958"><ele>1369.0</ele><time>2016-01-23T10:12:08.000Z</time></trkpt>
      <trkpt lat="35.824921" lon="127.737006"><ele>1368.6</ele><time>2016-01-23T10:12:08.000Z</time></trkpt>
      <trkpt lat="35.824947" lon="127.737051"><ele>1368.1</ele><time>2016-01-23T10:12:18.000Z</time></trkpt>
      <trkpt lat="35.824976" lon="127.737094"><ele>1367.5</ele><time>2016-01-23T10:12:18.000Z</time></trkpt>
      <trkpt lat="35.825008" lon="127.737133"><ele>1366.8</ele><time>2016-01-23T10:12:32.000Z</time></trkpt>
      <trkpt lat="35.825040" lon="127.737172"><ele>1366.0</ele><time>2016-01-23T10:12:32.000Z</time></trkpt>
      <trkpt lat="35.825071" lon="127.737211"><ele>1365.1</ele><time>2016-01-23T10:12:46.000Z</time></trkpt>
      <trkpt lat="35.825102" lon="127.737252"><ele>1364.2</ele><time>2016-01-23T10:12:46.000Z</time></trkpt>
      <trkpt lat="35.825132" lon="127.737294"><ele>1363.3</ele><time>2016-01-23T10:12:53.000Z</time></trkpt>
      <trkpt lat="35.825160" lon="127.737336"><ele>1362.2</ele><time>2016-01-23T10:12:53.000Z</time></trkpt>
      <trkpt lat="35.825187" lon="127.737380"><ele>1361.0</ele><time>2016-01-23T10:13:01.000Z</time></trkpt>
      <trkpt lat="35.825215" lon="127.737425"><ele>1359.7</ele><time>2016-01-23T10:13:01.000Z</time></trkpt>
      <trkpt lat="35.825241" lon="127.737470"><ele>1358.4</ele><time>2016-01-23T10:13:09.000Z</time></trkpt>
      <trkpt lat="35.825267" lon="127.737515"><ele>1357.2</ele><time>2016-01-23T10:13:09.000Z</time></trkpt>
      <trkpt lat="35.825295" lon="127.737559"><ele>1355.9</ele><time>2016-01-23T10:13:09.000Z</time></trkpt>
      <trkpt lat="35.825322" lon="127.737602"><ele>1354.6</ele><time>2016-01-23T10:13:22.000Z</time></trkpt>
      <trkpt lat="35.825349" lon="127.737647"><ele>1353.4</ele><time>2016-01-23T10:13:22.000Z</time></trkpt>
      <trkpt lat="35.825376" lon="127.737691"><ele>1352.1</ele><time>2016-01-23T10:13:32.000Z</time></trkpt>
      <trkpt lat="35.825403" lon="127.737736"><ele>1350.9</ele><time>2016-01-23T10:13:32.000Z</time></trkpt>
      <trkpt lat="35.825430" lon="127.737780"><ele>1349.7</ele><time>2016-01-23T10:13:41.000Z</time></trkpt>
      <trkpt lat="35.825458" lon="127.737823"><ele>1348.5</ele><time>2016-01-23T10:13:41.000Z</time></trkpt>
      <trkpt lat="35.825488" lon="127.737865"><ele>1347.4</ele><time>2016-01-23T10:13:54.000Z</time></trkpt>
      <trkpt lat="35.825520" lon="127.737904"><ele>1346.3</ele><time>2016-01-23T10:13:54.000Z</time></trkpt>
      <trkpt lat="35.825554" lon="127.737939"><ele>1345.2</ele><time>2016-01-23T10:14:17.000Z</time></trkpt>
      <trkpt lat="35.825589" lon="127.737974"><ele>1344.2</ele><time>2016-01-23T10:14:17.000Z</time></trkpt>
      <trkpt lat="35.825627" lon="127.738005"><ele>1343.2</ele><time>2016-01-23T10:14:27.000Z</time></trkpt>
      <trkpt lat="35.825664" lon="127.738035"><ele>1342.2</ele><time>2016-01-23T10:14:27.000Z</time></trkpt>
      <trkpt lat="35.825703" lon="127.738062"><ele>1341.3</ele><time>2016-01-23T10:14:37.000Z</time></trkpt>
      <trkpt lat="35.825743" lon="127.738089"><ele>1340.4</ele><time>2016-01-23T10:14:37.000Z</time></trkpt>
      <trkpt lat="35.825783" lon="127.738113"><ele>1339.6</ele><time>2016-01-23T10:14:48.000Z</time></trkpt>
      <trkpt lat="35.825824" lon="127.738137"><ele>1338.9</ele><time>2016-01-23T10:14:48.000Z</time></trkpt>
      <trkpt lat="35.825865" lon="127.738160"><ele>1338.1</ele><time>2016-01-23T10:14:48.000Z</time></trkpt>
      <trkpt lat="35.825906" lon="127.738183"><ele>1337.4</ele><time>2016-01-23T10:14:59.000Z</time></trkpt>
      <trkpt lat="35.825945" lon="127.738210"><ele>1336.8</ele><time>2016-01-23T10:14:59.000Z</time></trkpt>
      <trkpt lat="35.825984" lon="127.738238"><ele>1336.1</ele><time>2016-01-23T10:15:11.000Z</time></trkpt>
      <trkpt lat="35.826023" lon="127.738266"><ele>1335.4</ele><time>2016-01-23T10:15:11.000Z</time></trkpt>
      <trkpt lat="35.826062" lon="127.738293"><ele>1334.7</ele><time>2016-01-23T10:15:21.000Z</time></trkpt>
      <trkpt lat="35.826100" lon="127.738322"><ele>1334.0</ele><time>2016-01-23T10:15:21.000Z</time></trkpt>
      <trkpt lat="35.826138" lon="127.738352"><ele>1333.2</ele><time>2016-01-23T10:15:32.000Z</time></trkpt>
      <trkpt lat="35.826176" lon="127.738381"><ele>1332.5</ele><time>2016-01-23T10:15:32.000Z</time></trkpt>
      <trkpt lat="35.826215" lon="127.738408"><ele>1331.7</ele><time>2016-01-23T10:15:42.000Z</time></trkpt>
      <trkpt lat="35.826254" lon="127.738437"><ele>1331.0</ele><time>2016-01-23T10:15:42.000Z</time></trkpt>
      <trkpt lat="35.826289" lon="127.738472"><ele>1330.3</ele><time>2016-01-23T10:15:52.000Z</time></trkpt>
      <trkpt lat="35.826324" lon="127.738507"><ele>1329.6</ele><time>2016-01-23T10:15:52.000Z</time></trkpt>
      <trkpt lat="35.826360" lon="127.738540"><ele>1328.9</ele><time>2016-01-23T10:15:52.000Z</time></trkpt>
      <trkpt lat="35.826395" lon="127.738574"><ele>1328.2</ele><time>2016-01-23T10:16:02.000Z</time></trkpt>
      <trkpt lat="35.826428" lon="127.738612"><ele>1327.5</ele><time>2016-01-23T10:16:02.000Z</time></trkpt>
      <trkpt lat="35.826460" lon="127.738651"><ele>1326.9</ele><time>2016-01-23T10:16:14.000Z</time></trkpt>
      <trkpt lat="35.826493" lon="127.738688"><ele>1326.3</ele><time>2016-01-23T10:16:14.000Z</time></trkpt>
      <trkpt lat="35.826528" lon="127.738724"><ele>1325.6</ele><time>2016-01-23T10:16:32.000Z</time></trkpt>
      <trkpt lat="35.826561" lon="127.738761"><ele>1325.1</ele><time>2016-01-23T10:16:32.000Z</time></trkpt>
      <trkpt lat="35.826595" lon="127.738798"><ele>1324.6</ele><time>2016-01-23T10:16:41.000Z</time></trkpt>
      <trkpt lat="35.826628" lon="127.738835"><ele>1324.2</ele><time>2016-01-23T10:16:41.000Z</time></trkpt>
      <trkpt lat="35.826662" lon="127.738872"><ele>1323.7</ele><time>2016-01-23T10:16:53.000Z</time></trkpt>
      <trkpt lat="35.826696" lon="127.738908"><ele>1323.4</ele><time>2016-01-23T10:16:53.000Z</time></trkpt>
      <trkpt lat="35.826731" lon="127.738942"><ele>1323.1</ele><time>2016-01-23T10:17:04.000Z</time></trkpt>
      <trkpt lat="35.826767" lon="127.738976"><ele>1322.8</ele><time>2016-01-23T10:17:04.000Z</time></trkpt>
      <trkpt lat="35.826805" lon="127.739006"><ele>1322.6</ele><time>2016-01-23T10:17:14.000Z</time></trkpt>
      <trkpt lat="35.826843" lon="127.739034"><ele>1322.4</ele><time>2016-01-23T10:17:14.000Z</time></trkpt>
      <trkpt lat="35.826884" lon="127.739057"><ele>1322.2</ele><time>2016-01-23T10:17:25.000Z</time></trkpt>
      <trkpt lat="35.826925" lon="127.739080"><ele>1322.1</ele><time>2016-01-23T10:17:25.000Z</time></trkpt>
      <trkpt lat="35.826966" lon="127.739102"><ele>1322.0</ele><time>2016-01-23T10:17:37.000Z</time></trkpt>
      <trkpt lat="35.827008" lon="127.739124"><ele>1322.0</ele><time>2016-01-23T10:17:37.000Z</time></trkpt>
      <trkpt lat="35.827049" lon="127.739147"><ele>1322.2</ele><time>2016-01-23T10:17:48.000Z</time></trkpt>
      <trkpt lat="35.827089" lon="127.739171"><ele>1322.3</ele><time>2016-01-23T10:17:48.000Z</time></trkpt>
      <trkpt lat="35.827126" lon="127.739203"><ele>1321.9</ele><time>2016-01-23T10:18:06.000Z</time></trkpt>
      <trkpt lat="35.827160" lon="127.739238"><ele>1321.7</ele><time>2016-01-23T10:18:06.000Z</time></trkpt>
      <trkpt lat="35.827188" lon="127.739281"><ele>1321.5</ele><time>2016-01-23T10:22:37.000Z</time></trkpt>
      <trkpt lat="35.827226" lon="127.739300"><ele>1321.4</ele><time>2016-01-23T10:22:37.000Z</time></trkpt>
      <trkpt lat="35.827271" lon="127.739298"><ele>1321.4</ele><time>2016-01-23T10:22:37.000Z</time></trkpt>
      <trkpt lat="35.827315" lon="127.739296"><ele>1321.4</ele><time>2016-01-23T10:22:37.000Z</time></trkpt>
      <trkpt lat="35.827360" lon="127.739294"><ele>1321.3</ele><time>2016-01-23T10:28:05.000Z</time></trkpt>
      <trkpt lat="35.827405" lon="127.739292"><ele>1321.3</ele><time>2016-01-23T10:28:05.000Z</time></trkpt>
      <trkpt lat="35.827450" lon="127.739290"><ele>1321.3</ele><time>2016-01-23T10:28:05.000Z</time></trkpt>
      <trkpt lat="35.827495" lon="127.739288"><ele>1321.3</ele><time>2016-01-23T10:28:05.000Z</time></trkpt>
      <trkpt lat="35.827540" lon="127.739282"><ele>1321.2</ele><time>2016-01-23T10:28:05.000Z</time></trkpt>
      <trkpt lat="35.827585" lon="127.739276"><ele>1321.1</ele><time>2016-01-23T10:28:13.000Z</time></trkpt>
      <trkpt lat="35.827630" lon="127.739275"><ele>1320.9</ele><time>2016-01-23T10:28:13.000Z</time></trkpt>
      <trkpt lat="35.827675" lon="127.739275"><ele>1320.6</ele><time>2016-01-23T10:28:22.000Z</time></trkpt>
      <trkpt lat="35.827719" lon="127.739277"><ele>1320.7</ele><time>2016-01-23T10:28:22.000Z</time></trkpt>
      <trkpt lat="35.827764" lon="127.739281"><ele>1320.9</ele><time>2016-01-23T10:28:30.000Z</time></trkpt>
      <trkpt lat="35.827809" lon="127.739285"><ele>1321.1</ele><time>2016-01-23T10:28:30.000Z</time></trkpt>
      <trkpt lat="35.827854" lon="127.739289"><ele>1321.2</ele><time>2016-01-23T10:28:41.000Z</time></trkpt>
      <trkpt lat="35.827899" lon="127.739294"><ele>1321.4</ele><time>2016-01-23T10:28:41.000Z</time></trkpt>
      <trkpt lat="35.827944" lon="127.739298"><ele>1321.6</ele><time>2016-01-23T10:28:55.000Z</time></trkpt>
      <trkpt lat="35.827988" lon="127.739303"><ele>1321.8</ele><time>2016-01-23T10:28:55.000Z</time></trkpt>
      <trkpt lat="35.828033" lon="127.739311"><ele>1322.0</ele><time>2016-01-23T10:29:09.000Z</time></trkpt>
      <trkpt lat="35.828077" lon="127.739320"><ele>1322.2</ele><time>2016-01-23T10:29:09.000Z</time></trkpt>
      <trkpt lat="35.828121" lon="127.739331"><ele>1322.5</ele><time>2016-01-23T10:29:20.000Z</time></trkpt>
      <trkpt lat="35.828166" lon="127.739341"><ele>1322.7</ele><time>2016-01-23T10:29:20.000Z</time></trkpt>
      <trkpt lat="35.828210" lon="127.739348"><ele>1322.9</ele><time>2016-01-23T10:29:34.000Z</time></trkpt>
      <trkpt lat="35.828255" lon="127.739355"><ele>1323.2</ele><time>2016-01-23T10:29:34.000Z</time></trkpt>
      <trkpt lat="35.828299" lon="127.739360"><ele>1323.3</ele><time>2016-01-23T10:29:34.000Z</time></trkpt>
      <trkpt lat="35.828344" lon="127.739365"><ele>1323.5</ele><time>2016-01-23T10:29:47.000Z</time></trkpt>
      <trkpt lat="35.828389" lon="127.739372"><ele>1323.6</ele><time>2016-01-23T10:29:47.000Z</time></trkpt>
      <trkpt lat="35.828433" lon="127.739380"><ele>1323.7</ele><time>2016-01-23T10:29:58.000Z</time></trkpt>
      <trkpt lat="35.828477" lon="127.739392"><ele>1323.8</ele><time>2016-01-23T10:29:58.000Z</time></trkpt>
      <trkpt lat="35.828520" lon="127.739409"><ele>1323.9</ele><time>2016-01-23T10:30:08.000Z</time></trkpt>
      <trkpt lat="35.828562" lon="127.739429"><ele>1323.9</ele><time>2016-01-23T10:30:08.000Z</time></trkpt>
      <trkpt lat="35.828602" lon="127.739454"><ele>1323.9</ele><time>2016-01-23T10:30:16.000Z</time></trkpt>
      <trkpt lat="35.828642" lon="127.739480"><ele>1323.9</ele><time>2016-01-23T10:30:16.000Z</time></trkpt>
      <trkpt lat="35.828679" lon="127.739511"><ele>1324.0</ele><time>2016-01-23T10:30:26.000Z</time></trkpt>
      <trkpt lat="35.828716" lon="127.739542"><ele>1324.0</ele><time>2016-01-23T10:30:26.000Z</time></trkpt>
      <trkpt lat="35.828755" lon="127.739570"><ele>1324.0</ele><time>2016-01-23T10:30:45.000Z</time></trkpt>
      <trkpt lat="35.828794" lon="127.739597"><ele>1324.0</ele><time>2016-01-23T10:30:45.000Z</time></trkpt>
      <trkpt lat="35.828835" lon="127.739620"><ele>1324.1</ele><time>2016-01-23T10:30:45.000Z</time></trkpt>
      <trkpt lat="35.828876" lon="127.739643"><ele>1324.1</ele><time>2016-01-23T10:30:52.000Z</time></trkpt>
      <trkpt lat="35.828919" lon="127.739657"><ele>1324.2</ele><time>2016-01-23T10:30:52.000Z</time></trkpt>
      <trkpt lat="35.828963" lon="127.739670"><ele>1324.2</ele><time>2016-01-23T10:30:59.000Z</time></trkpt>
      <trkpt lat="35.829007" lon="127.739681"><ele>1324.3</ele><time>2016-01-23T10:30:59.000Z</time></trkpt>
      <trkpt lat="35.829051" lon="127.739692"><ele>1324.5</ele><time>2016-01-23T10:31:07.000Z</time></trkpt>
      <trkpt lat="35.829095" lon="127.739706"><ele>1324.6</ele><time>2016-01-23T10:31:07.000Z</time></trkpt>
      <trkpt lat="35.829138" lon="127.739721"><ele>1324.7</ele><time>2016-01-23T10:31:15.000Z</time></trkpt>
      <trkpt lat="35.829181" lon="127.739736"><ele>1324.9</ele><time>2016-01-23T10:31:15.000Z</time></trkpt>
      <trkpt lat="35.829224" lon="127.739752"><ele>1325.1</ele><time>2016-01-23T10:31:25.000Z</time></trkpt>
      <trkpt lat="35.829268" lon="127.739764"><ele>1325.3</ele><time>2016-01-23T10:31:25.000Z</time></trkpt>
      <trkpt lat="35.829312" lon="127.739774"><ele>1325.5</ele><time>2016-01-23T10:31:37.000Z</time></trkpt>
      <trkpt lat="35.829357" lon="127.739773"><ele>1325.8</ele><time>2016-01-23T10:31:37.000Z</time></trkpt>
      <trkpt lat="35.829402" lon="127.739769"><ele>1326.1</ele><time>2016-01-23T10:31:49.000Z</time></trkpt>
      <trkpt lat="35.829445" lon="127.739754"><ele>1326.3</ele><time>2016-01-23T10:31:49.000Z</time></trkpt>
      <trkpt lat="35.829488" lon="127.739738"><ele>1326.6</ele><time>2016-01-23T10:31:57.000Z</time></trkpt>
      <trkpt lat="35.829532" lon="127.739724"><ele>1326.9</ele><time>2016-01-23T10:32:08.000Z</time></trkpt>
      <trkpt lat="35.829575" lon="127.739711"><ele>1327.2</ele><time>2016-01-23T10:32:08.000Z</time></trkpt>
      <trkpt lat="35.829620" lon="127.739702"><ele>1327.4</ele><time>2016-01-23T10:32:21.000Z</time></trkpt>
      <trkpt lat="35.829664" lon="127.739692"><ele>1327.7</ele><time>2016-01-23T10:32:21.000Z</time></trkpt>
      <trkpt lat="35.829708" lon="127.739682"><ele>1328.0</ele><time>2016-01-23T10:32:29.000Z</time></trkpt>
      <trkpt lat="35.829752" lon="127.739672"><ele>1328.3</ele><time>2016-01-23T10:32:29.000Z</time></trkpt>
      <trkpt lat="35.829795" lon="127.739654"><ele>1328.7</ele><time>2016-01-23T10:32:38.000Z</time></trkpt>
      <trkpt lat="35.829837" lon="127.739636"><ele>1329.0</ele><time>2016-01-23T10:32:38.000Z</time></trkpt>
      <trkpt lat="35.829878" lon="127.739612"><ele>1329.4</ele><time>2016-01-23T10:32:38.000Z</time></trkpt>
      <trkpt lat="35.829919" lon="127.739588"><ele>1329.8</ele><time>2016-01-23T10:32:47.000Z</time></trkpt>
      <trkpt lat="35.829959" lon="127.739563"><ele>1330.2</ele><time>2016-01-23T10:32:47.000Z</time></trkpt>
      <trkpt lat="35.829999" lon="127.739539"><ele>1330.7</ele><time>2016-01-23T10:32:58.000Z</time></trkpt>
      <trkpt lat="35.830039" lon="127.739514"><ele>1331.2</ele><time>2016-01-23T10:32:58.000Z</time></trkpt>
      <trkpt lat="35.830079" lon="127.739488"><ele>1331.8</ele><time>2016-01-23T10:33:10.000Z</time></trkpt>
      <trkpt lat="35.830119" lon="127.739462"><ele>1332.5</ele><time>2016-01-23T10:33:10.000Z</time></trkpt>
      <trkpt lat="35.830159" lon="127.739437"><ele>1333.1</ele><time>2016-01-23T10:33:20.000Z</time></trkpt>
      <trkpt lat="35.830200" lon="127.739414"><ele>1333.8</ele><time>2016-01-23T10:33:20.000Z</time></trkpt>
      <trkpt lat="35.830242" lon="127.739394"><ele>1334.5</ele><time>2016-01-23T10:33:32.000Z</time></trkpt>
      <trkpt lat="35.830284" lon="127.739376"><ele>1335.3</ele><time>2016-01-23T10:33:32.000Z</time></trkpt>
      <trkpt lat="35.830328" lon="127.739361"><ele>1335.9</ele><time>2016-01-23T10:33:41.000Z</time></trkpt>
      <trkpt lat="35.830371" lon="127.739346"><ele>1336.6</ele><time>2016-01-23T10:33:41.000Z</time></trkpt>
      <trkpt lat="35.830415" lon="127.739335"><ele>1337.3</ele><time>2016-01-23T10:33:41.000Z</time></trkpt>
      <trkpt lat="35.830459" lon="127.739324"><ele>1338.0</ele><time>2016-01-23T10:33:50.000Z</time></trkpt>
      <trkpt lat="35.830501" lon="127.739306"><ele>1338.7</ele><time>2016-01-23T10:33:50.000Z</time></trkpt>
      <trkpt lat="35.830543" lon="127.739286"><ele>1339.3</ele><time>2016-01-23T10:33:58.000Z</time></trkpt>
      <trkpt lat="35.830583" lon="127.739260"><ele>1340.0</ele><time>2016-01-23T10:33:58.000Z</time></trkpt>
      <trkpt lat="35.830620" lon="127.739229"><ele>1340.6</ele><time>2016-01-23T10:34:07.000Z</time></trkpt>
      <trkpt lat="35.830657" lon="127.739198"><ele>1341.2</ele><time>2016-01-23T10:34:07.000Z</time></trkpt>
      <trkpt lat="35.830696" lon="127.739169"><ele>1341.7</ele><time>2016-01-23T10:34:14.000Z</time></trkpt>
      <trkpt lat="35.830735" lon="127.739142"><ele>1342.1</ele><time>2016-01-23T10:34:14.000Z</time></trkpt>
      <trkpt lat="35.830776" lon="127.739119"><ele>1342.6</ele><time>2016-01-23T10:34:24.000Z</time></trkpt>
      <trkpt lat="35.830817" lon="127.739096"><ele>1343.1</ele><time>2016-01-23T10:34:24.000Z</time></trkpt>
      <trkpt lat="35.830858" lon="127.739074"><ele>1343.5</ele><time>2016-01-23T10:34:33.000Z</time></trkpt>
      <trkpt lat="35.830898" lon="127.739050"><ele>1343.9</ele><time>2016-01-23T10:34:33.000Z</time></trkpt>
      <trkpt lat="35.830932" lon="127.739014"><ele>1344.2</ele><time>2016-01-23T10:34:41.000Z</time></trkpt>
      <trkpt lat="35.830966" lon="127.738977"><ele>1344.5</ele><time>2016-01-23T10:34:41.000Z</time></trkpt>
      <trkpt lat="35.830993" lon="127.738932"><ele>1344.7</ele><time>2016-01-23T10:34:41.000Z</time></trkpt>
      <trkpt lat="35.831019" lon="127.738888"><ele>1344.9</ele><time>2016-01-23T10:34:49.000Z</time></trkpt>
      <trkpt lat="35.831041" lon="127.738839"><ele>1345.2</ele><time>2016-01-23T10:34:49.000Z</time></trkpt>
      <trkpt lat="35.831061" lon="127.738790"><ele>1345.5</ele><time>2016-01-23T10:34:58.000Z</time></trkpt>
      <trkpt lat="35.831083" lon="127.738742"><ele>1345.7</ele><time>2016-01-23T10:34:58.000Z</time></trkpt>
      <trkpt lat="35.831108" lon="127.738695"><ele>1346.0</ele><time>2016-01-23T10:35:06.000Z</time></trkpt>
      <trkpt lat="35.831138" lon="127.738655"><ele>1346.3</ele><time>2016-01-23T10:35:06.000Z</time></trkpt>
      <trkpt lat="35.831175" lon="127.738626"><ele>1346.6</ele><time>2016-01-23T10:35:15.000Z</time></trkpt>
      <trkpt lat="35.831216" lon="127.738647"><ele>1346.7</ele><time>2016-01-23T10:35:20.000Z</time></trkpt>
      <trkpt lat="35.831253" lon="127.738678"><ele>1346.8</ele><time>2016-01-23T10:35:20.000Z</time></trkpt>
      <trkpt lat="35.831287" lon="127.738714"><ele>1346.9</ele><time>2016-01-23T10:35:29.000Z</time></trkpt>
      <trkpt lat="35.831326" lon="127.738742"><ele>1346.9</ele><time>2016-01-23T10:35:46.000Z</time></trkpt>
      <trkpt lat="35.831365" lon="127.738768"><ele>1346.9</ele><time>2016-01-23T10:35:46.000Z</time></trkpt>
      <trkpt lat="35.831410" lon="127.738771"><ele>1346.8</ele><time>2016-01-23T10:36:02.000Z</time></trkpt>
      <trkpt lat="35.831455" lon="127.738773"><ele>1346.7</ele><time>2016-01-23T10:36:02.000Z</time></trkpt>
      <trkpt lat="35.831500" lon="127.738767"><ele>1346.5</ele><time>2016-01-23T10:36:02.000Z</time></trkpt>
      <trkpt lat="35.831544" lon="127.738761"><ele>1346.3</ele><time>2016-01-23T10:36:12.000Z</time></trkpt>
      <trkpt lat="35.831589" lon="127.738756"><ele>1346.0</ele><time>2016-01-23T10:36:12.000Z</time></trkpt>
      <trkpt lat="35.831634" lon="127.738751"><ele>1345.7</ele><time>2016-01-23T10:36:19.000Z</time></trkpt>
      <trkpt lat="35.831679" lon="127.738750"><ele>1345.2</ele><time>2016-01-23T10:36:19.000Z</time></trkpt>
      <trkpt lat="35.831724" lon="127.738750"><ele>1344.8</ele><time>2016-01-23T10:36:26.000Z</time></trkpt>
      <trkpt lat="35.831769" lon="127.738751"><ele>1344.2</ele><time>2016-01-23T10:36:26.000Z</time></trkpt>
      <trkpt lat="35.831814" lon="127.738752"><ele>1343.6</ele><time>2016-01-23T10:36:38.000Z</time></trkpt>
      <trkpt lat="35.831859" lon="127.738752"><ele>1342.9</ele><time>2016-01-23T10:36:38.000Z</time></trkpt>
      <trkpt lat="35.831904" lon="127.738753"><ele>1342.2</ele><time>2016-01-23T10:36:52.000Z</time></trkpt>
      <trkpt lat="35.831948" lon="127.738757"><ele>1341.6</ele><time>2016-01-23T10:36:52.000Z</time></trkpt>
      <trkpt lat="35.831993" lon="127.738763"><ele>1340.9</ele><time>2016-01-23T10:37:03.000Z</time></trkpt>
      <trkpt lat="35.832038" lon="127.738772"><ele>1340.2</ele><time>2016-01-23T10:37:03.000Z</time></trkpt>
      <trkpt lat="35.832082" lon="127.738781"><ele>1339.5</ele><time>2016-01-23T10:37:13.000Z</time></trkpt>
      <trkpt lat="35.832125" lon="127.738795"><ele>1338.9</ele><time>2016-01-23T10:37:13.000Z</time></trkpt>
      <trkpt lat="35.832169" lon="127.738810"><ele>1338.4</ele><time>2016-01-23T10:37:25.000Z</time></trkpt>
      <trkpt lat="35.832212" lon="127.738824"><ele>1337.9</ele><time>2016-01-23T10:37:25.000Z</time></trkpt>
      <trkpt lat="35.832256" lon="127.738839"><ele>1337.4</ele><time>2016-01-23T10:37:37.000Z</time></trkpt>
      <trkpt lat="35.832300" lon="127.738841"><ele>1337.0</ele><time>2016-01-23T10:37:50.000Z</time></trkpt>
      <trkpt lat="35.832345" lon="127.738840"><ele>1336.7</ele><time>2016-01-23T10:37:50.000Z</time></trkpt>
      <trkpt lat="35.832390" lon="127.738835"><ele>1336.4</ele><time>2016-01-23T10:38:04.000Z</time></trkpt>
      <trkpt lat="35.832435" lon="127.738830"><ele>1336.1</ele><time>2016-01-23T10:38:04.000Z</time></trkpt>
      <trkpt lat="35.832480" lon="127.738825"><ele>1336.0</ele><time>2016-01-23T10:38:16.000Z</time></trkpt>
      <trkpt lat="35.832524" lon="127.738821"><ele>1335.9</ele><time>2016-01-23T10:38:16.000Z</time></trkpt>
      <trkpt lat="35.832569" lon="127.738824"><ele>1335.8</ele><time>2016-01-23T10:38:23.000Z</time></trkpt>
      <trkpt lat="35.832614" lon="127.738827"><ele>1335.7</ele><time>2016-01-23T10:38:23.000Z</time></trkpt>
      <trkpt lat="35.832659" lon="127.738824"><ele>1335.6</ele><time>2016-01-23T10:38:23.000Z</time></trkpt>
      <trkpt lat="35.832704" lon="127.738820"><ele>1335.4</ele><time>2016-01-23T10:38:31.000Z</time></trkpt>
      <trkpt lat="35.832749" lon="127.738819"><ele>1335.3</ele><time>2016-01-23T10:38:31.000Z</time></trkpt>
      <trkpt lat="35.832794" lon="127.738818"><ele>1335.2</ele><time>2016-01-23T10:38:38.000Z</time></trkpt>
      <trkpt lat="35.832839" lon="127.738818"><ele>1335.0</ele><time>2016-01-23T10:38:38.000Z</time></trkpt>
      <trkpt lat="35.832884" lon="127.738817"><ele>1334.9</ele><time>2016-01-23T10:38:46.000Z</time></trkpt>
      <trkpt lat="35.832929" lon="127.738819"><ele>1334.8</ele><time>2016-01-23T10:38:46.000Z</time></trkpt>
      <trkpt lat="35.832974" lon="127.738822"><ele>1334.7</ele><time>2016-01-23T10:38:54.000Z</time></trkpt>
      <trkpt lat="35.833018" lon="127.738820"><ele>1334.7</ele><time>2016-01-23T10:38:54.000Z</time></trkpt>
      <trkpt lat="35.833063" lon="127.738811"><ele>1334.6</ele><time>2016-01-23T10:39:02.000Z</time></trkpt>
      <trkpt lat="35.833107" lon="127.738801"><ele>1334.7</ele><time>2016-01-23T10:39:02.000Z</time></trkpt>
      <trkpt lat="35.833151" lon="127.738789"><ele>1334.8</ele><time>2016-01-23T10:39:14.000Z</time></trkpt>
      <trkpt lat="35.833195" lon="127.738777"><ele>1334.9</ele><time>2016-01-23T10:39:14.000Z</time></trkpt>
      <trkpt lat="35.833238" lon="127.738764"><ele>1335.1</ele><time>2016-01-23T10:39:26.000Z</time></trkpt>
      <trkpt lat="35.833282" lon="127.738751"><ele>1335.4</ele><time>2016-01-23T10:39:26.000Z</time></trkpt>
      <trkpt lat="35.833325" lon="127.738737"><ele>1335.8</ele><time>2016-01-23T10:39:37.000Z</time></trkpt>
      <trkpt lat="35.833369" lon="127.738722"><ele>1336.1</ele><time>2016-01-23T10:39:37.000Z</time></trkpt>
      <trkpt lat="35.833412" lon="127.738707"><ele>1336.5</ele><time>2016-01-23T10:39:52.000Z</time></trkpt>
      <trkpt lat="35.833455" lon="127.738690"><ele>1336.9</ele><time>2016-01-23T10:39:52.000Z</time></trkpt>
      <trkpt lat="35.833495" lon="127.738666"><ele>1337.3</ele><time>2016-01-23T10:40:05.000Z</time></trkpt>
      <trkpt lat="35.833536" lon="127.738642"><ele>1337.8</ele><time>2016-01-23T10:40:05.000Z</time></trkpt>
      <trkpt lat="35.833575" lon="127.738615"><ele>1338.2</ele><time>2016-01-23T10:40:19.000Z</time></trkpt>
      <trkpt lat="35.833614" lon="127.738588"><ele>1338.6</ele><time>2016-01-23T10:40:19.000Z</time></trkpt>
      <trkpt lat="35.833652" lon="127.738557"><ele>1338.9</ele><time>2016-01-23T10:40:19.000Z</time></trkpt>
      <trkpt lat="35.833689" lon="127.738527"><ele>1339.3</ele><time>2016-01-23T10:40:35.000Z</time></trkpt>
      <trkpt lat="35.833730" lon="127.738503"><ele>1339.7</ele><time>2016-01-23T10:40:35.000Z</time></trkpt>
      <trkpt lat="35.833771" lon="127.738482"><ele>1340.1</ele><time>2016-01-23T10:40:51.000Z</time></trkpt>
      <trkpt lat="35.833814" lon="127.738464"><ele>1340.6</ele><time>2016-01-23T10:40:51.000Z</time></trkpt>
      <trkpt lat="35.833857" lon="127.738450"><ele>1341.0</ele><time>2016-01-23T10:41:02.000Z</time></trkpt>
      <trkpt lat="35.833901" lon="127.738436"><ele>1341.4</ele><time>2016-01-23T10:41:02.000Z</time></trkpt>
      <trkpt lat="35.833945" lon="127.738423"><ele>1341.9</ele><time>2016-01-23T10:41:10.000Z</time></trkpt>
      <trkpt lat="35.833988" lon="127.738408"><ele>1342.4</ele><time>2016-01-23T10:41:10.000Z</time></trkpt>
      <trkpt lat="35.834029" lon="127.738386"><ele>1342.8</ele><time>2016-01-23T10:41:19.000Z</time></trkpt>
      <trkpt lat="35.834070" lon="127.738363"><ele>1343.3</ele><time>2016-01-23T10:41:19.000Z</time></trkpt>
      <trkpt lat="35.834108" lon="127.738334"><ele>1343.8</ele><time>2016-01-23T10:41:30.000Z</time></trkpt>
      <trkpt lat="35.834146" lon="127.738304"><ele>1344.3</ele><time>2016-01-23T10:41:30.000Z</time></trkpt>
      <trkpt lat="35.834182" lon="127.738271"><ele>1344.8</ele><time>2016-01-23T10:41:30.000Z</time></trkpt>
      <trkpt lat="35.834218" lon="127.738237"><ele>1345.2</ele><time>2016-01-23T10:41:40.000Z</time></trkpt>
      <trkpt lat="35.834255" lon="127.738206"><ele>1345.7</ele><time>2016-01-23T10:41:40.000Z</time></trkpt>
      <trkpt lat="35.834292" lon="127.738175"><ele>1346.1</ele><time>2016-01-23T10:41:47.000Z</time></trkpt>
      <trkpt lat="35.834335" lon="127.738158"><ele>1346.6</ele><time>2016-01-23T10:41:47.000Z</time></trkpt>
      <trkpt lat="35.834378" lon="127.738143"><ele>1347.1</ele><time>2016-01-23T10:41:54.000Z</time></trkpt>
      <trkpt lat="35.834423" lon="127.738142"><ele>1347.4</ele><time>2016-01-23T10:41:54.000Z</time></trkpt>
      <trkpt lat="35.834468" lon="127.738143"><ele>1347.8</ele><time>2016-01-23T10:42:02.000Z</time></trkpt>
      <trkpt lat="35.834512" lon="127.738151"><ele>1348.0</ele><time>2016-01-23T10:42:02.000Z</time></trkpt>
      <trkpt lat="35.834557" lon="127.738160"><ele>1348.2</ele><time>2016-01-23T10:42:11.000Z</time></trkpt>
      <trkpt lat="35.834599" lon="127.738176"><ele>1348.4</ele><time>2016-01-23T10:42:11.000Z</time></trkpt>
      <trkpt lat="35.834641" lon="127.738196"><ele>1348.6</ele><time>2016-01-23T10:42:20.000Z</time></trkpt>
      <trkpt lat="35.834679" lon="127.738225"><ele>1348.7</ele><time>2016-01-23T10:42:20.000Z</time></trkpt>
      <trkpt lat="35.834713" lon="127.738262"><ele>1348.8</ele><time>2016-01-23T10:42:29.000Z</time></trkpt>
      <trkpt lat="35.834744" lon="127.738301"><ele>1348.9</ele><time>2016-01-23T10:42:29.000Z</time></trkpt>
      <trkpt lat="35.834774" lon="127.738342"><ele>1348.9</ele><time>2016-01-23T10:42:38.000Z</time></trkpt>
      <trkpt lat="35.834804" lon="127.738384"><ele>1348.9</ele><time>2016-01-23T10:42:38.000Z</time></trkpt>
      <trkpt lat="35.834831" lon="127.738428"><ele>1348.9</ele><time>2016-01-23T10:42:46.000Z</time></trkpt>
      <trkpt lat="35.834860" lon="127.738471"><ele>1348.9</ele><time>2016-01-23T10:42:46.000Z</time></trkpt>
      <trkpt lat="35.834892" lon="127.738510"><ele>1348.8</ele><time>2016-01-23T10:42:54.000Z</time></trkpt>
      <trkpt lat="35.834923" lon="127.738550"><ele>1348.7</ele><time>2016-01-23T10:42:54.000Z</time></trkpt>
      <trkpt lat="35.834954" lon="127.738590"><ele>1348.6</ele><time>2016-01-23T10:43:05.000Z</time></trkpt>
      <trkpt lat="35.834985" lon="127.738631"><ele>1348.5</ele><time>2016-01-23T10:43:05.000Z</time></trkpt>
      <trkpt lat="35.835016" lon="127.738670"><ele>1348.4</ele><time>2016-01-23T10:44:40.000Z</time></trkpt>
      <trkpt lat="35.835047" lon="127.738711"><ele>1348.2</ele><time>2016-01-23T10:44:40.000Z</time></trkpt>
      <trkpt lat="35.835075" lon="127.738754"><ele>1348.0</ele><time>2016-01-23T10:44:52.000Z</time></trkpt>
      <trkpt lat="35.835101" lon="127.738799"><ele>1347.7</ele><time>2016-01-23T10:44:52.000Z</time></trkpt>
      <trkpt lat="35.835120" lon="127.738849"><ele>1347.4</ele><time>2016-01-23T10:45:08.000Z</time></trkpt>
      <trkpt lat="35.835137" lon="127.738900"><ele>1347.1</ele><time>2016-01-23T10:45:08.000Z</time></trkpt>
      <trkpt lat="35.835144" lon="127.738955"><ele>1346.7</ele><time>2016-01-23T10:45:17.000Z</time></trkpt>
      <trkpt lat="35.835152" lon="127.739009"><ele>1346.3</ele><time>2016-01-23T10:45:17.000Z</time></trkpt>
      <trkpt lat="35.835170" lon="127.739060"><ele>1345.8</ele><time>2016-01-23T10:47:02.000Z</time></trkpt>
      <trkpt lat="35.835198" lon="127.739101"><ele>1345.1</ele><time>2016-01-23T10:47:02.000Z</time></trkpt>
      <trkpt lat="35.835236" lon="127.739128"><ele>1344.4</ele><time>2016-01-23T10:48:23.000Z</time></trkpt>
      <trkpt lat="35.835281" lon="127.739135"><ele>1343.9</ele><time>2016-01-23T10:48:39.000Z</time></trkpt>
      <trkpt lat="35.835325" lon="127.739144"><ele>1343.4</ele><time>2016-01-23T10:48:39.000Z</time></trkpt>
      <trkpt lat="35.835369" lon="127.739157"><ele>1342.8</ele><time>2016-01-23T10:48:46.000Z</time></trkpt>
      <trkpt lat="35.835412" lon="127.739172"><ele>1342.3</ele><time>2016-01-23T10:48:46.000Z</time></trkpt>
      <trkpt lat="35.835455" lon="127.739188"><ele>1341.7</ele><time>2016-01-23T10:48:53.000Z</time></trkpt>
      <trkpt lat="35.835498" lon="127.739205"><ele>1341.1</ele><time>2016-01-23T10:48:53.000Z</time></trkpt>
      <trkpt lat="35.835540" lon="127.739224"><ele>1340.6</ele><time>2016-01-23T10:49:00.000Z</time></trkpt>
      <trkpt lat="35.835582" lon="127.739244"><ele>1340.0</ele><time>2016-01-23T10:49:00.000Z</time></trkpt>
      <trkpt lat="35.835624" lon="127.739263"><ele>1339.5</ele><time>2016-01-23T10:49:09.000Z</time></trkpt>
      <trkpt lat="35.835666" lon="127.739283"><ele>1339.0</ele><time>2016-01-23T10:49:09.000Z</time></trkpt>
      <trkpt lat="35.835708" lon="127.739304"><ele>1338.4</ele><time>2016-01-23T10:49:18.000Z</time></trkpt>
      <trkpt lat="35.835750" lon="127.739324"><ele>1337.9</ele><time>2016-01-23T10:49:18.000Z</time></trkpt>
      <trkpt lat="35.835791" lon="127.739347"><ele>1337.5</ele><time>2016-01-23T10:49:26.000Z</time></trkpt>
      <trkpt lat="35.835832" lon="127.739370"><ele>1337.0</ele><time>2016-01-23T10:49:26.000Z</time></trkpt>
      <trkpt lat="35.835873" lon="127.739393"><ele>1336.6</ele><time>2016-01-23T10:49:26.000Z</time></trkpt>
      <trkpt lat="35.835914" lon="127.739416"><ele>1336.2</ele><time>2016-01-23T10:49:35.000Z</time></trkpt>
      <trkpt lat="35.835953" lon="127.739442"><ele>1335.8</ele><time>2016-01-23T10:49:35.000Z</time></trkpt>
      <trkpt lat="35.835993" lon="127.739468"><ele>1335.5</ele><time>2016-01-23T10:49:45.000Z</time></trkpt>
      <trkpt lat="35.836029" lon="127.739501"><ele>1335.3</ele><time>2016-01-23T10:49:45.000Z</time></trkpt>
      <trkpt lat="35.836065" lon="127.739535"><ele>1335.1</ele><time>2016-01-23T10:49:59.000Z</time></trkpt>
      <trkpt lat="35.836101" lon="127.739568"><ele>1335.0</ele><time>2016-01-23T10:50:13.000Z</time></trkpt>
      <trkpt lat="35.836137" lon="127.739601"><ele>1335.0</ele><time>2016-01-23T10:50:13.000Z</time></trkpt>
      <trkpt lat="35.836179" lon="127.739620"><ele>1334.9</ele><time>2016-01-23T10:50:22.000Z</time></trkpt>
      <trkpt lat="35.836223" lon="127.739626"><ele>1334.8</ele><time>2016-01-23T10:50:22.000Z</time></trkpt>
      <trkpt lat="35.836267" lon="127.739620"><ele>1334.8</ele><time>2016-01-23T10:50:45.000Z</time></trkpt>
      <trkpt lat="35.836312" lon="127.739616"><ele>1334.8</ele><time>2016-01-23T10:50:45.000Z</time></trkpt>
      <trkpt lat="35.836357" lon="127.739613"><ele>1334.7</ele><time>2016-01-23T10:51:00.000Z</time></trkpt>
      <trkpt lat="35.836400" lon="127.739631"><ele>1334.8</ele><time>2016-01-23T10:51:09.000Z</time></trkpt>
      <trkpt lat="35.836441" lon="127.739653"><ele>1334.8</ele><time>2016-01-23T10:51:09.000Z</time></trkpt>
      <trkpt lat="35.836476" lon="127.739687"><ele>1334.9</ele><time>2016-01-23T10:51:19.000Z</time></trkpt>
      <trkpt lat="35.836511" lon="127.739721"><ele>1334.9</ele><time>2016-01-23T10:51:19.000Z</time></trkpt>
      <trkpt lat="35.836548" lon="127.739754"><ele>1335.0</ele><time>2016-01-23T10:51:29.000Z</time></trkpt>
      <trkpt lat="35.836584" lon="127.739786"><ele>1335.2</ele><time>2016-01-23T10:51:29.000Z</time></trkpt>
      <trkpt lat="35.836620" lon="127.739819"><ele>1335.3</ele><time>2016-01-23T10:51:51.000Z</time></trkpt>
      <trkpt lat="35.836657" lon="127.739852"><ele>1335.5</ele><time>2016-01-23T10:51:51.000Z</time></trkpt>
      <trkpt lat="35.836693" lon="127.739884"><ele>1335.8</ele><time>2016-01-23T10:51:51.000Z</time></trkpt>
      <trkpt lat="35.836730" lon="127.739916"><ele>1336.1</ele><time>2016-01-23T10:52:08.000Z</time></trkpt>
      <trkpt lat="35.836767" lon="127.739947"><ele>1336.4</ele><time>2016-01-23T10:52:08.000Z</time></trkpt>
      <trkpt lat="35.836804" lon="127.739978"><ele>1336.8</ele><time>2016-01-23T10:52:19.000Z</time></trkpt>
      <trkpt lat="35.836846" lon="127.739998"><ele>1337.3</ele><time>2016-01-23T10:52:19.000Z</time></trkpt>
      <trkpt lat="35.836889" lon="127.740017"><ele>1337.7</ele><time>2016-01-23T10:52:32.000Z</time></trkpt>
      <trkpt lat="35.836931" lon="127.740034"><ele>1338.3</ele><time>2016-01-23T10:52:32.000Z</time></trkpt>
      <trkpt lat="35.836974" lon="127.740050"><ele>1338.8</ele><time>2016-01-23T10:52:43.000Z</time></trkpt>
      <trkpt lat="35.837016" lon="127.740070"><ele>1339.3</ele><time>2016-01-23T10:52:43.000Z</time></trkpt>
      <trkpt lat="35.837058" lon="127.740091"><ele>1339.8</ele><time>2016-01-23T10:52:55.000Z</time></trkpt>
      <trkpt lat="35.837097" lon="127.740117"><ele>1340.3</ele><time>2016-01-23T10:52:55.000Z</time></trkpt>
      <trkpt lat="35.837135" lon="127.740148"><ele>1340.8</ele><time>2016-01-23T10:53:07.000Z</time></trkpt>
      <trkpt lat="35.837171" lon="127.740180"><ele>1341.3</ele><time>2016-01-23T10:53:07.000Z</time></trkpt>
      <trkpt lat="35.837205" lon="127.740217"><ele>1341.8</ele><time>2016-01-23T10:53:20.000Z</time></trkpt>
      <trkpt lat="35.837238" lon="127.740255"><ele>1342.3</ele><time>2016-01-23T10:53:20.000Z</time></trkpt>
      <trkpt lat="35.837269" lon="127.740295"><ele>1342.7</ele><time>2016-01-23T10:53:33.000Z</time></trkpt>
      <trkpt lat="35.837300" lon="127.740335"><ele>1343.1</ele><time>2016-01-23T10:53:33.000Z</time></trkpt>
      <trkpt lat="35.837332" lon="127.740374"><ele>1343.5</ele><time>2016-01-23T10:53:41.000Z</time></trkpt>
      <trkpt lat="35.837364" lon="127.740413"><ele>1343.8</ele><time>2016-01-23T10:53:41.000Z</time></trkpt>
      <trkpt lat="35.837398" lon="127.740450"><ele>1344.3</ele><time>2016-01-23T10:53:50.000Z</time></trkpt>
      <trkpt lat="35.837429" lon="127.740489"><ele>1344.6</ele><time>2016-01-23T10:53:50.000Z</time></trkpt>
      <trkpt lat="35.837458" lon="127.740532"><ele>1345.0</ele><time>2016-01-23T10:54:00.000Z</time></trkpt>
      <trkpt lat="35.837484" lon="127.740577"><ele>1345.4</ele><time>2016-01-23T10:54:00.000Z</time></trkpt>
      <trkpt lat="35.837508" lon="127.740623"><ele>1345.8</ele><time>2016-01-23T10:54:15.000Z</time></trkpt>
      <trkpt lat="35.837536" lon="127.740667"><ele>1346.2</ele><time>2016-01-23T10:54:15.000Z</time></trkpt>
      <trkpt lat="35.837565" lon="127.740710"><ele>1346.7</ele><time>2016-01-23T10:54:36.000Z</time></trkpt>
      <trkpt lat="35.837601" lon="127.740741"><ele>1347.1</ele><time>2016-01-23T10:54:36.000Z</time></trkpt>
      <trkpt lat="35.837641" lon="127.740767"><ele>1347.7</ele><time>2016-01-23T10:54:53.000Z</time></trkpt>
      <trkpt lat="35.837681" lon="127.740790"><ele>1348.2</ele><time>2016-01-23T10:54:53.000Z</time></trkpt>
      <trkpt lat="35.837722" lon="127.740815"><ele>1348.8</ele><time>2016-01-23T10:55:16.000Z</time></trkpt>
      <trkpt lat="35.837759" lon="127.740845"><ele>1349.4</ele><time>2016-01-23T10:55:45.000Z</time></trkpt>
      <trkpt lat="35.837793" lon="127.740881"><ele>1350.0</ele><time>2016-01-23T10:55:45.000Z</time></trkpt>
      <trkpt lat="35.837821" lon="127.740924"><ele>1350.6</ele><time>2016-01-23T10:56:04.000Z</time></trkpt>
      <trkpt lat="35.837849" lon="127.740967"><ele>1351.2</ele><time>2016-01-23T10:56:04.000Z</time></trkpt>
      <trkpt lat="35.837878" lon="127.741010"><ele>1351.9</ele><time>2016-01-23T10:56:13.000Z</time></trkpt>
      <trkpt lat="35.837905" lon="127.741054"><ele>1352.6</ele><time>2016-01-23T10:56:13.000Z</time></trkpt>
      <trkpt lat="35.837931" lon="127.741099"><ele>1353.4</ele><time>2016-01-23T10:56:36.000Z</time></trkpt>
      <trkpt lat="35.837957" lon="127.741145"><ele>1354.2</ele><time>2016-01-23T10:56:59.000Z</time></trkpt>
      <trkpt lat="35.837983" lon="127.741190"><ele>1355.0</ele><time>2016-01-23T10:56:59.000Z</time></trkpt>
      <trkpt lat="35.838011" lon="127.741233"><ele>1356.0</ele><time>2016-01-23T10:57:26.000Z</time></trkpt>
      <trkpt lat="35.838041" lon="127.741274"><ele>1357.1</ele><time>2016-01-23T10:57:26.000Z</time></trkpt>
      <trkpt lat="35.838077" lon="127.741307"><ele>1358.3</ele><time>2016-01-23T10:57:50.000Z</time></trkpt>
      <trkpt lat="35.838116" lon="127.741334"><ele>1359.5</ele><time>2016-01-23T10:57:50.000Z</time></trkpt>
      <trkpt lat="35.838159" lon="127.741350"><ele>1360.8</ele><time>2016-01-23T10:58:35.000Z</time></trkpt>
      <trkpt lat="35.838203" lon="127.741361"><ele>1362.1</ele><time>2016-01-23T10:58:35.000Z</time></trkpt>
      <trkpt lat="35.838247" lon="127.741371"><ele>1363.3</ele><time>2016-01-23T10:58:56.000Z</time></trkpt>
      <trkpt lat="35.838291" lon="127.741380"><ele>1364.6</ele><time>2016-01-23T10:58:56.000Z</time></trkpt>
      <trkpt lat="35.838336" lon="127.741388"><ele>1365.8</ele><time>2016-01-23T10:59:10.000Z</time></trkpt>
      <trkpt lat="35.838379" lon="127.741404"><ele>1367.1</ele><time>2016-01-23T10:59:10.000Z</time></trkpt>
      <trkpt lat="35.838421" lon="127.741424"><ele>1368.5</ele><time>2016-01-23T10:59:18.000Z</time></trkpt>
      <trkpt lat="35.838462" lon="127.741447"><ele>1369.9</ele><time>2016-01-23T10:59:18.000Z</time></trkpt>
      <trkpt lat="35.838502" lon="127.741471"><ele>1371.5</ele><time>2016-01-23T10:59:34.000Z</time></trkpt>
      <trkpt lat="35.838543" lon="127.741495"><ele>1373.1</ele><time>2016-01-23T10:59:34.000Z</time></trkpt>
      <trkpt lat="35.838584" lon="127.741518"><ele>1374.7</ele><time>2016-01-23T10:59:42.000Z</time></trkpt>
      <trkpt lat="35.838626" lon="127.741536"><ele>1376.2</ele><time>2016-01-23T10:59:42.000Z</time></trkpt>
      <trkpt lat="35.838669" lon="127.741554"><ele>1377.8</ele><time>2016-01-23T10:59:52.000Z</time></trkpt>
      <trkpt lat="35.838711" lon="127.741574"><ele>1379.1</ele><time>2016-01-23T10:59:52.000Z</time></trkpt>
      <trkpt lat="35.838752" lon="127.741594"><ele>1380.5</ele><time>2016-01-23T11:00:03.000Z</time></trkpt>
      <trkpt lat="35.838792" lon="127.741621"><ele>1381.7</ele><time>2016-01-23T11:00:03.000Z</time></trkpt>
      <trkpt lat="35.838831" lon="127.741648"><ele>1382.8</ele><time>2016-01-23T11:00:13.000Z</time></trkpt>
      <trkpt lat="35.838867" lon="127.741681"><ele>1383.8</ele><time>2016-01-23T11:00:13.000Z</time></trkpt>
      <trkpt lat="35.838903" lon="127.741715"><ele>1384.7</ele><time>2016-01-23T11:00:21.000Z</time></trkpt>
      <trkpt lat="35.838941" lon="127.741744"><ele>1385.6</ele><time>2016-01-23T11:00:21.000Z</time></trkpt>
      <trkpt lat="35.838979" lon="127.741772"><ele>1386.4</ele><time>2016-01-23T11:00:29.000Z</time></trkpt>
      <trkpt lat="35.839020" lon="127.741797"><ele>1387.2</ele><time>2016-01-23T11:00:29.000Z</time></trkpt>
      <trkpt lat="35.839060" lon="127.741821"><ele>1387.9</ele><time>2016-01-23T11:00:38.000Z</time></trkpt>
      <trkpt lat="35.839105" lon="127.741827"><ele>1388.5</ele><time>2016-01-23T11:00:48.000Z</time></trkpt>
      <trkpt lat="35.839150" lon="127.741832"><ele>1389.2</ele><time>2016-01-23T11:00:48.000Z</time></trkpt>
      <trkpt lat="35.839195" lon="127.741829"><ele>1389.8</ele><time>2016-01-23T11:00:58.000Z</time></trkpt>
      <trkpt lat="35.839240" lon="127.741827"><ele>1390.3</ele><time>2016-01-23T11:00:58.000Z</time></trkpt>
      <trkpt lat="35.839285" lon="127.741829"><ele>1390.8</ele><time>2016-01-23T11:01:09.000Z</time></trkpt>
      <trkpt lat="35.839329" lon="127.741836"><ele>1391.3</ele><time>2016-01-23T11:01:09.000Z</time></trkpt>
      <trkpt lat="35.839371" lon="127.741856"><ele>1391.7</ele><time>2016-01-23T11:01:44.000Z</time></trkpt>
      <trkpt lat="35.839412" lon="127.741877"><ele>1392.0</ele><time>2016-01-23T11:01:44.000Z</time></trkpt>
      <trkpt lat="35.839453" lon="127.741900"><ele>1392.3</ele><time>2016-01-23T11:01:54.000Z</time></trkpt>
      <trkpt lat="35.839495" lon="127.741920"><ele>1392.5</ele><time>2016-01-23T11:01:54.000Z</time></trkpt>
      <trkpt lat="35.839538" lon="127.741937"><ele>1392.7</ele><time>2016-01-23T11:02:05.000Z</time></trkpt>
      <trkpt lat="35.839581" lon="127.741950"><ele>1392.8</ele><time>2016-01-23T11:02:05.000Z</time></trkpt>
      <trkpt lat="35.839626" lon="127.741956"><ele>1392.9</ele><time>2016-01-23T11:02:13.000Z</time></trkpt>
      <trkpt lat="35.839670" lon="127.741968"><ele>1393.0</ele><time>2016-01-23T11:02:13.000Z</time></trkpt>
      <trkpt lat="35.839711" lon="127.741989"><ele>1393.0</ele><time>2016-01-23T11:02:20.000Z</time></trkpt>
      <trkpt lat="35.839752" lon="127.742013"><ele>1393.1</ele><time>2016-01-23T11:02:20.000Z</time></trkpt>
      <trkpt lat="35.839791" lon="127.742039"><ele>1393.1</ele><time>2016-01-23T11:02:29.000Z</time></trkpt>
      <trkpt lat="35.839831" lon="127.742065"><ele>1393.2</ele><time>2016-01-23T11:02:29.000Z</time></trkpt>
      <trkpt lat="35.839871" lon="127.742090"><ele>1393.2</ele><time>2016-01-23T11:02:44.000Z</time></trkpt>
      <trkpt lat="35.839916" lon="127.742098"><ele>1393.3</ele><time>2016-01-23T11:02:44.000Z</time></trkpt>
      <trkpt lat="35.839960" lon="127.742105"><ele>1393.3</ele><time>2016-01-23T11:02:58.000Z</time></trkpt>
      <trkpt lat="35.840005" lon="127.742102"><ele>1393.4</ele><time>2016-01-23T11:02:58.000Z</time></trkpt>
      <trkpt lat="35.840050" lon="127.742098"><ele>1393.5</ele><time>2016-01-23T11:03:07.000Z</time></trkpt>
      <trkpt lat="35.840095" lon="127.742104"><ele>1393.7</ele><time>2016-01-23T11:03:07.000Z</time></trkpt>
      <trkpt lat="35.840139" lon="127.742111"><ele>1393.9</ele><time>2016-01-23T11:03:33.000Z</time></trkpt>
      <trkpt lat="35.840183" lon="127.742121"><ele>1394.2</ele><time>2016-01-23T11:03:54.000Z</time></trkpt>
      <trkpt lat="35.840227" lon="127.742135"><ele>1394.5</ele><time>2016-01-23T11:03:54.000Z</time></trkpt>
      <trkpt lat="35.840267" lon="127.742159"><ele>1395.0</ele><time>2016-01-23T11:04:03.000Z</time></trkpt>
      <trkpt lat="35.840310" lon="127.742173"><ele>1395.6</ele><time>2016-01-23T11:04:03.000Z</time></trkpt>
      <trkpt lat="35.840355" lon="127.742183"><ele>1396.2</ele><time>2016-01-23T11:04:19.000Z</time></trkpt>
      <trkpt lat="35.840398" lon="127.742198"><ele>1396.9</ele><time>2016-01-23T11:04:19.000Z</time></trkpt>
      <trkpt lat="35.840441" lon="127.742213"><ele>1397.7</ele><time>2016-01-23T11:04:36.000Z</time></trkpt>
      <trkpt lat="35.840486" lon="127.742220"><ele>1398.5</ele><time>2016-01-23T11:04:52.000Z</time></trkpt>
      <trkpt lat="35.840530" lon="127.742227"><ele>1399.3</ele><time>2016-01-23T11:04:52.000Z</time></trkpt>
      <trkpt lat="35.840575" lon="127.742231"><ele>1400.2</ele><time>2016-01-23T11:05:12.000Z</time></trkpt>
      <trkpt lat="35.840620" lon="127.742236"><ele>1401.1</ele><time>2016-01-23T11:05:12.000Z</time></trkpt>
      <trkpt lat="35.840665" lon="127.742244"><ele>1402.0</ele><time>2016-01-23T11:05:24.000Z</time></trkpt>
      <trkpt lat="35.840709" lon="127.742253"><ele>1402.9</ele><time>2016-01-23T11:05:24.000Z</time></trkpt>
      <trkpt lat="35.840752" lon="127.742267"><ele>1403.8</ele><time>2016-01-23T11:05:38.000Z</time></trkpt>
      <trkpt lat="35.840796" lon="127.742282"><ele>1404.8</ele><time>2016-01-23T11:05:38.000Z</time></trkpt>
      <trkpt lat="35.840838" lon="127.742301"><ele>1405.8</ele><time>2016-01-23T11:05:52.000Z</time></trkpt>
      <trkpt lat="35.840880" lon="127.742321"><ele>1406.8</ele><time>2016-01-23T11:05:52.000Z</time></trkpt>
      <trkpt lat="35.840920" lon="127.742345"><ele>1408.0</ele><time>2016-01-23T11:06:20.000Z</time></trkpt>
      <trkpt lat="35.840960" lon="127.742371"><ele>1409.2</ele><time>2016-01-23T11:06:20.000Z</time></trkpt>
      <trkpt lat="35.840999" lon="127.742399"><ele>1410.3</ele><time>2016-01-23T11:06:39.000Z</time></trkpt>
      <trkpt lat="35.841036" lon="127.742430"><ele>1411.4</ele><time>2016-01-23T11:06:39.000Z</time></trkpt>
      <trkpt lat="35.841071" lon="127.742465"><ele>1412.4</ele><time>2016-01-23T11:06:54.000Z</time></trkpt>
      <trkpt lat="35.841105" lon="127.742501"><ele>1413.5</ele><time>2016-01-23T11:06:54.000Z</time></trkpt>
      <trkpt lat="35.841138" lon="127.742539"><ele>1414.5</ele><time>2016-01-23T11:07:09.000Z</time></trkpt>
      <trkpt lat="35.841171" lon="127.742576"><ele>1415.5</ele><time>2016-01-23T11:07:09.000Z</time></trkpt>
      <trkpt lat="35.841205" lon="127.742612"><ele>1416.7</ele><time>2016-01-23T11:07:20.000Z</time></trkpt>
      <trkpt lat="35.841240" lon="127.742648"><ele>1417.9</ele><time>2016-01-23T11:07:20.000Z</time></trkpt>
      <trkpt lat="35.841276" lon="127.742681"><ele>1419.1</ele><time>2016-01-23T11:07:30.000Z</time></trkpt>
      <trkpt lat="35.841312" lon="127.742713"><ele>1420.3</ele><time>2016-01-23T11:07:30.000Z</time></trkpt>
      <trkpt lat="35.841351" lon="127.742742"><ele>1421.6</ele><time>2016-01-23T11:07:42.000Z</time></trkpt>
      <trkpt lat="35.841390" lon="127.742770"><ele>1422.8</ele><time>2016-01-23T11:07:42.000Z</time></trkpt>
      <trkpt lat="35.841429" lon="127.742798"><ele>1424.1</ele><time>2016-01-23T11:07:42.000Z</time></trkpt>
      <trkpt lat="35.841468" lon="127.742826"><ele>1425.4</ele><time>2016-01-23T11:07:58.000Z</time></trkpt>
      <trkpt lat="35.841506" lon="127.742853"><ele>1426.7</ele><time>2016-01-23T11:07:58.000Z</time></trkpt>
      <trkpt lat="35.841545" lon="127.742881"><ele>1428.1</ele><time>2016-01-23T11:08:09.000Z</time></trkpt>
      <trkpt lat="35.841585" lon="127.742907"><ele>1429.3</ele><time>2016-01-23T11:08:09.000Z</time></trkpt>
      <trkpt lat="35.841625" lon="127.742932"><ele>1430.5</ele><time>2016-01-23T11:08:19.000Z</time></trkpt>
      <trkpt lat="35.841664" lon="127.742960"><ele>1431.6</ele><time>2016-01-23T11:08:19.000Z</time></trkpt>
      <trkpt lat="35.841702" lon="127.742989"><ele>1432.7</ele><time>2016-01-23T11:08:28.000Z</time></trkpt>
      <trkpt lat="35.841741" lon="127.743018"><ele>1433.7</ele><time>2016-01-23T11:08:28.000Z</time></trkpt>
      <trkpt lat="35.841779" lon="127.743047"><ele>1434.7</ele><time>2016-01-23T11:08:48.000Z</time></trkpt>
      <trkpt lat="35.841816" lon="127.743078"><ele>1435.7</ele><time>2016-01-23T11:08:48.000Z</time></trkpt>
      <trkpt lat="35.841853" lon="127.743110"><ele>1436.7</ele><time>2016-01-23T11:09:05.000Z</time></trkpt>
      <trkpt lat="35.841885" lon="127.743148"><ele>1437.6</ele><time>2016-01-23T11:09:05.000Z</time></trkpt>
      <trkpt lat="35.841917" lon="127.743188"><ele>1438.6</ele><time>2016-01-23T11:09:18.000Z</time></trkpt>
      <trkpt lat="35.841940" lon="127.743236"><ele>1439.4</ele><time>2016-01-23T11:10:00.000Z</time></trkpt>
      <trkpt lat="35.841962" lon="127.743284"><ele>1440.1</ele><time>2016-01-23T11:10:00.000Z</time></trkpt>
      <trkpt lat="35.841984" lon="127.743332"><ele>1440.7</ele><time>2016-01-23T11:10:34.000Z</time></trkpt>
      <trkpt lat="35.842006" lon="127.743381"><ele>1441.4</ele><time>2016-01-23T11:10:34.000Z</time></trkpt>
      <trkpt lat="35.842028" lon="127.743429"><ele>1441.9</ele><time>2016-01-23T11:10:59.000Z</time></trkpt>
      <trkpt lat="35.842049" lon="127.743478"><ele>1442.4</ele><time>2016-01-23T11:10:59.000Z</time></trkpt>
      <trkpt lat="35.842071" lon="127.743527"><ele>1442.9</ele><time>2016-01-23T11:11:10.000Z</time></trkpt>
      <trkpt lat="35.842091" lon="127.743576"><ele>1443.4</ele><time>2016-01-23T11:11:10.000Z</time></trkpt>
      <trkpt lat="35.842107" lon="127.743628"><ele>1443.9</ele><time>2016-01-23T11:11:20.000Z</time></trkpt>
      <trkpt lat="35.842124" lon="127.743679"><ele>1444.4</ele><time>2016-01-23T11:11:20.000Z</time></trkpt>
      <trkpt lat="35.842146" lon="127.743728"><ele>1444.9</ele><time>2016-01-23T11:11:33.000Z</time></trkpt>
      <trkpt lat="35.842168" lon="127.743776"><ele>1445.4</ele><time>2016-01-23T11:11:33.000Z</time></trkpt>
      <trkpt lat="35.842194" lon="127.743821"><ele>1445.9</ele><time>2016-01-23T11:11:56.000Z</time></trkpt>
      <trkpt lat="35.842220" lon="127.743866"><ele>1446.5</ele><time>2016-01-23T11:11:56.000Z</time></trkpt>
      <trkpt lat="35.842248" lon="127.743910"><ele>1447.1</ele><time>2016-01-23T11:12:38.000Z</time></trkpt>
      <trkpt lat="35.842276" lon="127.743954"><ele>1447.7</ele><time>2016-01-23T11:12:38.000Z</time></trkpt>
      <trkpt lat="35.842307" lon="127.743993"><ele>1448.4</ele><time>2016-01-23T11:13:11.000Z</time></trkpt>
      <trkpt lat="35.842339" lon="127.744032"><ele>1449.1</ele><time>2016-01-23T11:13:11.000Z</time></trkpt>
      <trkpt lat="35.842371" lon="127.744071"><ele>1449.8</ele><time>2016-01-23T11:13:25.000Z</time></trkpt>
      <trkpt lat="35.842403" lon="127.744110"><ele>1450.4</ele><time>2016-01-23T11:13:25.000Z</time></trkpt>
      <trkpt lat="35.842438" lon="127.744145"><ele>1451.2</ele><time>2016-01-23T11:13:25.000Z</time></trkpt>
      <trkpt lat="35.842473" lon="127.744181"><ele>1451.9</ele><time>2016-01-23T11:13:51.000Z</time></trkpt>
      <trkpt lat="35.842509" lon="127.744213"><ele>1452.7</ele><time>2016-01-23T11:13:51.000Z</time></trkpt>
      <trkpt lat="35.842546" lon="127.744245"><ele>1453.5</ele><time>2016-01-23T11:14:26.000Z</time></trkpt>
      <trkpt lat="35.842585" lon="127.744272"><ele>1454.5</ele><time>2016-01-23T11:14:26.000Z</time></trkpt>
      <trkpt lat="35.842624" lon="127.744298"><ele>1455.4</ele><time>2016-01-23T11:14:48.000Z</time></trkpt>
      <trkpt lat="35.842665" lon="127.744323"><ele>1456.4</ele><time>2016-01-23T11:15:34.000Z</time></trkpt>
      <trkpt lat="35.842705" lon="127.744347"><ele>1457.4</ele><time>2016-01-23T11:15:34.000Z</time></trkpt>
      <trkpt lat="35.842745" lon="127.744372"><ele>1458.4</ele><time>2016-01-23T11:16:08.000Z</time></trkpt>
      <trkpt lat="35.842786" lon="127.744397"><ele>1459.4</ele><time>2016-01-23T11:16:08.000Z</time></trkpt>
      <trkpt lat="35.842826" lon="127.744422"><ele>1460.4</ele><time>2016-01-23T11:16:26.000Z</time></trkpt>
      <trkpt lat="35.842865" lon="127.744450"><ele>1461.5</ele><time>2016-01-23T11:16:26.000Z</time></trkpt>
      <trkpt lat="35.842902" lon="127.744480"><ele>1462.6</ele><time>2016-01-23T11:16:46.000Z</time></trkpt>
      <trkpt lat="35.842939" lon="127.744512"><ele>1463.8</ele><time>2016-01-23T11:16:46.000Z</time></trkpt>
      <trkpt lat="35.842975" lon="127.744545"><ele>1464.9</ele><time>2016-01-23T11:17:02.000Z</time></trkpt>
      <trkpt lat="35.843012" lon="127.744577"><ele>1466.2</ele><time>2016-01-23T11:17:02.000Z</time></trkpt>
      <trkpt lat="35.843050" lon="127.744607"><ele>1467.5</ele><time>2016-01-23T11:17:26.000Z</time></trkpt>
      <trkpt lat="35.843088" lon="127.744635"><ele>1468.9</ele><time>2016-01-23T11:17:26.000Z</time></trkpt>
      <trkpt lat="35.843128" lon="127.744662"><ele>1470.3</ele><time>2016-01-23T11:17:46.000Z</time></trkpt>
      <trkpt lat="35.843166" lon="127.744690"><ele>1471.9</ele><time>2016-01-23T11:17:46.000Z</time></trkpt>
      <trkpt lat="35.843204" lon="127.744720"><ele>1473.6</ele><time>2016-01-23T11:18:06.000Z</time></trkpt>
      <trkpt lat="35.843242" lon="127.744750"><ele>1475.3</ele><time>2016-01-23T11:18:06.000Z</time></trkpt>
      <trkpt lat="35.843280" lon="127.744780"><ele>1477.2</ele><time>2016-01-23T11:18:21.000Z</time></trkpt>
      <trkpt lat="35.843320" lon="127.744806"><ele>1479.1</ele><time>2016-01-23T11:18:21.000Z</time></trkpt>
      <trkpt lat="35.843361" lon="127.744828"><ele>1480.9</ele><time>2016-01-23T11:19:05.000Z</time></trkpt>
      <trkpt lat="35.843404" lon="127.744845"><ele>1482.7</ele><time>2016-01-23T11:19:05.000Z</time></trkpt>
      <trkpt lat="35.843447" lon="127.744858"><ele>1484.5</ele><time>2016-01-23T11:19:26.000Z</time></trkpt>
      <trkpt lat="35.843491" lon="127.744869"><ele>1486.4</ele><time>2016-01-23T11:19:26.000Z</time></trkpt>
      <trkpt lat="35.843536" lon="127.744878"><ele>1488.3</ele><time>2016-01-23T11:19:47.000Z</time></trkpt>
      <trkpt lat="35.843580" lon="127.744890"><ele>1490.2</ele><time>2016-01-23T11:19:47.000Z</time></trkpt>
      <trkpt lat="35.843623" lon="127.744903"><ele>1492.1</ele><time>2016-01-23T11:19:58.000Z</time></trkpt>
      <trkpt lat="35.843666" lon="127.744919"><ele>1494.0</ele><time>2016-01-23T11:19:58.000Z</time></trkpt>
      <trkpt lat="35.843709" lon="127.744937"><ele>1495.7</ele><time>2016-01-23T11:20:21.000Z</time></trkpt>
      <trkpt lat="35.843750" lon="127.744958"><ele>1497.4</ele><time>2016-01-23T11:20:21.000Z</time></trkpt>
      <trkpt lat="35.843790" lon="127.744984"><ele>1499.2</ele><time>2016-01-23T11:20:35.000Z</time></trkpt>
      <trkpt lat="35.843825" lon="127.745016"><ele>1501.0</ele><time>2016-01-23T11:20:35.000Z</time></trkpt>
      <trkpt lat="35.843851" lon="127.745062"><ele>1503.0</ele><time>2016-01-23T11:21:54.000Z</time></trkpt>
      <trkpt lat="35.843888" lon="127.745093"><ele>1505.5</ele><time>2016-01-23T11:22:05.000Z</time></trkpt>
      <trkpt lat="35.843932" lon="127.745088"><ele>1508.1</ele><time>2016-01-23T11:23:25.000Z</time></trkpt>
      <trkpt lat="35.843973" lon="127.745065"><ele>1509.3</ele><time>2016-01-23T11:23:50.000Z</time></trkpt>
      <trkpt lat="35.844014" lon="127.745041"><ele>1510.4</ele><time>2016-01-23T11:23:50.000Z</time></trkpt>
      <trkpt lat="35.844056" lon="127.745024"><ele>1511.5</ele><time>2016-01-23T11:23:50.000Z</time></trkpt>
      <trkpt lat="35.844099" lon="127.745006"><ele>1512.5</ele><time>2016-01-23T11:23:57.000Z</time></trkpt>
      <trkpt lat="35.844141" lon="127.744986"><ele>1513.5</ele><time>2016-01-23T11:23:57.000Z</time></trkpt>
      <trkpt lat="35.844183" lon="127.744966"><ele>1514.5</ele><time>2016-01-23T11:24:06.000Z</time></trkpt>
      <trkpt lat="35.844224" lon="127.744945"><ele>1515.4</ele><time>2016-01-23T11:24:06.000Z</time></trkpt>
      <trkpt lat="35.844266" lon="127.744923"><ele>1516.2</ele><time>2016-01-23T11:24:15.000Z</time></trkpt>
      <trkpt lat="35.844307" lon="127.744901"><ele>1517.0</ele><time>2016-01-23T11:24:15.000Z</time></trkpt>
      <trkpt lat="35.844348" lon="127.744878"><ele>1517.6</ele><time>2016-01-23T11:24:23.000Z</time></trkpt>
      <trkpt lat="35.844389" lon="127.744856"><ele>1518.3</ele><time>2016-01-23T11:24:23.000Z</time></trkpt>
      <trkpt lat="35.844433" lon="127.744842"><ele>1518.7</ele><time>2016-01-23T11:24:23.000Z</time></trkpt>
      <trkpt lat="35.844476" lon="127.744829"><ele>1519.2</ele><time>2016-01-23T11:24:32.000Z</time></trkpt>
      <trkpt lat="35.844521" lon="127.744830"><ele>1519.6</ele><time>2016-01-23T11:24:32.000Z</time></trkpt>
      <trkpt lat="35.844566" lon="127.744834"><ele>1519.9</ele><time>2016-01-23T11:24:46.000Z</time></trkpt>
      <trkpt lat="35.844610" lon="127.744839"><ele>1520.1</ele><time>2016-01-23T11:24:46.000Z</time></trkpt>
      <trkpt lat="35.844655" lon="127.744845"><ele>1520.4</ele><time>2016-01-23T11:24:59.000Z</time></trkpt>
      <trkpt lat="35.844700" lon="127.744849"><ele>1520.5</ele><time>2016-01-23T11:24:59.000Z</time></trkpt>
      <trkpt lat="35.844745" lon="127.744852"><ele>1520.7</ele><time>2016-01-23T11:25:20.000Z</time></trkpt>
      <trkpt lat="35.844789" lon="127.744843"><ele>1520.7</ele><time>2016-01-23T11:25:35.000Z</time></trkpt>
      <trkpt lat="35.844834" lon="127.744834"><ele>1520.8</ele><time>2016-01-23T11:25:35.000Z</time></trkpt>
      <trkpt lat="35.844877" lon="127.744819"><ele>1520.8</ele><time>2016-01-23T11:26:03.000Z</time></trkpt>
      <trkpt lat="35.844920" lon="127.744805"><ele>1520.8</ele><time>2016-01-23T11:26:03.000Z</time></trkpt>
      <trkpt lat="35.844964" lon="127.744791"><ele>1520.8</ele><time>2016-01-23T11:26:03.000Z</time></trkpt>
      <trkpt lat="35.845007" lon="127.744777"><ele>1520.8</ele><time>2016-01-23T11:26:34.000Z</time></trkpt>
      <trkpt lat="35.845051" lon="127.744764"><ele>1520.8</ele><time>2016-01-23T11:26:34.000Z</time></trkpt>
      <trkpt lat="35.845095" lon="127.744751"><ele>1520.8</ele><time>2016-01-23T11:26:42.000Z</time></trkpt>
      <trkpt lat="35.845139" lon="127.744741"><ele>1520.8</ele><time>2016-01-23T11:26:42.000Z</time></trkpt>
      <trkpt lat="35.845183" lon="127.744733"><ele>1520.8</ele><time>2016-01-23T11:26:54.000Z</time></trkpt>
      <trkpt lat="35.845228" lon="127.744729"><ele>1520.7</ele><time>2016-01-23T11:26:54.000Z</time></trkpt>
      <trkpt lat="35.845273" lon="127.744728"><ele>1520.6</ele><time>2016-01-23T11:27:04.000Z</time></trkpt>
      <trkpt lat="35.845318" lon="127.744732"><ele>1520.4</ele><time>2016-01-23T11:27:04.000Z</time></trkpt>
      <trkpt lat="35.845363" lon="127.744738"><ele>1520.3</ele><time>2016-01-23T11:27:18.000Z</time></trkpt>
      <trkpt lat="35.845407" lon="127.744749"><ele>1520.0</ele><time>2016-01-23T11:27:18.000Z</time></trkpt>
      <trkpt lat="35.845450" lon="127.744761"><ele>1519.8</ele><time>2016-01-23T11:27:31.000Z</time></trkpt>
      <trkpt lat="35.845495" lon="127.744765"><ele>1519.6</ele><time>2016-01-23T11:27:31.000Z</time></trkpt>
      <trkpt lat="35.845540" lon="127.744767"><ele>1519.3</ele><time>2016-01-23T11:27:54.000Z</time></trkpt>
      <trkpt lat="35.845585" lon="127.744765"><ele>1519.0</ele><time>2016-01-23T11:27:54.000Z</time></trkpt>
      <trkpt lat="35.845630" lon="127.744763"><ele>1518.6</ele><time>2016-01-23T11:28:05.000Z</time></trkpt>
      <trkpt lat="35.845675" lon="127.744760"><ele>1518.2</ele><time>2016-01-23T11:28:05.000Z</time></trkpt>
      <trkpt lat="35.845720" lon="127.744756"><ele>1517.7</ele><time>2016-01-23T11:28:13.000Z</time></trkpt>
      <trkpt lat="35.845764" lon="127.744752"><ele>1517.2</ele><time>2016-01-23T11:28:13.000Z</time></trkpt>
      <trkpt lat="35.845809" lon="127.744747"><ele>1516.7</ele><time>2016-01-23T11:28:21.000Z</time></trkpt>
      <trkpt lat="35.845854" lon="127.744748"><ele>1516.2</ele><time>2016-01-23T11:28:21.000Z</time></trkpt>
      <trkpt lat="35.845899" lon="127.744749"><ele>1515.7</ele><time>2016-01-23T11:28:29.000Z</time></trkpt>
      <trkpt lat="35.845944" lon="127.744748"><ele>1515.0</ele><time>2016-01-23T11:28:29.000Z</time></trkpt>
      <trkpt lat="35.845989" lon="127.744746"><ele>1514.3</ele><time>2016-01-23T11:28:40.000Z</time></trkpt>
      <trkpt lat="35.846034" lon="127.744746"><ele>1513.5</ele><time>2016-01-23T11:28:40.000Z</time></trkpt>
      <trkpt lat="35.846079" lon="127.744746"><ele>1512.8</ele><time>2016-01-23T11:28:50.000Z</time></trkpt>
      <trkpt lat="35.846122" lon="127.744731"><ele>1511.9</ele><time>2016-01-23T11:28:50.000Z</time></trkpt>
      <trkpt lat="35.846163" lon="127.744709"><ele>1511.0</ele><time>2016-01-23T11:29:17.000Z</time></trkpt>
      <trkpt lat="35.846199" lon="127.744677"><ele>1510.1</ele><time>2016-01-23T11:29:17.000Z</time></trkpt>
      <trkpt lat="35.846233" lon="127.744640"><ele>1509.1</ele><time>2016-01-23T11:29:34.000Z</time></trkpt>
      <trkpt lat="35.846259" lon="127.744595"><ele>1508.2</ele><time>2016-01-23T11:29:34.000Z</time></trkpt>
      <trkpt lat="35.846284" lon="127.744549"><ele>1507.3</ele><time>2016-01-23T11:29:44.000Z</time></trkpt>
      <trkpt lat="35.846313" lon="127.744507"><ele>1506.3</ele><time>2016-01-23T11:29:44.000Z</time></trkpt>
      <trkpt lat="35.846342" lon="127.744464"><ele>1505.4</ele><time>2016-01-23T11:29:57.000Z</time></trkpt>
      <trkpt lat="35.846377" lon="127.744430"><ele>1504.5</ele><time>2016-01-23T11:29:57.000Z</time></trkpt>
      <trkpt lat="35.846414" lon="127.744398"><ele>1503.6</ele><time>2016-01-23T11:30:13.000Z</time></trkpt>
      <trkpt lat="35.846453" lon="127.744372"><ele>1502.8</ele><time>2016-01-23T11:30:13.000Z</time></trkpt>
      <trkpt lat="35.846495" lon="127.744350"><ele>1502.0</ele><time>2016-01-23T11:30:27.000Z</time></trkpt>
      <trkpt lat="35.846537" lon="127.744331"><ele>1501.3</ele><time>2016-01-23T11:30:27.000Z</time></trkpt>
      <trkpt lat="35.846580" lon="127.744315"><ele>1500.6</ele><time>2016-01-23T11:30:37.000Z</time></trkpt>
      <trkpt lat="35.846623" lon="127.744298"><ele>1500.0</ele><time>2016-01-23T11:30:37.000Z</time></trkpt>
      <trkpt lat="35.846665" lon="127.744282"><ele>1499.4</ele><time>2016-01-23T11:30:45.000Z</time></trkpt>
      <trkpt lat="35.846708" lon="127.744265"><ele>1498.8</ele><time>2016-01-23T11:30:45.000Z</time></trkpt>
      <trkpt lat="35.846751" lon="127.744249"><ele>1498.4</ele><time>2016-01-23T11:30:45.000Z</time></trkpt>
      <trkpt lat="35.846795" lon="127.744233"><ele>1498.0</ele><time>2016-01-23T11:31:07.000Z</time></trkpt>
      <trkpt lat="35.846836" lon="127.744213"><ele>1497.7</ele><time>2016-01-23T11:31:07.000Z</time></trkpt>
      <trkpt lat="35.846878" lon="127.744191"><ele>1497.5</ele><time>2016-01-23T11:31:19.000Z</time></trkpt>
      <trkpt lat="35.846919" lon="127.744170"><ele>1497.3</ele><time>2016-01-23T11:31:19.000Z</time></trkpt>
      <trkpt lat="35.846961" lon="127.744149"><ele>1497.1</ele><time>2016-01-23T11:31:31.000Z</time></trkpt>
      <trkpt lat="35.847002" lon="127.744127"><ele>1497.0</ele><time>2016-01-23T11:31:31.000Z</time></trkpt>
      <trkpt lat="35.847043" lon="127.744104"><ele>1496.9</ele><time>2016-01-23T11:31:46.000Z</time></trkpt>
      <trkpt lat="35.847084" lon="127.744083"><ele>1496.9</ele><time>2016-01-23T11:31:46.000Z</time></trkpt>
      <trkpt lat="35.847127" lon="127.744064"><ele>1496.8</ele><time>2016-01-23T11:31:58.000Z</time></trkpt>
      <trkpt lat="35.847169" lon="127.744045"><ele>1496.8</ele><time>2016-01-23T11:31:58.000Z</time></trkpt>
      <trkpt lat="35.847212" lon="127.744027"><ele>1496.8</ele><time>2016-01-23T11:32:10.000Z</time></trkpt>
      <trkpt lat="35.847254" lon="127.744008"><ele>1496.8</ele><time>2016-01-23T11:32:10.000Z</time></trkpt>
      <trkpt lat="35.847297" lon="127.743992"><ele>1496.9</ele><time>2016-01-23T11:32:22.000Z</time></trkpt>
      <trkpt lat="35.847340" lon="127.743976"><ele>1496.9</ele><time>2016-01-23T11:32:22.000Z</time></trkpt>
      <trkpt lat="35.847383" lon="127.743960"><ele>1497.0</ele><time>2016-01-23T11:32:22.000Z</time></trkpt>
      <trkpt lat="35.847426" lon="127.743944"><ele>1497.2</ele><time>2016-01-23T11:32:43.000Z</time></trkpt>
      <trkpt lat="35.847471" lon="127.743941"><ele>1497.3</ele><time>2016-01-23T11:32:43.000Z</time></trkpt>
      <trkpt lat="35.847516" lon="127.743939"><ele>1497.5</ele><time>2016-01-23T11:32:59.000Z</time></trkpt>
      <trkpt lat="35.847558" lon="127.743957"><ele>1497.9</ele><time>2016-01-23T11:32:59.000Z</time></trkpt>
      <trkpt lat="35.847600" lon="127.743978"><ele>1498.2</ele><time>2016-01-23T11:33:11.000Z</time></trkpt>
      <trkpt lat="35.847635" lon="127.744012"><ele>1498.6</ele><time>2016-01-23T11:33:11.000Z</time></trkpt>
      <trkpt lat="35.847670" lon="127.744046"><ele>1499.0</ele><time>2016-01-23T11:33:20.000Z</time></trkpt>
      <trkpt lat="35.847702" lon="127.744085"><ele>1499.5</ele><time>2016-01-23T11:33:20.000Z</time></trkpt>
      <trkpt lat="35.847734" lon="127.744125"><ele>1500.0</ele><time>2016-01-23T11:33:41.000Z</time></trkpt>
      <trkpt lat="35.847767" lon="127.744163"><ele>1500.5</ele><time>2016-01-23T11:33:41.000Z</time></trkpt>
      <trkpt lat="35.847800" lon="127.744200"><ele>1501.0</ele><time>2016-01-23T11:33:47.000Z</time></trkpt>
      <trkpt lat="35.847831" lon="127.744239"><ele>1501.6</ele><time>2016-01-23T11:33:47.000Z</time></trkpt>
      <trkpt lat="35.847862" lon="127.744281"><ele>1502.2</ele><time>2016-01-23T11:33:54.000Z</time></trkpt>
      <trkpt lat="35.847892" lon="127.744322"><ele>1502.7</ele><time>2016-01-23T11:33:54.000Z</time></trkpt>
      <trkpt lat="35.847922" lon="127.744363"><ele>1503.3</ele><time>2016-01-23T11:34:02.000Z</time></trkpt>
      <trkpt lat="35.847952" lon="127.744404"><ele>1503.8</ele><time>2016-01-23T11:34:02.000Z</time></trkpt>
      <trkpt lat="35.847983" lon="127.744444"><ele>1504.3</ele><time>2016-01-23T11:34:02.000Z</time></trkpt>
      <trkpt lat="35.848015" lon="127.744483"><ele>1504.8</ele><time>2016-01-23T11:34:10.000Z</time></trkpt>
      <trkpt lat="35.848047" lon="127.744522"><ele>1505.3</ele><time>2016-01-23T11:34:10.000Z</time></trkpt>
      <trkpt lat="35.848079" lon="127.744562"><ele>1505.9</ele><time>2016-01-23T11:34:18.000Z</time></trkpt>
      <trkpt lat="35.848110" lon="127.744601"><ele>1506.3</ele><time>2016-01-23T11:34:18.000Z</time></trkpt>
      <trkpt lat="35.848141" lon="127.744641"><ele>1506.8</ele><time>2016-01-23T11:34:26.000Z</time></trkpt>
      <trkpt lat="35.848175" lon="127.744678"><ele>1507.2</ele><time>2016-01-23T11:34:26.000Z</time></trkpt>
      <trkpt lat="35.848209" lon="127.744714"><ele>1507.5</ele><time>2016-01-23T11:34:35.000Z</time></trkpt>
      <trkpt lat="35.848246" lon="127.744745"><ele>1507.9</ele><time>2016-01-23T11:34:35.000Z</time></trkpt>
      <trkpt lat="35.848286" lon="127.744772"><ele>1508.1</ele><time>2016-01-23T11:34:44.000Z</time></trkpt>
      <trkpt lat="35.848326" lon="127.744796"><ele>1508.4</ele><time>2016-01-23T11:34:44.000Z</time></trkpt>
      <trkpt lat="35.848368" lon="127.744817"><ele>1508.6</ele><time>2016-01-23T11:34:51.000Z</time></trkpt>
      <trkpt lat="35.848409" lon="127.744838"><ele>1508.7</ele><time>2016-01-23T11:34:51.000Z</time></trkpt>
      <trkpt lat="35.848448" lon="127.744866"><ele>1508.9</ele><time>2016-01-23T11:34:51.000Z</time></trkpt>
      <trkpt lat="35.848487" lon="127.744894"><ele>1509.0</ele><time>2016-01-23T11:35:59.000Z</time></trkpt>
      <trkpt lat="35.848522" lon="127.744928"><ele>1509.1</ele><time>2016-01-23T11:35:59.000Z</time></trkpt>
      <trkpt lat="35.848556" lon="127.744964"><ele>1509.2</ele><time>2016-01-23T11:36:11.000Z</time></trkpt>
      <trkpt lat="35.848588" lon="127.745003"><ele>1509.3</ele><time>2016-01-23T11:36:11.000Z</time></trkpt>
      <trkpt lat="35.848619" lon="127.745044"><ele>1509.4</ele><time>2016-01-23T11:36:19.000Z</time></trkpt>
      <trkpt lat="35.848649" lon="127.745085"><ele>1509.5</ele><time>2016-01-23T11:36:19.000Z</time></trkpt>
      <trkpt lat="35.848678" lon="127.745127"><ele>1509.6</ele><time>2016-01-23T11:36:28.000Z</time></trkpt>
      <trkpt lat="35.848707" lon="127.745169"><ele>1509.7</ele><time>2016-01-23T11:36:28.000Z</time></trkpt>
      <trkpt lat="35.848734" lon="127.745214"><ele>1509.8</ele><time>2016-01-23T11:36:39.000Z</time></trkpt>
      <trkpt lat="35.848761" lon="127.745258"><ele>1509.9</ele><time>2016-01-23T11:36:39.000Z</time></trkpt>
      <trkpt lat="35.848785" lon="127.745305"><ele>1510.0</ele><time>2016-01-23T11:36:48.000Z</time></trkpt>
      <trkpt lat="35.848809" lon="127.745352"><ele>1510.1</ele><time>2016-01-23T11:36:48.000Z</time></trkpt>
      <trkpt lat="35.848837" lon="127.745396"><ele>1510.2</ele><time>2016-01-23T11:36:59.000Z</time></trkpt>
      <trkpt lat="35.848864" lon="127.745440"><ele>1510.3</ele><time>2016-01-23T11:36:59.000Z</time></trkpt>
      <trkpt lat="35.848895" lon="127.745480"><ele>1510.4</ele><time>2016-01-23T11:37:11.000Z</time></trkpt>
      <trkpt lat="35.848927" lon="127.745519"><ele>1510.5</ele><time>2016-01-23T11:37:11.000Z</time></trkpt>
      <trkpt lat="35.848963" lon="127.745552"><ele>1510.7</ele><time>2016-01-23T11:37:25.000Z</time></trkpt>
      <trkpt lat="35.849000" lon="127.745584"><ele>1510.8</ele><time>2016-01-23T11:37:25.000Z</time></trkpt>
      <trkpt lat="35.849038" lon="127.745614"><ele>1511.0</ele><time>2016-01-23T11:37:40.000Z</time></trkpt>
      <trkpt lat="35.849076" lon="127.745644"><ele>1511.2</ele><time>2016-01-23T11:37:40.000Z</time></trkpt>
      <trkpt lat="35.849116" lon="127.745668"><ele>1511.4</ele><time>2016-01-23T11:37:40.000Z</time></trkpt>
      <trkpt lat="35.849156" lon="127.745693"><ele>1511.7</ele><time>2016-01-23T11:37:57.000Z</time></trkpt>
      <trkpt lat="35.849197" lon="127.745717"><ele>1512.0</ele><time>2016-01-23T11:38:18.000Z</time></trkpt>
      <trkpt lat="35.849238" lon="127.745740"><ele>1512.4</ele><time>2016-01-23T11:38:18.000Z</time></trkpt>
      <trkpt lat="35.849279" lon="127.745761"><ele>1512.8</ele><time>2016-01-23T11:38:28.000Z</time></trkpt>
      <trkpt lat="35.849322" lon="127.745780"><ele>1513.2</ele><time>2016-01-23T11:38:28.000Z</time></trkpt>
      <trkpt lat="35.849365" lon="127.745797"><ele>1513.6</ele><time>2016-01-23T11:38:42.000Z</time></trkpt>
      <trkpt lat="35.849408" lon="127.745811"><ele>1514.0</ele><time>2016-01-23T11:38:42.000Z</time></trkpt>
      <trkpt lat="35.849452" lon="127.745824"><ele>1514.4</ele><time>2016-01-23T11:38:56.000Z</time></trkpt>
      <trkpt lat="35.849495" lon="127.745838"><ele>1514.8</ele><time>2016-01-23T11:38:56.000Z</time></trkpt>
      <trkpt lat="35.849539" lon="127.745852"><ele>1515.3</ele><time>2016-01-23T11:39:19.000Z</time></trkpt>
      <trkpt lat="35.849582" lon="127.745865"><ele>1515.9</ele><time>2016-01-23T11:39:19.000Z</time></trkpt>
      <trkpt lat="35.849626" lon="127.745878"><ele>1516.5</ele><time>2016-01-23T11:39:48.000Z</time></trkpt>
      <trkpt lat="35.849670" lon="127.745891"><ele>1517.2</ele><time>2016-01-23T11:39:48.000Z</time></trkpt>
      <trkpt lat="35.849714" lon="127.745904"><ele>1518.0</ele><time>2016-01-23T11:40:02.000Z</time></trkpt>
      <trkpt lat="35.849757" lon="127.745916"><ele>1518.8</ele><time>2016-01-23T11:40:02.000Z</time></trkpt>
      <trkpt lat="35.849801" lon="127.745927"><ele>1519.6</ele><time>2016-01-23T11:40:11.000Z</time></trkpt>
      <trkpt lat="35.849845" lon="127.745941"><ele>1520.5</ele><time>2016-01-23T11:40:11.000Z</time></trkpt>
      <trkpt lat="35.849888" lon="127.745958"><ele>1521.5</ele><time>2016-01-23T11:40:28.000Z</time></trkpt>
      <trkpt lat="35.849929" lon="127.745978"><ele>1522.5</ele><time>2016-01-23T11:40:28.000Z</time></trkpt>
      <trkpt lat="35.849970" lon="127.746001"><ele>1523.5</ele><time>2016-01-23T11:40:46.000Z</time></trkpt>
      <trkpt lat="35.850010" lon="127.746027"><ele>1524.5</ele><time>2016-01-23T11:40:46.000Z</time></trkpt>
      <trkpt lat="35.850048" lon="127.746056"><ele>1525.4</ele><time>2016-01-23T11:40:58.000Z</time></trkpt>
      <trkpt lat="35.850085" lon="127.746089"><ele>1526.4</ele><time>2016-01-23T11:40:58.000Z</time></trkpt>
      <trkpt lat="35.850118" lon="127.746126"><ele>1527.4</ele><time>2016-01-23T11:41:11.000Z</time></trkpt>
      <trkpt lat="35.850151" lon="127.746164"><ele>1528.3</ele><time>2016-01-23T11:41:11.000Z</time></trkpt>
      <trkpt lat="35.850182" lon="127.746204"><ele>1529.3</ele><time>2016-01-23T11:41:31.000Z</time></trkpt>
      <trkpt lat="35.850214" lon="127.746243"><ele>1530.3</ele><time>2016-01-23T11:41:31.000Z</time></trkpt>
      <trkpt lat="35.850247" lon="127.746281"><ele>1531.4</ele><time>2016-01-23T11:41:49.000Z</time></trkpt>
      <trkpt lat="35.850281" lon="127.746317"><ele>1532.4</ele><time>2016-01-23T11:41:49.000Z</time></trkpt>
      <trkpt lat="35.850319" lon="127.746347"><ele>1533.4</ele><time>2016-01-23T11:42:04.000Z</time></trkpt>
      <trkpt lat="35.850356" lon="127.746377"><ele>1534.4</ele><time>2016-01-23T11:42:04.000Z</time></trkpt>
      <trkpt lat="35.850394" lon="127.746408"><ele>1535.5</ele><time>2016-01-23T11:42:39.000Z</time></trkpt>
      <trkpt lat="35.850430" lon="127.746441"><ele>1536.5</ele><time>2016-01-23T11:42:39.000Z</time></trkpt>
      <trkpt lat="35.850462" lon="127.746479"><ele>1537.6</ele><time>2016-01-23T11:43:10.000Z</time></trkpt>
      <trkpt lat="35.850494" lon="127.746518"><ele>1538.6</ele><time>2016-01-23T11:43:10.000Z</time></trkpt>
      <trkpt lat="35.850525" lon="127.746559"><ele>1539.6</ele><time>2016-01-23T11:43:45.000Z</time></trkpt>
      <trkpt lat="35.850555" lon="127.746600"><ele>1540.6</ele><time>2016-01-23T11:43:45.000Z</time></trkpt>
      <trkpt lat="35.850581" lon="127.746645"><ele>1541.7</ele><time>2016-01-23T11:44:23.000Z</time></trkpt>
      <trkpt lat="35.850609" lon="127.746688"><ele>1542.7</ele><time>2016-01-23T11:44:23.000Z</time></trkpt>
      <trkpt lat="35.850639" lon="127.746730"><ele>1543.7</ele><time>2016-01-23T11:44:55.000Z</time></trkpt>
      <trkpt lat="35.850669" lon="127.746772"><ele>1544.8</ele><time>2016-01-23T11:44:55.000Z</time></trkpt>
      <trkpt lat="35.850696" lon="127.746815"><ele>1545.9</ele><time>2016-01-23T11:45:12.000Z</time></trkpt>
      <trkpt lat="35.850728" lon="127.746854"><ele>1547.1</ele><time>2016-01-23T11:45:12.000Z</time></trkpt>
      <trkpt lat="35.850765" lon="127.746885"><ele>1548.4</ele><time>2016-01-23T11:45:27.000Z</time></trkpt>
      <trkpt lat="35.850804" lon="127.746913"><ele>1549.7</ele><time>2016-01-23T11:45:27.000Z</time></trkpt>
      <trkpt lat="35.850844" lon="127.746938"><ele>1551.1</ele><time>2016-01-23T11:46:08.000Z</time></trkpt>
      <trkpt lat="35.850885" lon="127.746961"><ele>1552.4</ele><time>2016-01-23T11:46:08.000Z</time></trkpt>
      <trkpt lat="35.850926" lon="127.746983"><ele>1553.7</ele><time>2016-01-23T11:46:45.000Z</time></trkpt>
      <trkpt lat="35.850967" lon="127.747005"><ele>1555.0</ele><time>2016-01-23T11:46:45.000Z</time></trkpt>
      <trkpt lat="35.851008" lon="127.747028"><ele>1556.2</ele><time>2016-01-23T11:47:32.000Z</time></trkpt>
      <trkpt lat="35.851049" lon="127.747053"><ele>1557.5</ele><time>2016-01-23T11:47:32.000Z</time></trkpt>
      <trkpt lat="35.851086" lon="127.747083"><ele>1558.8</ele><time>2016-01-23T11:47:32.000Z</time></trkpt>
      <trkpt lat="35.851123" lon="127.747114"><ele>1560.1</ele><time>2016-01-23T11:47:56.000Z</time></trkpt>
      <trkpt lat="35.851161" lon="127.747145"><ele>1561.5</ele><time>2016-01-23T11:47:56.000Z</time></trkpt>
      <trkpt lat="35.851199" lon="127.747175"><ele>1563.0</ele><time>2016-01-23T11:48:41.000Z</time></trkpt>
      <trkpt lat="35.851235" lon="127.747207"><ele>1564.5</ele><time>2016-01-23T11:48:41.000Z</time></trkpt>
      <trkpt lat="35.851270" lon="127.747242"><ele>1566.1</ele><time>2016-01-23T11:49:14.000Z</time></trkpt>
      <trkpt lat="35.851306" lon="127.747276"><ele>1567.8</ele><time>2016-01-23T11:49:14.000Z</time></trkpt>
      <trkpt lat="35.851342" lon="127.747309"><ele>1569.6</ele><time>2016-01-23T11:49:22.000Z</time></trkpt>
      <trkpt lat="35.851380" lon="127.747338"><ele>1571.6</ele><time>2016-01-23T11:49:22.000Z</time></trkpt>
      <trkpt lat="35.851421" lon="127.747361"><ele>1573.6</ele><time>2016-01-23T11:49:47.000Z</time></trkpt>
      <trkpt lat="35.851464" lon="127.747370"><ele>1575.9</ele><time>2016-01-23T11:49:47.000Z</time></trkpt>
      <trkpt lat="35.851509" lon="127.747367"><ele>1578.3</ele><time>2016-01-23T11:50:19.000Z</time></trkpt>
      <trkpt lat="35.851548" lon="127.747341"><ele>1580.6</ele><time>2016-01-23T11:50:19.000Z</time></trkpt>
      <trkpt lat="35.851585" lon="127.747310"><ele>1582.8</ele><time>2016-01-23T11:51:53.000Z</time></trkpt>
      <trkpt lat="35.851620" lon="127.747275"><ele>1584.9</ele><time>2016-01-23T11:51:53.000Z</time></trkpt>
      <trkpt lat="35.851654" lon="127.747239"><ele>1587.0</ele><time>2016-01-23T11:52:03.000Z</time></trkpt>
      <trkpt lat="35.851694" lon="127.747214"><ele>1589.0</ele><time>2016-01-23T11:52:03.000Z</time></trkpt>
      <trkpt lat="35.851735" lon="127.747190"><ele>1591.1</ele><time>2016-01-23T11:52:12.000Z</time></trkpt>
      <trkpt lat="35.851779" lon="127.747182"><ele>1593.0</ele><time>2016-01-23T11:52:12.000Z</time></trkpt>
      <trkpt lat="35.851824" lon="127.747174"><ele>1595.0</ele><time>2016-01-23T11:52:20.000Z</time></trkpt>
      <trkpt lat="35.851869" lon="127.747171"><ele>1596.6</ele><time>2016-01-23T11:52:20.000Z</time></trkpt>
      <trkpt lat="35.851913" lon="127.747169"><ele>1598.1</ele><time>2016-01-23T11:52:30.000Z</time></trkpt>
      <trkpt lat="35.851958" lon="127.747166"><ele>1599.6</ele><time>2016-01-23T11:52:30.000Z</time></trkpt>
      <trkpt lat="35.852003" lon="127.747163"><ele>1600.9</ele><time>2016-01-23T11:52:39.000Z</time></trkpt>
      <trkpt lat="35.852048" lon="127.747159"><ele>1602.2</ele><time>2016-01-23T11:52:39.000Z</time></trkpt>
      <trkpt lat="35.852093" lon="127.747154"><ele>1603.4</ele><time>2016-01-23T11:52:49.000Z</time></trkpt>
      <trkpt lat="35.852138" lon="127.747149"><ele>1604.6</ele><time>2016-01-23T11:52:49.000Z</time></trkpt>
      <trkpt lat="35.852183" lon="127.747146"><ele>1605.6</ele><time>2016-01-23T11:53:01.000Z</time></trkpt>
      <trkpt lat="35.852228" lon="127.747144"><ele>1606.6</ele><time>2016-01-23T11:53:01.000Z</time></trkpt>
      <trkpt lat="35.852272" lon="127.747136"><ele>1607.1</ele><time>2016-01-23T11:53:01.000Z</time></trkpt>
      <trkpt lat="35.852316" lon="127.747127"><ele>1607.5</ele><time>2016-01-23T11:53:13.000Z</time></trkpt>
      <trkpt lat="35.852359" lon="127.747109"><ele>1607.9</ele><time>2016-01-23T11:53:13.000Z</time></trkpt>
      <trkpt lat="35.852401" lon="127.747090"><ele>1608.3</ele><time>2016-01-23T11:53:34.000Z</time></trkpt>
      <trkpt lat="35.852442" lon="127.747067"><ele>1608.6</ele><time>2016-01-23T11:53:34.000Z</time></trkpt>
      <trkpt lat="35.852482" lon="127.747041"><ele>1608.8</ele><time>2016-01-23T11:53:44.000Z</time></trkpt>
      <trkpt lat="35.852523" lon="127.747018"><ele>1608.8</ele><time>2016-01-23T11:53:44.000Z</time></trkpt>
      <trkpt lat="35.852564" lon="127.746997"><ele>1608.8</ele><time>2016-01-23T11:53:50.000Z</time></trkpt>
      <trkpt lat="35.852606" lon="127.746978"><ele>1608.8</ele><time>2016-01-23T11:53:50.000Z</time></trkpt>
      <trkpt lat="35.852650" lon="127.746963"><ele>1608.8</ele><time>2016-01-23T11:53:58.000Z</time></trkpt>
      <trkpt lat="35.852692" lon="127.746946"><ele>1608.7</ele><time>2016-01-23T11:53:58.000Z</time></trkpt>
      <trkpt lat="35.852732" lon="127.746921"><ele>1608.7</ele><time>2016-01-23T11:54:10.000Z</time></trkpt>
      <trkpt lat="35.852772" lon="127.746896"><ele>1608.6</ele><time>2016-01-23T11:54:10.000Z</time></trkpt>
      <trkpt lat="35.852815" lon="127.746877"><ele>1608.5</ele><time>2016-01-23T11:54:21.000Z</time></trkpt>
      <trkpt lat="35.852857" lon="127.746859"><ele>1608.4</ele><time>2016-01-23T11:54:21.000Z</time></trkpt>
      <trkpt lat="35.852902" lon="127.746849"><ele>1608.1</ele><time>2016-01-23T11:54:30.000Z</time></trkpt>
      <trkpt lat="35.852946" lon="127.746840"><ele>1607.9</ele><time>2016-01-23T11:54:30.000Z</time></trkpt>
      <trkpt lat="35.852991" lon="127.746836"><ele>1607.5</ele><time>2016-01-23T11:54:39.000Z</time></trkpt>
      <trkpt lat="35.853036" lon="127.746832"><ele>1607.2</ele><time>2016-01-23T11:54:39.000Z</time></trkpt>
      <trkpt lat="35.853080" lon="127.746825"><ele>1606.7</ele><time>2016-01-23T11:54:49.000Z</time></trkpt>
      <trkpt lat="35.853125" lon="127.746818"><ele>1606.2</ele><time>2016-01-23T11:54:49.000Z</time></trkpt>
      <trkpt lat="35.853169" lon="127.746806"><ele>1605.6</ele><time>2016-01-23T11:54:49.000Z</time></trkpt>
      <trkpt lat="35.853213" lon="127.746794"><ele>1605.1</ele><time>2016-01-23T11:54:58.000Z</time></trkpt>
      <trkpt lat="35.853256" lon="127.746780"><ele>1604.5</ele><time>2016-01-23T11:54:58.000Z</time></trkpt>
      <trkpt lat="35.853299" lon="127.746765"><ele>1603.9</ele><time>2016-01-23T11:55:23.000Z</time></trkpt>
      <trkpt lat="35.853342" lon="127.746749"><ele>1603.3</ele><time>2016-01-23T11:55:23.000Z</time></trkpt>
      <trkpt lat="35.853385" lon="127.746732"><ele>1602.7</ele><time>2016-01-23T11:55:33.000Z</time></trkpt>
      <trkpt lat="35.853427" lon="127.746712"><ele>1602.2</ele><time>2016-01-23T11:55:33.000Z</time></trkpt>
      <trkpt lat="35.853469" lon="127.746691"><ele>1601.7</ele><time>2016-01-23T11:55:42.000Z</time></trkpt>
      <trkpt lat="35.853511" lon="127.746673"><ele>1601.3</ele><time>2016-01-23T11:55:42.000Z</time></trkpt>
      <trkpt lat="35.853554" lon="127.746657"><ele>1600.8</ele><time>2016-01-23T11:55:53.000Z</time></trkpt>
      <trkpt lat="35.853597" lon="127.746641"><ele>1600.4</ele><time>2016-01-23T11:55:53.000Z</time></trkpt>
      <trkpt lat="35.853640" lon="127.746625"><ele>1600.1</ele><time>2016-01-23T11:56:03.000Z</time></trkpt>
      <trkpt lat="35.853684" lon="127.746611"><ele>1599.7</ele><time>2016-01-23T11:56:03.000Z</time></trkpt>
      <trkpt lat="35.853729" lon="127.746606"><ele>1599.4</ele><time>2016-01-23T11:56:17.000Z</time></trkpt>
      <trkpt lat="35.853773" lon="127.746601"><ele>1599.1</ele><time>2016-01-23T11:56:17.000Z</time></trkpt>
      <trkpt lat="35.853818" lon="127.746596"><ele>1598.9</ele><time>2016-01-23T11:56:17.000Z</time></trkpt>
      <trkpt lat="35.853863" lon="127.746591"><ele>1598.6</ele><time>2016-01-23T11:56:28.000Z</time></trkpt>
      <trkpt lat="35.853908" lon="127.746586"><ele>1598.3</ele><time>2016-01-23T11:56:28.000Z</time></trkpt>
      <trkpt lat="35.853952" lon="127.746581"><ele>1598.1</ele><time>2016-01-23T11:56:37.000Z</time></trkpt>
      <trkpt lat="35.853995" lon="127.746567"><ele>1597.9</ele><time>2016-01-23T11:56:37.000Z</time></trkpt>
      <trkpt lat="35.854036" lon="127.746544"><ele>1597.6</ele><time>2016-01-23T11:56:47.000Z</time></trkpt>
      <trkpt lat="35.854079" lon="127.746525"><ele>1597.4</ele><time>2016-01-23T11:56:47.000Z</time></trkpt>
      <trkpt lat="35.854122" lon="127.746511"><ele>1597.1</ele><time>2016-01-23T11:56:57.000Z</time></trkpt>
      <trkpt lat="35.854166" lon="127.746503"><ele>1596.8</ele><time>2016-01-23T11:56:57.000Z</time></trkpt>
      <trkpt lat="35.854211" lon="127.746504"><ele>1596.5</ele><time>2016-01-23T11:57:06.000Z</time></trkpt>
      <trkpt lat="35.854254" lon="127.746518"><ele>1596.2</ele><time>2016-01-23T11:57:06.000Z</time></trkpt>
      <trkpt lat="35.854296" lon="127.746537"><ele>1595.9</ele><time>2016-01-23T11:57:26.000Z</time></trkpt>
      <trkpt lat="35.854338" lon="127.746557"><ele>1595.6</ele><time>2016-01-23T11:57:26.000Z</time></trkpt>
      <trkpt lat="35.854381" lon="127.746575"><ele>1595.3</ele><time>2016-01-23T11:57:34.000Z</time></trkpt>
      <trkpt lat="35.854423" lon="127.746594"><ele>1595.1</ele><time>2016-01-23T11:57:34.000Z</time></trkpt>
      <trkpt lat="35.854465" lon="127.746613"><ele>1594.8</ele><time>2016-01-23T11:57:44.000Z</time></trkpt>
      <trkpt lat="35.854508" lon="127.746631"><ele>1594.5</ele><time>2016-01-23T11:57:44.000Z</time></trkpt>
      <trkpt lat="35.854551" lon="127.746647"><ele>1594.3</ele><time>2016-01-23T11:57:52.000Z</time></trkpt>
      <trkpt lat="35.854594" lon="127.746663"><ele>1594.1</ele><time>2016-01-23T11:57:52.000Z</time></trkpt>
      <trkpt lat="35.854638" lon="127.746673"><ele>1594.0</ele><time>2016-01-23T11:58:00.000Z</time></trkpt>
      <trkpt lat="35.854682" lon="127.746683"><ele>1593.8</ele><time>2016-01-23T11:58:00.000Z</time></trkpt>
      <trkpt lat="35.854727" lon="127.746690"><ele>1593.7</ele><time>2016-01-23T11:58:00.000Z</time></trkpt>
      <trkpt lat="35.854771" lon="127.746697"><ele>1593.7</ele><time>2016-01-23T11:58:08.000Z</time></trkpt>
      <trkpt lat="35.854815" lon="127.746711"><ele>1593.6</ele><time>2016-01-23T11:58:08.000Z</time></trkpt>
      <trkpt lat="35.854858" lon="127.746725"><ele>1593.6</ele><time>2016-01-23T11:58:15.000Z</time></trkpt>
      <trkpt lat="35.854901" lon="127.746742"><ele>1593.6</ele><time>2016-01-23T11:58:15.000Z</time></trkpt>
      <trkpt lat="35.854944" lon="127.746759"><ele>1593.6</ele><time>2016-01-23T11:58:24.000Z</time></trkpt>
      <trkpt lat="35.854987" lon="127.746775"><ele>1593.5</ele><time>2016-01-23T11:58:24.000Z</time></trkpt>
      <trkpt lat="35.855030" lon="127.746791"><ele>1593.5</ele><time>2016-01-23T11:58:36.000Z</time></trkpt>
      <trkpt lat="35.855073" lon="127.746806"><ele>1593.4</ele><time>2016-01-23T11:58:36.000Z</time></trkpt>
      <trkpt lat="35.855116" lon="127.746822"><ele>1593.3</ele><time>2016-01-23T11:58:44.000Z</time></trkpt>
      <trkpt lat="35.855160" lon="127.746838"><ele>1593.1</ele><time>2016-01-23T11:58:44.000Z</time></trkpt>
      <trkpt lat="35.855202" lon="127.746854"><ele>1592.9</ele><time>2016-01-23T11:58:58.000Z</time></trkpt>
      <trkpt lat="35.855246" lon="127.746870"><ele>1592.7</ele><time>2016-01-23T11:58:58.000Z</time></trkpt>
      <trkpt lat="35.855289" lon="127.746884"><ele>1592.5</ele><time>2016-01-23T11:59:06.000Z</time></trkpt>
      <trkpt lat="35.855333" lon="127.746896"><ele>1592.3</ele><time>2016-01-23T11:59:06.000Z</time></trkpt>
      <trkpt lat="35.855377" lon="127.746905"><ele>1592.1</ele><time>2016-01-23T11:59:15.000Z</time></trkpt>
      <trkpt lat="35.855421" lon="127.746918"><ele>1591.9</ele><time>2016-01-23T11:59:15.000Z</time></trkpt>
      <trkpt lat="35.855463" lon="127.746937"><ele>1591.7</ele><time>2016-01-23T11:59:32.000Z</time></trkpt>
      <trkpt lat="35.855505" lon="127.746956"><ele>1591.5</ele><time>2016-01-23T11:59:32.000Z</time></trkpt>
      <trkpt lat="35.855548" lon="127.746975"><ele>1591.2</ele><time>2016-01-23T11:59:40.000Z</time></trkpt>
      <trkpt lat="35.855590" lon="127.746993"><ele>1591.0</ele><time>2016-01-23T11:59:40.000Z</time></trkpt>
      <trkpt lat="35.855634" lon="127.747004"><ele>1590.8</ele><time>2016-01-23T11:59:48.000Z</time></trkpt>
      <trkpt lat="35.855678" lon="127.747007"><ele>1590.5</ele><time>2016-01-23T11:59:48.000Z</time></trkpt>
      <trkpt lat="35.855723" lon="127.747000"><ele>1590.3</ele><time>2016-01-23T11:59:53.000Z</time></trkpt>
      <trkpt lat="35.855766" lon="127.746983"><ele>1590.1</ele><time>2016-01-23T11:59:53.000Z</time></trkpt>
      <trkpt lat="35.855808" lon="127.746963"><ele>1590.0</ele><time>2016-01-23T11:59:59.000Z</time></trkpt>
      <trkpt lat="35.855848" lon="127.746939"><ele>1589.8</ele><time>2016-01-23T12:00:09.000Z</time></trkpt>
      <trkpt lat="35.855889" lon="127.746915"><ele>1589.7</ele><time>2016-01-23T12:00:09.000Z</time></trkpt>
      <trkpt lat="35.855927" lon="127.746885"><ele>1589.7</ele><time>2016-01-23T12:00:09.000Z</time></trkpt>
      <trkpt lat="35.855964" lon="127.746855"><ele>1589.6</ele><time>2016-01-23T12:00:21.000Z</time></trkpt>
      <trkpt lat="35.856002" lon="127.746824"><ele>1589.5</ele><time>2016-01-23T12:00:21.000Z</time></trkpt>
      <trkpt lat="35.856039" lon="127.746793"><ele>1589.5</ele><time>2016-01-23T12:00:30.000Z</time></trkpt>
      <trkpt lat="35.856077" lon="127.746764"><ele>1589.5</ele><time>2016-01-23T12:00:30.000Z</time></trkpt>
      <trkpt lat="35.856116" lon="127.746736"><ele>1589.4</ele><time>2016-01-23T12:00:49.000Z</time></trkpt>
      <trkpt lat="35.856157" lon="127.746715"><ele>1589.4</ele><time>2016-01-23T12:00:49.000Z</time></trkpt>
      <trkpt lat="35.856200" lon="127.746696"><ele>1589.5</ele><time>2016-01-23T12:01:08.000Z</time></trkpt>
      <trkpt lat="35.856243" lon="127.746680"><ele>1589.5</ele><time>2016-01-23T12:01:08.000Z</time></trkpt>
      <trkpt lat="35.856286" lon="127.746665"><ele>1589.5</ele><time>2016-01-23T12:01:21.000Z</time></trkpt>
      <trkpt lat="35.856330" lon="127.746652"><ele>1589.5</ele><time>2016-01-23T12:01:21.000Z</time></trkpt>
      <trkpt lat="35.856374" lon="127.746640"><ele>1589.6</ele><time>2016-01-23T12:01:31.000Z</time></trkpt>
      <trkpt lat="35.856418" lon="127.746639"><ele>1589.6</ele><time>2016-01-23T12:01:31.000Z</time></trkpt>
      <trkpt lat="35.856462" lon="127.746647"><ele>1589.6</ele><time>2016-01-23T12:01:45.000Z</time></trkpt>
      <trkpt lat="35.856505" lon="127.746662"><ele>1589.7</ele><time>2016-01-23T12:01:45.000Z</time></trkpt>
      <trkpt lat="35.856548" lon="127.746681"><ele>1589.7</ele><time>2016-01-23T12:02:03.000Z</time></trkpt>
      <trkpt lat="35.856587" lon="127.746707"><ele>1589.8</ele><time>2016-01-23T12:02:03.000Z</time></trkpt>
      <trkpt lat="35.856625" lon="127.746737"><ele>1589.9</ele><time>2016-01-23T12:02:16.000Z</time></trkpt>
      <trkpt lat="35.856665" lon="127.746761"><ele>1590.0</ele><time>2016-01-23T12:02:16.000Z</time></trkpt>
      <trkpt lat="35.856708" lon="127.746777"><ele>1590.2</ele><time>2016-01-23T12:02:25.000Z</time></trkpt>
      <trkpt lat="35.856752" lon="127.746790"><ele>1590.4</ele><time>2016-01-23T12:02:25.000Z</time></trkpt>
      <trkpt lat="35.856796" lon="127.746795"><ele>1590.5</ele><time>2016-01-23T12:02:35.000Z</time></trkpt>
      <trkpt lat="35.856841" lon="127.746796"><ele>1590.7</ele><time>2016-01-23T12:02:35.000Z</time></trkpt>
      <trkpt lat="35.856884" lon="127.746779"><ele>1591.0</ele><time>2016-01-23T12:02:47.000Z</time></trkpt>
      <trkpt lat="35.856926" lon="127.746760"><ele>1591.3</ele><time>2016-01-23T12:02:47.000Z</time></trkpt>
      <trkpt lat="35.856968" lon="127.746740"><ele>1591.7</ele><time>2016-01-23T12:02:55.000Z</time></trkpt>
      <trkpt lat="35.857010" lon="127.746722"><ele>1592.2</ele><time>2016-01-23T12:02:55.000Z</time></trkpt>
      <trkpt lat="35.857053" lon="127.746706"><ele>1592.8</ele><time>2016-01-23T12:03:05.000Z</time></trkpt>
      <trkpt lat="35.857097" lon="127.746692"><ele>1593.3</ele><time>2016-01-23T12:03:05.000Z</time></trkpt>
      <trkpt lat="35.857140" lon="127.746677"><ele>1593.9</ele><time>2016-01-23T12:03:15.000Z</time></trkpt>
      <trkpt lat="35.857182" lon="127.746658"><ele>1594.5</ele><time>2016-01-23T12:03:56.000Z</time></trkpt>
      <trkpt lat="35.857224" lon="127.746637"><ele>1595.2</ele><time>2016-01-23T12:03:56.000Z</time></trkpt>
      <trkpt lat="35.857262" lon="127.746607"><ele>1595.9</ele><time>2016-01-23T12:04:22.000Z</time></trkpt>
      <trkpt lat="35.857300" lon="127.746578"><ele>1596.7</ele><time>2016-01-23T12:04:22.000Z</time></trkpt>
      <trkpt lat="35.857339" lon="127.746550"><ele>1597.3</ele><time>2016-01-23T12:04:33.000Z</time></trkpt>
      <trkpt lat="35.857378" lon="127.746522"><ele>1598.0</ele><time>2016-01-23T12:04:33.000Z</time></trkpt>
      <trkpt lat="35.857420" lon="127.746502"><ele>1598.6</ele><time>2016-01-23T12:04:33.000Z</time></trkpt>
      <trkpt lat="35.857462" lon="127.746483"><ele>1599.1</ele><time>2016-01-23T12:04:45.000Z</time></trkpt>
      <trkpt lat="35.857507" lon="127.746481"><ele>1599.6</ele><time>2016-01-23T12:04:45.000Z</time></trkpt>
      <trkpt lat="35.857552" lon="127.746480"><ele>1600.1</ele><time>2016-01-23T12:05:05.000Z</time></trkpt>
      <trkpt lat="35.857595" lon="127.746493"><ele>1600.5</ele><time>2016-01-23T12:05:05.000Z</time></trkpt>
      <trkpt lat="35.857639" lon="127.746507"><ele>1600.8</ele><time>2016-01-23T12:05:17.000Z</time></trkpt>
      <trkpt lat="35.857681" lon="127.746526"><ele>1601.2</ele><time>2016-01-23T12:05:17.000Z</time></trkpt>
      <trkpt lat="35.857723" lon="127.746546"><ele>1601.4</ele><time>2016-01-23T12:05:27.000Z</time></trkpt>
      <trkpt lat="35.857765" lon="127.746564"><ele>1601.7</ele><time>2016-01-23T12:05:27.000Z</time></trkpt>
      <trkpt lat="35.857808" lon="127.746581"><ele>1601.9</ele><time>2016-01-23T12:05:42.000Z</time></trkpt>
      <trkpt lat="35.857851" lon="127.746597"><ele>1602.1</ele><time>2016-01-23T12:05:42.000Z</time></trkpt>
      <trkpt lat="35.857895" lon="127.746611"><ele>1602.2</ele><time>2016-01-23T12:05:57.000Z</time></trkpt>
      <trkpt lat="35.857939" lon="127.746621"><ele>1602.3</ele><time>2016-01-23T12:05:57.000Z</time></trkpt>
      <trkpt lat="35.857983" lon="127.746629"><ele>1602.4</ele><time>2016-01-23T12:06:05.000Z</time></trkpt>
      <trkpt lat="35.858028" lon="127.746635"><ele>1602.5</ele><time>2016-01-23T12:06:05.000Z</time></trkpt>
      <trkpt lat="35.858073" lon="127.746641"><ele>1602.6</ele><time>2016-01-23T12:06:14.000Z</time></trkpt>
      <trkpt lat="35.858117" lon="127.746648"><ele>1602.6</ele><time>2016-01-23T12:06:14.000Z</time></trkpt>
      <trkpt lat="35.858162" lon="127.746658"><ele>1602.6</ele><time>2016-01-23T12:06:24.000Z</time></trkpt>
      <trkpt lat="35.858206" lon="127.746668"><ele>1602.6</ele><time>2016-01-23T12:06:24.000Z</time></trkpt>
      <trkpt lat="35.858250" lon="127.746675"><ele>1602.6</ele><time>2016-01-23T12:06:34.000Z</time></trkpt>
      <trkpt lat="35.858295" lon="127.746685"><ele>1602.6</ele><time>2016-01-23T12:06:34.000Z</time></trkpt>
      <trkpt lat="35.858338" lon="127.746701"><ele>1602.6</ele><time>2016-01-23T12:06:47.000Z</time></trkpt>
      <trkpt lat="35.858381" lon="127.746715"><ele>1602.6</ele><time>2016-01-23T12:06:47.000Z</time></trkpt>
      <trkpt lat="35.858426" lon="127.746718"><ele>1602.5</ele><time>2016-01-23T12:07:18.000Z</time></trkpt>
      <trkpt lat="35.858471" lon="127.746723"><ele>1602.4</ele><time>2016-01-23T12:07:18.000Z</time></trkpt>
      <trkpt lat="35.858514" lon="127.746738"><ele>1601.9</ele><time>2016-01-23T12:10:42.000Z</time></trkpt>
      <trkpt lat="35.858557" lon="127.746752"><ele>1601.3</ele><time>2016-01-23T12:10:42.000Z</time></trkpt>
      <trkpt lat="35.858602" lon="127.746757"><ele>1600.6</ele><time>2016-01-23T12:10:54.000Z</time></trkpt>
      <trkpt lat="35.858647" lon="127.746764"><ele>1600.0</ele><time>2016-01-23T12:10:54.000Z</time></trkpt>
      <trkpt lat="35.858691" lon="127.746774"><ele>1599.9</ele><time>2016-01-23T12:12:18.000Z</time></trkpt>
      <trkpt lat="35.858735" lon="127.746768"><ele>1599.9</ele><time>2016-01-23T12:12:18.000Z</time></trkpt>
      <trkpt lat="35.858779" lon="127.746755"><ele>1599.8</ele><time>2016-01-23T12:12:18.000Z</time></trkpt>
      <trkpt lat="35.858822" lon="127.746743"><ele>1599.8</ele><time>2016-01-23T12:12:18.000Z</time></trkpt>
      <trkpt lat="35.858866" lon="127.746730"><ele>1599.8</ele><time>2016-01-23T12:17:48.000Z</time></trkpt>
      <trkpt lat="35.858910" lon="127.746718"><ele>1599.8</ele><time>2016-01-23T12:17:48.000Z</time></trkpt>
      <trkpt lat="35.858954" lon="127.746705"><ele>1599.7</ele><time>2016-01-23T12:17:48.000Z</time></trkpt>
      <trkpt lat="35.858997" lon="127.746689"><ele>1599.6</ele><time>2016-01-23T12:17:48.000Z</time></trkpt>
      <trkpt lat="35.859039" lon="127.746671"><ele>1599.5</ele><time>2016-01-23T12:18:37.000Z</time></trkpt>
      <trkpt lat="35.859081" lon="127.746650"><ele>1599.6</ele><time>2016-01-23T12:18:37.000Z</time></trkpt>
      <trkpt lat="35.859121" lon="127.746625"><ele>1600.0</ele><time>2016-01-23T12:18:47.000Z</time></trkpt>
      <trkpt lat="35.859159" lon="127.746596"><ele>1600.4</ele><time>2016-01-23T12:18:47.000Z</time></trkpt>
      <trkpt lat="35.859194" lon="127.746562"><ele>1601.0</ele><time>2016-01-23T12:19:24.000Z</time></trkpt>
      <trkpt lat="35.859230" lon="127.746527"><ele>1601.3</ele><time>2016-01-23T12:19:24.000Z</time></trkpt>
      <trkpt lat="35.859264" lon="127.746492"><ele>1601.3</ele><time>2016-01-23T12:20:13.000Z</time></trkpt>
      <trkpt lat="35.859299" lon="127.746456"><ele>1601.3</ele><time>2016-01-23T12:20:13.000Z</time></trkpt>
      <trkpt lat="35.859334" lon="127.746421"><ele>1601.3</ele><time>2016-01-23T12:20:25.000Z</time></trkpt>
      <trkpt lat="35.859369" lon="127.746386"><ele>1601.4</ele><time>2016-01-23T12:20:25.000Z</time></trkpt>
      <trkpt lat="35.859403" lon="127.746350"><ele>1601.7</ele><time>2016-01-23T12:20:41.000Z</time></trkpt>
      <trkpt lat="35.859438" lon="127.746317"><ele>1602.0</ele><time>2016-01-23T12:20:41.000Z</time></trkpt>
      <trkpt lat="35.859480" lon="127.746297"><ele>1602.6</ele><time>2016-01-23T12:21:05.000Z</time></trkpt>
      <trkpt lat="35.859523" lon="127.746281"><ele>1603.2</ele><time>2016-01-23T12:21:05.000Z</time></trkpt>
      <trkpt lat="35.859568" lon="127.746274"><ele>1603.9</ele><time>2016-01-23T12:21:17.000Z</time></trkpt>
      <trkpt lat="35.859612" lon="127.746271"><ele>1604.7</ele><time>2016-01-23T12:21:17.000Z</time></trkpt>
      <trkpt lat="35.859657" lon="127.746280"><ele>1605.7</ele><time>2016-01-23T12:21:31.000Z</time></trkpt>
      <trkpt lat="35.859700" lon="127.746292"><ele>1606.7</ele><time>2016-01-23T12:21:31.000Z</time></trkpt>
      <trkpt lat="35.859740" lon="127.746317"><ele>1608.1</ele><time>2016-01-23T12:22:13.000Z</time></trkpt>
      <trkpt lat="35.859779" lon="127.746345"><ele>1609.4</ele><time>2016-01-23T12:22:13.000Z</time></trkpt>
      <trkpt lat="35.859810" lon="127.746385"><ele>1611.0</ele><time>2016-01-23T12:22:24.000Z</time></trkpt>
      <trkpt lat="35.859836" lon="127.746428"><ele>1612.6</ele><time>2016-01-23T12:22:24.000Z</time></trkpt>
      <trkpt lat="35.859848" lon="127.746482"><ele>1614.2</ele><time>2016-01-23T12:23:43.000Z</time></trkpt>
      <trkpt lat="35.859857" lon="127.746536"><ele>1615.9</ele><time>2016-01-23T12:23:43.000Z</time></trkpt>
      <trkpt lat="35.859860" lon="127.746591"><ele>1617.6</ele><time>2016-01-23T12:24:01.000Z</time></trkpt>
      <trkpt lat="35.859856" lon="127.746646"><ele>1619.1</ele><time>2016-01-23T12:24:01.000Z</time></trkpt>
      <trkpt lat="35.859844" lon="127.746699"><ele>1620.6</ele><time>2016-01-23T12:24:12.000Z</time></trkpt>
      <trkpt lat="35.859833" lon="127.746753"><ele>1621.9</ele><time>2016-01-23T12:24:12.000Z</time></trkpt>
      <trkpt lat="35.859821" lon="127.746807"><ele>1623.0</ele><time>2016-01-23T12:24:26.000Z</time></trkpt>
      <trkpt lat="35.859808" lon="127.746860"><ele>1624.0</ele><time>2016-01-23T12:24:26.000Z</time></trkpt>
      <trkpt lat="35.859795" lon="127.746913"><ele>1624.7</ele><time>2016-01-23T12:24:42.000Z</time></trkpt>
      <trkpt lat="35.859785" lon="127.746967"><ele>1625.2</ele><time>2016-01-23T12:24:42.000Z</time></trkpt>
      <trkpt lat="35.859777" lon="127.747022"><ele>1625.6</ele><time>2016-01-23T12:24:57.000Z</time></trkpt>
      <trkpt lat="35.859770" lon="127.747076"><ele>1625.8</ele><time>2016-01-23T12:24:57.000Z</time></trkpt>
      <trkpt lat="35.859765" lon="127.747131"><ele>1625.9</ele><time>2016-01-23T12:25:08.000Z</time></trkpt>
      <trkpt lat="35.859756" lon="127.747186"><ele>1625.9</ele><time>2016-01-23T12:25:08.000Z</time></trkpt>
      <trkpt lat="35.859744" lon="127.747239"><ele>1625.9</ele><time>2016-01-23T12:25:18.000Z</time></trkpt>
      <trkpt lat="35.859731" lon="127.747292"><ele>1625.8</ele><time>2016-01-23T12:25:18.000Z</time></trkpt>
      <trkpt lat="35.859717" lon="127.747345"><ele>1625.8</ele><time>2016-01-23T12:26:02.000Z</time></trkpt>
      <trkpt lat="35.859705" lon="127.747398"><ele>1625.8</ele><time>2016-01-23T12:26:02.000Z</time></trkpt>
      <trkpt lat="35.859694" lon="127.747452"><ele>1625.8</ele><time>2016-01-23T12:26:16.000Z</time></trkpt>
      <trkpt lat="35.859684" lon="127.747506"><ele>1625.8</ele><time>2016-01-23T12:26:16.000Z</time></trkpt>
      <trkpt lat="35.859675" lon="127.747561"><ele>1625.8</ele><time>2016-01-23T12:26:27.000Z</time></trkpt>
      <trkpt lat="35.859661" lon="127.747613"><ele>1625.6</ele><time>2016-01-23T12:26:27.000Z</time></trkpt>
      <trkpt lat="35.859644" lon="127.747665"><ele>1625.5</ele><time>2016-01-23T12:26:36.000Z</time></trkpt>
      <trkpt lat="35.859627" lon="127.747716"><ele>1625.1</ele><time>2016-01-23T12:26:36.000Z</time></trkpt>
      <trkpt lat="35.859611" lon="127.747768"><ele>1624.8</ele><time>2016-01-23T12:26:56.000Z</time></trkpt>
      <trkpt lat="35.859605" lon="127.747823"><ele>1624.3</ele><time>2016-01-23T12:27:14.000Z</time></trkpt>
      <trkpt lat="35.859599" lon="127.747877"><ele>1623.7</ele><time>2016-01-23T12:27:14.000Z</time></trkpt>
      <trkpt lat="35.859592" lon="127.747932"><ele>1622.8</ele><time>2016-01-23T12:27:28.000Z</time></trkpt>
      <trkpt lat="35.859575" lon="127.747983"><ele>1621.6</ele><time>2016-01-23T12:27:28.000Z</time></trkpt>
      <trkpt lat="35.859549" lon="127.748028"><ele>1620.1</ele><time>2016-01-23T12:27:48.000Z</time></trkpt>
      <trkpt lat="35.859519" lon="127.748068"><ele>1618.5</ele><time>2016-01-23T12:28:04.000Z</time></trkpt>
      <trkpt lat="35.859495" lon="127.748114"><ele>1616.6</ele><time>2016-01-23T12:28:04.000Z</time></trkpt>
      <trkpt lat="35.859482" lon="127.748166"><ele>1614.5</ele><time>2016-01-23T12:28:17.000Z</time></trkpt>
      <trkpt lat="35.859488" lon="127.748221"><ele>1612.5</ele><time>2016-01-23T12:28:39.000Z</time></trkpt>
      <trkpt lat="35.859500" lon="127.748274"><ele>1610.6</ele><time>2016-01-23T12:28:39.000Z</time></trkpt>
      <trkpt lat="35.859519" lon="127.748325"><ele>1608.7</ele><time>2016-01-23T12:29:00.000Z</time></trkpt>
      <trkpt lat="35.859532" lon="127.748377"><ele>1606.8</ele><time>2016-01-23T12:29:00.000Z</time></trkpt>
      <trkpt lat="35.859541" lon="127.748432"><ele>1604.9</ele><time>2016-01-23T12:29:09.000Z</time></trkpt>
      <trkpt lat="35.859547" lon="127.748487"><ele>1603.0</ele><time>2016-01-23T12:29:09.000Z</time></trkpt>
      <trkpt lat="35.859550" lon="127.748542"><ele>1601.1</ele><time>2016-01-23T12:29:21.000Z</time></trkpt>
      <trkpt lat="35.859549" lon="127.748597"><ele>1599.1</ele><time>2016-01-23T12:29:21.000Z</time></trkpt>
      <trkpt lat="35.859543" lon="127.748652"><ele>1597.1</ele><time>2016-01-23T12:29:50.000Z</time></trkpt>
      <trkpt lat="35.859541" lon="127.748708"><ele>1595.1</ele><time>2016-01-23T12:29:50.000Z</time></trkpt>
      <trkpt lat="35.859542" lon="127.748763"><ele>1593.0</ele><time>2016-01-23T12:30:01.000Z</time></trkpt>
      <trkpt lat="35.859538" lon="127.748818"><ele>1590.9</ele><time>2016-01-23T12:30:01.000Z</time></trkpt>
      <trkpt lat="35.859532" lon="127.748873"><ele>1588.7</ele><time>2016-01-23T12:30:10.000Z</time></trkpt>
      <trkpt lat="35.859528" lon="127.748928"><ele>1586.6</ele><time>2016-01-23T12:30:10.000Z</time></trkpt>
      <trkpt lat="35.859525" lon="127.748984"><ele>1584.6</ele><time>2016-01-23T12:30:25.000Z</time></trkpt>
      <trkpt lat="35.859523" lon="127.749039"><ele>1582.6</ele><time>2016-01-23T12:30:25.000Z</time></trkpt>
      <trkpt lat="35.859521" lon="127.749095"><ele>1580.7</ele><time>2016-01-23T12:30:35.000Z</time></trkpt>
      <trkpt lat="35.859515" lon="127.749149"><ele>1578.8</ele><time>2016-01-23T12:30:35.000Z</time></trkpt>
      <trkpt lat="35.859507" lon="127.749204"><ele>1576.8</ele><time>2016-01-23T12:30:45.000Z</time></trkpt>
      <trkpt lat="35.859496" lon="127.749258"><ele>1574.9</ele><time>2016-01-23T12:30:45.000Z</time></trkpt>
      <trkpt lat="35.859484" lon="127.749311"><ele>1572.9</ele><time>2016-01-23T12:30:57.000Z</time></trkpt>
      <trkpt lat="35.859470" lon="127.749364"><ele>1570.8</ele><time>2016-01-23T12:30:57.000Z</time></trkpt>
      <trkpt lat="35.859457" lon="127.749417"><ele>1568.7</ele><time>2016-01-23T12:31:14.000Z</time></trkpt>
      <trkpt lat="35.859451" lon="127.749472"><ele>1566.9</ele><time>2016-01-23T12:31:31.000Z</time></trkpt>
      <trkpt lat="35.859446" lon="127.749527"><ele>1565.0</ele><time>2016-01-23T12:31:31.000Z</time></trkpt>
      <trkpt lat="35.859443" lon="127.749582"><ele>1563.3</ele><time>2016-01-23T12:31:44.000Z</time></trkpt>
      <trkpt lat="35.859441" lon="127.749638"><ele>1561.6</ele><time>2016-01-23T12:31:44.000Z</time></trkpt>
      <trkpt lat="35.859433" lon="127.749693"><ele>1560.0</ele><time>2016-01-23T12:31:59.000Z</time></trkpt>
      <trkpt lat="35.859426" lon="127.749747"><ele>1558.4</ele><time>2016-01-23T12:31:59.000Z</time></trkpt>
      <trkpt lat="35.859414" lon="127.749801"><ele>1556.6</ele><time>2016-01-23T12:31:59.000Z</time></trkpt>
      <trkpt lat="35.859401" lon="127.749854"><ele>1554.8</ele><time>2016-01-23T12:32:14.000Z</time></trkpt>
      <trkpt lat="35.859386" lon="127.749906"><ele>1553.1</ele><time>2016-01-23T12:32:30.000Z</time></trkpt>
      <trkpt lat="35.859371" lon="127.749958"><ele>1551.5</ele><time>2016-01-23T12:32:30.000Z</time></trkpt>
      <trkpt lat="35.859351" lon="127.750008"><ele>1549.8</ele><time>2016-01-23T12:32:53.000Z</time></trkpt>
      <trkpt lat="35.859330" lon="127.750057"><ele>1548.2</ele><time>2016-01-23T12:32:53.000Z</time></trkpt>
      <trkpt lat="35.859308" lon="127.750106"><ele>1546.4</ele><time>2016-01-23T12:33:15.000Z</time></trkpt>
      <trkpt lat="35.859286" lon="127.750154"><ele>1544.7</ele><time>2016-01-23T12:33:15.000Z</time></trkpt>
      <trkpt lat="35.859262" lon="127.750201"><ele>1543.0</ele><time>2016-01-23T12:33:31.000Z</time></trkpt>
      <trkpt lat="35.859240" lon="127.750249"><ele>1541.3</ele><time>2016-01-23T12:33:31.000Z</time></trkpt>
      <trkpt lat="35.859222" lon="127.750300"><ele>1539.8</ele><time>2016-01-23T12:33:47.000Z</time></trkpt>
      <trkpt lat="35.859210" lon="127.750353"><ele>1538.3</ele><time>2016-01-23T12:33:47.000Z</time></trkpt>
      <trkpt lat="35.859205" lon="127.750408"><ele>1536.9</ele><time>2016-01-23T12:33:58.000Z</time></trkpt>
      <trkpt lat="35.859198" lon="127.750463"><ele>1535.4</ele><time>2016-01-23T12:33:58.000Z</time></trkpt>
      <trkpt lat="35.859191" lon="127.750518"><ele>1534.1</ele><time>2016-01-23T12:34:11.000Z</time></trkpt>
      <trkpt lat="35.859191" lon="127.750573"><ele>1532.7</ele><time>2016-01-23T12:34:11.000Z</time></trkpt>
      <trkpt lat="35.859193" lon="127.750629"><ele>1531.3</ele><time>2016-01-23T12:34:25.000Z</time></trkpt>
      <trkpt lat="35.859193" lon="127.750684"><ele>1529.9</ele><time>2016-01-23T12:34:25.000Z</time></trkpt>
      <trkpt lat="35.859193" lon="127.750739"><ele>1528.5</ele><time>2016-01-23T12:34:37.000Z</time></trkpt>
      <trkpt lat="35.859204" lon="127.750793"><ele>1526.9</ele><time>2016-01-23T12:34:50.000Z</time></trkpt>
      <trkpt lat="35.859215" lon="127.750847"><ele>1525.4</ele><time>2016-01-23T12:34:50.000Z</time></trkpt>
      <trkpt lat="35.859227" lon="127.750901"><ele>1523.8</ele><time>2016-01-23T12:35:05.000Z</time></trkpt>
      <trkpt lat="35.859239" lon="127.750954"><ele>1522.2</ele><time>2016-01-23T12:35:05.000Z</time></trkpt>
      <trkpt lat="35.859254" lon="127.751006"><ele>1520.6</ele><time>2016-01-23T12:35:13.000Z</time></trkpt>
      <trkpt lat="35.859270" lon="127.751058"><ele>1519.0</ele><time>2016-01-23T12:35:13.000Z</time></trkpt>
      <trkpt lat="35.859278" lon="127.751113"><ele>1517.2</ele><time>2016-01-23T12:35:33.000Z</time></trkpt>
      <trkpt lat="35.859284" lon="127.751168"><ele>1515.4</ele><time>2016-01-23T12:35:33.000Z</time></trkpt>
      <trkpt lat="35.859288" lon="127.751223"><ele>1513.6</ele><time>2016-01-23T12:36:02.000Z</time></trkpt>
      <trkpt lat="35.859295" lon="127.751278"><ele>1511.9</ele><time>2016-01-23T12:36:02.000Z</time></trkpt>
      <trkpt lat="35.859303" lon="127.751332"><ele>1510.2</ele><time>2016-01-23T12:36:25.000Z</time></trkpt>
      <trkpt lat="35.859312" lon="127.751387"><ele>1508.6</ele><time>2016-01-23T12:36:25.000Z</time></trkpt>
      <trkpt lat="35.859322" lon="127.751441"><ele>1507.0</ele><time>2016-01-23T12:36:35.000Z</time></trkpt>
      <trkpt lat="35.859329" lon="127.751496"><ele>1505.3</ele><time>2016-01-23T12:36:35.000Z</time></trkpt>
      <trkpt lat="35.859336" lon="127.751550"><ele>1503.6</ele><time>2016-01-23T12:37:01.000Z</time></trkpt>
      <trkpt lat="35.859336" lon="127.751606"><ele>1502.0</ele><time>2016-01-23T12:37:01.000Z</time></trkpt>
      <trkpt lat="35.859336" lon="127.751661"><ele>1500.3</ele><time>2016-01-23T12:37:14.000Z</time></trkpt>
      <trkpt lat="35.859335" lon="127.751717"><ele>1498.8</ele><time>2016-01-23T12:37:30.000Z</time></trkpt>
      <trkpt lat="35.859335" lon="127.751772"><ele>1497.3</ele><time>2016-01-23T12:37:30.000Z</time></trkpt>
      <trkpt lat="35.859332" lon="127.751828"><ele>1495.8</ele><time>2016-01-23T12:37:46.000Z</time></trkpt>
      <trkpt lat="35.859330" lon="127.751883"><ele>1494.3</ele><time>2016-01-23T12:37:46.000Z</time></trkpt>
      <trkpt lat="35.859321" lon="127.751938"><ele>1492.7</ele><time>2016-01-23T12:38:09.000Z</time></trkpt>
      <trkpt lat="35.859312" lon="127.751992"><ele>1491.1</ele><time>2016-01-23T12:38:09.000Z</time></trkpt>
      <trkpt lat="35.859308" lon="127.752047"><ele>1489.6</ele><time>2016-01-23T12:38:33.000Z</time></trkpt>
      <trkpt lat="35.859305" lon="127.752102"><ele>1487.9</ele><time>2016-01-23T12:38:33.000Z</time></trkpt>
      <trkpt lat="35.859310" lon="127.752157"><ele>1486.1</ele><time>2016-01-23T12:38:51.000Z</time></trkpt>
      <trkpt lat="35.859326" lon="127.752208"><ele>1484.5</ele><time>2016-01-23T12:38:51.000Z</time></trkpt>
      <trkpt lat="35.859349" lon="127.752256"><ele>1482.9</ele><time>2016-01-23T12:39:06.000Z</time></trkpt>
      <trkpt lat="35.859375" lon="127.752301"><ele>1481.3</ele><time>2016-01-23T12:39:06.000Z</time></trkpt>
      <trkpt lat="35.859403" lon="127.752345"><ele>1479.8</ele><time>2016-01-23T12:39:24.000Z</time></trkpt>
      <trkpt lat="35.859435" lon="127.752383"><ele>1477.9</ele><time>2016-01-23T12:39:46.000Z</time></trkpt>
      <trkpt lat="35.859468" lon="127.752421"><ele>1476.1</ele><time>2016-01-23T12:39:46.000Z</time></trkpt>
      <trkpt lat="35.859499" lon="127.752461"><ele>1474.4</ele><time>2016-01-23T12:39:59.000Z</time></trkpt>
      <trkpt lat="35.859531" lon="127.752500"><ele>1472.7</ele><time>2016-01-23T12:39:59.000Z</time></trkpt>
      <trkpt lat="35.859563" lon="127.752539"><ele>1471.1</ele><time>2016-01-23T12:40:17.000Z</time></trkpt>
      <trkpt lat="35.859595" lon="127.752578"><ele>1469.5</ele><time>2016-01-23T12:40:17.000Z</time></trkpt>
      <trkpt lat="35.859627" lon="127.752617"><ele>1467.9</ele><time>2016-01-23T12:40:39.000Z</time></trkpt>
      <trkpt lat="35.859659" lon="127.752656"><ele>1466.3</ele><time>2016-01-23T12:40:39.000Z</time></trkpt>
      <trkpt lat="35.859691" lon="127.752695"><ele>1464.6</ele><time>2016-01-23T12:40:57.000Z</time></trkpt>
      <trkpt lat="35.859723" lon="127.752734"><ele>1462.9</ele><time>2016-01-23T12:40:57.000Z</time></trkpt>
      <trkpt lat="35.859755" lon="127.752772"><ele>1461.2</ele><time>2016-01-23T12:41:06.000Z</time></trkpt>
      <trkpt lat="35.859788" lon="127.752810"><ele>1459.5</ele><time>2016-01-23T12:41:06.000Z</time></trkpt>
      <trkpt lat="35.859821" lon="127.752849"><ele>1457.8</ele><time>2016-01-23T12:41:22.000Z</time></trkpt>
      <trkpt lat="35.859853" lon="127.752887"><ele>1456.1</ele><time>2016-01-23T12:41:22.000Z</time></trkpt>
      <trkpt lat="35.859887" lon="127.752923"><ele>1454.3</ele><time>2016-01-23T12:41:40.000Z</time></trkpt>
      <trkpt lat="35.859922" lon="127.752959"><ele>1452.5</ele><time>2016-01-23T12:41:40.000Z</time></trkpt>
      <trkpt lat="35.859956" lon="127.752995"><ele>1450.8</ele><time>2016-01-23T12:41:50.000Z</time></trkpt>
      <trkpt lat="35.859991" lon="127.753029"><ele>1449.1</ele><time>2016-01-23T12:41:50.000Z</time></trkpt>
      <trkpt lat="35.860030" lon="127.753056"><ele>1447.4</ele><time>2016-01-23T12:42:04.000Z</time></trkpt>
      <trkpt lat="35.860069" lon="127.753084"><ele>1445.6</ele><time>2016-01-23T12:42:04.000Z</time></trkpt>
      <trkpt lat="35.860108" lon="127.753112"><ele>1443.9</ele><time>2016-01-23T12:42:23.000Z</time></trkpt>
      <trkpt lat="35.860147" lon="127.753139"><ele>1442.1</ele><time>2016-01-23T12:42:23.000Z</time></trkpt>
      <trkpt lat="35.860187" lon="127.753165"><ele>1440.4</ele><time>2016-01-23T12:42:34.000Z</time></trkpt>
      <trkpt lat="35.860225" lon="127.753194"><ele>1438.8</ele><time>2016-01-23T12:42:34.000Z</time></trkpt>
      <trkpt lat="35.860261" lon="127.753228"><ele>1437.2</ele><time>2016-01-23T12:42:49.000Z</time></trkpt>
      <trkpt lat="35.860295" lon="127.753263"><ele>1435.6</ele><time>2016-01-23T12:42:49.000Z</time></trkpt>
      <trkpt lat="35.860329" lon="127.753301"><ele>1434.1</ele><time>2016-01-23T12:43:08.000Z</time></trkpt>
      <trkpt lat="35.860362" lon="127.753338"><ele>1432.6</ele><time>2016-01-23T12:43:08.000Z</time></trkpt>
      <trkpt lat="35.860397" lon="127.753373"><ele>1431.1</ele><time>2016-01-23T12:43:20.000Z</time></trkpt>
      <trkpt lat="35.860431" lon="127.753409"><ele>1429.7</ele><time>2016-01-23T12:43:20.000Z</time></trkpt>
      <trkpt lat="35.860464" lon="127.753447"><ele>1428.3</ele><time>2016-01-23T12:43:36.000Z</time></trkpt>
      <trkpt lat="35.860498" lon="127.753484"><ele>1427.0</ele><time>2016-01-23T12:43:36.000Z</time></trkpt>
      <trkpt lat="35.860532" lon="127.753519"><ele>1425.7</ele><time>2016-01-23T12:43:46.000Z</time></trkpt>
      <trkpt lat="35.860566" lon="127.753556"><ele>1424.5</ele><time>2016-01-23T12:43:46.000Z</time></trkpt>
      <trkpt lat="35.860593" lon="127.753600"><ele>1423.2</ele><time>2016-01-23T12:45:12.000Z</time></trkpt>
      <trkpt lat="35.860619" lon="127.753645"><ele>1422.0</ele><time>2016-01-23T12:45:12.000Z</time></trkpt>
      <trkpt lat="35.860641" lon="127.753693"><ele>1420.7</ele><time>2016-01-23T12:45:32.000Z</time></trkpt>
      <trkpt lat="35.860663" lon="127.753742"><ele>1419.5</ele><time>2016-01-23T12:45:32.000Z</time></trkpt>
      <trkpt lat="35.860675" lon="127.753795"><ele>1418.2</ele><time>2016-01-23T12:46:11.000Z</time></trkpt>
      <trkpt lat="35.860687" lon="127.753849"><ele>1416.9</ele><time>2016-01-23T12:46:11.000Z</time></trkpt>
      <trkpt lat="35.860698" lon="127.753902"><ele>1415.7</ele><time>2016-01-23T12:46:24.000Z</time></trkpt>
      <trkpt lat="35.860710" lon="127.753956"><ele>1414.4</ele><time>2016-01-23T12:46:24.000Z</time></trkpt>
      <trkpt lat="35.860722" lon="127.754009"><ele>1413.1</ele><time>2016-01-23T12:46:45.000Z</time></trkpt>
      <trkpt lat="35.860736" lon="127.754062"><ele>1411.7</ele><time>2016-01-23T12:46:45.000Z</time></trkpt>
      <trkpt lat="35.860755" lon="127.754113"><ele>1410.4</ele><time>2016-01-23T12:46:56.000Z</time></trkpt>
      <trkpt lat="35.860774" lon="127.754163"><ele>1409.1</ele><time>2016-01-23T12:46:56.000Z</time></trkpt>
      <trkpt lat="35.860795" lon="127.754212"><ele>1407.7</ele><time>2016-01-23T12:47:09.000Z</time></trkpt>
      <trkpt lat="35.860815" lon="127.754261"><ele>1406.4</ele><time>2016-01-23T12:47:09.000Z</time></trkpt>
      <trkpt lat="35.860835" lon="127.754311"><ele>1405.0</ele><time>2016-01-23T12:47:22.000Z</time></trkpt>
      <trkpt lat="35.860855" lon="127.754361"><ele>1403.6</ele><time>2016-01-23T12:47:22.000Z</time></trkpt>
      <trkpt lat="35.860872" lon="127.754412"><ele>1402.0</ele><time>2016-01-23T12:47:50.000Z</time></trkpt>
      <trkpt lat="35.860889" lon="127.754463"><ele>1400.5</ele><time>2016-01-23T12:47:50.000Z</time></trkpt>
      <trkpt lat="35.860905" lon="127.754515"><ele>1399.0</ele><time>2016-01-23T12:48:15.000Z</time></trkpt>
      <trkpt lat="35.860919" lon="127.754568"><ele>1397.4</ele><time>2016-01-23T12:48:15.000Z</time></trkpt>
      <trkpt lat="35.860928" lon="127.754622"><ele>1395.7</ele><time>2016-01-23T12:48:30.000Z</time></trkpt>
      <trkpt lat="35.860933" lon="127.754677"><ele>1394.1</ele><time>2016-01-23T12:48:30.000Z</time></trkpt>
      <trkpt lat="35.860934" lon="127.754733"><ele>1392.5</ele><time>2016-01-23T12:48:50.000Z</time></trkpt>
      <trkpt lat="35.860937" lon="127.754788"><ele>1391.0</ele><time>2016-01-23T12:48:50.000Z</time></trkpt>
      <trkpt lat="35.860943" lon="127.754843"><ele>1389.5</ele><time>2016-01-23T12:49:09.000Z</time></trkpt>
      <trkpt lat="35.860952" lon="127.754897"><ele>1388.0</ele><time>2016-01-23T12:49:09.000Z</time></trkpt>
      <trkpt lat="35.860963" lon="127.754951"><ele>1386.5</ele><time>2016-01-23T12:49:25.000Z</time></trkpt>
      <trkpt lat="35.860974" lon="127.755005"><ele>1385.0</ele><time>2016-01-23T12:49:25.000Z</time></trkpt>
      <trkpt lat="35.860984" lon="127.755059"><ele>1383.5</ele><time>2016-01-23T12:49:54.000Z</time></trkpt>
      <trkpt lat="35.860988" lon="127.755114"><ele>1382.1</ele><time>2016-01-23T12:49:54.000Z</time></trkpt>
      <trkpt lat="35.860992" lon="127.755169"><ele>1380.8</ele><time>2016-01-23T12:50:12.000Z</time></trkpt>
      <trkpt lat="35.860996" lon="127.755225"><ele>1379.5</ele><time>2016-01-23T12:50:12.000Z</time></trkpt>
      <trkpt lat="35.861000" lon="127.755280"><ele>1378.3</ele><time>2016-01-23T12:50:27.000Z</time></trkpt>
      <trkpt lat="35.861017" lon="127.755331"><ele>1376.8</ele><time>2016-01-23T12:50:27.000Z</time></trkpt>
      <trkpt lat="35.861035" lon="127.755382"><ele>1375.3</ele><time>2016-01-23T12:50:37.000Z</time></trkpt>
      <trkpt lat="35.861052" lon="127.755433"><ele>1373.9</ele><time>2016-01-23T12:50:37.000Z</time></trkpt>
      <trkpt lat="35.861070" lon="127.755484"><ele>1372.4</ele><time>2016-01-23T12:50:45.000Z</time></trkpt>
      <trkpt lat="35.861086" lon="127.755536"><ele>1370.9</ele><time>2016-01-23T12:50:54.000Z</time></trkpt>
      <trkpt lat="35.861102" lon="127.755588"><ele>1369.4</ele><time>2016-01-23T12:50:54.000Z</time></trkpt>
      <trkpt lat="35.861101" lon="127.755643"><ele>1367.9</ele><time>2016-01-23T12:51:19.000Z</time></trkpt>
      <trkpt lat="35.861099" lon="127.755698"><ele>1366.3</ele><time>2016-01-23T12:51:19.000Z</time></trkpt>
      <trkpt lat="35.861090" lon="127.755753"><ele>1364.6</ele><time>2016-01-23T12:51:47.000Z</time></trkpt>
      <trkpt lat="35.861079" lon="127.755806"><ele>1362.9</ele><time>2016-01-23T12:51:47.000Z</time></trkpt>
      <trkpt lat="35.861064" lon="127.755859"><ele>1361.4</ele><time>2016-01-23T12:52:20.000Z</time></trkpt>
      <trkpt lat="35.861049" lon="127.755911"><ele>1359.8</ele><time>2016-01-23T12:52:20.000Z</time></trkpt>
      <trkpt lat="35.861035" lon="127.755964"><ele>1358.3</ele><time>2016-01-23T12:52:44.000Z</time></trkpt>
      <trkpt lat="35.861036" lon="127.756019"><ele>1356.8</ele><time>2016-01-23T12:53:12.000Z</time></trkpt>
      <trkpt lat="35.861040" lon="127.756074"><ele>1355.3</ele><time>2016-01-23T12:53:12.000Z</time></trkpt>
      <trkpt lat="35.861051" lon="127.756128"><ele>1354.0</ele><time>2016-01-23T12:53:32.000Z</time></trkpt>
      <trkpt lat="35.861064" lon="127.756181"><ele>1352.7</ele><time>2016-01-23T12:53:32.000Z</time></trkpt>
      <trkpt lat="35.861080" lon="127.756233"><ele>1351.4</ele><time>2016-01-23T12:53:47.000Z</time></trkpt>
      <trkpt lat="35.861088" lon="127.756287"><ele>1349.8</ele><time>2016-01-23T12:53:47.000Z</time></trkpt>
      <trkpt lat="35.861092" lon="127.756342"><ele>1348.1</ele><time>2016-01-23T12:54:07.000Z</time></trkpt>
      <trkpt lat="35.861091" lon="127.756398"><ele>1346.0</ele><time>2016-01-23T12:54:33.000Z</time></trkpt>
      <trkpt lat="35.861090" lon="127.756453"><ele>1343.9</ele><time>2016-01-23T12:54:33.000Z</time></trkpt>
      <trkpt lat="35.861085" lon="127.756508"><ele>1341.9</ele><time>2016-01-23T12:54:49.000Z</time></trkpt>
      <trkpt lat="35.861085" lon="127.756563"><ele>1339.8</ele><time>2016-01-23T12:54:49.000Z</time></trkpt>
      <trkpt lat="35.861092" lon="127.756618"><ele>1337.6</ele><time>2016-01-23T12:55:02.000Z</time></trkpt>
      <trkpt lat="35.861100" lon="127.756673"><ele>1335.5</ele><time>2016-01-23T12:55:02.000Z</time></trkpt>
      <trkpt lat="35.861110" lon="127.756727"><ele>1333.3</ele><time>2016-01-23T12:55:24.000Z</time></trkpt>
      <trkpt lat="35.861121" lon="127.756780"><ele>1331.1</ele><time>2016-01-23T12:55:24.000Z</time></trkpt>
      <trkpt lat="35.861134" lon="127.756834"><ele>1328.6</ele><time>2016-01-23T12:56:48.000Z</time></trkpt>
      <trkpt lat="35.861144" lon="127.756888"><ele>1326.2</ele><time>2016-01-23T12:56:48.000Z</time></trkpt>
      <trkpt lat="35.861149" lon="127.756943"><ele>1323.7</ele><time>2016-01-23T12:57:12.000Z</time></trkpt>
      <trkpt lat="35.861157" lon="127.756997"><ele>1321.1</ele><time>2016-01-23T12:57:12.000Z</time></trkpt>
      <trkpt lat="35.861173" lon="127.757049"><ele>1318.2</ele><time>2016-01-23T12:57:36.000Z</time></trkpt>
      <trkpt lat="35.861199" lon="127.757093"><ele>1315.5</ele><time>2016-01-23T12:57:36.000Z</time></trkpt>
      <trkpt lat="35.861231" lon="127.757132"><ele>1312.8</ele><time>2016-01-23T12:57:49.000Z</time></trkpt>
      <trkpt lat="35.861268" lon="127.757162"><ele>1310.2</ele><time>2016-01-23T12:58:09.000Z</time></trkpt>
      <trkpt lat="35.861302" lon="127.757197"><ele>1307.5</ele><time>2016-01-23T12:58:09.000Z</time></trkpt>
      <trkpt lat="35.861326" lon="127.757244"><ele>1304.4</ele><time>2016-01-23T12:58:26.000Z</time></trkpt>
      <trkpt lat="35.861337" lon="127.757297"><ele>1301.6</ele><time>2016-01-23T12:58:26.000Z</time></trkpt>
      <trkpt lat="35.861344" lon="127.757352"><ele>1299.0</ele><time>2016-01-23T12:58:55.000Z</time></trkpt>
      <trkpt lat="35.861346" lon="127.757407"><ele>1296.6</ele><time>2016-01-23T12:59:19.000Z</time></trkpt>
      <trkpt lat="35.861350" lon="127.757463"><ele>1294.0</ele><time>2016-01-23T12:59:19.000Z</time></trkpt>
      <trkpt lat="35.861354" lon="127.757518"><ele>1291.0</ele><time>2016-01-23T12:59:39.000Z</time></trkpt>
      <trkpt lat="35.861345" lon="127.757572"><ele>1287.7</ele><time>2016-01-23T12:59:57.000Z</time></trkpt>
      <trkpt lat="35.861326" lon="127.757620"><ele>1284.4</ele><time>2016-01-23T12:59:57.000Z</time></trkpt>
      <trkpt lat="35.861296" lon="127.757662"><ele>1281.3</ele><time>2016-01-23T13:00:24.000Z</time></trkpt>
      <trkpt lat="35.861267" lon="127.757705"><ele>1278.4</ele><time>2016-01-23T13:00:24.000Z</time></trkpt>
      <trkpt lat="35.861239" lon="127.757748"><ele>1275.4</ele><time>2016-01-23T13:00:56.000Z</time></trkpt>
      <trkpt lat="35.861218" lon="127.757797"><ele>1272.7</ele><time>2016-01-23T13:01:13.000Z</time></trkpt>
      <trkpt lat="35.861197" lon="127.757846"><ele>1269.9</ele><time>2016-01-23T13:01:13.000Z</time></trkpt>
      <trkpt lat="35.861182" lon="127.757898"><ele>1267.3</ele><time>2016-01-23T13:01:13.000Z</time></trkpt>
      <trkpt lat="35.861166" lon="127.757950"><ele>1264.7</ele><time>2016-01-23T13:01:31.000Z</time></trkpt>
      <trkpt lat="35.861147" lon="127.758000"><ele>1262.2</ele><time>2016-01-23T13:01:31.000Z</time></trkpt>
      <trkpt lat="35.861128" lon="127.758050"><ele>1259.7</ele><time>2016-01-23T13:02:45.000Z</time></trkpt>
      <trkpt lat="35.861108" lon="127.758100"><ele>1257.1</ele><time>2016-01-23T13:02:45.000Z</time></trkpt>
      <trkpt lat="35.861088" lon="127.758150"><ele>1254.5</ele><time>2016-01-23T13:03:00.000Z</time></trkpt>
      <trkpt lat="35.861073" lon="127.758202"><ele>1251.8</ele><time>2016-01-23T13:03:00.000Z</time></trkpt>
      <trkpt lat="35.861059" lon="127.758255"><ele>1249.1</ele><time>2016-01-23T13:03:22.000Z</time></trkpt>
      <trkpt lat="35.861048" lon="127.758309"><ele>1246.4</ele><time>2016-01-23T13:03:36.000Z</time></trkpt>
      <trkpt lat="35.861040" lon="127.758363"><ele>1243.7</ele><time>2016-01-23T13:03:36.000Z</time></trkpt>
      <trkpt lat="35.861039" lon="127.758418"><ele>1241.3</ele><time>2016-01-23T13:03:57.000Z</time></trkpt>
      <trkpt lat="35.861045" lon="127.758472"><ele>1238.7</ele><time>2016-01-23T13:03:57.000Z</time></trkpt>
      <trkpt lat="35.861064" lon="127.758523"><ele>1235.8</ele><time>2016-01-23T13:04:19.000Z</time></trkpt>
      <trkpt lat="35.861084" lon="127.758572"><ele>1233.3</ele><time>2016-01-23T13:04:47.000Z</time></trkpt>
      <trkpt lat="35.861103" lon="127.758622"><ele>1230.8</ele><time>2016-01-23T13:04:47.000Z</time></trkpt>
      <trkpt lat="35.861116" lon="127.758675"><ele>1228.3</ele><time>2016-01-23T13:05:04.000Z</time></trkpt>
      <trkpt lat="35.861116" lon="127.758730"><ele>1226.0</ele><time>2016-01-23T13:05:04.000Z</time></trkpt>
      <trkpt lat="35.861109" lon="127.758784"><ele>1223.9</ele><time>2016-01-23T13:05:31.000Z</time></trkpt>
      <trkpt lat="35.861098" lon="127.758838"><ele>1221.9</ele><time>2016-01-23T13:05:31.000Z</time></trkpt>
      <trkpt lat="35.861087" lon="127.758892"><ele>1220.0</ele><time>2016-01-23T13:05:59.000Z</time></trkpt>
      <trkpt lat="35.861081" lon="127.758947"><ele>1218.1</ele><time>2016-01-23T13:05:59.000Z</time></trkpt>
      <trkpt lat="35.861075" lon="127.759002"><ele>1216.3</ele><time>2016-01-23T13:06:27.000Z</time></trkpt>
      <trkpt lat="35.861076" lon="127.759057"><ele>1214.5</ele><time>2016-01-23T13:06:27.000Z</time></trkpt>
      <trkpt lat="35.861077" lon="127.759113"><ele>1212.7</ele><time>2016-01-23T13:06:41.000Z</time></trkpt>
      <trkpt lat="35.861081" lon="127.759168"><ele>1210.9</ele><time>2016-01-23T13:06:41.000Z</time></trkpt>
      <trkpt lat="35.861086" lon="127.759223"><ele>1209.0</ele><time>2016-01-23T13:06:55.000Z</time></trkpt>
      <trkpt lat="35.861092" lon="127.759278"><ele>1207.0</ele><time>2016-01-23T13:06:55.000Z</time></trkpt>
      <trkpt lat="35.861098" lon="127.759333"><ele>1205.0</ele><time>2016-01-23T13:07:06.000Z</time></trkpt>
      <trkpt lat="35.861100" lon="127.759388"><ele>1202.8</ele><time>2016-01-23T13:07:06.000Z</time></trkpt>
      <trkpt lat="35.861101" lon="127.759444"><ele>1200.5</ele><time>2016-01-23T13:07:21.000Z</time></trkpt>
      <trkpt lat="35.861096" lon="127.759499"><ele>1198.4</ele><time>2016-01-23T13:07:21.000Z</time></trkpt>
      <trkpt lat="35.861091" lon="127.759554"><ele>1196.2</ele><time>2016-01-23T13:07:42.000Z</time></trkpt>
      <trkpt lat="35.861098" lon="127.759609"><ele>1194.1</ele><time>2016-01-23T13:08:16.000Z</time></trkpt>
      <trkpt lat="35.861112" lon="127.759660"><ele>1191.9</ele><time>2016-01-23T13:08:16.000Z</time></trkpt>
      <trkpt lat="35.861139" lon="127.759705"><ele>1189.8</ele><time>2016-01-23T13:08:26.000Z</time></trkpt>
      <trkpt lat="35.861171" lon="127.759742"><ele>1187.8</ele><time>2016-01-23T13:08:26.000Z</time></trkpt>
      <trkpt lat="35.861207" lon="127.759775"><ele>1185.9</ele><time>2016-01-23T13:08:44.000Z</time></trkpt>
      <trkpt lat="35.861239" lon="127.759814"><ele>1184.0</ele><time>2016-01-23T13:08:44.000Z</time></trkpt>
      <trkpt lat="35.861270" lon="127.759855"><ele>1182.1</ele><time>2016-01-23T13:09:14.000Z</time></trkpt>
      <trkpt lat="35.861294" lon="127.759902"><ele>1180.0</ele><time>2016-01-23T13:09:38.000Z</time></trkpt>
      <trkpt lat="35.861318" lon="127.759948"><ele>1177.9</ele><time>2016-01-23T13:09:38.000Z</time></trkpt>
      <trkpt lat="35.861347" lon="127.759990"><ele>1176.1</ele><time>2016-01-23T13:09:57.000Z</time></trkpt>
      <trkpt lat="35.861376" lon="127.760033"><ele>1174.3</ele><time>2016-01-23T13:09:57.000Z</time></trkpt>
      <trkpt lat="35.861404" lon="127.760076"><ele>1172.5</ele><time>2016-01-23T13:10:06.000Z</time></trkpt>
      <trkpt lat="35.861431" lon="127.760121"><ele>1170.8</ele><time>2016-01-23T13:10:06.000Z</time></trkpt>
      <trkpt lat="35.861456" lon="127.760167"><ele>1169.1</ele><time>2016-01-23T13:10:16.000Z</time></trkpt>
      <trkpt lat="35.861479" lon="127.760215"><ele>1167.5</ele><time>2016-01-23T13:10:16.000Z</time></trkpt>
      <trkpt lat="35.861498" lon="127.760265"><ele>1166.0</ele><time>2016-01-23T13:10:37.000Z</time></trkpt>
      <trkpt lat="35.861518" lon="127.760315"><ele>1164.5</ele><time>2016-01-23T13:10:37.000Z</time></trkpt>
      <trkpt lat="35.861540" lon="127.760363"><ele>1163.0</ele><time>2016-01-23T13:10:50.000Z</time></trkpt>
      <trkpt lat="35.861562" lon="127.760411"><ele>1161.5</ele><time>2016-01-23T13:10:50.000Z</time></trkpt>
      <trkpt lat="35.861594" lon="127.760450"><ele>1160.0</ele><time>2016-01-23T13:11:05.000Z</time></trkpt>
      <trkpt lat="35.861625" lon="127.760490"><ele>1158.5</ele><time>2016-01-23T13:11:05.000Z</time></trkpt>
      <trkpt lat="35.861651" lon="127.760536"><ele>1156.5</ele><time>2016-01-23T13:11:25.000Z</time></trkpt>
      <trkpt lat="35.861662" lon="127.760587"><ele>1154.3</ele><time>2016-01-23T13:11:49.000Z</time></trkpt>
      <trkpt lat="35.861643" lon="127.760632"><ele>1152.4</ele><time>2016-01-23T13:11:49.000Z</time></trkpt>
      <trkpt lat="35.861610" lon="127.760669"><ele>1151.0</ele><time>2016-01-23T13:12:16.000Z</time></trkpt>
      <trkpt lat="35.861578" lon="127.760708"><ele>1149.6</ele><time>2016-01-23T13:12:31.000Z</time></trkpt>
      <trkpt lat="35.861552" lon="127.760752"><ele>1148.2</ele><time>2016-01-23T13:12:31.000Z</time></trkpt>
      <trkpt lat="35.861535" lon="127.760803"><ele>1146.7</ele><time>2016-01-23T13:12:46.000Z</time></trkpt>
      <trkpt lat="35.861523" lon="127.760857"><ele>1145.4</ele><time>2016-01-23T13:13:07.000Z</time></trkpt>
      <trkpt lat="35.861509" lon="127.760909"><ele>1144.0</ele><time>2016-01-23T13:13:07.000Z</time></trkpt>
      <trkpt lat="35.861483" lon="127.760954"><ele>1141.9</ele><time>2016-01-23T13:13:38.000Z</time></trkpt>
      <trkpt lat="35.861443" lon="127.760978"><ele>1140.0</ele><time>2016-01-23T13:13:50.000Z</time></trkpt>
      <trkpt lat="35.861403" lon="127.761003"><ele>1138.1</ele><time>2016-01-23T13:13:50.000Z</time></trkpt>
      <trkpt lat="35.861367" lon="127.761036"><ele>1135.8</ele><time>2016-01-23T13:14:05.000Z</time></trkpt>
      <trkpt lat="35.861344" lon="127.761082"><ele>1133.8</ele><time>2016-01-23T13:14:05.000Z</time></trkpt>
      <trkpt lat="35.861328" lon="127.761134"><ele>1131.9</ele><time>2016-01-23T13:14:15.000Z</time></trkpt>
      <trkpt lat="35.861322" lon="127.761188"><ele>1130.1</ele><time>2016-01-23T13:14:15.000Z</time></trkpt>
      <trkpt lat="35.861320" lon="127.761244"><ele>1128.3</ele><time>2016-01-23T13:14:24.000Z</time></trkpt>
      <trkpt lat="35.861320" lon="127.761299"><ele>1126.5</ele><time>2016-01-23T13:14:24.000Z</time></trkpt>
      <trkpt lat="35.861322" lon="127.761354"><ele>1124.7</ele><time>2016-01-23T13:14:32.000Z</time></trkpt>
      <trkpt lat="35.861323" lon="127.761410"><ele>1122.8</ele><time>2016-01-23T13:14:32.000Z</time></trkpt>
      <trkpt lat="35.861326" lon="127.761465"><ele>1120.9</ele><time>2016-01-23T13:14:43.000Z</time></trkpt>
      <trkpt lat="35.861328" lon="127.761521"><ele>1118.9</ele><time>2016-01-23T13:14:43.000Z</time></trkpt>
      <trkpt lat="35.861332" lon="127.761576"><ele>1116.9</ele><time>2016-01-23T13:14:43.000Z</time></trkpt>
      <trkpt lat="35.861336" lon="127.761631"><ele>1115.0</ele><time>2016-01-23T13:14:55.000Z</time></trkpt>
      <trkpt lat="35.861339" lon="127.761687"><ele>1112.9</ele><time>2016-01-23T13:14:55.000Z</time></trkpt>
      <trkpt lat="35.861342" lon="127.761742"><ele>1110.9</ele><time>2016-01-23T13:15:08.000Z</time></trkpt>
      <trkpt lat="35.861349" lon="127.761797"><ele>1108.7</ele><time>2016-01-23T13:15:08.000Z</time></trkpt>
      <trkpt lat="35.861357" lon="127.761851"><ele>1106.5</ele><time>2016-01-23T13:15:32.000Z</time></trkpt>
      <trkpt lat="35.861372" lon="127.761904"><ele>1104.4</ele><time>2016-01-23T13:15:32.000Z</time></trkpt>
      <trkpt lat="35.861387" lon="127.761956"><ele>1102.2</ele><time>2016-01-23T13:15:43.000Z</time></trkpt>
      <trkpt lat="35.861406" lon="127.762006"><ele>1100.3</ele><time>2016-01-23T13:16:00.000Z</time></trkpt>
      <trkpt lat="35.861423" lon="127.762057"><ele>1098.3</ele><time>2016-01-23T13:16:00.000Z</time></trkpt>
      <trkpt lat="35.861432" lon="127.762112"><ele>1096.5</ele><time>2016-01-23T13:16:15.000Z</time></trkpt>
      <trkpt lat="35.861441" lon="127.762166"><ele>1094.7</ele><time>2016-01-23T13:16:15.000Z</time></trkpt>
      <trkpt lat="35.861453" lon="127.762220"><ele>1092.9</ele><time>2016-01-23T13:16:47.000Z</time></trkpt>
      <trkpt lat="35.861470" lon="127.762271"><ele>1091.1</ele><time>2016-01-23T13:16:47.000Z</time></trkpt>
      <trkpt lat="35.861490" lon="127.762320"><ele>1089.5</ele><time>2016-01-23T13:17:05.000Z</time></trkpt>
      <trkpt lat="35.861515" lon="127.762366"><ele>1088.3</ele><time>2016-01-23T13:17:05.000Z</time></trkpt>
      <trkpt lat="35.861540" lon="127.762413"><ele>1087.1</ele><time>2016-01-23T13:17:22.000Z</time></trkpt>
      <trkpt lat="35.861560" lon="127.762462"><ele>1085.8</ele><time>2016-01-23T13:17:40.000Z</time></trkpt>
      <trkpt lat="35.861579" lon="127.762512"><ele>1084.6</ele><time>2016-01-23T13:17:40.000Z</time></trkpt>
      <trkpt lat="35.861598" lon="127.762563"><ele>1083.5</ele><time>2016-01-23T13:17:40.000Z</time></trkpt>
      <trkpt lat="35.861616" lon="127.762613"><ele>1082.4</ele><time>2016-01-23T13:17:48.000Z</time></trkpt>
      <trkpt lat="35.861637" lon="127.762662"><ele>1081.4</ele><time>2016-01-23T13:17:48.000Z</time></trkpt>
      <trkpt lat="35.861659" lon="127.762711"><ele>1080.4</ele><time>2016-01-23T13:17:57.000Z</time></trkpt>
      <trkpt lat="35.861680" lon="127.762760"><ele>1079.3</ele><time>2016-01-23T13:17:57.000Z</time></trkpt>
      <trkpt lat="35.861701" lon="127.762809"><ele>1078.2</ele><time>2016-01-23T13:18:13.000Z</time></trkpt>
      <trkpt lat="35.861719" lon="127.762860"><ele>1077.0</ele><time>2016-01-23T13:18:13.000Z</time></trkpt>
      <trkpt lat="35.861737" lon="127.762911"><ele>1075.7</ele><time>2016-01-23T13:18:24.000Z</time></trkpt>
      <trkpt lat="35.861755" lon="127.762962"><ele>1074.5</ele><time>2016-01-23T13:18:24.000Z</time></trkpt>
      <trkpt lat="35.861773" lon="127.763013"><ele>1073.3</ele><time>2016-01-23T13:18:41.000Z</time></trkpt>
      <trkpt lat="35.861799" lon="127.763058"><ele>1072.0</ele><time>2016-01-23T13:18:41.000Z</time></trkpt>
      <trkpt lat="35.861825" lon="127.763103"><ele>1070.8</ele><time>2016-01-23T13:18:53.000Z</time></trkpt>
      <trkpt lat="35.861855" lon="127.763144"><ele>1069.6</ele><time>2016-01-23T13:18:53.000Z</time></trkpt>
      <trkpt lat="35.861886" lon="127.763184"><ele>1068.5</ele><time>2016-01-23T13:19:04.000Z</time></trkpt>
      <trkpt lat="35.861917" lon="127.763224"><ele>1067.3</ele><time>2016-01-23T13:19:04.000Z</time></trkpt>
      <trkpt lat="35.861948" lon="127.763265"><ele>1066.2</ele><time>2016-01-23T13:19:13.000Z</time></trkpt>
      <trkpt lat="35.861974" lon="127.763309"><ele>1065.0</ele><time>2016-01-23T13:19:13.000Z</time></trkpt>
      <trkpt lat="35.862000" lon="127.763355"><ele>1063.8</ele><time>2016-01-23T13:19:25.000Z</time></trkpt>
      <trkpt lat="35.862021" lon="127.763404"><ele>1062.5</ele><time>2016-01-23T13:19:25.000Z</time></trkpt>
      <trkpt lat="35.862041" lon="127.763454"><ele>1061.3</ele><time>2016-01-23T13:19:38.000Z</time></trkpt>
      <trkpt lat="35.862060" lon="127.763504"><ele>1060.1</ele><time>2016-01-23T13:19:38.000Z</time></trkpt>
      <trkpt lat="35.862079" lon="127.763555"><ele>1058.8</ele><time>2016-01-23T13:19:51.000Z</time></trkpt>
      <trkpt lat="35.862094" lon="127.763607"><ele>1057.5</ele><time>2016-01-23T13:19:51.000Z</time></trkpt>
      <trkpt lat="35.862107" lon="127.763660"><ele>1055.9</ele><time>2016-01-23T13:20:03.000Z</time></trkpt>
      <trkpt lat="35.862114" lon="127.763714"><ele>1054.5</ele><time>2016-01-23T13:20:03.000Z</time></trkpt>
      <trkpt lat="35.862115" lon="127.763770"><ele>1053.0</ele><time>2016-01-23T13:20:12.000Z</time></trkpt>
      <trkpt lat="35.862105" lon="127.763823"><ele>1051.6</ele><time>2016-01-23T13:20:12.000Z</time></trkpt>
      <trkpt lat="35.862088" lon="127.763874"><ele>1050.2</ele><time>2016-01-23T13:20:27.000Z</time></trkpt>
      <trkpt lat="35.862068" lon="127.763923"><ele>1048.9</ele><time>2016-01-23T13:20:27.000Z</time></trkpt>
      <trkpt lat="35.862045" lon="127.763971"><ele>1047.7</ele><time>2016-01-23T13:20:38.000Z</time></trkpt>
      <trkpt lat="35.862022" lon="127.764019"><ele>1046.4</ele><time>2016-01-23T13:20:38.000Z</time></trkpt>
      <trkpt lat="35.862001" lon="127.764068"><ele>1045.2</ele><time>2016-01-23T13:20:46.000Z</time></trkpt>
      <trkpt lat="35.861982" lon="127.764118"><ele>1044.0</ele><time>2016-01-23T13:20:46.000Z</time></trkpt>
      <trkpt lat="35.861973" lon="127.764172"><ele>1042.8</ele><time>2016-01-23T13:20:57.000Z</time></trkpt>
      <trkpt lat="35.861965" lon="127.764226"><ele>1041.7</ele><time>2016-01-23T13:20:57.000Z</time></trkpt>
      <trkpt lat="35.861962" lon="127.764282"><ele>1040.7</ele><time>2016-01-23T13:21:07.000Z</time></trkpt>
      <trkpt lat="35.861959" lon="127.764337"><ele>1039.6</ele><time>2016-01-23T13:21:07.000Z</time></trkpt>
      <trkpt lat="35.861962" lon="127.764393"><ele>1038.7</ele><time>2016-01-23T13:21:07.000Z</time></trkpt>
      <trkpt lat="35.861965" lon="127.764448"><ele>1037.7</ele><time>2016-01-23T13:21:18.000Z</time></trkpt>
      <trkpt lat="35.861964" lon="127.764503"><ele>1036.8</ele><time>2016-01-23T13:21:18.000Z</time></trkpt>
      <trkpt lat="35.861963" lon="127.764559"><ele>1035.9</ele><time>2016-01-23T13:21:32.000Z</time></trkpt>
      <trkpt lat="35.861958" lon="127.764614"><ele>1035.1</ele><time>2016-01-23T13:21:32.000Z</time></trkpt>
      <trkpt lat="35.861952" lon="127.764669"><ele>1034.4</ele><time>2016-01-23T13:21:41.000Z</time></trkpt>
      <trkpt lat="35.861942" lon="127.764723"><ele>1033.6</ele><time>2016-01-23T13:21:41.000Z</time></trkpt>
      <trkpt lat="35.861931" lon="127.764777"><ele>1032.9</ele><time>2016-01-23T13:21:54.000Z</time></trkpt>
      <trkpt lat="35.861914" lon="127.764828"><ele>1032.2</ele><time>2016-01-23T13:21:54.000Z</time></trkpt>
      <trkpt lat="35.861894" lon="127.764877"><ele>1031.5</ele><time>2016-01-23T13:22:20.000Z</time></trkpt>
      <trkpt lat="35.861867" lon="127.764922"><ele>1030.8</ele><time>2016-01-23T13:22:20.000Z</time></trkpt>
      <trkpt lat="35.861838" lon="127.764964"><ele>1030.1</ele><time>2016-01-23T13:22:31.000Z</time></trkpt>
      <trkpt lat="35.861800" lon="127.764992"><ele>1029.5</ele><time>2016-01-23T13:22:31.000Z</time></trkpt>
      <trkpt lat="35.861761" lon="127.765020"><ele>1028.9</ele><time>2016-01-23T13:22:53.000Z</time></trkpt>
      <trkpt lat="35.861720" lon="127.765043"><ele>1028.4</ele><time>2016-01-23T13:23:09.000Z</time></trkpt>
      <trkpt lat="35.861679" lon="127.765067"><ele>1027.9</ele><time>2016-01-23T13:23:09.000Z</time></trkpt>
      <trkpt lat="35.861638" lon="127.765090"><ele>1027.5</ele><time>2016-01-23T13:23:24.000Z</time></trkpt>
      <trkpt lat="35.861598" lon="127.765114"><ele>1027.0</ele><time>2016-01-23T13:23:24.000Z</time></trkpt>
      <trkpt lat="35.861560" lon="127.765143"><ele>1026.5</ele><time>2016-01-23T13:23:33.000Z</time></trkpt>
      <trkpt lat="35.861524" lon="127.765175"><ele>1025.9</ele><time>2016-01-23T13:23:33.000Z</time></trkpt>
      <trkpt lat="35.861494" lon="127.765217"><ele>1025.3</ele><time>2016-01-23T13:23:44.000Z</time></trkpt>
      <trkpt lat="35.861467" lon="127.765261"><ele>1024.6</ele><time>2016-01-23T13:23:44.000Z</time></trkpt>
      <trkpt lat="35.861447" lon="127.765311"><ele>1023.8</ele><time>2016-01-23T13:24:00.000Z</time></trkpt>
      <trkpt lat="35.861429" lon="127.765361"><ele>1023.0</ele><time>2016-01-23T13:24:00.000Z</time></trkpt>
      <trkpt lat="35.861418" lon="127.765415"><ele>1022.3</ele><time>2016-01-23T13:24:10.000Z</time></trkpt>
      <trkpt lat="35.861409" lon="127.765469"><ele>1021.5</ele><time>2016-01-23T13:24:10.000Z</time></trkpt>
      <trkpt lat="35.861406" lon="127.765525"><ele>1020.4</ele><time>2016-01-23T13:24:20.000Z</time></trkpt>
      <trkpt lat="35.861404" lon="127.765580"><ele>1019.4</ele><time>2016-01-23T13:24:20.000Z</time></trkpt>
      <trkpt lat="35.861404" lon="127.765636"><ele>1018.3</ele><time>2016-01-23T13:24:48.000Z</time></trkpt>
      <trkpt lat="35.861403" lon="127.765691"><ele>1017.2</ele><time>2016-01-23T13:24:48.000Z</time></trkpt>
      <trkpt lat="35.861400" lon="127.765746"><ele>1016.1</ele><time>2016-01-23T13:25:03.000Z</time></trkpt>
      <trkpt lat="35.861397" lon="127.765802"><ele>1014.9</ele><time>2016-01-23T13:25:03.000Z</time></trkpt>
      <trkpt lat="35.861393" lon="127.765857"><ele>1013.9</ele><time>2016-01-23T13:25:16.000Z</time></trkpt>
      <trkpt lat="35.861387" lon="127.765912"><ele>1012.7</ele><time>2016-01-23T13:25:16.000Z</time></trkpt>
      <trkpt lat="35.861378" lon="127.765966"><ele>1011.5</ele><time>2016-01-23T13:25:27.000Z</time></trkpt>
      <trkpt lat="35.861371" lon="127.766021"><ele>1010.2</ele><time>2016-01-23T13:25:27.000Z</time></trkpt>
      <trkpt lat="35.861367" lon="127.766076"><ele>1008.9</ele><time>2016-01-23T13:25:36.000Z</time></trkpt>
      <trkpt lat="35.861361" lon="127.766131"><ele>1007.7</ele><time>2016-01-23T13:25:36.000Z</time></trkpt>
      <trkpt lat="35.861352" lon="127.766186"><ele>1006.4</ele><time>2016-01-23T13:25:49.000Z</time></trkpt>
      <trkpt lat="35.861336" lon="127.766236"><ele>1005.0</ele><time>2016-01-23T13:25:49.000Z</time></trkpt>
      <trkpt lat="35.861310" lon="127.766275"><ele>1003.1</ele><time>2016-01-23T13:26:05.000Z</time></trkpt>
      <trkpt lat="35.861270" lon="127.766253"><ele>1000.9</ele><time>2016-01-23T13:26:16.000Z</time></trkpt>
      <trkpt lat="35.861251" lon="127.766202"><ele>999.6</ele><time>2016-01-23T13:26:27.000Z</time></trkpt>
      <trkpt lat="35.861238" lon="127.766150"><ele>998.5</ele><time>2016-01-23T13:26:27.000Z</time></trkpt>
      <trkpt lat="35.861230" lon="127.766095"><ele>997.4</ele><time>2016-01-23T13:26:36.000Z</time></trkpt>
      <trkpt lat="35.861214" lon="127.766045"><ele>996.2</ele><time>2016-01-23T13:26:36.000Z</time></trkpt>
      <trkpt lat="35.861189" lon="127.766001"><ele>994.8</ele><time>2016-01-23T13:26:50.000Z</time></trkpt>
      <trkpt lat="35.861144" lon="127.765993"><ele>993.3</ele><time>2016-01-23T13:27:17.000Z</time></trkpt>
      <trkpt lat="35.861102" lon="127.766005"><ele>992.1</ele><time>2016-01-23T13:27:17.000Z</time></trkpt>
      <trkpt lat="35.861061" lon="127.766027"><ele>990.9</ele><time>2016-01-23T13:27:33.000Z</time></trkpt>
      <trkpt lat="35.861023" lon="127.766058"><ele>989.9</ele><time>2016-01-23T13:27:33.000Z</time></trkpt>
      <trkpt lat="35.860987" lon="127.766090"><ele>988.9</ele><time>2016-01-23T13:27:45.000Z</time></trkpt>
      <trkpt lat="35.860944" lon="127.766104"><ele>987.6</ele><time>2016-01-23T13:28:08.000Z</time></trkpt>
      <trkpt lat="35.860900" lon="127.766103"><ele>986.3</ele><time>2016-01-23T13:28:08.000Z</time></trkpt>
      <trkpt lat="35.860858" lon="127.766084"><ele>984.9</ele><time>2016-01-23T13:28:20.000Z</time></trkpt>
      <trkpt lat="35.860823" lon="127.766051"><ele>983.8</ele><time>2016-01-23T13:28:20.000Z</time></trkpt>
      <trkpt lat="35.860789" lon="127.766014"><ele>982.9</ele><time>2016-01-23T13:28:27.000Z</time></trkpt>
      <trkpt lat="35.860749" lon="127.765991"><ele>981.8</ele><time>2016-01-23T13:28:27.000Z</time></trkpt>
      <trkpt lat="35.860707" lon="127.765971"><ele>980.7</ele><time>2016-01-23T13:28:40.000Z</time></trkpt>
      <trkpt lat="35.860665" lon="127.765991"><ele>979.0</ele><time>2016-01-23T13:29:45.000Z</time></trkpt>
      <trkpt lat="35.860635" lon="127.766028"><ele>977.6</ele><time>2016-01-23T13:29:45.000Z</time></trkpt>
      <trkpt lat="35.860613" lon="127.766077"><ele>976.3</ele><time>2016-01-23T13:30:00.000Z</time></trkpt>
      <trkpt lat="35.860595" lon="127.766128"><ele>975.1</ele><time>2016-01-23T13:30:00.000Z</time></trkpt>
      <trkpt lat="35.860577" lon="127.766179"><ele>974.0</ele><time>2016-01-23T13:30:10.000Z</time></trkpt>
      <trkpt lat="35.860550" lon="127.766223"><ele>972.9</ele><time>2016-01-23T13:30:10.000Z</time></trkpt>
      <trkpt lat="35.860521" lon="127.766265"><ele>971.8</ele><time>2016-01-23T13:30:21.000Z</time></trkpt>
      <trkpt lat="35.860486" lon="127.766299"><ele>970.7</ele><time>2016-01-23T13:30:21.000Z</time></trkpt>
      <trkpt lat="35.860449" lon="127.766330"><ele>969.7</ele><time>2016-01-23T13:30:34.000Z</time></trkpt>
      <trkpt lat="35.860409" lon="127.766356"><ele>968.6</ele><time>2016-01-23T13:30:34.000Z</time></trkpt>
      <trkpt lat="35.860368" lon="127.766379"><ele>967.5</ele><time>2016-01-23T13:30:44.000Z</time></trkpt>
      <trkpt lat="35.860327" lon="127.766401"><ele>966.4</ele><time>2016-01-23T13:30:44.000Z</time></trkpt>
      <trkpt lat="35.860286" lon="127.766422"><ele>965.2</ele><time>2016-01-23T13:30:53.000Z</time></trkpt>
      <trkpt lat="35.860244" lon="127.766443"><ele>964.0</ele><time>2016-01-23T13:30:53.000Z</time></trkpt>
      <trkpt lat="35.860202" lon="127.766463"><ele>962.9</ele><time>2016-01-23T13:31:05.000Z</time></trkpt>
      <trkpt lat="35.860160" lon="127.766481"><ele>961.7</ele><time>2016-01-23T13:31:05.000Z</time></trkpt>
      <trkpt lat="35.860116" lon="127.766492"><ele>960.6</ele><time>2016-01-23T13:31:15.000Z</time></trkpt>
      <trkpt lat="35.860071" lon="127.766501"><ele>959.4</ele><time>2016-01-23T13:31:15.000Z</time></trkpt>
      <trkpt lat="35.860026" lon="127.766500"><ele>958.3</ele><time>2016-01-23T13:31:25.000Z</time></trkpt>
      <trkpt lat="35.859982" lon="127.766499"><ele>957.1</ele><time>2016-01-23T13:31:25.000Z</time></trkpt>
      <trkpt lat="35.859938" lon="127.766486"><ele>956.0</ele><time>2016-01-23T13:31:34.000Z</time></trkpt>
      <trkpt lat="35.859894" lon="127.766474"><ele>954.9</ele><time>2016-01-23T13:31:34.000Z</time></trkpt>
      <trkpt lat="35.859850" lon="127.766461"><ele>954.0</ele><time>2016-01-23T13:31:34.000Z</time></trkpt>
      <trkpt lat="35.859806" lon="127.766448"><ele>953.0</ele><time>2016-01-23T13:31:46.000Z</time></trkpt>
      <trkpt lat="35.859762" lon="127.766444"><ele>952.1</ele><time>2016-01-23T13:31:46.000Z</time></trkpt>
      <trkpt lat="35.859717" lon="127.766442"><ele>951.1</ele><time>2016-01-23T13:31:55.000Z</time></trkpt>
      <trkpt lat="35.859674" lon="127.766455"><ele>950.2</ele><time>2016-01-23T13:31:55.000Z</time></trkpt>
      <trkpt lat="35.859631" lon="127.766473"><ele>949.2</ele><time>2016-01-23T13:32:03.000Z</time></trkpt>
      <trkpt lat="35.859589" lon="127.766494"><ele>948.4</ele><time>2016-01-23T13:32:03.000Z</time></trkpt>
      <trkpt lat="35.859548" lon="127.766516"><ele>947.6</ele><time>2016-01-23T13:32:12.000Z</time></trkpt>
      <trkpt lat="35.859510" lon="127.766545"><ele>946.9</ele><time>2016-01-23T13:32:12.000Z</time></trkpt>
      <trkpt lat="35.859472" lon="127.766576"><ele>946.2</ele><time>2016-01-23T13:32:22.000Z</time></trkpt>
      <trkpt lat="35.859440" lon="127.766613"><ele>945.5</ele><time>2016-01-23T13:32:22.000Z</time></trkpt>
      <trkpt lat="35.859409" lon="127.766654"><ele>944.8</ele><time>2016-01-23T13:32:33.000Z</time></trkpt>
      <trkpt lat="35.859389" lon="127.766703"><ele>944.2</ele><time>2016-01-23T13:32:33.000Z</time></trkpt>
      <trkpt lat="35.859371" lon="127.766754"><ele>943.6</ele><time>2016-01-23T13:32:43.000Z</time></trkpt>
      <trkpt lat="35.859356" lon="127.766806"><ele>943.0</ele><time>2016-01-23T13:32:43.000Z</time></trkpt>
      <trkpt lat="35.859342" lon="127.766859"><ele>942.5</ele><time>2016-01-23T13:32:53.000Z</time></trkpt>
      <trkpt lat="35.859326" lon="127.766911"><ele>941.9</ele><time>2016-01-23T13:32:53.000Z</time></trkpt>
      <trkpt lat="35.859307" lon="127.766961"><ele>941.4</ele><time>2016-01-23T13:33:03.000Z</time></trkpt>
      <trkpt lat="35.859288" lon="127.767011"><ele>940.8</ele><time>2016-01-23T13:33:03.000Z</time></trkpt>
      <trkpt lat="35.859267" lon="127.767060"><ele>940.3</ele><time>2016-01-23T13:33:15.000Z</time></trkpt>
      <trkpt lat="35.859245" lon="127.767109"><ele>939.8</ele><time>2016-01-23T13:33:15.000Z</time></trkpt>
      <trkpt lat="35.859220" lon="127.767155"><ele>939.3</ele><time>2016-01-23T13:33:26.000Z</time></trkpt>
      <trkpt lat="35.859195" lon="127.767201"><ele>938.8</ele><time>2016-01-23T13:33:26.000Z</time></trkpt>
      <trkpt lat="35.859186" lon="127.767255"><ele>938.1</ele><time>2016-01-23T13:33:35.000Z</time></trkpt>
      <trkpt lat="35.859205" lon="127.767293"><ele>937.2</ele><time>2016-01-23T13:33:55.000Z</time></trkpt>
      <trkpt lat="35.859248" lon="127.767292"><ele>936.4</ele><time>2016-01-23T13:33:55.000Z</time></trkpt>
      <trkpt lat="35.859292" lon="127.767281"><ele>935.9</ele><time>2016-01-23T13:34:04.000Z</time></trkpt>
      <trkpt lat="35.859333" lon="127.767258"><ele>935.3</ele><time>2016-01-23T13:34:11.000Z</time></trkpt>
      <trkpt lat="35.859374" lon="127.767235"><ele>934.8</ele><time>2016-01-23T13:34:11.000Z</time></trkpt>
      <trkpt lat="35.859417" lon="127.767218"><ele>934.2</ele><time>2016-01-23T13:34:20.000Z</time></trkpt>
      <trkpt lat="35.859460" lon="127.767203"><ele>933.6</ele><time>2016-01-23T13:34:20.000Z</time></trkpt>
      <trkpt lat="35.859504" lon="127.767195"><ele>933.0</ele><time>2016-01-23T13:34:28.000Z</time></trkpt>
      <trkpt lat="35.859549" lon="127.767189"><ele>932.5</ele><time>2016-01-23T13:34:28.000Z</time></trkpt>
      <trkpt lat="35.859594" lon="127.767190"><ele>931.9</ele><time>2016-01-23T13:34:38.000Z</time></trkpt>
      <trkpt lat="35.859639" lon="127.767191"><ele>931.3</ele><time>2016-01-23T13:34:38.000Z</time></trkpt>
      <trkpt lat="35.859684" lon="127.767197"><ele>930.7</ele><time>2016-01-23T13:34:38.000Z</time></trkpt>
      <trkpt lat="35.859728" lon="127.767204"><ele>930.1</ele><time>2016-01-23T13:34:46.000Z</time></trkpt>
      <trkpt lat="35.859773" lon="127.767208"><ele>929.5</ele><time>2016-01-23T13:34:46.000Z</time></trkpt>
      <trkpt lat="35.859818" lon="127.767211"><ele>928.8</ele><time>2016-01-23T13:34:56.000Z</time></trkpt>
      <trkpt lat="35.859862" lon="127.767219"><ele>928.2</ele><time>2016-01-23T13:34:56.000Z</time></trkpt>
      <trkpt lat="35.859906" lon="127.767230"><ele>927.6</ele><time>2016-01-23T13:35:06.000Z</time></trkpt>
      <trkpt lat="35.859949" lon="127.767247"><ele>927.0</ele><time>2016-01-23T13:35:06.000Z</time></trkpt>
      <trkpt lat="35.859990" lon="127.767269"><ele>926.3</ele><time>2016-01-23T13:35:16.000Z</time></trkpt>
      <trkpt lat="35.860030" lon="127.767294"><ele>925.7</ele><time>2016-01-23T13:35:16.000Z</time></trkpt>
      <trkpt lat="35.860068" lon="127.767323"><ele>925.1</ele><time>2016-01-23T13:35:26.000Z</time></trkpt>
      <trkpt lat="35.860105" lon="127.767356"><ele>924.5</ele><time>2016-01-23T13:35:26.000Z</time></trkpt>
      <trkpt lat="35.860139" lon="127.767392"><ele>923.9</ele><time>2016-01-23T13:35:35.000Z</time></trkpt>
      <trkpt lat="35.860172" lon="127.767429"><ele>923.3</ele><time>2016-01-23T13:35:35.000Z</time></trkpt>
      <trkpt lat="35.860206" lon="127.767466"><ele>922.7</ele><time>2016-01-23T13:35:45.000Z</time></trkpt>
      <trkpt lat="35.860239" lon="127.767504"><ele>922.1</ele><time>2016-01-23T13:35:45.000Z</time></trkpt>
      <trkpt lat="35.860270" lon="127.767543"><ele>921.5</ele><time>2016-01-23T13:35:52.000Z</time></trkpt>
      <trkpt lat="35.860301" lon="127.767584"><ele>921.0</ele><time>2016-01-23T13:35:52.000Z</time></trkpt>
      <trkpt lat="35.860331" lon="127.767625"><ele>920.5</ele><time>2016-01-23T13:36:02.000Z</time></trkpt>
      <trkpt lat="35.860357" lon="127.767670"><ele>920.0</ele><time>2016-01-23T13:36:02.000Z</time></trkpt>
      <trkpt lat="35.860379" lon="127.767719"><ele>919.6</ele><time>2016-01-23T13:36:12.000Z</time></trkpt>
      <trkpt lat="35.860397" lon="127.767769"><ele>919.1</ele><time>2016-01-23T13:36:12.000Z</time></trkpt>
      <trkpt lat="35.860407" lon="127.767823"><ele>918.6</ele><time>2016-01-23T13:36:25.000Z</time></trkpt>
      <trkpt lat="35.860417" lon="127.767877"><ele>918.1</ele><time>2016-01-23T13:36:25.000Z</time></trkpt>
      <trkpt lat="35.860428" lon="127.767931"><ele>917.5</ele><time>2016-01-23T13:36:36.000Z</time></trkpt>
      <trkpt lat="35.860441" lon="127.767984"><ele>917.0</ele><time>2016-01-23T13:36:36.000Z</time></trkpt>
      <trkpt lat="35.860464" lon="127.768031"><ele>916.5</ele><time>2016-01-23T13:36:44.000Z</time></trkpt>
      <trkpt lat="35.860489" lon="127.768077"><ele>915.9</ele><time>2016-01-23T13:36:44.000Z</time></trkpt>
      <trkpt lat="35.860521" lon="127.768117"><ele>915.4</ele><time>2016-01-23T13:36:55.000Z</time></trkpt>
      <trkpt lat="35.860552" lon="127.768156"><ele>914.9</ele><time>2016-01-23T13:36:55.000Z</time></trkpt>
      <trkpt lat="35.860588" lon="127.768191"><ele>914.3</ele><time>2016-01-23T13:37:03.000Z</time></trkpt>
      <trkpt lat="35.860623" lon="127.768225"><ele>913.7</ele><time>2016-01-23T13:37:03.000Z</time></trkpt>
      <trkpt lat="35.860659" lon="127.768259"><ele>913.1</ele><time>2016-01-23T13:37:03.000Z</time></trkpt>
      <trkpt lat="35.860694" lon="127.768293"><ele>912.5</ele><time>2016-01-23T13:37:13.000Z</time></trkpt>
      <trkpt lat="35.860730" lon="127.768326"><ele>911.8</ele><time>2016-01-23T13:37:13.000Z</time></trkpt>
      <trkpt lat="35.860766" lon="127.768360"><ele>911.2</ele><time>2016-01-23T13:37:21.000Z</time></trkpt>
      <trkpt lat="35.860800" lon="127.768396"><ele>910.6</ele><time>2016-01-23T13:37:21.000Z</time></trkpt>
      <trkpt lat="35.860832" lon="127.768434"><ele>909.9</ele><time>2016-01-23T13:37:30.000Z</time></trkpt>
      <trkpt lat="35.860866" lon="127.768471"><ele>909.2</ele><time>2016-01-23T13:37:30.000Z</time></trkpt>
      <trkpt lat="35.860902" lon="127.768505"><ele>908.5</ele><time>2016-01-23T13:37:39.000Z</time></trkpt>
      <trkpt lat="35.860938" lon="127.768538"><ele>907.7</ele><time>2016-01-23T13:37:39.000Z</time></trkpt>
      <trkpt lat="35.860975" lon="127.768569"><ele>906.9</ele><time>2016-01-23T13:37:47.000Z</time></trkpt>
      <trkpt lat="35.861011" lon="127.768601"><ele>906.2</ele><time>2016-01-23T13:37:47.000Z</time></trkpt>
      <trkpt lat="35.861049" lon="127.768631"><ele>905.4</ele><time>2016-01-23T13:37:47.000Z</time></trkpt>
      <trkpt lat="35.861087" lon="127.768661"><ele>904.7</ele><time>2016-01-23T13:37:56.000Z</time></trkpt>
      <trkpt lat="35.861119" lon="127.768700"><ele>904.0</ele><time>2016-01-23T13:37:56.000Z</time></trkpt>
      <trkpt lat="35.861150" lon="127.768740"><ele>903.3</ele><time>2016-01-23T13:38:06.000Z</time></trkpt>
      <trkpt lat="35.861178" lon="127.768783"><ele>902.6</ele><time>2016-01-23T13:38:06.000Z</time></trkpt>
      <trkpt lat="35.861206" lon="127.768827"><ele>902.0</ele><time>2016-01-23T13:38:16.000Z</time></trkpt>
      <trkpt lat="35.861231" lon="127.768873"><ele>901.3</ele><time>2016-01-23T13:38:16.000Z</time></trkpt>
      <trkpt lat="35.861255" lon="127.768920"><ele>900.7</ele><time>2016-01-23T13:38:25.000Z</time></trkpt>
      <trkpt lat="35.861277" lon="127.768968"><ele>900.1</ele><time>2016-01-23T13:38:25.000Z</time></trkpt>
      <trkpt lat="35.861298" lon="127.769017"><ele>899.4</ele><time>2016-01-23T13:38:34.000Z</time></trkpt>
      <trkpt lat="35.861318" lon="127.769067"><ele>898.8</ele><time>2016-01-23T13:38:34.000Z</time></trkpt>
      <trkpt lat="35.861336" lon="127.769118"><ele>898.2</ele><time>2016-01-23T13:38:42.000Z</time></trkpt>
      <trkpt lat="35.861354" lon="127.769169"><ele>897.7</ele><time>2016-01-23T13:38:42.000Z</time></trkpt>
      <trkpt lat="35.861371" lon="127.769220"><ele>897.2</ele><time>2016-01-23T13:38:52.000Z</time></trkpt>
      <trkpt lat="35.861388" lon="127.769272"><ele>896.7</ele><time>2016-01-23T13:38:52.000Z</time></trkpt>
      <trkpt lat="35.861402" lon="127.769324"><ele>896.2</ele><time>2016-01-23T13:39:02.000Z</time></trkpt>
      <trkpt lat="35.861417" lon="127.769376"><ele>895.8</ele><time>2016-01-23T13:39:02.000Z</time></trkpt>
      <trkpt lat="35.861429" lon="127.769430"><ele>895.4</ele><time>2016-01-23T13:39:02.000Z</time></trkpt>
      <trkpt lat="35.861440" lon="127.769484"><ele>895.1</ele><time>2016-01-23T13:39:12.000Z</time></trkpt>
      <trkpt lat="35.861448" lon="127.769538"><ele>894.7</ele><time>2016-01-23T13:39:12.000Z</time></trkpt>
      <trkpt lat="35.861454" lon="127.769593"><ele>894.4</ele><time>2016-01-23T13:39:20.000Z</time></trkpt>
      <trkpt lat="35.861459" lon="127.769648"><ele>894.0</ele><time>2016-01-23T13:39:20.000Z</time></trkpt>
      <trkpt lat="35.861464" lon="127.769703"><ele>893.6</ele><time>2016-01-23T13:39:28.000Z</time></trkpt>
      <trkpt lat="35.861468" lon="127.769759"><ele>893.3</ele><time>2016-01-23T13:39:28.000Z</time></trkpt>
      <trkpt lat="35.861472" lon="127.769814"><ele>892.9</ele><time>2016-01-23T13:39:36.000Z</time></trkpt>
      <trkpt lat="35.861475" lon="127.769869"><ele>892.6</ele><time>2016-01-23T13:39:36.000Z</time></trkpt>
      <trkpt lat="35.861477" lon="127.769925"><ele>892.2</ele><time>2016-01-23T13:39:45.000Z</time></trkpt>
      <trkpt lat="35.861479" lon="127.769980"><ele>891.8</ele><time>2016-01-23T13:39:45.000Z</time></trkpt>
      <trkpt lat="35.861480" lon="127.770036"><ele>891.3</ele><time>2016-01-23T13:39:55.000Z</time></trkpt>
      <trkpt lat="35.861481" lon="127.770091"><ele>890.8</ele><time>2016-01-23T13:39:55.000Z</time></trkpt>
      <trkpt lat="35.861482" lon="127.770147"><ele>890.4</ele><time>2016-01-23T13:39:55.000Z</time></trkpt>
      <trkpt lat="35.861484" lon="127.770202"><ele>889.9</ele><time>2016-01-23T13:40:04.000Z</time></trkpt>
      <trkpt lat="35.861481" lon="127.770257"><ele>889.4</ele><time>2016-01-23T13:40:04.000Z</time></trkpt>
      <trkpt lat="35.861477" lon="127.770313"><ele>889.0</ele><time>2016-01-23T13:40:14.000Z</time></trkpt>
      <trkpt lat="35.861470" lon="127.770367"><ele>888.5</ele><time>2016-01-23T13:40:14.000Z</time></trkpt>
      <trkpt lat="35.861462" lon="127.770422"><ele>888.0</ele><time>2016-01-23T13:40:24.000Z</time></trkpt>
      <trkpt lat="35.861451" lon="127.770475"><ele>887.5</ele><time>2016-01-23T13:40:24.000Z</time></trkpt>
      <trkpt lat="35.861437" lon="127.770528"><ele>887.1</ele><time>2016-01-23T13:40:33.000Z</time></trkpt>
      <trkpt lat="35.861424" lon="127.770581"><ele>886.7</ele><time>2016-01-23T13:40:33.000Z</time></trkpt>
      <trkpt lat="35.861410" lon="127.770634"><ele>886.5</ele><time>2016-01-23T13:40:43.000Z</time></trkpt>
      <trkpt lat="35.861395" lon="127.770686"><ele>886.2</ele><time>2016-01-23T13:40:43.000Z</time></trkpt>
      <trkpt lat="35.861378" lon="127.770738"><ele>885.9</ele><time>2016-01-23T13:40:50.000Z</time></trkpt>
      <trkpt lat="35.861360" lon="127.770789"><ele>885.4</ele><time>2016-01-23T13:40:57.000Z</time></trkpt>
      <trkpt lat="35.861342" lon="127.770839"><ele>884.9</ele><time>2016-01-23T13:40:57.000Z</time></trkpt>
      <trkpt lat="35.861325" lon="127.770891"><ele>884.5</ele><time>2016-01-23T13:41:04.000Z</time></trkpt>
      <trkpt lat="35.861311" lon="127.770944"><ele>884.0</ele><time>2016-01-23T13:41:04.000Z</time></trkpt>
      <trkpt lat="35.861299" lon="127.770997"><ele>883.5</ele><time>2016-01-23T13:41:14.000Z</time></trkpt>
      <trkpt lat="35.861287" lon="127.771051"><ele>883.0</ele><time>2016-01-23T13:41:14.000Z</time></trkpt>
      <trkpt lat="35.861276" lon="127.771104"><ele>882.4</ele><time>2016-01-23T13:41:24.000Z</time></trkpt>
      <trkpt lat="35.861265" lon="127.771158"><ele>881.8</ele><time>2016-01-23T13:41:24.000Z</time></trkpt>
      <trkpt lat="35.861255" lon="127.771212"><ele>881.2</ele><time>2016-01-23T13:41:34.000Z</time></trkpt>
      <trkpt lat="35.861245" lon="127.771266"><ele>880.6</ele><time>2016-01-23T13:41:34.000Z</time></trkpt>
      <trkpt lat="35.861236" lon="127.771321"><ele>880.0</ele><time>2016-01-23T13:41:43.000Z</time></trkpt>
      <trkpt lat="35.861227" lon="127.771375"><ele>879.4</ele><time>2016-01-23T13:41:43.000Z</time></trkpt>
      <trkpt lat="35.861221" lon="127.771430"><ele>878.8</ele><time>2016-01-23T13:41:50.000Z</time></trkpt>
      <trkpt lat="35.861217" lon="127.771485"><ele>878.2</ele><time>2016-01-23T13:41:50.000Z</time></trkpt>
      <trkpt lat="35.861214" lon="127.771541"><ele>877.6</ele><time>2016-01-23T13:41:59.000Z</time></trkpt>
      <trkpt lat="35.861213" lon="127.771596"><ele>877.0</ele><time>2016-01-23T13:41:59.000Z</time></trkpt>
      <trkpt lat="35.861214" lon="127.771651"><ele>876.3</ele><time>2016-01-23T13:42:08.000Z</time></trkpt>
      <trkpt lat="35.861219" lon="127.771706"><ele>875.7</ele><time>2016-01-23T13:42:08.000Z</time></trkpt>
      <trkpt lat="35.861226" lon="127.771761"><ele>875.1</ele><time>2016-01-23T13:42:16.000Z</time></trkpt>
      <trkpt lat="35.861238" lon="127.771814"><ele>874.5</ele><time>2016-01-23T13:42:16.000Z</time></trkpt>
      <trkpt lat="35.861253" lon="127.771867"><ele>873.9</ele><time>2016-01-23T13:42:26.000Z</time></trkpt>
      <trkpt lat="35.861270" lon="127.771918"><ele>873.4</ele><time>2016-01-23T13:42:26.000Z</time></trkpt>
      <trkpt lat="35.861290" lon="127.771968"><ele>872.8</ele><time>2016-01-23T13:42:34.000Z</time></trkpt>
      <trkpt lat="35.861310" lon="127.772017"><ele>872.3</ele><time>2016-01-23T13:42:34.000Z</time></trkpt>
      <trkpt lat="35.861332" lon="127.772066"><ele>871.7</ele><time>2016-01-23T13:42:42.000Z</time></trkpt>
      <trkpt lat="35.861353" lon="127.772115"><ele>871.1</ele><time>2016-01-23T13:42:42.000Z</time></trkpt>
      <trkpt lat="35.861374" lon="127.772164"><ele>870.6</ele><time>2016-01-23T13:42:50.000Z</time></trkpt>
      <trkpt lat="35.861395" lon="127.772213"><ele>870.1</ele><time>2016-01-23T13:42:50.000Z</time></trkpt>
      <trkpt lat="35.861422" lon="127.772257"><ele>869.6</ele><time>2016-01-23T13:42:58.000Z</time></trkpt>
      <trkpt lat="35.861449" lon="127.772301"><ele>869.0</ele><time>2016-01-23T13:42:58.000Z</time></trkpt>
      <trkpt lat="35.861481" lon="127.772341"><ele>868.6</ele><time>2016-01-23T13:42:58.000Z</time></trkpt>
      <trkpt lat="35.861513" lon="127.772380"><ele>868.2</ele><time>2016-01-23T13:43:09.000Z</time></trkpt>
      <trkpt lat="35.861547" lon="127.772416"><ele>867.8</ele><time>2016-01-23T13:43:09.000Z</time></trkpt>
      <trkpt lat="35.861581" lon="127.772453"><ele>867.4</ele><time>2016-01-23T13:43:20.000Z</time></trkpt>
      <trkpt lat="35.861616" lon="127.772486"><ele>867.0</ele><time>2016-01-23T13:43:20.000Z</time></trkpt>
      <trkpt lat="35.861653" lon="127.772518"><ele>866.6</ele><time>2016-01-23T13:43:29.000Z</time></trkpt>
      <trkpt lat="35.861692" lon="127.772546"><ele>866.2</ele><time>2016-01-23T13:43:29.000Z</time></trkpt>
      <trkpt lat="35.861733" lon="127.772567"><ele>865.9</ele><time>2016-01-23T13:43:37.000Z</time></trkpt>
      <trkpt lat="35.861775" lon="127.772588"><ele>865.5</ele><time>2016-01-23T13:43:37.000Z</time></trkpt>
      <trkpt lat="35.861819" lon="127.772598"><ele>865.2</ele><time>2016-01-23T13:43:37.000Z</time></trkpt>
      <trkpt lat="35.861863" lon="127.772608"><ele>864.9</ele><time>2016-01-23T13:43:47.000Z</time></trkpt>
      <trkpt lat="35.861908" lon="127.772616"><ele>864.6</ele><time>2016-01-23T13:43:47.000Z</time></trkpt>
      <trkpt lat="35.861953" lon="127.772622"><ele>864.3</ele><time>2016-01-23T13:43:55.000Z</time></trkpt>
      <trkpt lat="35.861997" lon="127.772628"><ele>864.0</ele><time>2016-01-23T13:43:55.000Z</time></trkpt>
      <trkpt lat="35.862042" lon="127.772633"><ele>863.7</ele><time>2016-01-23T13:44:02.000Z</time></trkpt>
      <trkpt lat="35.862087" lon="127.772630"><ele>863.4</ele><time>2016-01-23T13:44:11.000Z</time></trkpt>
      <trkpt lat="35.862132" lon="127.772627"><ele>863.0</ele><time>2016-01-23T13:44:11.000Z</time></trkpt>
      <trkpt lat="35.862176" lon="127.772616"><ele>862.7</ele><time>2016-01-23T13:44:19.000Z</time></trkpt>
      <trkpt lat="35.862220" lon="127.772603"><ele>862.4</ele><time>2016-01-23T13:44:19.000Z</time></trkpt>
      <trkpt lat="35.862262" lon="127.772584"><ele>862.0</ele><time>2016-01-23T13:44:27.000Z</time></trkpt>
      <trkpt lat="35.862304" lon="127.772564"><ele>861.6</ele><time>2016-01-23T13:44:27.000Z</time></trkpt>
      <trkpt lat="35.862345" lon="127.772543"><ele>861.1</ele><time>2016-01-23T13:44:37.000Z</time></trkpt>
      <trkpt lat="35.862387" lon="127.772522"><ele>860.7</ele><time>2016-01-23T13:44:37.000Z</time></trkpt>
      <trkpt lat="35.862428" lon="127.772500"><ele>860.1</ele><time>2016-01-23T13:44:37.000Z</time></trkpt>
      <trkpt lat="35.862469" lon="127.772477"><ele>859.6</ele><time>2016-01-23T13:44:48.000Z</time></trkpt>
      <trkpt lat="35.862511" lon="127.772456"><ele>859.1</ele><time>2016-01-23T13:44:48.000Z</time></trkpt>
      <trkpt lat="35.862552" lon="127.772435"><ele>858.5</ele><time>2016-01-23T13:44:57.000Z</time></trkpt>
      <trkpt lat="35.862594" lon="127.772415"><ele>857.9</ele><time>2016-01-23T13:44:57.000Z</time></trkpt>
      <trkpt lat="35.862637" lon="127.772399"><ele>857.3</ele><time>2016-01-23T13:45:08.000Z</time></trkpt>
      <trkpt lat="35.862681" lon="127.772384"><ele>856.6</ele><time>2016-01-23T13:45:08.000Z</time></trkpt>
      <trkpt lat="35.862724" lon="127.772371"><ele>855.9</ele><time>2016-01-23T13:45:17.000Z</time></trkpt>
      <trkpt lat="35.862768" lon="127.772358"><ele>855.3</ele><time>2016-01-23T13:45:17.000Z</time></trkpt>
      <trkpt lat="35.862813" lon="127.772351"><ele>854.6</ele><time>2016-01-23T13:45:17.000Z</time></trkpt>
      <trkpt lat="35.862857" lon="127.772345"><ele>853.9</ele><time>2016-01-23T13:45:26.000Z</time></trkpt>
      <trkpt lat="35.862902" lon="127.772338"><ele>853.3</ele><time>2016-01-23T13:45:26.000Z</time></trkpt>
      <trkpt lat="35.862947" lon="127.772331"><ele>852.7</ele><time>2016-01-23T13:45:36.000Z</time></trkpt>
      <trkpt lat="35.862991" lon="127.772327"><ele>852.1</ele><time>2016-01-23T13:45:36.000Z</time></trkpt>
      <trkpt lat="35.863036" lon="127.772325"><ele>851.5</ele><time>2016-01-23T13:45:45.000Z</time></trkpt>
      <trkpt lat="35.863081" lon="127.772323"><ele>851.0</ele><time>2016-01-23T13:45:45.000Z</time></trkpt>
      <trkpt lat="35.863126" lon="127.772320"><ele>850.5</ele><time>2016-01-23T13:45:55.000Z</time></trkpt>
      <trkpt lat="35.863171" lon="127.772317"><ele>850.0</ele><time>2016-01-23T13:45:55.000Z</time></trkpt>
      <trkpt lat="35.863216" lon="127.772312"><ele>849.6</ele><time>2016-01-23T13:46:05.000Z</time></trkpt>
      <trkpt lat="35.863260" lon="127.772306"><ele>849.2</ele><time>2016-01-23T13:46:05.000Z</time></trkpt>
      <trkpt lat="35.863304" lon="127.772293"><ele>849.0</ele><time>2016-01-23T13:46:16.000Z</time></trkpt>
      <trkpt lat="35.863348" lon="127.772280"><ele>848.7</ele><time>2016-01-23T13:46:16.000Z</time></trkpt>
      <trkpt lat="35.863391" lon="127.772264"><ele>848.6</ele><time>2016-01-23T13:46:26.000Z</time></trkpt>
      <trkpt lat="35.863434" lon="127.772248"><ele>848.5</ele><time>2016-01-23T13:46:26.000Z</time></trkpt>
      <trkpt lat="35.863477" lon="127.772230"><ele>848.4</ele><time>2016-01-23T13:46:26.000Z</time></trkpt>
      <trkpt lat="35.863519" lon="127.772212"><ele>848.3</ele><time>2016-01-23T13:46:35.000Z</time></trkpt>
      <trkpt lat="35.863562" lon="127.772194"><ele>848.3</ele><time>2016-01-23T13:46:35.000Z</time></trkpt>
      <trkpt lat="35.863604" lon="127.772177"><ele>848.3</ele><time>2016-01-23T13:46:46.000Z</time></trkpt>
      <trkpt lat="35.863647" lon="127.772158"><ele>848.3</ele><time>2016-01-23T13:46:46.000Z</time></trkpt>
      <trkpt lat="35.863689" lon="127.772138"><ele>848.4</ele><time>2016-01-23T13:46:54.000Z</time></trkpt>
      <trkpt lat="35.863731" lon="127.772120"><ele>848.4</ele><time>2016-01-23T13:46:54.000Z</time></trkpt>
      <trkpt lat="35.863774" lon="127.772104"><ele>848.4</ele><time>2016-01-23T13:47:05.000Z</time></trkpt>
      <trkpt lat="35.863817" lon="127.772089"><ele>848.5</ele><time>2016-01-23T13:47:05.000Z</time></trkpt>
      <trkpt lat="35.863862" lon="127.772080"><ele>848.5</ele><time>2016-01-23T13:47:20.000Z</time></trkpt>
      <trkpt lat="35.863906" lon="127.772072"><ele>848.6</ele><time>2016-01-23T13:47:20.000Z</time></trkpt>
      <trkpt lat="35.863951" lon="127.772075"><ele>848.6</ele><time>2016-01-23T13:47:20.000Z</time></trkpt>
      <trkpt lat="35.863996" lon="127.772078"><ele>848.7</ele><time>2016-01-23T13:47:29.000Z</time></trkpt>
      <trkpt lat="35.864041" lon="127.772084"><ele>848.7</ele><time>2016-01-23T13:47:29.000Z</time></trkpt>
      <trkpt lat="35.864086" lon="127.772090"><ele>848.8</ele><time>2016-01-23T13:47:37.000Z</time></trkpt>
      <trkpt lat="35.864130" lon="127.772094"><ele>848.8</ele><time>2016-01-23T13:47:37.000Z</time></trkpt>
      <trkpt lat="35.864175" lon="127.772096"><ele>848.8</ele><time>2016-01-23T13:47:46.000Z</time></trkpt>
      <trkpt lat="35.864220" lon="127.772096"><ele>848.8</ele><time>2016-01-23T13:47:46.000Z</time></trkpt>
      <trkpt lat="35.864265" lon="127.772091"><ele>848.8</ele><time>2016-01-23T13:47:54.000Z</time></trkpt>
      <trkpt lat="35.864309" lon="127.772084"><ele>848.8</ele><time>2016-01-23T13:47:54.000Z</time></trkpt>
      <trkpt lat="35.864353" lon="127.772072"><ele>848.8</ele><time>2016-01-23T13:48:02.000Z</time></trkpt>
      <trkpt lat="35.864397" lon="127.772061"><ele>848.7</ele><time>2016-01-23T13:48:02.000Z</time></trkpt>
      <trkpt lat="35.864442" lon="127.772051"><ele>848.7</ele><time>2016-01-23T13:48:11.000Z</time></trkpt>
      <trkpt lat="35.864486" lon="127.772041"><ele>848.7</ele><time>2016-01-23T13:48:11.000Z</time></trkpt>
      <trkpt lat="35.864530" lon="127.772029"><ele>848.7</ele><time>2016-01-23T13:48:19.000Z</time></trkpt>
      <trkpt lat="35.864574" lon="127.772018"><ele>848.7</ele><time>2016-01-23T13:48:19.000Z</time></trkpt>
      <trkpt lat="35.864618" lon="127.772009"><ele>848.7</ele><time>2016-01-23T13:48:19.000Z</time></trkpt>
      <trkpt lat="35.864663" lon="127.772001"><ele>848.7</ele><time>2016-01-23T13:48:27.000Z</time></trkpt>
      <trkpt lat="35.864708" lon="127.771996"><ele>848.7</ele><time>2016-01-23T13:48:27.000Z</time></trkpt>
      <trkpt lat="35.864752" lon="127.771992"><ele>848.7</ele><time>2016-01-23T13:48:36.000Z</time></trkpt>
      <trkpt lat="35.864797" lon="127.771991"><ele>848.7</ele><time>2016-01-23T13:48:36.000Z</time></trkpt>
      <trkpt lat="35.864842" lon="127.771992"><ele>848.8</ele><time>2016-01-23T13:48:43.000Z</time></trkpt>
      <trkpt lat="35.864887" lon="127.771993"><ele>848.7</ele><time>2016-01-23T13:48:43.000Z</time></trkpt>
      <trkpt lat="35.864932" lon="127.771995"><ele>848.7</ele><time>2016-01-23T13:48:50.000Z</time></trkpt>
      <trkpt lat="35.864977" lon="127.771994"><ele>848.6</ele><time>2016-01-23T13:48:50.000Z</time></trkpt>
      <trkpt lat="35.865022" lon="127.771993"><ele>848.5</ele><time>2016-01-23T13:48:59.000Z</time></trkpt>
      <trkpt lat="35.865067" lon="127.771996"><ele>848.3</ele><time>2016-01-23T13:48:59.000Z</time></trkpt>
      <trkpt lat="35.865112" lon="127.772000"><ele>848.1</ele><time>2016-01-23T13:49:08.000Z</time></trkpt>
      <trkpt lat="35.865156" lon="127.772009"><ele>847.9</ele><time>2016-01-23T13:49:08.000Z</time></trkpt>
      <trkpt lat="35.865200" lon="127.772021"><ele>847.6</ele><time>2016-01-23T13:49:17.000Z</time></trkpt>
      <trkpt lat="35.865243" lon="127.772036"><ele>847.4</ele><time>2016-01-23T13:49:17.000Z</time></trkpt>
      <trkpt lat="35.865286" lon="127.772052"><ele>847.1</ele><time>2016-01-23T13:49:25.000Z</time></trkpt>
      <trkpt lat="35.865330" lon="127.772066"><ele>846.8</ele><time>2016-01-23T13:49:25.000Z</time></trkpt>
      <trkpt lat="35.865373" lon="127.772079"><ele>846.5</ele><time>2016-01-23T13:49:34.000Z</time></trkpt>
      <trkpt lat="35.865418" lon="127.772090"><ele>846.3</ele><time>2016-01-23T13:49:34.000Z</time></trkpt>
      <trkpt lat="35.865462" lon="127.772099"><ele>846.0</ele><time>2016-01-23T13:49:42.000Z</time></trkpt>
      <trkpt lat="35.865506" lon="127.772107"><ele>845.7</ele><time>2016-01-23T13:49:42.000Z</time></trkpt>
      <trkpt lat="35.865551" lon="127.772116"><ele>845.3</ele><time>2016-01-23T13:49:53.000Z</time></trkpt>
      <trkpt lat="35.865595" lon="127.772124"><ele>845.0</ele><time>2016-01-23T13:49:53.000Z</time></trkpt>
      <trkpt lat="35.865640" lon="127.772131"><ele>844.7</ele><time>2016-01-23T13:49:53.000Z</time></trkpt>
      <trkpt lat="35.865685" lon="127.772138"><ele>844.3</ele><time>2016-01-23T13:50:02.000Z</time></trkpt>
      <trkpt lat="35.865729" lon="127.772134"><ele>843.9</ele><time>2016-01-23T13:50:02.000Z</time></trkpt>
      <trkpt lat="35.865774" lon="127.772127"><ele>843.5</ele><time>2016-01-23T13:50:11.000Z</time></trkpt>
      <trkpt lat="35.865816" lon="127.772109"><ele>843.0</ele><time>2016-01-23T13:50:11.000Z</time></trkpt>
      <trkpt lat="35.865857" lon="127.772087"><ele>842.6</ele><time>2016-01-23T13:50:21.000Z</time></trkpt>
      <trkpt lat="35.865896" lon="127.772059"><ele>842.1</ele><time>2016-01-23T13:50:21.000Z</time></trkpt>
      <trkpt lat="35.865932" lon="127.772026"><ele>841.7</ele><time>2016-01-23T13:50:30.000Z</time></trkpt>
      <trkpt lat="35.865967" lon="127.771992"><ele>841.3</ele><time>2016-01-23T13:50:30.000Z</time></trkpt>
      <trkpt lat="35.866003" lon="127.771958"><ele>840.8</ele><time>2016-01-23T13:50:40.000Z</time></trkpt>
      <trkpt lat="35.866038" lon="127.771924"><ele>840.3</ele><time>2016-01-23T13:50:40.000Z</time></trkpt>
      <trkpt lat="35.866075" lon="127.771893"><ele>839.9</ele><time>2016-01-23T13:50:51.000Z</time></trkpt>
      <trkpt lat="35.866113" lon="127.771862"><ele>839.4</ele><time>2016-01-23T13:50:51.000Z</time></trkpt>
      <trkpt lat="35.866153" lon="127.771837"><ele>839.0</ele><time>2016-01-23T13:51:01.000Z</time></trkpt>
      <trkpt lat="35.866193" lon="127.771811"><ele>838.5</ele><time>2016-01-23T13:51:01.000Z</time></trkpt>
      <trkpt lat="35.866233" lon="127.771786"><ele>838.2</ele><time>2016-01-23T13:51:01.000Z</time></trkpt>
      <trkpt lat="35.866273" lon="127.771760"><ele>837.8</ele><time>2016-01-23T13:51:09.000Z</time></trkpt>
      <trkpt lat="35.866311" lon="127.771731"><ele>837.5</ele><time>2016-01-23T13:51:09.000Z</time></trkpt>
      <trkpt lat="35.866349" lon="127.771702"><ele>837.2</ele><time>2016-01-23T13:51:20.000Z</time></trkpt>
      <trkpt lat="35.866383" lon="127.771666"><ele>837.0</ele><time>2016-01-23T13:51:20.000Z</time></trkpt>
      <trkpt lat="35.866416" lon="127.771628"><ele>836.8</ele><time>2016-01-23T13:51:26.000Z</time></trkpt>
      <trkpt lat="35.866447" lon="127.771587"><ele>836.7</ele><time>2016-01-23T13:51:26.000Z</time></trkpt>
      <trkpt lat="35.866477" lon="127.771546"><ele>836.6</ele><time>2016-01-23T13:51:42.000Z</time></trkpt>
      <trkpt lat="35.866509" lon="127.771507"><ele>836.6</ele><time>2016-01-23T13:51:50.000Z</time></trkpt>
      <trkpt lat="35.866541" lon="127.771468"><ele>836.5</ele><time>2016-01-23T13:51:50.000Z</time></trkpt>
      <trkpt lat="35.866576" lon="127.771433"><ele>836.5</ele><time>2016-01-23T13:51:50.000Z</time></trkpt>
      <trkpt lat="35.866611" lon="127.771398"><ele>836.5</ele><time>2016-01-23T13:51:58.000Z</time></trkpt>
      <trkpt lat="35.866649" lon="127.771369"><ele>836.5</ele><time>2016-01-23T13:51:58.000Z</time></trkpt>
      <trkpt lat="35.866688" lon="127.771341"><ele>836.5</ele><time>2016-01-23T13:52:07.000Z</time></trkpt>
      <trkpt lat="35.866728" lon="127.771317"><ele>836.6</ele><time>2016-01-23T13:52:07.000Z</time></trkpt>
      <trkpt lat="35.866769" lon="127.771293"><ele>836.6</ele><time>2016-01-23T13:52:14.000Z</time></trkpt>
      <trkpt lat="35.866810" lon="127.771271"><ele>836.7</ele><time>2016-01-23T13:52:19.000Z</time></trkpt>
      <trkpt lat="35.866851" lon="127.771249"><ele>836.8</ele><time>2016-01-23T13:52:19.000Z</time></trkpt>
      <trkpt lat="35.866892" lon="127.771225"><ele>837.0</ele><time>2016-01-23T13:52:25.000Z</time></trkpt>
      <trkpt lat="35.866933" lon="127.771202"><ele>837.3</ele><time>2016-01-23T13:52:25.000Z</time></trkpt>
      <trkpt lat="35.866974" lon="127.771180"><ele>837.5</ele><time>2016-01-23T13:52:30.000Z</time></trkpt>
      <trkpt lat="35.867017" lon="127.771167"><ele>837.7</ele><time>2016-01-23T13:52:30.000Z</time></trkpt>
      <trkpt lat="35.867062" lon="127.771162"><ele>837.9</ele><time>2016-01-23T13:52:38.000Z</time></trkpt>
      <trkpt lat="35.867107" lon="127.771164"><ele>838.1</ele><time>2016-01-23T13:52:38.000Z</time></trkpt>
      <trkpt lat="35.867152" lon="127.771169"><ele>838.3</ele><time>2016-01-23T13:52:48.000Z</time></trkpt>
      <trkpt lat="35.867196" lon="127.771175"><ele>838.5</ele><time>2016-01-23T13:52:53.000Z</time></trkpt>
      <trkpt lat="35.867241" lon="127.771182"><ele>838.6</ele><time>2016-01-23T13:52:53.000Z</time></trkpt>
      <trkpt lat="35.867286" lon="127.771188"><ele>838.7</ele><time>2016-01-23T13:52:59.000Z</time></trkpt>
      <trkpt lat="35.867330" lon="127.771195"><ele>838.7</ele><time>2016-01-23T13:52:59.000Z</time></trkpt>
      <trkpt lat="35.867375" lon="127.771203"><ele>838.7</ele><time>2016-01-23T13:53:11.000Z</time></trkpt>
      <trkpt lat="35.867419" lon="127.771211"><ele>838.7</ele><time>2016-01-23T13:53:11.000Z</time></trkpt>
      <trkpt lat="35.867463" lon="127.771222"><ele>838.7</ele><time>2016-01-23T13:53:11.000Z</time></trkpt>
      <trkpt lat="35.867507" lon="127.771234"><ele>838.8</ele><time>2016-01-23T13:53:19.000Z</time></trkpt>
      <trkpt lat="35.867551" lon="127.771247"><ele>838.8</ele><time>2016-01-23T13:53:19.000Z</time></trkpt>
      <trkpt lat="35.867594" lon="127.771262"><ele>838.8</ele><time>2016-01-23T13:53:26.000Z</time></trkpt>
      <trkpt lat="35.867637" lon="127.771280"><ele>838.8</ele><time>2016-01-23T13:53:26.000Z</time></trkpt>
      <trkpt lat="35.867677" lon="127.771305"><ele>838.8</ele><time>2016-01-23T13:53:33.000Z</time></trkpt>
      <trkpt lat="35.867715" lon="127.771332"><ele>838.8</ele><time>2016-01-23T13:53:33.000Z</time></trkpt>
      <trkpt lat="35.867750" lon="127.771367"><ele>838.8</ele><time>2016-01-23T13:53:40.000Z</time></trkpt>
      <trkpt lat="35.867785" lon="127.771403"><ele>838.8</ele><time>2016-01-23T13:53:40.000Z</time></trkpt>
      <trkpt lat="35.867813" lon="127.771446"><ele>838.8</ele><time>2016-01-23T13:53:40.000Z</time></trkpt>
      <trkpt lat="35.867840" lon="127.771490"><ele>838.7</ele><time>2016-01-23T13:53:47.000Z</time></trkpt>
      <trkpt lat="35.867863" lon="127.771538"><ele>838.5</ele><time>2016-01-23T13:53:47.000Z</time></trkpt>
      <trkpt lat="35.867885" lon="127.771586"><ele>838.3</ele><time>2016-01-23T13:53:54.000Z</time></trkpt>
      <trkpt lat="35.867902" lon="127.771637"><ele>838.0</ele><time>2016-01-23T13:53:54.000Z</time></trkpt>
      <trkpt lat="35.867918" lon="127.771689"><ele>837.7</ele><time>2016-01-23T13:54:02.000Z</time></trkpt>
      <trkpt lat="35.867931" lon="127.771743"><ele>837.3</ele><time>2016-01-23T13:54:02.000Z</time></trkpt>
      <trkpt lat="35.867942" lon="127.771796"><ele>836.9</ele><time>2016-01-23T13:54:10.000Z</time></trkpt>
      <trkpt lat="35.867950" lon="127.771851"><ele>836.5</ele><time>2016-01-23T13:54:10.000Z</time></trkpt>
      <trkpt lat="35.867955" lon="127.771906"><ele>835.9</ele><time>2016-01-23T13:54:17.000Z</time></trkpt>
      <trkpt lat="35.867961" lon="127.771961"><ele>835.3</ele><time>2016-01-23T13:54:17.000Z</time></trkpt>
      <trkpt lat="35.867970" lon="127.772015"><ele>834.6</ele><time>2016-01-23T13:54:25.000Z</time></trkpt>
      <trkpt lat="35.867983" lon="127.772068"><ele>833.9</ele><time>2016-01-23T13:54:25.000Z</time></trkpt>
      <trkpt lat="35.868001" lon="127.772119"><ele>833.2</ele><time>2016-01-23T13:54:34.000Z</time></trkpt>
      <trkpt lat="35.868020" lon="127.772169"><ele>832.5</ele><time>2016-01-23T13:54:34.000Z</time></trkpt>
      <trkpt lat="35.868043" lon="127.772217"><ele>831.8</ele><time>2016-01-23T13:54:42.000Z</time></trkpt>
      <trkpt lat="35.868066" lon="127.772265"><ele>831.1</ele><time>2016-01-23T13:54:42.000Z</time></trkpt>
      <trkpt lat="35.868087" lon="127.772314"><ele>830.4</ele><time>2016-01-23T13:54:42.000Z</time></trkpt>
      <trkpt lat="35.868108" lon="127.772363"><ele>829.6</ele><time>2016-01-23T13:54:50.000Z</time></trkpt>
      <trkpt lat="35.868120" lon="127.772416"><ele>828.8</ele><time>2016-01-23T13:54:50.000Z</time></trkpt>
      <trkpt lat="35.868130" lon="127.772470"><ele>827.9</ele><time>2016-01-23T13:54:57.000Z</time></trkpt>
      <trkpt lat="35.868125" lon="127.772524"><ele>827.0</ele><time>2016-01-23T13:54:57.000Z</time></trkpt>
      <trkpt lat="35.868115" lon="127.772578"><ele>826.0</ele><time>2016-01-23T13:55:05.000Z</time></trkpt>
      <trkpt lat="35.868091" lon="127.772626"><ele>825.1</ele><time>2016-01-23T13:55:13.000Z</time></trkpt>
      <trkpt lat="35.868068" lon="127.772673"><ele>824.2</ele><time>2016-01-23T13:55:13.000Z</time></trkpt>
      <trkpt lat="35.868044" lon="127.772719"><ele>823.3</ele><time>2016-01-23T13:55:13.000Z</time></trkpt>
      <trkpt lat="35.868019" lon="127.772766"><ele>822.4</ele><time>2016-01-23T13:55:22.000Z</time></trkpt>
      <trkpt lat="35.868007" lon="127.772819"><ele>821.6</ele><time>2016-01-23T13:55:22.000Z</time></trkpt>
      <trkpt lat="35.867997" lon="127.772873"><ele>820.8</ele><time>2016-01-23T13:55:30.000Z</time></trkpt>
      <trkpt lat="35.867994" lon="127.772928"><ele>820.1</ele><time>2016-01-23T13:55:30.000Z</time></trkpt>
      <trkpt lat="35.867996" lon="127.772984"><ele>819.4</ele><time>2016-01-23T13:55:38.000Z</time></trkpt>
      <trkpt lat="35.868000" lon="127.773039"><ele>818.7</ele><time>2016-01-23T13:55:38.000Z</time></trkpt>
      <trkpt lat="35.868009" lon="127.773093"><ele>818.0</ele><time>2016-01-23T13:55:45.000Z</time></trkpt>
      <trkpt lat="35.868018" lon="127.773148"><ele>817.4</ele><time>2016-01-23T13:55:45.000Z</time></trkpt>
      <trkpt lat="35.868030" lon="127.773201"><ele>816.8</ele><time>2016-01-23T13:55:45.000Z</time></trkpt>
      <trkpt lat="35.868042" lon="127.773254"><ele>816.2</ele><time>2016-01-23T13:55:53.000Z</time></trkpt>
      <trkpt lat="35.868058" lon="127.773306"><ele>815.6</ele><time>2016-01-23T13:55:53.000Z</time></trkpt>
      <trkpt lat="35.868077" lon="127.773356"><ele>815.1</ele><time>2016-01-23T13:56:01.000Z</time></trkpt>
      <trkpt lat="35.868101" lon="127.773403"><ele>814.5</ele><time>2016-01-23T13:56:01.000Z</time></trkpt>
      <trkpt lat="35.868131" lon="127.773444"><ele>814.0</ele><time>2016-01-23T13:56:08.000Z</time></trkpt>
      <trkpt lat="35.868164" lon="127.773480"><ele>813.6</ele><time>2016-01-23T13:56:08.000Z</time></trkpt>
      <trkpt lat="35.868203" lon="127.773507"><ele>813.2</ele><time>2016-01-23T13:56:16.000Z</time></trkpt>
      <trkpt lat="35.868244" lon="127.773532"><ele>812.8</ele><time>2016-01-23T13:56:16.000Z</time></trkpt>
      <trkpt lat="35.868286" lon="127.773551"><ele>812.5</ele><time>2016-01-23T13:56:25.000Z</time></trkpt>
      <trkpt lat="35.868329" lon="127.773568"><ele>812.2</ele><time>2016-01-23T13:56:25.000Z</time></trkpt>
      <trkpt lat="35.868373" lon="127.773578"><ele>812.0</ele><time>2016-01-23T13:56:35.000Z</time></trkpt>
      <trkpt lat="35.868417" lon="127.773587"><ele>811.7</ele><time>2016-01-23T13:56:35.000Z</time></trkpt>
      <trkpt lat="35.868462" lon="127.773593"><ele>811.5</ele><time>2016-01-23T13:56:35.000Z</time></trkpt>
      <trkpt lat="35.868507" lon="127.773599"><ele>811.3</ele><time>2016-01-23T13:56:42.000Z</time></trkpt>
      <trkpt lat="35.868551" lon="127.773602"><ele>811.1</ele><time>2016-01-23T13:56:42.000Z</time></trkpt>
      <trkpt lat="35.868596" lon="127.773603"><ele>811.0</ele><time>2016-01-23T13:56:50.000Z</time></trkpt>
      <trkpt lat="35.868641" lon="127.773605"><ele>810.9</ele><time>2016-01-23T13:56:50.000Z</time></trkpt>
      <trkpt lat="35.868686" lon="127.773607"><ele>810.8</ele><time>2016-01-23T13:56:58.000Z</time></trkpt>
      <trkpt lat="35.868731" lon="127.773608"><ele>810.7</ele><time>2016-01-23T13:56:58.000Z</time></trkpt>
      <trkpt lat="35.868776" lon="127.773609"><ele>810.6</ele><time>2016-01-23T13:57:03.000Z</time></trkpt>
      <trkpt lat="35.868821" lon="127.773610"><ele>810.6</ele><time>2016-01-23T13:57:03.000Z</time></trkpt>
      <trkpt lat="35.868866" lon="127.773615"><ele>810.5</ele><time>2016-01-23T13:57:08.000Z</time></trkpt>
      <trkpt lat="35.868911" lon="127.773621"><ele>810.5</ele><time>2016-01-23T13:57:08.000Z</time></trkpt>
      <trkpt lat="35.868955" lon="127.773627"><ele>810.5</ele><time>2016-01-23T13:57:16.000Z</time></trkpt>
      <trkpt lat="35.869000" lon="127.773635"><ele>810.5</ele><time>2016-01-23T13:57:16.000Z</time></trkpt>
      <trkpt lat="35.869044" lon="127.773644"><ele>810.4</ele><time>2016-01-23T13:57:24.000Z</time></trkpt>
      <trkpt lat="35.869088" lon="127.773656"><ele>810.3</ele><time>2016-01-23T13:57:24.000Z</time></trkpt>
      <trkpt lat="35.869131" lon="127.773671"><ele>810.2</ele><time>2016-01-23T13:57:32.000Z</time></trkpt>
      <trkpt lat="35.869174" lon="127.773688"><ele>810.1</ele><time>2016-01-23T13:57:32.000Z</time></trkpt>
      <trkpt lat="35.869214" lon="127.773714"><ele>809.9</ele><time>2016-01-23T13:57:40.000Z</time></trkpt>
      <trkpt lat="35.869253" lon="127.773741"><ele>809.7</ele><time>2016-01-23T13:57:40.000Z</time></trkpt>
      <trkpt lat="35.869287" lon="127.773777"><ele>809.5</ele><time>2016-01-23T13:57:47.000Z</time></trkpt>
      <trkpt lat="35.869320" lon="127.773814"><ele>809.2</ele><time>2016-01-23T13:57:47.000Z</time></trkpt>
      <trkpt lat="35.869346" lon="127.773860"><ele>809.0</ele><time>2016-01-23T13:57:55.000Z</time></trkpt>
      <trkpt lat="35.869370" lon="127.773907"><ele>808.7</ele><time>2016-01-23T13:57:55.000Z</time></trkpt>
      <trkpt lat="35.869388" lon="127.773957"><ele>808.5</ele><time>2016-01-23T13:58:04.000Z</time></trkpt>
      <trkpt lat="35.869407" lon="127.774008"><ele>808.2</ele><time>2016-01-23T13:58:04.000Z</time></trkpt>
      <trkpt lat="35.869422" lon="127.774060"><ele>808.0</ele><time>2016-01-23T13:58:04.000Z</time></trkpt>
      <trkpt lat="35.869438" lon="127.774112"><ele>807.7</ele><time>2016-01-23T13:58:12.000Z</time></trkpt>
      <trkpt lat="35.869456" lon="127.774163"><ele>807.4</ele><time>2016-01-23T13:58:12.000Z</time></trkpt>
      <trkpt lat="35.869475" lon="127.774213"><ele>807.1</ele><time>2016-01-23T13:58:19.000Z</time></trkpt>
      <trkpt lat="35.869494" lon="127.774263"><ele>806.8</ele><time>2016-01-23T13:58:19.000Z</time></trkpt>
      <trkpt lat="35.869513" lon="127.774314"><ele>806.5</ele><time>2016-01-23T13:58:27.000Z</time></trkpt>
      <trkpt lat="35.869532" lon="127.774364"><ele>806.2</ele><time>2016-01-23T13:58:27.000Z</time></trkpt>
      <trkpt lat="35.869551" lon="127.774414"><ele>805.9</ele><time>2016-01-23T13:58:35.000Z</time></trkpt>
      <trkpt lat="35.869569" lon="127.774465"><ele>805.7</ele><time>2016-01-23T13:58:35.000Z</time></trkpt>
      <trkpt lat="35.869585" lon="127.774517"><ele>805.5</ele><time>2016-01-23T13:58:43.000Z</time></trkpt>
      <trkpt lat="35.869605" lon="127.774567"><ele>805.3</ele><time>2016-01-23T13:58:43.000Z</time></trkpt>
      <trkpt lat="35.869628" lon="127.774614"><ele>805.2</ele><time>2016-01-23T13:58:50.000Z</time></trkpt>
      <trkpt lat="35.869658" lon="127.774655"><ele>805.1</ele><time>2016-01-23T13:58:50.000Z</time></trkpt>
      <trkpt lat="35.869691" lon="127.774693"><ele>805.1</ele><time>2016-01-23T13:58:57.000Z</time></trkpt>
      <trkpt lat="35.869730" lon="127.774720"><ele>805.1</ele><time>2016-01-23T13:58:57.000Z</time></trkpt>
      <trkpt lat="35.869770" lon="127.774745"><ele>805.1</ele><time>2016-01-23T13:59:06.000Z</time></trkpt>
      <trkpt lat="35.869811" lon="127.774766"><ele>805.1</ele><time>2016-01-23T13:59:06.000Z</time></trkpt>
      <trkpt lat="35.869853" lon="127.774787"><ele>805.1</ele><time>2016-01-23T13:59:16.000Z</time></trkpt>
      <trkpt lat="35.869896" lon="127.774805"><ele>805.1</ele><time>2016-01-23T13:59:16.000Z</time></trkpt>
      <trkpt lat="35.869938" lon="127.774822"><ele>805.1</ele><time>2016-01-23T13:59:25.000Z</time></trkpt>
      <trkpt lat="35.869982" lon="127.774837"><ele>805.1</ele><time>2016-01-23T13:59:25.000Z</time></trkpt>
      <trkpt lat="35.870025" lon="127.774849"><ele>805.0</ele><time>2016-01-23T13:59:34.000Z</time></trkpt>
      <trkpt lat="35.870069" lon="127.774861"><ele>805.0</ele><time>2016-01-23T13:59:34.000Z</time></trkpt>
      <trkpt lat="35.870113" lon="127.774873"><ele>804.9</ele><time>2016-01-23T13:59:42.000Z</time></trkpt>
      <trkpt lat="35.870157" lon="127.774885"><ele>804.9</ele><time>2016-01-23T13:59:42.000Z</time></trkpt>
      <trkpt lat="35.870201" lon="127.774898"><ele>804.8</ele><time>2016-01-23T13:59:50.000Z</time></trkpt>
      <trkpt lat="35.870244" lon="127.774913"><ele>804.7</ele><time>2016-01-23T13:59:50.000Z</time></trkpt>
      <trkpt lat="35.870286" lon="127.774935"><ele>804.6</ele><time>2016-01-23T13:59:59.000Z</time></trkpt>
      <trkpt lat="35.870327" lon="127.774956"><ele>804.5</ele><time>2016-01-23T13:59:59.000Z</time></trkpt>
      <trkpt lat="35.870368" lon="127.774978"><ele>804.4</ele><time>2016-01-23T13:59:59.000Z</time></trkpt>
      <trkpt lat="35.870410" lon="127.774999"><ele>804.3</ele><time>2016-01-23T14:00:07.000Z</time></trkpt>
      <trkpt lat="35.870451" lon="127.775022"><ele>804.2</ele><time>2016-01-23T14:00:07.000Z</time></trkpt>
      <trkpt lat="35.870492" lon="127.775045"><ele>804.1</ele><time>2016-01-23T14:00:17.000Z</time></trkpt>
      <trkpt lat="35.870533" lon="127.775068"><ele>804.0</ele><time>2016-01-23T14:00:17.000Z</time></trkpt>
      <trkpt lat="35.870573" lon="127.775091"><ele>804.0</ele><time>2016-01-23T14:00:25.000Z</time></trkpt>
      <trkpt lat="35.870614" lon="127.775116"><ele>803.9</ele><time>2016-01-23T14:00:25.000Z</time></trkpt>
      <trkpt lat="35.870652" lon="127.775145"><ele>803.9</ele><time>2016-01-23T14:00:32.000Z</time></trkpt>
      <trkpt lat="35.870690" lon="127.775175"><ele>803.9</ele><time>2016-01-23T14:00:32.000Z</time></trkpt>
      <trkpt lat="35.870726" lon="127.775207"><ele>803.9</ele><time>2016-01-23T14:00:32.000Z</time></trkpt>
      <trkpt lat="35.870763" lon="127.775239"><ele>803.9</ele><time>2016-01-23T14:00:39.000Z</time></trkpt>
      <trkpt lat="35.870799" lon="127.775272"><ele>803.9</ele><time>2016-01-23T14:00:39.000Z</time></trkpt>
      <trkpt lat="35.870835" lon="127.775306"><ele>803.9</ele><time>2016-01-23T14:00:46.000Z</time></trkpt>
      <trkpt lat="35.870871" lon="127.775339"><ele>803.9</ele><time>2016-01-23T14:00:46.000Z</time></trkpt>
      <trkpt lat="35.870907" lon="127.775373"><ele>803.9</ele><time>2016-01-23T14:00:54.000Z</time></trkpt>
      <trkpt lat="35.870943" lon="127.775405"><ele>803.9</ele><time>2016-01-23T14:00:54.000Z</time></trkpt>
      <trkpt lat="35.870982" lon="127.775434"><ele>803.8</ele><time>2016-01-23T14:01:02.000Z</time></trkpt>
      <trkpt lat="35.871020" lon="127.775464"><ele>803.8</ele><time>2016-01-23T14:01:02.000Z</time></trkpt>
      <trkpt lat="35.871062" lon="127.775483"><ele>803.7</ele><time>2016-01-23T14:01:02.000Z</time></trkpt>
      <trkpt lat="35.871104" lon="127.775501"><ele>803.6</ele><time>2016-01-23T14:01:09.000Z</time></trkpt>
      <trkpt lat="35.871148" lon="127.775511"><ele>803.5</ele><time>2016-01-23T14:01:09.000Z</time></trkpt>
      <trkpt lat="35.871193" lon="127.775518"><ele>803.3</ele><time>2016-01-23T14:01:16.000Z</time></trkpt>
      <trkpt lat="35.871238" lon="127.775524"><ele>803.1</ele><time>2016-01-23T14:01:16.000Z</time></trkpt>
      <trkpt lat="35.871283" lon="127.775529"><ele>802.9</ele><time>2016-01-23T14:01:24.000Z</time></trkpt>
      <trkpt lat="35.871327" lon="127.775535"><ele>802.6</ele><time>2016-01-23T14:01:24.000Z</time></trkpt>
      <trkpt lat="35.871371" lon="127.775547"><ele>802.2</ele><time>2016-01-23T14:01:31.000Z</time></trkpt>
      <trkpt lat="35.871415" lon="127.775558"><ele>801.9</ele><time>2016-01-23T14:01:31.000Z</time></trkpt>
      <trkpt lat="35.871456" lon="127.775581"><ele>801.4</ele><time>2016-01-23T14:01:31.000Z</time></trkpt>
      <trkpt lat="35.871497" lon="127.775604"><ele>800.8</ele><time>2016-01-23T14:01:39.000Z</time></trkpt>
      <trkpt lat="35.871535" lon="127.775634"><ele>800.2</ele><time>2016-01-23T14:01:39.000Z</time></trkpt>
      <trkpt lat="35.871572" lon="127.775664"><ele>799.6</ele><time>2016-01-23T14:01:46.000Z</time></trkpt>
      <trkpt lat="35.871608" lon="127.775699"><ele>799.0</ele><time>2016-01-23T14:01:46.000Z</time></trkpt>
      <trkpt lat="35.871642" lon="127.775734"><ele>798.3</ele><time>2016-01-23T14:01:53.000Z</time></trkpt>
      <trkpt lat="35.871679" lon="127.775767"><ele>797.6</ele><time>2016-01-23T14:01:53.000Z</time></trkpt>
      <trkpt lat="35.871715" lon="127.775799"><ele>797.0</ele><time>2016-01-23T14:01:59.000Z</time></trkpt>
      <trkpt lat="35.871753" lon="127.775830"><ele>796.3</ele><time>2016-01-23T14:01:59.000Z</time></trkpt>
      <trkpt lat="35.871790" lon="127.775861"><ele>795.7</ele><time>2016-01-23T14:02:08.000Z</time></trkpt>
      <trkpt lat="35.871828" lon="127.775891"><ele>795.1</ele><time>2016-01-23T14:02:08.000Z</time></trkpt>
      <trkpt lat="35.871866" lon="127.775920"><ele>794.5</ele><time>2016-01-23T14:02:15.000Z</time></trkpt>
      <trkpt lat="35.871904" lon="127.775950"><ele>793.9</ele><time>2016-01-23T14:02:15.000Z</time></trkpt>
      <trkpt lat="35.871942" lon="127.775979"><ele>793.4</ele><time>2016-01-23T14:02:22.000Z</time></trkpt>
      <trkpt lat="35.871981" lon="127.776007"><ele>792.7</ele><time>2016-01-23T14:02:22.000Z</time></trkpt>
      <trkpt lat="35.872021" lon="127.776033"><ele>792.1</ele><time>2016-01-23T14:02:28.000Z</time></trkpt>
      <trkpt lat="35.872060" lon="127.776059"><ele>791.5</ele><time>2016-01-23T14:02:28.000Z</time></trkpt>
      <trkpt lat="35.872101" lon="127.776082"><ele>790.8</ele><time>2016-01-23T14:02:35.000Z</time></trkpt>
      <trkpt lat="35.872143" lon="127.776104"><ele>790.2</ele><time>2016-01-23T14:02:35.000Z</time></trkpt>
      <trkpt lat="35.872185" lon="127.776121"><ele>789.5</ele><time>2016-01-23T14:02:35.000Z</time></trkpt>
      <trkpt lat="35.872228" lon="127.776138"><ele>788.9</ele><time>2016-01-23T14:02:43.000Z</time></trkpt>
      <trkpt lat="35.872271" lon="127.776154"><ele>788.2</ele><time>2016-01-23T14:02:43.000Z</time></trkpt>
      <trkpt lat="35.872315" lon="127.776168"><ele>787.6</ele><time>2016-01-23T14:02:52.000Z</time></trkpt>
      <trkpt lat="35.872358" lon="127.776182"><ele>787.0</ele><time>2016-01-23T14:02:52.000Z</time></trkpt>
      <trkpt lat="35.872402" lon="127.776193"><ele>786.4</ele><time>2016-01-23T14:02:59.000Z</time></trkpt>
      <trkpt lat="35.872446" lon="127.776205"><ele>785.8</ele><time>2016-01-23T14:02:59.000Z</time></trkpt>
      <trkpt lat="35.872490" lon="127.776215"><ele>785.2</ele><time>2016-01-23T14:02:59.000Z</time></trkpt>
      <trkpt lat="35.872535" lon="127.776225"><ele>784.7</ele><time>2016-01-23T14:03:08.000Z</time></trkpt>
      <trkpt lat="35.872579" lon="127.776231"><ele>784.1</ele><time>2016-01-23T14:03:08.000Z</time></trkpt>
      <trkpt lat="35.872624" lon="127.776232"><ele>783.6</ele><time>2016-01-23T14:03:17.000Z</time></trkpt>
      <trkpt lat="35.872669" lon="127.776231"><ele>783.0</ele><time>2016-01-23T14:03:17.000Z</time></trkpt>
      <trkpt lat="35.872714" lon="127.776223"><ele>782.6</ele><time>2016-01-23T14:03:17.000Z</time></trkpt>
      <trkpt lat="35.872758" lon="127.776214"><ele>782.1</ele><time>2016-01-23T14:03:24.000Z</time></trkpt>
      <trkpt lat="35.872802" lon="127.776202"><ele>781.6</ele><time>2016-01-23T14:03:24.000Z</time></trkpt>
      <trkpt lat="35.872845" lon="127.776188"><ele>781.2</ele><time>2016-01-23T14:03:32.000Z</time></trkpt>
      <trkpt lat="35.872889" lon="127.776174"><ele>780.8</ele><time>2016-01-23T14:03:32.000Z</time></trkpt>
      <trkpt lat="35.872933" lon="127.776161"><ele>780.5</ele><time>2016-01-23T14:03:39.000Z</time></trkpt>
      <trkpt lat="35.872976" lon="127.776147"><ele>780.2</ele><time>2016-01-23T14:03:39.000Z</time></trkpt>
      <trkpt lat="35.873019" lon="127.776132"><ele>780.0</ele><time>2016-01-23T14:03:46.000Z</time></trkpt>
      <trkpt lat="35.873063" lon="127.776118"><ele>779.7</ele><time>2016-01-23T14:03:46.000Z</time></trkpt>
      <trkpt lat="35.873107" lon="127.776106"><ele>779.6</ele><time>2016-01-23T14:03:53.000Z</time></trkpt>
      <trkpt lat="35.873151" lon="127.776094"><ele>779.4</ele><time>2016-01-23T14:03:53.000Z</time></trkpt>
      <trkpt lat="35.873195" lon="127.776083"><ele>779.2</ele><time>2016-01-23T14:03:53.000Z</time></trkpt>
      <trkpt lat="35.873239" lon="127.776072"><ele>779.1</ele><time>2016-01-23T14:04:01.000Z</time></trkpt>
      <trkpt lat="35.873283" lon="127.776064"><ele>779.0</ele><time>2016-01-23T14:04:01.000Z</time></trkpt>
      <trkpt lat="35.873328" lon="127.776056"><ele>778.9</ele><time>2016-01-23T14:04:09.000Z</time></trkpt>
      <trkpt lat="35.873372" lon="127.776045"><ele>778.9</ele><time>2016-01-23T14:04:09.000Z</time></trkpt>
      <trkpt lat="35.873416" lon="127.776034"><ele>778.8</ele><time>2016-01-23T14:04:17.000Z</time></trkpt>
      <trkpt lat="35.873460" lon="127.776023"><ele>778.7</ele><time>2016-01-23T14:04:17.000Z</time></trkpt>
      <trkpt lat="35.873504" lon="127.776013"><ele>778.7</ele><time>2016-01-23T14:04:24.000Z</time></trkpt>
      <trkpt lat="35.873549" lon="127.776004"><ele>778.6</ele><time>2016-01-23T14:04:24.000Z</time></trkpt>
      <trkpt lat="35.873593" lon="127.775995"><ele>778.6</ele><time>2016-01-23T14:04:31.000Z</time></trkpt>
      <trkpt lat="35.873637" lon="127.775988"><ele>778.6</ele><time>2016-01-23T14:04:31.000Z</time></trkpt>
      <trkpt lat="35.873682" lon="127.775986"><ele>778.6</ele><time>2016-01-23T14:04:40.000Z</time></trkpt>
      <trkpt lat="35.873727" lon="127.775984"><ele>778.7</ele><time>2016-01-23T14:04:40.000Z</time></trkpt>
      <trkpt lat="35.873772" lon="127.775979"><ele>778.7</ele><time>2016-01-23T14:04:47.000Z</time></trkpt>
      <trkpt lat="35.873817" lon="127.775974"><ele>778.7</ele><time>2016-01-23T14:04:47.000Z</time></trkpt>
      <trkpt lat="35.873862" lon="127.775970"><ele>778.8</ele><time>2016-01-23T14:04:55.000Z</time></trkpt>
      <trkpt lat="35.873907" lon="127.775965"><ele>778.8</ele><time>2016-01-23T14:04:55.000Z</time></trkpt>
      <trkpt lat="35.873951" lon="127.775960"><ele>778.8</ele><time>2016-01-23T14:05:02.000Z</time></trkpt>
      <trkpt lat="35.873996" lon="127.775957"><ele>778.9</ele><time>2016-01-23T14:05:02.000Z</time></trkpt>
      <trkpt lat="35.874041" lon="127.775962"><ele>778.9</ele><time>2016-01-23T14:05:08.000Z</time></trkpt>
      <trkpt lat="35.874086" lon="127.775968"><ele>778.9</ele><time>2016-01-23T14:05:08.000Z</time></trkpt>
      <trkpt lat="35.874130" lon="127.775978"><ele>778.9</ele><time>2016-01-23T14:05:15.000Z</time></trkpt>
      <trkpt lat="35.874174" lon="127.775988"><ele>778.9</ele><time>2016-01-23T14:05:15.000Z</time></trkpt>
      <trkpt lat="35.874219" lon="127.775995"><ele>778.9</ele><time>2016-01-23T14:05:15.000Z</time></trkpt>
      <trkpt lat="35.874263" lon="127.776002"><ele>778.8</ele><time>2016-01-23T14:05:25.000Z</time></trkpt>
      <trkpt lat="35.874308" lon="127.776004"><ele>778.8</ele><time>2016-01-23T14:05:25.000Z</time></trkpt>
      <trkpt lat="35.874353" lon="127.776005"><ele>778.7</ele><time>2016-01-23T14:05:32.000Z</time></trkpt>
      <trkpt lat="35.874398" lon="127.776004"><ele>778.7</ele><time>2016-01-23T14:05:32.000Z</time></trkpt>
      <trkpt lat="35.874443" lon="127.776002"><ele>778.6</ele><time>2016-01-23T14:05:38.000Z</time></trkpt>
      <trkpt lat="35.874488" lon="127.775997"><ele>778.5</ele><time>2016-01-23T14:05:38.000Z</time></trkpt>
      <trkpt lat="35.874532" lon="127.775989"><ele>778.4</ele><time>2016-01-23T14:05:45.000Z</time></trkpt>
      <trkpt lat="35.874577" lon="127.775983"><ele>778.3</ele><time>2016-01-23T14:05:45.000Z</time></trkpt>
      <trkpt lat="35.874622" lon="127.775981"><ele>778.1</ele><time>2016-01-23T14:05:54.000Z</time></trkpt>
      <trkpt lat="35.874667" lon="127.775978"><ele>777.9</ele><time>2016-01-23T14:05:54.000Z</time></trkpt>
      <trkpt lat="35.874712" lon="127.775973"><ele>777.7</ele><time>2016-01-23T14:06:03.000Z</time></trkpt>
      <trkpt lat="35.874756" lon="127.775967"><ele>777.5</ele><time>2016-01-23T14:06:03.000Z</time></trkpt>
      <trkpt lat="35.874801" lon="127.775964"><ele>777.3</ele><time>2016-01-23T14:06:03.000Z</time></trkpt>
      <trkpt lat="35.874846" lon="127.775961"><ele>777.1</ele><time>2016-01-23T14:06:10.000Z</time></trkpt>
      <trkpt lat="35.874891" lon="127.775960"><ele>776.9</ele><time>2016-01-23T14:06:10.000Z</time></trkpt>
      <trkpt lat="35.874936" lon="127.775958"><ele>776.6</ele><time>2016-01-23T14:06:17.000Z</time></trkpt>
      <trkpt lat="35.874980" lon="127.775967"><ele>776.3</ele><time>2016-01-23T14:06:17.000Z</time></trkpt>
      <trkpt lat="35.875024" lon="127.775978"><ele>776.0</ele><time>2016-01-23T14:06:24.000Z</time></trkpt>
      <trkpt lat="35.875067" lon="127.775996"><ele>775.7</ele><time>2016-01-23T14:06:24.000Z</time></trkpt>
      <trkpt lat="35.875109" lon="127.776016"><ele>775.4</ele><time>2016-01-23T14:06:30.000Z</time></trkpt>
      <trkpt lat="35.875151" lon="127.776034"><ele>775.1</ele><time>2016-01-23T14:06:30.000Z</time></trkpt>
      <trkpt lat="35.875194" lon="127.776052"><ele>774.7</ele><time>2016-01-23T14:06:37.000Z</time></trkpt>
      <trkpt lat="35.875237" lon="127.776067"><ele>774.4</ele><time>2016-01-23T14:06:37.000Z</time></trkpt>
      <trkpt lat="35.875281" lon="127.776080"><ele>774.1</ele><time>2016-01-23T14:06:45.000Z</time></trkpt>
      <trkpt lat="35.875324" lon="127.776093"><ele>773.8</ele><time>2016-01-23T14:06:45.000Z</time></trkpt>
      <trkpt lat="35.875368" lon="127.776106"><ele>773.5</ele><time>2016-01-23T14:06:56.000Z</time></trkpt>
      <trkpt lat="35.875411" lon="127.776122"><ele>773.2</ele><time>2016-01-23T14:06:56.000Z</time></trkpt>
      <trkpt lat="35.875453" lon="127.776142"><ele>772.8</ele><time>2016-01-23T14:07:01.000Z</time></trkpt>
      <trkpt lat="35.875494" lon="127.776165"><ele>772.5</ele><time>2016-01-23T14:07:01.000Z</time></trkpt>
      <trkpt lat="35.875533" lon="127.776193"><ele>772.1</ele><time>2016-01-23T14:07:07.000Z</time></trkpt>
      <trkpt lat="35.875570" lon="127.776223"><ele>771.7</ele><time>2016-01-23T14:07:07.000Z</time></trkpt>
      <trkpt lat="35.875607" lon="127.776255"><ele>771.4</ele><time>2016-01-23T14:07:13.000Z</time></trkpt>
      <trkpt lat="35.875644" lon="127.776286"><ele>771.0</ele><time>2016-01-23T14:07:13.000Z</time></trkpt>
      <trkpt lat="35.875681" lon="127.776318"><ele>770.6</ele><time>2016-01-23T14:07:19.000Z</time></trkpt>
      <trkpt lat="35.875719" lon="127.776349"><ele>770.1</ele><time>2016-01-23T14:07:19.000Z</time></trkpt>
      <trkpt lat="35.875756" lon="127.776380"><ele>769.7</ele><time>2016-01-23T14:07:26.000Z</time></trkpt>
      <trkpt lat="35.875793" lon="127.776410"><ele>769.3</ele><time>2016-01-23T14:07:26.000Z</time></trkpt>
      <trkpt lat="35.875831" lon="127.776441"><ele>768.9</ele><time>2016-01-23T14:07:33.000Z</time></trkpt>
      <trkpt lat="35.875868" lon="127.776472"><ele>768.4</ele><time>2016-01-23T14:07:33.000Z</time></trkpt>
      <trkpt lat="35.875902" lon="127.776509"><ele>768.1</ele><time>2016-01-23T14:07:41.000Z</time></trkpt>
      <trkpt lat="35.875936" lon="127.776545"><ele>767.7</ele><time>2016-01-23T14:07:41.000Z</time></trkpt>
      <trkpt lat="35.875969" lon="127.776583"><ele>767.3</ele><time>2016-01-23T14:07:41.000Z</time></trkpt>
      <trkpt lat="35.876002" lon="127.776621"><ele>766.9</ele><time>2016-01-23T14:07:49.000Z</time></trkpt>
      <trkpt lat="35.876033" lon="127.776660"><ele>766.5</ele><time>2016-01-23T14:07:49.000Z</time></trkpt>
      <trkpt lat="35.876063" lon="127.776702"><ele>766.1</ele><time>2016-01-23T14:07:57.000Z</time></trkpt>
      <trkpt lat="35.876093" lon="127.776743"><ele>765.7</ele><time>2016-01-23T14:07:57.000Z</time></trkpt>
      <trkpt lat="35.876124" lon="127.776783"><ele>765.2</ele><time>2016-01-23T14:07:57.000Z</time></trkpt>
      <trkpt lat="35.876155" lon="127.776824"><ele>764.7</ele><time>2016-01-23T14:08:05.000Z</time></trkpt>
      <trkpt lat="35.876183" lon="127.776866"><ele>764.2</ele><time>2016-01-23T14:08:05.000Z</time></trkpt>
      <trkpt lat="35.876212" lon="127.776909"><ele>763.6</ele><time>2016-01-23T14:08:13.000Z</time></trkpt>
      <trkpt lat="35.876240" lon="127.776952"><ele>763.0</ele><time>2016-01-23T14:08:13.000Z</time></trkpt>
      <trkpt lat="35.876269" lon="127.776995"><ele>762.3</ele><time>2016-01-23T14:08:21.000Z</time></trkpt>
      <trkpt lat="35.876295" lon="127.777040"><ele>761.7</ele><time>2016-01-23T14:08:21.000Z</time></trkpt>
      <trkpt lat="35.876319" lon="127.777087"><ele>761.1</ele><time>2016-01-23T14:08:29.000Z</time></trkpt>
      <trkpt lat="35.876343" lon="127.777134"><ele>760.4</ele><time>2016-01-23T14:08:29.000Z</time></trkpt>
      <trkpt lat="35.876365" lon="127.777182"><ele>759.1</ele><time>2016-01-23T14:08:38.000Z</time></trkpt>
      <trkpt lat="35.876387" lon="127.777231"><ele>757.8</ele><time>2016-01-23T14:08:38.000Z</time></trkpt>
      <trkpt lat="35.876409" lon="127.777279"><ele>756.0</ele><time>2016-01-23T14:08:46.000Z</time></trkpt>
      <trkpt lat="35.876433" lon="127.777326"><ele>754.3</ele><time>2016-01-23T14:08:46.000Z</time></trkpt>
      <trkpt lat="35.876464" lon="127.777366"><ele>752.7</ele><time>2016-01-23T14:13:29.000Z</time></trkpt>
      <trkpt lat="35.876474" lon="127.777419"><ele>752.3</ele><time>2016-01-23T14:13:29.000Z</time></trkpt>
      <trkpt lat="35.876482" lon="127.777474"><ele>752.0</ele><time>2016-01-23T14:13:29.000Z</time></trkpt>
      <trkpt lat="35.876489" lon="127.777529"><ele>751.7</ele><time>2016-01-23T14:13:29.000Z</time></trkpt>
      <trkpt lat="35.876497" lon="127.777583"><ele>751.4</ele><time>2016-01-23T14:14:49.000Z</time></trkpt>
      <trkpt lat="35.876505" lon="127.777638"><ele>751.1</ele><time>2016-01-23T14:14:49.000Z</time></trkpt>
      <trkpt lat="35.876512" lon="127.777693"><ele>750.8</ele><time>2016-01-23T14:14:49.000Z</time></trkpt>
      <trkpt lat="35.876528" lon="127.777744"><ele>750.0</ele><time>2016-01-23T14:14:49.000Z</time></trkpt>
      <trkpt lat="35.876546" lon="127.777795"><ele>749.0</ele><time>2016-01-23T14:14:57.000Z</time></trkpt>
      <trkpt lat="35.876565" lon="127.777846"><ele>748.6</ele><time>2016-01-23T14:14:57.000Z</time></trkpt>
      <trkpt lat="35.876583" lon="127.777896"><ele>748.4</ele><time>2016-01-23T14:15:06.000Z</time></trkpt>
      <trkpt lat="35.876602" lon="127.777947"><ele>748.4</ele><time>2016-01-23T14:15:06.000Z</time></trkpt>
      <trkpt lat="35.876622" lon="127.777997"><ele>748.4</ele><time>2016-01-23T14:15:16.000Z</time></trkpt>
      <trkpt lat="35.876642" lon="127.778046"><ele>748.2</ele><time>2016-01-23T14:15:16.000Z</time></trkpt>
      <trkpt lat="35.876662" lon="127.778096"><ele>747.8</ele><time>2016-01-23T14:15:25.000Z</time></trkpt>
      <trkpt lat="35.876682" lon="127.778146"><ele>747.4</ele><time>2016-01-23T14:15:25.000Z</time></trkpt>
      <trkpt lat="35.876703" lon="127.778195"><ele>747.1</ele><time>2016-01-23T14:15:36.000Z</time></trkpt>
      <trkpt lat="35.876723" lon="127.778244"><ele>746.7</ele><time>2016-01-23T14:15:36.000Z</time></trkpt>
      <trkpt lat="35.876745" lon="127.778293"><ele>746.5</ele><time>2016-01-23T14:15:46.000Z</time></trkpt>
      <trkpt lat="35.876767" lon="127.778341"><ele>746.3</ele><time>2016-01-23T14:15:46.000Z</time></trkpt>
      <trkpt lat="35.876791" lon="127.778388"><ele>746.1</ele><time>2016-01-23T14:15:46.000Z</time></trkpt>
      <trkpt lat="35.876815" lon="127.778435"><ele>745.9</ele><time>2016-01-23T14:15:54.000Z</time></trkpt>
      <trkpt lat="35.876838" lon="127.778483"><ele>745.7</ele><time>2016-01-23T14:15:54.000Z</time></trkpt>
      <trkpt lat="35.876861" lon="127.778530"><ele>745.6</ele><time>2016-01-23T14:16:02.000Z</time></trkpt>
      <trkpt lat="35.876882" lon="127.778579"><ele>745.5</ele><time>2016-01-23T14:16:02.000Z</time></trkpt>
      <trkpt lat="35.876903" lon="127.778628"><ele>745.4</ele><time>2016-01-23T14:16:11.000Z</time></trkpt>
      <trkpt lat="35.876927" lon="127.778675"><ele>745.3</ele><time>2016-01-23T14:16:11.000Z</time></trkpt>
      <trkpt lat="35.876952" lon="127.778722"><ele>745.2</ele><time>2016-01-23T14:16:20.000Z</time></trkpt>
      <trkpt lat="35.876983" lon="127.778761"><ele>745.1</ele><time>2016-01-23T14:16:20.000Z</time></trkpt>
      <trkpt lat="35.877017" lon="127.778797"><ele>745.0</ele><time>2016-01-23T14:16:29.000Z</time></trkpt>
      <trkpt lat="35.877053" lon="127.778829"><ele>744.9</ele><time>2016-01-23T14:16:29.000Z</time></trkpt>
      <trkpt lat="35.877093" lon="127.778855"><ele>744.8</ele><time>2016-01-23T14:16:39.000Z</time></trkpt>
      <trkpt lat="35.877133" lon="127.778882"><ele>744.7</ele><time>2016-01-23T14:16:39.000Z</time></trkpt>
      <trkpt lat="35.877172" lon="127.778909"><ele>744.6</ele><time>2016-01-23T14:16:39.000Z</time></trkpt>
      <trkpt lat="35.877211" lon="127.778936"><ele>744.6</ele><time>2016-01-23T14:16:47.000Z</time></trkpt>
      <trkpt lat="35.877248" lon="127.778968"><ele>744.5</ele><time>2016-01-23T14:16:47.000Z</time></trkpt>
      <trkpt lat="35.877282" lon="127.779004"><ele>744.4</ele><time>2016-01-23T14:16:56.000Z</time></trkpt>
      <trkpt lat="35.877314" lon="127.779043"><ele>744.3</ele><time>2016-01-23T14:16:56.000Z</time></trkpt>
      <trkpt lat="35.877341" lon="127.779087"><ele>744.2</ele><time>2016-01-23T14:17:04.000Z</time></trkpt>
      <trkpt lat="35.877366" lon="127.779132"><ele>744.1</ele><time>2016-01-23T14:17:04.000Z</time></trkpt>
      <trkpt lat="35.877387" lon="127.779182"><ele>743.9</ele><time>2016-01-23T14:17:12.000Z</time></trkpt>
      <trkpt lat="35.877407" lon="127.779231"><ele>743.8</ele><time>2016-01-23T14:17:12.000Z</time></trkpt>
      <trkpt lat="35.877428" lon="127.779281"><ele>743.6</ele><time>2016-01-23T14:17:12.000Z</time></trkpt>
      <trkpt lat="35.877448" lon="127.779330"><ele>743.5</ele><time>2016-01-23T14:17:21.000Z</time></trkpt>
      <trkpt lat="35.877470" lon="127.779379"><ele>743.3</ele><time>2016-01-23T14:17:21.000Z</time></trkpt>
      <trkpt lat="35.877493" lon="127.779427"><ele>743.1</ele><time>2016-01-23T14:17:28.000Z</time></trkpt>
      <trkpt lat="35.877516" lon="127.779474"><ele>742.9</ele><time>2016-01-23T14:17:28.000Z</time></trkpt>
      <trkpt lat="35.877541" lon="127.779520"><ele>742.7</ele><time>2016-01-23T14:17:35.000Z</time></trkpt>
      <trkpt lat="35.877564" lon="127.779568"><ele>742.5</ele><time>2016-01-23T14:17:35.000Z</time></trkpt>
      <trkpt lat="35.877584" lon="127.779618"><ele>742.3</ele><time>2016-01-23T14:17:43.000Z</time></trkpt>
      <trkpt lat="35.877602" lon="127.779668"><ele>742.1</ele><time>2016-01-23T14:17:43.000Z</time></trkpt>
      <trkpt lat="35.877617" lon="127.779720"><ele>741.9</ele><time>2016-01-23T14:17:52.000Z</time></trkpt>
      <trkpt lat="35.877632" lon="127.779773"><ele>741.7</ele><time>2016-01-23T14:17:52.000Z</time></trkpt>
      <trkpt lat="35.877646" lon="127.779826"><ele>741.6</ele><time>2016-01-23T14:18:02.000Z</time></trkpt>
      <trkpt lat="35.877659" lon="127.779879"><ele>741.4</ele><time>2016-01-23T14:18:02.000Z</time></trkpt>
      <trkpt lat="35.877672" lon="127.779932"><ele>741.3</ele><time>2016-01-23T14:18:02.000Z</time></trkpt>
      <trkpt lat="35.877686" lon="127.779985"><ele>741.2</ele><time>2016-01-23T14:18:11.000Z</time></trkpt>
      <trkpt lat="35.877701" lon="127.780037"><ele>741.1</ele><time>2016-01-23T14:18:11.000Z</time></trkpt>
      <trkpt lat="35.877719" lon="127.780088"><ele>741.1</ele><time>2016-01-23T14:18:19.000Z</time></trkpt>
      <trkpt lat="35.877736" lon="127.780139"><ele>741.0</ele><time>2016-01-23T14:18:19.000Z</time></trkpt>
      <trkpt lat="35.877752" lon="127.780191"><ele>741.0</ele><time>2016-01-23T14:18:27.000Z</time></trkpt>
      <trkpt lat="35.877770" lon="127.780242"><ele>741.0</ele><time>2016-01-23T14:18:27.000Z</time></trkpt>
      <trkpt lat="35.877787" lon="127.780293"><ele>741.0</ele><time>2016-01-23T14:18:35.000Z</time></trkpt>
      <trkpt lat="35.877805" lon="127.780344"><ele>741.0</ele><time>2016-01-23T14:18:35.000Z</time></trkpt>
      <trkpt lat="35.877820" lon="127.780396"><ele>741.1</ele><time>2016-01-23T14:18:45.000Z</time></trkpt>
      <trkpt lat="35.877836" lon="127.780448"><ele>741.1</ele><time>2016-01-23T14:18:45.000Z</time></trkpt>
      <trkpt lat="35.877849" lon="127.780501"><ele>741.1</ele><time>2016-01-23T14:18:45.000Z</time></trkpt>
      <trkpt lat="35.877862" lon="127.780554"><ele>741.1</ele><time>2016-01-23T14:18:53.000Z</time></trkpt>
      <trkpt lat="35.877875" lon="127.780608"><ele>741.1</ele><time>2016-01-23T14:18:53.000Z</time></trkpt>
      <trkpt lat="35.877887" lon="127.780661"><ele>741.1</ele><time>2016-01-23T14:19:01.000Z</time></trkpt>
      <trkpt lat="35.877900" lon="127.780714"><ele>741.0</ele><time>2016-01-23T14:19:01.000Z</time></trkpt>
      <trkpt lat="35.877912" lon="127.780768"><ele>741.0</ele><time>2016-01-23T14:19:11.000Z</time></trkpt>
      <trkpt lat="35.877928" lon="127.780820"><ele>740.8</ele><time>2016-01-23T14:19:11.000Z</time></trkpt>
      <trkpt lat="35.877945" lon="127.780871"><ele>740.7</ele><time>2016-01-23T14:19:24.000Z</time></trkpt>
      <trkpt lat="35.877965" lon="127.780921"><ele>740.6</ele><time>2016-01-23T14:19:24.000Z</time></trkpt>
      <trkpt lat="35.877987" lon="127.780969"><ele>740.4</ele><time>2016-01-23T14:19:36.000Z</time></trkpt>
      <trkpt lat="35.878011" lon="127.781015"><ele>740.2</ele><time>2016-01-23T14:19:36.000Z</time></trkpt>
      <trkpt lat="35.878038" lon="127.781060"><ele>740.1</ele><time>2016-01-23T14:19:45.000Z</time></trkpt>
      <trkpt lat="35.878066" lon="127.781104"><ele>739.9</ele><time>2016-01-23T14:19:45.000Z</time></trkpt>
      <trkpt lat="35.878096" lon="127.781146"><ele>739.7</ele><time>2016-01-23T14:19:54.000Z</time></trkpt>
      <trkpt lat="35.878125" lon="127.781187"><ele>739.6</ele><time>2016-01-23T14:19:54.000Z</time></trkpt>
      <trkpt lat="35.878158" lon="127.781226"><ele>739.5</ele><time>2016-01-23T14:19:54.000Z</time></trkpt>
      <trkpt lat="35.878190" lon="127.781264"><ele>739.3</ele><time>2016-01-23T14:20:01.000Z</time></trkpt>
      <trkpt lat="35.878226" lon="127.781297"><ele>739.2</ele><time>2016-01-23T14:20:01.000Z</time></trkpt>
      <trkpt lat="35.878263" lon="127.781329"><ele>739.1</ele><time>2016-01-23T14:20:09.000Z</time></trkpt>
      <trkpt lat="35.878303" lon="127.781353"><ele>738.9</ele><time>2016-01-23T14:20:09.000Z</time></trkpt>
      <trkpt lat="35.878345" lon="127.781374"><ele>738.7</ele><time>2016-01-23T14:20:17.000Z</time></trkpt>
      <trkpt lat="35.878387" lon="127.781391"><ele>738.6</ele><time>2016-01-23T14:20:17.000Z</time></trkpt>
      <trkpt lat="35.878431" lon="127.781403"><ele>738.4</ele><time>2016-01-23T14:20:27.000Z</time></trkpt>
      <trkpt lat="35.878475" lon="127.781417"><ele>738.2</ele><time>2016-01-23T14:20:27.000Z</time></trkpt>
      <trkpt lat="35.878518" lon="127.781434"><ele>737.9</ele><time>2016-01-23T14:20:37.000Z</time></trkpt>
      <trkpt lat="35.878560" lon="127.781452"><ele>737.7</ele><time>2016-01-23T14:20:37.000Z</time></trkpt>
      <trkpt lat="35.878599" lon="127.781480"><ele>737.4</ele><time>2016-01-23T14:20:37.000Z</time></trkpt>
      <trkpt lat="35.878638" lon="127.781508"><ele>737.1</ele><time>2016-01-23T14:20:44.000Z</time></trkpt>
      <trkpt lat="35.878670" lon="127.781547"><ele>736.8</ele><time>2016-01-23T14:20:44.000Z</time></trkpt>
      <trkpt lat="35.878702" lon="127.781586"><ele>736.5</ele><time>2016-01-23T14:20:52.000Z</time></trkpt>
      <trkpt lat="35.878730" lon="127.781629"><ele>736.2</ele><time>2016-01-23T14:20:52.000Z</time></trkpt>
      <trkpt lat="35.878757" lon="127.781673"><ele>735.8</ele><time>2016-01-23T14:21:00.000Z</time></trkpt>
      <trkpt lat="35.878784" lon="127.781718"><ele>735.5</ele><time>2016-01-23T14:21:00.000Z</time></trkpt>
      <trkpt lat="35.878810" lon="127.781763"><ele>735.1</ele><time>2016-01-23T14:21:08.000Z</time></trkpt>
      <trkpt lat="35.878836" lon="127.781808"><ele>734.7</ele><time>2016-01-23T14:21:08.000Z</time></trkpt>
      <trkpt lat="35.878863" lon="127.781853"><ele>734.4</ele><time>2016-01-23T14:21:15.000Z</time></trkpt>
      <trkpt lat="35.878891" lon="127.781897"><ele>734.1</ele><time>2016-01-23T14:21:15.000Z</time></trkpt>
      <trkpt lat="35.878919" lon="127.781940"><ele>733.8</ele><time>2016-01-23T14:21:23.000Z</time></trkpt>
      <trkpt lat="35.878947" lon="127.781983"><ele>733.5</ele><time>2016-01-23T14:21:23.000Z</time></trkpt>
      <trkpt lat="35.878978" lon="127.782024"><ele>733.2</ele><time>2016-01-23T14:21:31.000Z</time></trkpt>
      <trkpt lat="35.879008" lon="127.782064"><ele>732.9</ele><time>2016-01-23T14:21:31.000Z</time></trkpt>
      <trkpt lat="35.879042" lon="127.782101"><ele>732.6</ele><time>2016-01-23T14:21:31.000Z</time></trkpt>
      <trkpt lat="35.879075" lon="127.782138"><ele>732.4</ele><time>2016-01-23T14:21:39.000Z</time></trkpt>
      <trkpt lat="35.879116" lon="127.782162"><ele>732.1</ele><time>2016-01-23T14:21:39.000Z</time></trkpt>
      <trkpt lat="35.879157" lon="127.782185"><ele>731.8</ele><time>2016-01-23T14:21:47.000Z</time></trkpt>
      <trkpt lat="35.879201" lon="127.782196"><ele>731.6</ele><time>2016-01-23T14:21:47.000Z</time></trkpt>
      <trkpt lat="35.879245" lon="127.782206"><ele>731.3</ele><time>2016-01-23T14:21:55.000Z</time></trkpt>
      <trkpt lat="35.879290" lon="127.782209"><ele>731.0</ele><time>2016-01-23T14:21:55.000Z</time></trkpt>
      <trkpt lat="35.879335" lon="127.782210"><ele>730.8</ele><time>2016-01-23T14:22:03.000Z</time></trkpt>
      <trkpt lat="35.879380" lon="127.782209"><ele>730.5</ele><time>2016-01-23T14:22:03.000Z</time></trkpt>
      <trkpt lat="35.879425" lon="127.782209"><ele>730.2</ele><time>2016-01-23T14:22:11.000Z</time></trkpt>
      <trkpt lat="35.879470" lon="127.782206"><ele>730.0</ele><time>2016-01-23T14:22:11.000Z</time></trkpt>
      <trkpt lat="35.879514" lon="127.782202"><ele>729.7</ele><time>2016-01-23T14:22:19.000Z</time></trkpt>
      <trkpt lat="35.879559" lon="127.782198"><ele>729.5</ele><time>2016-01-23T14:22:19.000Z</time></trkpt>
      <trkpt lat="35.879603" lon="127.782187"><ele>729.2</ele><time>2016-01-23T14:22:19.000Z</time></trkpt>
      <trkpt lat="35.879647" lon="127.782176"><ele>729.0</ele><time>2016-01-23T14:22:27.000Z</time></trkpt>
      <trkpt lat="35.879691" lon="127.782164"><ele>728.7</ele><time>2016-01-23T14:22:27.000Z</time></trkpt>
      <trkpt lat="35.879735" lon="127.782152"><ele>728.5</ele><time>2016-01-23T14:22:34.000Z</time></trkpt>
      <trkpt lat="35.879779" lon="127.782138"><ele>728.3</ele><time>2016-01-23T14:22:34.000Z</time></trkpt>
      <trkpt lat="35.879821" lon="127.782120"><ele>728.0</ele><time>2016-01-23T14:22:43.000Z</time></trkpt>
      <trkpt lat="35.879864" lon="127.782102"><ele>727.8</ele><time>2016-01-23T14:22:43.000Z</time></trkpt>
      <trkpt lat="35.879904" lon="127.782079"><ele>727.5</ele><time>2016-01-23T14:22:51.000Z</time></trkpt>
      <trkpt lat="35.879945" lon="127.782056"><ele>727.3</ele><time>2016-01-23T14:22:51.000Z</time></trkpt>
      <trkpt lat="35.879982" lon="127.782024"><ele>727.0</ele><time>2016-01-23T14:22:51.000Z</time></trkpt>
      <trkpt lat="35.880019" lon="127.781992"><ele>726.8</ele><time>2016-01-23T14:22:59.000Z</time></trkpt>
      <trkpt lat="35.880053" lon="127.781956"><ele>726.6</ele><time>2016-01-23T14:22:59.000Z</time></trkpt>
      <trkpt lat="35.880086" lon="127.781918"><ele>726.4</ele><time>2016-01-23T14:23:08.000Z</time></trkpt>
      <trkpt lat="35.880115" lon="127.781876"><ele>726.2</ele><time>2016-01-23T14:23:08.000Z</time></trkpt>
      <trkpt lat="35.880142" lon="127.781832"><ele>726.0</ele><time>2016-01-23T14:23:16.000Z</time></trkpt>
      <trkpt lat="35.880168" lon="127.781786"><ele>725.8</ele><time>2016-01-23T14:23:16.000Z</time></trkpt>
      <trkpt lat="35.880193" lon="127.781740"><ele>725.7</ele><time>2016-01-23T14:23:25.000Z</time></trkpt>
      <trkpt lat="35.880217" lon="127.781694"><ele>725.6</ele><time>2016-01-23T14:23:25.000Z</time></trkpt>
      <trkpt lat="35.880242" lon="127.781647"><ele>725.5</ele><time>2016-01-23T14:23:33.000Z</time></trkpt>
      <trkpt lat="35.880266" lon="127.781601"><ele>725.4</ele><time>2016-01-23T14:23:33.000Z</time></trkpt>
      <trkpt lat="35.880293" lon="127.781556"><ele>725.3</ele><time>2016-01-23T14:23:42.000Z</time></trkpt>
      <trkpt lat="35.880319" lon="127.781510"><ele>725.3</ele><time>2016-01-23T14:23:42.000Z</time></trkpt>
      <trkpt lat="35.880341" lon="127.781462"><ele>725.2</ele><time>2016-01-23T14:23:52.000Z</time></trkpt>
      <trkpt lat="35.880364" lon="127.781415"><ele>725.2</ele><time>2016-01-23T14:23:52.000Z</time></trkpt>
      <trkpt lat="35.880374" lon="127.781360"><ele>725.1</ele><time>2016-01-23T14:24:01.000Z</time></trkpt>
      <trkpt lat="35.880384" lon="127.781306"><ele>725.1</ele><time>2016-01-23T14:24:01.000Z</time></trkpt>
      <trkpt lat="35.880375" lon="127.781252"><ele>725.1</ele><time>2016-01-23T14:24:10.000Z</time></trkpt>
      <trkpt lat="35.880365" lon="127.781198"><ele>725.0</ele><time>2016-01-23T14:24:10.000Z</time></trkpt>
      <trkpt lat="35.880350" lon="127.781146"><ele>725.0</ele><time>2016-01-23T14:24:18.000Z</time></trkpt>
      <trkpt lat="35.880338" lon="127.781093"><ele>724.9</ele><time>2016-01-23T14:24:18.000Z</time></trkpt>
      <trkpt lat="35.880333" lon="127.781037"><ele>724.8</ele><time>2016-01-23T14:24:24.000Z</time></trkpt>
      <trkpt lat="35.880336" lon="127.780983"><ele>724.7</ele><time>2016-01-23T14:24:24.000Z</time></trkpt>
      <trkpt lat="35.880351" lon="127.780931"><ele>724.6</ele><time>2016-01-23T14:24:32.000Z</time></trkpt>
      <trkpt lat="35.880371" lon="127.780881"><ele>724.5</ele><time>2016-01-23T14:24:32.000Z</time></trkpt>
      <trkpt lat="35.880394" lon="127.780834"><ele>724.3</ele><time>2016-01-23T14:24:40.000Z</time></trkpt>
      <trkpt lat="35.880422" lon="127.780791"><ele>724.2</ele><time>2016-01-23T14:24:40.000Z</time></trkpt>
      <trkpt lat="35.880456" lon="127.780754"><ele>724.0</ele><time>2016-01-23T14:24:48.000Z</time></trkpt>
      <trkpt lat="35.880491" lon="127.780720"><ele>723.9</ele><time>2016-01-23T14:24:48.000Z</time></trkpt>
      <trkpt lat="35.880528" lon="127.780689"><ele>723.7</ele><time>2016-01-23T14:24:56.000Z</time></trkpt>
      <trkpt lat="35.880565" lon="127.780658"><ele>723.5</ele><time>2016-01-23T14:24:56.000Z</time></trkpt>
      <trkpt lat="35.880602" lon="127.780625"><ele>723.3</ele><time>2016-01-23T14:25:04.000Z</time></trkpt>
      <trkpt lat="35.880637" lon="127.780590"><ele>723.1</ele><time>2016-01-23T14:25:04.000Z</time></trkpt>
      <trkpt lat="35.880668" lon="127.780551"><ele>722.9</ele><time>2016-01-23T14:25:14.000Z</time></trkpt>
      <trkpt lat="35.880698" lon="127.780510"><ele>722.7</ele><time>2016-01-23T14:25:14.000Z</time></trkpt>
      <trkpt lat="35.880721" lon="127.780462"><ele>722.4</ele><time>2016-01-23T14:25:22.000Z</time></trkpt>
      <trkpt lat="35.880744" lon="127.780414"><ele>722.1</ele><time>2016-01-23T14:25:22.000Z</time></trkpt>
      <trkpt lat="35.880760" lon="127.780362"><ele>721.8</ele><time>2016-01-23T14:25:22.000Z</time></trkpt>
      <trkpt lat="35.880777" lon="127.780311"><ele>721.5</ele><time>2016-01-23T14:25:31.000Z</time></trkpt>
      <trkpt lat="35.880787" lon="127.780257"><ele>721.2</ele><time>2016-01-23T14:25:31.000Z</time></trkpt>
      <trkpt lat="35.880796" lon="127.780202"><ele>720.9</ele><time>2016-01-23T14:25:38.000Z</time></trkpt>
      <trkpt lat="35.880802" lon="127.780148"><ele>720.6</ele><time>2016-01-23T14:25:38.000Z</time></trkpt>
      <trkpt lat="35.880807" lon="127.780092"><ele>720.3</ele><time>2016-01-23T14:25:46.000Z</time></trkpt>
      <trkpt lat="35.880813" lon="127.780037"><ele>720.0</ele><time>2016-01-23T14:25:46.000Z</time></trkpt>
      <trkpt lat="35.880820" lon="127.779983"><ele>719.6</ele><time>2016-01-23T14:25:53.000Z</time></trkpt>
      <trkpt lat="35.880830" lon="127.779928"><ele>719.2</ele><time>2016-01-23T14:25:53.000Z</time></trkpt>
      <trkpt lat="35.880841" lon="127.779875"><ele>718.9</ele><time>2016-01-23T14:26:00.000Z</time></trkpt>
      <trkpt lat="35.880854" lon="127.779821"><ele>718.5</ele><time>2016-01-23T14:26:00.000Z</time></trkpt>
      <trkpt lat="35.880867" lon="127.779768"><ele>718.1</ele><time>2016-01-23T14:26:07.000Z</time></trkpt>
      <trkpt lat="35.880882" lon="127.779716"><ele>717.7</ele><time>2016-01-23T14:26:07.000Z</time></trkpt>
      <trkpt lat="35.880897" lon="127.779664"><ele>717.3</ele><time>2016-01-23T14:26:15.000Z</time></trkpt>
      <trkpt lat="35.880912" lon="127.779611"><ele>717.0</ele><time>2016-01-23T14:26:15.000Z</time></trkpt>
      <trkpt lat="35.880927" lon="127.779559"><ele>716.6</ele><time>2016-01-23T14:26:23.000Z</time></trkpt>
      <trkpt lat="35.880942" lon="127.779507"><ele>716.4</ele><time>2016-01-23T14:26:23.000Z</time></trkpt>
      <trkpt lat="35.880959" lon="127.779455"><ele>716.1</ele><time>2016-01-23T14:26:31.000Z</time></trkpt>
      <trkpt lat="35.880973" lon="127.779403"><ele>715.9</ele><time>2016-01-23T14:26:31.000Z</time></trkpt>
      <trkpt lat="35.880985" lon="127.779349"><ele>715.7</ele><time>2016-01-23T14:26:41.000Z</time></trkpt>
      <trkpt lat="35.880997" lon="127.779296"><ele>715.5</ele><time>2016-01-23T14:26:41.000Z</time></trkpt>
      <trkpt lat="35.881004" lon="127.779241"><ele>715.3</ele><time>2016-01-23T14:26:51.000Z</time></trkpt>
      <trkpt lat="35.881011" lon="127.779186"><ele>715.2</ele><time>2016-01-23T14:26:51.000Z</time></trkpt>
      <trkpt lat="35.881013" lon="127.779131"><ele>715.0</ele><time>2016-01-23T14:26:51.000Z</time></trkpt>
      <trkpt lat="35.881015" lon="127.779075"><ele>714.8</ele><time>2016-01-23T14:26:59.000Z</time></trkpt>
      <trkpt lat="35.881013" lon="127.779020"><ele>714.6</ele><time>2016-01-23T14:26:59.000Z</time></trkpt>
      <trkpt lat="35.881010" lon="127.778965"><ele>714.4</ele><time>2016-01-23T14:27:07.000Z</time></trkpt>
      <trkpt lat="35.881009" lon="127.778909"><ele>714.2</ele><time>2016-01-23T14:27:07.000Z</time></trkpt>
      <trkpt lat="35.881010" lon="127.778854"><ele>713.9</ele><time>2016-01-23T14:27:15.000Z</time></trkpt>
      <trkpt lat="35.881011" lon="127.778798"><ele>713.7</ele><time>2016-01-23T14:27:15.000Z</time></trkpt>
      <trkpt lat="35.881014" lon="127.778743"><ele>713.4</ele><time>2016-01-23T14:27:23.000Z</time></trkpt>
      <trkpt lat="35.881018" lon="127.778687"><ele>713.1</ele><time>2016-01-23T14:27:23.000Z</time></trkpt>
      <trkpt lat="35.881024" lon="127.778632"><ele>712.8</ele><time>2016-01-23T14:27:31.000Z</time></trkpt>
      <trkpt lat="35.881029" lon="127.778577"><ele>712.5</ele><time>2016-01-23T14:27:31.000Z</time></trkpt>
      <trkpt lat="35.881031" lon="127.778522"><ele>712.1</ele><time>2016-01-23T14:27:38.000Z</time></trkpt>
      <trkpt lat="35.881032" lon="127.778467"><ele>711.8</ele><time>2016-01-23T14:27:38.000Z</time></trkpt>
      <trkpt lat="35.881029" lon="127.778411"><ele>711.3</ele><time>2016-01-23T14:27:45.000Z</time></trkpt>
      <trkpt lat="35.881025" lon="127.778356"><ele>710.9</ele><time>2016-01-23T14:27:45.000Z</time></trkpt>
      <trkpt lat="35.881021" lon="127.778301"><ele>710.4</ele><time>2016-01-23T14:27:52.000Z</time></trkpt>
      <trkpt lat="35.881017" lon="127.778245"><ele>709.9</ele><time>2016-01-23T14:27:52.000Z</time></trkpt>
      <trkpt lat="35.881014" lon="127.778190"><ele>709.4</ele><time>2016-01-23T14:28:00.000Z</time></trkpt>
      <trkpt lat="35.881012" lon="127.778135"><ele>708.9</ele><time>2016-01-23T14:28:00.000Z</time></trkpt>
      <trkpt lat="35.881014" lon="127.778079"><ele>708.4</ele><time>2016-01-23T14:28:08.000Z</time></trkpt>
      <trkpt lat="35.881015" lon="127.778024"><ele>707.9</ele><time>2016-01-23T14:28:08.000Z</time></trkpt>
      <trkpt lat="35.881015" lon="127.777968"><ele>707.3</ele><time>2016-01-23T14:28:08.000Z</time></trkpt>
      <trkpt lat="35.881016" lon="127.777913"><ele>706.8</ele><time>2016-01-23T14:28:16.000Z</time></trkpt>
      <trkpt lat="35.881019" lon="127.777857"><ele>706.2</ele><time>2016-01-23T14:28:16.000Z</time></trkpt>
      <trkpt lat="35.881024" lon="127.777802"><ele>705.6</ele><time>2016-01-23T14:28:25.000Z</time></trkpt>
      <trkpt lat="35.881033" lon="127.777748"><ele>705.0</ele><time>2016-01-23T14:28:25.000Z</time></trkpt>
      <trkpt lat="35.881046" lon="127.777695"><ele>704.4</ele><time>2016-01-23T14:28:34.000Z</time></trkpt>
      <trkpt lat="35.881064" lon="127.777645"><ele>703.8</ele><time>2016-01-23T14:28:34.000Z</time></trkpt>
      <trkpt lat="35.881093" lon="127.777603"><ele>703.3</ele><time>2016-01-23T14:28:42.000Z</time></trkpt>
      <trkpt lat="35.881126" lon="127.777567"><ele>702.8</ele><time>2016-01-23T14:28:42.000Z</time></trkpt>
      <trkpt lat="35.881168" lon="127.777545"><ele>702.3</ele><time>2016-01-23T14:28:51.000Z</time></trkpt>
      <trkpt lat="35.881211" lon="127.777531"><ele>702.0</ele><time>2016-01-23T14:28:51.000Z</time></trkpt>
      <trkpt lat="35.881255" lon="127.777525"><ele>701.7</ele><time>2016-01-23T14:28:58.000Z</time></trkpt>
      <trkpt lat="35.881300" lon="127.777527"><ele>701.5</ele><time>2016-01-23T14:28:58.000Z</time></trkpt>
      <trkpt lat="35.881345" lon="127.777533"><ele>701.4</ele><time>2016-01-23T14:29:04.000Z</time></trkpt>
      <trkpt lat="35.881388" lon="127.777545"><ele>701.3</ele><time>2016-01-23T14:29:11.000Z</time></trkpt>
      <trkpt lat="35.881432" lon="127.777559"><ele>701.2</ele><time>2016-01-23T14:29:11.000Z</time></trkpt>
      <trkpt lat="35.881474" lon="127.777578"><ele>701.1</ele><time>2016-01-23T14:29:22.000Z</time></trkpt>
      <trkpt lat="35.881516" lon="127.777597"><ele>701.1</ele><time>2016-01-23T14:29:22.000Z</time></trkpt>
      <trkpt lat="35.881558" lon="127.777619"><ele>700.9</ele><time>2016-01-23T14:29:31.000Z</time></trkpt>
      <trkpt lat="35.881599" lon="127.777640"><ele>700.8</ele><time>2016-01-23T14:29:31.000Z</time></trkpt>
      <trkpt lat="35.881639" lon="127.777666"><ele>700.7</ele><time>2016-01-23T14:29:39.000Z</time></trkpt>
      <trkpt lat="35.881679" lon="127.777692"><ele>700.5</ele><time>2016-01-23T14:29:39.000Z</time></trkpt>
      <trkpt lat="35.881718" lon="127.777720"><ele>700.4</ele><time>2016-01-23T14:29:46.000Z</time></trkpt>
      <trkpt lat="35.881756" lon="127.777748"><ele>700.3</ele><time>2016-01-23T14:29:46.000Z</time></trkpt>
      <trkpt lat="35.881794" lon="127.777778"><ele>700.2</ele><time>2016-01-23T14:29:46.000Z</time></trkpt>
      <trkpt lat="35.881832" lon="127.777808"><ele>700.2</ele><time>2016-01-23T14:29:53.000Z</time></trkpt>
      <trkpt lat="35.881869" lon="127.777839"><ele>700.1</ele><time>2016-01-23T14:29:53.000Z</time></trkpt>
      <trkpt lat="35.881907" lon="127.777870"><ele>700.1</ele><time>2016-01-23T14:30:01.000Z</time></trkpt>
      <trkpt lat="35.881945" lon="127.777900"><ele>700.1</ele><time>2016-01-23T14:30:01.000Z</time></trkpt>
      <trkpt lat="35.881983" lon="127.777929"><ele>700.1</ele><time>2016-01-23T14:30:09.000Z</time></trkpt>
      <trkpt lat="35.882021" lon="127.777958"><ele>700.0</ele><time>2016-01-23T14:30:09.000Z</time></trkpt>
      <trkpt lat="35.882059" lon="127.777987"><ele>700.0</ele><time>2016-01-23T14:30:15.000Z</time></trkpt>
      <trkpt lat="35.882096" lon="127.778020"><ele>700.0</ele><time>2016-01-23T14:30:32.000Z</time></trkpt>
      <trkpt lat="35.882133" lon="127.778052"><ele>700.0</ele><time>2016-01-23T14:30:32.000Z</time></trkpt>
      <trkpt lat="35.882169" lon="127.778085"><ele>699.9</ele><time>2016-01-23T14:30:41.000Z</time></trkpt>
      <trkpt lat="35.882205" lon="127.778118"><ele>699.9</ele><time>2016-01-23T14:30:41.000Z</time></trkpt>
      <trkpt lat="35.882241" lon="127.778150"><ele>699.9</ele><time>2016-01-23T14:30:50.000Z</time></trkpt>
      <trkpt lat="35.882278" lon="127.778182"><ele>699.9</ele><time>2016-01-23T14:30:50.000Z</time></trkpt>
      <trkpt lat="35.882318" lon="127.778207"><ele>699.8</ele><time>2016-01-23T14:30:57.000Z</time></trkpt>
      <trkpt lat="35.882359" lon="127.778232"><ele>699.8</ele><time>2016-01-23T14:30:57.000Z</time></trkpt>
      <trkpt lat="35.882400" lon="127.778252"><ele>699.8</ele><time>2016-01-23T14:30:57.000Z</time></trkpt>
      <trkpt lat="35.882443" lon="127.778272"><ele>699.8</ele><time>2016-01-23T14:31:05.000Z</time></trkpt>
      <trkpt lat="35.882485" lon="127.778288"><ele>699.8</ele><time>2016-01-23T14:31:05.000Z</time></trkpt>
      <trkpt lat="35.882529" lon="127.778303"><ele>699.7</ele><time>2016-01-23T14:31:12.000Z</time></trkpt>
      <trkpt lat="35.882572" lon="127.778318"><ele>699.7</ele><time>2016-01-23T14:31:12.000Z</time></trkpt>
      <trkpt lat="35.882615" lon="127.778333"><ele>699.6</ele><time>2016-01-23T14:31:19.000Z</time></trkpt>
      <trkpt lat="35.882659" lon="127.778348"><ele>699.5</ele><time>2016-01-23T14:31:19.000Z</time></trkpt>
      <trkpt lat="35.882702" lon="127.778364"><ele>699.3</ele><time>2016-01-23T14:31:26.000Z</time></trkpt>
      <trkpt lat="35.882745" lon="127.778379"><ele>699.1</ele><time>2016-01-23T14:31:26.000Z</time></trkpt>
      <trkpt lat="35.882789" lon="127.778391"><ele>698.8</ele><time>2016-01-23T14:31:31.000Z</time></trkpt>
      <trkpt lat="35.882833" lon="127.778401"><ele>698.5</ele><time>2016-01-23T14:31:31.000Z</time></trkpt>
      <trkpt lat="35.882878" lon="127.778407"><ele>698.1</ele><time>2016-01-23T14:31:38.000Z</time></trkpt>
      <trkpt lat="35.882923" lon="127.778411"><ele>697.8</ele><time>2016-01-23T14:31:38.000Z</time></trkpt>
      <trkpt lat="35.882967" lon="127.778409"><ele>697.4</ele><time>2016-01-23T14:31:45.000Z</time></trkpt>
      <trkpt lat="35.883012" lon="127.778407"><ele>697.0</ele><time>2016-01-23T14:31:45.000Z</time></trkpt>
      <trkpt lat="35.883057" lon="127.778403"><ele>696.6</ele><time>2016-01-23T14:31:52.000Z</time></trkpt>
      <trkpt lat="35.883102" lon="127.778400"><ele>696.2</ele><time>2016-01-23T14:31:52.000Z</time></trkpt>
      <trkpt lat="35.883147" lon="127.778401"><ele>695.8</ele><time>2016-01-23T14:31:59.000Z</time></trkpt>
      <trkpt lat="35.883192" lon="127.778401"><ele>695.4</ele><time>2016-01-23T14:31:59.000Z</time></trkpt>
      <trkpt lat="35.883237" lon="127.778400"><ele>695.0</ele><time>2016-01-23T14:32:08.000Z</time></trkpt>
      <trkpt lat="35.883282" lon="127.778399"><ele>694.7</ele><time>2016-01-23T14:32:08.000Z</time></trkpt>
      <trkpt lat="35.883327" lon="127.778395"><ele>694.3</ele><time>2016-01-23T14:32:08.000Z</time></trkpt>
      <trkpt lat="35.883372" lon="127.778390"><ele>694.0</ele><time>2016-01-23T14:32:17.000Z</time></trkpt>
      <trkpt lat="35.883414" lon="127.778372"><ele>693.8</ele><time>2016-01-23T14:32:17.000Z</time></trkpt>
      <trkpt lat="35.883456" lon="127.778353"><ele>693.5</ele><time>2016-01-23T14:32:24.000Z</time></trkpt>
      <trkpt lat="35.883495" lon="127.778326"><ele>693.3</ele><time>2016-01-23T14:32:24.000Z</time></trkpt>
      <trkpt lat="35.883533" lon="127.778296"><ele>693.1</ele><time>2016-01-23T14:32:30.000Z</time></trkpt>
      <trkpt lat="35.883571" lon="127.778266"><ele>693.0</ele><time>2016-01-23T14:32:30.000Z</time></trkpt>
      <trkpt lat="35.883608" lon="127.778234"><ele>692.9</ele><time>2016-01-23T14:32:36.000Z</time></trkpt>
      <trkpt lat="35.883644" lon="127.778202"><ele>692.8</ele><time>2016-01-23T14:32:36.000Z</time></trkpt>
      <trkpt lat="35.883686" lon="127.778181"><ele>692.7</ele><time>2016-01-23T14:32:36.000Z</time></trkpt>
      <trkpt lat="35.883728" lon="127.778160"><ele>692.6</ele><time>2016-01-23T14:32:43.000Z</time></trkpt>
      <trkpt lat="35.883772" lon="127.778151"><ele>692.5</ele><time>2016-01-23T14:32:43.000Z</time></trkpt>
      <trkpt lat="35.883816" lon="127.778143"><ele>692.5</ele><time>2016-01-23T14:32:51.000Z</time></trkpt>
      <trkpt lat="35.883861" lon="127.778138"><ele>692.4</ele><time>2016-01-23T14:32:51.000Z</time></trkpt>
      <trkpt lat="35.883906" lon="127.778134"><ele>692.4</ele><time>2016-01-23T14:33:02.000Z</time></trkpt>
      <trkpt lat="35.883950" lon="127.778127"><ele>692.4</ele><time>2016-01-23T14:33:02.000Z</time></trkpt>
      <trkpt lat="35.883995" lon="127.778118"><ele>692.3</ele><time>2016-01-23T14:33:10.000Z</time></trkpt>
      <trkpt lat="35.884039" lon="127.778106"><ele>692.3</ele><time>2016-01-23T14:33:10.000Z</time></trkpt>
      <trkpt lat="35.884082" lon="127.778092"><ele>692.2</ele><time>2016-01-23T14:33:19.000Z</time></trkpt>
      <trkpt lat="35.884125" lon="127.778076"><ele>692.1</ele><time>2016-01-23T14:33:19.000Z</time></trkpt>
      <trkpt lat="35.884168" lon="127.778059"><ele>692.1</ele><time>2016-01-23T14:33:27.000Z</time></trkpt>
      <trkpt lat="35.884211" lon="127.778041"><ele>692.0</ele><time>2016-01-23T14:33:27.000Z</time></trkpt>
      <trkpt lat="35.884252" lon="127.778020"><ele>692.0</ele><time>2016-01-23T14:33:36.000Z</time></trkpt>
      <trkpt lat="35.884294" lon="127.777998"><ele>691.9</ele><time>2016-01-23T14:33:36.000Z</time></trkpt>
      <trkpt lat="35.884335" lon="127.777977"><ele>691.8</ele><time>2016-01-23T14:33:36.000Z</time></trkpt>
      <trkpt lat="35.884376" lon="127.777955"><ele>691.6</ele><time>2016-01-23T14:33:45.000Z</time></trkpt>
      <trkpt lat="35.884417" lon="127.777932"><ele>691.5</ele><time>2016-01-23T14:33:45.000Z</time></trkpt>
      <trkpt lat="35.884458" lon="127.777909"><ele>691.4</ele><time>2016-01-23T14:33:53.000Z</time></trkpt>
      <trkpt lat="35.884499" lon="127.777887"><ele>691.3</ele><time>2016-01-23T14:33:53.000Z</time></trkpt>
      <trkpt lat="35.884540" lon="127.777864"><ele>691.1</ele><time>2016-01-23T14:34:00.000Z</time></trkpt>
      <trkpt lat="35.884581" lon="127.777840"><ele>691.0</ele><time>2016-01-23T14:34:00.000Z</time></trkpt>
      <trkpt lat="35.884622" lon="127.777817"><ele>690.8</ele><time>2016-01-23T14:34:09.000Z</time></trkpt>
      <trkpt lat="35.884663" lon="127.777793"><ele>690.6</ele><time>2016-01-23T14:34:09.000Z</time></trkpt>
      <trkpt lat="35.884704" lon="127.777772"><ele>690.4</ele><time>2016-01-23T14:34:16.000Z</time></trkpt>
      <trkpt lat="35.884746" lon="127.777751"><ele>690.2</ele><time>2016-01-23T14:34:16.000Z</time></trkpt>
      <trkpt lat="35.884788" lon="127.777733"><ele>690.1</ele><time>2016-01-23T14:34:16.000Z</time></trkpt>
      <trkpt lat="35.884831" lon="127.777715"><ele>690.0</ele><time>2016-01-23T14:34:23.000Z</time></trkpt>
      <trkpt lat="35.884874" lon="127.777698"><ele>689.9</ele><time>2016-01-23T14:34:23.000Z</time></trkpt>
      <trkpt lat="35.884916" lon="127.777681"><ele>689.8</ele><time>2016-01-23T14:34:31.000Z</time></trkpt>
      <trkpt lat="35.884959" lon="127.777664"><ele>689.6</ele><time>2016-01-23T14:34:31.000Z</time></trkpt>
      <trkpt lat="35.885002" lon="127.777646"><ele>689.4</ele><time>2016-01-23T14:34:39.000Z</time></trkpt>
      <trkpt lat="35.885044" lon="127.777628"><ele>689.3</ele><time>2016-01-23T14:34:39.000Z</time></trkpt>
      <trkpt lat="35.885086" lon="127.777607"><ele>689.1</ele><time>2016-01-23T14:34:39.000Z</time></trkpt>
      <trkpt lat="35.885127" lon="127.777585"><ele>688.9</ele><time>2016-01-23T14:34:47.000Z</time></trkpt>
      <trkpt lat="35.885169" lon="127.777563"><ele>688.6</ele><time>2016-01-23T14:34:47.000Z</time></trkpt>
      <trkpt lat="35.885210" lon="127.777541"><ele>688.4</ele><time>2016-01-23T14:34:56.000Z</time></trkpt>
      <trkpt lat="35.885251" lon="127.777518"><ele>688.0</ele><time>2016-01-23T14:34:56.000Z</time></trkpt>
      <trkpt lat="35.885291" lon="127.777493"><ele>687.7</ele><time>2016-01-23T14:35:06.000Z</time></trkpt>
      <trkpt lat="35.885331" lon="127.777470"><ele>687.3</ele><time>2016-01-23T14:35:06.000Z</time></trkpt>
      <trkpt lat="35.885374" lon="127.777451"><ele>686.9</ele><time>2016-01-23T14:35:06.000Z</time></trkpt>
      <trkpt lat="35.885416" lon="127.777432"><ele>686.4</ele><time>2016-01-23T14:35:15.000Z</time></trkpt>
      <trkpt lat="35.885459" lon="127.777416"><ele>686.0</ele><time>2016-01-23T14:35:15.000Z</time></trkpt>
      <trkpt lat="35.885502" lon="127.777400"><ele>685.5</ele><time>2016-01-23T14:35:23.000Z</time></trkpt>
      <trkpt lat="35.885546" lon="127.777390"><ele>685.0</ele><time>2016-01-23T14:35:23.000Z</time></trkpt>
      <trkpt lat="35.885591" lon="127.777381"><ele>684.5</ele><time>2016-01-23T14:35:30.000Z</time></trkpt>
      <trkpt lat="35.885635" lon="127.777373"><ele>684.1</ele><time>2016-01-23T14:35:30.000Z</time></trkpt>
      <trkpt lat="35.885680" lon="127.777365"><ele>683.6</ele><time>2016-01-23T14:35:37.000Z</time></trkpt>
      <trkpt lat="35.885724" lon="127.777358"><ele>683.2</ele><time>2016-01-23T14:35:37.000Z</time></trkpt>
      <trkpt lat="35.885769" lon="127.777353"><ele>682.9</ele><time>2016-01-23T14:35:46.000Z</time></trkpt>
      <trkpt lat="35.885814" lon="127.777350"><ele>682.5</ele><time>2016-01-23T14:35:46.000Z</time></trkpt>
      <trkpt lat="35.885859" lon="127.777349"><ele>682.2</ele><time>2016-01-23T14:35:55.000Z</time></trkpt>
      <trkpt lat="35.885904" lon="127.777348"><ele>681.9</ele><time>2016-01-23T14:35:55.000Z</time></trkpt>
      <trkpt lat="35.885949" lon="127.777350"><ele>681.6</ele><time>2016-01-23T14:36:03.000Z</time></trkpt>
      <trkpt lat="35.885994" lon="127.777352"><ele>681.2</ele><time>2016-01-23T14:36:03.000Z</time></trkpt>
      <trkpt lat="35.886039" lon="127.777358"><ele>680.9</ele><time>2016-01-23T14:36:03.000Z</time></trkpt>
      <trkpt lat="35.886083" lon="127.777363"><ele>680.6</ele><time>2016-01-23T14:36:10.000Z</time></trkpt>
      <trkpt lat="35.886128" lon="127.777368"><ele>680.3</ele><time>2016-01-23T14:36:10.000Z</time></trkpt>
      <trkpt lat="35.886173" lon="127.777372"><ele>680.0</ele><time>2016-01-23T14:36:18.000Z</time></trkpt>
      <trkpt lat="35.886218" lon="127.777378"><ele>679.7</ele><time>2016-01-23T14:36:18.000Z</time></trkpt>
      <trkpt lat="35.886262" lon="127.777384"><ele>679.4</ele><time>2016-01-23T14:36:27.000Z</time></trkpt>
      <trkpt lat="35.886307" lon="127.777389"><ele>679.2</ele><time>2016-01-23T14:36:27.000Z</time></trkpt>
      <trkpt lat="35.886352" lon="127.777393"><ele>678.9</ele><time>2016-01-23T14:36:35.000Z</time></trkpt>
      <trkpt lat="35.886397" lon="127.777396"><ele>678.7</ele><time>2016-01-23T14:36:35.000Z</time></trkpt>
      <trkpt lat="35.886442" lon="127.777399"><ele>678.4</ele><time>2016-01-23T14:36:35.000Z</time></trkpt>
      <trkpt lat="35.886487" lon="127.777402"><ele>678.2</ele><time>2016-01-23T14:36:43.000Z</time></trkpt>
      <trkpt lat="35.886531" lon="127.777407"><ele>678.0</ele><time>2016-01-23T14:36:43.000Z</time></trkpt>
      <trkpt lat="35.886576" lon="127.777412"><ele>677.8</ele><time>2016-01-23T14:36:51.000Z</time></trkpt>
      <trkpt lat="35.886621" lon="127.777418"><ele>677.6</ele><time>2016-01-23T14:36:51.000Z</time></trkpt>
      <trkpt lat="35.886666" lon="127.777425"><ele>677.4</ele><time>2016-01-23T14:37:01.000Z</time></trkpt>
      <trkpt lat="35.886710" lon="127.777429"><ele>677.1</ele><time>2016-01-23T14:37:01.000Z</time></trkpt>
      <trkpt lat="35.886755" lon="127.777431"><ele>676.9</ele><time>2016-01-23T14:37:09.000Z</time></trkpt>
      <trkpt lat="35.886800" lon="127.777432"><ele>676.7</ele><time>2016-01-23T14:37:09.000Z</time></trkpt>
      <trkpt lat="35.886845" lon="127.777429"><ele>676.4</ele><time>2016-01-23T14:37:18.000Z</time></trkpt>
      <trkpt lat="35.886890" lon="127.777425"><ele>676.2</ele><time>2016-01-23T14:37:18.000Z</time></trkpt>
      <trkpt lat="35.886934" lon="127.777417"><ele>676.0</ele><time>2016-01-23T14:37:18.000Z</time></trkpt>
      <trkpt lat="35.886979" lon="127.777409"><ele>675.9</ele><time>2016-01-23T14:37:27.000Z</time></trkpt>
      <trkpt lat="35.887023" lon="127.777401"><ele>675.7</ele><time>2016-01-23T14:37:27.000Z</time></trkpt>
      <trkpt lat="35.887068" lon="127.777393"><ele>675.6</ele><time>2016-01-23T14:37:36.000Z</time></trkpt>
      <trkpt lat="35.887112" lon="127.777383"><ele>675.5</ele><time>2016-01-23T14:37:36.000Z</time></trkpt>
      <trkpt lat="35.887156" lon="127.777371"><ele>675.4</ele><time>2016-01-23T14:37:44.000Z</time></trkpt>
      <trkpt lat="35.887200" lon="127.777361"><ele>675.3</ele><time>2016-01-23T14:37:44.000Z</time></trkpt>
      <trkpt lat="35.887245" lon="127.777354"><ele>675.2</ele><time>2016-01-23T14:37:53.000Z</time></trkpt>
      <trkpt lat="35.887289" lon="127.777349"><ele>675.1</ele><time>2016-01-23T14:37:53.000Z</time></trkpt>
      <trkpt lat="35.887334" lon="127.777354"><ele>675.0</ele><time>2016-01-23T14:38:02.000Z</time></trkpt>
      <trkpt lat="35.887379" lon="127.777361"><ele>675.0</ele><time>2016-01-23T14:38:02.000Z</time></trkpt>
      <trkpt lat="35.887421" lon="127.777379"><ele>674.8</ele><time>2016-01-23T14:38:08.000Z</time></trkpt>
      <trkpt lat="35.887464" lon="127.777397"><ele>674.7</ele><time>2016-01-23T14:38:08.000Z</time></trkpt>
      <trkpt lat="35.887503" lon="127.777424"><ele>674.5</ele><time>2016-01-23T14:38:15.000Z</time></trkpt>
      <trkpt lat="35.887542" lon="127.777451"><ele>674.3</ele><time>2016-01-23T14:38:15.000Z</time></trkpt>
      <trkpt lat="35.887581" lon="127.777480"><ele>674.1</ele><time>2016-01-23T14:38:23.000Z</time></trkpt>
      <trkpt lat="35.887620" lon="127.777508"><ele>673.8</ele><time>2016-01-23T14:38:23.000Z</time></trkpt>
      <trkpt lat="35.887657" lon="127.777539"><ele>673.6</ele><time>2016-01-23T14:38:23.000Z</time></trkpt>
      <trkpt lat="35.887694" lon="127.777571"><ele>673.4</ele><time>2016-01-23T14:38:34.000Z</time></trkpt>
      <trkpt lat="35.887728" lon="127.777607"><ele>673.2</ele><time>2016-01-23T14:38:34.000Z</time></trkpt>
      <trkpt lat="35.887762" lon="127.777643"><ele>673.0</ele><time>2016-01-23T14:38:43.000Z</time></trkpt>
      <trkpt lat="35.887794" lon="127.777681"><ele>672.8</ele><time>2016-01-23T14:38:43.000Z</time></trkpt>
      <trkpt lat="35.887826" lon="127.777720"><ele>672.7</ele><time>2016-01-23T14:38:51.000Z</time></trkpt>
      <trkpt lat="35.887858" lon="127.777759"><ele>672.5</ele><time>2016-01-23T14:38:51.000Z</time></trkpt>
      <trkpt lat="35.887891" lon="127.777797"><ele>672.4</ele><time>2016-01-23T14:38:51.000Z</time></trkpt>
      <trkpt lat="35.887924" lon="127.777835"><ele>672.3</ele><time>2016-01-23T14:39:00.000Z</time></trkpt>
      <trkpt lat="35.887963" lon="127.777862"><ele>672.2</ele><time>2016-01-23T14:39:00.000Z</time></trkpt>
      <trkpt lat="35.888003" lon="127.777888"><ele>672.1</ele><time>2016-01-23T14:39:08.000Z</time></trkpt>
      <trkpt lat="35.888045" lon="127.777906"><ele>672.1</ele><time>2016-01-23T14:39:08.000Z</time></trkpt>
      <trkpt lat="35.888089" lon="127.777919"><ele>672.0</ele><time>2016-01-23T14:39:16.000Z</time></trkpt>
      <trkpt lat="35.888133" lon="127.777928"><ele>671.9</ele><time>2016-01-23T14:39:16.000Z</time></trkpt>
      <trkpt lat="35.888178" lon="127.777933"><ele>671.9</ele><time>2016-01-23T14:39:23.000Z</time></trkpt>
      <trkpt lat="35.888223" lon="127.777939"><ele>671.9</ele><time>2016-01-23T14:39:23.000Z</time></trkpt>
      <trkpt lat="35.888267" lon="127.777947"><ele>671.8</ele><time>2016-01-23T14:39:31.000Z</time></trkpt>
      <trkpt lat="35.888312" lon="127.777954"><ele>671.8</ele><time>2016-01-23T14:39:31.000Z</time></trkpt>
      <trkpt lat="35.888356" lon="127.777964"><ele>671.7</ele><time>2016-01-23T14:39:39.000Z</time></trkpt>
      <trkpt lat="35.888400" lon="127.777973"><ele>671.7</ele><time>2016-01-23T14:39:39.000Z</time></trkpt>
      <trkpt lat="35.888445" lon="127.777981"><ele>671.6</ele><time>2016-01-23T14:39:39.000Z</time></trkpt>
      <trkpt lat="35.888489" lon="127.777988"><ele>671.5</ele><time>2016-01-23T14:39:48.000Z</time></trkpt>
      <trkpt lat="35.888534" lon="127.777996"><ele>671.4</ele><time>2016-01-23T14:39:48.000Z</time></trkpt>
      <trkpt lat="35.888578" lon="127.778004"><ele>671.2</ele><time>2016-01-23T14:39:56.000Z</time></trkpt>
      <trkpt lat="35.888622" lon="127.778015"><ele>671.1</ele><time>2016-01-23T14:39:56.000Z</time></trkpt>
      <trkpt lat="35.888667" lon="127.778026"><ele>671.0</ele><time>2016-01-23T14:40:03.000Z</time></trkpt>
      <trkpt lat="35.888710" lon="127.778039"><ele>670.8</ele><time>2016-01-23T14:40:03.000Z</time></trkpt>
      <trkpt lat="35.888754" lon="127.778052"><ele>670.7</ele><time>2016-01-23T14:40:10.000Z</time></trkpt>
      <trkpt lat="35.888798" lon="127.778062"><ele>670.6</ele><time>2016-01-23T14:40:10.000Z</time></trkpt>
      <trkpt lat="35.888843" lon="127.778068"><ele>670.4</ele><time>2016-01-23T14:40:20.000Z</time></trkpt>
      <trkpt lat="35.888888" lon="127.778073"><ele>670.3</ele><time>2016-01-23T14:40:20.000Z</time></trkpt>
      <trkpt lat="35.888932" lon="127.778075"><ele>670.1</ele><time>2016-01-23T14:40:26.000Z</time></trkpt>
      <trkpt lat="35.888977" lon="127.778077"><ele>670.0</ele><time>2016-01-23T14:40:26.000Z</time></trkpt>
      <trkpt lat="35.889022" lon="127.778077"><ele>669.9</ele><time>2016-01-23T14:40:26.000Z</time></trkpt>
      <trkpt lat="35.889067" lon="127.778078"><ele>669.8</ele><time>2016-01-23T14:40:32.000Z</time></trkpt>
      <trkpt lat="35.889112" lon="127.778082"><ele>669.6</ele><time>2016-01-23T14:40:32.000Z</time></trkpt>
      <trkpt lat="35.889157" lon="127.778088"><ele>669.5</ele><time>2016-01-23T14:40:38.000Z</time></trkpt>
      <trkpt lat="35.889202" lon="127.778093"><ele>669.4</ele><time>2016-01-23T14:40:38.000Z</time></trkpt>
      <trkpt lat="35.889246" lon="127.778097"><ele>669.2</ele><time>2016-01-23T14:40:44.000Z</time></trkpt>
      <trkpt lat="35.889291" lon="127.778099"><ele>669.1</ele><time>2016-01-23T14:40:44.000Z</time></trkpt>
      <trkpt lat="35.889336" lon="127.778096"><ele>668.9</ele><time>2016-01-23T14:40:50.000Z</time></trkpt>
      <trkpt lat="35.889381" lon="127.778091"><ele>668.8</ele><time>2016-01-23T14:40:50.000Z</time></trkpt>
      <trkpt lat="35.889425" lon="127.778083"><ele>668.7</ele><time>2016-01-23T14:40:57.000Z</time></trkpt>
      <trkpt lat="35.889470" lon="127.778075"><ele>668.5</ele><time>2016-01-23T14:40:57.000Z</time></trkpt>
      <trkpt lat="35.889514" lon="127.778062"><ele>667.5</ele><time>2016-01-23T14:40:57.000Z</time></trkpt>
      <trkpt lat="35.889557" lon="127.778049"><ele>666.6</ele><time>2016-01-23T14:41:04.000Z</time></trkpt>
      <trkpt lat="35.889564" lon="127.778047"><ele>666.5</ele><time>2016-01-23T14:41:04.000Z</time></trkpt>
      <trkpt lat="35.889601" lon="127.778036"><ele>665.3</ele><time>2016-01-23T14:41:13.000Z</time></trkpt>
      <trkpt lat="35.889643" lon="127.778016"><ele>663.0</ele><time>2016-01-23T14:45:57.000Z</time></trkpt>
      <trkpt lat="35.889678" lon="127.778042"><ele>662.5</ele><time>2016-01-23T14:45:57.000Z</time></trkpt>
      <trkpt lat="35.889712" lon="127.778078"><ele>662.5</ele><time>2016-01-23T14:45:57.000Z</time></trkpt>
      <trkpt lat="35.889746" lon="127.778114"><ele>662.5</ele><time>2016-01-23T14:45:57.000Z</time></trkpt>
      <trkpt lat="35.889780" lon="127.778150"><ele>662.5</ele><time>2016-01-23T14:45:57.000Z</time></trkpt>
      <trkpt lat="35.889815" lon="127.778186"><ele>662.4</ele><time>2016-01-23T14:45:57.000Z</time></trkpt>
      <trkpt lat="35.889849" lon="127.778222"><ele>662.4</ele><time>2016-01-23T14:45:57.000Z</time></trkpt>
      <trkpt lat="35.889883" lon="127.778258"><ele>662.4</ele><time>2016-01-23T14:45:57.000Z</time></trkpt>
      <trkpt lat="35.889917" lon="127.778294"><ele>662.4</ele><time>2016-01-23T14:45:57.000Z</time></trkpt>
      <trkpt lat="35.889952" lon="127.778330"><ele>662.4</ele><time>2016-01-23T14:45:57.000Z</time></trkpt>
      <trkpt lat="35.889986" lon="127.778366"><ele>662.3</ele><time>2016-01-23T14:45:57.000Z</time></trkpt>
      <trkpt lat="35.890020" lon="127.778402"><ele>662.3</ele><time>2016-01-23T14:50:32.000Z</time></trkpt>
      <trkpt lat="35.890054" lon="127.778438"><ele>662.3</ele><time>2016-01-23T14:50:32.000Z</time></trkpt>
      <trkpt lat="35.890089" lon="127.778474"><ele>662.3</ele><time>2016-01-23T14:50:32.000Z</time></trkpt>
      <trkpt lat="35.890123" lon="127.778510"><ele>662.3</ele><time>2016-01-23T14:50:32.000Z</time></trkpt>
      <trkpt lat="35.890157" lon="127.778546"><ele>662.3</ele><time>2016-01-23T14:50:32.000Z</time></trkpt>
      <trkpt lat="35.890191" lon="127.778582"><ele>662.2</ele><time>2016-01-23T14:50:32.000Z</time></trkpt>
      <trkpt lat="35.890226" lon="127.778618"><ele>662.2</ele><time>2016-01-23T14:50:32.000Z</time></trkpt>
      <trkpt lat="35.890260" lon="127.778654"><ele>662.2</ele><time>2016-01-23T14:50:32.000Z</time></trkpt>
      <trkpt lat="35.890294" lon="127.778690"><ele>662.2</ele><time>2016-01-23T14:50:32.000Z</time></trkpt>
      <trkpt lat="35.890328" lon="127.778726"><ele>662.2</ele><time>2016-01-23T14:50:32.000Z</time></trkpt>
      <trkpt lat="35.890370" lon="127.778737"><ele>662.5</ele><time>2016-01-23T14:50:32.000Z</time></trkpt>
      <trkpt lat="35.890415" lon="127.778738"><ele>663.1</ele><time>2016-01-23T14:50:40.000Z</time></trkpt>
      <trkpt lat="35.890460" lon="127.778738"><ele>663.6</ele><time>2016-01-23T14:50:40.000Z</time></trkpt>
      <trkpt lat="35.890505" lon="127.778739"><ele>664.1</ele><time>2016-01-23T14:50:47.000Z</time></trkpt>
      <trkpt lat="35.890550" lon="127.778740"><ele>664.6</ele><time>2016-01-23T14:50:47.000Z</time></trkpt>
      <trkpt lat="35.890595" lon="127.778739"><ele>665.1</ele><time>2016-01-23T14:50:53.000Z</time></trkpt>
      <trkpt lat="35.890640" lon="127.778738"><ele>665.4</ele><time>2016-01-23T14:50:53.000Z</time></trkpt>
      <trkpt lat="35.890685" lon="127.778734"><ele>664.8</ele><time>2016-01-23T14:51:00.000Z</time></trkpt>
      <trkpt lat="35.890729" lon="127.778730"><ele>664.2</ele><time>2016-01-23T14:51:00.000Z</time></trkpt>
      <trkpt lat="35.890774" lon="127.778725"><ele>663.7</ele><time>2016-01-23T14:51:00.000Z</time></trkpt>
      <trkpt lat="35.890819" lon="127.778720"><ele>663.3</ele><time>2016-01-23T14:51:09.000Z</time></trkpt>
      <trkpt lat="35.890864" lon="127.778717"><ele>662.7</ele><time>2016-01-23T14:51:09.000Z</time></trkpt>
      <trkpt lat="35.890909" lon="127.778715"><ele>662.2</ele><time>2016-01-23T14:51:19.000Z</time></trkpt>
      <trkpt lat="35.890954" lon="127.778713"><ele>661.7</ele><time>2016-01-23T14:51:19.000Z</time></trkpt>
      <trkpt lat="35.890999" lon="127.778711"><ele>661.2</ele><time>2016-01-23T14:51:32.000Z</time></trkpt>
      <trkpt lat="35.891044" lon="127.778708"><ele>660.8</ele><time>2016-01-23T14:51:32.000Z</time></trkpt>
      <trkpt lat="35.891089" lon="127.778706"><ele>660.3</ele><time>2016-01-23T14:51:42.000Z</time></trkpt>
      <trkpt lat="35.891133" lon="127.778702"><ele>660.0</ele><time>2016-01-23T14:51:42.000Z</time></trkpt>
      <trkpt lat="35.891178" lon="127.778697"><ele>659.6</ele><time>2016-01-23T14:51:51.000Z</time></trkpt>
      <trkpt lat="35.891223" lon="127.778689"><ele>659.3</ele><time>2016-01-23T14:51:51.000Z</time></trkpt>
      <trkpt lat="35.891267" lon="127.778679"><ele>659.0</ele><time>2016-01-23T14:52:00.000Z</time></trkpt>
      <trkpt lat="35.891310" lon="127.778665"><ele>658.7</ele><time>2016-01-23T14:52:00.000Z</time></trkpt>
      <trkpt lat="35.891352" lon="127.778645"><ele>658.6</ele><time>2016-01-23T14:52:05.000Z</time></trkpt>
      <trkpt lat="35.891393" lon="127.778623"><ele>658.4</ele><time>2016-01-23T14:52:05.000Z</time></trkpt>
      <trkpt lat="35.891432" lon="127.778595"><ele>658.3</ele><time>2016-01-23T14:52:12.000Z</time></trkpt>
      <trkpt lat="35.891471" lon="127.778567"><ele>658.2</ele><time>2016-01-23T14:52:12.000Z</time></trkpt>
      <trkpt lat="35.891510" lon="127.778540"><ele>658.1</ele><time>2016-01-23T14:52:20.000Z</time></trkpt>
      <trkpt lat="35.891549" lon="127.778512"><ele>658.1</ele><time>2016-01-23T14:52:20.000Z</time></trkpt>
      <trkpt lat="35.891588" lon="127.778485"><ele>658.1</ele><time>2016-01-23T14:52:27.000Z</time></trkpt>
      <trkpt lat="35.891628" lon="127.778458"><ele>658.1</ele><time>2016-01-23T14:52:27.000Z</time></trkpt>
      <trkpt lat="35.891668" lon="127.778433"><ele>658.1</ele><time>2016-01-23T14:52:27.000Z</time></trkpt>
      <trkpt lat="35.891708" lon="127.778409"><ele>658.1</ele><time>2016-01-23T14:52:37.000Z</time></trkpt>
      <trkpt lat="35.891749" lon="127.778387"><ele>658.1</ele><time>2016-01-23T14:52:37.000Z</time></trkpt>
      <trkpt lat="35.891791" lon="127.778366"><ele>658.2</ele><time>2016-01-23T14:52:44.000Z</time></trkpt>
      <trkpt lat="35.891834" lon="127.778348"><ele>658.2</ele><time>2016-01-23T14:52:44.000Z</time></trkpt>
      <trkpt lat="35.891877" lon="127.778332"><ele>658.2</ele><time>2016-01-23T14:52:51.000Z</time></trkpt>
      <trkpt lat="35.891920" lon="127.778317"><ele>658.2</ele><time>2016-01-23T14:52:51.000Z</time></trkpt>
      <trkpt lat="35.891964" lon="127.778306"><ele>658.1</ele><time>2016-01-23T14:52:51.000Z</time></trkpt>
      <trkpt lat="35.892008" lon="127.778295"><ele>658.1</ele><time>2016-01-23T14:52:59.000Z</time></trkpt>
      <trkpt lat="35.892052" lon="127.778284"><ele>658.0</ele><time>2016-01-23T14:52:59.000Z</time></trkpt>
      <trkpt lat="35.892096" lon="127.778273"><ele>657.9</ele><time>2016-01-23T14:53:07.000Z</time></trkpt>
      <trkpt lat="35.892140" lon="127.778259"><ele>657.8</ele><time>2016-01-23T14:53:07.000Z</time></trkpt>
      <trkpt lat="35.892183" lon="127.778243"><ele>657.6</ele><time>2016-01-23T14:53:17.000Z</time></trkpt>
      <trkpt lat="35.892225" lon="127.778225"><ele>657.5</ele><time>2016-01-23T14:53:17.000Z</time></trkpt>
      <trkpt lat="35.892266" lon="127.778201"><ele>657.3</ele><time>2016-01-23T14:53:28.000Z</time></trkpt>
      <trkpt lat="35.892306" lon="127.778177"><ele>657.1</ele><time>2016-01-23T14:53:28.000Z</time></trkpt>
      <trkpt lat="35.892347" lon="127.778153"><ele>656.9</ele><time>2016-01-23T14:53:28.000Z</time></trkpt>
      <trkpt lat="35.892387" lon="127.778128"><ele>656.7</ele><time>2016-01-23T14:53:38.000Z</time></trkpt>
      <trkpt lat="35.892427" lon="127.778104"><ele>656.6</ele><time>2016-01-23T14:53:38.000Z</time></trkpt>
      <trkpt lat="35.892468" lon="127.778080"><ele>656.4</ele><time>2016-01-23T14:53:46.000Z</time></trkpt>
      <trkpt lat="35.892508" lon="127.778055"><ele>656.2</ele><time>2016-01-23T14:53:46.000Z</time></trkpt>
      <trkpt lat="35.892548" lon="127.778029"><ele>656.0</ele><time>2016-01-23T14:53:53.000Z</time></trkpt>
      <trkpt lat="35.892587" lon="127.778003"><ele>655.8</ele><time>2016-01-23T14:53:53.000Z</time></trkpt>
      <trkpt lat="35.892624" lon="127.777970"><ele>655.7</ele><time>2016-01-23T14:53:53.000Z</time></trkpt>
      <trkpt lat="35.892661" lon="127.777938"><ele>655.5</ele><time>2016-01-23T14:54:00.000Z</time></trkpt>
      <trkpt lat="35.892695" lon="127.777902"><ele>655.4</ele><time>2016-01-23T14:54:00.000Z</time></trkpt>
      <trkpt lat="35.892729" lon="127.777866"><ele>655.3</ele><time>2016-01-23T14:54:08.000Z</time></trkpt>
      <trkpt lat="35.892762" lon="127.777828"><ele>655.2</ele><time>2016-01-23T14:54:08.000Z</time></trkpt>
      <trkpt lat="35.892794" lon="127.777790"><ele>655.1</ele><time>2016-01-23T14:54:16.000Z</time></trkpt>
      <trkpt lat="35.892827" lon="127.777751"><ele>655.0</ele><time>2016-01-23T14:54:16.000Z</time></trkpt>
      <trkpt lat="35.892859" lon="127.777712"><ele>654.9</ele><time>2016-01-23T14:54:24.000Z</time></trkpt>
      <trkpt lat="35.892891" lon="127.777674"><ele>654.9</ele><time>2016-01-23T14:54:24.000Z</time></trkpt>
      <trkpt lat="35.892923" lon="127.777634"><ele>654.8</ele><time>2016-01-23T14:54:32.000Z</time></trkpt>
      <trkpt lat="35.892954" lon="127.777594"><ele>654.7</ele><time>2016-01-23T14:54:32.000Z</time></trkpt>
      <trkpt lat="35.892984" lon="127.777553"><ele>654.6</ele><time>2016-01-23T14:54:39.000Z</time></trkpt>
      <trkpt lat="35.893014" lon="127.777512"><ele>654.4</ele><time>2016-01-23T14:54:39.000Z</time></trkpt>
      <trkpt lat="35.893044" lon="127.777471"><ele>654.3</ele><time>2016-01-23T14:54:47.000Z</time></trkpt>
      <trkpt lat="35.893075" lon="127.777430"><ele>654.2</ele><time>2016-01-23T14:54:47.000Z</time></trkpt>
      <trkpt lat="35.893109" lon="127.777393"><ele>654.0</ele><time>2016-01-23T14:54:47.000Z</time></trkpt>
      <trkpt lat="35.893143" lon="127.777357"><ele>653.8</ele><time>2016-01-23T14:54:56.000Z</time></trkpt>
      <trkpt lat="35.893180" lon="127.777325"><ele>653.5</ele><time>2016-01-23T14:54:56.000Z</time></trkpt>
      <trkpt lat="35.893217" lon="127.777294"><ele>653.3</ele><time>2016-01-23T14:55:04.000Z</time></trkpt>
      <trkpt lat="35.893255" lon="127.777266"><ele>653.1</ele><time>2016-01-23T14:55:04.000Z</time></trkpt>
      <trkpt lat="35.893295" lon="127.777239"><ele>652.9</ele><time>2016-01-23T14:55:11.000Z</time></trkpt>
      <trkpt lat="35.893334" lon="127.777212"><ele>652.7</ele><time>2016-01-23T14:55:11.000Z</time></trkpt>
      <trkpt lat="35.893373" lon="127.777184"><ele>652.5</ele><time>2016-01-23T14:55:18.000Z</time></trkpt>
      <trkpt lat="35.893412" lon="127.777158"><ele>652.3</ele><time>2016-01-23T14:55:18.000Z</time></trkpt>
      <trkpt lat="35.893452" lon="127.777132"><ele>652.1</ele><time>2016-01-23T14:55:27.000Z</time></trkpt>
      <trkpt lat="35.893492" lon="127.777106"><ele>651.9</ele><time>2016-01-23T14:55:27.000Z</time></trkpt>
      <trkpt lat="35.893531" lon="127.777078"><ele>651.7</ele><time>2016-01-23T14:55:27.000Z</time></trkpt>
      <trkpt lat="35.893570" lon="127.777050"><ele>651.5</ele><time>2016-01-23T14:55:36.000Z</time></trkpt>
      <trkpt lat="35.893608" lon="127.777021"><ele>651.3</ele><time>2016-01-23T14:55:36.000Z</time></trkpt>
      <trkpt lat="35.893646" lon="127.776992"><ele>651.1</ele><time>2016-01-23T14:55:45.000Z</time></trkpt>
      <trkpt lat="35.893684" lon="127.776962"><ele>650.9</ele><time>2016-01-23T14:55:45.000Z</time></trkpt>
      <trkpt lat="35.893721" lon="127.776931"><ele>650.6</ele><time>2016-01-23T14:55:53.000Z</time></trkpt>
      <trkpt lat="35.893758" lon="127.776899"><ele>650.4</ele><time>2016-01-23T14:55:53.000Z</time></trkpt>
      <trkpt lat="35.893795" lon="127.776867"><ele>650.1</ele><time>2016-01-23T14:55:53.000Z</time></trkpt>
      <trkpt lat="35.893832" lon="127.776836"><ele>649.8</ele><time>2016-01-23T14:56:02.000Z</time></trkpt>
      <trkpt lat="35.893870" lon="127.776805"><ele>649.4</ele><time>2016-01-23T14:56:02.000Z</time></trkpt>
      <trkpt lat="35.893907" lon="127.776775"><ele>649.1</ele><time>2016-01-23T14:56:11.000Z</time></trkpt>
      <trkpt lat="35.893946" lon="127.776746"><ele>648.7</ele><time>2016-01-23T14:56:11.000Z</time></trkpt>
      <trkpt lat="35.893984" lon="127.776718"><ele>648.4</ele><time>2016-01-23T14:56:19.000Z</time></trkpt>
      <trkpt lat="35.894023" lon="127.776690"><ele>648.0</ele><time>2016-01-23T14:56:19.000Z</time></trkpt>
      <trkpt lat="35.894064" lon="127.776665"><ele>647.5</ele><time>2016-01-23T14:56:28.000Z</time></trkpt>
      <trkpt lat="35.894104" lon="127.776640"><ele>647.1</ele><time>2016-01-23T14:56:28.000Z</time></trkpt>
      <trkpt lat="35.894145" lon="127.776618"><ele>646.7</ele><time>2016-01-23T14:56:28.000Z</time></trkpt>
      <trkpt lat="35.894186" lon="127.776595"><ele>646.3</ele><time>2016-01-23T14:56:37.000Z</time></trkpt>
      <trkpt lat="35.894228" lon="127.776577"><ele>645.8</ele><time>2016-01-23T14:56:37.000Z</time></trkpt>
      <trkpt lat="35.894271" lon="127.776559"><ele>645.4</ele><time>2016-01-23T14:56:46.000Z</time></trkpt>
      <trkpt lat="35.894314" lon="127.776544"><ele>645.0</ele><time>2016-01-23T14:56:46.000Z</time></trkpt>
      <trkpt lat="35.894358" lon="127.776531"><ele>644.6</ele><time>2016-01-23T14:56:53.000Z</time></trkpt>
      <trkpt lat="35.894401" lon="127.776516"><ele>644.1</ele><time>2016-01-23T14:56:53.000Z</time></trkpt>
      <trkpt lat="35.894444" lon="127.776501"><ele>643.7</ele><time>2016-01-23T14:57:01.000Z</time></trkpt>
      <trkpt lat="35.894487" lon="127.776485"><ele>643.2</ele><time>2016-01-23T14:57:01.000Z</time></trkpt>
      <trkpt lat="35.894530" lon="127.776468"><ele>642.8</ele><time>2016-01-23T14:57:10.000Z</time></trkpt>
      <trkpt lat="35.894573" lon="127.776449"><ele>642.4</ele><time>2016-01-23T14:57:10.000Z</time></trkpt>
      <trkpt lat="35.894614" lon="127.776427"><ele>642.0</ele><time>2016-01-23T14:57:19.000Z</time></trkpt>
      <trkpt lat="35.894655" lon="127.776404"><ele>641.7</ele><time>2016-01-23T14:57:19.000Z</time></trkpt>
      <trkpt lat="35.894695" lon="127.776380"><ele>641.5</ele><time>2016-01-23T14:57:19.000Z</time></trkpt>
      <trkpt lat="35.894736" lon="127.776356"><ele>641.3</ele><time>2016-01-23T14:57:27.000Z</time></trkpt>
      <trkpt lat="35.894775" lon="127.776330"><ele>641.1</ele><time>2016-01-23T14:57:27.000Z</time></trkpt>
      <trkpt lat="35.894812" lon="127.776305"><ele>640.9</ele><time>2016-01-23T14:57:35.000Z</time></trkpt>
    </trkseg>
  </trk>
</gpx>