<?xml version="1.0" encoding="UTF-8" ?>
<gpx
  version="1.1"
  creator="Tranggle Track 1.1.0 - http://www.beaglemap.com"
  xmlns:xsi="http://www.w3.org/2001/XMLSchema-instance"
  xmlns="http://www.topografix.com/GPX/1/1"
  xsi:schemaLocation="http://www.topografix.com/GPX/1/1 http://www.topografix.com/GPX/1/1/gpx.xsd">
  <metadata>
    <link href="http://www.beaglemap.com">
      <text>Tranggle 3.2.6</text>
    </link>
    <time>2016-01-10T13:51:31Z</time>
    <bounds minlat="35.745060" minlon="127.668786" maxlat="35.771590" maxlon="127.683715"/>
    <desc><![CDATA[CREATOR: 64B15C3327AC322D, MODEL: LG-F350K, FIRMWARE: 4.4.2, PRODUCT: GOOGLE, CONSTANT: M48, CATEGORY: Hiking, NETWORK: olleh(LTE)]]></desc>
  </metadata>
  <wpt lat="35.763341" lon="127.683626">
    <ele>1336.000000</ele>
    <name><![CDATA[GPS 연결됨(1)]]></name>
    <time>2016-01-10T09:48:16Z</time>
    <extensions>
      <description><![CDATA[GPS 상태 안내]]></description>
      <maneuver>GPS status</maneuver>
    </extensions>
  </wpt>

  <trk>
    <trkseg>
    <trkpt lat="35.745066" lon="127.679414">
      <ele>701.000000</ele>
      <time>2016-01-10T08:31:02Z</time>
      <extensions>
        <dbm>-60</dbm>
      </extensions>
    </trkpt>
    <trkpt lat="35.745113" lon="127.679488">
      <ele>700.000000</ele>
      <time>2016-01-10T08:34:08Z</time>
      <extensions>
        <dbm>-71</dbm>
      </extensions>
    </trkpt>
    <trkpt lat="35.745109" lon="127.679493">
      <ele>697.666667</ele>
      <time>2016-01-10T08:34:59Z</time>
      <extensions>
        <dbm>-71</dbm>
      </extensions>
    </trkpt>
    <trkpt lat="35.745098" lon="127.679442">
      <ele>697.666667</ele>
      <time>2016-01-10T08:35:43Z</time>
      <extensions>
        <dbm>-71</dbm>
      </extensions>
    </trkpt>
    <trkpt lat="35.745060" lon="127.679399">
      <ele>696.000000</ele>
      <time>2016-01-10T08:36:05Z</time>
      <extensions>
        <pause>start</pause>
        <type>auto</type>
        <dbm>-71</dbm>
      </extensions>
    </trkpt>
    <trkpt lat="35.745322" lon="127.679143">
      <ele>683.000000</ele>
      <time>2016-01-10T08:37:26Z</time>
      <extensions>
        <pause>end</pause>
        <type>auto</type>
        <dbm>-71</dbm>
      </extensions>
    </trkpt>
    <trkpt lat="35.745262" lon="127.679015">
      <ele>694.400000</ele>
      <time>2016-01-10T08:37:36Z</time>
      <extensions>
        <dbm>-71</dbm>
      </extensions>
    </trkpt>
    <trkpt lat="35.745207" lon="127.678892">
      <ele>693.750000</ele>
      <time>2016-01-10T08:37:42Z</time>
      <extensions>
        <dbm>-71</dbm>
      </extensions>
    </trkpt>
    <trkpt lat="35.745169" lon="127.678767">
      <ele>693.600000</ele>
      <time>2016-01-10T08:37:49Z</time>
      <extensions>
        <dbm>-71</dbm>
      </extensions>
    </trkpt>
    <trkpt lat="35.745160" lon="127.678633">
      <ele>693.166667</ele>
      <time>2016-01-10T08:37:59Z</time>
      <extensions>
        <dbm>-71</dbm>
      </extensions>
    </trkpt>
    <trkpt lat="35.745222" lon="127.678388">
      <ele>693.285714</ele>
      <time>2016-01-10T08:38:08Z</time>
      <extensions>
        <dbm>-71</dbm>
      </extensions>
    </trkpt>
    <trkpt lat="35.745344" lon="127.678157">
      <ele>692.833333</ele>
      <time>2016-01-10T08:38:47Z</time>
      <extensions>
        <dbm>-71</dbm>
      </extensions>
    </trkpt>
    <trkpt lat="35.745484" lon="127.677953">
      <ele>692.571429</ele>
      <time>2016-01-10T08:39:02Z</time>
      <extensions>
        <dbm>-71</dbm>
      </extensions>
    </trkpt>
    <trkpt lat="35.745600" lon="127.677885">
      <ele>692.333333</ele>
      <time>2016-01-10T08:39:08Z</time>
      <extensions>
        <dbm>-71</dbm>
      </extensions>
    </trkpt>
    <trkpt lat="35.745751" lon="127.677814">
      <ele>692.571429</ele>
      <time>2016-01-10T08:39:14Z</time>
      <extensions>
        <dbm>-71</dbm>
      </extensions>
    </trkpt>
    <trkpt lat="35.745947" lon="127.677724">
      <ele>692.571429</ele>
      <time>2016-01-10T08:39:33Z</time>
      <extensions>
        <dbm>-71</dbm>
      </extensions>
    </trkpt>
    <trkpt lat="35.746162" lon="127.677649">
      <ele>693.666667</ele>
      <time>2016-01-10T08:39:51Z</time>
      <extensions>
        <dbm>-71</dbm>
      </extensions>
    </trkpt>
    <trkpt lat="35.746354" lon="127.677612">
      <ele>696.600000</ele>
      <time>2016-01-10T08:40:02Z</time>
      <extensions>
        <dbm>-71</dbm>
      </extensions>
    </trkpt>
    <trkpt lat="35.746504" lon="127.677605">
      <ele>698.666667</ele>
      <time>2016-01-10T08:40:20Z</time>
      <extensions>
        <dbm>-71</dbm>
      </extensions>
    </trkpt>
    <trkpt lat="35.746637" lon="127.677601">
      <ele>700.285714</ele>
      <time>2016-01-10T08:40:27Z</time>
      <extensions>
        <dbm>-100</dbm>
      </extensions>
    </trkpt>
    <trkpt lat="35.746733" lon="127.677607">
      <ele>703.142857</ele>
      <time>2016-01-10T08:40:35Z</time>
      <extensions>
        <dbm>-97</dbm>
      </extensions>
    </trkpt>
    <trkpt lat="35.746831" lon="127.677620">
      <ele>704.666667</ele>
      <time>2016-01-10T08:40:43Z</time>
      <extensions>
        <dbm>-97</dbm>
      </extensions>
    </trkpt>
    <trkpt lat="35.746927" lon="127.677611">
      <ele>707.666667</ele>
      <time>2016-01-10T08:40:51Z</time>
      <extensions>
        <dbm>-98</dbm>
      </extensions>
    </trkpt>
    <trkpt lat="35.746991" lon="127.677527">
      <ele>708.142857</ele>
      <time>2016-01-10T08:41:00Z</time>
      <extensions>
        <dbm>-109</dbm>
      </extensions>
    </trkpt>
    <trkpt lat="35.747055" lon="127.677426">
      <ele>710.285714</ele>
      <time>2016-01-10T08:41:12Z</time>
      <extensions>
        <dbm>-109</dbm>
      </extensions>
    </trkpt>
    <trkpt lat="35.747122" lon="127.677353">
      <ele>710.625000</ele>
      <time>2016-01-10T08:41:23Z</time>
      <extensions>
        <dbm>-109</dbm>
      </extensions>
    </trkpt>
    <trkpt lat="35.747223" lon="127.677349">
      <ele>711.375000</ele>
      <time>2016-01-10T08:41:43Z</time>
      <extensions>
        <dbm>-100</dbm>
      </extensions>
    </trkpt>
    <trkpt lat="35.747310" lon="127.677335">
      <ele>712.250000</ele>
      <time>2016-01-10T08:41:49Z</time>
      <extensions>
        <dbm>-102</dbm>
      </extensions>
    </trkpt>
    <trkpt lat="35.747389" lon="127.677305">
      <ele>712.777778</ele>
      <time>2016-01-10T08:42:33Z</time>
      <extensions>
        <dbm>-100</dbm>
      </extensions>
    </trkpt>
    <trkpt lat="35.747474" lon="127.677241">
      <ele>713.777778</ele>
      <time>2016-01-10T08:42:49Z</time>
      <extensions>
        <dbm>-104</dbm>
      </extensions>
    </trkpt>
    <trkpt lat="35.747573" lon="127.677163">
      <ele>714.125000</ele>
      <time>2016-01-10T08:42:59Z</time>
      <extensions>
        <dbm>-103</dbm>
      </extensions>
    </trkpt>
    <trkpt lat="35.747669" lon="127.677060">
      <ele>715.375000</ele>
      <time>2016-01-10T08:43:13Z</time>
      <extensions>
        <dbm>-103</dbm>
      </extensions>
    </trkpt>
    <trkpt lat="35.747765" lon="127.676965">
      <ele>715.777778</ele>
      <time>2016-01-10T08:43:23Z</time>
      <extensions>
        <dbm>-103</dbm>
      </extensions>
    </trkpt>
    <trkpt lat="35.747862" lon="127.676902">
      <ele>716.888889</ele>
      <time>2016-01-10T08:43:40Z</time>
      <extensions>
        <dbm>-103</dbm>
      </extensions>
    </trkpt>
    <trkpt lat="35.747960" lon="127.676861">
      <ele>717.300000</ele>
      <time>2016-01-10T08:44:00Z</time>
      <extensions>
        <dbm>-103</dbm>
      </extensions>
    </trkpt>
    <trkpt lat="35.748052" lon="127.676839">
      <ele>717.700000</ele>
      <time>2016-01-10T08:44:10Z</time>
      <extensions>
        <dbm>-103</dbm>
      </extensions>
    </trkpt>
    <trkpt lat="35.748135" lon="127.676829">
      <ele>718.100000</ele>
      <time>2016-01-10T08:44:21Z</time>
      <extensions>
        <dbm>-103</dbm>
      </extensions>
    </trkpt>
    <trkpt lat="35.748250" lon="127.676840">
      <ele>719.000000</ele>
      <time>2016-01-10T08:44:29Z</time>
      <extensions>
        <dbm>-103</dbm>
      </extensions>
    </trkpt>
    <trkpt lat="35.748361" lon="127.676850">
      <ele>719.600000</ele>
      <time>2016-01-10T08:44:52Z</time>
      <extensions>
        <dbm>-103</dbm>
      </extensions>
    </trkpt>
    <trkpt lat="35.748501" lon="127.676876">
      <ele>720.444444</ele>
      <time>2016-01-10T08:45:02Z</time>
      <extensions>
        <dbm>-103</dbm>
      </extensions>
    </trkpt>
    <trkpt lat="35.748639" lon="127.676897">
      <ele>721.250000</ele>
      <time>2016-01-10T08:45:20Z</time>
      <extensions>
        <dbm>-103</dbm>
      </extensions>
    </trkpt>
    <trkpt lat="35.748797" lon="127.676921">
      <ele>721.625000</ele>
      <time>2016-01-10T08:45:34Z</time>
      <extensions>
        <dbm>-103</dbm>
      </extensions>
    </trkpt>
    <trkpt lat="35.748929" lon="127.676913">
      <ele>721.875000</ele>
      <time>2016-01-10T08:45:54Z</time>
      <extensions>
        <dbm>-103</dbm>
      </extensions>
    </trkpt>
    <trkpt lat="35.749133" lon="127.676840">
      <ele>721.857143</ele>
      <time>2016-01-10T08:46:00Z</time>
      <extensions>
        <dbm>-103</dbm>
      </extensions>
    </trkpt>
    <trkpt lat="35.749304" lon="127.676721">
      <ele>722.666667</ele>
      <time>2016-01-10T08:46:30Z</time>
      <extensions>
        <dbm>-103</dbm>
      </extensions>
    </trkpt>
    <trkpt lat="35.749457" lon="127.676537">
      <ele>724.166667</ele>
      <time>2016-01-10T08:46:44Z</time>
      <extensions>
        <dbm>-103</dbm>
      </extensions>
    </trkpt>
    <trkpt lat="35.749486" lon="127.676371">
      <ele>726.500000</ele>
      <time>2016-01-10T08:47:00Z</time>
      <extensions>
        <dbm>-103</dbm>
      </extensions>
    </trkpt>
    <trkpt lat="35.749502" lon="127.676213">
      <ele>731.500000</ele>
      <time>2016-01-10T08:47:11Z</time>
      <extensions>
        <dbm>-103</dbm>
      </extensions>
    </trkpt>
    <trkpt lat="35.749575" lon="127.676088">
      <ele>739.857143</ele>
      <time>2016-01-10T08:47:22Z</time>
      <extensions>
        <dbm>-103</dbm>
      </extensions>
    </trkpt>
    <trkpt lat="35.749687" lon="127.676001">
      <ele>744.857143</ele>
      <time>2016-01-10T08:47:54Z</time>
      <extensions>
        <dbm>-103</dbm>
      </extensions>
    </trkpt>
    <trkpt lat="35.749826" lon="127.675968">
      <ele>748.000000</ele>
      <time>2016-01-10T08:48:13Z</time>
      <extensions>
        <dbm>-103</dbm>
      </extensions>
    </trkpt>
    <trkpt lat="35.749929" lon="127.675982">
      <ele>752.833333</ele>
      <time>2016-01-10T08:48:25Z</time>
      <extensions>
        <dbm>-103</dbm>
      </extensions>
    </trkpt>
    <trkpt lat="35.750028" lon="127.676006">
      <ele>757.166667</ele>
      <time>2016-01-10T08:48:38Z</time>
      <extensions>
        <dbm>-103</dbm>
      </extensions>
    </trkpt>
    <trkpt lat="35.750142" lon="127.676031">
      <ele>758.666667</ele>
      <time>2016-01-10T08:48:53Z</time>
      <extensions>
        <dbm>-103</dbm>
      </extensions>
    </trkpt>
    <trkpt lat="35.750264" lon="127.676053">
      <ele>759.428571</ele>
      <time>2016-01-10T08:49:10Z</time>
      <extensions>
        <dbm>-103</dbm>
      </extensions>
    </trkpt>
    <trkpt lat="35.750375" lon="127.676053">
      <ele>760.857143</ele>
      <time>2016-01-10T08:49:25Z</time>
      <extensions>
        <dbm>-103</dbm>
      </extensions>
    </trkpt>
    <trkpt lat="35.750474" lon="127.676022">
      <ele>761.500000</ele>
      <time>2016-01-10T08:49:34Z</time>
      <extensions>
        <dbm>-103</dbm>
      </extensions>
    </trkpt>
    <trkpt lat="35.750564" lon="127.675982">
      <ele>762.750000</ele>
      <time>2016-01-10T08:49:48Z</time>
      <extensions>
        <dbm>-103</dbm>
      </extensions>
    </trkpt>
    <trkpt lat="35.750674" lon="127.675966">
      <ele>763.777778</ele>
      <time>2016-01-10T08:50:01Z</time>
      <extensions>
        <dbm>-103</dbm>
      </extensions>
    </trkpt>
    <trkpt lat="35.750777" lon="127.675977">
      <ele>765.555556</ele>
      <time>2016-01-10T08:50:20Z</time>
      <extensions>
        <dbm>-103</dbm>
      </extensions>
    </trkpt>
    <trkpt lat="35.750877" lon="127.675994">
      <ele>766.250000</ele>
      <time>2016-01-10T08:50:32Z</time>
      <extensions>
        <dbm>-103</dbm>
      </extensions>
    </trkpt>
    <trkpt lat="35.750968" lon="127.676003">
      <ele>768.500000</ele>
      <time>2016-01-10T08:50:40Z</time>
      <extensions>
        <dbm>-103</dbm>
      </extensions>
    </trkpt>
    <trkpt lat="35.751141" lon="127.676063">
      <ele>772.750000</ele>
      <time>2016-01-10T08:50:53Z</time>
      <extensions>
        <dbm>-103</dbm>
      </extensions>
    </trkpt>
    <trkpt lat="35.751314" lon="127.676145">
      <ele>775.375000</ele>
      <time>2016-01-10T08:51:44Z</time>
      <extensions>
        <dbm>-103</dbm>
      </extensions>
    </trkpt>
    <trkpt lat="35.751478" lon="127.676250">
      <ele>778.375000</ele>
      <time>2016-01-10T08:51:56Z</time>
      <extensions>
        <dbm>-103</dbm>
      </extensions>
    </trkpt>
    <trkpt lat="35.751579" lon="127.676333">
      <ele>781.625000</ele>
      <time>2016-01-10T08:52:08Z</time>
      <extensions>
        <dbm>-103</dbm>
      </extensions>
    </trkpt>
    <trkpt lat="35.751678" lon="127.676404">
      <ele>784.750000</ele>
      <time>2016-01-10T08:52:28Z</time>
      <extensions>
        <dbm>-103</dbm>
      </extensions>
    </trkpt>
    <trkpt lat="35.751794" lon="127.676457">
      <ele>787.875000</ele>
      <time>2016-01-10T08:52:36Z</time>
      <extensions>
        <dbm>-103</dbm>
      </extensions>
    </trkpt>
    <trkpt lat="35.751901" lon="127.676472">
      <ele>790.625000</ele>
      <time>2016-01-10T08:52:53Z</time>
      <extensions>
        <dbm>-103</dbm>
      </extensions>
    </trkpt>
    <trkpt lat="35.752017" lon="127.676481">
      <ele>793.875000</ele>
      <time>2016-01-10T08:53:03Z</time>
      <extensions>
        <dbm>-103</dbm>
      </extensions>
    </trkpt>
    <trkpt lat="35.752121" lon="127.676481">
      <ele>798.000000</ele>
      <time>2016-01-10T08:53:10Z</time>
      <extensions>
        <dbm>-103</dbm>
      </extensions>
    </trkpt>
    <trkpt lat="35.752220" lon="127.676488">
      <ele>802.625000</ele>
      <time>2016-01-10T08:53:21Z</time>
      <extensions>
        <dbm>-103</dbm>
      </extensions>
    </trkpt>
    <trkpt lat="35.752377" lon="127.676490">
      <ele>812.166667</ele>
      <time>2016-01-10T08:53:30Z</time>
      <extensions>
        <dbm>-103</dbm>
      </extensions>
    </trkpt>
    <trkpt lat="35.752536" lon="127.676496">
      <ele>815.285714</ele>
      <time>2016-01-10T08:53:54Z</time>
      <extensions>
        <dbm>-103</dbm>
      </extensions>
    </trkpt>
    <trkpt lat="35.752704" lon="127.676515">
      <ele>820.285714</ele>
      <time>2016-01-10T08:54:02Z</time>
      <extensions>
        <dbm>-103</dbm>
      </extensions>
    </trkpt>
    <trkpt lat="35.752816" lon="127.676542">
      <ele>825.285714</ele>
      <time>2016-01-10T08:54:19Z</time>
      <extensions>
        <dbm>-103</dbm>
      </extensions>
    </trkpt>
    <trkpt lat="35.752946" lon="127.676564">
      <ele>827.750000</ele>
      <time>2016-01-10T08:54:34Z</time>
      <extensions>
        <dbm>-103</dbm>
      </extensions>
    </trkpt>
    <trkpt lat="35.753131" lon="127.676573">
      <ele>838.000000</ele>
      <time>2016-01-10T08:54:57Z</time>
      <extensions>
        <dbm>-103</dbm>
      </extensions>
    </trkpt>
    <trkpt lat="35.753305" lon="127.676586">
      <ele>841.000000</ele>
      <time>2016-01-10T08:55:35Z</time>
      <extensions>
        <dbm>-103</dbm>
      </extensions>
    </trkpt>
    <trkpt lat="35.753469" lon="127.676602">
      <ele>844.500000</ele>
      <time>2016-01-10T08:55:44Z</time>
      <extensions>
        <dbm>-103</dbm>
      </extensions>
    </trkpt>
    <trkpt lat="35.753586" lon="127.676663">
      <ele>848.333333</ele>
      <time>2016-01-10T08:56:01Z</time>
      <extensions>
        <dbm>-103</dbm>
      </extensions>
    </trkpt>
    <trkpt lat="35.753703" lon="127.676734">
      <ele>852.833333</ele>
      <time>2016-01-10T08:56:33Z</time>
      <extensions>
        <dbm>-103</dbm>
      </extensions>
    </trkpt>
    <trkpt lat="35.753811" lon="127.676816">
      <ele>856.333333</ele>
      <time>2016-01-10T08:56:44Z</time>
      <extensions>
        <dbm>-103</dbm>
      </extensions>
    </trkpt>
    <trkpt lat="35.753899" lon="127.676848">
      <ele>857.857143</ele>
      <time>2016-01-10T08:56:58Z</time>
      <extensions>
        <dbm>-103</dbm>
      </extensions>
    </trkpt>
    <trkpt lat="35.753991" lon="127.676867">
      <ele>861.285714</ele>
      <time>2016-01-10T08:57:12Z</time>
      <extensions>
        <dbm>-103</dbm>
      </extensions>
    </trkpt>
    <trkpt lat="35.754090" lon="127.676886">
      <ele>864.428571</ele>
      <time>2016-01-10T08:57:24Z</time>
      <extensions>
        <dbm>-103</dbm>
      </extensions>
    </trkpt>
    <trkpt lat="35.754191" lon="127.676918">
      <ele>865.375000</ele>
      <time>2016-01-10T08:57:42Z</time>
      <extensions>
        <dbm>-103</dbm>
      </extensions>
    </trkpt>
    <trkpt lat="35.754288" lon="127.676950">
      <ele>868.250000</ele>
      <time>2016-01-10T08:57:58Z</time>
      <extensions>
        <dbm>-103</dbm>
      </extensions>
    </trkpt>
    <trkpt lat="35.754386" lon="127.676971">
      <ele>870.875000</ele>
      <time>2016-01-10T08:58:07Z</time>
      <extensions>
        <dbm>-103</dbm>
      </extensions>
    </trkpt>
    <trkpt lat="35.754525" lon="127.676984">
      <ele>872.875000</ele>
      <time>2016-01-10T08:58:19Z</time>
      <extensions>
        <dbm>-103</dbm>
      </extensions>
    </trkpt>
    <trkpt lat="35.754666" lon="127.677002">
      <ele>874.625000</ele>
      <time>2016-01-10T08:58:57Z</time>
      <extensions>
        <dbm>-103</dbm>
      </extensions>
    </trkpt>
    <trkpt lat="35.754811" lon="127.677023">
      <ele>875.444444</ele>
      <time>2016-01-10T08:59:13Z</time>
      <extensions>
        <dbm>-103</dbm>
      </extensions>
    </trkpt>
    <trkpt lat="35.754925" lon="127.677065">
      <ele>877.444444</ele>
      <time>2016-01-10T08:59:31Z</time>
      <extensions>
        <dbm>-103</dbm>
      </extensions>
    </trkpt>
    <trkpt lat="35.755163" lon="127.677095">
      <ele>881.500000</ele>
      <time>2016-01-10T08:59:56Z</time>
      <extensions>
        <dbm>-103</dbm>
      </extensions>
    </trkpt>
    <trkpt lat="35.755379" lon="127.677093">
      <ele>883.857143</ele>
      <time>2016-01-10T09:01:06Z</time>
      <extensions>
        <dbm>-103</dbm>
      </extensions>
    </trkpt>
    <trkpt lat="35.755604" lon="127.677049">
      <ele>884.666667</ele>
      <time>2016-01-10T09:01:19Z</time>
      <extensions>
        <dbm>-103</dbm>
      </extensions>
    </trkpt>
    <trkpt lat="35.755714" lon="127.677005">
      <ele>886.166667</ele>
      <time>2016-01-10T09:01:36Z</time>
      <extensions>
        <dbm>-103</dbm>
      </extensions>
    </trkpt>
    <trkpt lat="35.755840" lon="127.676991">
      <ele>892.000000</ele>
      <time>2016-01-10T09:01:50Z</time>
      <extensions>
        <dbm>-103</dbm>
      </extensions>
    </trkpt>
    <trkpt lat="35.756005" lon="127.676989">
      <ele>902.857143</ele>
      <time>2016-01-10T09:02:03Z</time>
      <extensions>
        <dbm>-103</dbm>
      </extensions>
    </trkpt>
    <trkpt lat="35.756151" lon="127.676978">
      <ele>909.142857</ele>
      <time>2016-01-10T09:03:31Z</time>
      <extensions>
        <dbm>-103</dbm>
      </extensions>
    </trkpt>
    <trkpt lat="35.756307" lon="127.676952">
      <ele>915.142857</ele>
      <time>2016-01-10T09:05:31Z</time>
      <extensions>
        <dbm>-103</dbm>
      </extensions>
    </trkpt>
    <trkpt lat="35.756403" lon="127.676938">
      <ele>922.571429</ele>
      <time>2016-01-10T09:05:58Z</time>
      <extensions>
        <dbm>-103</dbm>
      </extensions>
    </trkpt>
    <trkpt lat="35.756511" lon="127.676935">
      <ele>931.714286</ele>
      <time>2016-01-10T09:06:07Z</time>
      <extensions>
        <dbm>-103</dbm>
      </extensions>
    </trkpt>
    <trkpt lat="35.756638" lon="127.676947">
      <ele>937.571429</ele>
      <time>2016-01-10T09:06:21Z</time>
      <extensions>
        <dbm>-103</dbm>
      </extensions>
    </trkpt>
    <trkpt lat="35.756767" lon="127.676956">
      <ele>938.333333</ele>
      <time>2016-01-10T09:06:44Z</time>
      <extensions>
        <dbm>-103</dbm>
      </extensions>
    </trkpt>
    <trkpt lat="35.756914" lon="127.676971">
      <ele>941.833333</ele>
      <time>2016-01-10T09:06:54Z</time>
      <extensions>
        <dbm>-103</dbm>
      </extensions>
    </trkpt>
    <trkpt lat="35.757031" lon="127.676980">
      <ele>940.571429</ele>
      <time>2016-01-10T09:07:14Z</time>
      <extensions>
        <dbm>-103</dbm>
      </extensions>
    </trkpt>
    <trkpt lat="35.757143" lon="127.676986">
      <ele>940.714286</ele>
      <time>2016-01-10T09:07:24Z</time>
      <extensions>
        <dbm>-103</dbm>
      </extensions>
    </trkpt>
    <trkpt lat="35.757290" lon="127.676981">
      <ele>942.500000</ele>
      <time>2016-01-10T09:07:33Z</time>
      <extensions>
        <dbm>-103</dbm>
      </extensions>
    </trkpt>
    <trkpt lat="35.757432" lon="127.676992">
      <ele>940.714286</ele>
      <time>2016-01-10T09:08:00Z</time>
      <extensions>
        <dbm>-103</dbm>
      </extensions>
    </trkpt>
    <trkpt lat="35.757582" lon="127.676988">
      <ele>940.714286</ele>
      <time>2016-01-10T09:08:11Z</time>
      <extensions>
        <dbm>-103</dbm>
      </extensions>
    </trkpt>
    <trkpt lat="35.757673" lon="127.676964">
      <ele>938.750000</ele>
      <time>2016-01-10T09:08:25Z</time>
      <extensions>
        <dbm>-103</dbm>
      </extensions>
    </trkpt>
    <trkpt lat="35.757755" lon="127.676919">
      <ele>937.250000</ele>
      <time>2016-01-10T09:08:33Z</time>
      <extensions>
        <dbm>-103</dbm>
      </extensions>
    </trkpt>
    <trkpt lat="35.757830" lon="127.676884">
      <ele>935.222222</ele>
      <time>2016-01-10T09:08:52Z</time>
      <extensions>
        <dbm>-103</dbm>
      </extensions>
    </trkpt>
    <trkpt lat="35.757910" lon="127.676871">
      <ele>933.666667</ele>
      <time>2016-01-10T09:09:07Z</time>
      <extensions>
        <dbm>-103</dbm>
      </extensions>
    </trkpt>
    <trkpt lat="35.758000" lon="127.676888">
      <ele>933.125000</ele>
      <time>2016-01-10T09:09:21Z</time>
      <extensions>
        <dbm>-103</dbm>
      </extensions>
    </trkpt>
    <trkpt lat="35.758097" lon="127.676913">
      <ele>931.875000</ele>
      <time>2016-01-10T09:09:37Z</time>
      <extensions>
        <dbm>-103</dbm>
      </extensions>
    </trkpt>
    <trkpt lat="35.758195" lon="127.676982">
      <ele>930.333333</ele>
      <time>2016-01-10T09:09:58Z</time>
      <extensions>
        <dbm>-103</dbm>
      </extensions>
    </trkpt>
    <trkpt lat="35.758334" lon="127.677080">
      <ele>930.333333</ele>
      <time>2016-01-10T09:10:19Z</time>
      <extensions>
        <dbm>-103</dbm>
      </extensions>
    </trkpt>
    <trkpt lat="35.758457" lon="127.677182">
      <ele>930.333333</ele>
      <time>2016-01-10T09:11:00Z</time>
      <extensions>
        <dbm>-103</dbm>
      </extensions>
    </trkpt>
    <trkpt lat="35.758578" lon="127.677259">
      <ele>931.875000</ele>
      <time>2016-01-10T09:11:09Z</time>
      <extensions>
        <dbm>-103</dbm>
      </extensions>
    </trkpt>
    <trkpt lat="35.758660" lon="127.677302">
      <ele>932.000000</ele>
      <time>2016-01-10T09:11:25Z</time>
      <extensions>
        <dbm>-103</dbm>
      </extensions>
    </trkpt>
    <trkpt lat="35.758746" lon="127.677354">
      <ele>935.000000</ele>
      <time>2016-01-10T09:11:41Z</time>
      <extensions>
        <dbm>-103</dbm>
      </extensions>
    </trkpt>
    <trkpt lat="35.758837" lon="127.677438">
      <ele>939.875000</ele>
      <time>2016-01-10T09:12:01Z</time>
      <extensions>
        <dbm>-103</dbm>
      </extensions>
    </trkpt>
    <trkpt lat="35.758914" lon="127.677534">
      <ele>946.250000</ele>
      <time>2016-01-10T09:12:34Z</time>
      <extensions>
        <dbm>-103</dbm>
      </extensions>
    </trkpt>
    <trkpt lat="35.758986" lon="127.677639">
      <ele>949.888889</ele>
      <time>2016-01-10T09:12:46Z</time>
      <extensions>
        <dbm>-103</dbm>
      </extensions>
    </trkpt>
    <trkpt lat="35.759037" lon="127.677731">
      <ele>957.111111</ele>
      <time>2016-01-10T09:13:02Z</time>
      <extensions>
        <dbm>-120</dbm>
      </extensions>
    </trkpt>
    <trkpt lat="35.759084" lon="127.677827">
      <ele>967.875000</ele>
      <time>2016-01-10T09:13:15Z</time>
      <extensions>
        <dbm>-111</dbm>
      </extensions>
    </trkpt>
    <trkpt lat="35.759120" lon="127.677923">
      <ele>974.625000</ele>
      <time>2016-01-10T09:13:25Z</time>
      <extensions>
        <dbm>-111</dbm>
      </extensions>
    </trkpt>
    <trkpt lat="35.759160" lon="127.678014">
      <ele>979.500000</ele>
      <time>2016-01-10T09:13:36Z</time>
      <extensions>
        <dbm>-111</dbm>
      </extensions>
    </trkpt>
    <trkpt lat="35.759179" lon="127.678109">
      <ele>982.875000</ele>
      <time>2016-01-10T09:13:57Z</time>
      <extensions>
        <dbm>-109</dbm>
      </extensions>
    </trkpt>
    <trkpt lat="35.759195" lon="127.678212">
      <ele>983.750000</ele>
      <time>2016-01-10T09:14:06Z</time>
      <extensions>
        <dbm>-109</dbm>
      </extensions>
    </trkpt>
    <trkpt lat="35.759203" lon="127.678321">
      <ele>983.750000</ele>
      <time>2016-01-10T09:14:16Z</time>
      <extensions>
        <dbm>-109</dbm>
      </extensions>
    </trkpt>
    <trkpt lat="35.759220" lon="127.678439">
      <ele>982.444444</ele>
      <time>2016-01-10T09:14:29Z</time>
      <extensions>
        <dbm>-109</dbm>
      </extensions>
    </trkpt>
    <trkpt lat="35.759255" lon="127.678519">
      <ele>983.222222</ele>
      <time>2016-01-10T09:14:54Z</time>
      <extensions>
        <dbm>-109</dbm>
      </extensions>
    </trkpt>
    <trkpt lat="35.759315" lon="127.678585">
      <ele>984.000000</ele>
      <time>2016-01-10T09:15:26Z</time>
      <extensions>
        <dbm>-113</dbm>
      </extensions>
    </trkpt>
    <trkpt lat="35.759391" lon="127.678635">
      <ele>985.600000</ele>
      <time>2016-01-10T09:15:55Z</time>
      <extensions>
        <dbm>-120</dbm>
      </extensions>
    </trkpt>
    <trkpt lat="35.759466" lon="127.678733">
      <ele>987.500000</ele>
      <time>2016-01-10T09:16:12Z</time>
      <extensions>
        <dbm>-120</dbm>
      </extensions>
    </trkpt>
    <trkpt lat="35.759522" lon="127.678828">
      <ele>989.200000</ele>
      <time>2016-01-10T09:16:41Z</time>
      <extensions>
        <dbm>-113</dbm>
      </extensions>
    </trkpt>
    <trkpt lat="35.759583" lon="127.678923">
      <ele>991.100000</ele>
      <time>2016-01-10T09:16:54Z</time>
      <extensions>
        <dbm>-113</dbm>
      </extensions>
    </trkpt>
    <trkpt lat="35.759631" lon="127.679010">
      <ele>992.600000</ele>
      <time>2016-01-10T09:17:14Z</time>
      <extensions>
        <dbm>-113</dbm>
      </extensions>
    </trkpt>
    <trkpt lat="35.759676" lon="127.679102">
      <ele>993.363636</ele>
      <time>2016-01-10T09:17:30Z</time>
      <extensions>
        <dbm>-113</dbm>
      </extensions>
    </trkpt>
    <trkpt lat="35.759701" lon="127.679202">
      <ele>994.727273</ele>
      <time>2016-01-10T09:17:40Z</time>
      <extensions>
        <dbm>-113</dbm>
      </extensions>
    </trkpt>
    <trkpt lat="35.759724" lon="127.679291">
      <ele>995.636364</ele>
      <time>2016-01-10T09:17:52Z</time>
      <extensions>
        <dbm>-113</dbm>
      </extensions>
    </trkpt>
    <trkpt lat="35.759744" lon="127.679377">
      <ele>996.800000</ele>
      <time>2016-01-10T09:18:06Z</time>
      <extensions>
        <dbm>-113</dbm>
      </extensions>
    </trkpt>
    <trkpt lat="35.759775" lon="127.679449">
      <ele>997.800000</ele>
      <time>2016-01-10T09:18:20Z</time>
      <extensions>
        <dbm>-113</dbm>
      </extensions>
    </trkpt>
    <trkpt lat="35.759810" lon="127.679520">
      <ele>999.000000</ele>
      <time>2016-01-10T09:19:03Z</time>
      <extensions>
        <dbm>-113</dbm>
      </extensions>
    </trkpt>
    <trkpt lat="35.759848" lon="127.679595">
      <ele>1000.272727</ele>
      <time>2016-01-10T09:19:28Z</time>
      <extensions>
        <dbm>-113</dbm>
      </extensions>
    </trkpt>
    <trkpt lat="35.759892" lon="127.679668">
      <ele>1002.090909</ele>
      <time>2016-01-10T09:19:48Z</time>
      <extensions>
        <dbm>-113</dbm>
      </extensions>
    </trkpt>
    <trkpt lat="35.759939" lon="127.679742">
      <ele>1005.000000</ele>
      <time>2016-01-10T09:20:07Z</time>
      <extensions>
        <dbm>-113</dbm>
      </extensions>
    </trkpt>
    <trkpt lat="35.759990" lon="127.679820">
      <ele>1009.272727</ele>
      <time>2016-01-10T09:20:21Z</time>
      <extensions>
        <dbm>-113</dbm>
      </extensions>
    </trkpt>
    <trkpt lat="35.760049" lon="127.679884">
      <ele>1014.454545</ele>
      <time>2016-01-10T09:20:38Z</time>
      <extensions>
        <dbm>-113</dbm>
      </extensions>
    </trkpt>
    <trkpt lat="35.760116" lon="127.679938">
      <ele>1020.000000</ele>
      <time>2016-01-10T09:21:08Z</time>
      <extensions>
        <dbm>-113</dbm>
      </extensions>
    </trkpt>
    <trkpt lat="35.760182" lon="127.679978">
      <ele>1025.818182</ele>
      <time>2016-01-10T09:21:36Z</time>
      <extensions>
        <dbm>-113</dbm>
      </extensions>
    </trkpt>
    <trkpt lat="35.760247" lon="127.680024">
      <ele>1031.818182</ele>
      <time>2016-01-10T09:21:57Z</time>
      <extensions>
        <dbm>-113</dbm>
      </extensions>
    </trkpt>
    <trkpt lat="35.760307" lon="127.680076">
      <ele>1037.818182</ele>
      <time>2016-01-10T09:22:23Z</time>
      <extensions>
        <dbm>-113</dbm>
      </extensions>
    </trkpt>
    <trkpt lat="35.760370" lon="127.680131">
      <ele>1043.818182</ele>
      <time>2016-01-10T09:22:42Z</time>
      <extensions>
        <dbm>-113</dbm>
      </extensions>
    </trkpt>
    <trkpt lat="35.760430" lon="127.680186">
      <ele>1050.000000</ele>
      <time>2016-01-10T09:22:58Z</time>
      <extensions>
        <dbm>-113</dbm>
      </extensions>
    </trkpt>
    <trkpt lat="35.760491" lon="127.680244">
      <ele>1055.818182</ele>
      <time>2016-01-10T09:23:28Z</time>
      <extensions>
        <dbm>-113</dbm>
      </extensions>
    </trkpt>
    <trkpt lat="35.760555" lon="127.680303">
      <ele>1062.272727</ele>
      <time>2016-01-10T09:23:53Z</time>
      <extensions>
        <dbm>-113</dbm>
      </extensions>
    </trkpt>
    <trkpt lat="35.760626" lon="127.680414">
      <ele>1071.900000</ele>
      <time>2016-01-10T09:24:22Z</time>
      <extensions>
        <dbm>-113</dbm>
      </extensions>
    </trkpt>
    <trkpt lat="35.760695" lon="127.680520">
      <ele>1080.545455</ele>
      <time>2016-01-10T09:25:04Z</time>
      <extensions>
        <dbm>-113</dbm>
      </extensions>
    </trkpt>
    <trkpt lat="35.760772" lon="127.680637">
      <ele>1086.454545</ele>
      <time>2016-01-10T09:25:19Z</time>
      <extensions>
        <dbm>-113</dbm>
      </extensions>
    </trkpt>
    <trkpt lat="35.760840" lon="127.680718">
      <ele>1095.000000</ele>
      <time>2016-01-10T09:25:49Z</time>
      <extensions>
        <dbm>-113</dbm>
      </extensions>
    </trkpt>
    <trkpt lat="35.760908" lon="127.680816">
      <ele>1100.600000</ele>
      <time>2016-01-10T09:26:03Z</time>
      <extensions>
        <dbm>-113</dbm>
      </extensions>
    </trkpt>
    <trkpt lat="35.760977" lon="127.680938">
      <ele>1113.250000</ele>
      <time>2016-01-10T09:26:41Z</time>
      <extensions>
        <dbm>-140</dbm>
      </extensions>
    </trkpt>
    <trkpt lat="35.761052" lon="127.681071">
      <ele>1123.000000</ele>
      <time>2016-01-10T09:27:09Z</time>
      <extensions>
        <dbm>-140</dbm>
      </extensions>
    </trkpt>
    <trkpt lat="35.761131" lon="127.681186">
      <ele>1129.000000</ele>
      <time>2016-01-10T09:27:42Z</time>
      <extensions>
        <dbm>-140</dbm>
      </extensions>
    </trkpt>
    <trkpt lat="35.761234" lon="127.681290">
      <ele>1137.500000</ele>
      <time>2016-01-10T09:29:05Z</time>
      <extensions>
        <dbm>-140</dbm>
      </extensions>
    </trkpt>
    <trkpt lat="35.761296" lon="127.681412">
      <ele>1145.571429</ele>
      <time>2016-01-10T09:29:53Z</time>
      <extensions>
        <dbm>-140</dbm>
      </extensions>
    </trkpt>
    <trkpt lat="35.761323" lon="127.681559">
      <ele>1150.714286</ele>
      <time>2016-01-10T09:30:12Z</time>
      <extensions>
        <dbm>-140</dbm>
      </extensions>
    </trkpt>
    <trkpt lat="35.761314" lon="127.681693">
      <ele>1156.142857</ele>
      <time>2016-01-10T09:30:27Z</time>
      <extensions>
        <dbm>-140</dbm>
      </extensions>
    </trkpt>
    <trkpt lat="35.761330" lon="127.681818">
      <ele>1159.250000</ele>
      <time>2016-01-10T09:30:37Z</time>
      <extensions>
        <dbm>-140</dbm>
      </extensions>
    </trkpt>
    <trkpt lat="35.761372" lon="127.681924">
      <ele>1164.000000</ele>
      <time>2016-01-10T09:30:55Z</time>
      <extensions>
        <dbm>-140</dbm>
      </extensions>
    </trkpt>
    <trkpt lat="35.761414" lon="127.682026">
      <ele>1166.222222</ele>
      <time>2016-01-10T09:31:18Z</time>
      <extensions>
        <dbm>-140</dbm>
      </extensions>
    </trkpt>
    <trkpt lat="35.761453" lon="127.682112">
      <ele>1170.222222</ele>
      <time>2016-01-10T09:31:44Z</time>
      <extensions>
        <dbm>-140</dbm>
      </extensions>
    </trkpt>
    <trkpt lat="35.761503" lon="127.682209">
      <ele>1174.222222</ele>
      <time>2016-01-10T09:32:00Z</time>
      <extensions>
        <dbm>-140</dbm>
      </extensions>
    </trkpt>
    <trkpt lat="35.761550" lon="127.682311">
      <ele>1178.666667</ele>
      <time>2016-01-10T09:32:21Z</time>
      <extensions>
        <dbm>-140</dbm>
      </extensions>
    </trkpt>
    <trkpt lat="35.761605" lon="127.682412">
      <ele>1182.555556</ele>
      <time>2016-01-10T09:32:43Z</time>
      <extensions>
        <dbm>-140</dbm>
      </extensions>
    </trkpt>
    <trkpt lat="35.761642" lon="127.682511">
      <ele>1185.000000</ele>
      <time>2016-01-10T09:33:05Z</time>
      <extensions>
        <dbm>-140</dbm>
      </extensions>
    </trkpt>
    <trkpt lat="35.761675" lon="127.682614">
      <ele>1188.125000</ele>
      <time>2016-01-10T09:33:30Z</time>
      <extensions>
        <dbm>-140</dbm>
      </extensions>
    </trkpt>
    <trkpt lat="35.761717" lon="127.682714">
      <ele>1190.375000</ele>
      <time>2016-01-10T09:33:55Z</time>
      <extensions>
        <dbm>-140</dbm>
      </extensions>
    </trkpt>
    <trkpt lat="35.761772" lon="127.682811">
      <ele>1191.444444</ele>
      <time>2016-01-10T09:34:23Z</time>
      <extensions>
        <dbm>-140</dbm>
      </extensions>
    </trkpt>
    <trkpt lat="35.761848" lon="127.682907">
      <ele>1193.777778</ele>
      <time>2016-01-10T09:34:42Z</time>
      <extensions>
        <dbm>-140</dbm>
      </extensions>
    </trkpt>
    <trkpt lat="35.761927" lon="127.682995">
      <ele>1197.000000</ele>
      <time>2016-01-10T09:35:29Z</time>
      <extensions>
        <dbm>-140</dbm>
      </extensions>
    </trkpt>
    <trkpt lat="35.762019" lon="127.683078">
      <ele>1200.222222</ele>
      <time>2016-01-10T09:35:48Z</time>
      <extensions>
        <dbm>-140</dbm>
      </extensions>
    </trkpt>
    <trkpt lat="35.762099" lon="127.683148">
      <ele>1201.900000</ele>
      <time>2016-01-10T09:36:23Z</time>
      <extensions>
        <dbm>-140</dbm>
      </extensions>
    </trkpt>
    <trkpt lat="35.762158" lon="127.683225">
      <ele>1205.100000</ele>
      <time>2016-01-10T09:36:55Z</time>
      <extensions>
        <dbm>-140</dbm>
      </extensions>
    </trkpt>
    <trkpt lat="35.762207" lon="127.683303">
      <ele>1208.600000</ele>
      <time>2016-01-10T09:37:19Z</time>
      <extensions>
        <dbm>-140</dbm>
      </extensions>
    </trkpt>
    <trkpt lat="35.762254" lon="127.683380">
      <ele>1212.500000</ele>
      <time>2016-01-10T09:37:42Z</time>
      <extensions>
        <dbm>-140</dbm>
      </extensions>
    </trkpt>
    <trkpt lat="35.762344" lon="127.683452">
      <ele>1216.000000</ele>
      <time>2016-01-10T09:38:16Z</time>
      <extensions>
        <dbm>-140</dbm>
      </extensions>
    </trkpt>
    <trkpt lat="35.762448" lon="127.683496">
      <ele>1222.000000</ele>
      <time>2016-01-10T09:39:24Z</time>
      <extensions>
        <dbm>-140</dbm>
      </extensions>
    </trkpt>
    <trkpt lat="35.762562" lon="127.683520">
      <ele>1224.200000</ele>
      <time>2016-01-10T09:40:14Z</time>
      <extensions>
        <dbm>-115</dbm>
      </extensions>
    </trkpt>
    <trkpt lat="35.762653" lon="127.683537">
      <ele>1228.900000</ele>
      <time>2016-01-10T09:41:02Z</time>
      <extensions>
        <dbm>-119</dbm>
      </extensions>
    </trkpt>
    <trkpt lat="35.762800" lon="127.683606">
      <ele>1241.555556</ele>
      <time>2016-01-10T09:41:25Z</time>
      <extensions>
        <dbm>-119</dbm>
      </extensions>
    </trkpt>
    <trkpt lat="35.762967" lon="127.683673">
      <ele>1251.000000</ele>
      <time>2016-01-10T09:43:59Z</time>
      <extensions>
        <dbm>-119</dbm>
      </extensions>
    </trkpt>
    <trkpt lat="35.763135" lon="127.683715">
      <ele>1257.500000</ele>
      <time>2016-01-10T09:44:17Z</time>
      <extensions>
        <dbm>-119</dbm>
      </extensions>
    </trkpt>
    <trkpt lat="35.763239" lon="127.683694">
      <ele>1260.777778</ele>
      <time>2016-01-10T09:44:26Z</time>
      <extensions>
        <dbm>-119</dbm>
      </extensions>
    </trkpt>
    <trkpt lat="35.763241" lon="127.683680">
      <ele>1217.861728</ele>
      <time>2016-01-10T09:44:26Z</time>
      <extensions>
        <dbm>-119</dbm>
      </extensions>
    </trkpt>
    <trkpt lat="35.763315" lon="127.683649">
      <ele>1219.856944</ele>
      <time>2016-01-10T09:48:36Z</time>
      <extensions>
        <dbm>-104</dbm>
      </extensions>
    </trkpt>
    <trkpt lat="35.763356" lon="127.683623">
      <ele>1337.000000</ele>
      <time>2016-01-10T09:49:18Z</time>
      <extensions>
        <pause>start</pause>
        <type>auto</type>
        <dbm>-115</dbm>
      </extensions>
    </trkpt>
    <trkpt lat="35.763549" lon="127.683365">
      <ele>1346.000000</ele>
      <time>2016-01-10T09:51:12Z</time>
      <extensions>
        <pause>end</pause>
        <type>auto</type>
        <dbm>-115</dbm>
      </extensions>
    </trkpt>
    <trkpt lat="35.763627" lon="127.683238">
      <ele>1256.990476</ele>
      <time>2016-01-10T09:52:05Z</time>
      <extensions>
        <dbm>-115</dbm>
      </extensions>
    </trkpt>
    <trkpt lat="35.763704" lon="127.683138">
      <ele>1280.472222</ele>
      <time>2016-01-10T09:52:44Z</time>
      <extensions>
        <dbm>-115</dbm>
      </extensions>
    </trkpt>
    <trkpt lat="35.763795" lon="127.683083">
      <ele>1297.879630</ele>
      <time>2016-01-10T09:52:55Z</time>
      <extensions>
        <dbm>-115</dbm>
      </extensions>
    </trkpt>
    <trkpt lat="35.763874" lon="127.683016">
      <ele>1315.046296</ele>
      <time>2016-01-10T09:53:10Z</time>
      <extensions>
        <dbm>-115</dbm>
      </extensions>
    </trkpt>
    <trkpt lat="35.763982" lon="127.682981">
      <ele>1332.962963</ele>
      <time>2016-01-10T09:53:41Z</time>
      <extensions>
        <dbm>-115</dbm>
      </extensions>
    </trkpt>
    <trkpt lat="35.764110" lon="127.682904">
      <ele>1350.666667</ele>
      <time>2016-01-10T09:54:13Z</time>
      <extensions>
        <dbm>-115</dbm>
      </extensions>
    </trkpt>
    <trkpt lat="35.764241" lon="127.682831">
      <ele>1356.000000</ele>
      <time>2016-01-10T09:55:11Z</time>
      <extensions>
        <dbm>-115</dbm>
      </extensions>
    </trkpt>
    <trkpt lat="35.764336" lon="127.682719">
      <ele>1362.500000</ele>
      <time>2016-01-10T09:55:22Z</time>
      <extensions>
        <dbm>-115</dbm>
      </extensions>
    </trkpt>
    <trkpt lat="35.764400" lon="127.682623">
      <ele>1370.285714</ele>
      <time>2016-01-10T09:55:38Z</time>
      <extensions>
        <dbm>-115</dbm>
      </extensions>
    </trkpt>
    <trkpt lat="35.764463" lon="127.682513">
      <ele>1373.000000</ele>
      <time>2016-01-10T09:57:15Z</time>
      <extensions>
        <dbm>-114</dbm>
      </extensions>
    </trkpt>
    <trkpt lat="35.764550" lon="127.682406">
      <ele>1377.000000</ele>
      <time>2016-01-10T09:58:12Z</time>
      <extensions>
        <dbm>-114</dbm>
      </extensions>
    </trkpt>
    <trkpt lat="35.764639" lon="127.682307">
      <ele>1378.714286</ele>
      <time>2016-01-10T09:59:40Z</time>
      <extensions>
        <dbm>-114</dbm>
      </extensions>
    </trkpt>
    <trkpt lat="35.764732" lon="127.682248">
      <ele>1383.000000</ele>
      <time>2016-01-10T10:00:28Z</time>
      <extensions>
        <dbm>-114</dbm>
      </extensions>
    </trkpt>
    <trkpt lat="35.764803" lon="127.682181">
      <ele>1386.125000</ele>
      <time>2016-01-10T10:00:50Z</time>
      <extensions>
        <dbm>-101</dbm>
      </extensions>
    </trkpt>
    <trkpt lat="35.764857" lon="127.682104">
      <ele>1392.875000</ele>
      <time>2016-01-10T10:02:16Z</time>
      <extensions>
        <dbm>-99</dbm>
      </extensions>
    </trkpt>
    <trkpt lat="35.764898" lon="127.682004">
      <ele>1399.625000</ele>
      <time>2016-01-10T10:02:45Z</time>
      <extensions>
        <dbm>-99</dbm>
      </extensions>
    </trkpt>
    <trkpt lat="35.764937" lon="127.681906">
      <ele>1403.666667</ele>
      <time>2016-01-10T10:03:39Z</time>
      <extensions>
        <dbm>-99</dbm>
      </extensions>
    </trkpt>
    <trkpt lat="35.764993" lon="127.681830">
      <ele>1411.000000</ele>
      <time>2016-01-10T10:04:38Z</time>
      <extensions>
        <dbm>-123</dbm>
      </extensions>
    </trkpt>
    <trkpt lat="35.765044" lon="127.681741">
      <ele>1417.777778</ele>
      <time>2016-01-10T10:04:50Z</time>
      <extensions>
        <dbm>-123</dbm>
      </extensions>
    </trkpt>
    <trkpt lat="35.765103" lon="127.681659">
      <ele>1421.375000</ele>
      <time>2016-01-10T10:06:00Z</time>
      <extensions>
        <dbm>-115</dbm>
      </extensions>
    </trkpt>
    <trkpt lat="35.765159" lon="127.681581">
      <ele>1429.625000</ele>
      <time>2016-01-10T10:06:09Z</time>
      <extensions>
        <dbm>-115</dbm>
      </extensions>
    </trkpt>
    <trkpt lat="35.765235" lon="127.681564">
      <ele>1432.777778</ele>
      <time>2016-01-10T10:07:34Z</time>
      <extensions>
        <dbm>-115</dbm>
      </extensions>
    </trkpt>
    <trkpt lat="35.765316" lon="127.681572">
      <ele>1439.666667</ele>
      <time>2016-01-10T10:08:10Z</time>
      <extensions>
        <dbm>-115</dbm>
      </extensions>
    </trkpt>
    <trkpt lat="35.765411" lon="127.681593">
      <ele>1445.555556</ele>
      <time>2016-01-10T10:08:49Z</time>
      <extensions>
        <dbm>-115</dbm>
      </extensions>
    </trkpt>
    <trkpt lat="35.765514" lon="127.681585">
      <ele>1450.000000</ele>
      <time>2016-01-10T10:10:16Z</time>
      <extensions>
        <dbm>-115</dbm>
      </extensions>
    </trkpt>
    <trkpt lat="35.765630" lon="127.681573">
      <ele>1453.444444</ele>
      <time>2016-01-10T10:11:57Z</time>
      <extensions>
        <dbm>-115</dbm>
      </extensions>
    </trkpt>
    <trkpt lat="35.765735" lon="127.681551">
      <ele>1456.333333</ele>
      <time>2016-01-10T10:12:52Z</time>
      <extensions>
        <dbm>-115</dbm>
      </extensions>
    </trkpt>
    <trkpt lat="35.765845" lon="127.681532">
      <ele>1458.333333</ele>
      <time>2016-01-10T10:13:09Z</time>
      <extensions>
        <dbm>-115</dbm>
      </extensions>
    </trkpt>
    <trkpt lat="35.765940" lon="127.681499">
      <ele>1461.222222</ele>
      <time>2016-01-10T10:13:31Z</time>
      <extensions>
        <dbm>-115</dbm>
      </extensions>
    </trkpt>
    <trkpt lat="35.766034" lon="127.681445">
      <ele>1463.333333</ele>
      <time>2016-01-10T10:13:47Z</time>
      <extensions>
        <dbm>-115</dbm>
      </extensions>
    </trkpt>
    <trkpt lat="35.766143" lon="127.681313">
      <ele>1465.625000</ele>
      <time>2016-01-10T10:14:27Z</time>
      <extensions>
        <dbm>-115</dbm>
      </extensions>
    </trkpt>
    <trkpt lat="35.766256" lon="127.681179">
      <ele>1467.250000</ele>
      <time>2016-01-10T10:15:02Z</time>
      <extensions>
        <dbm>-115</dbm>
      </extensions>
    </trkpt>
    <trkpt lat="35.766381" lon="127.681058">
      <ele>1470.111111</ele>
      <time>2016-01-10T10:15:21Z</time>
      <extensions>
        <dbm>-115</dbm>
      </extensions>
    </trkpt>
    <trkpt lat="35.766472" lon="127.680987">
      <ele>1471.250000</ele>
      <time>2016-01-10T10:15:46Z</time>
      <extensions>
        <dbm>-115</dbm>
      </extensions>
    </trkpt>
    <trkpt lat="35.766574" lon="127.680921">
      <ele>1474.000000</ele>
      <time>2016-01-10T10:15:59Z</time>
      <extensions>
        <dbm>-115</dbm>
      </extensions>
    </trkpt>
    <trkpt lat="35.766640" lon="127.680836">
      <ele>1476.111111</ele>
      <time>2016-01-10T10:16:36Z</time>
      <extensions>
        <dbm>-115</dbm>
      </extensions>
    </trkpt>
    <trkpt lat="35.766699" lon="127.680746">
      <ele>1476.750000</ele>
      <time>2016-01-10T10:16:51Z</time>
      <extensions>
        <dbm>-115</dbm>
      </extensions>
    </trkpt>
    <trkpt lat="35.766729" lon="127.680646">
      <ele>1478.000000</ele>
      <time>2016-01-10T10:17:10Z</time>
      <extensions>
        <dbm>-115</dbm>
      </extensions>
    </trkpt>
    <trkpt lat="35.766780" lon="127.680549">
      <ele>1479.125000</ele>
      <time>2016-01-10T10:17:29Z</time>
      <extensions>
        <dbm>-115</dbm>
      </extensions>
    </trkpt>
    <trkpt lat="35.766827" lon="127.680448">
      <ele>1480.500000</ele>
      <time>2016-01-10T10:17:53Z</time>
      <extensions>
        <dbm>-115</dbm>
      </extensions>
    </trkpt>
    <trkpt lat="35.766854" lon="127.680346">
      <ele>1481.500000</ele>
      <time>2016-01-10T10:18:04Z</time>
      <extensions>
        <dbm>-106</dbm>
      </extensions>
    </trkpt>
    <trkpt lat="35.766863" lon="127.680226">
      <ele>1482.625000</ele>
      <time>2016-01-10T10:18:23Z</time>
      <extensions>
        <dbm>-106</dbm>
      </extensions>
    </trkpt>
    <trkpt lat="35.766873" lon="127.680105">
      <ele>1484.250000</ele>
      <time>2016-01-10T10:18:41Z</time>
      <extensions>
        <dbm>-106</dbm>
      </extensions>
    </trkpt>
    <trkpt lat="35.766892" lon="127.679979">
      <ele>1485.000000</ele>
      <time>2016-01-10T10:18:52Z</time>
      <extensions>
        <dbm>-106</dbm>
      </extensions>
    </trkpt>
    <trkpt lat="35.766913" lon="127.679874">
      <ele>1486.333333</ele>
      <time>2016-01-10T10:19:04Z</time>
      <extensions>
        <dbm>-106</dbm>
      </extensions>
    </trkpt>
    <trkpt lat="35.766958" lon="127.679782">
      <ele>1487.555556</ele>
      <time>2016-01-10T10:19:23Z</time>
      <extensions>
        <dbm>-106</dbm>
      </extensions>
    </trkpt>
    <trkpt lat="35.767024" lon="127.679706">
      <ele>1489.000000</ele>
      <time>2016-01-10T10:20:16Z</time>
      <extensions>
        <dbm>-106</dbm>
      </extensions>
    </trkpt>
    <trkpt lat="35.767130" lon="127.679652">
      <ele>1490.555556</ele>
      <time>2016-01-10T10:20:27Z</time>
      <extensions>
        <dbm>-106</dbm>
      </extensions>
    </trkpt>
    <trkpt lat="35.767221" lon="127.679600">
      <ele>1491.400000</ele>
      <time>2016-01-10T10:21:32Z</time>
      <extensions>
        <dbm>-106</dbm>
      </extensions>
    </trkpt>
    <trkpt lat="35.767331" lon="127.679558">
      <ele>1493.100000</ele>
      <time>2016-01-10T10:21:56Z</time>
      <extensions>
        <dbm>-106</dbm>
      </extensions>
    </trkpt>
    <trkpt lat="35.767412" lon="127.679524">
      <ele>1494.700000</ele>
      <time>2016-01-10T10:22:35Z</time>
      <extensions>
        <dbm>-106</dbm>
      </extensions>
    </trkpt>
    <trkpt lat="35.767494" lon="127.679483">
      <ele>1495.454545</ele>
      <time>2016-01-10T10:23:27Z</time>
      <extensions>
        <dbm>-97</dbm>
      </extensions>
    </trkpt>
    <trkpt lat="35.767559" lon="127.679429">
      <ele>1497.454545</ele>
      <time>2016-01-10T10:25:54Z</time>
      <extensions>
        <dbm>-109</dbm>
      </extensions>
    </trkpt>
    <trkpt lat="35.767595" lon="127.679364">
      <ele>1497.454545</ele>
      <time>2016-01-10T10:26:05Z</time>
      <extensions>
        <dbm>-109</dbm>
      </extensions>
    </trkpt>
    <trkpt lat="35.767609" lon="127.679323">
      <ele>1530.000000</ele>
      <time>2016-01-10T10:27:33Z</time>
      <extensions>
        <pause>start</pause>
        <type>auto</type>
        <dbm>-103</dbm>
      </extensions>
    </trkpt>
    <trkpt lat="35.767886" lon="127.679239">
      <ele>1524.000000</ele>
      <time>2016-01-10T10:31:12Z</time>
      <extensions>
        <pause>end</pause>
        <type>auto</type>
        <dbm>-103</dbm>
      </extensions>
    </trkpt>
    <trkpt lat="35.767957" lon="127.679163">
      <ele>1509.500000</ele>
      <time>2016-01-10T10:31:22Z</time>
      <extensions>
        <dbm>-103</dbm>
      </extensions>
    </trkpt>
    <trkpt lat="35.768063" lon="127.679139">
      <ele>1514.500000</ele>
      <time>2016-01-10T10:31:32Z</time>
      <extensions>
        <dbm>-103</dbm>
      </extensions>
    </trkpt>
    <trkpt lat="35.768177" lon="127.679136">
      <ele>1514.555556</ele>
      <time>2016-01-10T10:31:54Z</time>
      <extensions>
        <dbm>-103</dbm>
      </extensions>
    </trkpt>
    <trkpt lat="35.768291" lon="127.679124">
      <ele>1515.555556</ele>
      <time>2016-01-10T10:32:05Z</time>
      <extensions>
        <dbm>-103</dbm>
      </extensions>
    </trkpt>
    <trkpt lat="35.768374" lon="127.679093">
      <ele>1516.111111</ele>
      <time>2016-01-10T10:32:25Z</time>
      <extensions>
        <dbm>-103</dbm>
      </extensions>
    </trkpt>
    <trkpt lat="35.768437" lon="127.679033">
      <ele>1516.111111</ele>
      <time>2016-01-10T10:32:42Z</time>
      <extensions>
        <dbm>-103</dbm>
      </extensions>
    </trkpt>
    <trkpt lat="35.768476" lon="127.678954">
      <ele>1516.111111</ele>
      <time>2016-01-10T10:33:02Z</time>
      <extensions>
        <dbm>-103</dbm>
      </extensions>
    </trkpt>
    <trkpt lat="35.768511" lon="127.678804">
      <ele>1517.125000</ele>
      <time>2016-01-10T10:33:24Z</time>
      <extensions>
        <dbm>-103</dbm>
      </extensions>
    </trkpt>
    <trkpt lat="35.768576" lon="127.678674">
      <ele>1516.555556</ele>
      <time>2016-01-10T10:33:57Z</time>
      <extensions>
        <dbm>-103</dbm>
      </extensions>
    </trkpt>
    <trkpt lat="35.768653" lon="127.678573">
      <ele>1514.875000</ele>
      <time>2016-01-10T10:34:13Z</time>
      <extensions>
        <dbm>-103</dbm>
      </extensions>
    </trkpt>
    <trkpt lat="35.768730" lon="127.678510">
      <ele>1512.888889</ele>
      <time>2016-01-10T10:34:29Z</time>
      <extensions>
        <dbm>-103</dbm>
      </extensions>
    </trkpt>
    <trkpt lat="35.768783" lon="127.678418">
      <ele>1507.750000</ele>
      <time>2016-01-10T10:34:49Z</time>
      <extensions>
        <dbm>-103</dbm>
      </extensions>
    </trkpt>
    <trkpt lat="35.768835" lon="127.678313">
      <ele>1500.555556</ele>
      <time>2016-01-10T10:35:23Z</time>
      <extensions>
        <dbm>-103</dbm>
      </extensions>
    </trkpt>
    <trkpt lat="35.768885" lon="127.678222">
      <ele>1498.250000</ele>
      <time>2016-01-10T10:35:58Z</time>
      <extensions>
        <dbm>-103</dbm>
      </extensions>
    </trkpt>
    <trkpt lat="35.768940" lon="127.678133">
      <ele>1495.000000</ele>
      <time>2016-01-10T10:36:13Z</time>
      <extensions>
        <dbm>-103</dbm>
      </extensions>
    </trkpt>
    <trkpt lat="35.769000" lon="127.678012">
      <ele>1487.250000</ele>
      <time>2016-01-10T10:36:36Z</time>
      <extensions>
        <dbm>-103</dbm>
      </extensions>
    </trkpt>
    <trkpt lat="35.769063" lon="127.677885">
      <ele>1484.888889</ele>
      <time>2016-01-10T10:37:06Z</time>
      <extensions>
        <dbm>-103</dbm>
      </extensions>
    </trkpt>
    <trkpt lat="35.769141" lon="127.677776">
      <ele>1479.666667</ele>
      <time>2016-01-10T10:37:17Z</time>
      <extensions>
        <dbm>-103</dbm>
      </extensions>
    </trkpt>
    <trkpt lat="35.769218" lon="127.677690">
      <ele>1474.222222</ele>
      <time>2016-01-10T10:37:36Z</time>
      <extensions>
        <dbm>-103</dbm>
      </extensions>
    </trkpt>
    <trkpt lat="35.769308" lon="127.677608">
      <ele>1466.250000</ele>
      <time>2016-01-10T10:38:06Z</time>
      <extensions>
        <dbm>-99</dbm>
      </extensions>
    </trkpt>
    <trkpt lat="35.769377" lon="127.677505">
      <ele>1457.222222</ele>
      <time>2016-01-10T10:38:28Z</time>
      <extensions>
        <dbm>-99</dbm>
      </extensions>
    </trkpt>
    <trkpt lat="35.769440" lon="127.677405">
      <ele>1454.875000</ele>
      <time>2016-01-10T10:38:43Z</time>
      <extensions>
        <dbm>-99</dbm>
      </extensions>
    </trkpt>
    <trkpt lat="35.769487" lon="127.677296">
      <ele>1450.500000</ele>
      <time>2016-01-10T10:38:55Z</time>
      <extensions>
        <dbm>-99</dbm>
      </extensions>
    </trkpt>
    <trkpt lat="35.769540" lon="127.677214">
      <ele>1446.125000</ele>
      <time>2016-01-10T10:39:07Z</time>
      <extensions>
        <dbm>-99</dbm>
      </extensions>
    </trkpt>
    <trkpt lat="35.769592" lon="127.677121">
      <ele>1441.750000</ele>
      <time>2016-01-10T10:40:10Z</time>
      <extensions>
        <dbm>-109</dbm>
      </extensions>
    </trkpt>
    <trkpt lat="35.769636" lon="127.677026">
      <ele>1436.000000</ele>
      <time>2016-01-10T10:40:21Z</time>
      <extensions>
        <dbm>-109</dbm>
      </extensions>
    </trkpt>
    <trkpt lat="35.769681" lon="127.676923">
      <ele>1431.125000</ele>
      <time>2016-01-10T10:40:33Z</time>
      <extensions>
        <dbm>-109</dbm>
      </extensions>
    </trkpt>
    <trkpt lat="35.769731" lon="127.676837">
      <ele>1428.777778</ele>
      <time>2016-01-10T10:40:46Z</time>
      <extensions>
        <dbm>-109</dbm>
      </extensions>
    </trkpt>
    <trkpt lat="35.769787" lon="127.676751">
      <ele>1423.666667</ele>
      <time>2016-01-10T10:40:56Z</time>
      <extensions>
        <dbm>-109</dbm>
      </extensions>
    </trkpt>
    <trkpt lat="35.769859" lon="127.676680">
      <ele>1417.625000</ele>
      <time>2016-01-10T10:41:05Z</time>
      <extensions>
        <dbm>-87</dbm>
      </extensions>
    </trkpt>
    <trkpt lat="35.769946" lon="127.676600">
      <ele>1413.125000</ele>
      <time>2016-01-10T10:42:43Z</time>
      <extensions>
        <dbm>-122</dbm>
      </extensions>
    </trkpt>
    <trkpt lat="35.770050" lon="127.676524">
      <ele>1408.125000</ele>
      <time>2016-01-10T10:44:51Z</time>
      <extensions>
        <dbm>-122</dbm>
      </extensions>
    </trkpt>
    <trkpt lat="35.770151" lon="127.676432">
      <ele>1402.750000</ele>
      <time>2016-01-10T10:45:03Z</time>
      <extensions>
        <dbm>-122</dbm>
      </extensions>
    </trkpt>
    <trkpt lat="35.770254" lon="127.676319">
      <ele>1399.250000</ele>
      <time>2016-01-10T10:45:15Z</time>
      <extensions>
        <dbm>-122</dbm>
      </extensions>
    </trkpt>
    <trkpt lat="35.770355" lon="127.676158">
      <ele>1394.444444</ele>
      <time>2016-01-10T10:45:27Z</time>
      <extensions>
        <dbm>-122</dbm>
      </extensions>
    </trkpt>
    <trkpt lat="35.770468" lon="127.675927">
      <ele>1387.857143</ele>
      <time>2016-01-10T10:45:42Z</time>
      <extensions>
        <dbm>-122</dbm>
      </extensions>
    </trkpt>
    <trkpt lat="35.770561" lon="127.675717">
      <ele>1385.142857</ele>
      <time>2016-01-10T10:46:05Z</time>
      <extensions>
        <dbm>-122</dbm>
      </extensions>
    </trkpt>
    <trkpt lat="35.770638" lon="127.675549">
      <ele>1384.625000</ele>
      <time>2016-01-10T10:46:17Z</time>
      <extensions>
        <dbm>-122</dbm>
      </extensions>
    </trkpt>
    <trkpt lat="35.770681" lon="127.675448">
      <ele>1383.125000</ele>
      <time>2016-01-10T10:46:27Z</time>
      <extensions>
        <dbm>-122</dbm>
      </extensions>
    </trkpt>
    <trkpt lat="35.770726" lon="127.675349">
      <ele>1382.625000</ele>
      <time>2016-01-10T10:46:40Z</time>
      <extensions>
        <dbm>-122</dbm>
      </extensions>
    </trkpt>
    <trkpt lat="35.770772" lon="127.675258">
      <ele>1382.625000</ele>
      <time>2016-01-10T10:47:15Z</time>
      <extensions>
        <dbm>-122</dbm>
      </extensions>
    </trkpt>
    <trkpt lat="35.770823" lon="127.675167">
      <ele>1382.625000</ele>
      <time>2016-01-10T10:47:43Z</time>
      <extensions>
        <dbm>-122</dbm>
      </extensions>
    </trkpt>
    <trkpt lat="35.770871" lon="127.675066">
      <ele>1382.625000</ele>
      <time>2016-01-10T10:48:00Z</time>
      <extensions>
        <dbm>-122</dbm>
      </extensions>
    </trkpt>
    <trkpt lat="35.770874" lon="127.674876">
      <ele>1383.714286</ele>
      <time>2016-01-10T10:48:24Z</time>
      <extensions>
        <dbm>-122</dbm>
      </extensions>
    </trkpt>
    <trkpt lat="35.770858" lon="127.674682">
      <ele>1386.285714</ele>
      <time>2016-01-10T10:48:55Z</time>
      <extensions>
        <dbm>-122</dbm>
      </extensions>
    </trkpt>
    <trkpt lat="35.770819" lon="127.674482">
      <ele>1389.285714</ele>
      <time>2016-01-10T10:49:06Z</time>
      <extensions>
        <dbm>-122</dbm>
      </extensions>
    </trkpt>
    <trkpt lat="35.770814" lon="127.674303">
      <ele>1392.571429</ele>
      <time>2016-01-10T10:49:20Z</time>
      <extensions>
        <dbm>-122</dbm>
      </extensions>
    </trkpt>
    <trkpt lat="35.770803" lon="127.674078">
      <ele>1395.000000</ele>
      <time>2016-01-10T10:49:41Z</time>
      <extensions>
        <dbm>-122</dbm>
      </extensions>
    </trkpt>
    <trkpt lat="35.770788" lon="127.673863">
      <ele>1395.000000</ele>
      <time>2016-01-10T10:50:02Z</time>
      <extensions>
        <dbm>-122</dbm>
      </extensions>
    </trkpt>
    <trkpt lat="35.770755" lon="127.673706">
      <ele>1396.375000</ele>
      <time>2016-01-10T10:50:09Z</time>
      <extensions>
        <dbm>-122</dbm>
      </extensions>
    </trkpt>
    <trkpt lat="35.770733" lon="127.673581">
      <ele>1397.750000</ele>
      <time>2016-01-10T10:50:17Z</time>
      <extensions>
        <dbm>-122</dbm>
      </extensions>
    </trkpt>
    <trkpt lat="35.770715" lon="127.673449">
      <ele>1397.750000</ele>
      <time>2016-01-10T10:50:31Z</time>
      <extensions>
        <dbm>-122</dbm>
      </extensions>
    </trkpt>
    <trkpt lat="35.770712" lon="127.673314">
      <ele>1397.750000</ele>
      <time>2016-01-10T10:50:40Z</time>
      <extensions>
        <dbm>-122</dbm>
      </extensions>
    </trkpt>
    <trkpt lat="35.770727" lon="127.673195">
      <ele>1397.750000</ele>
      <time>2016-01-10T10:50:50Z</time>
      <extensions>
        <dbm>-122</dbm>
      </extensions>
    </trkpt>
    <trkpt lat="35.770777" lon="127.672961">
      <ele>1395.500000</ele>
      <time>2016-01-10T10:51:04Z</time>
      <extensions>
        <dbm>-122</dbm>
      </extensions>
    </trkpt>
    <trkpt lat="35.770837" lon="127.672722">
      <ele>1393.666667</ele>
      <time>2016-01-10T10:51:43Z</time>
      <extensions>
        <dbm>-122</dbm>
      </extensions>
    </trkpt>
    <trkpt lat="35.770908" lon="127.672397">
      <ele>1392.285714</ele>
      <time>2016-01-10T10:51:56Z</time>
      <extensions>
        <dbm>-122</dbm>
      </extensions>
    </trkpt>
    <trkpt lat="35.770961" lon="127.672193">
      <ele>1392.333333</ele>
      <time>2016-01-10T10:52:38Z</time>
      <extensions>
        <dbm>-122</dbm>
      </extensions>
    </trkpt>
    <trkpt lat="35.770996" lon="127.672001">
      <ele>1392.333333</ele>
      <time>2016-01-10T10:52:50Z</time>
      <extensions>
        <dbm>-122</dbm>
      </extensions>
    </trkpt>
    <trkpt lat="35.771001" lon="127.671895">
      <ele>1392.714286</ele>
      <time>2016-01-10T10:53:15Z</time>
      <extensions>
        <dbm>-122</dbm>
      </extensions>
    </trkpt>
    <trkpt lat="35.771003" lon="127.671788">
      <ele>1392.714286</ele>
      <time>2016-01-10T10:53:43Z</time>
      <extensions>
        <dbm>-122</dbm>
      </extensions>
    </trkpt>
    <trkpt lat="35.771036" lon="127.671692">
      <ele>1392.857143</ele>
      <time>2016-01-10T10:54:12Z</time>
      <extensions>
        <dbm>-122</dbm>
      </extensions>
    </trkpt>
    <trkpt lat="35.771096" lon="127.671612">
      <ele>1394.000000</ele>
      <time>2016-01-10T10:54:34Z</time>
      <extensions>
        <dbm>-122</dbm>
      </extensions>
    </trkpt>
    <trkpt lat="35.771164" lon="127.671506">
      <ele>1395.428571</ele>
      <time>2016-01-10T10:55:03Z</time>
      <extensions>
        <dbm>-122</dbm>
      </extensions>
    </trkpt>
    <trkpt lat="35.771205" lon="127.671387">
      <ele>1398.285714</ele>
      <time>2016-01-10T10:56:09Z</time>
      <extensions>
        <dbm>-122</dbm>
      </extensions>
    </trkpt>
    <trkpt lat="35.771213" lon="127.671252">
      <ele>1401.285714</ele>
      <time>2016-01-10T10:56:25Z</time>
      <extensions>
        <dbm>-122</dbm>
      </extensions>
    </trkpt>
    <trkpt lat="35.771212" lon="127.671146">
      <ele>1402.750000</ele>
      <time>2016-01-10T10:57:00Z</time>
      <extensions>
        <dbm>-122</dbm>
      </extensions>
    </trkpt>
    <trkpt lat="35.771206" lon="127.671031">
      <ele>1407.125000</ele>
      <time>2016-01-10T10:57:16Z</time>
      <extensions>
        <dbm>-122</dbm>
      </extensions>
    </trkpt>
    <trkpt lat="35.771223" lon="127.670926">
      <ele>1409.888889</ele>
      <time>2016-01-10T10:57:58Z</time>
      <extensions>
        <dbm>-122</dbm>
      </extensions>
    </trkpt>
    <trkpt lat="35.771243" lon="127.670815">
      <ele>1415.333333</ele>
      <time>2016-01-10T10:58:40Z</time>
      <extensions>
        <dbm>-122</dbm>
      </extensions>
    </trkpt>
    <trkpt lat="35.771272" lon="127.670704">
      <ele>1417.750000</ele>
      <time>2016-01-10T10:59:09Z</time>
      <extensions>
        <dbm>-113</dbm>
      </extensions>
    </trkpt>
    <trkpt lat="35.771282" lon="127.670586">
      <ele>1420.888889</ele>
      <time>2016-01-10T10:59:37Z</time>
      <extensions>
        <dbm>-107</dbm>
      </extensions>
    </trkpt>
    <trkpt lat="35.771284" lon="127.670474">
      <ele>1425.888889</ele>
      <time>2016-01-10T10:59:56Z</time>
      <extensions>
        <dbm>-107</dbm>
      </extensions>
    </trkpt>
    <trkpt lat="35.771280" lon="127.670374">
      <ele>1428.400000</ele>
      <time>2016-01-10T11:00:20Z</time>
      <extensions>
        <dbm>-107</dbm>
      </extensions>
    </trkpt>
    <trkpt lat="35.771269" lon="127.670272">
      <ele>1433.600000</ele>
      <time>2016-01-10T11:00:37Z</time>
      <extensions>
        <dbm>-107</dbm>
      </extensions>
    </trkpt>
    <trkpt lat="35.771263" lon="127.670140">
      <ele>1438.700000</ele>
      <time>2016-01-10T11:00:59Z</time>
      <extensions>
        <dbm>-123</dbm>
      </extensions>
    </trkpt>
    <trkpt lat="35.771295" lon="127.670010">
      <ele>1447.444444</ele>
      <time>2016-01-10T11:03:29Z</time>
      <extensions>
        <dbm>-123</dbm>
      </extensions>
    </trkpt>
    <trkpt lat="35.771343" lon="127.669877">
      <ele>1452.222222</ele>
      <time>2016-01-10T11:04:30Z</time>
      <extensions>
        <dbm>-123</dbm>
      </extensions>
    </trkpt>
    <trkpt lat="35.771394" lon="127.669787">
      <ele>1457.333333</ele>
      <time>2016-01-10T11:05:20Z</time>
      <extensions>
        <dbm>-119</dbm>
      </extensions>
    </trkpt>
    <trkpt lat="35.771447" lon="127.669662">
      <ele>1461.333333</ele>
      <time>2016-01-10T11:05:44Z</time>
      <extensions>
        <dbm>-119</dbm>
      </extensions>
    </trkpt>
    <trkpt lat="35.771492" lon="127.669529">
      <ele>1465.888889</ele>
      <time>2016-01-10T11:06:28Z</time>
      <extensions>
        <dbm>-119</dbm>
      </extensions>
    </trkpt>
    <trkpt lat="35.771537" lon="127.669378">
      <ele>1470.888889</ele>
      <time>2016-01-10T11:06:39Z</time>
      <extensions>
        <dbm>-119</dbm>
      </extensions>
    </trkpt>
    <trkpt lat="35.771540" lon="127.669203">
      <ele>1481.888889</ele>
      <time>2016-01-10T11:06:53Z</time>
      <extensions>
        <dbm>-119</dbm>
      </extensions>
    </trkpt>
    <trkpt lat="35.771544" lon="127.669037">
      <ele>1487.444444</ele>
      <time>2016-01-10T11:07:42Z</time>
      <extensions>
        <dbm>-119</dbm>
      </extensions>
    </trkpt>
    <trkpt lat="35.771516" lon="127.668884">
      <ele>1492.666667</ele>
      <time>2016-01-10T11:11:23Z</time>
      <extensions>
        <dbm>-111</dbm>
      </extensions>
    </trkpt>
    <trkpt lat="35.771475" lon="127.668823">
      <ele>1492.666667</ele>
      <time>2016-01-10T11:11:38Z</time>
      <extensions>
        <dbm>-111</dbm>
      </extensions>
    </trkpt>
    <trkpt lat="35.771414" lon="127.668806">
      <ele>1504.000000</ele>
      <time>2016-01-10T11:12:43Z</time>
      <extensions>
        <pause>start</pause>
        <type>auto</type>
        <dbm>-111</dbm>
      </extensions>
    </trkpt>
    <trkpt lat="35.771512" lon="127.669089">
      <ele>1517.000000</ele>
      <time>2016-01-10T11:43:00Z</time>
      <extensions>
        <pause>end</pause>
        <type>auto</type>
        <dbm>-111</dbm>
      </extensions>
    </trkpt>
    <trkpt lat="35.771544" lon="127.669188">
      <ele>1509.125000</ele>
      <time>2016-01-10T11:43:09Z</time>
      <extensions>
        <dbm>-111</dbm>
      </extensions>
    </trkpt>
    <trkpt lat="35.771563" lon="127.669286">
      <ele>1509.666667</ele>
      <time>2016-01-10T11:43:33Z</time>
      <extensions>
        <dbm>-111</dbm>
      </extensions>
    </trkpt>
    <trkpt lat="35.771580" lon="127.669400">
      <ele>1511.555556</ele>
      <time>2016-01-10T11:43:47Z</time>
      <extensions>
        <dbm>-111</dbm>
      </extensions>
    </trkpt>
    <trkpt lat="35.771566" lon="127.669514">
      <ele>1513.222222</ele>
      <time>2016-01-10T11:43:58Z</time>
      <extensions>
        <dbm>-111</dbm>
      </extensions>
    </trkpt>
    <trkpt lat="35.771543" lon="127.669625">
      <ele>1514.333333</ele>
      <time>2016-01-10T11:44:20Z</time>
      <extensions>
        <dbm>-111</dbm>
      </extensions>
    </trkpt>
    <trkpt lat="35.771493" lon="127.669717">
      <ele>1514.777778</ele>
      <time>2016-01-10T11:44:36Z</time>
      <extensions>
        <dbm>-111</dbm>
      </extensions>
    </trkpt>
    <trkpt lat="35.771445" lon="127.669799">
      <ele>1514.375000</ele>
      <time>2016-01-10T11:45:19Z</time>
      <extensions>
        <dbm>-111</dbm>
      </extensions>
    </trkpt>
    <trkpt lat="35.771380" lon="127.669907">
      <ele>1514.222222</ele>
      <time>2016-01-10T11:45:49Z</time>
      <extensions>
        <dbm>-111</dbm>
      </extensions>
    </trkpt>
    <trkpt lat="35.771317" lon="127.670013">
      <ele>1513.625000</ele>
      <time>2016-01-10T11:46:28Z</time>
      <extensions>
        <dbm>-111</dbm>
      </extensions>
    </trkpt>
    <trkpt lat="35.771269" lon="127.670138">
      <ele>1512.750000</ele>
      <time>2016-01-10T11:46:50Z</time>
      <extensions>
        <dbm>-111</dbm>
      </extensions>
    </trkpt>
    <trkpt lat="35.771250" lon="127.670270">
      <ele>1511.875000</ele>
      <time>2016-01-10T11:47:00Z</time>
      <extensions>
        <dbm>-111</dbm>
      </extensions>
    </trkpt>
    <trkpt lat="35.771266" lon="127.670421">
      <ele>1509.875000</ele>
      <time>2016-01-10T11:47:40Z</time>
      <extensions>
        <dbm>-111</dbm>
      </extensions>
    </trkpt>
    <trkpt lat="35.771273" lon="127.670569">
      <ele>1506.625000</ele>
      <time>2016-01-10T11:47:53Z</time>
      <extensions>
        <dbm>-111</dbm>
      </extensions>
    </trkpt>
    <trkpt lat="35.771277" lon="127.670684">
      <ele>1504.000000</ele>
      <time>2016-01-10T11:48:05Z</time>
      <extensions>
        <dbm>-111</dbm>
      </extensions>
    </trkpt>
    <trkpt lat="35.771255" lon="127.670794">
      <ele>1501.666667</ele>
      <time>2016-01-10T11:48:33Z</time>
      <extensions>
        <dbm>-111</dbm>
      </extensions>
    </trkpt>
    <trkpt lat="35.771245" lon="127.670896">
      <ele>1498.500000</ele>
      <time>2016-01-10T11:48:51Z</time>
      <extensions>
        <dbm>-103</dbm>
      </extensions>
    </trkpt>
    <trkpt lat="35.771239" lon="127.671009">
      <ele>1494.600000</ele>
      <time>2016-01-10T11:49:18Z</time>
      <extensions>
        <dbm>-103</dbm>
      </extensions>
    </trkpt>
    <trkpt lat="35.771231" lon="127.671108">
      <ele>1489.200000</ele>
      <time>2016-01-10T11:49:30Z</time>
      <extensions>
        <dbm>-103</dbm>
      </extensions>
    </trkpt>
    <trkpt lat="35.771211" lon="127.671204">
      <ele>1483.000000</ele>
      <time>2016-01-10T11:49:43Z</time>
      <extensions>
        <dbm>-103</dbm>
      </extensions>
    </trkpt>
    <trkpt lat="35.771215" lon="127.671278">
      <ele>1476.800000</ele>
      <time>2016-01-10T11:49:52Z</time>
      <extensions>
        <dbm>-115</dbm>
      </extensions>
    </trkpt>
    <trkpt lat="35.771213" lon="127.671370">
      <ele>1470.000000</ele>
      <time>2016-01-10T11:50:04Z</time>
      <extensions>
        <dbm>-115</dbm>
      </extensions>
    </trkpt>
    <trkpt lat="35.771182" lon="127.671453">
      <ele>1463.700000</ele>
      <time>2016-01-10T11:50:37Z</time>
      <extensions>
        <dbm>-115</dbm>
      </extensions>
    </trkpt>
    <trkpt lat="35.771110" lon="127.671553">
      <ele>1458.400000</ele>
      <time>2016-01-10T11:50:48Z</time>
      <extensions>
        <dbm>-115</dbm>
      </extensions>
    </trkpt>
    <trkpt lat="35.771046" lon="127.671650">
      <ele>1449.777778</ele>
      <time>2016-01-10T11:50:55Z</time>
      <extensions>
        <dbm>-115</dbm>
      </extensions>
    </trkpt>
    <trkpt lat="35.771005" lon="127.671826">
      <ele>1442.625000</ele>
      <time>2016-01-10T11:51:24Z</time>
      <extensions>
        <dbm>-115</dbm>
      </extensions>
    </trkpt>
    <trkpt lat="35.770972" lon="127.672048">
      <ele>1436.000000</ele>
      <time>2016-01-10T11:52:01Z</time>
      <extensions>
        <dbm>-115</dbm>
      </extensions>
    </trkpt>
    <trkpt lat="35.770918" lon="127.672306">
      <ele>1430.000000</ele>
      <time>2016-01-10T11:52:14Z</time>
      <extensions>
        <dbm>-115</dbm>
      </extensions>
    </trkpt>
    <trkpt lat="35.770856" lon="127.672484">
      <ele>1425.875000</ele>
      <time>2016-01-10T11:52:35Z</time>
      <extensions>
        <dbm>-115</dbm>
      </extensions>
    </trkpt>
    <trkpt lat="35.770811" lon="127.672612">
      <ele>1421.625000</ele>
      <time>2016-01-10T11:52:42Z</time>
      <extensions>
        <dbm>-115</dbm>
      </extensions>
    </trkpt>
    <trkpt lat="35.770805" lon="127.672701">
      <ele>1418.888889</ele>
      <time>2016-01-10T11:52:50Z</time>
      <extensions>
        <dbm>-115</dbm>
      </extensions>
    </trkpt>
    <trkpt lat="35.770823" lon="127.672825">
      <ele>1411.625000</ele>
      <time>2016-01-10T11:52:56Z</time>
      <extensions>
        <dbm>-115</dbm>
      </extensions>
    </trkpt>
    <trkpt lat="35.770799" lon="127.672993">
      <ele>1404.142857</ele>
      <time>2016-01-10T11:53:05Z</time>
      <extensions>
        <dbm>-115</dbm>
      </extensions>
    </trkpt>
    <trkpt lat="35.770755" lon="127.673189">
      <ele>1396.500000</ele>
      <time>2016-01-10T11:53:25Z</time>
      <extensions>
        <dbm>-115</dbm>
      </extensions>
    </trkpt>
    <trkpt lat="35.770711" lon="127.673375">
      <ele>1392.333333</ele>
      <time>2016-01-10T11:53:44Z</time>
      <extensions>
        <dbm>-115</dbm>
      </extensions>
    </trkpt>
    <trkpt lat="35.770716" lon="127.673568">
      <ele>1389.666667</ele>
      <time>2016-01-10T11:54:07Z</time>
      <extensions>
        <dbm>-115</dbm>
      </extensions>
    </trkpt>
    <trkpt lat="35.770732" lon="127.673747">
      <ele>1387.833333</ele>
      <time>2016-01-10T11:54:31Z</time>
      <extensions>
        <dbm>-115</dbm>
      </extensions>
    </trkpt>
    <trkpt lat="35.770742" lon="127.673934">
      <ele>1387.714286</ele>
      <time>2016-01-10T11:54:43Z</time>
      <extensions>
        <dbm>-115</dbm>
      </extensions>
    </trkpt>
    <trkpt lat="35.770742" lon="127.674078">
      <ele>1386.571429</ele>
      <time>2016-01-10T11:54:55Z</time>
      <extensions>
        <dbm>-115</dbm>
      </extensions>
    </trkpt>
    <trkpt lat="35.770744" lon="127.674213">
      <ele>1387.125000</ele>
      <time>2016-01-10T11:55:09Z</time>
      <extensions>
        <dbm>-115</dbm>
      </extensions>
    </trkpt>
    <trkpt lat="35.770765" lon="127.674375">
      <ele>1386.428571</ele>
      <time>2016-01-10T11:55:18Z</time>
      <extensions>
        <dbm>-115</dbm>
      </extensions>
    </trkpt>
    <trkpt lat="35.770802" lon="127.674619">
      <ele>1387.285714</ele>
      <time>2016-01-10T11:55:37Z</time>
      <extensions>
        <dbm>-115</dbm>
      </extensions>
    </trkpt>
    <trkpt lat="35.770845" lon="127.674840">
      <ele>1387.666667</ele>
      <time>2016-01-10T11:56:11Z</time>
      <extensions>
        <dbm>-115</dbm>
      </extensions>
    </trkpt>
    <trkpt lat="35.770862" lon="127.675006">
      <ele>1388.500000</ele>
      <time>2016-01-10T11:56:25Z</time>
      <extensions>
        <dbm>-115</dbm>
      </extensions>
    </trkpt>
    <trkpt lat="35.770855" lon="127.675088">
      <ele>1389.000000</ele>
      <time>2016-01-10T11:56:38Z</time>
      <extensions>
        <dbm>-115</dbm>
      </extensions>
    </trkpt>
    <trkpt lat="35.770813" lon="127.675193">
      <ele>1390.857143</ele>
      <time>2016-01-10T11:57:17Z</time>
      <extensions>
        <dbm>-115</dbm>
      </extensions>
    </trkpt>
    <trkpt lat="35.770749" lon="127.675327">
      <ele>1392.000000</ele>
      <time>2016-01-10T11:57:53Z</time>
      <extensions>
        <dbm>-115</dbm>
      </extensions>
    </trkpt>
    <trkpt lat="35.770654" lon="127.675488">
      <ele>1392.142857</ele>
      <time>2016-01-10T11:58:18Z</time>
      <extensions>
        <dbm>-115</dbm>
      </extensions>
    </trkpt>
    <trkpt lat="35.770570" lon="127.675643">
      <ele>1392.000000</ele>
      <time>2016-01-10T11:58:31Z</time>
      <extensions>
        <dbm>-115</dbm>
      </extensions>
    </trkpt>
    <trkpt lat="35.770500" lon="127.675794">
      <ele>1392.000000</ele>
      <time>2016-01-10T11:58:36Z</time>
      <extensions>
        <dbm>-115</dbm>
      </extensions>
    </trkpt>
    <trkpt lat="35.770449" lon="127.675913">
      <ele>1391.000000</ele>
      <time>2016-01-10T11:58:44Z</time>
      <extensions>
        <dbm>-115</dbm>
      </extensions>
    </trkpt>
    <trkpt lat="35.770392" lon="127.676034">
      <ele>1390.250000</ele>
      <time>2016-01-10T11:58:52Z</time>
      <extensions>
        <dbm>-115</dbm>
      </extensions>
    </trkpt>
    <trkpt lat="35.770332" lon="127.676134">
      <ele>1389.375000</ele>
      <time>2016-01-10T11:59:00Z</time>
      <extensions>
        <dbm>-115</dbm>
      </extensions>
    </trkpt>
    <trkpt lat="35.770275" lon="127.676234">
      <ele>1387.875000</ele>
      <time>2016-01-10T11:59:09Z</time>
      <extensions>
        <dbm>-115</dbm>
      </extensions>
    </trkpt>
    <trkpt lat="35.770202" lon="127.676327">
      <ele>1387.666667</ele>
      <time>2016-01-10T11:59:18Z</time>
      <extensions>
        <dbm>-115</dbm>
      </extensions>
    </trkpt>
    <trkpt lat="35.770135" lon="127.676421">
      <ele>1386.666667</ele>
      <time>2016-01-10T11:59:33Z</time>
      <extensions>
        <dbm>-115</dbm>
      </extensions>
    </trkpt>
    <trkpt lat="35.770055" lon="127.676505">
      <ele>1386.000000</ele>
      <time>2016-01-10T11:59:40Z</time>
      <extensions>
        <dbm>-115</dbm>
      </extensions>
    </trkpt>
    <trkpt lat="35.770001" lon="127.676571">
      <ele>1386.000000</ele>
      <time>2016-01-10T11:59:48Z</time>
      <extensions>
        <dbm>-115</dbm>
      </extensions>
    </trkpt>
    <trkpt lat="35.769958" lon="127.676623">
      <ele>1380.000000</ele>
      <time>2016-01-10T12:04:38Z</time>
      <extensions>
        <pause>start</pause>
        <type>auto</type>
        <dbm>-115</dbm>
      </extensions>
    </trkpt>
    <trkpt lat="35.769751" lon="127.676830">
      <ele>1387.000000</ele>
      <time>2016-01-10T12:05:22Z</time>
      <extensions>
        <pause>end</pause>
        <type>auto</type>
        <dbm>-115</dbm>
      </extensions>
    </trkpt>
    <trkpt lat="35.769680" lon="127.676977">
      <ele>1382.111111</ele>
      <time>2016-01-10T12:06:02Z</time>
      <extensions>
        <dbm>-115</dbm>
      </extensions>
    </trkpt>
    <trkpt lat="35.769618" lon="127.677106">
      <ele>1382.111111</ele>
      <time>2016-01-10T12:06:31Z</time>
      <extensions>
        <dbm>-115</dbm>
      </extensions>
    </trkpt>
    <trkpt lat="35.769562" lon="127.677202">
      <ele>1382.111111</ele>
      <time>2016-01-10T12:06:49Z</time>
      <extensions>
        <dbm>-115</dbm>
      </extensions>
    </trkpt>
    <trkpt lat="35.769478" lon="127.677361">
      <ele>1383.875000</ele>
      <time>2016-01-10T12:07:04Z</time>
      <extensions>
        <dbm>-115</dbm>
      </extensions>
    </trkpt>
    <trkpt lat="35.769393" lon="127.677495">
      <ele>1386.000000</ele>
      <time>2016-01-10T12:07:42Z</time>
      <extensions>
        <dbm>-117</dbm>
      </extensions>
    </trkpt>
    <trkpt lat="35.769305" lon="127.677624">
      <ele>1387.333333</ele>
      <time>2016-01-10T12:08:29Z</time>
      <extensions>
        <dbm>-93</dbm>
      </extensions>
    </trkpt>
    <trkpt lat="35.769220" lon="127.677709">
      <ele>1390.625000</ele>
      <time>2016-01-10T12:08:45Z</time>
      <extensions>
        <dbm>-93</dbm>
      </extensions>
    </trkpt>
    <trkpt lat="35.769135" lon="127.677812">
      <ele>1393.750000</ele>
      <time>2016-01-10T12:10:02Z</time>
      <extensions>
        <dbm>-118</dbm>
      </extensions>
    </trkpt>
    <trkpt lat="35.769059" lon="127.677932">
      <ele>1397.500000</ele>
      <time>2016-01-10T12:10:52Z</time>
      <extensions>
        <dbm>-118</dbm>
      </extensions>
    </trkpt>
    <trkpt lat="35.768997" lon="127.678065">
      <ele>1404.000000</ele>
      <time>2016-01-10T12:11:19Z</time>
      <extensions>
        <dbm>-118</dbm>
      </extensions>
    </trkpt>
    <trkpt lat="35.768892" lon="127.678248">
      <ele>1411.833333</ele>
      <time>2016-01-10T12:12:52Z</time>
      <extensions>
        <dbm>-118</dbm>
      </extensions>
    </trkpt>
    <trkpt lat="35.768784" lon="127.678418">
      <ele>1414.714286</ele>
      <time>2016-01-10T12:14:20Z</time>
      <extensions>
        <dbm>-118</dbm>
      </extensions>
    </trkpt>
    <trkpt lat="35.768668" lon="127.678595">
      <ele>1424.333333</ele>
      <time>2016-01-10T12:14:39Z</time>
      <extensions>
        <dbm>-118</dbm>
      </extensions>
    </trkpt>
    <trkpt lat="35.768599" lon="127.678720">
      <ele>1431.166667</ele>
      <time>2016-01-10T12:15:49Z</time>
      <extensions>
        <dbm>-118</dbm>
      </extensions>
    </trkpt>
    <trkpt lat="35.768533" lon="127.678851">
      <ele>1436.142857</ele>
      <time>2016-01-10T12:16:10Z</time>
      <extensions>
        <dbm>-118</dbm>
      </extensions>
    </trkpt>
    <trkpt lat="35.768481" lon="127.678932">
      <ele>1443.857143</ele>
      <time>2016-01-10T12:16:30Z</time>
      <extensions>
        <dbm>-118</dbm>
      </extensions>
    </trkpt>
    <trkpt lat="35.768420" lon="127.679020">
      <ele>1452.142857</ele>
      <time>2016-01-10T12:16:41Z</time>
      <extensions>
        <dbm>-140</dbm>
      </extensions>
    </trkpt>
    <trkpt lat="35.768306" lon="127.679087">
      <ele>1464.833333</ele>
      <time>2016-01-10T12:17:02Z</time>
      <extensions>
        <dbm>-119</dbm>
      </extensions>
    </trkpt>
    <trkpt lat="35.768183" lon="127.679130">
      <ele>1472.333333</ele>
      <time>2016-01-10T12:18:00Z</time>
      <extensions>
        <dbm>-119</dbm>
      </extensions>
    </trkpt>
    <trkpt lat="35.768048" lon="127.679154">
      <ele>1479.166667</ele>
      <time>2016-01-10T12:18:18Z</time>
      <extensions>
        <dbm>-119</dbm>
      </extensions>
    </trkpt>
    <trkpt lat="35.767955" lon="127.679181">
      <ele>1481.714286</ele>
      <time>2016-01-10T12:18:46Z</time>
      <extensions>
        <dbm>-119</dbm>
      </extensions>
    </trkpt>
    <trkpt lat="35.767863" lon="127.679229">
      <ele>1487.285714</ele>
      <time>2016-01-10T12:18:58Z</time>
      <extensions>
        <dbm>-119</dbm>
      </extensions>
    </trkpt>
    <trkpt lat="35.767774" lon="127.679266">
      <ele>1489.875000</ele>
      <time>2016-01-10T12:19:10Z</time>
      <extensions>
        <dbm>-119</dbm>
      </extensions>
    </trkpt>
    <trkpt lat="35.767687" lon="127.679303">
      <ele>1495.500000</ele>
      <time>2016-01-10T12:19:24Z</time>
      <extensions>
        <dbm>-119</dbm>
      </extensions>
    </trkpt>
    <trkpt lat="35.767603" lon="127.679341">
      <ele>1497.777778</ele>
      <time>2016-01-10T12:19:45Z</time>
      <extensions>
        <dbm>-119</dbm>
      </extensions>
    </trkpt>
    <trkpt lat="35.767520" lon="127.679392">
      <ele>1502.333333</ele>
      <time>2016-01-10T12:20:16Z</time>
      <extensions>
        <dbm>-119</dbm>
      </extensions>
    </trkpt>
    <trkpt lat="35.767444" lon="127.679439">
      <ele>1504.500000</ele>
      <time>2016-01-10T12:21:15Z</time>
      <extensions>
        <dbm>-119</dbm>
      </extensions>
    </trkpt>
    <trkpt lat="35.767367" lon="127.679505">
      <ele>1508.125000</ele>
      <time>2016-01-10T12:21:26Z</time>
      <extensions>
        <dbm>-119</dbm>
      </extensions>
    </trkpt>
    <trkpt lat="35.767286" lon="127.679554">
      <ele>1511.500000</ele>
      <time>2016-01-10T12:22:17Z</time>
      <extensions>
        <dbm>-119</dbm>
      </extensions>
    </trkpt>
    <trkpt lat="35.767194" lon="127.679605">
      <ele>1511.666667</ele>
      <time>2016-01-10T12:23:44Z</time>
      <extensions>
        <dbm>-106</dbm>
      </extensions>
    </trkpt>
    <trkpt lat="35.767104" lon="127.679642">
      <ele>1512.888889</ele>
      <time>2016-01-10T12:24:20Z</time>
      <extensions>
        <dbm>-106</dbm>
      </extensions>
    </trkpt>
    <trkpt lat="35.767047" lon="127.679681">
      <ele>1512.888889</ele>
      <time>2016-01-10T12:24:35Z</time>
      <extensions>
        <dbm>-106</dbm>
      </extensions>
    </trkpt>
    <trkpt lat="35.767019" lon="127.679717">
      <ele>1496.000000</ele>
      <time>2016-01-10T12:28:47Z</time>
      <extensions>
        <pause>start</pause>
        <type>auto</type>
        <dbm>-106</dbm>
      </extensions>
    </trkpt>
    <trkpt lat="35.766913" lon="127.680030">
      <ele>1490.000000</ele>
      <time>2016-01-10T12:31:47Z</time>
      <extensions>
        <pause>end</pause>
        <type>auto</type>
        <dbm>-106</dbm>
      </extensions>
    </trkpt>
    <trkpt lat="35.766868" lon="127.680210">
      <ele>1513.875000</ele>
      <time>2016-01-10T12:32:22Z</time>
      <extensions>
        <dbm>-106</dbm>
      </extensions>
    </trkpt>
    <trkpt lat="35.766820" lon="127.680377">
      <ele>1512.444444</ele>
      <time>2016-01-10T12:33:02Z</time>
      <extensions>
        <dbm>-106</dbm>
      </extensions>
    </trkpt>
    <trkpt lat="35.766769" lon="127.680525">
      <ele>1509.333333</ele>
      <time>2016-01-10T12:33:37Z</time>
      <extensions>
        <dbm>-106</dbm>
      </extensions>
    </trkpt>
    <trkpt lat="35.766710" lon="127.680629">
      <ele>1506.444444</ele>
      <time>2016-01-10T12:33:54Z</time>
      <extensions>
        <dbm>-106</dbm>
      </extensions>
    </trkpt>
    <trkpt lat="35.766616" lon="127.680757">
      <ele>1501.125000</ele>
      <time>2016-01-10T12:34:02Z</time>
      <extensions>
        <dbm>-106</dbm>
      </extensions>
    </trkpt>
    <trkpt lat="35.766507" lon="127.680871">
      <ele>1497.875000</ele>
      <time>2016-01-10T12:34:59Z</time>
      <extensions>
        <dbm>-106</dbm>
      </extensions>
    </trkpt>
    <trkpt lat="35.766402" lon="127.680980">
      <ele>1494.500000</ele>
      <time>2016-01-10T12:35:11Z</time>
      <extensions>
        <dbm>-106</dbm>
      </extensions>
    </trkpt>
    <trkpt lat="35.766311" lon="127.681080">
      <ele>1489.428571</ele>
      <time>2016-01-10T12:35:30Z</time>
      <extensions>
        <dbm>-106</dbm>
      </extensions>
    </trkpt>
    <trkpt lat="35.766237" lon="127.681192">
      <ele>1487.428571</ele>
      <time>2016-01-10T12:35:56Z</time>
      <extensions>
        <dbm>-106</dbm>
      </extensions>
    </trkpt>
    <trkpt lat="35.766153" lon="127.681313">
      <ele>1485.500000</ele>
      <time>2016-01-10T12:36:07Z</time>
      <extensions>
        <dbm>-106</dbm>
      </extensions>
    </trkpt>
    <trkpt lat="35.766079" lon="127.681399">
      <ele>1484.285714</ele>
      <time>2016-01-10T12:36:49Z</time>
      <extensions>
        <dbm>-106</dbm>
      </extensions>
    </trkpt>
    <trkpt lat="35.765984" lon="127.681447">
      <ele>1483.375000</ele>
      <time>2016-01-10T12:37:11Z</time>
      <extensions>
        <dbm>-106</dbm>
      </extensions>
    </trkpt>
    <trkpt lat="35.765900" lon="127.681480">
      <ele>1481.375000</ele>
      <time>2016-01-10T12:37:28Z</time>
      <extensions>
        <dbm>-106</dbm>
      </extensions>
    </trkpt>
    <trkpt lat="35.765783" lon="127.681502">
      <ele>1479.500000</ele>
      <time>2016-01-10T12:37:40Z</time>
      <extensions>
        <dbm>-106</dbm>
      </extensions>
    </trkpt>
    <trkpt lat="35.765661" lon="127.681541">
      <ele>1478.555556</ele>
      <time>2016-01-10T12:38:22Z</time>
      <extensions>
        <dbm>-106</dbm>
      </extensions>
    </trkpt>
    <trkpt lat="35.765507" lon="127.681563">
      <ele>1477.111111</ele>
      <time>2016-01-10T12:39:51Z</time>
      <extensions>
        <dbm>-106</dbm>
      </extensions>
    </trkpt>
    <trkpt lat="35.765387" lon="127.681555">
      <ele>1474.250000</ele>
      <time>2016-01-10T12:40:48Z</time>
      <extensions>
        <dbm>-106</dbm>
      </extensions>
    </trkpt>
    <trkpt lat="35.765276" lon="127.681523">
      <ele>1473.333333</ele>
      <time>2016-01-10T12:41:42Z</time>
      <extensions>
        <dbm>-106</dbm>
      </extensions>
    </trkpt>
    <trkpt lat="35.765191" lon="127.681590">
      <ele>1470.750000</ele>
      <time>2016-01-10T12:42:13Z</time>
      <extensions>
        <dbm>-106</dbm>
      </extensions>
    </trkpt>
    <trkpt lat="35.765105" lon="127.681696">
      <ele>1470.111111</ele>
      <time>2016-01-10T12:44:08Z</time>
      <extensions>
        <dbm>-106</dbm>
      </extensions>
    </trkpt>
    <trkpt lat="35.765030" lon="127.681841">
      <ele>1469.250000</ele>
      <time>2016-01-10T12:44:45Z</time>
      <extensions>
        <dbm>-106</dbm>
      </extensions>
    </trkpt>
    <trkpt lat="35.764964" lon="127.681928">
      <ele>1467.000000</ele>
      <time>2016-01-10T12:46:51Z</time>
      <extensions>
        <dbm>-106</dbm>
      </extensions>
    </trkpt>
    <trkpt lat="35.764909" lon="127.682023">
      <ele>1466.250000</ele>
      <time>2016-01-10T12:48:30Z</time>
      <extensions>
        <dbm>-106</dbm>
      </extensions>
    </trkpt>
    <trkpt lat="35.764852" lon="127.682107">
      <ele>1464.500000</ele>
      <time>2016-01-10T12:48:47Z</time>
      <extensions>
        <dbm>-106</dbm>
      </extensions>
    </trkpt>
    <trkpt lat="35.764797" lon="127.682172">
      <ele>1462.250000</ele>
      <time>2016-01-10T12:49:18Z</time>
      <extensions>
        <dbm>-106</dbm>
      </extensions>
    </trkpt>
    <trkpt lat="35.764708" lon="127.682225">
      <ele>1460.250000</ele>
      <time>2016-01-10T12:49:47Z</time>
      <extensions>
        <dbm>-106</dbm>
      </extensions>
    </trkpt>
    <trkpt lat="35.764625" lon="127.682313">
      <ele>1455.555556</ele>
      <time>2016-01-10T12:50:22Z</time>
      <extensions>
        <dbm>-106</dbm>
      </extensions>
    </trkpt>
    <trkpt lat="35.764488" lon="127.682463">
      <ele>1450.375000</ele>
      <time>2016-01-10T12:51:00Z</time>
      <extensions>
        <dbm>-106</dbm>
      </extensions>
    </trkpt>
    <trkpt lat="35.764378" lon="127.682619">
      <ele>1445.125000</ele>
      <time>2016-01-10T12:52:01Z</time>
      <extensions>
        <dbm>-106</dbm>
      </extensions>
    </trkpt>
    <trkpt lat="35.764273" lon="127.682746">
      <ele>1442.555556</ele>
      <time>2016-01-10T12:52:19Z</time>
      <extensions>
        <dbm>-106</dbm>
      </extensions>
    </trkpt>
    <trkpt lat="35.764219" lon="127.682820">
      <ele>1440.375000</ele>
      <time>2016-01-10T12:52:37Z</time>
      <extensions>
        <dbm>-106</dbm>
      </extensions>
    </trkpt>
    <trkpt lat="35.764153" lon="127.682861">
      <ele>1434.000000</ele>
      <time>2016-01-10T12:52:53Z</time>
      <extensions>
        <dbm>-106</dbm>
      </extensions>
    </trkpt>
    <trkpt lat="35.764068" lon="127.682897">
      <ele>1426.375000</ele>
      <time>2016-01-10T12:53:04Z</time>
      <extensions>
        <dbm>-106</dbm>
      </extensions>
    </trkpt>
    <trkpt lat="35.763975" lon="127.682901">
      <ele>1418.375000</ele>
      <time>2016-01-10T12:53:23Z</time>
      <extensions>
        <dbm>-106</dbm>
      </extensions>
    </trkpt>
    <trkpt lat="35.763894" lon="127.682947">
      <ele>1410.125000</ele>
      <time>2016-01-10T12:53:38Z</time>
      <extensions>
        <dbm>-106</dbm>
      </extensions>
    </trkpt>
    <trkpt lat="35.763814" lon="127.683009">
      <ele>1402.625000</ele>
      <time>2016-01-10T12:53:50Z</time>
      <extensions>
        <dbm>-106</dbm>
      </extensions>
    </trkpt>
    <trkpt lat="35.763729" lon="127.683110">
      <ele>1393.111111</ele>
      <time>2016-01-10T12:54:58Z</time>
      <extensions>
        <dbm>-106</dbm>
      </extensions>
    </trkpt>
    <trkpt lat="35.763649" lon="127.683215">
      <ele>1387.111111</ele>
      <time>2016-01-10T12:55:29Z</time>
      <extensions>
        <dbm>-106</dbm>
      </extensions>
    </trkpt>
    <trkpt lat="35.763577" lon="127.683323">
      <ele>1377.875000</ele>
      <time>2016-01-10T12:55:52Z</time>
      <extensions>
        <dbm>-106</dbm>
      </extensions>
    </trkpt>
    <trkpt lat="35.763514" lon="127.683429">
      <ele>1373.875000</ele>
      <time>2016-01-10T12:56:25Z</time>
      <extensions>
        <dbm>-106</dbm>
      </extensions>
    </trkpt>
    <trkpt lat="35.763434" lon="127.683515">
      <ele>1371.444444</ele>
      <time>2016-01-10T12:56:58Z</time>
      <extensions>
        <dbm>-106</dbm>
      </extensions>
    </trkpt>
    <trkpt lat="35.763352" lon="127.683579">
      <ele>1367.555556</ele>
      <time>2016-01-10T12:57:08Z</time>
      <extensions>
        <dbm>-106</dbm>
      </extensions>
    </trkpt>
    <trkpt lat="35.763268" lon="127.683627">
      <ele>1366.000000</ele>
      <time>2016-01-10T12:57:21Z</time>
      <extensions>
        <dbm>-125</dbm>
      </extensions>
    </trkpt>
    <trkpt lat="35.763186" lon="127.683661">
      <ele>1361.500000</ele>
      <time>2016-01-10T12:57:38Z</time>
      <extensions>
        <dbm>-103</dbm>
      </extensions>
    </trkpt>
    <trkpt lat="35.763098" lon="127.683677">
      <ele>1358.222222</ele>
      <time>2016-01-10T12:57:47Z</time>
      <extensions>
        <dbm>-103</dbm>
      </extensions>
    </trkpt>
    <trkpt lat="35.763008" lon="127.683674">
      <ele>1350.750000</ele>
      <time>2016-01-10T12:57:58Z</time>
      <extensions>
        <dbm>-103</dbm>
      </extensions>
    </trkpt>
    <trkpt lat="35.762868" lon="127.683616">
      <ele>1341.000000</ele>
      <time>2016-01-10T12:58:34Z</time>
      <extensions>
        <dbm>-125</dbm>
      </extensions>
    </trkpt>
    <trkpt lat="35.762727" lon="127.683553">
      <ele>1336.875000</ele>
      <time>2016-01-10T12:59:45Z</time>
      <extensions>
        <dbm>-125</dbm>
      </extensions>
    </trkpt>
    <trkpt lat="35.762580" lon="127.683487">
      <ele>1335.777778</ele>
      <time>2016-01-10T12:59:57Z</time>
      <extensions>
        <dbm>-125</dbm>
      </extensions>
    </trkpt>
    <trkpt lat="35.762491" lon="127.683491">
      <ele>1332.777778</ele>
      <time>2016-01-10T13:00:11Z</time>
      <extensions>
        <dbm>-125</dbm>
      </extensions>
    </trkpt>
    <trkpt lat="35.762406" lon="127.683494">
      <ele>1327.000000</ele>
      <time>2016-01-10T13:00:38Z</time>
      <extensions>
        <dbm>-125</dbm>
      </extensions>
    </trkpt>
    <trkpt lat="35.762328" lon="127.683483">
      <ele>1325.125000</ele>
      <time>2016-01-10T13:00:54Z</time>
      <extensions>
        <dbm>-125</dbm>
      </extensions>
    </trkpt>
    <trkpt lat="35.762247" lon="127.683440">
      <ele>1320.500000</ele>
      <time>2016-01-10T13:01:04Z</time>
      <extensions>
        <dbm>-125</dbm>
      </extensions>
    </trkpt>
    <trkpt lat="35.762132" lon="127.683329">
      <ele>1312.111111</ele>
      <time>2016-01-10T13:01:31Z</time>
      <extensions>
        <dbm>-125</dbm>
      </extensions>
    </trkpt>
    <trkpt lat="35.762002" lon="127.683191">
      <ele>1299.571429</ele>
      <time>2016-01-10T13:02:36Z</time>
      <extensions>
        <dbm>-125</dbm>
      </extensions>
    </trkpt>
    <trkpt lat="35.761883" lon="127.683048">
      <ele>1292.285714</ele>
      <time>2016-01-10T13:03:01Z</time>
      <extensions>
        <dbm>-125</dbm>
      </extensions>
    </trkpt>
    <trkpt lat="35.761778" lon="127.682917">
      <ele>1282.333333</ele>
      <time>2016-01-10T13:03:06Z</time>
      <extensions>
        <dbm>-125</dbm>
      </extensions>
    </trkpt>
    <trkpt lat="35.761695" lon="127.682796">
      <ele>1280.571429</ele>
      <time>2016-01-10T13:04:04Z</time>
      <extensions>
        <dbm>-125</dbm>
      </extensions>
    </trkpt>
    <trkpt lat="35.761611" lon="127.682662">
      <ele>1276.285714</ele>
      <time>2016-01-10T13:04:18Z</time>
      <extensions>
        <dbm>-125</dbm>
      </extensions>
    </trkpt>
    <trkpt lat="35.761542" lon="127.682522">
      <ele>1271.428571</ele>
      <time>2016-01-10T13:04:37Z</time>
      <extensions>
        <dbm>-125</dbm>
      </extensions>
    </trkpt>
    <trkpt lat="35.761482" lon="127.682377">
      <ele>1264.285714</ele>
      <time>2016-01-10T13:05:08Z</time>
      <extensions>
        <dbm>-125</dbm>
      </extensions>
    </trkpt>
    <trkpt lat="35.761419" lon="127.682240">
      <ele>1257.571429</ele>
      <time>2016-01-10T13:05:23Z</time>
      <extensions>
        <dbm>-125</dbm>
      </extensions>
    </trkpt>
    <trkpt lat="35.761376" lon="127.682105">
      <ele>1246.833333</ele>
      <time>2016-01-10T13:05:40Z</time>
      <extensions>
        <dbm>-125</dbm>
      </extensions>
    </trkpt>
    <trkpt lat="35.761342" lon="127.681966">
      <ele>1238.333333</ele>
      <time>2016-01-10T13:06:25Z</time>
      <extensions>
        <dbm>-125</dbm>
      </extensions>
    </trkpt>
    <trkpt lat="35.761317" lon="127.681815">
      <ele>1229.666667</ele>
      <time>2016-01-10T13:06:32Z</time>
      <extensions>
        <dbm>-125</dbm>
      </extensions>
    </trkpt>
    <trkpt lat="35.761321" lon="127.681701">
      <ele>1227.285714</ele>
      <time>2016-01-10T13:06:47Z</time>
      <extensions>
        <dbm>-125</dbm>
      </extensions>
    </trkpt>
    <trkpt lat="35.761217" lon="127.681476">
      <ele>1213.571429</ele>
      <time>2016-01-10T13:06:57Z</time>
      <extensions>
        <dbm>-125</dbm>
      </extensions>
    </trkpt>
    <trkpt lat="35.761108" lon="127.681264">
      <ele>1208.285714</ele>
      <time>2016-01-10T13:08:04Z</time>
      <extensions>
        <dbm>-125</dbm>
      </extensions>
    </trkpt>
    <trkpt lat="35.760950" lon="127.681036">
      <ele>1199.333333</ele>
      <time>2016-01-10T13:08:14Z</time>
      <extensions>
        <dbm>-125</dbm>
      </extensions>
    </trkpt>
    <trkpt lat="35.760889" lon="127.680938">
      <ele>1200.500000</ele>
      <time>2016-01-10T13:09:00Z</time>
      <extensions>
        <dbm>-125</dbm>
      </extensions>
    </trkpt>
    <trkpt lat="35.760825" lon="127.680858">
      <ele>1195.500000</ele>
      <time>2016-01-10T13:09:09Z</time>
      <extensions>
        <dbm>-125</dbm>
      </extensions>
    </trkpt>
    <trkpt lat="35.760771" lon="127.680795">
      <ele>1193.571429</ele>
      <time>2016-01-10T13:09:20Z</time>
      <extensions>
        <dbm>-125</dbm>
      </extensions>
    </trkpt>
    <trkpt lat="35.760714" lon="127.680728">
      <ele>1187.857143</ele>
      <time>2016-01-10T13:09:38Z</time>
      <extensions>
        <dbm>-125</dbm>
      </extensions>
    </trkpt>
    <trkpt lat="35.760655" lon="127.680615">
      <ele>1182.166667</ele>
      <time>2016-01-10T13:09:50Z</time>
      <extensions>
        <dbm>-125</dbm>
      </extensions>
    </trkpt>
    <trkpt lat="35.760583" lon="127.680513">
      <ele>1179.857143</ele>
      <time>2016-01-10T13:11:26Z</time>
      <extensions>
        <dbm>-125</dbm>
      </extensions>
    </trkpt>
    <trkpt lat="35.760483" lon="127.680411">
      <ele>1175.857143</ele>
      <time>2016-01-10T13:12:21Z</time>
      <extensions>
        <dbm>-125</dbm>
      </extensions>
    </trkpt>
    <trkpt lat="35.760399" lon="127.680337">
      <ele>1171.428571</ele>
      <time>2016-01-10T13:14:04Z</time>
      <extensions>
        <dbm>-119</dbm>
      </extensions>
    </trkpt>
    <trkpt lat="35.760328" lon="127.680246">
      <ele>1165.571429</ele>
      <time>2016-01-10T13:14:22Z</time>
      <extensions>
        <dbm>-119</dbm>
      </extensions>
    </trkpt>
    <trkpt lat="35.760277" lon="127.680155">
      <ele>1162.500000</ele>
      <time>2016-01-10T13:14:44Z</time>
      <extensions>
        <dbm>-119</dbm>
      </extensions>
    </trkpt>
    <trkpt lat="35.760198" lon="127.680086">
      <ele>1160.000000</ele>
      <time>2016-01-10T13:15:03Z</time>
      <extensions>
        <dbm>-119</dbm>
      </extensions>
    </trkpt>
    <trkpt lat="35.760107" lon="127.680012">
      <ele>1154.444444</ele>
      <time>2016-01-10T13:15:26Z</time>
      <extensions>
        <dbm>-119</dbm>
      </extensions>
    </trkpt>
    <trkpt lat="35.759992" lon="127.679905">
      <ele>1149.333333</ele>
      <time>2016-01-10T13:17:09Z</time>
      <extensions>
        <dbm>-119</dbm>
      </extensions>
    </trkpt>
    <trkpt lat="35.759878" lon="127.679774">
      <ele>1143.666667</ele>
      <time>2016-01-10T13:17:54Z</time>
      <extensions>
        <dbm>-119</dbm>
      </extensions>
    </trkpt>
    <trkpt lat="35.759768" lon="127.679658">
      <ele>1138.666667</ele>
      <time>2016-01-10T13:18:09Z</time>
      <extensions>
        <dbm>-119</dbm>
      </extensions>
    </trkpt>
    <trkpt lat="35.759678" lon="127.679585">
      <ele>1133.222222</ele>
      <time>2016-01-10T13:18:22Z</time>
      <extensions>
        <dbm>-119</dbm>
      </extensions>
    </trkpt>
    <trkpt lat="35.759598" lon="127.679513">
      <ele>1126.777778</ele>
      <time>2016-01-10T13:18:50Z</time>
      <extensions>
        <dbm>-119</dbm>
      </extensions>
    </trkpt>
    <trkpt lat="35.759546" lon="127.679428">
      <ele>1121.777778</ele>
      <time>2016-01-10T13:19:06Z</time>
      <extensions>
        <dbm>-120</dbm>
      </extensions>
    </trkpt>
    <trkpt lat="35.759485" lon="127.679258">
      <ele>1116.428571</ele>
      <time>2016-01-10T13:19:22Z</time>
      <extensions>
        <dbm>-113</dbm>
      </extensions>
    </trkpt>
    <trkpt lat="35.759422" lon="127.679109">
      <ele>1113.375000</ele>
      <time>2016-01-10T13:19:49Z</time>
      <extensions>
        <dbm>-113</dbm>
      </extensions>
    </trkpt>
    <trkpt lat="35.759340" lon="127.678964">
      <ele>1108.000000</ele>
      <time>2016-01-10T13:20:11Z</time>
      <extensions>
        <dbm>-113</dbm>
      </extensions>
    </trkpt>
    <trkpt lat="35.759288" lon="127.678884">
      <ele>1105.555556</ele>
      <time>2016-01-10T13:20:30Z</time>
      <extensions>
        <dbm>-113</dbm>
      </extensions>
    </trkpt>
    <trkpt lat="35.759233" lon="127.678764">
      <ele>1097.625000</ele>
      <time>2016-01-10T13:20:52Z</time>
      <extensions>
        <dbm>-111</dbm>
      </extensions>
    </trkpt>
    <trkpt lat="35.759163" lon="127.678669">
      <ele>1091.500000</ele>
      <time>2016-01-10T13:21:49Z</time>
      <extensions>
        <dbm>-111</dbm>
      </extensions>
    </trkpt>
    <trkpt lat="35.759069" lon="127.678601">
      <ele>1085.125000</ele>
      <time>2016-01-10T13:22:35Z</time>
      <extensions>
        <dbm>-120</dbm>
      </extensions>
    </trkpt>
    <trkpt lat="35.759001" lon="127.678555">
      <ele>1080.125000</ele>
      <time>2016-01-10T13:22:59Z</time>
      <extensions>
        <dbm>-111</dbm>
      </extensions>
    </trkpt>
    <trkpt lat="35.758978" lon="127.678476">
      <ele>1077.111111</ele>
      <time>2016-01-10T13:23:11Z</time>
      <extensions>
        <dbm>-111</dbm>
      </extensions>
    </trkpt>
    <trkpt lat="35.759005" lon="127.678361">
      <ele>1071.777778</ele>
      <time>2016-01-10T13:23:16Z</time>
      <extensions>
        <dbm>-111</dbm>
      </extensions>
    </trkpt>
    <trkpt lat="35.759037" lon="127.678239">
      <ele>1069.250000</ele>
      <time>2016-01-10T13:23:23Z</time>
      <extensions>
        <dbm>-111</dbm>
      </extensions>
    </trkpt>
    <trkpt lat="35.759052" lon="127.678121">
      <ele>1063.625000</ele>
      <time>2016-01-10T13:23:34Z</time>
      <extensions>
        <dbm>-111</dbm>
      </extensions>
    </trkpt>
    <trkpt lat="35.759024" lon="127.677968">
      <ele>1054.555556</ele>
      <time>2016-01-10T13:23:49Z</time>
      <extensions>
        <dbm>-111</dbm>
      </extensions>
    </trkpt>
    <trkpt lat="35.758989" lon="127.677823">
      <ele>1049.333333</ele>
      <time>2016-01-10T13:24:20Z</time>
      <extensions>
        <dbm>-109</dbm>
      </extensions>
    </trkpt>
    <trkpt lat="35.758946" lon="127.677686">
      <ele>1046.500000</ele>
      <time>2016-01-10T13:24:38Z</time>
      <extensions>
        <dbm>-107</dbm>
      </extensions>
    </trkpt>
    <trkpt lat="35.758911" lon="127.677594">
      <ele>1042.500000</ele>
      <time>2016-01-10T13:25:01Z</time>
      <extensions>
        <dbm>-105</dbm>
      </extensions>
    </trkpt>
    <trkpt lat="35.758856" lon="127.677513">
      <ele>1038.125000</ele>
      <time>2016-01-10T13:25:09Z</time>
      <extensions>
        <dbm>-105</dbm>
      </extensions>
    </trkpt>
    <trkpt lat="35.758795" lon="127.677443">
      <ele>1036.111111</ele>
      <time>2016-01-10T13:25:16Z</time>
      <extensions>
        <dbm>-105</dbm>
      </extensions>
    </trkpt>
    <trkpt lat="35.758729" lon="127.677385">
      <ele>1031.777778</ele>
      <time>2016-01-10T13:25:25Z</time>
      <extensions>
        <dbm>-105</dbm>
      </extensions>
    </trkpt>
    <trkpt lat="35.758653" lon="127.677330">
      <ele>1027.777778</ele>
      <time>2016-01-10T13:25:32Z</time>
      <extensions>
        <dbm>-105</dbm>
      </extensions>
    </trkpt>
    <trkpt lat="35.758570" lon="127.677277">
      <ele>1023.888889</ele>
      <time>2016-01-10T13:25:40Z</time>
      <extensions>
        <dbm>-105</dbm>
      </extensions>
    </trkpt>
    <trkpt lat="35.758478" lon="127.677248">
      <ele>1020.888889</ele>
      <time>2016-01-10T13:25:48Z</time>
      <extensions>
        <dbm>-105</dbm>
      </extensions>
    </trkpt>
    <trkpt lat="35.758390" lon="127.677231">
      <ele>1019.400000</ele>
      <time>2016-01-10T13:25:57Z</time>
      <extensions>
        <dbm>-105</dbm>
      </extensions>
    </trkpt>
    <trkpt lat="35.758310" lon="127.677212">
      <ele>1016.400000</ele>
      <time>2016-01-10T13:26:06Z</time>
      <extensions>
        <dbm>-105</dbm>
      </extensions>
    </trkpt>
    <trkpt lat="35.758241" lon="127.677161">
      <ele>1013.000000</ele>
      <time>2016-01-10T13:26:13Z</time>
      <extensions>
        <dbm>-105</dbm>
      </extensions>
    </trkpt>
    <trkpt lat="35.758178" lon="127.677085">
      <ele>1009.600000</ele>
      <time>2016-01-10T13:26:21Z</time>
      <extensions>
        <dbm>-105</dbm>
      </extensions>
    </trkpt>
    <trkpt lat="35.758108" lon="127.677027">
      <ele>1006.600000</ele>
      <time>2016-01-10T13:26:34Z</time>
      <extensions>
        <dbm>-105</dbm>
      </extensions>
    </trkpt>
    <trkpt lat="35.758029" lon="127.676991">
      <ele>1004.000000</ele>
      <time>2016-01-10T13:27:04Z</time>
      <extensions>
        <dbm>-105</dbm>
      </extensions>
    </trkpt>
    <trkpt lat="35.757951" lon="127.676958">
      <ele>1001.700000</ele>
      <time>2016-01-10T13:27:13Z</time>
      <extensions>
        <dbm>-105</dbm>
      </extensions>
    </trkpt>
    <trkpt lat="35.757869" lon="127.676932">
      <ele>1000.545455</ele>
      <time>2016-01-10T13:27:24Z</time>
      <extensions>
        <dbm>-105</dbm>
      </extensions>
    </trkpt>
    <trkpt lat="35.757776" lon="127.676894">
      <ele>998.181818</ele>
      <time>2016-01-10T13:27:40Z</time>
      <extensions>
        <dbm>-105</dbm>
      </extensions>
    </trkpt>
    <trkpt lat="35.757661" lon="127.676920">
      <ele>995.909091</ele>
      <time>2016-01-10T13:28:04Z</time>
      <extensions>
        <dbm>-105</dbm>
      </extensions>
    </trkpt>
    <trkpt lat="35.757547" lon="127.676940">
      <ele>991.900000</ele>
      <time>2016-01-10T13:28:57Z</time>
      <extensions>
        <dbm>-105</dbm>
      </extensions>
    </trkpt>
    <trkpt lat="35.757440" lon="127.676968">
      <ele>990.454545</ele>
      <time>2016-01-10T13:29:18Z</time>
      <extensions>
        <dbm>-105</dbm>
      </extensions>
    </trkpt>
    <trkpt lat="35.757349" lon="127.676943">
      <ele>987.909091</ele>
      <time>2016-01-10T13:29:28Z</time>
      <extensions>
        <dbm>-105</dbm>
      </extensions>
    </trkpt>
    <trkpt lat="35.757258" lon="127.676927">
      <ele>984.400000</ele>
      <time>2016-01-10T13:29:38Z</time>
      <extensions>
        <dbm>-105</dbm>
      </extensions>
    </trkpt>
    <trkpt lat="35.757178" lon="127.676932">
      <ele>985.636364</ele>
      <time>2016-01-10T13:29:52Z</time>
      <extensions>
        <dbm>-120</dbm>
      </extensions>
    </trkpt>
    <trkpt lat="35.757085" lon="127.676951">
      <ele>982.200000</ele>
      <time>2016-01-10T13:30:12Z</time>
      <extensions>
        <dbm>-120</dbm>
      </extensions>
    </trkpt>
    <trkpt lat="35.756980" lon="127.676951">
      <ele>979.900000</ele>
      <time>2016-01-10T13:30:55Z</time>
      <extensions>
        <dbm>-120</dbm>
      </extensions>
    </trkpt>
    <trkpt lat="35.756856" lon="127.676934">
      <ele>977.000000</ele>
      <time>2016-01-10T13:31:27Z</time>
      <extensions>
        <dbm>-120</dbm>
      </extensions>
    </trkpt>
    <trkpt lat="35.756653" lon="127.676914">
      <ele>970.333333</ele>
      <time>2016-01-10T13:31:39Z</time>
      <extensions>
        <dbm>-120</dbm>
      </extensions>
    </trkpt>
    <trkpt lat="35.756458" lon="127.676917">
      <ele>967.375000</ele>
      <time>2016-01-10T13:32:23Z</time>
      <extensions>
        <dbm>-120</dbm>
      </extensions>
    </trkpt>
    <trkpt lat="35.756244" lon="127.676918">
      <ele>964.285714</ele>
      <time>2016-01-10T13:32:30Z</time>
      <extensions>
        <dbm>-120</dbm>
      </extensions>
    </trkpt>
    <trkpt lat="35.756070" lon="127.676911">
      <ele>960.666667</ele>
      <time>2016-01-10T13:32:39Z</time>
      <extensions>
        <dbm>-120</dbm>
      </extensions>
    </trkpt>
    <trkpt lat="35.755904" lon="127.676904">
      <ele>957.333333</ele>
      <time>2016-01-10T13:32:55Z</time>
      <extensions>
        <dbm>-120</dbm>
      </extensions>
    </trkpt>
    <trkpt lat="35.755748" lon="127.676931">
      <ele>953.333333</ele>
      <time>2016-01-10T13:33:05Z</time>
      <extensions>
        <dbm>-120</dbm>
      </extensions>
    </trkpt>
    <trkpt lat="35.755654" lon="127.676994">
      <ele>949.333333</ele>
      <time>2016-01-10T13:33:17Z</time>
      <extensions>
        <dbm>-120</dbm>
      </extensions>
    </trkpt>
    <trkpt lat="35.755556" lon="127.677073">
      <ele>943.166667</ele>
      <time>2016-01-10T13:33:28Z</time>
      <extensions>
        <dbm>-120</dbm>
      </extensions>
    </trkpt>
    <trkpt lat="35.755429" lon="127.677136">
      <ele>934.000000</ele>
      <time>2016-01-10T13:33:39Z</time>
      <extensions>
        <dbm>-120</dbm>
      </extensions>
    </trkpt>
    <trkpt lat="35.755278" lon="127.677163">
      <ele>927.857143</ele>
      <time>2016-01-10T13:33:59Z</time>
      <extensions>
        <dbm>-120</dbm>
      </extensions>
    </trkpt>
    <trkpt lat="35.755134" lon="127.677140">
      <ele>923.857143</ele>
      <time>2016-01-10T13:34:14Z</time>
      <extensions>
        <dbm>-120</dbm>
      </extensions>
    </trkpt>
    <trkpt lat="35.755036" lon="127.677095">
      <ele>921.500000</ele>
      <time>2016-01-10T13:34:22Z</time>
      <extensions>
        <dbm>-120</dbm>
      </extensions>
    </trkpt>
    <trkpt lat="35.754955" lon="127.677052">
      <ele>920.285714</ele>
      <time>2016-01-10T13:34:30Z</time>
      <extensions>
        <dbm>-120</dbm>
      </extensions>
    </trkpt>
    <trkpt lat="35.754862" lon="127.677016">
      <ele>916.142857</ele>
      <time>2016-01-10T13:34:38Z</time>
      <extensions>
        <dbm>-120</dbm>
      </extensions>
    </trkpt>
    <trkpt lat="35.754738" lon="127.676970">
      <ele>913.571429</ele>
      <time>2016-01-10T13:34:47Z</time>
      <extensions>
        <dbm>-120</dbm>
      </extensions>
    </trkpt>
    <trkpt lat="35.754587" lon="127.676948">
      <ele>910.571429</ele>
      <time>2016-01-10T13:35:01Z</time>
      <extensions>
        <dbm>-120</dbm>
      </extensions>
    </trkpt>
    <trkpt lat="35.754436" lon="127.676935">
      <ele>907.142857</ele>
      <time>2016-01-10T13:35:13Z</time>
      <extensions>
        <dbm>-120</dbm>
      </extensions>
    </trkpt>
    <trkpt lat="35.754307" lon="127.676932">
      <ele>905.000000</ele>
      <time>2016-01-10T13:35:24Z</time>
      <extensions>
        <dbm>-120</dbm>
      </extensions>
    </trkpt>
    <trkpt lat="35.754206" lon="127.676900">
      <ele>901.000000</ele>
      <time>2016-01-10T13:35:33Z</time>
      <extensions>
        <dbm>-120</dbm>
      </extensions>
    </trkpt>
    <trkpt lat="35.754050" lon="127.676854">
      <ele>895.000000</ele>
      <time>2016-01-10T13:35:40Z</time>
      <extensions>
        <dbm>-120</dbm>
      </extensions>
    </trkpt>
    <trkpt lat="35.753900" lon="127.676804">
      <ele>891.285714</ele>
      <time>2016-01-10T13:36:05Z</time>
      <extensions>
        <dbm>-120</dbm>
      </extensions>
    </trkpt>
    <trkpt lat="35.753748" lon="127.676756">
      <ele>890.000000</ele>
      <time>2016-01-10T13:36:14Z</time>
      <extensions>
        <dbm>-120</dbm>
      </extensions>
    </trkpt>
    <trkpt lat="35.753656" lon="127.676714">
      <ele>887.000000</ele>
      <time>2016-01-10T13:36:25Z</time>
      <extensions>
        <dbm>-120</dbm>
      </extensions>
    </trkpt>
    <trkpt lat="35.753564" lon="127.676687">
      <ele>883.500000</ele>
      <time>2016-01-10T13:36:38Z</time>
      <extensions>
        <dbm>-120</dbm>
      </extensions>
    </trkpt>
    <trkpt lat="35.753470" lon="127.676662">
      <ele>882.000000</ele>
      <time>2016-01-10T13:36:46Z</time>
      <extensions>
        <dbm>-120</dbm>
      </extensions>
    </trkpt>
    <trkpt lat="35.753379" lon="127.676639">
      <ele>879.000000</ele>
      <time>2016-01-10T13:36:54Z</time>
      <extensions>
        <dbm>-120</dbm>
      </extensions>
    </trkpt>
    <trkpt lat="35.753153" lon="127.676576">
      <ele>872.500000</ele>
      <time>2016-01-10T13:37:04Z</time>
      <extensions>
        <dbm>-120</dbm>
      </extensions>
    </trkpt>
    <trkpt lat="35.752934" lon="127.676512">
      <ele>868.833333</ele>
      <time>2016-01-10T13:37:59Z</time>
      <extensions>
        <dbm>-120</dbm>
      </extensions>
    </trkpt>
    <trkpt lat="35.752704" lon="127.676446">
      <ele>864.833333</ele>
      <time>2016-01-10T13:38:06Z</time>
      <extensions>
        <dbm>-120</dbm>
      </extensions>
    </trkpt>
    <trkpt lat="35.752587" lon="127.676431">
      <ele>862.333333</ele>
      <time>2016-01-10T13:38:16Z</time>
      <extensions>
        <dbm>-120</dbm>
      </extensions>
    </trkpt>
    <trkpt lat="35.752445" lon="127.676426">
      <ele>858.833333</ele>
      <time>2016-01-10T13:38:26Z</time>
      <extensions>
        <dbm>-120</dbm>
      </extensions>
    </trkpt>
    <trkpt lat="35.752303" lon="127.676447">
      <ele>855.000000</ele>
      <time>2016-01-10T13:38:37Z</time>
      <extensions>
        <dbm>-120</dbm>
      </extensions>
    </trkpt>
    <trkpt lat="35.752104" lon="127.676438">
      <ele>848.166667</ele>
      <time>2016-01-10T13:38:48Z</time>
      <extensions>
        <dbm>-120</dbm>
      </extensions>
    </trkpt>
    <trkpt lat="35.751919" lon="127.676422">
      <ele>845.333333</ele>
      <time>2016-01-10T13:39:15Z</time>
      <extensions>
        <dbm>-120</dbm>
      </extensions>
    </trkpt>
    <trkpt lat="35.751750" lon="127.676365">
      <ele>842.166667</ele>
      <time>2016-01-10T13:39:23Z</time>
      <extensions>
        <dbm>-120</dbm>
      </extensions>
    </trkpt>
    <trkpt lat="35.751654" lon="127.676298">
      <ele>841.571429</ele>
      <time>2016-01-10T13:39:30Z</time>
      <extensions>
        <dbm>-120</dbm>
      </extensions>
    </trkpt>
    <trkpt lat="35.751554" lon="127.676216">
      <ele>840.000000</ele>
      <time>2016-01-10T13:39:39Z</time>
      <extensions>
        <dbm>-120</dbm>
      </extensions>
    </trkpt>
    <trkpt lat="35.751432" lon="127.676127">
      <ele>839.333333</ele>
      <time>2016-01-10T13:39:51Z</time>
      <extensions>
        <dbm>-120</dbm>
      </extensions>
    </trkpt>
    <trkpt lat="35.751267" lon="127.676048">
      <ele>838.333333</ele>
      <time>2016-01-10T13:40:04Z</time>
      <extensions>
        <dbm>-120</dbm>
      </extensions>
    </trkpt>
    <trkpt lat="35.751102" lon="127.675994">
      <ele>837.142857</ele>
      <time>2016-01-10T13:40:19Z</time>
      <extensions>
        <dbm>-120</dbm>
      </extensions>
    </trkpt>
    <trkpt lat="35.750953" lon="127.675963">
      <ele>836.666667</ele>
      <time>2016-01-10T13:40:33Z</time>
      <extensions>
        <dbm>-120</dbm>
      </extensions>
    </trkpt>
    <trkpt lat="35.750859" lon="127.675936">
      <ele>834.833333</ele>
      <time>2016-01-10T13:40:43Z</time>
      <extensions>
        <dbm>-120</dbm>
      </extensions>
    </trkpt>
    <trkpt lat="35.750778" lon="127.675892">
      <ele>832.428571</ele>
      <time>2016-01-10T13:40:52Z</time>
      <extensions>
        <dbm>-120</dbm>
      </extensions>
    </trkpt>
    <trkpt lat="35.750645" lon="127.675905">
      <ele>827.500000</ele>
      <time>2016-01-10T13:41:04Z</time>
      <extensions>
        <dbm>-120</dbm>
      </extensions>
    </trkpt>
    <trkpt lat="35.750504" lon="127.675947">
      <ele>825.428571</ele>
      <time>2016-01-10T13:41:33Z</time>
      <extensions>
        <dbm>-120</dbm>
      </extensions>
    </trkpt>
    <trkpt lat="35.750351" lon="127.676006">
      <ele>821.000000</ele>
      <time>2016-01-10T13:41:44Z</time>
      <extensions>
        <dbm>-120</dbm>
      </extensions>
    </trkpt>
    <trkpt lat="35.750241" lon="127.676011">
      <ele>817.500000</ele>
      <time>2016-01-10T13:42:06Z</time>
      <extensions>
        <dbm>-120</dbm>
      </extensions>
    </trkpt>
    <trkpt lat="35.750125" lon="127.675981">
      <ele>807.571429</ele>
      <time>2016-01-10T13:42:34Z</time>
      <extensions>
        <dbm>-120</dbm>
      </extensions>
    </trkpt>
    <trkpt lat="35.750014" lon="127.675945">
      <ele>801.142857</ele>
      <time>2016-01-10T13:42:57Z</time>
      <extensions>
        <dbm>-120</dbm>
      </extensions>
    </trkpt>
    <trkpt lat="35.749906" lon="127.675912">
      <ele>798.750000</ele>
      <time>2016-01-10T13:43:05Z</time>
      <extensions>
        <dbm>-120</dbm>
      </extensions>
    </trkpt>
    <trkpt lat="35.749798" lon="127.675898">
      <ele>793.625000</ele>
      <time>2016-01-10T13:43:14Z</time>
      <extensions>
        <dbm>-120</dbm>
      </extensions>
    </trkpt>
    <trkpt lat="35.749701" lon="127.675890">
      <ele>788.875000</ele>
      <time>2016-01-10T13:43:26Z</time>
      <extensions>
        <dbm>-120</dbm>
      </extensions>
    </trkpt>
    <trkpt lat="35.749620" lon="127.675894">
      <ele>787.444444</ele>
      <time>2016-01-10T13:43:34Z</time>
      <extensions>
        <dbm>-120</dbm>
      </extensions>
    </trkpt>
    <trkpt lat="35.749565" lon="127.675940">
      <ele>783.222222</ele>
      <time>2016-01-10T13:43:42Z</time>
      <extensions>
        <dbm>-120</dbm>
      </extensions>
    </trkpt>
    <trkpt lat="35.749534" lon="127.676024">
      <ele>780.500000</ele>
      <time>2016-01-10T13:43:51Z</time>
      <extensions>
        <dbm>-120</dbm>
      </extensions>
    </trkpt>
    <trkpt lat="35.749529" lon="127.676144">
      <ele>778.250000</ele>
      <time>2016-01-10T13:44:01Z</time>
      <extensions>
        <dbm>-120</dbm>
      </extensions>
    </trkpt>
    <trkpt lat="35.749536" lon="127.676295">
      <ele>775.222222</ele>
      <time>2016-01-10T13:44:12Z</time>
      <extensions>
        <dbm>-120</dbm>
      </extensions>
    </trkpt>
    <trkpt lat="35.749520" lon="127.676432">
      <ele>773.000000</ele>
      <time>2016-01-10T13:44:30Z</time>
      <extensions>
        <dbm>-120</dbm>
      </extensions>
    </trkpt>
    <trkpt lat="35.749425" lon="127.676606">
      <ele>770.777778</ele>
      <time>2016-01-10T13:44:37Z</time>
      <extensions>
        <dbm>-120</dbm>
      </extensions>
    </trkpt>
    <trkpt lat="35.749297" lon="127.676722">
      <ele>769.111111</ele>
      <time>2016-01-10T13:44:55Z</time>
      <extensions>
        <dbm>-120</dbm>
      </extensions>
    </trkpt>
    <trkpt lat="35.749165" lon="127.676850">
      <ele>767.111111</ele>
      <time>2016-01-10T13:45:03Z</time>
      <extensions>
        <dbm>-120</dbm>
      </extensions>
    </trkpt>
    <trkpt lat="35.749069" lon="127.676892">
      <ele>765.000000</ele>
      <time>2016-01-10T13:45:14Z</time>
      <extensions>
        <dbm>-120</dbm>
      </extensions>
    </trkpt>
    <trkpt lat="35.748966" lon="127.676915">
      <ele>763.625000</ele>
      <time>2016-01-10T13:45:38Z</time>
      <extensions>
        <dbm>-120</dbm>
      </extensions>
    </trkpt>
    <trkpt lat="35.748857" lon="127.676880">
      <ele>761.250000</ele>
      <time>2016-01-10T13:45:51Z</time>
      <extensions>
        <dbm>-120</dbm>
      </extensions>
    </trkpt>
    <trkpt lat="35.748752" lon="127.676842">
      <ele>759.625000</ele>
      <time>2016-01-10T13:46:02Z</time>
      <extensions>
        <dbm>-120</dbm>
      </extensions>
    </trkpt>
    <trkpt lat="35.748651" lon="127.676813">
      <ele>757.875000</ele>
      <time>2016-01-10T13:46:12Z</time>
      <extensions>
        <dbm>-120</dbm>
      </extensions>
    </trkpt>
    <trkpt lat="35.748544" lon="127.676799">
      <ele>755.444444</ele>
      <time>2016-01-10T13:46:22Z</time>
      <extensions>
        <dbm>-120</dbm>
      </extensions>
    </trkpt>
    <trkpt lat="35.748424" lon="127.676798">
      <ele>753.666667</ele>
      <time>2016-01-10T13:46:31Z</time>
      <extensions>
        <dbm>-120</dbm>
      </extensions>
    </trkpt>
    <trkpt lat="35.748303" lon="127.676791">
      <ele>750.250000</ele>
      <time>2016-01-10T13:46:42Z</time>
      <extensions>
        <dbm>-120</dbm>
      </extensions>
    </trkpt>
    <trkpt lat="35.748190" lon="127.676806">
      <ele>748.777778</ele>
      <time>2016-01-10T13:46:53Z</time>
      <extensions>
        <dbm>-120</dbm>
      </extensions>
    </trkpt>
    <trkpt lat="35.748083" lon="127.676830">
      <ele>746.222222</ele>
      <time>2016-01-10T13:47:05Z</time>
      <extensions>
        <dbm>-120</dbm>
      </extensions>
    </trkpt>
    <trkpt lat="35.747981" lon="127.676863">
      <ele>743.777778</ele>
      <time>2016-01-10T13:47:19Z</time>
      <extensions>
        <dbm>-120</dbm>
      </extensions>
    </trkpt>
    <trkpt lat="35.747855" lon="127.676926">
      <ele>741.111111</ele>
      <time>2016-01-10T13:47:26Z</time>
      <extensions>
        <dbm>-120</dbm>
      </extensions>
    </trkpt>
    <trkpt lat="35.747732" lon="127.677005">
      <ele>738.666667</ele>
      <time>2016-01-10T13:47:41Z</time>
      <extensions>
        <dbm>-120</dbm>
      </extensions>
    </trkpt>
    <trkpt lat="35.747614" lon="127.677099">
      <ele>736.111111</ele>
      <time>2016-01-10T13:47:54Z</time>
      <extensions>
        <dbm>-120</dbm>
      </extensions>
    </trkpt>
    <trkpt lat="35.747481" lon="127.677195">
      <ele>731.625000</ele>
      <time>2016-01-10T13:48:20Z</time>
      <extensions>
        <dbm>-120</dbm>
      </extensions>
    </trkpt>
    <trkpt lat="35.747353" lon="127.677271">
      <ele>729.625000</ele>
      <time>2016-01-10T13:49:45Z</time>
      <extensions>
        <dbm>-120</dbm>
      </extensions>
    </trkpt>
    <trkpt lat="35.747216" lon="127.677333">
      <ele>727.625000</ele>
      <time>2016-01-10T13:49:54Z</time>
      <extensions>
        <dbm>-120</dbm>
      </extensions>
    </trkpt>
    <trkpt lat="35.747119" lon="127.677354">
      <ele>725.625000</ele>
      <time>2016-01-10T13:50:05Z</time>
      <extensions>
        <dbm>-120</dbm>
      </extensions>
    </trkpt>
    <trkpt lat="35.747043" lon="127.677403">
      <ele>724.777778</ele>
      <time>2016-01-10T13:50:14Z</time>
      <extensions>
        <dbm>-100</dbm>
      </extensions>
    </trkpt>
    <trkpt lat="35.747004" lon="127.677486">
      <ele>722.555556</ele>
      <time>2016-01-10T13:50:23Z</time>
      <extensions>
        <dbm>-96</dbm>
      </extensions>
    </trkpt>
    <trkpt lat="35.746964" lon="127.677575">
      <ele>720.666667</ele>
      <time>2016-01-10T13:50:33Z</time>
      <extensions>
        <dbm>-100</dbm>
      </extensions>
    </trkpt>
    <trkpt lat="35.746904" lon="127.677620">
      <ele>719.500000</ele>
      <time>2016-01-10T13:50:43Z</time>
      <extensions>
        <dbm>-101</dbm>
      </extensions>
    </trkpt>
    <trkpt lat="35.746815" lon="127.677618">
      <ele>717.750000</ele>
      <time>2016-01-10T13:50:51Z</time>
      <extensions>
        <dbm>-97</dbm>
      </extensions>
    </trkpt>
    <trkpt lat="35.746721" lon="127.677598">
      <ele>716.125000</ele>
      <time>2016-01-10T13:50:58Z</time>
      <extensions>
        <dbm>-97</dbm>
      </extensions>
    </trkpt>
    <trkpt lat="35.746626" lon="127.677595">
      <ele>714.500000</ele>
      <time>2016-01-10T13:51:07Z</time>
      <extensions>
        <dbm>-98</dbm>
      </extensions>
    </trkpt>
    <trkpt lat="35.746529" lon="127.677610">
      <ele>712.875000</ele>
      <time>2016-01-10T13:51:17Z</time>
      <extensions>
        <dbm>-100</dbm>
      </extensions>
    </trkpt>
    </trkseg>
  </trk>
  
  <extensions>

   <badge tag="candidates" msg="nearby L(35.76672, 127.68065)" gpsTime="2016-01-10T10:17:09Z" >
      <item id="1300102" dist="132.35147"/>
   </badge>
   <badge tag="candidates" msg="nearby L(35.76679, 127.68050)" gpsTime="2016-01-10T10:17:40Z" >
      <item id="1300102" dist="117.124176"/>
   </badge>
   <badge tag="candidates" msg="nearby L(35.76679, 127.68050)" gpsTime="2016-01-10T10:17:40Z" >
      <item id="1300102" dist="117.124176"/>
   </badge>
   <badge tag="candidates" msg="nearby L(35.76679, 127.68050)" gpsTime="2016-01-10T10:17:42Z" >
      <item id="1300102" dist="116.99804"/>
   </badge>
   <badge tag="candidates" msg="nearby L(35.76680, 127.68049)" gpsTime="2016-01-10T10:17:45Z" >
      <item id="1300102" dist="116.10183"/>
   </badge>
   <badge tag="candidates" msg="nearby L(35.76680, 127.68049)" gpsTime="2016-01-10T10:17:45Z" >
      <item id="1300102" dist="116.10183"/>
   </badge>
   <badge tag="candidates" msg="nearby L(35.76681, 127.68048)" gpsTime="2016-01-10T10:17:48Z" >
      <item id="1300102" dist="114.48836"/>
   </badge>
   <badge tag="candidates" msg="nearby L(35.76682, 127.68047)" gpsTime="2016-01-10T10:17:50Z" >
      <item id="1300102" dist="112.91863"/>
   </badge>
   <badge tag="candidates" msg="nearby L(35.76682, 127.68047)" gpsTime="2016-01-10T10:17:50Z" >
      <item id="1300102" dist="112.91863"/>
   </badge>
   <badge tag="candidates" msg="nearby L(35.76685, 127.68046)" gpsTime="2016-01-10T10:17:53Z" >
      <item id="1300102" dist="109.967476"/>
   </badge>
   <badge tag="candidates" msg="nearby L(35.76685, 127.68046)" gpsTime="2016-01-10T10:17:53Z" >
      <item id="1300102" dist="109.967476"/>
   </badge>
   <badge tag="candidates" msg="nearby L(35.76686, 127.68044)" gpsTime="2016-01-10T10:17:55Z" >
      <item id="1300102" dist="107.86855"/>
   </badge>
   <badge tag="candidates" msg="nearby L(35.76686, 127.68044)" gpsTime="2016-01-10T10:17:55Z" >
      <item id="1300102" dist="107.86855"/>
   </badge>
   <badge tag="candidates" msg="nearby L(35.76687, 127.68041)" gpsTime="2016-01-10T10:17:57Z" >
      <item id="1300102" dist="105.84569"/>
   </badge>
   <badge tag="candidates" msg="nearby L(35.76687, 127.68041)" gpsTime="2016-01-10T10:17:57Z" >
      <item id="1300102" dist="105.84569"/>
   </badge>
   <badge tag="candidates" msg="nearby L(35.76687, 127.68041)" gpsTime="2016-01-10T10:17:57Z" >
      <item id="1300102" dist="105.84569"/>
   </badge>
   <badge tag="candidates" msg="nearby L(35.76686, 127.68039)" gpsTime="2016-01-10T10:17:59Z" >
      <item id="1300102" dist="104.63897"/>
   </badge>
   <badge tag="candidates" msg="nearby L(35.76686, 127.68038)" gpsTime="2016-01-10T10:18:00Z" >
      <item id="1300102" dist="104.00249"/>
   </badge>
   <badge tag="candidates" msg="nearby L(35.76686, 127.68038)" gpsTime="2016-01-10T10:18:00Z" >
      <item id="1300102" dist="104.00249"/>
   </badge>
   <badge tag="candidates" msg="nearby L(35.76686, 127.68036)" gpsTime="2016-01-10T10:18:02Z" >
      <item id="1300102" dist="102.46053"/>
   </badge>
   <badge tag="candidates" msg="nearby L(35.76686, 127.68036)" gpsTime="2016-01-10T10:18:02Z" >
      <item id="1300102" dist="102.46053"/>
   </badge>
   <badge tag="candidates" msg="nearby L(35.76686, 127.68036)" gpsTime="2016-01-10T10:18:02Z" >
      <item id="1300102" dist="102.46053"/>
   </badge>
   <badge tag="candidates" msg="nearby L(35.76686, 127.68034)" gpsTime="2016-01-10T10:18:04Z" >
      <item id="1300102" dist="100.9357"/>
   </badge>
   <badge tag="candidates" msg="nearby L(35.76686, 127.68034)" gpsTime="2016-01-10T10:18:04Z" >
      <item id="1300102" dist="100.9357"/>
   </badge>
   <badge tag="candidates" msg="nearby L(35.76686, 127.68032)" gpsTime="2016-01-10T10:18:06Z" >
      <item id="1300102" dist="99.56318"/>
   </badge>
   <badge tag="candidates" msg="nearby L(35.76686, 127.68032)" gpsTime="2016-01-10T10:18:06Z" >
      <item id="1300102" dist="99.56318"/>
   </badge>
   <badge tag="candidates" msg="nearby L(35.76686, 127.68029)" gpsTime="2016-01-10T10:18:08Z" >
      <item id="1300102" dist="98.34442"/>
   </badge>
   <badge tag="candidates" msg="nearby L(35.76686, 127.68029)" gpsTime="2016-01-10T10:18:08Z" >
      <item id="1300102" dist="98.34442"/>
   </badge>
   <badge tag="candidates" msg="nearby L(35.76685, 127.68027)" gpsTime="2016-01-10T10:18:10Z" >
      <item id="1300102" dist="97.55223"/>
   </badge>
   <badge tag="candidates" msg="nearby L(35.76685, 127.68026)" gpsTime="2016-01-10T10:18:15Z" >
      <item id="1300102" dist="97.072075"/>
   </badge>
   <badge tag="candidates" msg="nearby L(35.76685, 127.68026)" gpsTime="2016-01-10T10:18:15Z" >
      <item id="1300102" dist="97.072075"/>
   </badge>
   <badge tag="candidates" msg="nearby L(35.76685, 127.68026)" gpsTime="2016-01-10T10:18:17Z" >
      <item id="1300102" dist="97.08067"/>
   </badge>
   <badge tag="candidates" msg="nearby L(35.76685, 127.68026)" gpsTime="2016-01-10T10:18:18Z" >
      <item id="1300102" dist="97.092865"/>
   </badge>
   <badge tag="candidates" msg="nearby L(35.76685, 127.68024)" gpsTime="2016-01-10T10:18:23Z" >
      <item id="1300102" dist="96.0812"/>
   </badge>
   <badge tag="candidates" msg="nearby L(35.76685, 127.68023)" gpsTime="2016-01-10T10:18:25Z" >
      <item id="1300102" dist="95.68776"/>
   </badge>
   <badge tag="candidates" msg="nearby L(35.76685, 127.68023)" gpsTime="2016-01-10T10:18:25Z" >
      <item id="1300102" dist="95.68776"/>
   </badge>
   <badge tag="candidates" msg="nearby L(35.76685, 127.68023)" gpsTime="2016-01-10T10:18:26Z" >
      <item id="1300102" dist="95.51118"/>
   </badge>
   <badge tag="candidates" msg="nearby L(35.76685, 127.68023)" gpsTime="2016-01-10T10:18:26Z" >
      <item id="1300102" dist="95.51118"/>
   </badge>
   <badge tag="candidates" msg="nearby L(35.76684, 127.68019)" gpsTime="2016-01-10T10:18:31Z" >
      <item id="1300102" dist="94.01026"/>
   </badge>
   <badge tag="candidates" msg="nearby L(35.76684, 127.68019)" gpsTime="2016-01-10T10:18:31Z" >
      <item id="1300102" dist="94.01026"/>
   </badge>
   <badge tag="candidates" msg="nearby L(35.76684, 127.68017)" gpsTime="2016-01-10T10:18:33Z" >
      <item id="1300102" dist="93.2364"/>
   </badge>
   <badge tag="registration (offline)" msg="code -1" badgeId="1300102" badgeUser="64B15C3327AC322D" badgeTime="2016-01-10T10:18:57Z" />
   <badge tag="candidates" msg="nearby L(35.77129, 127.67036)" gpsTime="2016-01-10T11:00:21Z" >
      <item id="1300109" dist="132.05148"/>
   </badge>
   <badge tag="candidates" msg="nearby L(35.77124, 127.67021)" gpsTime="2016-01-10T11:00:54Z" >
      <item id="1300109" dist="120.657295"/>
   </badge>
   <badge tag="candidates" msg="nearby L(35.77124, 127.67020)" gpsTime="2016-01-10T11:00:55Z" >
      <item id="1300109" dist="119.87975"/>
   </badge>
   <badge tag="candidates" msg="nearby L(35.77124, 127.67020)" gpsTime="2016-01-10T11:00:55Z" >
      <item id="1300109" dist="119.87975"/>
   </badge>
   <badge tag="candidates" msg="nearby L(35.77125, 127.67019)" gpsTime="2016-01-10T11:00:57Z" >
      <item id="1300109" dist="118.330246"/>
   </badge>
   <badge tag="candidates" msg="nearby L(35.77125, 127.67019)" gpsTime="2016-01-10T11:00:57Z" >
      <item id="1300109" dist="118.330246"/>
   </badge>
   <badge tag="candidates" msg="nearby L(35.77125, 127.67018)" gpsTime="2016-01-10T11:00:58Z" >
      <item id="1300109" dist="117.87275"/>
   </badge>
   <badge tag="candidates" msg="nearby L(35.77125, 127.67017)" gpsTime="2016-01-10T11:00:59Z" >
      <item id="1300109" dist="116.92016"/>
   </badge>
   <badge tag="candidates" msg="nearby L(35.77125, 127.67016)" gpsTime="2016-01-10T11:01:00Z" >
      <item id="1300109" dist="116.13272"/>
   </badge>
   <badge tag="candidates" msg="nearby L(35.77125, 127.67016)" gpsTime="2016-01-10T11:01:00Z" >
      <item id="1300109" dist="116.13272"/>
   </badge>
   <badge tag="candidates" msg="nearby L(35.77126, 127.67015)" gpsTime="2016-01-10T11:01:02Z" >
      <item id="1300109" dist="114.769196"/>
   </badge>
   <badge tag="candidates" msg="nearby L(35.77127, 127.67014)" gpsTime="2016-01-10T11:01:03Z" >
      <item id="1300109" dist="113.95382"/>
   </badge>
   <badge tag="candidates" msg="nearby L(35.77127, 127.67014)" gpsTime="2016-01-10T11:01:04Z" >
      <item id="1300109" dist="113.24476"/>
   </badge>
   <badge tag="candidates" msg="nearby L(35.77127, 127.67011)" gpsTime="2016-01-10T11:01:08Z" >
      <item id="1300109" dist="110.99108"/>
   </badge>
   <badge tag="candidates" msg="nearby L(35.77127, 127.67011)" gpsTime="2016-01-10T11:01:08Z" >
      <item id="1300109" dist="110.99108"/>
   </badge>
   <badge tag="candidates" msg="nearby L(35.77126, 127.67011)" gpsTime="2016-01-10T11:01:12Z" >
      <item id="1300109" dist="111.05522"/>
   </badge>
   <badge tag="candidates" msg="nearby L(35.77126, 127.67011)" gpsTime="2016-01-10T11:01:12Z" >
      <item id="1300109" dist="111.05522"/>
   </badge>
   <badge tag="candidates" msg="nearby L(35.77126, 127.67011)" gpsTime="2016-01-10T11:01:12Z" >
      <item id="1300109" dist="111.05522"/>
   </badge>
   <badge tag="candidates" msg="nearby L(35.77126, 127.67011)" gpsTime="2016-01-10T11:01:30Z" >
      <item id="1300109" dist="110.962204"/>
   </badge>
   <badge tag="candidates" msg="nearby L(35.77126, 127.67011)" gpsTime="2016-01-10T11:01:30Z" >
      <item id="1300109" dist="110.962204"/>
   </badge>
   <badge tag="candidates" msg="nearby L(35.77125, 127.67010)" gpsTime="2016-01-10T11:01:43Z" >
      <item id="1300109" dist="110.92469"/>
   </badge>
   <badge tag="candidates" msg="nearby L(35.77125, 127.67011)" gpsTime="2016-01-10T11:01:47Z" >
      <item id="1300109" dist="111.17248"/>
   </badge>
   <badge tag="candidates" msg="nearby L(35.77125, 127.67011)" gpsTime="2016-01-10T11:01:48Z" >
      <item id="1300109" dist="111.24134"/>
   </badge>
   <badge tag="candidates" msg="nearby L(35.77125, 127.67010)" gpsTime="2016-01-10T11:01:53Z" >
      <item id="1300109" dist="110.96372"/>
   </badge>
   <badge tag="candidates" msg="nearby L(35.77125, 127.67010)" gpsTime="2016-01-10T11:01:53Z" >
      <item id="1300109" dist="110.96372"/>
   </badge>
   <badge tag="candidates" msg="nearby L(35.77124, 127.67010)" gpsTime="2016-01-10T11:01:57Z" >
      <item id="1300109" dist="111.062546"/>
   </badge>
   <badge tag="candidates" msg="nearby L(35.77124, 127.67010)" gpsTime="2016-01-10T11:02:01Z" >
      <item id="1300109" dist="111.077835"/>
   </badge>
   <badge tag="candidates" msg="nearby L(35.77124, 127.67010)" gpsTime="2016-01-10T11:02:03Z" >
      <item id="1300109" dist="111.02409"/>
   </badge>
   <badge tag="candidates" msg="nearby L(35.77124, 127.67010)" gpsTime="2016-01-10T11:02:03Z" >
      <item id="1300109" dist="111.02409"/>
   </badge>
   <badge tag="candidates" msg="nearby L(35.77124, 127.67010)" gpsTime="2016-01-10T11:02:06Z" >
      <item id="1300109" dist="110.991516"/>
   </badge>
   <badge tag="candidates" msg="nearby L(35.77124, 127.67010)" gpsTime="2016-01-10T11:02:06Z" >
      <item id="1300109" dist="110.991516"/>
   </badge>
   <badge tag="candidates" msg="nearby L(35.77124, 127.67010)" gpsTime="2016-01-10T11:02:15Z" >
      <item id="1300109" dist="110.975914"/>
   </badge>
   <badge tag="candidates" msg="nearby L(35.77124, 127.67010)" gpsTime="2016-01-10T11:02:15Z" >
      <item id="1300109" dist="110.975914"/>
   </badge>
   <badge tag="candidates" msg="nearby L(35.77125, 127.67009)" gpsTime="2016-01-10T11:02:24Z" >
      <item id="1300109" dist="110.146545"/>
   </badge>
   <badge tag="candidates" msg="nearby L(35.77124, 127.67007)" gpsTime="2016-01-10T11:02:27Z" >
      <item id="1300109" dist="108.98179"/>
   </badge>
   <badge tag="candidates" msg="nearby L(35.77124, 127.67007)" gpsTime="2016-01-10T11:02:27Z" >
      <item id="1300109" dist="108.98179"/>
   </badge>
   <badge tag="candidates" msg="nearby L(35.77124, 127.67007)" gpsTime="2016-01-10T11:02:27Z" >
      <item id="1300109" dist="108.98179"/>
   </badge>
   <badge tag="candidates" msg="nearby L(35.77123, 127.67005)" gpsTime="2016-01-10T11:02:33Z" >
      <item id="1300109" dist="107.47656"/>
   </badge>
   <badge tag="candidates" msg="nearby L(35.77123, 127.67005)" gpsTime="2016-01-10T11:02:33Z" >
      <item id="1300109" dist="107.47656"/>
   </badge>
   <badge tag="candidates" msg="nearby L(35.77122, 127.67001)" gpsTime="2016-01-10T11:02:47Z" >
      <item id="1300109" dist="104.03468"/>
   </badge>
   <badge tag="candidates" msg="nearby L(35.77122, 127.67001)" gpsTime="2016-01-10T11:02:47Z" >
      <item id="1300109" dist="104.03468"/>
   </badge>
   <badge tag="candidates" msg="nearby L(35.77122, 127.67000)" gpsTime="2016-01-10T11:02:55Z" >
      <item id="1300109" dist="102.90449"/>
   </badge>
   <badge tag="candidates" msg="nearby L(35.77122, 127.67000)" gpsTime="2016-01-10T11:02:55Z" >
      <item id="1300109" dist="102.90449"/>
   </badge>
   <badge tag="candidates" msg="nearby L(35.77123, 127.66999)" gpsTime="2016-01-10T11:02:59Z" >
      <item id="1300109" dist="102.5795"/>
   </badge>
   <badge tag="candidates" msg="nearby L(35.77123, 127.66999)" gpsTime="2016-01-10T11:02:59Z" >
      <item id="1300109" dist="102.5795"/>
   </badge>
   <badge tag="candidates" msg="nearby L(35.77123, 127.66999)" gpsTime="2016-01-10T11:03:02Z" >
      <item id="1300109" dist="102.41217"/>
   </badge>
   <badge tag="candidates" msg="nearby L(35.77123, 127.66999)" gpsTime="2016-01-10T11:03:02Z" >
      <item id="1300109" dist="102.41217"/>
   </badge>
   <badge tag="candidates" msg="nearby L(35.77123, 127.66999)" gpsTime="2016-01-10T11:03:08Z" >
      <item id="1300109" dist="102.41725"/>
   </badge>
   <badge tag="candidates" msg="nearby L(35.77123, 127.66999)" gpsTime="2016-01-10T11:03:08Z" >
      <item id="1300109" dist="102.41725"/>
   </badge>
   <badge tag="candidates" msg="nearby L(35.77125, 127.66999)" gpsTime="2016-01-10T11:03:23Z" >
      <item id="1300109" dist="100.87682"/>
   </badge>
   <badge tag="candidates" msg="nearby L(35.77126, 127.66997)" gpsTime="2016-01-10T11:03:27Z" >
      <item id="1300109" dist="99.57502"/>
   </badge>
   <badge tag="candidates" msg="nearby L(35.77126, 127.66997)" gpsTime="2016-01-10T11:03:27Z" >
      <item id="1300109" dist="99.57502"/>
   </badge>
   <badge tag="candidates" msg="nearby L(35.77127, 127.66997)" gpsTime="2016-01-10T11:03:29Z" >
      <item id="1300109" dist="98.83878"/>
   </badge>
   <badge tag="candidates" msg="nearby L(35.77127, 127.66997)" gpsTime="2016-01-10T11:03:29Z" >
      <item id="1300109" dist="98.83878"/>
   </badge>
   <badge tag="candidates" msg="nearby L(35.77128, 127.66996)" gpsTime="2016-01-10T11:03:31Z" >
      <item id="1300109" dist="97.65197"/>
   </badge>
   <badge tag="candidates" msg="nearby L(35.77128, 127.66996)" gpsTime="2016-01-10T11:03:31Z" >
      <item id="1300109" dist="97.65197"/>
   </badge>
   <badge tag="candidates" msg="nearby L(35.77129, 127.66996)" gpsTime="2016-01-10T11:03:33Z" >
      <item id="1300109" dist="97.28416"/>
   </badge>
   <badge tag="candidates" msg="nearby L(35.77129, 127.66996)" gpsTime="2016-01-10T11:03:33Z" >
      <item id="1300109" dist="97.28416"/>
   </badge>
   <badge tag="candidates" msg="nearby L(35.77129, 127.66996)" gpsTime="2016-01-10T11:03:34Z" >
      <item id="1300109" dist="97.28416"/>
   </badge>
   <badge tag="candidates" msg="nearby L(35.77129, 127.66996)" gpsTime="2016-01-10T11:03:34Z" >
      <item id="1300109" dist="97.28416"/>
   </badge>
   <badge tag="candidates" msg="nearby L(35.77129, 127.66995)" gpsTime="2016-01-10T11:03:36Z" >
      <item id="1300109" dist="96.762314"/>
   </badge>
   <badge tag="candidates" msg="nearby L(35.77130, 127.66995)" gpsTime="2016-01-10T11:03:37Z" >
      <item id="1300109" dist="96.08958"/>
   </badge>
   <badge tag="candidates" msg="nearby L(35.77130, 127.66995)" gpsTime="2016-01-10T11:03:37Z" >
      <item id="1300109" dist="96.08958"/>
   </badge>
   <badge tag="candidates" msg="nearby L(35.77130, 127.66995)" gpsTime="2016-01-10T11:03:37Z" >
      <item id="1300109" dist="96.08958"/>
   </badge>
   <badge tag="candidates" msg="nearby L(35.77130, 127.66994)" gpsTime="2016-01-10T11:03:39Z" >
      <item id="1300109" dist="95.273415"/>
   </badge>
   <badge tag="candidates" msg="nearby L(35.77130, 127.66994)" gpsTime="2016-01-10T11:03:39Z" >
      <item id="1300109" dist="95.273415"/>
   </badge>
   <badge tag="candidates" msg="nearby L(35.77131, 127.66994)" gpsTime="2016-01-10T11:03:41Z" >
      <item id="1300109" dist="94.927444"/>
   </badge>
   <badge tag="candidates" msg="nearby L(35.77131, 127.66994)" gpsTime="2016-01-10T11:03:41Z" >
      <item id="1300109" dist="94.927444"/>
   </badge>
   <badge tag="candidates" msg="nearby L(35.77131, 127.66994)" gpsTime="2016-01-10T11:03:43Z" >
      <item id="1300109" dist="94.559975"/>
   </badge>
   <badge tag="candidates" msg="nearby L(35.77131, 127.66994)" gpsTime="2016-01-10T11:03:44Z" >
      <item id="1300109" dist="94.559975"/>
   </badge>
   <badge tag="candidates" msg="nearby L(35.77131, 127.66994)" gpsTime="2016-01-10T11:03:44Z" >
      <item id="1300109" dist="94.559975"/>
   </badge>
   <badge tag="candidates" msg="nearby L(35.77131, 127.66993)" gpsTime="2016-01-10T11:03:45Z" >
      <item id="1300109" dist="94.0446"/>
   </badge>
   <badge tag="registration (offline)" msg="code -1" badgeId="1300109" badgeUser="64B15C3327AC322D" badgeTime="2016-01-10T11:05:25Z" />
     <badge tag="registration (online)" msg="code 0" badgeId="1300102" badgeUser="64B15C3327AC322D" badgeTime="2016-01-10T10:18:57Z" />
   <badge tag="registration (online)" msg="code 0" badgeId="1300109" badgeUser="64B15C3327AC322D" badgeTime="2016-01-10T11:05:25Z" />

  </extensions>

</gpx>
