<?xml version="1.0" encoding="UTF-8"?>
<gpx version="1.1" creator="gajago-nav" xmlns="http://www.topografix.com/GPX/1/1">
  <metadata><name>계룡산_5봉_nav</name></metadata>
  <wpt lat="36.369479" lon="127.257577">
    <name>들머리 (임금봉길)</name>
  </wpt>
  <wpt lat="36.372743" lon="127.248406">
    <name>갈림길</name>
  </wpt>
  <wpt lat="36.371110" lon="127.246030">
    <name>장군봉</name>
    <ele>512</ele>
  </wpt>
  <wpt lat="36.367965" lon="127.234015">
    <name>갈림길</name>
  </wpt>
  <wpt lat="36.368360" lon="127.219530">
    <name>신선봉</name>
    <ele>649</ele>
  </wpt>
  <wpt lat="36.366170" lon="127.217430">
    <name>큰배재</name>
    <ele>580</ele>
  </wpt>
  <wpt lat="36.365887" lon="127.216828">
    <name>갈림길</name>
  </wpt>
  <wpt lat="36.364370" lon="127.215820">
    <name>남매탑고개</name>
  </wpt>
  <wpt lat="36.363044" lon="127.214351">
    <name>갈림길</name>
  </wpt>
  <wpt lat="36.362719" lon="127.213841">
    <name>갈림길</name>
  </wpt>
  <wpt lat="36.362387" lon="127.211492">
    <name>갈림길</name>
  </wpt>
  <wpt lat="36.362079" lon="127.211352">
    <name>갈림길</name>
  </wpt>
  <wpt lat="36.361440" lon="127.210320">
    <name>삼불봉</name>
    <ele>780</ele>
  </wpt>
  <wpt lat="36.361571" lon="127.209681">
    <name>갈림길</name>
  </wpt>
  <wpt lat="36.360720" lon="127.208029">
    <name>갈림길</name>
  </wpt>
  <wpt lat="36.352010" lon="127.200350">
    <name>관음봉</name>
    <ele>771</ele>
  </wpt>
  <wpt lat="36.351994" lon="127.200530">
    <name>갈림길</name>
  </wpt>
  <wpt lat="36.351280" lon="127.200836">
    <name>갈림길</name>
  </wpt>
  <wpt lat="36.352559" lon="127.209291">
    <name>갈림길</name>
  </wpt>
  <wpt lat="36.352500" lon="127.209110">
    <name>은선폭포</name>
  </wpt>
  <wpt lat="36.351976" lon="127.214223">
    <name>갈림길</name>
  </wpt>
  <wpt lat="36.352278" lon="127.215473">
    <name>갈림길</name>
  </wpt>
  <wpt lat="36.353240" lon="127.219780">
    <name>동학사</name>
  </wpt>
  <wpt lat="36.354220" lon="127.225310">
    <name>동학사불교문화원</name>
  </wpt>
  <wpt lat="36.357837" lon="127.236830">
    <name>날머리 (천정탐방지원센터)</name>
  </wpt>
  <trk>
    <name>계룡산_5봉_nav</name>
    <trkseg>
      <trkpt lat="36.369479" lon="127.257577"><time>2026-09-23T12:36:01.274Z</time></trkpt>
      <trkpt lat="36.369501" lon="127.257662"><ele>109.0</ele><time>2026-09-23T12:36:12.746Z</time></trkpt>
      <trkpt lat="36.369506" lon="127.257675"><ele>108.8</ele><time>2026-09-23T12:36:14.552Z</time></trkpt>
      <trkpt lat="36.369581" lon="127.257806"><ele>108.4</ele><time>2026-09-23T12:36:35.297Z</time></trkpt>
      <trkpt lat="36.369589" lon="127.257817"><ele>108.0</ele><time>2026-09-23T12:36:37.267Z</time></trkpt>
      <trkpt lat="36.369635" lon="127.257891"><ele>107.4</ele><time>2026-09-23T12:36:49.290Z</time></trkpt>
      <trkpt lat="36.369666" lon="127.257919"><ele>107.0</ele><time>2026-09-23T12:36:55.361Z</time></trkpt>
      <trkpt lat="36.369681" lon="127.257908"><ele>106.7</ele><time>2026-09-23T12:36:58.204Z</time></trkpt>
      <trkpt lat="36.369741" lon="127.257849"><ele>106.5</ele><time>2026-09-23T12:37:10.308Z</time></trkpt>
      <trkpt lat="36.369898" lon="127.257780"><ele>106.4</ele><time>2026-09-23T12:37:37.072Z</time></trkpt>
      <trkpt lat="36.369972" lon="127.257824"><ele>106.4</ele><time>2026-09-23T12:37:50.326Z</time></trkpt>
      <trkpt lat="36.369991" lon="127.257847"><ele>106.3</ele><time>2026-09-23T12:37:54.527Z</time></trkpt>
      <trkpt lat="36.370134" lon="127.257953"><ele>106.1</ele><time>2026-09-23T12:38:21.097Z</time></trkpt>
      <trkpt lat="36.370146" lon="127.257962"><ele>105.8</ele><time>2026-09-23T12:38:23.367Z</time></trkpt>
      <trkpt lat="36.370204" lon="127.258058"><ele>105.4</ele><time>2026-09-23T12:38:38.867Z</time></trkpt>
      <trkpt lat="36.370208" lon="127.258077"><ele>104.9</ele><time>2026-09-23T12:38:41.399Z</time></trkpt>
      <trkpt lat="36.370289" lon="127.258208"><ele>104.5</ele><time>2026-09-23T12:39:02.687Z</time></trkpt>
      <trkpt lat="36.370387" lon="127.258302"><ele>104.2</ele><time>2026-09-23T12:39:22.560Z</time></trkpt>
      <trkpt lat="36.370397" lon="127.258311"><ele>104.0</ele><time>2026-09-23T12:39:24.470Z</time></trkpt>
      <trkpt lat="36.370465" lon="127.258409"><ele>103.9</ele><time>2026-09-23T12:39:41.181Z</time></trkpt>
      <trkpt lat="36.370475" lon="127.258417"><ele>103.9</ele><time>2026-09-23T12:39:42.971Z</time></trkpt>
      <trkpt lat="36.370526" lon="127.258519"><ele>104.0</ele><time>2026-09-23T12:39:58.586Z</time></trkpt>
      <trkpt lat="36.370553" lon="127.258574"><ele>104.2</ele><time>2026-09-23T12:40:06.782Z</time></trkpt>
      <trkpt lat="36.370570" lon="127.258614"><ele>104.4</ele><time>2026-09-23T12:40:12.609Z</time></trkpt>
      <trkpt lat="36.370593" lon="127.258669"><ele>104.6</ele><time>2026-09-23T12:40:20.598Z</time></trkpt>
      <trkpt lat="36.370660" lon="127.258706"><ele>104.7</ele><time>2026-09-23T12:40:32.364Z</time></trkpt>
      <trkpt lat="36.370814" lon="127.258665"><ele>104.7</ele><time>2026-09-23T12:40:57.645Z</time></trkpt>
      <trkpt lat="36.370999" lon="127.258626"><ele>104.6</ele><time>2026-09-23T12:41:27.659Z</time></trkpt>
      <trkpt lat="36.371077" lon="127.258620"><ele>104.4</ele><time>2026-09-23T12:41:40.128Z</time></trkpt>
      <trkpt lat="36.371213" lon="127.258571"><ele>104.4</ele><time>2026-09-23T12:42:02.870Z</time></trkpt>
      <trkpt lat="36.371303" lon="127.258507"><ele>104.3</ele><time>2026-09-23T12:42:19.509Z</time></trkpt>
      <trkpt lat="36.371428" lon="127.258388"><ele>104.2</ele><time>2026-09-23T12:42:44.625Z</time></trkpt>
      <trkpt lat="36.371532" lon="127.258301"><ele>104.2</ele><time>2026-09-23T12:43:04.703Z</time></trkpt>
      <trkpt lat="36.371617" lon="127.258240"><ele>104.2</ele><time>2026-09-23T12:43:20.359Z</time></trkpt>
      <trkpt lat="36.371705" lon="127.258172"><ele>104.2</ele><time>2026-09-23T12:43:37.125Z</time></trkpt>
      <trkpt lat="36.371879" lon="127.258118"><ele>104.2</ele><time>2026-09-23T12:44:05.841Z</time></trkpt>
      <trkpt lat="36.371985" lon="127.258071"><ele>104.3</ele><time>2026-09-23T12:44:23.795Z</time></trkpt>
      <trkpt lat="36.372007" lon="127.258038"><ele>104.5</ele><time>2026-09-23T12:44:29.276Z</time></trkpt>
      <trkpt lat="36.371996" lon="127.257990"><ele>104.8</ele><time>2026-09-23T12:44:35.716Z</time></trkpt>
      <trkpt lat="36.371986" lon="127.257967"><ele>105.1</ele><time>2026-09-23T12:44:39.137Z</time></trkpt>
      <trkpt lat="36.371943" lon="127.257917"><ele>105.5</ele><time>2026-09-23T12:44:48.585Z</time></trkpt>
      <trkpt lat="36.371924" lon="127.257900"><ele>105.8</ele><time>2026-09-23T12:44:52.352Z</time></trkpt>
      <trkpt lat="36.371894" lon="127.257877"><ele>106.0</ele><time>2026-09-23T12:44:57.950Z</time></trkpt>
      <trkpt lat="36.371865" lon="127.257862"><ele>106.2</ele><time>2026-09-23T12:45:03.093Z</time></trkpt>
      <trkpt lat="36.371824" lon="127.257841"><ele>106.5</ele><time>2026-09-23T12:45:10.190Z</time></trkpt>
      <trkpt lat="36.371814" lon="127.257835"><ele>106.8</ele><time>2026-09-23T12:45:11.877Z</time></trkpt>
      <trkpt lat="36.371772" lon="127.257817"><ele>107.1</ele><time>2026-09-23T12:45:18.937Z</time></trkpt>
      <trkpt lat="36.371729" lon="127.257793"><ele>107.4</ele><time>2026-09-23T12:45:26.533Z</time></trkpt>
      <trkpt lat="36.371651" lon="127.257747"><ele>107.7</ele><time>2026-09-23T12:45:40.360Z</time></trkpt>
      <trkpt lat="36.371624" lon="127.257719"><ele>107.9</ele><time>2026-09-23T12:45:46.017Z</time></trkpt>
      <trkpt lat="36.371566" lon="127.257692"><ele>108.1</ele><time>2026-09-23T12:45:56.073Z</time></trkpt>
      <trkpt lat="36.371560" lon="127.257683"><ele>108.4</ele><time>2026-09-23T12:45:57.530Z</time></trkpt>
      <trkpt lat="36.371554" lon="127.257675"><ele>108.7</ele><time>2026-09-23T12:45:58.869Z</time></trkpt>
      <trkpt lat="36.371527" lon="127.257602"><ele>109.1</ele><time>2026-09-23T12:46:09.187Z</time></trkpt>
      <trkpt lat="36.371526" lon="127.257590"><ele>109.6</ele><time>2026-09-23T12:46:10.713Z</time></trkpt>
      <trkpt lat="36.371513" lon="127.257529"><ele>110.2</ele><time>2026-09-23T12:46:18.875Z</time></trkpt>
      <trkpt lat="36.371512" lon="127.257509"><ele>110.8</ele><time>2026-09-23T12:46:21.494Z</time></trkpt>
      <trkpt lat="36.371510" lon="127.257448"><ele>111.4</ele><time>2026-09-23T12:46:29.369Z</time></trkpt>
      <trkpt lat="36.371509" lon="127.257392"><ele>112.0</ele><time>2026-09-23T12:46:36.588Z</time></trkpt>
      <trkpt lat="36.371524" lon="127.257354"><ele>112.6</ele><time>2026-09-23T12:46:41.978Z</time></trkpt>
      <trkpt lat="36.371551" lon="127.257312"><ele>113.1</ele><time>2026-09-23T12:46:48.931Z</time></trkpt>
      <trkpt lat="36.371556" lon="127.257305"><ele>113.7</ele><time>2026-09-23T12:46:50.152Z</time></trkpt>
      <trkpt lat="36.371571" lon="127.257271"><ele>114.2</ele><time>2026-09-23T12:46:55.120Z</time></trkpt>
      <trkpt lat="36.371576" lon="127.257244"><ele>114.7</ele><time>2026-09-23T12:46:58.690Z</time></trkpt>
      <trkpt lat="36.371580" lon="127.257227"><ele>115.4</ele><time>2026-09-23T12:47:01.003Z</time></trkpt>
      <trkpt lat="36.371588" lon="127.257199"><ele>115.9</ele><time>2026-09-23T12:47:04.816Z</time></trkpt>
      <trkpt lat="36.371604" lon="127.257152"><ele>116.6</ele><time>2026-09-23T12:47:11.414Z</time></trkpt>
      <trkpt lat="36.371606" lon="127.257146"><ele>117.3</ele><time>2026-09-23T12:47:12.266Z</time></trkpt>
      <trkpt lat="36.371614" lon="127.257097"><ele>117.9</ele><time>2026-09-23T12:47:18.705Z</time></trkpt>
      <trkpt lat="36.371631" lon="127.257066"><ele>118.6</ele><time>2026-09-23T12:47:23.494Z</time></trkpt>
      <trkpt lat="36.371638" lon="127.257054"><ele>119.5</ele><time>2026-09-23T12:47:25.440Z</time></trkpt>
      <trkpt lat="36.371654" lon="127.257014"><ele>120.2</ele><time>2026-09-23T12:47:31.172Z</time></trkpt>
      <trkpt lat="36.371654" lon="127.256945"><ele>120.9</ele><time>2026-09-23T12:47:40.142Z</time></trkpt>
      <trkpt lat="36.371653" lon="127.256937"><ele>121.8</ele><time>2026-09-23T12:47:41.095Z</time></trkpt>
      <trkpt lat="36.371657" lon="127.256890"><ele>122.5</ele><time>2026-09-23T12:47:47.199Z</time></trkpt>
      <trkpt lat="36.371680" lon="127.256833"><ele>123.1</ele><time>2026-09-23T12:47:55.537Z</time></trkpt>
      <trkpt lat="36.371685" lon="127.256823"><ele>124.0</ele><time>2026-09-23T12:47:57.078Z</time></trkpt>
      <trkpt lat="36.371695" lon="127.256784"><ele>124.7</ele><time>2026-09-23T12:48:02.224Z</time></trkpt>
      <trkpt lat="36.371706" lon="127.256737"><ele>125.3</ele><time>2026-09-23T12:48:08.622Z</time></trkpt>
      <trkpt lat="36.371708" lon="127.256722"><ele>126.1</ele><time>2026-09-23T12:48:10.494Z</time></trkpt>
      <trkpt lat="36.371713" lon="127.256704"><ele>126.9</ele><time>2026-09-23T12:48:13.075Z</time></trkpt>
      <trkpt lat="36.371727" lon="127.256668"><ele>127.7</ele><time>2026-09-23T12:48:18.118Z</time></trkpt>
      <trkpt lat="36.371738" lon="127.256621"><ele>128.4</ele><time>2026-09-23T12:48:24.400Z</time></trkpt>
      <trkpt lat="36.371723" lon="127.256582"><ele>129.3</ele><time>2026-09-23T12:48:29.962Z</time></trkpt>
      <trkpt lat="36.371721" lon="127.256576"><ele>129.9</ele><time>2026-09-23T12:48:30.799Z</time></trkpt>
      <trkpt lat="36.371730" lon="127.256522"><ele>130.6</ele><time>2026-09-23T12:48:37.816Z</time></trkpt>
      <trkpt lat="36.371733" lon="127.256515"><ele>131.2</ele><time>2026-09-23T12:48:38.933Z</time></trkpt>
      <trkpt lat="36.371744" lon="127.256466"><ele>131.8</ele><time>2026-09-23T12:48:45.515Z</time></trkpt>
      <trkpt lat="36.371761" lon="127.256430"><ele>132.4</ele><time>2026-09-23T12:48:50.869Z</time></trkpt>
      <trkpt lat="36.371764" lon="127.256409"><ele>133.1</ele><time>2026-09-23T12:48:53.682Z</time></trkpt>
      <trkpt lat="36.371772" lon="127.256385"><ele>133.6</ele><time>2026-09-23T12:48:57.011Z</time></trkpt>
      <trkpt lat="36.371771" lon="127.256360"><ele>134.1</ele><time>2026-09-23T12:49:00.253Z</time></trkpt>
      <trkpt lat="36.371773" lon="127.256347"><ele>134.8</ele><time>2026-09-23T12:49:01.931Z</time></trkpt>
      <trkpt lat="36.371779" lon="127.256317"><ele>135.5</ele><time>2026-09-23T12:49:05.915Z</time></trkpt>
      <trkpt lat="36.371774" lon="127.256274"><ele>136.3</ele><time>2026-09-23T12:49:11.545Z</time></trkpt>
      <trkpt lat="36.371783" lon="127.256244"><ele>137.1</ele><time>2026-09-23T12:49:15.575Z</time></trkpt>
      <trkpt lat="36.371784" lon="127.256210"><ele>138.0</ele><time>2026-09-23T12:49:19.990Z</time></trkpt>
      <trkpt lat="36.371782" lon="127.256195"><ele>138.8</ele><time>2026-09-23T12:49:21.939Z</time></trkpt>
      <trkpt lat="36.371783" lon="127.256157"><ele>139.6</ele><time>2026-09-23T12:49:26.917Z</time></trkpt>
      <trkpt lat="36.371781" lon="127.256104"><ele>140.5</ele><time>2026-09-23T12:49:33.732Z</time></trkpt>
      <trkpt lat="36.371780" lon="127.256075"><ele>141.4</ele><time>2026-09-23T12:49:37.528Z</time></trkpt>
      <trkpt lat="36.371756" lon="127.256033"><ele>142.2</ele><time>2026-09-23T12:49:44.127Z</time></trkpt>
      <trkpt lat="36.371756" lon="127.256028"><ele>143.2</ele><time>2026-09-23T12:49:44.852Z</time></trkpt>
      <trkpt lat="36.371774" lon="127.255986"><ele>144.0</ele><time>2026-09-23T12:49:50.908Z</time></trkpt>
      <trkpt lat="36.371788" lon="127.255935"><ele>144.9</ele><time>2026-09-23T12:49:57.830Z</time></trkpt>
      <trkpt lat="36.371803" lon="127.255886"><ele>145.8</ele><time>2026-09-23T12:50:04.617Z</time></trkpt>
      <trkpt lat="36.371835" lon="127.255833"><ele>146.6</ele><time>2026-09-23T12:50:13.144Z</time></trkpt>
      <trkpt lat="36.371844" lon="127.255826"><ele>147.2</ele><time>2026-09-23T12:50:14.814Z</time></trkpt>
      <trkpt lat="36.371854" lon="127.255792"><ele>147.6</ele><time>2026-09-23T12:50:19.451Z</time></trkpt>
      <trkpt lat="36.371856" lon="127.255714"><ele>147.8</ele><time>2026-09-23T12:50:29.507Z</time></trkpt>
      <trkpt lat="36.371859" lon="127.255707"><ele>148.2</ele><time>2026-09-23T12:50:30.564Z</time></trkpt>
      <trkpt lat="36.371861" lon="127.255697"><ele>148.6</ele><time>2026-09-23T12:50:31.917Z</time></trkpt>
      <trkpt lat="36.371855" lon="127.255635"><ele>149.0</ele><time>2026-09-23T12:50:39.960Z</time></trkpt>
      <trkpt lat="36.371860" lon="127.255621"><ele>149.5</ele><time>2026-09-23T12:50:41.947Z</time></trkpt>
      <trkpt lat="36.371868" lon="127.255538"><ele>149.8</ele><time>2026-09-23T12:50:52.732Z</time></trkpt>
      <trkpt lat="36.371871" lon="127.255535"><ele>150.0</ele><time>2026-09-23T12:50:53.298Z</time></trkpt>
      <trkpt lat="36.371874" lon="127.255537"><ele>150.1</ele><time>2026-09-23T12:50:53.792Z</time></trkpt>
      <trkpt lat="36.371883" lon="127.255538"><ele>150.0</ele><time>2026-09-23T12:50:55.223Z</time></trkpt>
      <trkpt lat="36.371885" lon="127.255543"><ele>150.0</ele><time>2026-09-23T12:50:55.884Z</time></trkpt>
      <trkpt lat="36.371890" lon="127.255544"><ele>150.0</ele><time>2026-09-23T12:50:56.693Z</time></trkpt>
      <trkpt lat="36.371891" lon="127.255546"><ele>149.9</ele><time>2026-09-23T12:50:57.039Z</time></trkpt>
      <trkpt lat="36.371892" lon="127.255551"><ele>149.9</ele><time>2026-09-23T12:50:57.787Z</time></trkpt>
      <trkpt lat="36.371885" lon="127.255553"><ele>149.8</ele><time>2026-09-23T12:50:58.884Z</time></trkpt>
      <trkpt lat="36.371885" lon="127.255540"><ele>149.7</ele><time>2026-09-23T12:51:00.625Z</time></trkpt>
      <trkpt lat="36.371895" lon="127.255547"><ele>149.6</ele><time>2026-09-23T12:51:02.524Z</time></trkpt>
      <trkpt lat="36.371894" lon="127.255547"><ele>149.6</ele><time>2026-09-23T12:51:02.681Z</time></trkpt>
      <trkpt lat="36.371910" lon="127.255542"><ele>149.5</ele><time>2026-09-23T12:51:05.297Z</time></trkpt>
      <trkpt lat="36.371913" lon="127.255539"><ele>149.6</ele><time>2026-09-23T12:51:05.880Z</time></trkpt>
      <trkpt lat="36.371913" lon="127.255538"><ele>149.8</ele><time>2026-09-23T12:51:05.977Z</time></trkpt>
      <trkpt lat="36.371907" lon="127.255524"><ele>150.0</ele><time>2026-09-23T12:51:08.041Z</time></trkpt>
      <trkpt lat="36.371909" lon="127.255521"><ele>150.2</ele><time>2026-09-23T12:51:08.538Z</time></trkpt>
      <trkpt lat="36.371907" lon="127.255522"><ele>150.2</ele><time>2026-09-23T12:51:08.867Z</time></trkpt>
      <trkpt lat="36.371903" lon="127.255529"><ele>150.2</ele><time>2026-09-23T12:51:09.892Z</time></trkpt>
      <trkpt lat="36.371874" lon="127.255527"><ele>150.2</ele><time>2026-09-23T12:51:14.545Z</time></trkpt>
      <trkpt lat="36.371859" lon="127.255538"><ele>150.2</ele><time>2026-09-23T12:51:17.419Z</time></trkpt>
      <trkpt lat="36.371866" lon="127.255525"><ele>150.3</ele><time>2026-09-23T12:51:19.450Z</time></trkpt>
      <trkpt lat="36.371897" lon="127.255512"><ele>150.6</ele><time>2026-09-23T12:51:24.645Z</time></trkpt>
      <trkpt lat="36.371899" lon="127.255500"><ele>150.8</ele><time>2026-09-23T12:51:26.217Z</time></trkpt>
      <trkpt lat="36.371894" lon="127.255498"><ele>150.9</ele><time>2026-09-23T12:51:27.112Z</time></trkpt>
      <trkpt lat="36.371902" lon="127.255527"><ele>151.0</ele><time>2026-09-23T12:51:31.043Z</time></trkpt>
      <trkpt lat="36.371906" lon="127.255533"><ele>151.0</ele><time>2026-09-23T12:51:32.045Z</time></trkpt>
      <trkpt lat="36.371905" lon="127.255540"><ele>151.1</ele><time>2026-09-23T12:51:32.966Z</time></trkpt>
      <trkpt lat="36.371908" lon="127.255523"><ele>151.4</ele><time>2026-09-23T12:51:35.253Z</time></trkpt>
      <trkpt lat="36.371906" lon="127.255504"><ele>151.8</ele><time>2026-09-23T12:51:37.697Z</time></trkpt>
      <trkpt lat="36.371901" lon="127.255454"><ele>152.3</ele><time>2026-09-23T12:51:44.200Z</time></trkpt>
      <trkpt lat="36.371899" lon="127.255435"><ele>152.8</ele><time>2026-09-23T12:51:46.665Z</time></trkpt>
      <trkpt lat="36.371899" lon="127.255402"><ele>153.4</ele><time>2026-09-23T12:51:50.989Z</time></trkpt>
      <trkpt lat="36.371896" lon="127.255383"><ele>153.8</ele><time>2026-09-23T12:51:53.502Z</time></trkpt>
      <trkpt lat="36.371886" lon="127.255370"><ele>154.2</ele><time>2026-09-23T12:51:55.841Z</time></trkpt>
      <trkpt lat="36.371880" lon="127.255355"><ele>154.6</ele><time>2026-09-23T12:51:57.969Z</time></trkpt>
      <trkpt lat="36.371882" lon="127.255352"><ele>155.0</ele><time>2026-09-23T12:51:58.567Z</time></trkpt>
      <trkpt lat="36.371900" lon="127.255329"><ele>155.4</ele><time>2026-09-23T12:52:02.652Z</time></trkpt>
      <trkpt lat="36.371907" lon="127.255327"><ele>155.9</ele><time>2026-09-23T12:52:03.684Z</time></trkpt>
      <trkpt lat="36.371925" lon="127.255329"><ele>156.2</ele><time>2026-09-23T12:52:06.620Z</time></trkpt>
      <trkpt lat="36.371937" lon="127.255329"><ele>156.4</ele><time>2026-09-23T12:52:08.593Z</time></trkpt>
      <trkpt lat="36.371935" lon="127.255361"><time>2026-09-23T12:52:12.689Z</time></trkpt>
      <trkpt lat="36.372064" lon="127.255343"><time>2026-09-23T12:52:33.475Z</time></trkpt>
      <trkpt lat="36.372140" lon="127.255326"><time>2026-09-23T12:52:45.840Z</time></trkpt>
      <trkpt lat="36.372275" lon="127.255073"><time>2026-09-23T12:53:24.971Z</time></trkpt>
      <trkpt lat="36.372278" lon="127.254954"><time>2026-09-23T12:53:40.320Z</time></trkpt>
      <trkpt lat="36.372294" lon="127.254897"><time>2026-09-23T12:53:48.103Z</time></trkpt>
      <trkpt lat="36.372345" lon="127.254843"><time>2026-09-23T12:53:58.834Z</time></trkpt>
      <trkpt lat="36.372420" lon="127.254779"><time>2026-09-23T12:54:13.405Z</time></trkpt>
      <trkpt lat="36.372436" lon="127.254715"><time>2026-09-23T12:54:22.044Z</time></trkpt>
      <trkpt lat="36.372496" lon="127.254623"><time>2026-09-23T12:54:37.308Z</time></trkpt>
      <trkpt lat="36.372519" lon="127.254540"><time>2026-09-23T12:54:48.625Z</time></trkpt>
      <trkpt lat="36.372537" lon="127.254504"><time>2026-09-23T12:54:54.088Z</time></trkpt>
      <trkpt lat="36.372601" lon="127.254441"><time>2026-09-23T12:55:07.165Z</time></trkpt>
      <trkpt lat="36.372645" lon="127.254320"><time>2026-09-23T12:55:24.282Z</time></trkpt>
      <trkpt lat="36.372688" lon="127.254326"><time>2026-09-23T12:55:31.210Z</time></trkpt>
      <trkpt lat="36.372789" lon="127.254216"><time>2026-09-23T12:55:52.720Z</time></trkpt>
      <trkpt lat="36.372862" lon="127.254079"><time>2026-09-23T12:56:13.900Z</time></trkpt>
      <trkpt lat="36.372878" lon="127.254036"><time>2026-09-23T12:56:20.007Z</time></trkpt>
      <trkpt lat="36.372891" lon="127.253940"><time>2026-09-23T12:56:32.558Z</time></trkpt>
      <trkpt lat="36.373038" lon="127.253844"><time>2026-09-23T12:56:59.151Z</time></trkpt>
      <trkpt lat="36.373028" lon="127.253810"><time>2026-09-23T12:57:03.818Z</time></trkpt>
      <trkpt lat="36.373023" lon="127.253723"><time>2026-09-23T12:57:15.063Z</time></trkpt>
      <trkpt lat="36.373116" lon="127.253598"><time>2026-09-23T12:57:37.005Z</time></trkpt>
      <trkpt lat="36.373192" lon="127.253455"><time>2026-09-23T12:57:59.096Z</time></trkpt>
      <trkpt lat="36.373214" lon="127.253333"><time>2026-09-23T12:58:15.214Z</time></trkpt>
      <trkpt lat="36.373184" lon="127.253244"><time>2026-09-23T12:58:27.653Z</time></trkpt>
      <trkpt lat="36.373195" lon="127.253025"><time>2026-09-23T12:58:55.943Z</time></trkpt>
      <trkpt lat="36.373161" lon="127.252978"><time>2026-09-23T12:59:04.089Z</time></trkpt>
      <trkpt lat="36.373165" lon="127.252872"><time>2026-09-23T12:59:17.770Z</time></trkpt>
      <trkpt lat="36.373136" lon="127.252780"><time>2026-09-23T12:59:30.507Z</time></trkpt>
      <trkpt lat="36.373154" lon="127.252697"><time>2026-09-23T12:59:41.589Z</time></trkpt>
      <trkpt lat="36.373141" lon="127.252309"><time>2026-09-23T13:00:31.655Z</time></trkpt>
      <trkpt lat="36.373101" lon="127.252099"><time>2026-09-23T13:00:59.477Z</time></trkpt>
      <trkpt lat="36.373119" lon="127.252039"><time>2026-09-23T13:01:07.732Z</time></trkpt>
      <trkpt lat="36.373085" lon="127.252006"><time>2026-09-23T13:01:14.641Z</time></trkpt>
      <trkpt lat="36.373071" lon="127.251925"><time>2026-09-23T13:01:25.322Z</time></trkpt>
      <trkpt lat="36.373078" lon="127.251642"><time>2026-09-23T13:02:01.825Z</time></trkpt>
      <trkpt lat="36.373096" lon="127.251523"><time>2026-09-23T13:02:17.435Z</time></trkpt>
      <trkpt lat="36.373117" lon="127.251405"><time>2026-09-23T13:02:33.016Z</time></trkpt>
      <trkpt lat="36.373078" lon="127.251204"><time>2026-09-23T13:02:59.671Z</time></trkpt>
      <trkpt lat="36.373094" lon="127.251039"><time>2026-09-23T13:03:21.098Z</time></trkpt>
      <trkpt lat="36.373104" lon="127.250892"><time>2026-09-23T13:03:40.117Z</time></trkpt>
      <trkpt lat="36.373163" lon="127.250711"><time>2026-09-23T13:04:05.292Z</time></trkpt>
      <trkpt lat="36.373167" lon="127.250617"><time>2026-09-23T13:04:17.428Z</time></trkpt>
      <trkpt lat="36.373199" lon="127.250492"><time>2026-09-23T13:04:34.339Z</time></trkpt>
      <trkpt lat="36.373167" lon="127.250322"><time>2026-09-23T13:04:56.847Z</time></trkpt>
      <trkpt lat="36.373119" lon="127.250185"><time>2026-09-23T13:05:16.109Z</time></trkpt>
      <trkpt lat="36.373027" lon="127.250108"><time>2026-09-23T13:05:33.873Z</time></trkpt>
      <trkpt lat="36.372893" lon="127.249910"><time>2026-09-23T13:06:07.220Z</time></trkpt>
      <trkpt lat="36.372888" lon="127.249796"><time>2026-09-23T13:06:21.939Z</time></trkpt>
      <trkpt lat="36.372858" lon="127.249676"><time>2026-09-23T13:06:38.139Z</time></trkpt>
      <trkpt lat="36.372814" lon="127.249575"><time>2026-09-23T13:06:52.944Z</time></trkpt>
      <trkpt lat="36.372730" lon="127.249485"><time>2026-09-23T13:07:10.707Z</time></trkpt>
      <trkpt lat="36.372669" lon="127.249373"><time>2026-09-23T13:07:28.140Z</time></trkpt>
      <trkpt lat="36.372640" lon="127.249302"><time>2026-09-23T13:07:38.404Z</time></trkpt>
      <trkpt lat="36.372618" lon="127.249143"><time>2026-09-23T13:07:59.204Z</time></trkpt>
      <trkpt lat="36.372496" lon="127.249089"><time>2026-09-23T13:08:19.942Z</time></trkpt>
      <trkpt lat="36.372263" lon="127.249091"><time>2026-09-23T13:08:57.251Z</time></trkpt>
      <trkpt lat="36.372206" lon="127.249052"><time>2026-09-23T13:09:07.671Z</time></trkpt>
      <trkpt lat="36.372162" lon="127.248997"><time>2026-09-23T13:09:17.667Z</time></trkpt>
      <trkpt lat="36.372167" lon="127.248944"><time>2026-09-23T13:09:24.547Z</time></trkpt>
      <trkpt lat="36.372206" lon="127.248860"><time>2026-09-23T13:09:37.048Z</time></trkpt>
      <trkpt lat="36.372254" lon="127.248790"><time>2026-09-23T13:09:48.902Z</time></trkpt>
      <trkpt lat="36.372288" lon="127.248711"><time>2026-09-23T13:10:00.451Z</time></trkpt>
      <trkpt lat="36.372362" lon="127.248629"><time>2026-09-23T13:10:16.331Z</time></trkpt>
      <trkpt lat="36.372425" lon="127.248569"><time>2026-09-23T13:10:29.043Z</time></trkpt>
      <trkpt lat="36.372528" lon="127.248504"><time>2026-09-23T13:10:47.542Z</time></trkpt>
      <trkpt lat="36.372579" lon="127.248492"><time>2026-09-23T13:10:55.854Z</time></trkpt>
      <trkpt lat="36.372656" lon="127.248468"><time>2026-09-23T13:11:08.566Z</time></trkpt>
      <trkpt lat="36.372702" lon="127.248444"><time>2026-09-23T13:11:16.555Z</time></trkpt>
      <trkpt lat="36.372743" lon="127.248406"><time>2026-09-23T13:11:24.746Z</time></trkpt>
      <trkpt lat="36.372710" lon="127.248373"><time>2026-09-23T13:11:31.530Z</time></trkpt>
      <trkpt lat="36.372676" lon="127.248371"><time>2026-09-23T13:11:36.980Z</time></trkpt>
      <trkpt lat="36.372561" lon="127.248323"><time>2026-09-23T13:11:56.406Z</time></trkpt>
      <trkpt lat="36.372490" lon="127.248307"><time>2026-09-23T13:12:07.960Z</time></trkpt>
      <trkpt lat="36.372418" lon="127.248291"><time>2026-09-23T13:12:19.672Z</time></trkpt>
      <trkpt lat="36.372376" lon="127.248268"><time>2026-09-23T13:12:27.022Z</time></trkpt>
      <trkpt lat="36.372347" lon="127.248236"><time>2026-09-23T13:12:33.233Z</time></trkpt>
      <trkpt lat="36.372333" lon="127.248195"><time>2026-09-23T13:12:38.975Z</time></trkpt>
      <trkpt lat="36.372319" lon="127.248174"><time>2026-09-23T13:12:42.490Z</time></trkpt>
      <trkpt lat="36.372209" lon="127.248156"><time>2026-09-23T13:13:00.256Z</time></trkpt>
      <trkpt lat="36.372147" lon="127.248067"><time>2026-09-23T13:13:15.429Z</time></trkpt>
      <trkpt lat="36.372065" lon="127.248027"><time>2026-09-23T13:13:29.535Z</time></trkpt>
      <trkpt lat="36.372022" lon="127.247996"><time>2026-09-23T13:13:37.496Z</time></trkpt>
      <trkpt lat="36.371974" lon="127.247988"><time>2026-09-23T13:13:45.251Z</time></trkpt>
      <trkpt lat="36.371871" lon="127.247855"><time>2026-09-23T13:14:09.042Z</time></trkpt>
      <trkpt lat="36.371776" lon="127.247842"><time>2026-09-23T13:14:24.346Z</time></trkpt>
      <trkpt lat="36.371690" lon="127.247808"><time>2026-09-23T13:14:38.797Z</time></trkpt>
      <trkpt lat="36.371550" lon="127.247840"><time>2026-09-23T13:15:01.590Z</time></trkpt>
      <trkpt lat="36.371466" lon="127.247763"><time>2026-09-23T13:15:18.307Z</time></trkpt>
      <trkpt lat="36.371410" lon="127.247743"><time>2026-09-23T13:15:27.637Z</time></trkpt>
      <trkpt lat="36.371387" lon="127.247762"><time>2026-09-23T13:15:32.061Z</time></trkpt>
      <trkpt lat="36.371300" lon="127.247794"><time>2026-09-23T13:15:46.589Z</time></trkpt>
      <trkpt lat="36.371322" lon="127.247735"><time>2026-09-23T13:15:54.972Z</time></trkpt>
      <trkpt lat="36.371324" lon="127.247667"><time>2026-09-23T13:16:03.745Z</time></trkpt>
      <trkpt lat="36.371302" lon="127.247598"><time>2026-09-23T13:16:13.313Z</time></trkpt>
      <trkpt lat="36.371301" lon="127.247497"><time>2026-09-23T13:16:26.336Z</time></trkpt>
      <trkpt lat="36.371343" lon="127.247446"><time>2026-09-23T13:16:35.741Z</time></trkpt>
      <trkpt lat="36.371357" lon="127.247371"><time>2026-09-23T13:16:45.667Z</time></trkpt>
      <trkpt lat="36.371327" lon="127.247324"><time>2026-09-23T13:16:53.400Z</time></trkpt>
      <trkpt lat="36.371333" lon="127.247237"><time>2026-09-23T13:17:04.657Z</time></trkpt>
      <trkpt lat="36.371255" lon="127.247073"><time>2026-09-23T13:17:29.215Z</time></trkpt>
      <trkpt lat="36.371243" lon="127.246986"><time>2026-09-23T13:17:40.595Z</time></trkpt>
      <trkpt lat="36.371211" lon="127.246906"><time>2026-09-23T13:17:52.112Z</time></trkpt>
      <trkpt lat="36.371178" lon="127.246808"><time>2026-09-23T13:18:05.807Z</time></trkpt>
      <trkpt lat="36.371178" lon="127.246699"><time>2026-09-23T13:18:19.860Z</time></trkpt>
      <trkpt lat="36.371148" lon="127.246639"><time>2026-09-23T13:18:28.966Z</time></trkpt>
      <trkpt lat="36.371119" lon="127.246604"><time>2026-09-23T13:18:35.441Z</time></trkpt>
      <trkpt lat="36.371118" lon="127.246492"><time>2026-09-23T13:18:49.882Z</time></trkpt>
      <trkpt lat="36.371125" lon="127.246422"><time>2026-09-23T13:18:58.976Z</time></trkpt>
      <trkpt lat="36.371129" lon="127.246378"><time>2026-09-23T13:19:04.685Z</time></trkpt>
      <trkpt lat="36.371110" lon="127.246222"><time>2026-09-23T13:19:25.026Z</time></trkpt>
      <trkpt lat="36.371105" lon="127.246046"><time>2026-09-23T13:19:47.732Z</time></trkpt>
      <trkpt lat="36.371093" lon="127.245932"><time>2026-09-23T13:20:02.555Z</time></trkpt>
      <trkpt lat="36.371051" lon="127.245951"><time>2026-09-23T13:20:09.712Z</time></trkpt>
      <trkpt lat="36.371022" lon="127.245952"><time>2026-09-23T13:20:14.357Z</time></trkpt>
      <trkpt lat="36.370985" lon="127.245888"><time>2026-09-23T13:20:24.515Z</time></trkpt>
      <trkpt lat="36.371023" lon="127.245791"><time>2026-09-23T13:20:38.423Z</time></trkpt>
      <trkpt lat="36.371044" lon="127.245716"><time>2026-09-23T13:20:48.661Z</time></trkpt>
      <trkpt lat="36.371072" lon="127.245699"><time>2026-09-23T13:20:53.651Z</time></trkpt>
      <trkpt lat="36.371095" lon="127.245651"><time>2026-09-23T13:21:00.853Z</time></trkpt>
      <trkpt lat="36.371056" lon="127.245604"><time>2026-09-23T13:21:09.554Z</time></trkpt>
      <trkpt lat="36.371028" lon="127.245529"><time>2026-09-23T13:21:20.212Z</time></trkpt>
      <trkpt lat="36.371032" lon="127.245278"><time>2026-09-23T13:21:52.580Z</time></trkpt>
      <trkpt lat="36.371010" lon="127.245181"><time>2026-09-23T13:22:05.572Z</time></trkpt>
      <trkpt lat="36.370932" lon="127.245145"><time>2026-09-23T13:22:18.896Z</time></trkpt>
      <trkpt lat="36.370867" lon="127.245065"><time>2026-09-23T13:22:33.549Z</time></trkpt>
      <trkpt lat="36.370797" lon="127.245004"><time>2026-09-23T13:22:47.242Z</time></trkpt>
      <trkpt lat="36.370751" lon="127.244948"><time>2026-09-23T13:22:57.556Z</time></trkpt>
      <trkpt lat="36.370720" lon="127.244852"><time>2026-09-23T13:23:10.891Z</time></trkpt>
      <trkpt lat="36.370648" lon="127.244762"><time>2026-09-23T13:23:27.248Z</time></trkpt>
      <trkpt lat="36.370643" lon="127.244690"><time>2026-09-23T13:23:36.566Z</time></trkpt>
      <trkpt lat="36.370613" lon="127.244616"><time>2026-09-23T13:23:47.247Z</time></trkpt>
      <trkpt lat="36.370640" lon="127.244503"><time>2026-09-23T13:24:02.444Z</time></trkpt>
      <trkpt lat="36.370563" lon="127.244371"><time>2026-09-23T13:24:23.460Z</time></trkpt>
      <trkpt lat="36.370524" lon="127.244375"><time>2026-09-23T13:24:29.725Z</time></trkpt>
      <trkpt lat="36.370496" lon="127.244322"><time>2026-09-23T13:24:37.898Z</time></trkpt>
      <trkpt lat="36.370527" lon="127.244181"><time>2026-09-23T13:24:56.743Z</time></trkpt>
      <trkpt lat="36.370446" lon="127.244190"><time>2026-09-23T13:25:09.764Z</time></trkpt>
      <trkpt lat="36.370454" lon="127.243914"><time>2026-09-23T13:25:45.372Z</time></trkpt>
      <trkpt lat="36.370448" lon="127.243846"><time>2026-09-23T13:25:54.191Z</time></trkpt>
      <trkpt lat="36.370459" lon="127.243780"><time>2026-09-23T13:26:02.881Z</time></trkpt>
      <trkpt lat="36.370431" lon="127.243634"><time>2026-09-23T13:26:22.231Z</time></trkpt>
      <trkpt lat="36.370435" lon="127.243510"><time>2026-09-23T13:26:38.231Z</time></trkpt>
      <trkpt lat="36.370385" lon="127.243354"><time>2026-09-23T13:26:59.879Z</time></trkpt>
      <trkpt lat="36.370442" lon="127.243261"><time>2026-09-23T13:27:14.948Z</time></trkpt>
      <trkpt lat="36.370417" lon="127.243175"><time>2026-09-23T13:27:26.736Z</time></trkpt>
      <trkpt lat="36.370276" lon="127.243078"><time>2026-09-23T13:27:52.546Z</time></trkpt>
      <trkpt lat="36.370255" lon="127.242976"><time>2026-09-23T13:28:06.120Z</time></trkpt>
      <trkpt lat="36.370204" lon="127.242948"><time>2026-09-23T13:28:15.048Z</time></trkpt>
      <trkpt lat="36.370182" lon="127.242926"><time>2026-09-23T13:28:19.571Z</time></trkpt>
      <trkpt lat="36.370168" lon="127.242880"><time>2026-09-23T13:28:25.911Z</time></trkpt>
      <trkpt lat="36.370163" lon="127.242749"><time>2026-09-23T13:28:42.820Z</time></trkpt>
      <trkpt lat="36.370190" lon="127.242580"><time>2026-09-23T13:29:05.034Z</time></trkpt>
      <trkpt lat="36.370170" lon="127.242507"><time>2026-09-23T13:29:14.976Z</time></trkpt>
      <trkpt lat="36.370140" lon="127.242463"><time>2026-09-23T13:29:22.409Z</time></trkpt>
      <trkpt lat="36.370059" lon="127.242382"><time>2026-09-23T13:29:39.061Z</time></trkpt>
      <trkpt lat="36.370022" lon="127.242302"><time>2026-09-23T13:29:50.955Z</time></trkpt>
      <trkpt lat="36.369973" lon="127.242257"><time>2026-09-23T13:30:00.714Z</time></trkpt>
      <trkpt lat="36.369950" lon="127.242069"><time>2026-09-23T13:30:25.231Z</time></trkpt>
      <trkpt lat="36.369972" lon="127.242003"><time>2026-09-23T13:30:34.440Z</time></trkpt>
      <trkpt lat="36.369984" lon="127.241865"><time>2026-09-23T13:30:52.336Z</time></trkpt>
      <trkpt lat="36.370006" lon="127.241523"><time>2026-09-23T13:31:36.571Z</time></trkpt>
      <trkpt lat="36.369961" lon="127.241332"><time>2026-09-23T13:32:02.229Z</time></trkpt>
      <trkpt lat="36.369961" lon="127.241153"><time>2026-09-23T13:32:25.307Z</time></trkpt>
      <trkpt lat="36.369915" lon="127.241013"><time>2026-09-23T13:32:44.802Z</time></trkpt>
      <trkpt lat="36.369916" lon="127.240951"><time>2026-09-23T13:32:52.798Z</time></trkpt>
      <trkpt lat="36.369930" lon="127.240875"><time>2026-09-23T13:33:02.849Z</time></trkpt>
      <trkpt lat="36.369849" lon="127.240717"><time>2026-09-23T13:33:26.999Z</time></trkpt>
      <trkpt lat="36.369808" lon="127.240567"><time>2026-09-23T13:33:47.422Z</time></trkpt>
      <trkpt lat="36.369726" lon="127.240384"><time>2026-09-23T13:34:14.424Z</time></trkpt>
      <trkpt lat="36.369626" lon="127.240311"><time>2026-09-23T13:34:32.997Z</time></trkpt>
      <trkpt lat="36.369587" lon="127.240238"><time>2026-09-23T13:34:44.292Z</time></trkpt>
      <trkpt lat="36.369483" lon="127.240035"><time>2026-09-23T13:35:15.314Z</time></trkpt>
      <trkpt lat="36.369479" lon="127.239923"><time>2026-09-23T13:35:29.768Z</time></trkpt>
      <trkpt lat="36.369407" lon="127.239841"><time>2026-09-23T13:35:45.410Z</time></trkpt>
      <trkpt lat="36.369352" lon="127.239752"><time>2026-09-23T13:35:59.875Z</time></trkpt>
      <trkpt lat="36.369330" lon="127.239574"><time>2026-09-23T13:36:23.094Z</time></trkpt>
      <trkpt lat="36.369305" lon="127.239431"><time>2026-09-23T13:36:41.960Z</time></trkpt>
      <trkpt lat="36.369240" lon="127.239255"><time>2026-09-23T13:37:06.925Z</time></trkpt>
      <trkpt lat="36.369174" lon="127.239108"><time>2026-09-23T13:37:28.625Z</time></trkpt>
      <trkpt lat="36.369204" lon="127.239043"><time>2026-09-23T13:37:38.285Z</time></trkpt>
      <trkpt lat="36.369119" lon="127.238866"><time>2026-09-23T13:38:04.856Z</time></trkpt>
      <trkpt lat="36.369038" lon="127.238662"><time>2026-09-23T13:38:34.182Z</time></trkpt>
      <trkpt lat="36.368843" lon="127.238249"><time>2026-09-23T13:39:35.910Z</time></trkpt>
      <trkpt lat="36.368821" lon="127.238175"><time>2026-09-23T13:39:46.081Z</time></trkpt>
      <trkpt lat="36.368825" lon="127.238094"><time>2026-09-23T13:39:56.544Z</time></trkpt>
      <trkpt lat="36.368814" lon="127.238036"><time>2026-09-23T13:40:04.226Z</time></trkpt>
      <trkpt lat="36.368809" lon="127.237945"><time>2026-09-23T13:40:15.986Z</time></trkpt>
      <trkpt lat="36.368748" lon="127.237887"><time>2026-09-23T13:40:28.288Z</time></trkpt>
      <trkpt lat="36.368714" lon="127.237788"><time>2026-09-23T13:40:42.165Z</time></trkpt>
      <trkpt lat="36.368664" lon="127.237700"><time>2026-09-23T13:40:56.051Z</time></trkpt>
      <trkpt lat="36.368708" lon="127.237489"><time>2026-09-23T13:41:24.153Z</time></trkpt>
      <trkpt lat="36.368714" lon="127.237373"><time>2026-09-23T13:41:39.140Z</time></trkpt>
      <trkpt lat="36.368650" lon="127.237222"><time>2026-09-23T13:42:01.141Z</time></trkpt>
      <trkpt lat="36.368552" lon="127.237068"><time>2026-09-23T13:42:26.449Z</time></trkpt>
      <trkpt lat="36.368579" lon="127.237031"><time>2026-09-23T13:42:32.887Z</time></trkpt>
      <trkpt lat="36.368523" lon="127.236990"><time>2026-09-23T13:42:43.296Z</time></trkpt>
      <trkpt lat="36.368509" lon="127.236756"><time>2026-09-23T13:43:13.549Z</time></trkpt>
      <trkpt lat="36.368527" lon="127.236548"><time>2026-09-23T13:43:40.521Z</time></trkpt>
      <trkpt lat="36.368580" lon="127.236465"><time>2026-09-23T13:43:54.179Z</time></trkpt>
      <trkpt lat="36.368366" lon="127.236067"><time>2026-09-23T13:44:55.883Z</time></trkpt>
      <trkpt lat="36.368306" lon="127.235998"><time>2026-09-23T13:45:08.977Z</time></trkpt>
      <trkpt lat="36.368297" lon="127.235838"><time>2026-09-23T13:45:29.656Z</time></trkpt>
      <trkpt lat="36.368258" lon="127.235812"><time>2026-09-23T13:45:36.744Z</time></trkpt>
      <trkpt lat="36.368227" lon="127.235769"><time>2026-09-23T13:45:44.186Z</time></trkpt>
      <trkpt lat="36.368188" lon="127.235694"><time>2026-09-23T13:45:55.697Z</time></trkpt>
      <trkpt lat="36.368216" lon="127.235491"><time>2026-09-23T13:46:22.251Z</time></trkpt>
      <trkpt lat="36.368179" lon="127.235421"><time>2026-09-23T13:46:33.047Z</time></trkpt>
      <trkpt lat="36.368112" lon="127.235351"><time>2026-09-23T13:46:47.067Z</time></trkpt>
      <trkpt lat="36.368072" lon="127.235210"><time>2026-09-23T13:47:06.342Z</time></trkpt>
      <trkpt lat="36.368066" lon="127.235134"><time>2026-09-23T13:47:16.188Z</time></trkpt>
      <trkpt lat="36.368081" lon="127.235045"><time>2026-09-23T13:47:27.911Z</time></trkpt>
      <trkpt lat="36.368043" lon="127.234950"><time>2026-09-23T13:47:41.588Z</time></trkpt>
      <trkpt lat="36.367994" lon="127.234915"><time>2026-09-23T13:47:50.639Z</time></trkpt>
      <trkpt lat="36.367961" lon="127.234845"><time>2026-09-23T13:48:01.097Z</time></trkpt>
      <trkpt lat="36.367956" lon="127.234718"><time>2026-09-23T13:48:17.491Z</time></trkpt>
      <trkpt lat="36.367977" lon="127.234537"><time>2026-09-23T13:48:41.069Z</time></trkpt>
      <trkpt lat="36.367941" lon="127.234267"><time>2026-09-23T13:49:16.355Z</time></trkpt>
      <trkpt lat="36.367953" lon="127.234138"><time>2026-09-23T13:49:33.098Z</time></trkpt>
      <trkpt lat="36.367965" lon="127.234015"><time>2026-09-23T13:49:49.073Z</time></trkpt>
      <trkpt lat="36.367992" lon="127.233933"><time>2026-09-23T13:50:00.495Z</time></trkpt>
      <trkpt lat="36.368078" lon="127.233795"><time>2026-09-23T13:50:22.994Z</time></trkpt>
      <trkpt lat="36.368088" lon="127.233616"><time>2026-09-23T13:50:46.129Z</time></trkpt>
      <trkpt lat="36.368104" lon="127.233464"><time>2026-09-23T13:51:05.894Z</time></trkpt>
      <trkpt lat="36.368211" lon="127.233197"><time>2026-09-23T13:51:44.346Z</time></trkpt>
      <trkpt lat="36.368244" lon="127.232980"><time>2026-09-23T13:52:12.819Z</time></trkpt>
      <trkpt lat="36.368284" lon="127.232869"><time>2026-09-23T13:52:28.499Z</time></trkpt>
      <trkpt lat="36.368327" lon="127.232786"><time>2026-09-23T13:52:41.224Z</time></trkpt>
      <trkpt lat="36.368373" lon="127.232696"><time>2026-09-23T13:52:54.968Z</time></trkpt>
      <trkpt lat="36.368380" lon="127.232618"><time>2026-09-23T13:53:05.087Z</time></trkpt>
      <trkpt lat="36.368359" lon="127.232547"><time>2026-09-23T13:53:14.839Z</time></trkpt>
      <trkpt lat="36.368321" lon="127.232473"><time>2026-09-23T13:53:26.155Z</time></trkpt>
      <trkpt lat="36.368374" lon="127.232299"><time>2026-09-23T13:53:50.141Z</time></trkpt>
      <trkpt lat="36.368466" lon="127.232079"><time>2026-09-23T13:54:22.103Z</time></trkpt>
      <trkpt lat="36.368531" lon="127.232018"><time>2026-09-23T13:54:35.149Z</time></trkpt>
      <trkpt lat="36.368593" lon="127.231915"><time>2026-09-23T13:54:51.729Z</time></trkpt>
      <trkpt lat="36.368584" lon="127.231767"><time>2026-09-23T13:55:10.865Z</time></trkpt>
      <trkpt lat="36.368518" lon="127.231707"><time>2026-09-23T13:55:23.962Z</time></trkpt>
      <trkpt lat="36.368473" lon="127.231634"><time>2026-09-23T13:55:35.816Z</time></trkpt>
      <trkpt lat="36.368468" lon="127.231546"><time>2026-09-23T13:55:47.190Z</time></trkpt>
      <trkpt lat="36.368449" lon="127.231495"><time>2026-09-23T13:55:54.435Z</time></trkpt>
      <trkpt lat="36.368402" lon="127.231505"><time>2026-09-23T13:56:02.071Z</time></trkpt>
      <trkpt lat="36.368378" lon="127.231389"><time>2026-09-23T13:56:17.513Z</time></trkpt>
      <trkpt lat="36.368401" lon="127.231337"><time>2026-09-23T13:56:25.162Z</time></trkpt>
      <trkpt lat="36.368425" lon="127.231311"><time>2026-09-23T13:56:30.261Z</time></trkpt>
      <trkpt lat="36.368475" lon="127.231051"><time>2026-09-23T13:57:04.727Z</time></trkpt>
      <trkpt lat="36.368517" lon="127.230986"><time>2026-09-23T13:57:15.472Z</time></trkpt>
      <trkpt lat="36.368526" lon="127.230933"><time>2026-09-23T13:57:22.456Z</time></trkpt>
      <trkpt lat="36.368484" lon="127.230767"><time>2026-09-23T13:57:44.890Z</time></trkpt>
      <trkpt lat="36.368414" lon="127.230714"><time>2026-09-23T13:57:58.017Z</time></trkpt>
      <trkpt lat="36.368429" lon="127.230602"><time>2026-09-23T13:58:12.656Z</time></trkpt>
      <trkpt lat="36.368467" lon="127.230487"><time>2026-09-23T13:58:28.683Z</time></trkpt>
      <trkpt lat="36.368444" lon="127.230413"><time>2026-09-23T13:58:38.910Z</time></trkpt>
      <trkpt lat="36.368425" lon="127.230308"><time>2026-09-23T13:58:52.786Z</time></trkpt>
      <trkpt lat="36.368471" lon="127.230166"><time>2026-09-23T13:59:12.520Z</time></trkpt>
      <trkpt lat="36.368449" lon="127.229932"><time>2026-09-23T13:59:42.896Z</time></trkpt>
      <trkpt lat="36.368492" lon="127.229822"><time>2026-09-23T13:59:58.661Z</time></trkpt>
      <trkpt lat="36.368536" lon="127.229726"><time>2026-09-23T14:00:12.903Z</time></trkpt>
      <trkpt lat="36.368634" lon="127.229625"><time>2026-09-23T14:00:33.295Z</time></trkpt>
      <trkpt lat="36.368655" lon="127.229508"><time>2026-09-23T14:00:48.750Z</time></trkpt>
      <trkpt lat="36.368680" lon="127.229449"><time>2026-09-23T14:00:57.346Z</time></trkpt>
      <trkpt lat="36.368694" lon="127.229418"><time>2026-09-23T14:01:01.929Z</time></trkpt>
      <trkpt lat="36.368784" lon="127.229311"><time>2026-09-23T14:01:21.878Z</time></trkpt>
      <trkpt lat="36.368750" lon="127.229221"><time>2026-09-23T14:01:34.696Z</time></trkpt>
      <trkpt lat="36.368734" lon="127.229089"><time>2026-09-23T14:01:51.907Z</time></trkpt>
      <trkpt lat="36.368682" lon="127.228938"><time>2026-09-23T14:02:13.081Z</time></trkpt>
      <trkpt lat="36.368578" lon="127.228742"><time>2026-09-23T14:02:43.345Z</time></trkpt>
      <trkpt lat="36.368527" lon="127.228565"><time>2026-09-23T14:03:07.583Z</time></trkpt>
      <trkpt lat="36.368536" lon="127.228507"><time>2026-09-23T14:03:15.199Z</time></trkpt>
      <trkpt lat="36.368569" lon="127.228454"><time>2026-09-23T14:03:23.837Z</time></trkpt>
      <trkpt lat="36.368596" lon="127.228125"><time>2026-09-23T14:04:06.475Z</time></trkpt>
      <trkpt lat="36.368588" lon="127.227998"><time>2026-09-23T14:04:22.900Z</time></trkpt>
      <trkpt lat="36.368600" lon="127.227887"><time>2026-09-23T14:04:37.340Z</time></trkpt>
      <trkpt lat="36.368628" lon="127.227832"><time>2026-09-23T14:04:45.729Z</time></trkpt>
      <trkpt lat="36.368695" lon="127.227770"><time>2026-09-23T14:04:59.108Z</time></trkpt>
      <trkpt lat="36.368702" lon="127.227655"><time>2026-09-23T14:05:13.978Z</time></trkpt>
      <trkpt lat="36.368668" lon="127.227555"><time>2026-09-23T14:05:27.973Z</time></trkpt>
      <trkpt lat="36.368679" lon="127.227327"><time>2026-09-23T14:05:57.422Z</time></trkpt>
      <trkpt lat="36.368664" lon="127.227217"><time>2026-09-23T14:06:11.807Z</time></trkpt>
      <trkpt lat="36.368665" lon="127.227083"><time>2026-09-23T14:06:29.085Z</time></trkpt>
      <trkpt lat="36.368641" lon="127.226963"><time>2026-09-23T14:06:45.027Z</time></trkpt>
      <trkpt lat="36.368709" lon="127.226806"><time>2026-09-23T14:07:08.011Z</time></trkpt>
      <trkpt lat="36.368754" lon="127.226691"><time>2026-09-23T14:07:24.497Z</time></trkpt>
      <trkpt lat="36.368724" lon="127.226579"><time>2026-09-23T14:07:39.715Z</time></trkpt>
      <trkpt lat="36.368793" lon="127.226479"><time>2026-09-23T14:07:56.694Z</time></trkpt>
      <trkpt lat="36.368751" lon="127.226430"><time>2026-09-23T14:08:05.922Z</time></trkpt>
      <trkpt lat="36.368758" lon="127.226334"><time>2026-09-23T14:08:18.350Z</time></trkpt>
      <trkpt lat="36.368822" lon="127.226200"><time>2026-09-23T14:08:38.437Z</time></trkpt>
      <trkpt lat="36.368719" lon="127.226090"><time>2026-09-23T14:09:00.189Z</time></trkpt>
      <trkpt lat="36.368800" lon="127.225848"><time>2026-09-23T14:09:33.979Z</time></trkpt>
      <trkpt lat="36.368762" lon="127.225714"><time>2026-09-23T14:09:52.296Z</time></trkpt>
      <trkpt lat="36.368749" lon="127.225531"><time>2026-09-23T14:10:15.982Z</time></trkpt>
      <trkpt lat="36.368678" lon="127.225299"><time>2026-09-23T14:10:47.982Z</time></trkpt>
      <trkpt lat="36.368658" lon="127.225043"><time>2026-09-23T14:11:21.143Z</time></trkpt>
      <trkpt lat="36.368600" lon="127.224872"><time>2026-09-23T14:11:45.067Z</time></trkpt>
      <trkpt lat="36.368602" lon="127.224695"><time>2026-09-23T14:12:07.890Z</time></trkpt>
      <trkpt lat="36.368652" lon="127.224550"><time>2026-09-23T14:12:28.227Z</time></trkpt>
      <trkpt lat="36.368737" lon="127.224448"><time>2026-09-23T14:12:47.153Z</time></trkpt>
      <trkpt lat="36.368788" lon="127.224342"><time>2026-09-23T14:13:03.074Z</time></trkpt>
      <trkpt lat="36.368781" lon="127.224284"><time>2026-09-23T14:13:10.636Z</time></trkpt>
      <trkpt lat="36.368749" lon="127.224253"><time>2026-09-23T14:13:17.134Z</time></trkpt>
      <trkpt lat="36.368677" lon="127.224260"><time>2026-09-23T14:13:28.698Z</time></trkpt>
      <trkpt lat="36.368624" lon="127.224233"><time>2026-09-23T14:13:37.871Z</time></trkpt>
      <trkpt lat="36.368605" lon="127.224178"><time>2026-09-23T14:13:45.587Z</time></trkpt>
      <trkpt lat="36.368592" lon="127.224096"><time>2026-09-23T14:13:56.362Z</time></trkpt>
      <trkpt lat="36.368622" lon="127.223977"><time>2026-09-23T14:14:12.440Z</time></trkpt>
      <trkpt lat="36.368593" lon="127.223788"><time>2026-09-23T14:14:37.246Z</time></trkpt>
      <trkpt lat="36.368596" lon="127.223647"><time>2026-09-23T14:14:55.432Z</time></trkpt>
      <trkpt lat="36.368570" lon="127.223537"><time>2026-09-23T14:15:10.213Z</time></trkpt>
      <trkpt lat="36.368566" lon="127.223429"><time>2026-09-23T14:15:24.152Z</time></trkpt>
      <trkpt lat="36.368604" lon="127.223320"><time>2026-09-23T14:15:39.467Z</time></trkpt>
      <trkpt lat="36.368652" lon="127.223230"><time>2026-09-23T14:15:53.385Z</time></trkpt>
      <trkpt lat="36.368611" lon="127.223094"><time>2026-09-23T14:16:12.109Z</time></trkpt>
      <trkpt lat="36.368614" lon="127.222990"><time>2026-09-23T14:16:25.526Z</time></trkpt>
      <trkpt lat="36.368647" lon="127.222881"><time>2026-09-23T14:16:40.540Z</time></trkpt>
      <trkpt lat="36.368637" lon="127.222785"><time>2026-09-23T14:16:53.021Z</time></trkpt>
      <trkpt lat="36.368650" lon="127.222699"><time>2026-09-23T14:17:04.303Z</time></trkpt>
      <trkpt lat="36.368572" lon="127.222488"><time>2026-09-23T14:17:34.237Z</time></trkpt>
      <trkpt lat="36.368574" lon="127.222352"><time>2026-09-23T14:17:51.775Z</time></trkpt>
      <trkpt lat="36.368526" lon="127.222263"><time>2026-09-23T14:18:05.586Z</time></trkpt>
      <trkpt lat="36.368522" lon="127.222191"><time>2026-09-23T14:18:14.891Z</time></trkpt>
      <trkpt lat="36.368493" lon="127.222112"><time>2026-09-23T14:18:26.086Z</time></trkpt>
      <trkpt lat="36.368479" lon="127.222012"><time>2026-09-23T14:18:39.172Z</time></trkpt>
      <trkpt lat="36.368428" lon="127.221902"><time>2026-09-23T14:18:55.538Z</time></trkpt>
      <trkpt lat="36.368424" lon="127.221749"><time>2026-09-23T14:19:15.275Z</time></trkpt>
      <trkpt lat="36.368484" lon="127.221597"><time>2026-09-23T14:19:37.101Z</time></trkpt>
      <trkpt lat="36.368469" lon="127.221543"><time>2026-09-23T14:19:44.466Z</time></trkpt>
      <trkpt lat="36.368430" lon="127.221464"><time>2026-09-23T14:19:56.413Z</time></trkpt>
      <trkpt lat="36.368399" lon="127.221330"><time>2026-09-23T14:20:14.389Z</time></trkpt>
      <trkpt lat="36.368391" lon="127.221172"><time>2026-09-23T14:20:34.801Z</time></trkpt>
      <trkpt lat="36.368369" lon="127.220979"><time>2026-09-23T14:20:59.933Z</time></trkpt>
      <trkpt lat="36.368438" lon="127.220868"><time>2026-09-23T14:21:18.013Z</time></trkpt>
      <trkpt lat="36.368523" lon="127.220746"><time>2026-09-23T14:21:38.813Z</time></trkpt>
      <trkpt lat="36.368497" lon="127.220566"><time>2026-09-23T14:22:02.392Z</time></trkpt>
      <trkpt lat="36.368519" lon="127.220438"><time>2026-09-23T14:22:19.267Z</time></trkpt>
      <trkpt lat="36.368492" lon="127.220346"><time>2026-09-23T14:22:31.892Z</time></trkpt>
      <trkpt lat="36.368526" lon="127.220269"><time>2026-09-23T14:22:43.214Z</time></trkpt>
      <trkpt lat="36.368516" lon="127.220173"><time>2026-09-23T14:22:55.695Z</time></trkpt>
      <trkpt lat="36.368523" lon="127.220072"><time>2026-09-23T14:23:08.765Z</time></trkpt>
      <trkpt lat="36.368622" lon="127.219851"><time>2026-09-23T14:23:41.372Z</time></trkpt>
      <trkpt lat="36.368583" lon="127.219765"><time>2026-09-23T14:23:54.098Z</time></trkpt>
      <trkpt lat="36.368522" lon="127.219690"><time>2026-09-23T14:24:07.842Z</time></trkpt>
      <trkpt lat="36.368474" lon="127.219627"><time>2026-09-23T14:24:19.025Z</time></trkpt>
      <trkpt lat="36.368432" lon="127.219545"><time>2026-09-23T14:24:31.555Z</time></trkpt>
      <trkpt lat="36.368361" lon="127.219478"><time>2026-09-23T14:24:45.833Z</time></trkpt>
      <trkpt lat="36.368371" lon="127.219458"><time>2026-09-23T14:24:48.868Z</time></trkpt>
      <trkpt lat="36.368377" lon="127.219411"><time>2026-09-23T14:24:55.004Z</time></trkpt>
      <trkpt lat="36.368319" lon="127.219285"><time>2026-09-23T14:25:13.717Z</time></trkpt>
      <trkpt lat="36.368140" lon="127.219200"><time>2026-09-23T14:25:44.402Z</time></trkpt>
      <trkpt lat="36.368098" lon="127.219022"><time>2026-09-23T14:26:08.317Z</time></trkpt>
      <trkpt lat="36.368040" lon="127.218880"><time>2026-09-23T14:26:28.846Z</time></trkpt>
      <trkpt lat="36.367946" lon="127.218758"><time>2026-09-23T14:26:50.617Z</time></trkpt>
      <trkpt lat="36.367896" lon="127.218659"><ele>647.3</ele><time>2026-09-23T14:27:05.685Z</time></trkpt>
      <trkpt lat="36.367861" lon="127.218546"><ele>648.3</ele><time>2026-09-23T14:27:21.295Z</time></trkpt>
      <trkpt lat="36.367833" lon="127.218432"><ele>650.2</ele><time>2026-09-23T14:27:36.662Z</time></trkpt>
      <trkpt lat="36.367782" lon="127.218342"><ele>652.1</ele><time>2026-09-23T14:27:50.851Z</time></trkpt>
      <trkpt lat="36.367711" lon="127.218282"><ele>654.0</ele><time>2026-09-23T14:28:04.602Z</time></trkpt>
      <trkpt lat="36.367630" lon="127.218235"><ele>655.6</ele><time>2026-09-23T14:28:18.918Z</time></trkpt>
      <trkpt lat="36.367549" lon="127.218185"><ele>656.9</ele><time>2026-09-23T14:28:33.401Z</time></trkpt>
      <trkpt lat="36.367477" lon="127.218117"><ele>657.8</ele><time>2026-09-23T14:28:47.885Z</time></trkpt>
      <trkpt lat="36.367414" lon="127.218037"><ele>658.6</ele><time>2026-09-23T14:29:02.313Z</time></trkpt>
      <trkpt lat="36.367366" lon="127.217941"><ele>659.1</ele><time>2026-09-23T14:29:16.882Z</time></trkpt>
      <trkpt lat="36.367315" lon="127.217847"><ele>659.4</ele><time>2026-09-23T14:29:31.497Z</time></trkpt>
      <trkpt lat="36.367252" lon="127.217771"><ele>659.7</ele><time>2026-09-23T14:29:45.560Z</time></trkpt>
      <trkpt lat="36.367172" lon="127.217718"><ele>659.8</ele><time>2026-09-23T14:30:00.079Z</time></trkpt>
      <trkpt lat="36.367085" lon="127.217680"><ele>660.0</ele><time>2026-09-23T14:30:14.846Z</time></trkpt>
      <trkpt lat="36.366995" lon="127.217650"><ele>660.0</ele><time>2026-09-23T14:30:29.766Z</time></trkpt>
      <trkpt lat="36.366907" lon="127.217612"><ele>660.0</ele><time>2026-09-23T14:30:44.685Z</time></trkpt>
      <trkpt lat="36.366822" lon="127.217571"><ele>660.0</ele><time>2026-09-23T14:30:59.285Z</time></trkpt>
      <trkpt lat="36.366736" lon="127.217519"><ele>660.0</ele><time>2026-09-23T14:31:14.601Z</time></trkpt>
      <trkpt lat="36.366647" lon="127.217472"><ele>660.0</ele><time>2026-09-23T14:31:30.087Z</time></trkpt>
      <trkpt lat="36.366556" lon="127.217443"><ele>659.9</ele><time>2026-09-23T14:31:45.130Z</time></trkpt>
      <trkpt lat="36.366461" lon="127.217433"><ele>659.7</ele><time>2026-09-23T14:32:00.396Z</time></trkpt>
      <trkpt lat="36.366367" lon="127.217430"><ele>659.6</ele><time>2026-09-23T14:32:15.452Z</time></trkpt>
      <trkpt lat="36.366268" lon="127.217431"><ele>659.3</ele><time>2026-09-23T14:32:31.305Z</time></trkpt>
      <trkpt lat="36.366173" lon="127.217424"><ele>659.1</ele><time>2026-09-23T14:32:46.543Z</time></trkpt>
      <trkpt lat="36.366082" lon="127.217396"><ele>658.7</ele><time>2026-09-23T14:33:01.555Z</time></trkpt>
      <trkpt lat="36.366010" lon="127.217328"><ele>658.4</ele><time>2026-09-23T14:33:16.039Z</time></trkpt>
      <trkpt lat="36.365953" lon="127.217229"><ele>658.0</ele><time>2026-09-23T14:33:31.731Z</time></trkpt>
      <trkpt lat="36.365919" lon="127.217121"><ele>657.7</ele><time>2026-09-23T14:33:46.682Z</time></trkpt>
      <trkpt lat="36.365893" lon="127.216997"><ele>657.3</ele><time>2026-09-23T14:34:03.203Z</time></trkpt>
      <trkpt lat="36.365859" lon="127.216881"><ele>657.0</ele><time>2026-09-23T14:34:19.120Z</time></trkpt>
      <trkpt lat="36.365807" lon="127.216776"><ele>656.7</ele><time>2026-09-23T14:34:35.014Z</time></trkpt>
      <trkpt lat="36.365744" lon="127.216689"><ele>656.4</ele><time>2026-09-23T14:34:50.100Z</time></trkpt>
      <trkpt lat="36.365695" lon="127.216590"><ele>656.1</ele><time>2026-09-23T14:35:05.083Z</time></trkpt>
      <trkpt lat="36.365655" lon="127.216478"><ele>655.8</ele><time>2026-09-23T14:35:20.881Z</time></trkpt>
      <trkpt lat="36.365614" lon="127.216367"><ele>655.5</ele><time>2026-09-23T14:35:36.627Z</time></trkpt>
      <trkpt lat="36.365547" lon="127.216293"><ele>655.2</ele><time>2026-09-23T14:35:50.984Z</time></trkpt>
      <trkpt lat="36.365457" lon="127.216243"><ele>654.8</ele><time>2026-09-23T14:36:06.771Z</time></trkpt>
      <trkpt lat="36.365372" lon="127.216185"><ele>654.3</ele><time>2026-09-23T14:36:22.301Z</time></trkpt>
      <trkpt lat="36.365295" lon="127.216115"><ele>653.6</ele><time>2026-09-23T14:36:37.580Z</time></trkpt>
      <trkpt lat="36.365208" lon="127.216058"><ele>652.9</ele><time>2026-09-23T14:36:53.331Z</time></trkpt>
      <trkpt lat="36.365106" lon="127.216038"><ele>652.0</ele><time>2026-09-23T14:37:09.865Z</time></trkpt>
      <trkpt lat="36.365007" lon="127.216061"><ele>651.0</ele><time>2026-09-23T14:37:25.992Z</time></trkpt>
      <trkpt lat="36.364918" lon="127.216085"><ele>649.9</ele><time>2026-09-23T14:37:40.575Z</time></trkpt>
      <trkpt lat="36.364839" lon="127.216083"><ele>648.7</ele><time>2026-09-23T14:37:53.227Z</time></trkpt>
      <trkpt lat="36.364757" lon="127.216034"><ele>647.4</ele><time>2026-09-23T14:38:07.798Z</time></trkpt>
      <trkpt lat="36.364679" lon="127.215974"><ele>646.0</ele><time>2026-09-23T14:38:22.490Z</time></trkpt>
      <trkpt lat="36.364592" lon="127.215921"><ele>644.5</ele><time>2026-09-23T14:38:38.006Z</time></trkpt>
      <trkpt lat="36.364499" lon="127.215886"><ele>643.0</ele><time>2026-09-23T14:38:53.566Z</time></trkpt>
      <trkpt lat="36.364399" lon="127.215854"><ele>641.4</ele><time>2026-09-23T14:39:10.101Z</time></trkpt>
      <trkpt lat="36.364295" lon="127.215833"><ele>640.0</ele><time>2026-09-23T14:39:26.972Z</time></trkpt>
      <trkpt lat="36.364194" lon="127.215795"><ele>638.6</ele><time>2026-09-23T14:39:43.871Z</time></trkpt>
      <trkpt lat="36.364098" lon="127.215762"><ele>637.3</ele><time>2026-09-23T14:39:59.820Z</time></trkpt>
      <trkpt lat="36.364017" lon="127.215699"><ele>636.1</ele><time>2026-09-23T14:40:15.124Z</time></trkpt>
      <trkpt lat="36.363933" lon="127.215642"><ele>635.1</ele><time>2026-09-23T14:40:30.451Z</time></trkpt>
      <trkpt lat="36.363850" lon="127.215581"><ele>634.1</ele><time>2026-09-23T14:40:45.894Z</time></trkpt>
      <trkpt lat="36.363768" lon="127.215517"><ele>633.3</ele><time>2026-09-23T14:41:01.402Z</time></trkpt>
      <trkpt lat="36.363700" lon="127.215428"><ele>632.5</ele><time>2026-09-23T14:41:17.221Z</time></trkpt>
      <trkpt lat="36.363632" lon="127.215321"><ele>631.8</ele><time>2026-09-23T14:41:34.797Z</time></trkpt>
      <trkpt lat="36.363561" lon="127.215227"><ele>631.2</ele><time>2026-09-23T14:41:51.414Z</time></trkpt>
      <trkpt lat="36.363480" lon="127.215160"><ele>630.7</ele><time>2026-09-23T14:42:06.998Z</time></trkpt>
      <trkpt lat="36.363397" lon="127.215098"><ele>630.2</ele><time>2026-09-23T14:42:22.507Z</time></trkpt>
      <trkpt lat="36.363316" lon="127.215025"><ele>629.7</ele><time>2026-09-23T14:42:38.532Z</time></trkpt>
      <trkpt lat="36.363252" lon="127.214932"><ele>629.2</ele><time>2026-09-23T14:42:54.306Z</time></trkpt>
      <trkpt lat="36.363209" lon="127.214827"><ele>628.8</ele><time>2026-09-23T14:43:09.495Z</time></trkpt>
      <trkpt lat="36.363177" lon="127.214712"><ele>628.5</ele><time>2026-09-23T14:43:25.184Z</time></trkpt>
      <trkpt lat="36.363147" lon="127.214590"><ele>628.2</ele><time>2026-09-23T14:43:41.632Z</time></trkpt>
      <trkpt lat="36.363105" lon="127.214469"><ele>628.0</ele><time>2026-09-23T14:43:58.621Z</time></trkpt>
      <trkpt lat="36.363039" lon="127.214364"><ele>627.8</ele><time>2026-09-23T14:44:15.796Z</time></trkpt>
      <trkpt lat="36.363001" lon="127.214269"><ele>627.7</ele><time>2026-09-23T14:44:29.474Z</time></trkpt>
      <trkpt lat="36.362983" lon="127.214167"><ele>627.6</ele><time>2026-09-23T14:44:42.938Z</time></trkpt>
      <trkpt lat="36.362984" lon="127.214061"><ele>627.6</ele><time>2026-09-23T14:44:56.607Z</time></trkpt>
      <trkpt lat="36.362926" lon="127.213972"><ele>627.6</ele><time>2026-09-23T14:45:11.369Z</time></trkpt>
      <trkpt lat="36.362836" lon="127.213917"><ele>627.7</ele><time>2026-09-23T14:45:27.431Z</time></trkpt>
      <trkpt lat="36.362735" lon="127.213916"><ele>627.7</ele><time>2026-09-23T14:45:43.603Z</time></trkpt>
      <trkpt lat="36.362668" lon="127.213898"><ele>627.8</ele><time>2026-09-23T14:45:54.580Z</time></trkpt>
      <trkpt lat="36.362630" lon="127.213846"><ele>627.9</ele><time>2026-09-23T14:46:03.634Z</time></trkpt>
      <trkpt lat="36.362651" lon="127.213758"><ele>628.1</ele><time>2026-09-23T14:46:15.469Z</time></trkpt>
      <trkpt lat="36.362705" lon="127.213682"><ele>628.4</ele><time>2026-09-23T14:46:28.537Z</time></trkpt>
      <trkpt lat="36.362760" lon="127.213606"><ele>628.8</ele><time>2026-09-23T14:46:41.713Z</time></trkpt>
      <trkpt lat="36.362794" lon="127.213503"><ele>629.3</ele><time>2026-09-23T14:46:56.066Z</time></trkpt>
      <trkpt lat="36.362811" lon="127.213390"><ele>630.0</ele><time>2026-09-23T14:47:10.889Z</time></trkpt>
      <trkpt lat="36.362852" lon="127.213292"><ele>630.7</ele><time>2026-09-23T14:47:25.129Z</time></trkpt>
      <trkpt lat="36.362874" lon="127.213191"><ele>631.5</ele><time>2026-09-23T14:47:38.620Z</time></trkpt>
      <trkpt lat="36.362876" lon="127.213089"><ele>632.3</ele><time>2026-09-23T14:47:51.776Z</time></trkpt>
      <trkpt lat="36.362831" lon="127.212984"><ele>633.2</ele><time>2026-09-23T14:48:07.113Z</time></trkpt>
      <trkpt lat="36.362773" lon="127.212895"><ele>634.2</ele><time>2026-09-23T14:48:21.875Z</time></trkpt>
      <trkpt lat="36.362707" lon="127.212806"><ele>635.2</ele><time>2026-09-23T14:48:37.476Z</time></trkpt>
      <trkpt lat="36.362641" lon="127.212726"><ele>636.2</ele><time>2026-09-23T14:48:52.244Z</time></trkpt>
      <trkpt lat="36.362576" lon="127.212647"><ele>637.4</ele><time>2026-09-23T14:49:06.807Z</time></trkpt>
      <trkpt lat="36.362515" lon="127.212572"><ele>638.6</ele><time>2026-09-23T14:49:20.552Z</time></trkpt>
      <trkpt lat="36.362483" lon="127.212483"><ele>639.9</ele><time>2026-09-23T14:49:33.120Z</time></trkpt>
      <trkpt lat="36.362477" lon="127.212387"><ele>641.3</ele><time>2026-09-23T14:49:45.535Z</time></trkpt>
      <trkpt lat="36.362485" lon="127.212293"><ele>642.8</ele><time>2026-09-23T14:49:57.724Z</time></trkpt>
      <trkpt lat="36.362500" lon="127.212196"><ele>644.4</ele><time>2026-09-23T14:50:10.459Z</time></trkpt>
      <trkpt lat="36.362500" lon="127.212095"><ele>646.4</ele><time>2026-09-23T14:50:23.483Z</time></trkpt>
      <trkpt lat="36.362486" lon="127.211995"><ele>648.6</ele><time>2026-09-23T14:50:36.570Z</time></trkpt>
      <trkpt lat="36.362457" lon="127.211897"><ele>651.2</ele><time>2026-09-23T14:50:50.033Z</time></trkpt>
      <trkpt lat="36.362435" lon="127.211799"><ele>654.0</ele><time>2026-09-23T14:51:03.151Z</time></trkpt>
      <trkpt lat="36.362419" lon="127.211704"><ele>659.2</ele><time>2026-09-23T14:51:15.666Z</time></trkpt>
      <trkpt lat="36.362422" lon="127.211614"><ele>666.8</ele><time>2026-09-23T14:51:27.280Z</time></trkpt>
      <trkpt lat="36.362454" lon="127.211562"><ele>674.8</ele><time>2026-09-23T14:51:35.719Z</time></trkpt>
      <trkpt lat="36.362491" lon="127.211521"><ele>683.2</ele><time>2026-09-23T14:51:43.659Z</time></trkpt>
      <trkpt lat="36.362511" lon="127.211490"><ele>692.0</ele><time>2026-09-23T14:51:48.781Z</time></trkpt>
      <trkpt lat="36.362262" lon="127.211373"><ele>697.1</ele><time>2026-09-23T14:52:31.410Z</time></trkpt>
      <trkpt lat="36.362174" lon="127.211337"><ele>698.2</ele><time>2026-09-23T14:52:46.245Z</time></trkpt>
      <trkpt lat="36.362092" lon="127.211290"><ele>699.5</ele><time>2026-09-23T14:53:00.706Z</time></trkpt>
      <trkpt lat="36.362021" lon="127.211227"><ele>701.0</ele><time>2026-09-23T14:53:14.679Z</time></trkpt>
      <trkpt lat="36.361969" lon="127.211135"><ele>702.6</ele><time>2026-09-23T14:53:29.172Z</time></trkpt>
      <trkpt lat="36.361913" lon="127.211049"><ele>706.0</ele><time>2026-09-23T14:53:43.433Z</time></trkpt>
      <trkpt lat="36.361851" lon="127.210970"><ele>711.3</ele><time>2026-09-23T14:53:57.657Z</time></trkpt>
      <trkpt lat="36.361773" lon="127.210911"><ele>716.4</ele><time>2026-09-23T14:54:12.281Z</time></trkpt>
      <trkpt lat="36.361706" lon="127.210838"><ele>721.0</ele><time>2026-09-23T14:54:26.553Z</time></trkpt>
      <trkpt lat="36.361647" lon="127.210752"><ele>725.0</ele><time>2026-09-23T14:54:41.121Z</time></trkpt>
      <trkpt lat="36.361600" lon="127.210647"><ele>728.6</ele><time>2026-09-23T14:54:56.611Z</time></trkpt>
      <trkpt lat="36.361560" lon="127.210546"><ele>731.6</ele><time>2026-09-23T14:55:11.124Z</time></trkpt>
      <trkpt lat="36.361517" lon="127.210458"><ele>734.2</ele><time>2026-09-23T14:55:24.397Z</time></trkpt>
      <trkpt lat="36.361469" lon="127.210387"><ele>736.4</ele><time>2026-09-23T14:55:36.350Z</time></trkpt>
      <trkpt lat="36.361445" lon="127.210323"><ele>738.3</ele><time>2026-09-23T14:55:45.453Z</time></trkpt>
      <trkpt lat="36.361449" lon="127.210249"><ele>740.0</ele><time>2026-09-23T14:55:55.017Z</time></trkpt>
      <trkpt lat="36.361489" lon="127.210177"><ele>741.7</ele><time>2026-09-23T14:56:06.296Z</time></trkpt>
      <trkpt lat="36.361527" lon="127.210090"><ele>743.7</ele><time>2026-09-23T14:56:19.058Z</time></trkpt>
      <trkpt lat="36.361581" lon="127.210014"><ele>746.1</ele><time>2026-09-23T14:56:32.127Z</time></trkpt>
      <trkpt lat="36.361606" lon="127.209921"><ele>749.0</ele><time>2026-09-23T14:56:44.769Z</time></trkpt>
      <trkpt lat="36.361594" lon="127.209827"><ele>752.4</ele><time>2026-09-23T14:56:57.041Z</time></trkpt>
      <trkpt lat="36.361518" lon="127.209713"><ele>756.3</ele><time>2026-09-23T14:57:16.124Z</time></trkpt>
      <trkpt lat="36.361448" lon="127.209591"><ele>760.4</ele><time>2026-09-23T14:57:35.440Z</time></trkpt>
      <trkpt lat="36.361394" lon="127.209469"><ele>764.4</ele><time>2026-09-23T14:57:53.391Z</time></trkpt>
      <trkpt lat="36.361357" lon="127.209364"><ele>768.2</ele><time>2026-09-23T14:58:08.169Z</time></trkpt>
      <trkpt lat="36.361309" lon="127.209255"><ele>771.8</ele><time>2026-09-23T14:58:24.188Z</time></trkpt>
      <trkpt lat="36.361249" lon="127.209155"><ele>775.1</ele><time>2026-09-23T14:58:40.268Z</time></trkpt>
      <trkpt lat="36.361191" lon="127.209050"><ele>777.9</ele><time>2026-09-23T14:58:56.687Z</time></trkpt>
      <trkpt lat="36.361127" lon="127.208966"><ele>780.3</ele><time>2026-09-23T14:59:11.597Z</time></trkpt>
      <trkpt lat="36.361074" lon="127.208874"><ele>782.3</ele><time>2026-09-23T14:59:26.183Z</time></trkpt>
      <trkpt lat="36.361035" lon="127.208769"><ele>783.7</ele><time>2026-09-23T14:59:41.093Z</time></trkpt>
      <trkpt lat="36.361011" lon="127.208650"><ele>784.6</ele><time>2026-09-23T14:59:56.912Z</time></trkpt>
      <trkpt lat="36.360982" lon="127.208536"><ele>785.2</ele><time>2026-09-23T15:00:12.327Z</time></trkpt>
      <trkpt lat="36.360945" lon="127.208430"><ele>785.5</ele><time>2026-09-23T15:00:27.224Z</time></trkpt>
      <trkpt lat="36.360893" lon="127.208330"><ele>785.6</ele><time>2026-09-23T15:00:42.573Z</time></trkpt>
      <trkpt lat="36.360828" lon="127.208236"><ele>785.6</ele><time>2026-09-23T15:00:58.549Z</time></trkpt>
      <trkpt lat="36.360767" lon="127.208138"><ele>785.5</ele><time>2026-09-23T15:01:14.521Z</time></trkpt>
      <trkpt lat="36.360700" lon="127.208073"><ele>785.4</ele><time>2026-09-23T15:01:28.135Z</time></trkpt>
      <trkpt lat="36.360627" lon="127.208038"><ele>785.4</ele><time>2026-09-23T15:01:40.665Z</time></trkpt>
      <trkpt lat="36.360537" lon="127.208021"><ele>785.3</ele><time>2026-09-23T15:01:55.241Z</time></trkpt>
      <trkpt lat="36.360454" lon="127.207980"><ele>785.2</ele><time>2026-09-23T15:02:09.544Z</time></trkpt>
      <trkpt lat="36.360387" lon="127.207903"><ele>785.2</ele><time>2026-09-23T15:02:24.162Z</time></trkpt>
      <trkpt lat="36.360322" lon="127.207819"><ele>785.2</ele><time>2026-09-23T15:02:39.183Z</time></trkpt>
      <trkpt lat="36.360253" lon="127.207748"><ele>785.2</ele><time>2026-09-23T15:02:53.532Z</time></trkpt>
      <trkpt lat="36.360168" lon="127.207720"><ele>785.2</ele><time>2026-09-23T15:03:07.613Z</time></trkpt>
      <trkpt lat="36.360082" lon="127.207694"><ele>785.2</ele><time>2026-09-23T15:03:21.785Z</time></trkpt>
      <trkpt lat="36.359993" lon="127.207670"><ele>785.3</ele><time>2026-09-23T15:03:36.368Z</time></trkpt>
      <trkpt lat="36.359909" lon="127.207658"><ele>785.4</ele><time>2026-09-23T15:03:49.907Z</time></trkpt>
      <trkpt lat="36.359821" lon="127.207685"><ele>785.5</ele><time>2026-09-23T15:04:04.422Z</time></trkpt>
      <trkpt lat="36.359734" lon="127.207704"><ele>785.7</ele><time>2026-09-23T15:04:18.566Z</time></trkpt>
      <trkpt lat="36.359648" lon="127.207676"><ele>785.9</ele><time>2026-09-23T15:04:32.802Z</time></trkpt>
      <trkpt lat="36.359584" lon="127.207590"><ele>786.1</ele><time>2026-09-23T15:04:47.901Z</time></trkpt>
      <trkpt lat="36.359523" lon="127.207503"><ele>786.3</ele><time>2026-09-23T15:05:02.776Z</time></trkpt>
      <trkpt lat="36.359452" lon="127.207433"><ele>786.5</ele><time>2026-09-23T15:05:17.292Z</time></trkpt>
      <trkpt lat="36.359361" lon="127.207391"><ele>786.7</ele><time>2026-09-23T15:05:32.837Z</time></trkpt>
      <trkpt lat="36.359262" lon="127.207371"><ele>786.8</ele><time>2026-09-23T15:05:48.897Z</time></trkpt>
      <trkpt lat="36.359167" lon="127.207365"><ele>786.9</ele><time>2026-09-23T15:06:04.128Z</time></trkpt>
      <trkpt lat="36.359077" lon="127.207336"><ele>787.0</ele><time>2026-09-23T15:06:19.016Z</time></trkpt>
      <trkpt lat="36.358997" lon="127.207268"><ele>787.0</ele><time>2026-09-23T15:06:34.540Z</time></trkpt>
      <trkpt lat="36.358923" lon="127.207169"><ele>787.0</ele><time>2026-09-23T15:06:51.957Z</time></trkpt>
      <trkpt lat="36.358842" lon="127.207085"><ele>787.0</ele><time>2026-09-23T15:07:08.855Z</time></trkpt>
      <trkpt lat="36.358755" lon="127.207022"><ele>787.0</ele><time>2026-09-23T15:07:24.981Z</time></trkpt>
      <trkpt lat="36.358659" lon="127.206982"><ele>786.9</ele><time>2026-09-23T15:07:41.195Z</time></trkpt>
      <trkpt lat="36.358570" lon="127.206939"><ele>786.8</ele><time>2026-09-23T15:07:56.487Z</time></trkpt>
      <trkpt lat="36.358489" lon="127.206886"><ele>786.6</ele><time>2026-09-23T15:08:11.147Z</time></trkpt>
      <trkpt lat="36.358421" lon="127.206805"><ele>786.4</ele><time>2026-09-23T15:08:26.235Z</time></trkpt>
      <trkpt lat="36.358387" lon="127.206713"><ele>786.2</ele><time>2026-09-23T15:08:39.288Z</time></trkpt>
      <trkpt lat="36.358359" lon="127.206613"><ele>785.9</ele><time>2026-09-23T15:08:52.940Z</time></trkpt>
      <trkpt lat="36.358328" lon="127.206511"><ele>785.6</ele><time>2026-09-23T15:09:06.998Z</time></trkpt>
      <trkpt lat="36.358270" lon="127.206416"><ele>785.3</ele><time>2026-09-23T15:09:22.371Z</time></trkpt>
      <trkpt lat="36.358226" lon="127.206314"><ele>785.0</ele><time>2026-09-23T15:09:37.292Z</time></trkpt>
      <trkpt lat="36.358189" lon="127.206203"><ele>784.6</ele><time>2026-09-23T15:09:52.783Z</time></trkpt>
      <trkpt lat="36.358147" lon="127.206092"><ele>784.2</ele><time>2026-09-23T15:10:08.597Z</time></trkpt>
      <trkpt lat="36.358085" lon="127.205996"><ele>783.8</ele><time>2026-09-23T15:10:24.465Z</time></trkpt>
      <trkpt lat="36.358008" lon="127.205941"><ele>783.4</ele><time>2026-09-23T15:10:38.689Z</time></trkpt>
      <trkpt lat="36.357930" lon="127.205883"><ele>782.9</ele><time>2026-09-23T15:10:53.246Z</time></trkpt>
      <trkpt lat="36.357853" lon="127.205825"><ele>782.5</ele><time>2026-09-23T15:11:07.667Z</time></trkpt>
      <trkpt lat="36.357772" lon="127.205784"><ele>782.0</ele><time>2026-09-23T15:11:21.673Z</time></trkpt>
      <trkpt lat="36.357687" lon="127.205761"><ele>781.5</ele><time>2026-09-23T15:11:35.602Z</time></trkpt>
      <trkpt lat="36.357595" lon="127.205763"><ele>781.1</ele><time>2026-09-23T15:11:50.336Z</time></trkpt>
      <trkpt lat="36.357505" lon="127.205737"><ele>780.6</ele><time>2026-09-23T15:12:05.132Z</time></trkpt>
      <trkpt lat="36.357409" lon="127.205714"><ele>780.2</ele><time>2026-09-23T15:12:20.787Z</time></trkpt>
      <trkpt lat="36.357311" lon="127.205678"><ele>779.7</ele><time>2026-09-23T15:12:37.151Z</time></trkpt>
      <trkpt lat="36.357218" lon="127.205629"><ele>779.2</ele><time>2026-09-23T15:12:53.327Z</time></trkpt>
      <trkpt lat="36.357126" lon="127.205581"><ele>778.7</ele><time>2026-09-23T15:13:09.306Z</time></trkpt>
      <trkpt lat="36.357038" lon="127.205518"><ele>778.2</ele><time>2026-09-23T15:13:25.571Z</time></trkpt>
      <trkpt lat="36.356975" lon="127.205441"><ele>777.7</ele><time>2026-09-23T15:13:39.725Z</time></trkpt>
      <trkpt lat="36.356945" lon="127.205333"><ele>777.3</ele><time>2026-09-23T15:13:54.457Z</time></trkpt>
      <trkpt lat="36.356948" lon="127.205211"><ele>776.8</ele><time>2026-09-23T15:14:10.196Z</time></trkpt>
      <trkpt lat="36.356935" lon="127.205093"><ele>776.4</ele><time>2026-09-23T15:14:25.554Z</time></trkpt>
      <trkpt lat="36.356916" lon="127.204980"><ele>775.9</ele><time>2026-09-23T15:14:40.440Z</time></trkpt>
      <trkpt lat="36.356894" lon="127.204868"><ele>775.5</ele><time>2026-09-23T15:14:55.306Z</time></trkpt>
      <trkpt lat="36.356872" lon="127.204757"><ele>775.1</ele><time>2026-09-23T15:15:10.047Z</time></trkpt>
      <trkpt lat="36.356832" lon="127.204659"><ele>774.7</ele><time>2026-09-23T15:15:24.214Z</time></trkpt>
      <trkpt lat="36.356768" lon="127.204570"><ele>774.2</ele><time>2026-09-23T15:15:39.601Z</time></trkpt>
      <trkpt lat="36.356712" lon="127.204475"><ele>773.9</ele><time>2026-09-23T15:15:54.782Z</time></trkpt>
      <trkpt lat="36.356651" lon="127.204387"><ele>773.5</ele><time>2026-09-23T15:16:09.754Z</time></trkpt>
      <trkpt lat="36.356586" lon="127.204298"><ele>773.2</ele><time>2026-09-23T15:16:25.248Z</time></trkpt>
      <trkpt lat="36.356508" lon="127.204228"><ele>772.9</ele><time>2026-09-23T15:16:40.657Z</time></trkpt>
      <trkpt lat="36.356423" lon="127.204164"><ele>772.6</ele><time>2026-09-23T15:16:56.574Z</time></trkpt>
      <trkpt lat="36.356333" lon="127.204108"><ele>772.3</ele><time>2026-09-23T15:17:12.693Z</time></trkpt>
      <trkpt lat="36.356238" lon="127.204058"><ele>772.0</ele><time>2026-09-23T15:17:29.215Z</time></trkpt>
      <trkpt lat="36.356151" lon="127.204003"><ele>771.6</ele><time>2026-09-23T15:17:44.847Z</time></trkpt>
      <trkpt lat="36.356064" lon="127.203973"><ele>771.3</ele><time>2026-09-23T15:17:59.305Z</time></trkpt>
      <trkpt lat="36.355966" lon="127.203941"><ele>771.0</ele><time>2026-09-23T15:18:15.530Z</time></trkpt>
      <trkpt lat="36.355866" lon="127.203911"><ele>770.7</ele><time>2026-09-23T15:18:32.003Z</time></trkpt>
      <trkpt lat="36.355768" lon="127.203881"><ele>770.4</ele><time>2026-09-23T15:18:48.164Z</time></trkpt>
      <trkpt lat="36.355675" lon="127.203865"><ele>770.0</ele><time>2026-09-23T15:19:03.198Z</time></trkpt>
      <trkpt lat="36.355580" lon="127.203866"><ele>769.7</ele><time>2026-09-23T15:19:18.410Z</time></trkpt>
      <trkpt lat="36.355481" lon="127.203866"><ele>769.3</ele><time>2026-09-23T15:19:34.262Z</time></trkpt>
      <trkpt lat="36.355382" lon="127.203873"><ele>768.9</ele><time>2026-09-23T15:19:50.140Z</time></trkpt>
      <trkpt lat="36.355285" lon="127.203883"><ele>768.5</ele><time>2026-09-23T15:20:05.725Z</time></trkpt>
      <trkpt lat="36.355183" lon="127.203895"><ele>768.0</ele><time>2026-09-23T15:20:22.130Z</time></trkpt>
      <trkpt lat="36.355083" lon="127.203904"><ele>767.5</ele><time>2026-09-23T15:20:38.184Z</time></trkpt>
      <trkpt lat="36.354984" lon="127.203900"><ele>767.0</ele><time>2026-09-23T15:20:54.045Z</time></trkpt>
      <trkpt lat="36.354893" lon="127.203884"><ele>766.4</ele><time>2026-09-23T15:21:08.761Z</time></trkpt>
      <trkpt lat="36.354812" lon="127.203841"><ele>765.8</ele><time>2026-09-23T15:21:22.866Z</time></trkpt>
      <trkpt lat="36.354734" lon="127.203785"><ele>765.1</ele><time>2026-09-23T15:21:37.293Z</time></trkpt>
      <trkpt lat="36.354661" lon="127.203712"><ele>764.5</ele><time>2026-09-23T15:21:52.301Z</time></trkpt>
      <trkpt lat="36.354573" lon="127.203661"><ele>763.8</ele><time>2026-09-23T15:22:07.851Z</time></trkpt>
      <trkpt lat="36.354492" lon="127.203598"><ele>763.1</ele><time>2026-09-23T15:22:23.155Z</time></trkpt>
      <trkpt lat="36.354422" lon="127.203524"><ele>762.4</ele><time>2026-09-23T15:22:37.876Z</time></trkpt>
      <trkpt lat="36.354369" lon="127.203427"><ele>761.7</ele><time>2026-09-23T15:22:52.992Z</time></trkpt>
      <trkpt lat="36.354308" lon="127.203347"><ele>761.0</ele><time>2026-09-23T15:23:07.198Z</time></trkpt>
      <trkpt lat="36.354230" lon="127.203303"><ele>760.3</ele><time>2026-09-23T15:23:20.916Z</time></trkpt>
      <trkpt lat="36.354155" lon="127.203257"><ele>759.7</ele><time>2026-09-23T15:23:34.311Z</time></trkpt>
      <trkpt lat="36.354091" lon="127.203194"><ele>759.1</ele><time>2026-09-23T15:23:47.388Z</time></trkpt>
      <trkpt lat="36.354033" lon="127.203098"><ele>758.5</ele><time>2026-09-23T15:24:02.864Z</time></trkpt>
      <trkpt lat="36.353958" lon="127.203022"><ele>757.9</ele><time>2026-09-23T15:24:18.365Z</time></trkpt>
      <trkpt lat="36.353875" lon="127.202951"><ele>757.3</ele><time>2026-09-23T15:24:34.503Z</time></trkpt>
      <trkpt lat="36.353786" lon="127.202895"><ele>756.7</ele><time>2026-09-23T15:24:50.479Z</time></trkpt>
      <trkpt lat="36.353701" lon="127.202839"><ele>756.2</ele><time>2026-09-23T15:25:05.887Z</time></trkpt>
      <trkpt lat="36.353596" lon="127.202800"><ele>755.7</ele><time>2026-09-23T15:25:23.436Z</time></trkpt>
      <trkpt lat="36.353493" lon="127.202760"><ele>755.2</ele><time>2026-09-23T15:25:40.716Z</time></trkpt>
      <trkpt lat="36.353399" lon="127.202702"><ele>754.8</ele><time>2026-09-23T15:25:57.523Z</time></trkpt>
      <trkpt lat="36.353333" lon="127.202621"><ele>754.4</ele><time>2026-09-23T15:26:12.382Z</time></trkpt>
      <trkpt lat="36.353280" lon="127.202523"><ele>754.0</ele><time>2026-09-23T15:26:27.605Z</time></trkpt>
      <trkpt lat="36.353236" lon="127.202423"><ele>753.7</ele><time>2026-09-23T15:26:42.300Z</time></trkpt>
      <trkpt lat="36.353178" lon="127.202327"><ele>753.4</ele><time>2026-09-23T15:26:57.776Z</time></trkpt>
      <trkpt lat="36.353113" lon="127.202238"><ele>753.2</ele><time>2026-09-23T15:27:13.270Z</time></trkpt>
      <trkpt lat="36.353050" lon="127.202148"><ele>752.9</ele><time>2026-09-23T15:27:28.647Z</time></trkpt>
      <trkpt lat="36.353003" lon="127.202051"><ele>752.6</ele><time>2026-09-23T15:27:43.245Z</time></trkpt>
      <trkpt lat="36.352958" lon="127.201950"><ele>752.3</ele><time>2026-09-23T15:27:58.130Z</time></trkpt>
      <trkpt lat="36.352913" lon="127.201848"><ele>752.0</ele><time>2026-09-23T15:28:13.128Z</time></trkpt>
      <trkpt lat="36.352868" lon="127.201749"><ele>751.7</ele><time>2026-09-23T15:28:27.788Z</time></trkpt>
      <trkpt lat="36.352832" lon="127.201644"><ele>751.4</ele><time>2026-09-23T15:28:42.505Z</time></trkpt>
      <trkpt lat="36.352802" lon="127.201536"><ele>751.1</ele><time>2026-09-23T15:28:57.237Z</time></trkpt>
      <trkpt lat="36.352767" lon="127.201430"><ele>750.7</ele><time>2026-09-23T15:29:12.011Z</time></trkpt>
      <trkpt lat="36.352725" lon="127.201327"><ele>750.3</ele><time>2026-09-23T15:29:26.899Z</time></trkpt>
      <trkpt lat="36.352675" lon="127.201230"><ele>749.9</ele><time>2026-09-23T15:29:41.751Z</time></trkpt>
      <trkpt lat="36.352616" lon="127.201143"><ele>749.6</ele><time>2026-09-23T15:29:56.418Z</time></trkpt>
      <trkpt lat="36.352555" lon="127.201057"><ele>749.2</ele><time>2026-09-23T15:30:11.196Z</time></trkpt>
      <trkpt lat="36.352502" lon="127.200958"><ele>749.0</ele><time>2026-09-23T15:30:26.526Z</time></trkpt>
      <trkpt lat="36.352483" lon="127.200844"><ele>748.8</ele><time>2026-09-23T15:30:41.539Z</time></trkpt>
      <trkpt lat="36.352453" lon="127.200748"><ele>748.6</ele><time>2026-09-23T15:30:54.819Z</time></trkpt>
      <trkpt lat="36.352407" lon="127.200671"><ele>748.6</ele><time>2026-09-23T15:31:07.182Z</time></trkpt>
      <trkpt lat="36.352323" lon="127.200620"><ele>748.5</ele><time>2026-09-23T15:31:22.154Z</time></trkpt>
      <trkpt lat="36.352238" lon="127.200579"><ele>748.5</ele><time>2026-09-23T15:31:36.755Z</time></trkpt>
      <trkpt lat="36.352151" lon="127.200540"><ele>748.6</ele><time>2026-09-23T15:31:51.566Z</time></trkpt>
      <trkpt lat="36.352082" lon="127.200476"><ele>748.6</ele><time>2026-09-23T15:32:05.356Z</time></trkpt>
      <trkpt lat="36.352048" lon="127.200377"><ele>749.4</ele><time>2026-09-23T15:32:19.236Z</time></trkpt>
      <trkpt lat="36.352017" lon="127.200329"><ele>751.5</ele><time>2026-09-23T15:32:27.170Z</time></trkpt>
      <trkpt lat="36.351991" lon="127.200357"><ele>753.7</ele><time>2026-09-23T15:32:32.681Z</time></trkpt>
      <trkpt lat="36.351956" lon="127.200437"><ele>756.2</ele><time>2026-09-23T15:32:44.422Z</time></trkpt>
      <trkpt lat="36.351938" lon="127.200506"><ele>758.9</ele><time>2026-09-23T15:32:53.775Z</time></trkpt>
      <trkpt lat="36.351724" lon="127.200662"><ele>760.8</ele><time>2026-09-23T15:33:33.510Z</time></trkpt>
      <trkpt lat="36.351638" lon="127.200705"><ele>760.8</ele><time>2026-09-23T15:33:48.355Z</time></trkpt>
      <trkpt lat="36.351541" lon="127.200737"><ele>761.1</ele><time>2026-09-23T15:34:04.426Z</time></trkpt>
      <trkpt lat="36.351413" lon="127.200766"><ele>758.1</ele><time>2026-09-23T15:34:25.260Z</time></trkpt>
      <trkpt lat="36.351292" lon="127.200760"><ele>754.7</ele><time>2026-09-23T15:34:44.650Z</time></trkpt>
      <trkpt lat="36.351259" lon="127.200844"><ele>751.6</ele><time>2026-09-23T15:34:56.702Z</time></trkpt>
      <trkpt lat="36.351300" lon="127.200926"><ele>749.3</ele><time>2026-09-23T15:35:09.149Z</time></trkpt>
      <trkpt lat="36.351366" lon="127.200995"><ele>746.5</ele><time>2026-09-23T15:35:22.965Z</time></trkpt>
      <trkpt lat="36.351427" lon="127.201074"><ele>746.9</ele><time>2026-09-23T15:35:37.078Z</time></trkpt>
      <trkpt lat="36.351480" lon="127.201169"><ele>747.3</ele><time>2026-09-23T15:35:51.982Z</time></trkpt>
      <trkpt lat="36.351508" lon="127.201263"><ele>747.8</ele><time>2026-09-23T15:36:04.906Z</time></trkpt>
      <trkpt lat="36.351509" lon="127.201363"><ele>748.4</ele><time>2026-09-23T15:36:17.803Z</time></trkpt>
      <trkpt lat="36.351494" lon="127.201473"><ele>748.9</ele><time>2026-09-23T15:36:32.191Z</time></trkpt>
      <trkpt lat="36.351516" lon="127.201576"><ele>749.5</ele><time>2026-09-23T15:36:45.933Z</time></trkpt>
      <trkpt lat="36.351564" lon="127.201668"><ele>750.1</ele><time>2026-09-23T15:37:00.069Z</time></trkpt>
      <trkpt lat="36.351613" lon="127.201763"><ele>750.6</ele><time>2026-09-23T15:37:14.618Z</time></trkpt>
      <trkpt lat="36.351653" lon="127.201868"><ele>751.1</ele><time>2026-09-23T15:37:29.597Z</time></trkpt>
      <trkpt lat="36.351672" lon="127.201985"><ele>751.4</ele><time>2026-09-23T15:37:44.989Z</time></trkpt>
      <trkpt lat="36.351714" lon="127.202070"><ele>751.7</ele><time>2026-09-23T15:37:57.849Z</time></trkpt>
      <trkpt lat="36.351770" lon="127.202139"><ele>751.8</ele><time>2026-09-23T15:38:10.482Z</time></trkpt>
      <trkpt lat="36.351831" lon="127.202207"><ele>751.9</ele><time>2026-09-23T15:38:23.608Z</time></trkpt>
      <trkpt lat="36.351881" lon="127.202299"><ele>751.9</ele><time>2026-09-23T15:38:37.921Z</time></trkpt>
      <trkpt lat="36.351935" lon="127.202389"><ele>751.9</ele><time>2026-09-23T15:38:52.394Z</time></trkpt>
      <trkpt lat="36.351996" lon="127.202460"><ele>751.9</ele><time>2026-09-23T15:39:05.782Z</time></trkpt>
      <trkpt lat="36.352052" lon="127.202524"><ele>751.7</ele><time>2026-09-23T15:39:17.969Z</time></trkpt>
      <trkpt lat="36.352067" lon="127.202599"><ele>751.5</ele><time>2026-09-23T15:39:27.934Z</time></trkpt>
      <trkpt lat="36.352063" lon="127.202689"><ele>751.0</ele><time>2026-09-23T15:39:39.559Z</time></trkpt>
      <trkpt lat="36.352036" lon="127.202778"><ele>750.1</ele><time>2026-09-23T15:39:51.823Z</time></trkpt>
      <trkpt lat="36.352028" lon="127.202870"><ele>748.8</ele><time>2026-09-23T15:40:03.756Z</time></trkpt>
      <trkpt lat="36.352048" lon="127.202974"><ele>747.0</ele><time>2026-09-23T15:40:17.545Z</time></trkpt>
      <trkpt lat="36.352107" lon="127.203053"><ele>744.7</ele><time>2026-09-23T15:40:31.439Z</time></trkpt>
      <trkpt lat="36.352179" lon="127.203131"><ele>741.9</ele><time>2026-09-23T15:40:46.739Z</time></trkpt>
      <trkpt lat="36.352227" lon="127.203190"><ele>738.7</ele><time>2026-09-23T15:40:57.554Z</time></trkpt>
      <trkpt lat="36.352265" lon="127.203265"><ele>735.3</ele><time>2026-09-23T15:41:08.981Z</time></trkpt>
      <trkpt lat="36.352274" lon="127.203333"><ele>731.5</ele><time>2026-09-23T15:41:17.868Z</time></trkpt>
      <trkpt lat="36.352299" lon="127.203407"><ele>727.4</ele><time>2026-09-23T15:41:28.216Z</time></trkpt>
      <trkpt lat="36.352283" lon="127.203481"><ele>722.9</ele><time>2026-09-23T15:41:38.097Z</time></trkpt>
      <trkpt lat="36.352287" lon="127.203561"><ele>717.9</ele><time>2026-09-23T15:41:48.434Z</time></trkpt>
      <trkpt lat="36.352294" lon="127.203635"><ele>712.4</ele><time>2026-09-23T15:41:58.042Z</time></trkpt>
      <trkpt lat="36.352304" lon="127.203725"><ele>706.4</ele><time>2026-09-23T15:42:09.758Z</time></trkpt>
      <trkpt lat="36.352300" lon="127.203818"><ele>700.2</ele><time>2026-09-23T15:42:21.769Z</time></trkpt>
      <trkpt lat="36.352295" lon="127.203918"><ele>693.8</ele><time>2026-09-23T15:42:34.689Z</time></trkpt>
      <trkpt lat="36.352329" lon="127.204016"><ele>687.3</ele><time>2026-09-23T15:42:48.450Z</time></trkpt>
      <trkpt lat="36.352372" lon="127.204114"><ele>680.8</ele><time>2026-09-23T15:43:02.842Z</time></trkpt>
      <trkpt lat="36.352422" lon="127.204231"><ele>674.5</ele><time>2026-09-23T15:43:19.923Z</time></trkpt>
      <trkpt lat="36.352472" lon="127.204349"><ele>668.5</ele><time>2026-09-23T15:43:37.117Z</time></trkpt>
      <trkpt lat="36.352489" lon="127.204427"><ele>663.0</ele><time>2026-09-23T15:43:47.538Z</time></trkpt>
      <trkpt lat="36.352500" lon="127.204496"><ele>658.2</ele><time>2026-09-23T15:43:56.609Z</time></trkpt>
      <trkpt lat="36.352502" lon="127.204575"><ele>654.2</ele><time>2026-09-23T15:44:06.802Z</time></trkpt>
      <trkpt lat="36.352517" lon="127.204705"><ele>650.8</ele><time>2026-09-23T15:44:23.737Z</time></trkpt>
      <trkpt lat="36.352497" lon="127.204765"><ele>647.9</ele><time>2026-09-23T15:44:32.112Z</time></trkpt>
      <trkpt lat="36.352463" lon="127.204830"><ele>645.4</ele><time>2026-09-23T15:44:42.107Z</time></trkpt>
      <trkpt lat="36.352463" lon="127.204888"><ele>643.1</ele><time>2026-09-23T15:44:49.586Z</time></trkpt>
      <trkpt lat="36.352485" lon="127.205011"><ele>640.8</ele><time>2026-09-23T15:45:05.835Z</time></trkpt>
      <trkpt lat="36.352485" lon="127.205089"><ele>638.7</ele><time>2026-09-23T15:45:15.893Z</time></trkpt>
      <trkpt lat="36.352448" lon="127.205158"><ele>636.7</ele><time>2026-09-23T15:45:26.583Z</time></trkpt>
      <trkpt lat="36.352434" lon="127.205210"><ele>634.7</ele><time>2026-09-23T15:45:33.654Z</time></trkpt>
      <trkpt lat="36.352454" lon="127.205298"><ele>632.6</ele><time>2026-09-23T15:45:45.446Z</time></trkpt>
      <trkpt lat="36.352516" lon="127.205376"><ele>630.6</ele><time>2026-09-23T15:45:59.578Z</time></trkpt>
      <trkpt lat="36.352566" lon="127.205472"><ele>628.4</ele><time>2026-09-23T15:46:14.322Z</time></trkpt>
      <trkpt lat="36.352605" lon="127.205574"><ele>626.0</ele><time>2026-09-23T15:46:28.882Z</time></trkpt>
      <trkpt lat="36.352646" lon="127.205688"><ele>623.7</ele><time>2026-09-23T15:46:44.983Z</time></trkpt>
      <trkpt lat="36.352686" lon="127.205795"><ele>621.4</ele><time>2026-09-23T15:47:00.196Z</time></trkpt>
      <trkpt lat="36.352738" lon="127.205897"><ele>619.1</ele><time>2026-09-23T15:47:15.763Z</time></trkpt>
      <trkpt lat="36.352786" lon="127.205992"><ele>616.9</ele><time>2026-09-23T15:47:30.225Z</time></trkpt>
      <trkpt lat="36.352812" lon="127.206083"><ele>614.8</ele><time>2026-09-23T15:47:42.677Z</time></trkpt>
      <trkpt lat="36.352833" lon="127.206169"><ele>612.7</ele><time>2026-09-23T15:47:54.266Z</time></trkpt>
      <trkpt lat="36.352851" lon="127.206256"><ele>610.6</ele><time>2026-09-23T15:48:05.850Z</time></trkpt>
      <trkpt lat="36.352903" lon="127.206316"><ele>608.4</ele><time>2026-09-23T15:48:17.216Z</time></trkpt>
      <trkpt lat="36.352966" lon="127.206374"><ele>606.1</ele><time>2026-09-23T15:48:29.774Z</time></trkpt>
      <trkpt lat="36.353022" lon="127.206435"><ele>603.7</ele><time>2026-09-23T15:48:41.703Z</time></trkpt>
      <trkpt lat="36.353057" lon="127.206538"><ele>601.1</ele><time>2026-09-23T15:48:56.119Z</time></trkpt>
      <trkpt lat="36.353079" lon="127.206646"><ele>598.4</ele><time>2026-09-23T15:49:10.485Z</time></trkpt>
      <trkpt lat="36.353080" lon="127.206749"><ele>595.4</ele><time>2026-09-23T15:49:23.769Z</time></trkpt>
      <trkpt lat="36.353072" lon="127.206848"><ele>592.1</ele><time>2026-09-23T15:49:36.600Z</time></trkpt>
      <trkpt lat="36.353049" lon="127.206949"><ele>588.5</ele><time>2026-09-23T15:49:50.135Z</time></trkpt>
      <trkpt lat="36.353037" lon="127.207066"><ele>584.7</ele><time>2026-09-23T15:50:05.345Z</time></trkpt>
      <trkpt lat="36.353017" lon="127.207182"><ele>580.8</ele><time>2026-09-23T15:50:20.643Z</time></trkpt>
      <trkpt lat="36.353000" lon="127.207299"><ele>576.8</ele><time>2026-09-23T15:50:35.975Z</time></trkpt>
      <trkpt lat="36.352959" lon="127.207401"><ele>572.8</ele><time>2026-09-23T15:50:50.676Z</time></trkpt>
      <trkpt lat="36.352899" lon="127.207478"><ele>569.0</ele><time>2026-09-23T15:51:04.492Z</time></trkpt>
      <trkpt lat="36.352843" lon="127.207558"><ele>565.2</ele><time>2026-09-23T15:51:18.161Z</time></trkpt>
      <trkpt lat="36.352811" lon="127.207652"><ele>561.5</ele><time>2026-09-23T15:51:31.322Z</time></trkpt>
      <trkpt lat="36.352791" lon="127.207768"><ele>557.9</ele><time>2026-09-23T15:51:46.620Z</time></trkpt>
      <trkpt lat="36.352775" lon="127.207886"><ele>554.4</ele><time>2026-09-23T15:52:02.051Z</time></trkpt>
      <trkpt lat="36.352781" lon="127.208000"><ele>551.0</ele><time>2026-09-23T15:52:16.784Z</time></trkpt>
      <trkpt lat="36.352828" lon="127.208098"><ele>547.8</ele><time>2026-09-23T15:52:31.493Z</time></trkpt>
      <trkpt lat="36.352908" lon="127.208179"><ele>544.8</ele><time>2026-09-23T15:52:48.021Z</time></trkpt>
      <trkpt lat="36.352996" lon="127.208240"><ele>542.0</ele><time>2026-09-23T15:53:04.159Z</time></trkpt>
      <trkpt lat="36.353056" lon="127.208317"><ele>539.4</ele><time>2026-09-23T15:53:17.976Z</time></trkpt>
      <trkpt lat="36.353074" lon="127.208407"><ele>537.1</ele><time>2026-09-23T15:53:29.935Z</time></trkpt>
      <trkpt lat="36.353042" lon="127.208510"><ele>534.8</ele><time>2026-09-23T15:53:44.171Z</time></trkpt>
      <trkpt lat="36.352993" lon="127.208608"><ele>532.7</ele><time>2026-09-23T15:53:59.046Z</time></trkpt>
      <trkpt lat="36.352940" lon="127.208704"><ele>530.6</ele><time>2026-09-23T15:54:14.056Z</time></trkpt>
      <trkpt lat="36.352892" lon="127.208801"><ele>528.7</ele><time>2026-09-23T15:54:28.737Z</time></trkpt>
      <trkpt lat="36.352836" lon="127.208907"><ele>526.8</ele><time>2026-09-23T15:54:45.085Z</time></trkpt>
      <trkpt lat="36.352770" lon="127.208998"><ele>525.0</ele><time>2026-09-23T15:55:00.878Z</time></trkpt>
      <trkpt lat="36.352704" lon="127.209091"><ele>523.3</ele><time>2026-09-23T15:55:16.863Z</time></trkpt>
      <trkpt lat="36.352655" lon="127.209173"><ele>521.7</ele><time>2026-09-23T15:55:30.030Z</time></trkpt>
      <trkpt lat="36.352607" lon="127.209219"><ele>520.2</ele><time>2026-09-23T15:55:39.739Z</time></trkpt>
      <trkpt lat="36.352552" lon="127.209210"><ele>518.7</ele><time>2026-09-23T15:55:48.622Z</time></trkpt>
      <trkpt lat="36.352494" lon="127.209197"><ele>517.3</ele><time>2026-09-23T15:55:58.059Z</time></trkpt>
      <trkpt lat="36.352481" lon="127.209226"><ele>515.8</ele><time>2026-09-23T15:56:02.339Z</time></trkpt>
      <trkpt lat="36.352487" lon="127.209303"><ele>514.1</ele><time>2026-09-23T15:56:12.315Z</time></trkpt>
      <trkpt lat="36.352490" lon="127.209387"><ele>512.2</ele><time>2026-09-23T15:56:23.158Z</time></trkpt>
      <trkpt lat="36.352441" lon="127.209462"><ele>509.8</ele><time>2026-09-23T15:56:35.612Z</time></trkpt>
      <trkpt lat="36.352364" lon="127.209522"><ele>507.1</ele><time>2026-09-23T15:56:50.169Z</time></trkpt>
      <trkpt lat="36.352290" lon="127.209588"><ele>504.0</ele><time>2026-09-23T15:57:04.758Z</time></trkpt>
      <trkpt lat="36.352215" lon="127.209651"><ele>500.6</ele><time>2026-09-23T15:57:19.257Z</time></trkpt>
      <trkpt lat="36.352145" lon="127.209724"><ele>496.9</ele><time>2026-09-23T15:57:33.894Z</time></trkpt>
      <trkpt lat="36.352092" lon="127.209793"><ele>493.1</ele><time>2026-09-23T15:57:46.190Z</time></trkpt>
      <trkpt lat="36.352039" lon="127.209855"><ele>489.4</ele><time>2026-09-23T15:57:57.850Z</time></trkpt>
      <trkpt lat="36.352010" lon="127.209862"><ele>485.8</ele><time>2026-09-23T15:58:02.580Z</time></trkpt>
      <trkpt lat="36.351947" lon="127.209830"><ele>482.4</ele><time>2026-09-23T15:58:13.479Z</time></trkpt>
      <trkpt lat="36.351919" lon="127.209833"><ele>479.0</ele><time>2026-09-23T15:58:17.979Z</time></trkpt>
      <trkpt lat="36.351867" lon="127.209881"><ele>475.7</ele><time>2026-09-23T15:58:28.355Z</time></trkpt>
      <trkpt lat="36.351814" lon="127.209946"><ele>472.3</ele><time>2026-09-23T15:58:40.283Z</time></trkpt>
      <trkpt lat="36.351741" lon="127.210000"><ele>469.0</ele><time>2026-09-23T15:58:53.889Z</time></trkpt>
      <trkpt lat="36.351683" lon="127.210083"><ele>465.6</ele><time>2026-09-23T15:59:08.060Z</time></trkpt>
      <trkpt lat="36.351631" lon="127.210175"><ele>462.3</ele><time>2026-09-23T15:59:22.554Z</time></trkpt>
      <trkpt lat="36.351580" lon="127.210269"><ele>459.0</ele><time>2026-09-23T15:59:37.171Z</time></trkpt>
      <trkpt lat="36.351522" lon="127.210354"><ele>455.9</ele><time>2026-09-23T15:59:51.537Z</time></trkpt>
      <trkpt lat="36.351472" lon="127.210448"><ele>452.8</ele><time>2026-09-23T16:00:06.065Z</time></trkpt>
      <trkpt lat="36.351414" lon="127.210529"><ele>449.8</ele><time>2026-09-23T16:00:20.042Z</time></trkpt>
      <trkpt lat="36.351356" lon="127.210621"><ele>446.9</ele><time>2026-09-23T16:00:35.109Z</time></trkpt>
      <trkpt lat="36.351285" lon="127.210707"><ele>444.0</ele><time>2026-09-23T16:00:50.991Z</time></trkpt>
      <trkpt lat="36.351202" lon="127.210798"><ele>441.2</ele><time>2026-09-23T16:01:08.721Z</time></trkpt>
      <trkpt lat="36.351111" lon="127.210869"><ele>438.4</ele><time>2026-09-23T16:01:25.930Z</time></trkpt>
      <trkpt lat="36.351039" lon="127.210954"><ele>435.7</ele><time>2026-09-23T16:01:41.838Z</time></trkpt>
      <trkpt lat="36.350991" lon="127.211048"><ele>433.0</ele><time>2026-09-23T16:01:56.192Z</time></trkpt>
      <trkpt lat="36.350974" lon="127.211168"><ele>430.2</ele><time>2026-09-23T16:02:11.905Z</time></trkpt>
      <trkpt lat="36.350975" lon="127.211282"><ele>427.5</ele><time>2026-09-23T16:02:26.607Z</time></trkpt>
      <trkpt lat="36.350995" lon="127.211395"><ele>424.9</ele><time>2026-09-23T16:02:41.528Z</time></trkpt>
      <trkpt lat="36.351033" lon="127.211501"><ele>422.4</ele><time>2026-09-23T16:02:56.490Z</time></trkpt>
      <trkpt lat="36.351076" lon="127.211606"><ele>420.0</ele><time>2026-09-23T16:03:11.681Z</time></trkpt>
      <trkpt lat="36.351123" lon="127.211711"><ele>417.8</ele><time>2026-09-23T16:03:27.173Z</time></trkpt>
      <trkpt lat="36.351168" lon="127.211815"><ele>415.7</ele><time>2026-09-23T16:03:42.398Z</time></trkpt>
      <trkpt lat="36.351213" lon="127.211920"><ele>413.8</ele><time>2026-09-23T16:03:57.737Z</time></trkpt>
      <trkpt lat="36.351262" lon="127.212021"><ele>411.9</ele><time>2026-09-23T16:04:12.942Z</time></trkpt>
      <trkpt lat="36.351308" lon="127.212125"><ele>410.1</ele><time>2026-09-23T16:04:28.244Z</time></trkpt>
      <trkpt lat="36.351363" lon="127.212222"><ele>408.4</ele><time>2026-09-23T16:04:43.542Z</time></trkpt>
      <trkpt lat="36.351425" lon="127.212313"><ele>406.8</ele><time>2026-09-23T16:04:58.913Z</time></trkpt>
      <trkpt lat="36.351487" lon="127.212405"><ele>405.3</ele><time>2026-09-23T16:05:14.383Z</time></trkpt>
      <trkpt lat="36.351547" lon="127.212496"><ele>403.9</ele><time>2026-09-23T16:05:29.549Z</time></trkpt>
      <trkpt lat="36.351600" lon="127.212592"><ele>402.7</ele><time>2026-09-23T16:05:44.559Z</time></trkpt>
      <trkpt lat="36.351654" lon="127.212684"><ele>401.5</ele><time>2026-09-23T16:05:59.240Z</time></trkpt>
      <trkpt lat="36.351699" lon="127.212790"><ele>400.3</ele><time>2026-09-23T16:06:14.692Z</time></trkpt>
      <trkpt lat="36.351738" lon="127.212900"><ele>399.2</ele><time>2026-09-23T16:06:30.192Z</time></trkpt>
      <trkpt lat="36.351778" lon="127.213018"><ele>398.2</ele><time>2026-09-23T16:06:46.702Z</time></trkpt>
      <trkpt lat="36.351813" lon="127.213134"><ele>397.2</ele><time>2026-09-23T16:07:02.676Z</time></trkpt>
      <trkpt lat="36.351838" lon="127.213262"><ele>396.2</ele><time>2026-09-23T16:07:19.662Z</time></trkpt>
      <trkpt lat="36.351854" lon="127.213384"><ele>395.3</ele><time>2026-09-23T16:07:35.602Z</time></trkpt>
      <trkpt lat="36.351871" lon="127.213502"><ele>394.4</ele><time>2026-09-23T16:07:51.061Z</time></trkpt>
      <trkpt lat="36.351897" lon="127.213610"><ele>393.4</ele><time>2026-09-23T16:08:05.598Z</time></trkpt>
      <trkpt lat="36.351916" lon="127.213720"><ele>392.3</ele><time>2026-09-23T16:08:20.106Z</time></trkpt>
      <trkpt lat="36.351925" lon="127.213834"><ele>391.0</ele><time>2026-09-23T16:08:34.878Z</time></trkpt>
      <trkpt lat="36.351930" lon="127.213956"><ele>389.5</ele><time>2026-09-23T16:08:50.631Z</time></trkpt>
      <trkpt lat="36.351948" lon="127.214082"><ele>387.8</ele><time>2026-09-23T16:09:07.134Z</time></trkpt>
      <trkpt lat="36.351983" lon="127.214195"><ele>385.9</ele><time>2026-09-23T16:09:22.747Z</time></trkpt>
      <trkpt lat="36.352031" lon="127.214302"><ele>383.8</ele><time>2026-09-23T16:09:38.541Z</time></trkpt>
      <trkpt lat="36.352087" lon="127.214404"><ele>381.6</ele><time>2026-09-23T16:09:54.461Z</time></trkpt>
      <trkpt lat="36.352126" lon="127.214512"><ele>379.3</ele><time>2026-09-23T16:10:09.724Z</time></trkpt>
      <trkpt lat="36.352143" lon="127.214623"><ele>377.0</ele><time>2026-09-23T16:10:24.295Z</time></trkpt>
      <trkpt lat="36.352140" lon="127.214739"><ele>374.6</ele><time>2026-09-23T16:10:39.262Z</time></trkpt>
      <trkpt lat="36.352136" lon="127.214858"><ele>372.2</ele><time>2026-09-23T16:10:54.622Z</time></trkpt>
      <trkpt lat="36.352144" lon="127.214972"><ele>369.8</ele><time>2026-09-23T16:11:09.379Z</time></trkpt>
      <trkpt lat="36.352153" lon="127.215085"><ele>367.4</ele><time>2026-09-23T16:11:24.022Z</time></trkpt>
      <trkpt lat="36.352175" lon="127.215202"><ele>364.8</ele><time>2026-09-23T16:11:39.516Z</time></trkpt>
      <trkpt lat="36.352196" lon="127.215320"><ele>362.3</ele><time>2026-09-23T16:11:55.101Z</time></trkpt>
      <trkpt lat="36.352209" lon="127.215435"><ele>359.7</ele><time>2026-09-23T16:12:10.076Z</time></trkpt>
      <trkpt lat="36.352211" lon="127.215556"><ele>357.0</ele><time>2026-09-23T16:12:25.684Z</time></trkpt>
      <trkpt lat="36.352205" lon="127.215679"><ele>354.6</ele><time>2026-09-23T16:12:41.575Z</time></trkpt>
      <trkpt lat="36.352211" lon="127.215808"><ele>352.2</ele><time>2026-09-23T16:12:58.238Z</time></trkpt>
      <trkpt lat="36.352217" lon="127.215924"><ele>350.1</ele><time>2026-09-23T16:13:13.228Z</time></trkpt>
      <trkpt lat="36.352245" lon="127.216030"><ele>348.1</ele><time>2026-09-23T16:13:27.615Z</time></trkpt>
      <trkpt lat="36.352279" lon="127.216143"><ele>346.3</ele><time>2026-09-23T16:13:43.171Z</time></trkpt>
      <trkpt lat="36.352334" lon="127.216256"><ele>344.5</ele><time>2026-09-23T16:14:00.197Z</time></trkpt>
      <trkpt lat="36.352390" lon="127.216373"><ele>342.9</ele><time>2026-09-23T16:14:17.749Z</time></trkpt>
      <trkpt lat="36.352453" lon="127.216474"><ele>341.3</ele><time>2026-09-23T16:14:34.223Z</time></trkpt>
      <trkpt lat="36.352511" lon="127.216573"><ele>339.8</ele><time>2026-09-23T16:14:50.011Z</time></trkpt>
      <trkpt lat="36.352566" lon="127.216670"><ele>338.3</ele><time>2026-09-23T16:15:05.309Z</time></trkpt>
      <trkpt lat="36.352609" lon="127.216774"><ele>337.0</ele><time>2026-09-23T16:15:20.385Z</time></trkpt>
      <trkpt lat="36.352644" lon="127.216884"><ele>335.7</ele><time>2026-09-23T16:15:35.637Z</time></trkpt>
      <trkpt lat="36.352675" lon="127.217005"><ele>334.4</ele><time>2026-09-23T16:15:52.012Z</time></trkpt>
      <trkpt lat="36.352719" lon="127.217121"><ele>333.3</ele><time>2026-09-23T16:16:08.547Z</time></trkpt>
      <trkpt lat="36.352767" lon="127.217227"><ele>332.1</ele><time>2026-09-23T16:16:24.229Z</time></trkpt>
      <trkpt lat="36.352810" lon="127.217330"><ele>331.1</ele><time>2026-09-23T16:16:39.190Z</time></trkpt>
      <trkpt lat="36.352850" lon="127.217433"><ele>330.0</ele><time>2026-09-23T16:16:53.936Z</time></trkpt>
      <trkpt lat="36.352874" lon="127.217544"><ele>329.0</ele><time>2026-09-23T16:17:08.758Z</time></trkpt>
      <trkpt lat="36.352893" lon="127.217663"><ele>328.0</ele><time>2026-09-23T16:17:24.402Z</time></trkpt>
      <trkpt lat="36.352902" lon="127.217784"><ele>327.0</ele><time>2026-09-23T16:17:40.073Z</time></trkpt>
      <trkpt lat="36.352915" lon="127.217912"><ele>326.0</ele><time>2026-09-23T16:17:56.710Z</time></trkpt>
      <trkpt lat="36.352924" lon="127.218031"><ele>325.0</ele><time>2026-09-23T16:18:12.124Z</time></trkpt>
      <trkpt lat="36.352939" lon="127.218150"><ele>324.1</ele><time>2026-09-23T16:18:27.656Z</time></trkpt>
      <trkpt lat="36.352956" lon="127.218269"><ele>323.1</ele><time>2026-09-23T16:18:43.242Z</time></trkpt>
      <trkpt lat="36.352977" lon="127.218391"><ele>322.2</ele><time>2026-09-23T16:18:59.330Z</time></trkpt>
      <trkpt lat="36.352990" lon="127.218520"><ele>321.2</ele><time>2026-09-23T16:19:16.096Z</time></trkpt>
      <trkpt lat="36.353002" lon="127.218641"><ele>320.2</ele><time>2026-09-23T16:19:31.817Z</time></trkpt>
      <trkpt lat="36.353016" lon="127.218775"><ele>319.3</ele><time>2026-09-23T16:19:49.242Z</time></trkpt>
      <trkpt lat="36.353034" lon="127.218913"><ele>318.3</ele><time>2026-09-23T16:20:07.271Z</time></trkpt>
      <trkpt lat="36.353050" lon="127.219062"><ele>317.4</ele><time>2026-09-23T16:20:26.655Z</time></trkpt>
      <trkpt lat="36.353064" lon="127.219196"><ele>316.5</ele><time>2026-09-23T16:20:44.081Z</time></trkpt>
      <trkpt lat="36.353077" lon="127.219331"><ele>315.6</ele><time>2026-09-23T16:21:01.614Z</time></trkpt>
      <trkpt lat="36.353082" lon="127.219454"><ele>314.8</ele><time>2026-09-23T16:21:17.496Z</time></trkpt>
      <trkpt lat="36.353081" lon="127.219580"><ele>314.1</ele><time>2026-09-23T16:21:33.745Z</time></trkpt>
      <trkpt lat="36.353079" lon="127.219700"><ele>313.8</ele><time>2026-09-23T16:21:49.224Z</time></trkpt>
      <trkpt lat="36.353083" lon="127.219826"><ele>313.4</ele><time>2026-09-23T16:22:05.485Z</time></trkpt>
      <trkpt lat="36.353108" lon="127.219853"><time>2026-09-23T16:22:10.790Z</time></trkpt>
      <trkpt lat="36.353218" lon="127.219881"><time>2026-09-23T16:22:28.770Z</time></trkpt>
      <trkpt lat="36.353087" lon="127.219974"><time>2026-09-23T16:22:52.932Z</time></trkpt>
      <trkpt lat="36.353065" lon="127.220420"><time>2026-09-23T16:23:50.555Z</time></trkpt>
      <trkpt lat="36.353064" lon="127.220446"><time>2026-09-23T16:23:53.912Z</time></trkpt>
      <trkpt lat="36.353083" lon="127.220999"><time>2026-09-23T16:25:05.291Z</time></trkpt>
      <trkpt lat="36.353112" lon="127.221104"><time>2026-09-23T16:25:19.605Z</time></trkpt>
      <trkpt lat="36.353115" lon="127.221409"><time>2026-09-23T16:25:58.940Z</time></trkpt>
      <trkpt lat="36.353100" lon="127.221448"><time>2026-09-23T16:26:04.514Z</time></trkpt>
      <trkpt lat="36.353077" lon="127.221505"><time>2026-09-23T16:26:12.735Z</time></trkpt>
      <trkpt lat="36.353002" lon="127.221706"><time>2026-09-23T16:26:41.303Z</time></trkpt>
      <trkpt lat="36.352925" lon="127.222243"><time>2026-09-23T16:27:51.642Z</time></trkpt>
      <trkpt lat="36.352930" lon="127.222419"><time>2026-09-23T16:28:14.353Z</time></trkpt>
      <trkpt lat="36.352998" lon="127.222603"><time>2026-09-23T16:28:40.460Z</time></trkpt>
      <trkpt lat="36.353064" lon="127.222691"><time>2026-09-23T16:28:55.967Z</time></trkpt>
      <trkpt lat="36.353272" lon="127.222814"><time>2026-09-23T16:29:32.856Z</time></trkpt>
      <trkpt lat="36.353499" lon="127.222891"><time>2026-09-23T16:30:10.536Z</time></trkpt>
      <trkpt lat="36.353830" lon="127.223071"><time>2026-09-23T16:31:08.396Z</time></trkpt>
      <trkpt lat="36.354102" lon="127.223485"><time>2026-09-23T16:32:17.295Z</time></trkpt>
      <trkpt lat="36.354247" lon="127.223763"><time>2026-09-23T16:33:00.007Z</time></trkpt>
      <trkpt lat="36.354376" lon="127.224107"><time>2026-09-23T16:33:48.941Z</time></trkpt>
      <trkpt lat="36.354479" lon="127.224415"><time>2026-09-23T16:34:31.947Z</time></trkpt>
      <trkpt lat="36.354473" lon="127.224675"><time>2026-09-23T16:35:05.489Z</time></trkpt>
      <trkpt lat="36.354461" lon="127.224971"><time>2026-09-23T16:35:43.709Z</time></trkpt>
      <trkpt lat="36.354408" lon="127.225178"><time>2026-09-23T16:36:11.719Z</time></trkpt>
      <trkpt lat="36.354390" lon="127.225397"><time>2026-09-23T16:36:40.107Z</time></trkpt>
      <trkpt lat="36.354457" lon="127.225845"><time>2026-09-23T16:37:38.867Z</time></trkpt>
      <trkpt lat="36.354523" lon="127.226187"><time>2026-09-23T16:38:24.218Z</time></trkpt>
      <trkpt lat="36.354606" lon="127.226487"><time>2026-09-23T16:39:05.124Z</time></trkpt>
      <trkpt lat="36.354814" lon="127.227001"><time>2026-09-23T16:40:19.304Z</time></trkpt>
      <trkpt lat="36.354880" lon="127.227285"><time>2026-09-23T16:40:57.421Z</time></trkpt>
      <trkpt lat="36.354866" lon="127.227550"><time>2026-09-23T16:41:31.668Z</time></trkpt>
      <trkpt lat="36.354962" lon="127.227809"><time>2026-09-23T16:42:08.434Z</time></trkpt>
      <trkpt lat="36.355097" lon="127.228098"><time>2026-09-23T16:42:51.518Z</time></trkpt>
      <trkpt lat="36.355238" lon="127.228313"><time>2026-09-23T16:43:27.272Z</time></trkpt>
      <trkpt lat="36.355344" lon="127.228485"><time>2026-09-23T16:43:55.202Z</time></trkpt>
      <trkpt lat="36.355401" lon="127.228687"><time>2026-09-23T16:44:22.803Z</time></trkpt>
      <trkpt lat="36.355587" lon="127.228960"><time>2026-09-23T16:45:08.915Z</time></trkpt>
      <trkpt lat="36.355768" lon="127.229182"><time>2026-09-23T16:45:49.652Z</time></trkpt>
      <trkpt lat="36.355830" lon="127.229402"><time>2026-09-23T16:46:19.709Z</time></trkpt>
      <trkpt lat="36.355850" lon="127.229483"><time>2026-09-23T16:46:30.634Z</time></trkpt>
      <trkpt lat="36.355855" lon="127.229676"><time>2026-09-23T16:46:55.535Z</time></trkpt>
      <trkpt lat="36.355907" lon="127.229853"><time>2026-09-23T16:47:19.831Z</time></trkpt>
      <trkpt lat="36.355916" lon="127.229993"><time>2026-09-23T16:47:37.942Z</time></trkpt>
      <trkpt lat="36.355921" lon="127.230204"><time>2026-09-23T16:48:05.162Z</time></trkpt>
      <trkpt lat="36.355926" lon="127.230278"><time>2026-09-23T16:48:14.739Z</time></trkpt>
      <trkpt lat="36.356030" lon="127.230733"><time>2026-09-23T16:49:15.730Z</time></trkpt>
      <trkpt lat="36.356021" lon="127.230824"><time>2026-09-23T16:49:27.552Z</time></trkpt>
      <trkpt lat="36.356091" lon="127.231004"><time>2026-09-23T16:49:53.329Z</time></trkpt>
      <trkpt lat="36.356207" lon="127.231197"><time>2026-09-23T16:50:24.383Z</time></trkpt>
      <trkpt lat="36.356510" lon="127.231622"><time>2026-09-23T16:51:37.578Z</time></trkpt>
      <trkpt lat="36.356732" lon="127.231821"><time>2026-09-23T16:52:21.419Z</time></trkpt>
      <trkpt lat="36.356879" lon="127.231889"><time>2026-09-23T16:52:46.537Z</time></trkpt>
      <trkpt lat="36.357057" lon="127.232144"><time>2026-09-23T16:53:30.053Z</time></trkpt>
      <trkpt lat="36.357164" lon="127.232384"><time>2026-09-23T16:54:05.427Z</time></trkpt>
      <trkpt lat="36.357208" lon="127.232565"><time>2026-09-23T16:54:29.807Z</time></trkpt>
      <trkpt lat="36.357207" lon="127.232683"><time>2026-09-23T16:54:45.024Z</time></trkpt>
      <trkpt lat="36.357206" lon="127.232729"><time>2026-09-23T16:54:50.958Z</time></trkpt>
      <trkpt lat="36.357113" lon="127.232999"><time>2026-09-23T16:55:28.826Z</time></trkpt>
      <trkpt lat="36.357128" lon="127.233196"><time>2026-09-23T16:55:54.343Z</time></trkpt>
      <trkpt lat="36.356988" lon="127.233736"><time>2026-09-23T16:57:07.496Z</time></trkpt>
      <trkpt lat="36.356937" lon="127.234190"><time>2026-09-23T16:58:06.607Z</time></trkpt>
      <trkpt lat="36.356942" lon="127.234552"><time>2026-09-23T16:58:53.294Z</time></trkpt>
      <trkpt lat="36.357048" lon="127.234843"><time>2026-09-23T16:59:34.479Z</time></trkpt>
      <trkpt lat="36.357144" lon="127.235145"><time>2026-09-23T17:00:16.346Z</time></trkpt>
      <trkpt lat="36.357295" lon="127.235580"><time>2026-09-23T17:01:17.429Z</time></trkpt>
      <trkpt lat="36.357410" lon="127.235873"><time>2026-09-23T17:01:59.460Z</time></trkpt>
      <trkpt lat="36.357620" lon="127.236353"><time>2026-09-23T17:03:09.900Z</time></trkpt>
      <trkpt lat="36.357837" lon="127.236830"><time>2026-09-23T17:04:20.544Z</time></trkpt>
    </trkseg>
  </trk>
</gpx>