<?xml version="1.0" encoding="UTF-8"?>
<gpx version="1.1" creator="gajago-nav" xmlns="http://www.topografix.com/GPX/1/1">
  <metadata><name>대전 수통골</name></metadata>
  <wpt lat="36.345564" lon="127.289414">
    <name>들머리 (수통골체험학습관 - 원점회귀)</name>
    <ele>131</ele>
  </wpt>
  <wpt lat="36.348987" lon="127.277866">
    <name>최고지점 (538m)</name>
    <ele>538</ele>
  </wpt>
  <wpt lat="36.349030" lon="127.277870">
    <name>도덕봉</name>
    <ele>534</ele>
  </wpt>
  <wpt lat="36.331420" lon="127.268550">
    <name>자티고개</name>
  </wpt>
  <wpt lat="36.345373" lon="127.288952">
    <name>날머리 (원점회귀)</name>
    <ele>129</ele>
  </wpt>
  <trk>
    <name>대전 수통골</name>
    <trkseg>
      <trkpt lat="36.345564" lon="127.289414"><ele>131.4</ele><time>2025-07-05T23:59:21.000Z</time></trkpt>
      <trkpt lat="36.345603" lon="127.289414"><ele>131.2</ele><time>2025-07-05T23:59:25.000Z</time></trkpt>
      <trkpt lat="36.345671" lon="127.289401"><ele>131.2</ele><time>2025-07-05T23:59:30.000Z</time></trkpt>
      <trkpt lat="36.345677" lon="127.289375"><ele>131.4</ele><time>2025-07-05T23:59:31.000Z</time></trkpt>
      <trkpt lat="36.345676" lon="127.289357"><ele>131.4</ele><time>2025-07-05T23:59:32.000Z</time></trkpt>
      <trkpt lat="36.345637" lon="127.289290"><ele>131.4</ele><time>2025-07-05T23:59:37.000Z</time></trkpt>
      <trkpt lat="36.345624" lon="127.289284"><ele>131.4</ele><time>2025-07-05T23:59:38.000Z</time></trkpt>
      <trkpt lat="36.345546" lon="127.289217"><ele>131.2</ele><time>2025-07-05T23:59:44.000Z</time></trkpt>
      <trkpt lat="36.345535" lon="127.289210"><ele>131.2</ele><time>2025-07-05T23:59:45.000Z</time></trkpt>
      <trkpt lat="36.345518" lon="127.289187"><ele>131.2</ele><time>2025-07-05T23:59:47.000Z</time></trkpt>
      <trkpt lat="36.345495" lon="127.289155"><ele>131.0</ele><time>2025-07-05T23:59:49.000Z</time></trkpt>
      <trkpt lat="36.345476" lon="127.289133"><ele>131.0</ele><time>2025-07-05T23:59:51.000Z</time></trkpt>
      <trkpt lat="36.345461" lon="127.289124"><ele>131.0</ele><time>2025-07-05T23:59:53.000Z</time></trkpt>
      <trkpt lat="36.345462" lon="127.289105"><ele>131.0</ele><time>2025-07-05T23:59:54.000Z</time></trkpt>
      <trkpt lat="36.345456" lon="127.289091"><ele>131.0</ele><time>2025-07-05T23:59:55.000Z</time></trkpt>
      <trkpt lat="36.345451" lon="127.289048"><ele>131.0</ele><time>2025-07-05T23:59:57.000Z</time></trkpt>
      <trkpt lat="36.345443" lon="127.289011"><ele>131.0</ele><time>2025-07-05T23:59:59.000Z</time></trkpt>
      <trkpt lat="36.345433" lon="127.288989"><ele>131.0</ele><time>2025-07-06T00:00:00.000Z</time></trkpt>
      <trkpt lat="36.345413" lon="127.289181"><ele>131.0</ele><time>2025-07-06T00:00:02.000Z</time></trkpt>
      <trkpt lat="36.345382" lon="127.289115"><ele>131.2</ele><time>2025-07-06T00:00:07.000Z</time></trkpt>
      <trkpt lat="36.345360" lon="127.289080"><ele>131.4</ele><time>2025-07-06T00:00:10.000Z</time></trkpt>
      <trkpt lat="36.345331" lon="127.289024"><ele>131.4</ele><time>2025-07-06T00:00:15.000Z</time></trkpt>
      <trkpt lat="36.345313" lon="127.288995"><ele>131.4</ele><time>2025-07-06T00:00:17.000Z</time></trkpt>
      <trkpt lat="36.345279" lon="127.288939"><ele>131.4</ele><time>2025-07-06T00:00:21.000Z</time></trkpt>
      <trkpt lat="36.345254" lon="127.288913"><ele>131.6</ele><time>2025-07-06T00:00:23.000Z</time></trkpt>
      <trkpt lat="36.345200" lon="127.288847"><ele>131.8</ele><time>2025-07-06T00:00:27.000Z</time></trkpt>
      <trkpt lat="36.345138" lon="127.288772"><ele>132.0</ele><time>2025-07-06T00:00:34.000Z</time></trkpt>
      <trkpt lat="36.345096" lon="127.288728"><ele>132.4</ele><time>2025-07-06T00:00:40.000Z</time></trkpt>
      <trkpt lat="36.345068" lon="127.288695"><ele>132.8</ele><time>2025-07-06T00:00:43.000Z</time></trkpt>
      <trkpt lat="36.345058" lon="127.288674"><ele>132.8</ele><time>2025-07-06T00:00:45.000Z</time></trkpt>
      <trkpt lat="36.345000" lon="127.288590"><ele>133.4</ele><time>2025-07-06T00:00:51.000Z</time></trkpt>
      <trkpt lat="36.344978" lon="127.288571"><ele>133.4</ele><time>2025-07-06T00:00:53.000Z</time></trkpt>
      <trkpt lat="36.344917" lon="127.288471"><ele>134.0</ele><time>2025-07-06T00:01:01.000Z</time></trkpt>
      <trkpt lat="36.344848" lon="127.288411"><ele>134.2</ele><time>2025-07-06T00:01:08.000Z</time></trkpt>
      <trkpt lat="36.344747" lon="127.288320"><ele>134.2</ele><time>2025-07-06T00:01:17.000Z</time></trkpt>
      <trkpt lat="36.344740" lon="127.288310"><ele>134.2</ele><time>2025-07-06T00:01:18.000Z</time></trkpt>
      <trkpt lat="36.344709" lon="127.288264"><ele>134.4</ele><time>2025-07-06T00:01:22.000Z</time></trkpt>
      <trkpt lat="36.344700" lon="127.288255"><ele>134.6</ele><time>2025-07-06T00:01:23.000Z</time></trkpt>
      <trkpt lat="36.344649" lon="127.288206"><ele>134.8</ele><time>2025-07-06T00:01:29.000Z</time></trkpt>
      <trkpt lat="36.344559" lon="127.288100"><ele>135.2</ele><time>2025-07-06T00:01:39.000Z</time></trkpt>
      <trkpt lat="36.344470" lon="127.287997"><ele>135.4</ele><time>2025-07-06T00:01:49.000Z</time></trkpt>
      <trkpt lat="36.344408" lon="127.287913"><ele>135.6</ele><time>2025-07-06T00:01:57.000Z</time></trkpt>
      <trkpt lat="36.344388" lon="127.287891"><ele>135.6</ele><time>2025-07-06T00:02:00.000Z</time></trkpt>
      <trkpt lat="36.344303" lon="127.287801"><ele>136.0</ele><time>2025-07-06T00:02:09.000Z</time></trkpt>
      <trkpt lat="36.344248" lon="127.287709"><ele>136.2</ele><time>2025-07-06T00:02:16.000Z</time></trkpt>
      <trkpt lat="36.344166" lon="127.287617"><ele>136.4</ele><time>2025-07-06T00:02:27.000Z</time></trkpt>
      <trkpt lat="36.344170" lon="127.287555"><ele>136.6</ele><time>2025-07-06T00:02:32.000Z</time></trkpt>
      <trkpt lat="36.344167" lon="127.287547"><ele>136.6</ele><time>2025-07-06T00:02:33.000Z</time></trkpt>
      <trkpt lat="36.344173" lon="127.287512"><ele>136.6</ele><time>2025-07-06T00:02:40.000Z</time></trkpt>
      <trkpt lat="36.344192" lon="127.287463"><ele>137.2</ele><time>2025-07-06T00:02:46.000Z</time></trkpt>
      <trkpt lat="36.344216" lon="127.287452"><ele>137.6</ele><time>2025-07-06T00:02:50.000Z</time></trkpt>
      <trkpt lat="36.344234" lon="127.287448"><ele>138.4</ele><time>2025-07-06T00:02:54.000Z</time></trkpt>
      <trkpt lat="36.344239" lon="127.287429"><ele>138.6</ele><time>2025-07-06T00:02:58.000Z</time></trkpt>
      <trkpt lat="36.344223" lon="127.287393"><ele>138.6</ele><time>2025-07-06T00:03:02.000Z</time></trkpt>
      <trkpt lat="36.344226" lon="127.287354"><ele>139.2</ele><time>2025-07-06T00:03:12.000Z</time></trkpt>
      <trkpt lat="36.344228" lon="127.287324"><ele>139.8</ele><time>2025-07-06T00:03:15.000Z</time></trkpt>
      <trkpt lat="36.344222" lon="127.287268"><ele>141.0</ele><time>2025-07-06T00:03:21.000Z</time></trkpt>
      <trkpt lat="36.344233" lon="127.287260"><ele>141.6</ele><time>2025-07-06T00:03:23.000Z</time></trkpt>
      <trkpt lat="36.344240" lon="127.287253"><ele>142.0</ele><time>2025-07-06T00:03:25.000Z</time></trkpt>
      <trkpt lat="36.344264" lon="127.287239"><ele>142.8</ele><time>2025-07-06T00:03:29.000Z</time></trkpt>
      <trkpt lat="36.344271" lon="127.287235"><ele>143.0</ele><time>2025-07-06T00:03:30.000Z</time></trkpt>
      <trkpt lat="36.344296" lon="127.287227"><ele>143.4</ele><time>2025-07-06T00:03:33.000Z</time></trkpt>
      <trkpt lat="36.344312" lon="127.287216"><ele>143.8</ele><time>2025-07-06T00:03:35.000Z</time></trkpt>
      <trkpt lat="36.344335" lon="127.287215"><ele>144.2</ele><time>2025-07-06T00:03:37.000Z</time></trkpt>
      <trkpt lat="36.344363" lon="127.287193"><ele>144.8</ele><time>2025-07-06T00:03:41.000Z</time></trkpt>
      <trkpt lat="36.344371" lon="127.287175"><ele>145.2</ele><time>2025-07-06T00:03:43.000Z</time></trkpt>
      <trkpt lat="36.344399" lon="127.287129"><ele>146.2</ele><time>2025-07-06T00:03:49.000Z</time></trkpt>
      <trkpt lat="36.344405" lon="127.287121"><ele>146.4</ele><time>2025-07-06T00:03:50.000Z</time></trkpt>
      <trkpt lat="36.344443" lon="127.287094"><ele>147.4</ele><time>2025-07-06T00:03:56.000Z</time></trkpt>
      <trkpt lat="36.344473" lon="127.287045"><ele>148.4</ele><time>2025-07-06T00:04:03.000Z</time></trkpt>
      <trkpt lat="36.344476" lon="127.287037"><ele>148.6</ele><time>2025-07-06T00:04:04.000Z</time></trkpt>
      <trkpt lat="36.344513" lon="127.286959"><ele>148.6</ele><time>2025-07-06T00:04:13.000Z</time></trkpt>
      <trkpt lat="36.344519" lon="127.286949"><ele>148.8</ele><time>2025-07-06T00:04:15.000Z</time></trkpt>
      <trkpt lat="36.344536" lon="127.286940"><ele>149.6</ele><time>2025-07-06T00:04:18.000Z</time></trkpt>
      <trkpt lat="36.344552" lon="127.286939"><ele>150.2</ele><time>2025-07-06T00:04:21.000Z</time></trkpt>
      <trkpt lat="36.344561" lon="127.286939"><ele>150.4</ele><time>2025-07-06T00:04:22.000Z</time></trkpt>
      <trkpt lat="36.344571" lon="127.286939"><ele>150.6</ele><time>2025-07-06T00:04:23.000Z</time></trkpt>
      <trkpt lat="36.344582" lon="127.286937"><ele>150.8</ele><time>2025-07-06T00:04:24.000Z</time></trkpt>
      <trkpt lat="36.344629" lon="127.286917"><ele>151.8</ele><time>2025-07-06T00:04:30.000Z</time></trkpt>
      <trkpt lat="36.344640" lon="127.286915"><ele>152.4</ele><time>2025-07-06T00:04:33.000Z</time></trkpt>
      <trkpt lat="36.344646" lon="127.286909"><ele>153.0</ele><time>2025-07-06T00:04:36.000Z</time></trkpt>
      <trkpt lat="36.344649" lon="127.286874"><ele>154.0</ele><time>2025-07-06T00:04:42.000Z</time></trkpt>
      <trkpt lat="36.344656" lon="127.286847"><ele>154.6</ele><time>2025-07-06T00:04:46.000Z</time></trkpt>
      <trkpt lat="36.344667" lon="127.286816"><ele>155.0</ele><time>2025-07-06T00:04:50.000Z</time></trkpt>
      <trkpt lat="36.344696" lon="127.286808"><ele>156.0</ele><time>2025-07-06T00:04:57.000Z</time></trkpt>
      <trkpt lat="36.344744" lon="127.286807"><ele>157.2</ele><time>2025-07-06T00:05:04.000Z</time></trkpt>
      <trkpt lat="36.344751" lon="127.286787"><ele>157.8</ele><time>2025-07-06T00:05:09.000Z</time></trkpt>
      <trkpt lat="36.344752" lon="127.286776"><ele>158.4</ele><time>2025-07-06T00:05:11.000Z</time></trkpt>
      <trkpt lat="36.344786" lon="127.286782"><ele>159.4</ele><time>2025-07-06T00:05:19.000Z</time></trkpt>
      <trkpt lat="36.344791" lon="127.286784"><ele>159.8</ele><time>2025-07-06T00:05:21.000Z</time></trkpt>
      <trkpt lat="36.344800" lon="127.286786"><ele>160.0</ele><time>2025-07-06T00:05:26.000Z</time></trkpt>
      <trkpt lat="36.344793" lon="127.286788"><ele>160.0</ele><time>2025-07-06T00:05:28.000Z</time></trkpt>
      <trkpt lat="36.344831" lon="127.286775"><ele>160.6</ele><time>2025-07-06T00:05:36.000Z</time></trkpt>
      <trkpt lat="36.344859" lon="127.286759"><ele>161.8</ele><time>2025-07-06T00:05:41.000Z</time></trkpt>
      <trkpt lat="36.344888" lon="127.286752"><ele>162.8</ele><time>2025-07-06T00:05:46.000Z</time></trkpt>
      <trkpt lat="36.344892" lon="127.286750"><ele>163.0</ele><time>2025-07-06T00:05:47.000Z</time></trkpt>
      <trkpt lat="36.344906" lon="127.286728"><ele>163.8</ele><time>2025-07-06T00:05:52.000Z</time></trkpt>
      <trkpt lat="36.344932" lon="127.286713"><ele>165.2</ele><time>2025-07-06T00:05:58.000Z</time></trkpt>
      <trkpt lat="36.344965" lon="127.286710"><ele>166.0</ele><time>2025-07-06T00:06:03.000Z</time></trkpt>
      <trkpt lat="36.344978" lon="127.286711"><ele>166.2</ele><time>2025-07-06T00:06:05.000Z</time></trkpt>
      <trkpt lat="36.345012" lon="127.286707"><ele>167.0</ele><time>2025-07-06T00:06:10.000Z</time></trkpt>
      <trkpt lat="36.345023" lon="127.286711"><ele>167.4</ele><time>2025-07-06T00:06:12.000Z</time></trkpt>
      <trkpt lat="36.345064" lon="127.286697"><ele>168.4</ele><time>2025-07-06T00:06:19.000Z</time></trkpt>
      <trkpt lat="36.345103" lon="127.286678"><ele>169.6</ele><time>2025-07-06T00:06:26.000Z</time></trkpt>
      <trkpt lat="36.345133" lon="127.286667"><ele>170.4</ele><time>2025-07-06T00:06:31.000Z</time></trkpt>
      <trkpt lat="36.345149" lon="127.286667"><ele>170.8</ele><time>2025-07-06T00:06:33.000Z</time></trkpt>
      <trkpt lat="36.345183" lon="127.286671"><ele>171.8</ele><time>2025-07-06T00:06:39.000Z</time></trkpt>
      <trkpt lat="36.345199" lon="127.286655"><ele>172.6</ele><time>2025-07-06T00:06:43.000Z</time></trkpt>
      <trkpt lat="36.345204" lon="127.286652"><ele>172.8</ele><time>2025-07-06T00:06:44.000Z</time></trkpt>
      <trkpt lat="36.345233" lon="127.286652"><ele>174.0</ele><time>2025-07-06T00:06:50.000Z</time></trkpt>
      <trkpt lat="36.345251" lon="127.286649"><ele>174.8</ele><time>2025-07-06T00:06:54.000Z</time></trkpt>
      <trkpt lat="36.345256" lon="127.286648"><ele>175.0</ele><time>2025-07-06T00:06:55.000Z</time></trkpt>
      <trkpt lat="36.345272" lon="127.286631"><ele>176.2</ele><time>2025-07-06T00:07:01.000Z</time></trkpt>
      <trkpt lat="36.345272" lon="127.286616"><ele>176.6</ele><time>2025-07-06T00:07:04.000Z</time></trkpt>
      <trkpt lat="36.345277" lon="127.286589"><ele>177.4</ele><time>2025-07-06T00:07:08.000Z</time></trkpt>
      <trkpt lat="36.345283" lon="127.286573"><ele>177.6</ele><time>2025-07-06T00:07:10.000Z</time></trkpt>
      <trkpt lat="36.345299" lon="127.286567"><ele>178.4</ele><time>2025-07-06T00:07:15.000Z</time></trkpt>
      <trkpt lat="36.345319" lon="127.286567"><ele>179.2</ele><time>2025-07-06T00:07:19.000Z</time></trkpt>
      <trkpt lat="36.345320" lon="127.286569"><ele>179.6</ele><time>2025-07-06T00:07:21.000Z</time></trkpt>
      <trkpt lat="36.345337" lon="127.286564"><ele>180.0</ele><time>2025-07-06T00:07:23.000Z</time></trkpt>
      <trkpt lat="36.345349" lon="127.286555"><ele>180.6</ele><time>2025-07-06T00:07:27.000Z</time></trkpt>
      <trkpt lat="36.345357" lon="127.286520"><ele>181.8</ele><time>2025-07-06T00:07:33.000Z</time></trkpt>
      <trkpt lat="36.345361" lon="127.286513"><ele>182.2</ele><time>2025-07-06T00:07:34.000Z</time></trkpt>
      <trkpt lat="36.345393" lon="127.286531"><ele>183.0</ele><time>2025-07-06T00:07:39.000Z</time></trkpt>
      <trkpt lat="36.345411" lon="127.286533"><ele>183.2</ele><time>2025-07-06T00:07:41.000Z</time></trkpt>
      <trkpt lat="36.345430" lon="127.286515"><ele>184.2</ele><time>2025-07-06T00:07:48.000Z</time></trkpt>
      <trkpt lat="36.345438" lon="127.286518"><ele>184.4</ele><time>2025-07-06T00:07:50.000Z</time></trkpt>
      <trkpt lat="36.345442" lon="127.286505"><ele>185.2</ele><time>2025-07-06T00:07:54.000Z</time></trkpt>
      <trkpt lat="36.345452" lon="127.286500"><ele>186.0</ele><time>2025-07-06T00:07:58.000Z</time></trkpt>
      <trkpt lat="36.345455" lon="127.286500"><ele>186.2</ele><time>2025-07-06T00:07:59.000Z</time></trkpt>
      <trkpt lat="36.345465" lon="127.286500"><ele>186.4</ele><time>2025-07-06T00:08:00.000Z</time></trkpt>
      <trkpt lat="36.345459" lon="127.286508"><ele>186.8</ele><time>2025-07-06T00:08:06.000Z</time></trkpt>
      <trkpt lat="36.345508" lon="127.286540"><ele>187.4</ele><time>2025-07-06T00:08:14.000Z</time></trkpt>
      <trkpt lat="36.345515" lon="127.286543"><ele>187.8</ele><time>2025-07-06T00:08:15.000Z</time></trkpt>
      <trkpt lat="36.345539" lon="127.286539"><ele>188.6</ele><time>2025-07-06T00:08:19.000Z</time></trkpt>
      <trkpt lat="36.345542" lon="127.286534"><ele>189.4</ele><time>2025-07-06T00:08:25.000Z</time></trkpt>
      <trkpt lat="36.345538" lon="127.286531"><ele>189.6</ele><time>2025-07-06T00:08:26.000Z</time></trkpt>
      <trkpt lat="36.345534" lon="127.286513"><ele>190.6</ele><time>2025-07-06T00:08:32.000Z</time></trkpt>
      <trkpt lat="36.345539" lon="127.286503"><ele>191.2</ele><time>2025-07-06T00:08:36.000Z</time></trkpt>
      <trkpt lat="36.345544" lon="127.286502"><ele>191.6</ele><time>2025-07-06T00:08:38.000Z</time></trkpt>
      <trkpt lat="36.345560" lon="127.286495"><ele>192.8</ele><time>2025-07-06T00:08:42.000Z</time></trkpt>
      <trkpt lat="36.345575" lon="127.286473"><ele>195.8</ele><time>2025-07-06T00:08:46.000Z</time></trkpt>
      <trkpt lat="36.345602" lon="127.286441"><ele>196.6</ele><time>2025-07-06T00:08:56.000Z</time></trkpt>
      <trkpt lat="36.345610" lon="127.286433"><ele>196.4</ele><time>2025-07-06T00:08:58.000Z</time></trkpt>
      <trkpt lat="36.345633" lon="127.286442"><ele>196.6</ele><time>2025-07-06T00:09:02.000Z</time></trkpt>
      <trkpt lat="36.345646" lon="127.286450"><ele>197.0</ele><time>2025-07-06T00:09:04.000Z</time></trkpt>
      <trkpt lat="36.345650" lon="127.286450"><ele>197.0</ele><time>2025-07-06T00:09:05.000Z</time></trkpt>
      <trkpt lat="36.345670" lon="127.286437"><ele>198.0</ele><time>2025-07-06T00:09:11.000Z</time></trkpt>
      <trkpt lat="36.345682" lon="127.286432"><ele>198.4</ele><time>2025-07-06T00:09:15.000Z</time></trkpt>
      <trkpt lat="36.345685" lon="127.286427"><ele>198.6</ele><time>2025-07-06T00:09:16.000Z</time></trkpt>
      <trkpt lat="36.345698" lon="127.286411"><ele>199.0</ele><time>2025-07-06T00:09:19.000Z</time></trkpt>
      <trkpt lat="36.345731" lon="127.286408"><ele>200.2</ele><time>2025-07-06T00:09:25.000Z</time></trkpt>
      <trkpt lat="36.345733" lon="127.286409"><ele>200.2</ele><time>2025-07-06T00:09:26.000Z</time></trkpt>
      <trkpt lat="36.345742" lon="127.286421"><ele>200.4</ele><time>2025-07-06T00:09:30.000Z</time></trkpt>
      <trkpt lat="36.345741" lon="127.286449"><ele>201.2</ele><time>2025-07-06T00:09:34.000Z</time></trkpt>
      <trkpt lat="36.345740" lon="127.286458"><ele>201.0</ele><time>2025-07-06T00:09:40.000Z</time></trkpt>
      <trkpt lat="36.345741" lon="127.286456"><ele>201.8</ele><time>2025-07-06T00:09:42.000Z</time></trkpt>
      <trkpt lat="36.345745" lon="127.286452"><ele>203.0</ele><time>2025-07-06T00:09:43.000Z</time></trkpt>
      <trkpt lat="36.345740" lon="127.286458"><ele>203.6</ele><time>2025-07-06T00:09:44.000Z</time></trkpt>
      <trkpt lat="36.345744" lon="127.286458"><ele>203.6</ele><time>2025-07-06T00:09:46.000Z</time></trkpt>
      <trkpt lat="36.345791" lon="127.286433"><ele>203.8</ele><time>2025-07-06T00:09:58.000Z</time></trkpt>
      <trkpt lat="36.345793" lon="127.286428"><ele>204.8</ele><time>2025-07-06T00:09:59.000Z</time></trkpt>
      <trkpt lat="36.345802" lon="127.286424"><ele>206.8</ele><time>2025-07-06T00:10:00.000Z</time></trkpt>
      <trkpt lat="36.345805" lon="127.286425"><ele>207.8</ele><time>2025-07-06T00:10:01.000Z</time></trkpt>
      <trkpt lat="36.345808" lon="127.286420"><ele>209.2</ele><time>2025-07-06T00:10:02.000Z</time></trkpt>
      <trkpt lat="36.345836" lon="127.286413"><ele>208.2</ele><time>2025-07-06T00:10:07.000Z</time></trkpt>
      <trkpt lat="36.345840" lon="127.286414"><ele>208.0</ele><time>2025-07-06T00:10:08.000Z</time></trkpt>
      <trkpt lat="36.345893" lon="127.286441"><ele>208.8</ele><time>2025-07-06T00:10:20.000Z</time></trkpt>
      <trkpt lat="36.345894" lon="127.286442"><ele>209.4</ele><time>2025-07-06T00:10:21.000Z</time></trkpt>
      <trkpt lat="36.345897" lon="127.286446"><ele>209.8</ele><time>2025-07-06T00:10:23.000Z</time></trkpt>
      <trkpt lat="36.345912" lon="127.286444"><ele>207.2</ele><time>2025-07-06T00:10:27.000Z</time></trkpt>
      <trkpt lat="36.345913" lon="127.286446"><ele>205.0</ele><time>2025-07-06T00:10:28.000Z</time></trkpt>
      <trkpt lat="36.345922" lon="127.286447"><ele>204.6</ele><time>2025-07-06T00:10:29.000Z</time></trkpt>
      <trkpt lat="36.345964" lon="127.286431"><ele>205.2</ele><time>2025-07-06T00:10:40.000Z</time></trkpt>
      <trkpt lat="36.345962" lon="127.286410"><ele>205.6</ele><time>2025-07-06T00:10:43.000Z</time></trkpt>
      <trkpt lat="36.345960" lon="127.286388"><ele>206.2</ele><time>2025-07-06T00:10:46.000Z</time></trkpt>
      <trkpt lat="36.345967" lon="127.286378"><ele>206.4</ele><time>2025-07-06T00:10:48.000Z</time></trkpt>
      <trkpt lat="36.346005" lon="127.286374"><ele>204.4</ele><time>2025-07-06T00:10:55.000Z</time></trkpt>
      <trkpt lat="36.346008" lon="127.286365"><ele>204.2</ele><time>2025-07-06T00:10:57.000Z</time></trkpt>
      <trkpt lat="36.346006" lon="127.286349"><ele>206.6</ele><time>2025-07-06T00:11:01.000Z</time></trkpt>
      <trkpt lat="36.346012" lon="127.286344"><ele>210.2</ele><time>2025-07-06T00:11:02.000Z</time></trkpt>
      <trkpt lat="36.346014" lon="127.286338"><ele>212.4</ele><time>2025-07-06T00:11:03.000Z</time></trkpt>
      <trkpt lat="36.346017" lon="127.286333"><ele>214.4</ele><time>2025-07-06T00:11:04.000Z</time></trkpt>
      <trkpt lat="36.346045" lon="127.286323"><ele>215.2</ele><time>2025-07-06T00:11:09.000Z</time></trkpt>
      <trkpt lat="36.346058" lon="127.286327"><ele>216.2</ele><time>2025-07-06T00:11:11.000Z</time></trkpt>
      <trkpt lat="36.346068" lon="127.286326"><ele>217.4</ele><time>2025-07-06T00:11:13.000Z</time></trkpt>
      <trkpt lat="36.346090" lon="127.286316"><ele>218.0</ele><time>2025-07-06T00:11:18.000Z</time></trkpt>
      <trkpt lat="36.346100" lon="127.286304"><ele>218.2</ele><time>2025-07-06T00:11:21.000Z</time></trkpt>
      <trkpt lat="36.346101" lon="127.286296"><ele>218.4</ele><time>2025-07-06T00:11:22.000Z</time></trkpt>
      <trkpt lat="36.346126" lon="127.286264"><ele>219.6</ele><time>2025-07-06T00:11:28.000Z</time></trkpt>
      <trkpt lat="36.346133" lon="127.286265"><ele>219.6</ele><time>2025-07-06T00:11:29.000Z</time></trkpt>
      <trkpt lat="36.346179" lon="127.286255"><ele>220.0</ele><time>2025-07-06T00:11:37.000Z</time></trkpt>
      <trkpt lat="36.346195" lon="127.286244"><ele>220.8</ele><time>2025-07-06T00:11:41.000Z</time></trkpt>
      <trkpt lat="36.346210" lon="127.286238"><ele>221.6</ele><time>2025-07-06T00:11:46.000Z</time></trkpt>
      <trkpt lat="36.346222" lon="127.286230"><ele>222.0</ele><time>2025-07-06T00:11:48.000Z</time></trkpt>
      <trkpt lat="36.346216" lon="127.286212"><ele>223.2</ele><time>2025-07-06T00:11:53.000Z</time></trkpt>
      <trkpt lat="36.346221" lon="127.286201"><ele>224.2</ele><time>2025-07-06T00:11:56.000Z</time></trkpt>
      <trkpt lat="36.346222" lon="127.286194"><ele>225.8</ele><time>2025-07-06T00:11:57.000Z</time></trkpt>
      <trkpt lat="36.346223" lon="127.286193"><ele>229.2</ele><time>2025-07-06T00:11:59.000Z</time></trkpt>
      <trkpt lat="36.346222" lon="127.286195"><ele>231.2</ele><time>2025-07-06T00:12:00.000Z</time></trkpt>
      <trkpt lat="36.346223" lon="127.286186"><ele>233.2</ele><time>2025-07-06T00:12:02.000Z</time></trkpt>
      <trkpt lat="36.346222" lon="127.286183"><ele>234.0</ele><time>2025-07-06T00:12:04.000Z</time></trkpt>
      <trkpt lat="36.346228" lon="127.286182"><ele>233.6</ele><time>2025-07-06T00:12:06.000Z</time></trkpt>
      <trkpt lat="36.346238" lon="127.286180"><ele>227.8</ele><time>2025-07-06T00:12:08.000Z</time></trkpt>
      <trkpt lat="36.346246" lon="127.286181"><ele>225.6</ele><time>2025-07-06T00:12:09.000Z</time></trkpt>
      <trkpt lat="36.346252" lon="127.286177"><ele>224.6</ele><time>2025-07-06T00:12:10.000Z</time></trkpt>
      <trkpt lat="36.346292" lon="127.286177"><ele>224.4</ele><time>2025-07-06T00:12:17.000Z</time></trkpt>
      <trkpt lat="36.346297" lon="127.286195"><ele>224.8</ele><time>2025-07-06T00:12:19.000Z</time></trkpt>
      <trkpt lat="36.346313" lon="127.286225"><ele>225.2</ele><time>2025-07-06T00:12:24.000Z</time></trkpt>
      <trkpt lat="36.346321" lon="127.286232"><ele>224.8</ele><time>2025-07-06T00:12:25.000Z</time></trkpt>
      <trkpt lat="36.346328" lon="127.286237"><ele>223.4</ele><time>2025-07-06T00:12:26.000Z</time></trkpt>
      <trkpt lat="36.346362" lon="127.286229"><ele>225.4</ele><time>2025-07-06T00:12:30.000Z</time></trkpt>
      <trkpt lat="36.346388" lon="127.286237"><ele>225.6</ele><time>2025-07-06T00:12:35.000Z</time></trkpt>
      <trkpt lat="36.346399" lon="127.286239"><ele>225.6</ele><time>2025-07-06T00:12:36.000Z</time></trkpt>
      <trkpt lat="36.346411" lon="127.286247"><ele>225.6</ele><time>2025-07-06T00:12:38.000Z</time></trkpt>
      <trkpt lat="36.346431" lon="127.286270"><ele>226.2</ele><time>2025-07-06T00:12:42.000Z</time></trkpt>
      <trkpt lat="36.346473" lon="127.286266"><ele>226.4</ele><time>2025-07-06T00:12:46.000Z</time></trkpt>
      <trkpt lat="36.346481" lon="127.286269"><ele>226.4</ele><time>2025-07-06T00:12:47.000Z</time></trkpt>
      <trkpt lat="36.346500" lon="127.286277"><ele>226.8</ele><time>2025-07-06T00:12:55.000Z</time></trkpt>
      <trkpt lat="36.346495" lon="127.286271"><ele>228.0</ele><time>2025-07-06T00:12:59.000Z</time></trkpt>
      <trkpt lat="36.346495" lon="127.286246"><ele>229.2</ele><time>2025-07-06T00:13:04.000Z</time></trkpt>
      <trkpt lat="36.346496" lon="127.286218"><ele>230.2</ele><time>2025-07-06T00:13:10.000Z</time></trkpt>
      <trkpt lat="36.346517" lon="127.286184"><ele>231.4</ele><time>2025-07-06T00:13:16.000Z</time></trkpt>
      <trkpt lat="36.346530" lon="127.286178"><ele>233.2</ele><time>2025-07-06T00:13:19.000Z</time></trkpt>
      <trkpt lat="36.346539" lon="127.286144"><ele>233.4</ele><time>2025-07-06T00:13:25.000Z</time></trkpt>
      <trkpt lat="36.346565" lon="127.286097"><ele>234.2</ele><time>2025-07-06T00:13:34.000Z</time></trkpt>
      <trkpt lat="36.346576" lon="127.286088"><ele>234.4</ele><time>2025-07-06T00:13:36.000Z</time></trkpt>
      <trkpt lat="36.346604" lon="127.286107"><ele>235.4</ele><time>2025-07-06T00:13:42.000Z</time></trkpt>
      <trkpt lat="36.346610" lon="127.286112"><ele>235.6</ele><time>2025-07-06T00:13:43.000Z</time></trkpt>
      <trkpt lat="36.346639" lon="127.286111"><ele>236.6</ele><time>2025-07-06T00:13:47.000Z</time></trkpt>
      <trkpt lat="36.346648" lon="127.286097"><ele>237.4</ele><time>2025-07-06T00:13:55.000Z</time></trkpt>
      <trkpt lat="36.346651" lon="127.286100"><ele>237.6</ele><time>2025-07-06T00:13:56.000Z</time></trkpt>
      <trkpt lat="36.346664" lon="127.286107"><ele>238.8</ele><time>2025-07-06T00:13:59.000Z</time></trkpt>
      <trkpt lat="36.346678" lon="127.286105"><ele>240.0</ele><time>2025-07-06T00:14:01.000Z</time></trkpt>
      <trkpt lat="36.346689" lon="127.286112"><ele>240.6</ele><time>2025-07-06T00:14:04.000Z</time></trkpt>
      <trkpt lat="36.346698" lon="127.286100"><ele>241.0</ele><time>2025-07-06T00:14:07.000Z</time></trkpt>
      <trkpt lat="36.346716" lon="127.286055"><ele>241.6</ele><time>2025-07-06T00:14:14.000Z</time></trkpt>
      <trkpt lat="36.346718" lon="127.286049"><ele>242.2</ele><time>2025-07-06T00:14:15.000Z</time></trkpt>
      <trkpt lat="36.346723" lon="127.286026"><ele>245.6</ele><time>2025-07-06T00:14:20.000Z</time></trkpt>
      <trkpt lat="36.346721" lon="127.286029"><ele>247.8</ele><time>2025-07-06T00:14:21.000Z</time></trkpt>
      <trkpt lat="36.346721" lon="127.286027"><ele>249.8</ele><time>2025-07-06T00:14:22.000Z</time></trkpt>
      <trkpt lat="36.346720" lon="127.286026"><ele>251.0</ele><time>2025-07-06T00:14:23.000Z</time></trkpt>
      <trkpt lat="36.346719" lon="127.286024"><ele>252.2</ele><time>2025-07-06T00:14:24.000Z</time></trkpt>
      <trkpt lat="36.346721" lon="127.286024"><ele>252.4</ele><time>2025-07-06T00:14:26.000Z</time></trkpt>
      <trkpt lat="36.346732" lon="127.286031"><ele>249.2</ele><time>2025-07-06T00:14:29.000Z</time></trkpt>
      <trkpt lat="36.346737" lon="127.286034"><ele>247.8</ele><time>2025-07-06T00:14:30.000Z</time></trkpt>
      <trkpt lat="36.346778" lon="127.286039"><ele>247.4</ele><time>2025-07-06T00:14:38.000Z</time></trkpt>
      <trkpt lat="36.346774" lon="127.286028"><ele>246.6</ele><time>2025-07-06T00:14:41.000Z</time></trkpt>
      <trkpt lat="36.346761" lon="127.285995"><ele>246.0</ele><time>2025-07-06T00:14:47.000Z</time></trkpt>
      <trkpt lat="36.346776" lon="127.285975"><ele>247.2</ele><time>2025-07-06T00:14:57.000Z</time></trkpt>
      <trkpt lat="36.346789" lon="127.285962"><ele>247.8</ele><time>2025-07-06T00:15:00.000Z</time></trkpt>
      <trkpt lat="36.346793" lon="127.285960"><ele>249.6</ele><time>2025-07-06T00:15:02.000Z</time></trkpt>
      <trkpt lat="36.346812" lon="127.285962"><ele>249.0</ele><time>2025-07-06T00:15:07.000Z</time></trkpt>
      <trkpt lat="36.346867" lon="127.285978"><ele>250.8</ele><time>2025-07-06T00:15:18.000Z</time></trkpt>
      <trkpt lat="36.346890" lon="127.285955"><ele>252.4</ele><time>2025-07-06T00:15:24.000Z</time></trkpt>
      <trkpt lat="36.346892" lon="127.285957"><ele>254.0</ele><time>2025-07-06T00:15:25.000Z</time></trkpt>
      <trkpt lat="36.346906" lon="127.285950"><ele>254.6</ele><time>2025-07-06T00:15:31.000Z</time></trkpt>
      <trkpt lat="36.346907" lon="127.285952"><ele>255.2</ele><time>2025-07-06T00:15:34.000Z</time></trkpt>
      <trkpt lat="36.346907" lon="127.285942"><ele>255.6</ele><time>2025-07-06T00:15:38.000Z</time></trkpt>
      <trkpt lat="36.346923" lon="127.285919"><ele>256.2</ele><time>2025-07-06T00:15:42.000Z</time></trkpt>
      <trkpt lat="36.346951" lon="127.285890"><ele>256.8</ele><time>2025-07-06T00:15:49.000Z</time></trkpt>
      <trkpt lat="36.346952" lon="127.285873"><ele>257.4</ele><time>2025-07-06T00:15:52.000Z</time></trkpt>
      <trkpt lat="36.346974" lon="127.285847"><ele>258.4</ele><time>2025-07-06T00:15:58.000Z</time></trkpt>
      <trkpt lat="36.346981" lon="127.285834"><ele>258.8</ele><time>2025-07-06T00:16:01.000Z</time></trkpt>
      <trkpt lat="36.346976" lon="127.285825"><ele>259.4</ele><time>2025-07-06T00:16:05.000Z</time></trkpt>
      <trkpt lat="36.346968" lon="127.285820"><ele>260.0</ele><time>2025-07-06T00:16:07.000Z</time></trkpt>
      <trkpt lat="36.346943" lon="127.285792"><ele>260.6</ele><time>2025-07-06T00:16:13.000Z</time></trkpt>
      <trkpt lat="36.346924" lon="127.285781"><ele>261.8</ele><time>2025-07-06T00:16:19.000Z</time></trkpt>
      <trkpt lat="36.346922" lon="127.285779"><ele>262.0</ele><time>2025-07-06T00:16:20.000Z</time></trkpt>
      <trkpt lat="36.346917" lon="127.285761"><ele>263.0</ele><time>2025-07-06T00:16:23.000Z</time></trkpt>
      <trkpt lat="36.346904" lon="127.285719"><ele>263.8</ele><time>2025-07-06T00:16:30.000Z</time></trkpt>
      <trkpt lat="36.346904" lon="127.285714"><ele>264.0</ele><time>2025-07-06T00:16:31.000Z</time></trkpt>
      <trkpt lat="36.346910" lon="127.285693"><ele>265.0</ele><time>2025-07-06T00:16:35.000Z</time></trkpt>
      <trkpt lat="36.346922" lon="127.285687"><ele>265.4</ele><time>2025-07-06T00:16:37.000Z</time></trkpt>
      <trkpt lat="36.346936" lon="127.285672"><ele>267.0</ele><time>2025-07-06T00:16:43.000Z</time></trkpt>
      <trkpt lat="36.346936" lon="127.285667"><ele>269.2</ele><time>2025-07-06T00:16:44.000Z</time></trkpt>
      <trkpt lat="36.346936" lon="127.285662"><ele>270.8</ele><time>2025-07-06T00:16:45.000Z</time></trkpt>
      <trkpt lat="36.346925" lon="127.285649"><ele>271.8</ele><time>2025-07-06T00:16:49.000Z</time></trkpt>
      <trkpt lat="36.346926" lon="127.285640"><ele>269.6</ele><time>2025-07-06T00:16:52.000Z</time></trkpt>
      <trkpt lat="36.346923" lon="127.285632"><ele>268.6</ele><time>2025-07-06T00:16:54.000Z</time></trkpt>
      <trkpt lat="36.346945" lon="127.285601"><ele>268.6</ele><time>2025-07-06T00:17:00.000Z</time></trkpt>
      <trkpt lat="36.346944" lon="127.285587"><ele>269.0</ele><time>2025-07-06T00:17:03.000Z</time></trkpt>
      <trkpt lat="36.346945" lon="127.285574"><ele>270.0</ele><time>2025-07-06T00:17:08.000Z</time></trkpt>
      <trkpt lat="36.346943" lon="127.285570"><ele>270.2</ele><time>2025-07-06T00:17:09.000Z</time></trkpt>
      <trkpt lat="36.346930" lon="127.285469"><ele>271.2</ele><time>2025-07-06T00:17:24.000Z</time></trkpt>
      <trkpt lat="36.346945" lon="127.285413"><ele>272.2</ele><time>2025-07-06T00:17:30.000Z</time></trkpt>
      <trkpt lat="36.346948" lon="127.285405"><ele>272.6</ele><time>2025-07-06T00:17:32.000Z</time></trkpt>
      <trkpt lat="36.346965" lon="127.285323"><ele>273.8</ele><time>2025-07-06T00:17:41.000Z</time></trkpt>
      <trkpt lat="36.346953" lon="127.285300"><ele>274.2</ele><time>2025-07-06T00:17:44.000Z</time></trkpt>
      <trkpt lat="36.346942" lon="127.285269"><ele>275.0</ele><time>2025-07-06T00:17:50.000Z</time></trkpt>
      <trkpt lat="36.346955" lon="127.285266"><ele>275.6</ele><time>2025-07-06T00:17:53.000Z</time></trkpt>
      <trkpt lat="36.346949" lon="127.285244"><ele>276.4</ele><time>2025-07-06T00:18:00.000Z</time></trkpt>
      <trkpt lat="36.346946" lon="127.285238"><ele>276.6</ele><time>2025-07-06T00:18:01.000Z</time></trkpt>
      <trkpt lat="36.346932" lon="127.285218"><ele>277.4</ele><time>2025-07-06T00:18:06.000Z</time></trkpt>
      <trkpt lat="36.346946" lon="127.285172"><ele>278.4</ele><time>2025-07-06T00:18:12.000Z</time></trkpt>
      <trkpt lat="36.346947" lon="127.285167"><ele>278.4</ele><time>2025-07-06T00:18:13.000Z</time></trkpt>
      <trkpt lat="36.346965" lon="127.285137"><ele>279.6</ele><time>2025-07-06T00:18:18.000Z</time></trkpt>
      <trkpt lat="36.346960" lon="127.285118"><ele>280.8</ele><time>2025-07-06T00:18:22.000Z</time></trkpt>
      <trkpt lat="36.346959" lon="127.285121"><ele>282.0</ele><time>2025-07-06T00:18:24.000Z</time></trkpt>
      <trkpt lat="36.346955" lon="127.285119"><ele>283.6</ele><time>2025-07-06T00:18:25.000Z</time></trkpt>
      <trkpt lat="36.346941" lon="127.285105"><ele>283.0</ele><time>2025-07-06T00:18:32.000Z</time></trkpt>
      <trkpt lat="36.346940" lon="127.285099"><ele>282.0</ele><time>2025-07-06T00:18:34.000Z</time></trkpt>
      <trkpt lat="36.346960" lon="127.285055"><ele>283.0</ele><time>2025-07-06T00:18:42.000Z</time></trkpt>
      <trkpt lat="36.346964" lon="127.285051"><ele>283.2</ele><time>2025-07-06T00:18:43.000Z</time></trkpt>
      <trkpt lat="36.346987" lon="127.284992"><ele>284.2</ele><time>2025-07-06T00:18:51.000Z</time></trkpt>
      <trkpt lat="36.346990" lon="127.284989"><ele>284.6</ele><time>2025-07-06T00:18:52.000Z</time></trkpt>
      <trkpt lat="36.346993" lon="127.284971"><ele>285.4</ele><time>2025-07-06T00:18:57.000Z</time></trkpt>
      <trkpt lat="36.346997" lon="127.284954"><ele>287.0</ele><time>2025-07-06T00:19:02.000Z</time></trkpt>
      <trkpt lat="36.347006" lon="127.284949"><ele>287.6</ele><time>2025-07-06T00:19:05.000Z</time></trkpt>
      <trkpt lat="36.347011" lon="127.284944"><ele>288.2</ele><time>2025-07-06T00:19:07.000Z</time></trkpt>
      <trkpt lat="36.347015" lon="127.284942"><ele>289.4</ele><time>2025-07-06T00:19:08.000Z</time></trkpt>
      <trkpt lat="36.347024" lon="127.284926"><ele>290.6</ele><time>2025-07-06T00:19:11.000Z</time></trkpt>
      <trkpt lat="36.347016" lon="127.284915"><ele>289.4</ele><time>2025-07-06T00:19:15.000Z</time></trkpt>
      <trkpt lat="36.347005" lon="127.284918"><ele>288.6</ele><time>2025-07-06T00:19:17.000Z</time></trkpt>
      <trkpt lat="36.347004" lon="127.284911"><ele>288.0</ele><time>2025-07-06T00:19:18.000Z</time></trkpt>
      <trkpt lat="36.346995" lon="127.284895"><ele>287.2</ele><time>2025-07-06T00:19:23.000Z</time></trkpt>
      <trkpt lat="36.346983" lon="127.284861"><ele>289.0</ele><time>2025-07-06T00:19:28.000Z</time></trkpt>
      <trkpt lat="36.347010" lon="127.284837"><ele>289.4</ele><time>2025-07-06T00:19:32.000Z</time></trkpt>
      <trkpt lat="36.347027" lon="127.284829"><ele>289.4</ele><time>2025-07-06T00:19:34.000Z</time></trkpt>
      <trkpt lat="36.347085" lon="127.284813"><ele>290.0</ele><time>2025-07-06T00:19:42.000Z</time></trkpt>
      <trkpt lat="36.347092" lon="127.284807"><ele>290.2</ele><time>2025-07-06T00:19:43.000Z</time></trkpt>
      <trkpt lat="36.347099" lon="127.284802"><ele>292.6</ele><time>2025-07-06T00:19:44.000Z</time></trkpt>
      <trkpt lat="36.347154" lon="127.284755"><ele>291.6</ele><time>2025-07-06T00:19:53.000Z</time></trkpt>
      <trkpt lat="36.347186" lon="127.284753"><ele>293.6</ele><time>2025-07-06T00:20:00.000Z</time></trkpt>
      <trkpt lat="36.347191" lon="127.284748"><ele>294.8</ele><time>2025-07-06T00:20:01.000Z</time></trkpt>
      <trkpt lat="36.347206" lon="127.284746"><ele>296.4</ele><time>2025-07-06T00:20:04.000Z</time></trkpt>
      <trkpt lat="36.347233" lon="127.284745"><ele>297.0</ele><time>2025-07-06T00:20:09.000Z</time></trkpt>
      <trkpt lat="36.347239" lon="127.284738"><ele>295.2</ele><time>2025-07-06T00:20:11.000Z</time></trkpt>
      <trkpt lat="36.347241" lon="127.284735"><ele>293.4</ele><time>2025-07-06T00:20:12.000Z</time></trkpt>
      <trkpt lat="36.347254" lon="127.284721"><ele>294.4</ele><time>2025-07-06T00:20:16.000Z</time></trkpt>
      <trkpt lat="36.347258" lon="127.284718"><ele>296.4</ele><time>2025-07-06T00:20:17.000Z</time></trkpt>
      <trkpt lat="36.347259" lon="127.284711"><ele>297.8</ele><time>2025-07-06T00:20:18.000Z</time></trkpt>
      <trkpt lat="36.347261" lon="127.284698"><ele>298.0</ele><time>2025-07-06T00:20:20.000Z</time></trkpt>
      <trkpt lat="36.347285" lon="127.284677"><ele>297.8</ele><time>2025-07-06T00:20:24.000Z</time></trkpt>
      <trkpt lat="36.347317" lon="127.284679"><ele>297.8</ele><time>2025-07-06T00:20:29.000Z</time></trkpt>
      <trkpt lat="36.347337" lon="127.284682"><ele>299.2</ele><time>2025-07-06T00:20:34.000Z</time></trkpt>
      <trkpt lat="36.347343" lon="127.284681"><ele>301.8</ele><time>2025-07-06T00:20:35.000Z</time></trkpt>
      <trkpt lat="36.347352" lon="127.284678"><ele>303.2</ele><time>2025-07-06T00:20:36.000Z</time></trkpt>
      <trkpt lat="36.347358" lon="127.284673"><ele>304.6</ele><time>2025-07-06T00:20:38.000Z</time></trkpt>
      <trkpt lat="36.347361" lon="127.284676"><ele>304.8</ele><time>2025-07-06T00:20:39.000Z</time></trkpt>
      <trkpt lat="36.347366" lon="127.284664"><ele>305.6</ele><time>2025-07-06T00:20:43.000Z</time></trkpt>
      <trkpt lat="36.347387" lon="127.284647"><ele>306.0</ele><time>2025-07-06T00:20:48.000Z</time></trkpt>
      <trkpt lat="36.347390" lon="127.284647"><ele>306.2</ele><time>2025-07-06T00:20:49.000Z</time></trkpt>
      <trkpt lat="36.347403" lon="127.284638"><ele>306.8</ele><time>2025-07-06T00:20:53.000Z</time></trkpt>
      <trkpt lat="36.347407" lon="127.284631"><ele>307.2</ele><time>2025-07-06T00:20:58.000Z</time></trkpt>
      <trkpt lat="36.347405" lon="127.284633"><ele>307.8</ele><time>2025-07-06T00:21:02.000Z</time></trkpt>
      <trkpt lat="36.347408" lon="127.284635"><ele>308.0</ele><time>2025-07-06T00:21:04.000Z</time></trkpt>
      <trkpt lat="36.347435" lon="127.284625"><ele>308.8</ele><time>2025-07-06T00:21:14.000Z</time></trkpt>
      <trkpt lat="36.347435" lon="127.284624"><ele>309.0</ele><time>2025-07-06T00:21:15.000Z</time></trkpt>
      <trkpt lat="36.347446" lon="127.284627"><ele>309.4</ele><time>2025-07-06T00:21:21.000Z</time></trkpt>
      <trkpt lat="36.347450" lon="127.284629"><ele>309.6</ele><time>2025-07-06T00:21:22.000Z</time></trkpt>
      <trkpt lat="36.347453" lon="127.284632"><ele>309.8</ele><time>2025-07-06T00:21:23.000Z</time></trkpt>
      <trkpt lat="36.347457" lon="127.284631"><ele>310.0</ele><time>2025-07-06T00:21:24.000Z</time></trkpt>
      <trkpt lat="36.347487" lon="127.284624"><ele>311.0</ele><time>2025-07-06T00:21:30.000Z</time></trkpt>
      <trkpt lat="36.347505" lon="127.284624"><ele>311.6</ele><time>2025-07-06T00:21:33.000Z</time></trkpt>
      <trkpt lat="36.347512" lon="127.284627"><ele>311.8</ele><time>2025-07-06T00:21:34.000Z</time></trkpt>
      <trkpt lat="36.347520" lon="127.284633"><ele>312.0</ele><time>2025-07-06T00:21:36.000Z</time></trkpt>
      <trkpt lat="36.347536" lon="127.284627"><ele>312.8</ele><time>2025-07-06T00:21:44.000Z</time></trkpt>
      <trkpt lat="36.347544" lon="127.284617"><ele>313.2</ele><time>2025-07-06T00:21:46.000Z</time></trkpt>
      <trkpt lat="36.347547" lon="127.284602"><ele>313.6</ele><time>2025-07-06T00:21:49.000Z</time></trkpt>
      <trkpt lat="36.347557" lon="127.284587"><ele>314.4</ele><time>2025-07-06T00:21:52.000Z</time></trkpt>
      <trkpt lat="36.347573" lon="127.284588"><ele>314.8</ele><time>2025-07-06T00:21:55.000Z</time></trkpt>
      <trkpt lat="36.347591" lon="127.284589"><ele>315.6</ele><time>2025-07-06T00:21:59.000Z</time></trkpt>
      <trkpt lat="36.347599" lon="127.284587"><ele>316.6</ele><time>2025-07-06T00:22:04.000Z</time></trkpt>
      <trkpt lat="36.347593" lon="127.284564"><ele>317.6</ele><time>2025-07-06T00:22:09.000Z</time></trkpt>
      <trkpt lat="36.347588" lon="127.284556"><ele>317.8</ele><time>2025-07-06T00:22:11.000Z</time></trkpt>
      <trkpt lat="36.347580" lon="127.284556"><ele>318.0</ele><time>2025-07-06T00:22:14.000Z</time></trkpt>
      <trkpt lat="36.347578" lon="127.284550"><ele>318.8</ele><time>2025-07-06T00:22:19.000Z</time></trkpt>
      <trkpt lat="36.347581" lon="127.284548"><ele>318.8</ele><time>2025-07-06T00:22:28.000Z</time></trkpt>
      <trkpt lat="36.347586" lon="127.284539"><ele>318.8</ele><time>2025-07-06T00:22:36.000Z</time></trkpt>
      <trkpt lat="36.347596" lon="127.284535"><ele>318.8</ele><time>2025-07-06T00:22:38.000Z</time></trkpt>
      <trkpt lat="36.347630" lon="127.284537"><ele>319.8</ele><time>2025-07-06T00:22:45.000Z</time></trkpt>
      <trkpt lat="36.347635" lon="127.284539"><ele>319.8</ele><time>2025-07-06T00:22:46.000Z</time></trkpt>
      <trkpt lat="36.347643" lon="127.284538"><ele>320.2</ele><time>2025-07-06T00:22:48.000Z</time></trkpt>
      <trkpt lat="36.347654" lon="127.284521"><ele>321.0</ele><time>2025-07-06T00:22:52.000Z</time></trkpt>
      <trkpt lat="36.347674" lon="127.284510"><ele>322.0</ele><time>2025-07-06T00:22:57.000Z</time></trkpt>
      <trkpt lat="36.347698" lon="127.284497"><ele>323.2</ele><time>2025-07-06T00:23:03.000Z</time></trkpt>
      <trkpt lat="36.347697" lon="127.284471"><ele>323.6</ele><time>2025-07-06T00:23:08.000Z</time></trkpt>
      <trkpt lat="36.347701" lon="127.284465"><ele>324.4</ele><time>2025-07-06T00:23:10.000Z</time></trkpt>
      <trkpt lat="36.347725" lon="127.284463"><ele>325.2</ele><time>2025-07-06T00:23:15.000Z</time></trkpt>
      <trkpt lat="36.347734" lon="127.284455"><ele>325.6</ele><time>2025-07-06T00:23:17.000Z</time></trkpt>
      <trkpt lat="36.347739" lon="127.284452"><ele>325.8</ele><time>2025-07-06T00:23:19.000Z</time></trkpt>
      <trkpt lat="36.347743" lon="127.284448"><ele>326.0</ele><time>2025-07-06T00:23:20.000Z</time></trkpt>
      <trkpt lat="36.347747" lon="127.284433"><ele>326.6</ele><time>2025-07-06T00:23:23.000Z</time></trkpt>
      <trkpt lat="36.347742" lon="127.284418"><ele>326.8</ele><time>2025-07-06T00:23:25.000Z</time></trkpt>
      <trkpt lat="36.347746" lon="127.284391"><ele>327.6</ele><time>2025-07-06T00:23:32.000Z</time></trkpt>
      <trkpt lat="36.347746" lon="127.284393"><ele>328.8</ele><time>2025-07-06T00:23:34.000Z</time></trkpt>
      <trkpt lat="36.347749" lon="127.284400"><ele>328.6</ele><time>2025-07-06T00:23:41.000Z</time></trkpt>
      <trkpt lat="36.347744" lon="127.284391"><ele>328.8</ele><time>2025-07-06T00:23:50.000Z</time></trkpt>
      <trkpt lat="36.347775" lon="127.284341"><ele>328.8</ele><time>2025-07-06T00:24:01.000Z</time></trkpt>
      <trkpt lat="36.347790" lon="127.284334"><ele>329.2</ele><time>2025-07-06T00:24:04.000Z</time></trkpt>
      <trkpt lat="36.347792" lon="127.284327"><ele>329.4</ele><time>2025-07-06T00:24:05.000Z</time></trkpt>
      <trkpt lat="36.347794" lon="127.284312"><ele>329.8</ele><time>2025-07-06T00:24:07.000Z</time></trkpt>
      <trkpt lat="36.347803" lon="127.284294"><ele>330.6</ele><time>2025-07-06T00:24:10.000Z</time></trkpt>
      <trkpt lat="36.347810" lon="127.284282"><ele>330.8</ele><time>2025-07-06T00:24:12.000Z</time></trkpt>
      <trkpt lat="36.347829" lon="127.284255"><ele>331.8</ele><time>2025-07-06T00:24:18.000Z</time></trkpt>
      <trkpt lat="36.347833" lon="127.284252"><ele>332.0</ele><time>2025-07-06T00:24:19.000Z</time></trkpt>
      <trkpt lat="36.347851" lon="127.284239"><ele>333.0</ele><time>2025-07-06T00:24:25.000Z</time></trkpt>
      <trkpt lat="36.347855" lon="127.284235"><ele>333.2</ele><time>2025-07-06T00:24:26.000Z</time></trkpt>
      <trkpt lat="36.347878" lon="127.284227"><ele>334.0</ele><time>2025-07-06T00:24:31.000Z</time></trkpt>
      <trkpt lat="36.347902" lon="127.284211"><ele>335.2</ele><time>2025-07-06T00:24:37.000Z</time></trkpt>
      <trkpt lat="36.347914" lon="127.284186"><ele>336.2</ele><time>2025-07-06T00:24:44.000Z</time></trkpt>
      <trkpt lat="36.347914" lon="127.284184"><ele>336.4</ele><time>2025-07-06T00:24:46.000Z</time></trkpt>
      <trkpt lat="36.347918" lon="127.284168"><ele>336.6</ele><time>2025-07-06T00:24:51.000Z</time></trkpt>
      <trkpt lat="36.347952" lon="127.284132"><ele>336.0</ele><time>2025-07-06T00:25:01.000Z</time></trkpt>
      <trkpt lat="36.347951" lon="127.284044"><ele>335.2</ele><time>2025-07-06T00:25:11.000Z</time></trkpt>
      <trkpt lat="36.347953" lon="127.283965"><ele>334.6</ele><time>2025-07-06T00:25:18.000Z</time></trkpt>
      <trkpt lat="36.347958" lon="127.283896"><ele>334.0</ele><time>2025-07-06T00:25:24.000Z</time></trkpt>
      <trkpt lat="36.347961" lon="127.283890"><ele>334.0</ele><time>2025-07-06T00:25:25.000Z</time></trkpt>
      <trkpt lat="36.347965" lon="127.283843"><ele>334.0</ele><time>2025-07-06T00:25:30.000Z</time></trkpt>
      <trkpt lat="36.347965" lon="127.283836"><ele>332.8</ele><time>2025-07-06T00:25:31.000Z</time></trkpt>
      <trkpt lat="36.347955" lon="127.283823"><ele>332.6</ele><time>2025-07-06T00:25:33.000Z</time></trkpt>
      <trkpt lat="36.347935" lon="127.283773"><ele>332.8</ele><time>2025-07-06T00:25:39.000Z</time></trkpt>
      <trkpt lat="36.347936" lon="127.283735"><ele>332.4</ele><time>2025-07-06T00:25:43.000Z</time></trkpt>
      <trkpt lat="36.347936" lon="127.283690"><ele>332.0</ele><time>2025-07-06T00:25:48.000Z</time></trkpt>
      <trkpt lat="36.347935" lon="127.283680"><ele>331.4</ele><time>2025-07-06T00:25:49.000Z</time></trkpt>
      <trkpt lat="36.347931" lon="127.283644"><ele>330.2</ele><time>2025-07-06T00:25:53.000Z</time></trkpt>
      <trkpt lat="36.347936" lon="127.283595"><ele>329.4</ele><time>2025-07-06T00:25:58.000Z</time></trkpt>
      <trkpt lat="36.347937" lon="127.283584"><ele>329.2</ele><time>2025-07-06T00:25:59.000Z</time></trkpt>
      <trkpt lat="36.347936" lon="127.283561"><ele>328.2</ele><time>2025-07-06T00:26:02.000Z</time></trkpt>
      <trkpt lat="36.347968" lon="127.283501"><ele>328.8</ele><time>2025-07-06T00:26:08.000Z</time></trkpt>
      <trkpt lat="36.347978" lon="127.283444"><ele>328.0</ele><time>2025-07-06T00:26:14.000Z</time></trkpt>
      <trkpt lat="36.347974" lon="127.283391"><ele>329.8</ele><time>2025-07-06T00:26:19.000Z</time></trkpt>
      <trkpt lat="36.347979" lon="127.283358"><ele>331.4</ele><time>2025-07-06T00:26:22.000Z</time></trkpt>
      <trkpt lat="36.347979" lon="127.283337"><ele>331.4</ele><time>2025-07-06T00:26:24.000Z</time></trkpt>
      <trkpt lat="36.347985" lon="127.283277"><ele>332.8</ele><time>2025-07-06T00:26:29.000Z</time></trkpt>
      <trkpt lat="36.347996" lon="127.283250"><ele>333.8</ele><time>2025-07-06T00:26:32.000Z</time></trkpt>
      <trkpt lat="36.348013" lon="127.283228"><ele>334.4</ele><time>2025-07-06T00:26:35.000Z</time></trkpt>
      <trkpt lat="36.348027" lon="127.283206"><ele>335.0</ele><time>2025-07-06T00:26:39.000Z</time></trkpt>
      <trkpt lat="36.348012" lon="127.283170"><ele>334.4</ele><time>2025-07-06T00:26:44.000Z</time></trkpt>
      <trkpt lat="36.348007" lon="127.283165"><ele>336.8</ele><time>2025-07-06T00:26:47.000Z</time></trkpt>
      <trkpt lat="36.348010" lon="127.283175"><ele>336.6</ele><time>2025-07-06T00:26:51.000Z</time></trkpt>
      <trkpt lat="36.348011" lon="127.283183"><ele>336.6</ele><time>2025-07-06T00:26:56.000Z</time></trkpt>
      <trkpt lat="36.348012" lon="127.283188"><ele>336.8</ele><time>2025-07-06T00:26:58.000Z</time></trkpt>
      <trkpt lat="36.348003" lon="127.283173"><ele>336.8</ele><time>2025-07-06T00:27:04.000Z</time></trkpt>
      <trkpt lat="36.348017" lon="127.283152"><ele>337.0</ele><time>2025-07-06T00:27:08.000Z</time></trkpt>
      <trkpt lat="36.348028" lon="127.283108"><ele>335.2</ele><time>2025-07-06T00:27:16.000Z</time></trkpt>
      <trkpt lat="36.348024" lon="127.283104"><ele>335.2</ele><time>2025-07-06T00:27:17.000Z</time></trkpt>
      <trkpt lat="36.348024" lon="127.283079"><ele>334.8</ele><time>2025-07-06T00:27:22.000Z</time></trkpt>
      <trkpt lat="36.348029" lon="127.283048"><ele>336.0</ele><time>2025-07-06T00:27:26.000Z</time></trkpt>
      <trkpt lat="36.348028" lon="127.283033"><ele>336.4</ele><time>2025-07-06T00:27:28.000Z</time></trkpt>
      <trkpt lat="36.348005" lon="127.282997"><ele>337.0</ele><time>2025-07-06T00:27:35.000Z</time></trkpt>
      <trkpt lat="36.348003" lon="127.282991"><ele>337.6</ele><time>2025-07-06T00:27:36.000Z</time></trkpt>
      <trkpt lat="36.348004" lon="127.282983"><ele>337.6</ele><time>2025-07-06T00:27:37.000Z</time></trkpt>
      <trkpt lat="36.348014" lon="127.282954"><ele>338.8</ele><time>2025-07-06T00:27:44.000Z</time></trkpt>
      <trkpt lat="36.348019" lon="127.282952"><ele>339.2</ele><time>2025-07-06T00:27:45.000Z</time></trkpt>
      <trkpt lat="36.348024" lon="127.282951"><ele>340.0</ele><time>2025-07-06T00:27:48.000Z</time></trkpt>
      <trkpt lat="36.348020" lon="127.282927"><ele>341.0</ele><time>2025-07-06T00:27:52.000Z</time></trkpt>
      <trkpt lat="36.348027" lon="127.282924"><ele>341.6</ele><time>2025-07-06T00:27:54.000Z</time></trkpt>
      <trkpt lat="36.348031" lon="127.282919"><ele>342.0</ele><time>2025-07-06T00:27:56.000Z</time></trkpt>
      <trkpt lat="36.348037" lon="127.282909"><ele>344.4</ele><time>2025-07-06T00:27:58.000Z</time></trkpt>
      <trkpt lat="36.348046" lon="127.282915"><ele>345.8</ele><time>2025-07-06T00:28:00.000Z</time></trkpt>
      <trkpt lat="36.348055" lon="127.282906"><ele>346.6</ele><time>2025-07-06T00:28:04.000Z</time></trkpt>
      <trkpt lat="36.348053" lon="127.282901"><ele>346.6</ele><time>2025-07-06T00:28:05.000Z</time></trkpt>
      <trkpt lat="36.348048" lon="127.282890"><ele>345.8</ele><time>2025-07-06T00:28:08.000Z</time></trkpt>
      <trkpt lat="36.348051" lon="127.282874"><ele>346.6</ele><time>2025-07-06T00:28:12.000Z</time></trkpt>
      <trkpt lat="36.348048" lon="127.282873"><ele>346.8</ele><time>2025-07-06T00:28:14.000Z</time></trkpt>
      <trkpt lat="36.348024" lon="127.282853"><ele>348.4</ele><time>2025-07-06T00:28:19.000Z</time></trkpt>
      <trkpt lat="36.348019" lon="127.282837"><ele>348.6</ele><time>2025-07-06T00:28:23.000Z</time></trkpt>
      <trkpt lat="36.348016" lon="127.282819"><ele>350.6</ele><time>2025-07-06T00:28:27.000Z</time></trkpt>
      <trkpt lat="36.348014" lon="127.282818"><ele>352.2</ele><time>2025-07-06T00:28:29.000Z</time></trkpt>
      <trkpt lat="36.348021" lon="127.282813"><ele>352.8</ele><time>2025-07-06T00:28:33.000Z</time></trkpt>
      <trkpt lat="36.348033" lon="127.282806"><ele>351.8</ele><time>2025-07-06T00:28:35.000Z</time></trkpt>
      <trkpt lat="36.348047" lon="127.282769"><ele>350.2</ele><time>2025-07-06T00:28:43.000Z</time></trkpt>
      <trkpt lat="36.348050" lon="127.282762"><ele>349.6</ele><time>2025-07-06T00:28:44.000Z</time></trkpt>
      <trkpt lat="36.348057" lon="127.282756"><ele>349.2</ele><time>2025-07-06T00:28:46.000Z</time></trkpt>
      <trkpt lat="36.348107" lon="127.282719"><ele>350.2</ele><time>2025-07-06T00:28:56.000Z</time></trkpt>
      <trkpt lat="36.348113" lon="127.282714"><ele>350.2</ele><time>2025-07-06T00:28:57.000Z</time></trkpt>
      <trkpt lat="36.348134" lon="127.282698"><ele>351.6</ele><time>2025-07-06T00:29:01.000Z</time></trkpt>
      <trkpt lat="36.348139" lon="127.282696"><ele>352.6</ele><time>2025-07-06T00:29:02.000Z</time></trkpt>
      <trkpt lat="36.348142" lon="127.282688"><ele>354.0</ele><time>2025-07-06T00:29:03.000Z</time></trkpt>
      <trkpt lat="36.348146" lon="127.282676"><ele>355.2</ele><time>2025-07-06T00:29:05.000Z</time></trkpt>
      <trkpt lat="36.348143" lon="127.282664"><ele>356.0</ele><time>2025-07-06T00:29:07.000Z</time></trkpt>
      <trkpt lat="36.348141" lon="127.282659"><ele>356.6</ele><time>2025-07-06T00:29:08.000Z</time></trkpt>
      <trkpt lat="36.348140" lon="127.282660"><ele>356.0</ele><time>2025-07-06T00:29:13.000Z</time></trkpt>
      <trkpt lat="36.348137" lon="127.282659"><ele>355.8</ele><time>2025-07-06T00:29:14.000Z</time></trkpt>
      <trkpt lat="36.348133" lon="127.282652"><ele>355.2</ele><time>2025-07-06T00:29:15.000Z</time></trkpt>
      <trkpt lat="36.348126" lon="127.282628"><ele>354.2</ele><time>2025-07-06T00:29:19.000Z</time></trkpt>
      <trkpt lat="36.348127" lon="127.282586"><ele>355.2</ele><time>2025-07-06T00:29:24.000Z</time></trkpt>
      <trkpt lat="36.348138" lon="127.282569"><ele>355.6</ele><time>2025-07-06T00:29:26.000Z</time></trkpt>
      <trkpt lat="36.348163" lon="127.282548"><ele>356.4</ele><time>2025-07-06T00:29:30.000Z</time></trkpt>
      <trkpt lat="36.348177" lon="127.282499"><ele>357.0</ele><time>2025-07-06T00:29:37.000Z</time></trkpt>
      <trkpt lat="36.348181" lon="127.282479"><ele>358.4</ele><time>2025-07-06T00:29:41.000Z</time></trkpt>
      <trkpt lat="36.348185" lon="127.282452"><ele>359.6</ele><time>2025-07-06T00:29:46.000Z</time></trkpt>
      <trkpt lat="36.348205" lon="127.282425"><ele>359.8</ele><time>2025-07-06T00:29:54.000Z</time></trkpt>
      <trkpt lat="36.348209" lon="127.282427"><ele>360.6</ele><time>2025-07-06T00:29:55.000Z</time></trkpt>
      <trkpt lat="36.348216" lon="127.282421"><ele>362.0</ele><time>2025-07-06T00:29:57.000Z</time></trkpt>
      <trkpt lat="36.348219" lon="127.282403"><ele>363.2</ele><time>2025-07-06T00:29:59.000Z</time></trkpt>
      <trkpt lat="36.348218" lon="127.282391"><ele>363.2</ele><time>2025-07-06T00:30:02.000Z</time></trkpt>
      <trkpt lat="36.348233" lon="127.282353"><ele>363.2</ele><time>2025-07-06T00:30:11.000Z</time></trkpt>
      <trkpt lat="36.348247" lon="127.282347"><ele>363.6</ele><time>2025-07-06T00:30:13.000Z</time></trkpt>
      <trkpt lat="36.348253" lon="127.282346"><ele>363.6</ele><time>2025-07-06T00:30:14.000Z</time></trkpt>
      <trkpt lat="36.348283" lon="127.282349"><ele>364.8</ele><time>2025-07-06T00:30:20.000Z</time></trkpt>
      <trkpt lat="36.348311" lon="127.282342"><ele>365.8</ele><time>2025-07-06T00:30:26.000Z</time></trkpt>
      <trkpt lat="36.348316" lon="127.282338"><ele>367.0</ele><time>2025-07-06T00:30:33.000Z</time></trkpt>
      <trkpt lat="36.348305" lon="127.282335"><ele>367.2</ele><time>2025-07-06T00:30:36.000Z</time></trkpt>
      <trkpt lat="36.348311" lon="127.282324"><ele>367.4</ele><time>2025-07-06T00:30:42.000Z</time></trkpt>
      <trkpt lat="36.348327" lon="127.282307"><ele>368.0</ele><time>2025-07-06T00:30:47.000Z</time></trkpt>
      <trkpt lat="36.348366" lon="127.282295"><ele>368.4</ele><time>2025-07-06T00:30:52.000Z</time></trkpt>
      <trkpt lat="36.348384" lon="127.282273"><ele>369.0</ele><time>2025-07-06T00:30:58.000Z</time></trkpt>
      <trkpt lat="36.348400" lon="127.282252"><ele>369.4</ele><time>2025-07-06T00:31:01.000Z</time></trkpt>
      <trkpt lat="36.348432" lon="127.282234"><ele>370.2</ele><time>2025-07-06T00:31:06.000Z</time></trkpt>
      <trkpt lat="36.348460" lon="127.282227"><ele>371.2</ele><time>2025-07-06T00:31:12.000Z</time></trkpt>
      <trkpt lat="36.348463" lon="127.282221"><ele>371.2</ele><time>2025-07-06T00:31:13.000Z</time></trkpt>
      <trkpt lat="36.348471" lon="127.282201"><ele>371.6</ele><time>2025-07-06T00:31:16.000Z</time></trkpt>
      <trkpt lat="36.348471" lon="127.282191"><ele>371.6</ele><time>2025-07-06T00:31:17.000Z</time></trkpt>
      <trkpt lat="36.348478" lon="127.282173"><ele>372.4</ele><time>2025-07-06T00:31:20.000Z</time></trkpt>
      <trkpt lat="36.348477" lon="127.282161"><ele>372.8</ele><time>2025-07-06T00:31:22.000Z</time></trkpt>
      <trkpt lat="36.348497" lon="127.282146"><ele>373.6</ele><time>2025-07-06T00:31:28.000Z</time></trkpt>
      <trkpt lat="36.348512" lon="127.282136"><ele>374.2</ele><time>2025-07-06T00:31:33.000Z</time></trkpt>
      <trkpt lat="36.348505" lon="127.282138"><ele>374.6</ele><time>2025-07-06T00:31:40.000Z</time></trkpt>
      <trkpt lat="36.348505" lon="127.282140"><ele>374.6</ele><time>2025-07-06T00:31:41.000Z</time></trkpt>
      <trkpt lat="36.348503" lon="127.282146"><ele>374.4</ele><time>2025-07-06T00:31:43.000Z</time></trkpt>
      <trkpt lat="36.348491" lon="127.282126"><ele>374.2</ele><time>2025-07-06T00:31:52.000Z</time></trkpt>
      <trkpt lat="36.348508" lon="127.282121"><ele>374.6</ele><time>2025-07-06T00:31:56.000Z</time></trkpt>
      <trkpt lat="36.348546" lon="127.282101"><ele>374.4</ele><time>2025-07-06T00:32:04.000Z</time></trkpt>
      <trkpt lat="36.348555" lon="127.282096"><ele>373.2</ele><time>2025-07-06T00:32:08.000Z</time></trkpt>
      <trkpt lat="36.348567" lon="127.282092"><ele>373.0</ele><time>2025-07-06T00:32:13.000Z</time></trkpt>
      <trkpt lat="36.348566" lon="127.282073"><ele>375.4</ele><time>2025-07-06T00:32:19.000Z</time></trkpt>
      <trkpt lat="36.348569" lon="127.282072"><ele>376.8</ele><time>2025-07-06T00:32:20.000Z</time></trkpt>
      <trkpt lat="36.348602" lon="127.282062"><ele>377.2</ele><time>2025-07-06T00:32:25.000Z</time></trkpt>
      <trkpt lat="36.348622" lon="127.282055"><ele>375.6</ele><time>2025-07-06T00:32:29.000Z</time></trkpt>
      <trkpt lat="36.348633" lon="127.282018"><ele>375.4</ele><time>2025-07-06T00:32:35.000Z</time></trkpt>
      <trkpt lat="36.348636" lon="127.281990"><ele>376.6</ele><time>2025-07-06T00:32:44.000Z</time></trkpt>
      <trkpt lat="36.348636" lon="127.281987"><ele>377.4</ele><time>2025-07-06T00:32:45.000Z</time></trkpt>
      <trkpt lat="36.348629" lon="127.281971"><ele>378.4</ele><time>2025-07-06T00:32:49.000Z</time></trkpt>
      <trkpt lat="36.348617" lon="127.281938"><ele>378.8</ele><time>2025-07-06T00:32:54.000Z</time></trkpt>
      <trkpt lat="36.348627" lon="127.281916"><ele>379.4</ele><time>2025-07-06T00:32:59.000Z</time></trkpt>
      <trkpt lat="36.348633" lon="127.281888"><ele>380.4</ele><time>2025-07-06T00:33:04.000Z</time></trkpt>
      <trkpt lat="36.348633" lon="127.281888"><ele>380.6</ele><time>2025-07-06T00:33:05.000Z</time></trkpt>
      <trkpt lat="36.348635" lon="127.281881"><ele>381.6</ele><time>2025-07-06T00:33:07.000Z</time></trkpt>
      <trkpt lat="36.348632" lon="127.281863"><ele>382.2</ele><time>2025-07-06T00:33:14.000Z</time></trkpt>
      <trkpt lat="36.348633" lon="127.281862"><ele>382.2</ele><time>2025-07-06T00:33:15.000Z</time></trkpt>
      <trkpt lat="36.348663" lon="127.281861"><ele>382.6</ele><time>2025-07-06T00:33:26.000Z</time></trkpt>
      <trkpt lat="36.348662" lon="127.281849"><ele>383.0</ele><time>2025-07-06T00:33:28.000Z</time></trkpt>
      <trkpt lat="36.348667" lon="127.281839"><ele>383.6</ele><time>2025-07-06T00:33:32.000Z</time></trkpt>
      <trkpt lat="36.348684" lon="127.281823"><ele>384.6</ele><time>2025-07-06T00:33:37.000Z</time></trkpt>
      <trkpt lat="36.348707" lon="127.281809"><ele>386.4</ele><time>2025-07-06T00:33:45.000Z</time></trkpt>
      <trkpt lat="36.348713" lon="127.281808"><ele>387.0</ele><time>2025-07-06T00:33:47.000Z</time></trkpt>
      <trkpt lat="36.348730" lon="127.281834"><ele>388.0</ele><time>2025-07-06T00:33:56.000Z</time></trkpt>
      <trkpt lat="36.348729" lon="127.281835"><ele>388.4</ele><time>2025-07-06T00:33:57.000Z</time></trkpt>
      <trkpt lat="36.348728" lon="127.281836"><ele>389.4</ele><time>2025-07-06T00:33:58.000Z</time></trkpt>
      <trkpt lat="36.348728" lon="127.281837"><ele>391.6</ele><time>2025-07-06T00:33:59.000Z</time></trkpt>
      <trkpt lat="36.348736" lon="127.281819"><ele>389.8</ele><time>2025-07-06T00:34:04.000Z</time></trkpt>
      <trkpt lat="36.348736" lon="127.281804"><ele>389.0</ele><time>2025-07-06T00:34:07.000Z</time></trkpt>
      <trkpt lat="36.348758" lon="127.281774"><ele>391.0</ele><time>2025-07-06T00:34:15.000Z</time></trkpt>
      <trkpt lat="36.348780" lon="127.281747"><ele>391.8</ele><time>2025-07-06T00:34:22.000Z</time></trkpt>
      <trkpt lat="36.348788" lon="127.281740"><ele>392.0</ele><time>2025-07-06T00:34:24.000Z</time></trkpt>
      <trkpt lat="36.348792" lon="127.281734"><ele>393.0</ele><time>2025-07-06T00:34:26.000Z</time></trkpt>
      <trkpt lat="36.348801" lon="127.281729"><ele>395.4</ele><time>2025-07-06T00:34:28.000Z</time></trkpt>
      <trkpt lat="36.348802" lon="127.281731"><ele>396.4</ele><time>2025-07-06T00:34:29.000Z</time></trkpt>
      <trkpt lat="36.348803" lon="127.281727"><ele>397.0</ele><time>2025-07-06T00:34:31.000Z</time></trkpt>
      <trkpt lat="36.348804" lon="127.281706"><ele>396.2</ele><time>2025-07-06T00:34:39.000Z</time></trkpt>
      <trkpt lat="36.348822" lon="127.281697"><ele>395.0</ele><time>2025-07-06T00:34:43.000Z</time></trkpt>
      <trkpt lat="36.348826" lon="127.281696"><ele>393.8</ele><time>2025-07-06T00:34:44.000Z</time></trkpt>
      <trkpt lat="36.348830" lon="127.281662"><ele>395.8</ele><time>2025-07-06T00:34:49.000Z</time></trkpt>
      <trkpt lat="36.348834" lon="127.281651"><ele>397.2</ele><time>2025-07-06T00:34:52.000Z</time></trkpt>
      <trkpt lat="36.348833" lon="127.281647"><ele>397.8</ele><time>2025-07-06T00:34:53.000Z</time></trkpt>
      <trkpt lat="36.348834" lon="127.281640"><ele>399.8</ele><time>2025-07-06T00:34:54.000Z</time></trkpt>
      <trkpt lat="36.348843" lon="127.281626"><ele>401.0</ele><time>2025-07-06T00:34:56.000Z</time></trkpt>
      <trkpt lat="36.348882" lon="127.281601"><ele>402.2</ele><time>2025-07-06T00:35:03.000Z</time></trkpt>
      <trkpt lat="36.348889" lon="127.281600"><ele>402.2</ele><time>2025-07-06T00:35:04.000Z</time></trkpt>
      <trkpt lat="36.348936" lon="127.281579"><ele>403.2</ele><time>2025-07-06T00:35:11.000Z</time></trkpt>
      <trkpt lat="36.348963" lon="127.281564"><ele>402.8</ele><time>2025-07-06T00:35:15.000Z</time></trkpt>
      <trkpt lat="36.348974" lon="127.281561"><ele>401.6</ele><time>2025-07-06T00:35:17.000Z</time></trkpt>
      <trkpt lat="36.348979" lon="127.281517"><ele>401.4</ele><time>2025-07-06T00:35:23.000Z</time></trkpt>
      <trkpt lat="36.348992" lon="127.281431"><ele>402.4</ele><time>2025-07-06T00:35:35.000Z</time></trkpt>
      <trkpt lat="36.348982" lon="127.281420"><ele>402.8</ele><time>2025-07-06T00:35:37.000Z</time></trkpt>
      <trkpt lat="36.348969" lon="127.281386"><ele>404.6</ele><time>2025-07-06T00:35:46.000Z</time></trkpt>
      <trkpt lat="36.348968" lon="127.281384"><ele>405.8</ele><time>2025-07-06T00:35:47.000Z</time></trkpt>
      <trkpt lat="36.348972" lon="127.281366"><ele>404.6</ele><time>2025-07-06T00:35:52.000Z</time></trkpt>
      <trkpt lat="36.348971" lon="127.281336"><ele>404.8</ele><time>2025-07-06T00:35:57.000Z</time></trkpt>
      <trkpt lat="36.348964" lon="127.281294"><ele>405.8</ele><time>2025-07-06T00:36:02.000Z</time></trkpt>
      <trkpt lat="36.348976" lon="127.281239"><ele>406.8</ele><time>2025-07-06T00:36:09.000Z</time></trkpt>
      <trkpt lat="36.348974" lon="127.281203"><ele>408.0</ele><time>2025-07-06T00:36:15.000Z</time></trkpt>
      <trkpt lat="36.348981" lon="127.281175"><ele>408.2</ele><time>2025-07-06T00:36:19.000Z</time></trkpt>
      <trkpt lat="36.349004" lon="127.281114"><ele>408.8</ele><time>2025-07-06T00:36:27.000Z</time></trkpt>
      <trkpt lat="36.349028" lon="127.281090"><ele>409.2</ele><time>2025-07-06T00:36:31.000Z</time></trkpt>
      <trkpt lat="36.349030" lon="127.281086"><ele>411.2</ele><time>2025-07-06T00:36:32.000Z</time></trkpt>
      <trkpt lat="36.349029" lon="127.281078"><ele>412.4</ele><time>2025-07-06T00:36:33.000Z</time></trkpt>
      <trkpt lat="36.349035" lon="127.281060"><ele>413.4</ele><time>2025-07-06T00:36:36.000Z</time></trkpt>
      <trkpt lat="36.349034" lon="127.281052"><ele>413.8</ele><time>2025-07-06T00:36:37.000Z</time></trkpt>
      <trkpt lat="36.349034" lon="127.281024"><ele>414.6</ele><time>2025-07-06T00:36:42.000Z</time></trkpt>
      <trkpt lat="36.349036" lon="127.281001"><ele>415.8</ele><time>2025-07-06T00:36:45.000Z</time></trkpt>
      <trkpt lat="36.349041" lon="127.280977"><ele>416.2</ele><time>2025-07-06T00:36:49.000Z</time></trkpt>
      <trkpt lat="36.349060" lon="127.280929"><ele>417.0</ele><time>2025-07-06T00:36:56.000Z</time></trkpt>
      <trkpt lat="36.349056" lon="127.280902"><ele>417.6</ele><time>2025-07-06T00:36:59.000Z</time></trkpt>
      <trkpt lat="36.349060" lon="127.280892"><ele>418.2</ele><time>2025-07-06T00:37:01.000Z</time></trkpt>
      <trkpt lat="36.349052" lon="127.280864"><ele>419.4</ele><time>2025-07-06T00:37:05.000Z</time></trkpt>
      <trkpt lat="36.349058" lon="127.280830"><ele>420.6</ele><time>2025-07-06T00:37:09.000Z</time></trkpt>
      <trkpt lat="36.349069" lon="127.280817"><ele>421.6</ele><time>2025-07-06T00:37:12.000Z</time></trkpt>
      <trkpt lat="36.349077" lon="127.280810"><ele>422.8</ele><time>2025-07-06T00:37:14.000Z</time></trkpt>
      <trkpt lat="36.349086" lon="127.280801"><ele>424.4</ele><time>2025-07-06T00:37:16.000Z</time></trkpt>
      <trkpt lat="36.349091" lon="127.280794"><ele>425.6</ele><time>2025-07-06T00:37:18.000Z</time></trkpt>
      <trkpt lat="36.349094" lon="127.280788"><ele>425.6</ele><time>2025-07-06T00:37:21.000Z</time></trkpt>
      <trkpt lat="36.349106" lon="127.280778"><ele>424.2</ele><time>2025-07-06T00:37:25.000Z</time></trkpt>
      <trkpt lat="36.349106" lon="127.280755"><ele>424.0</ele><time>2025-07-06T00:37:32.000Z</time></trkpt>
      <trkpt lat="36.349125" lon="127.280720"><ele>425.4</ele><time>2025-07-06T00:37:39.000Z</time></trkpt>
      <trkpt lat="36.349134" lon="127.280706"><ele>425.8</ele><time>2025-07-06T00:37:41.000Z</time></trkpt>
      <trkpt lat="36.349149" lon="127.280680"><ele>426.6</ele><time>2025-07-06T00:37:47.000Z</time></trkpt>
      <trkpt lat="36.349150" lon="127.280676"><ele>426.8</ele><time>2025-07-06T00:37:48.000Z</time></trkpt>
      <trkpt lat="36.349158" lon="127.280654"><ele>427.8</ele><time>2025-07-06T00:37:52.000Z</time></trkpt>
      <trkpt lat="36.349175" lon="127.280655"><ele>428.6</ele><time>2025-07-06T00:37:56.000Z</time></trkpt>
      <trkpt lat="36.349183" lon="127.280663"><ele>428.8</ele><time>2025-07-06T00:37:58.000Z</time></trkpt>
      <trkpt lat="36.349212" lon="127.280663"><ele>430.0</ele><time>2025-07-06T00:38:04.000Z</time></trkpt>
      <trkpt lat="36.349216" lon="127.280660"><ele>430.2</ele><time>2025-07-06T00:38:05.000Z</time></trkpt>
      <trkpt lat="36.349232" lon="127.280643"><ele>431.0</ele><time>2025-07-06T00:38:10.000Z</time></trkpt>
      <trkpt lat="36.349227" lon="127.280615"><ele>431.6</ele><time>2025-07-06T00:38:15.000Z</time></trkpt>
      <trkpt lat="36.349239" lon="127.280612"><ele>432.2</ele><time>2025-07-06T00:38:18.000Z</time></trkpt>
      <trkpt lat="36.349247" lon="127.280580"><ele>433.2</ele><time>2025-07-06T00:38:25.000Z</time></trkpt>
      <trkpt lat="36.349274" lon="127.280564"><ele>434.4</ele><time>2025-07-06T00:38:31.000Z</time></trkpt>
      <trkpt lat="36.349279" lon="127.280536"><ele>435.0</ele><time>2025-07-06T00:38:35.000Z</time></trkpt>
      <trkpt lat="36.349277" lon="127.280525"><ele>435.4</ele><time>2025-07-06T00:38:39.000Z</time></trkpt>
      <trkpt lat="36.349283" lon="127.280501"><ele>436.4</ele><time>2025-07-06T00:38:44.000Z</time></trkpt>
      <trkpt lat="36.349286" lon="127.280497"><ele>436.4</ele><time>2025-07-06T00:38:45.000Z</time></trkpt>
      <trkpt lat="36.349306" lon="127.280444"><ele>437.6</ele><time>2025-07-06T00:38:53.000Z</time></trkpt>
      <trkpt lat="36.349322" lon="127.280433"><ele>438.0</ele><time>2025-07-06T00:38:56.000Z</time></trkpt>
      <trkpt lat="36.349346" lon="127.280429"><ele>438.6</ele><time>2025-07-06T00:39:01.000Z</time></trkpt>
      <trkpt lat="36.349362" lon="127.280405"><ele>439.6</ele><time>2025-07-06T00:39:06.000Z</time></trkpt>
      <trkpt lat="36.349366" lon="127.280393"><ele>439.8</ele><time>2025-07-06T00:39:08.000Z</time></trkpt>
      <trkpt lat="36.349393" lon="127.280304"><ele>440.0</ele><time>2025-07-06T00:39:19.000Z</time></trkpt>
      <trkpt lat="36.349383" lon="127.280228"><ele>439.2</ele><time>2025-07-06T00:39:31.000Z</time></trkpt>
      <trkpt lat="36.349384" lon="127.280197"><ele>438.8</ele><time>2025-07-06T00:39:34.000Z</time></trkpt>
      <trkpt lat="36.349377" lon="127.280190"><ele>438.4</ele><time>2025-07-06T00:39:38.000Z</time></trkpt>
      <trkpt lat="36.349370" lon="127.280188"><ele>438.4</ele><time>2025-07-06T00:39:41.000Z</time></trkpt>
      <trkpt lat="36.349372" lon="127.280187"><ele>438.4</ele><time>2025-07-06T00:39:42.000Z</time></trkpt>
      <trkpt lat="36.349387" lon="127.280099"><ele>438.8</ele><time>2025-07-06T00:39:50.000Z</time></trkpt>
      <trkpt lat="36.349403" lon="127.280045"><ele>439.4</ele><time>2025-07-06T00:39:56.000Z</time></trkpt>
      <trkpt lat="36.349417" lon="127.280020"><ele>440.0</ele><time>2025-07-06T00:39:59.000Z</time></trkpt>
      <trkpt lat="36.349430" lon="127.280006"><ele>440.2</ele><time>2025-07-06T00:40:01.000Z</time></trkpt>
      <trkpt lat="36.349442" lon="127.279999"><ele>440.6</ele><time>2025-07-06T00:40:04.000Z</time></trkpt>
      <trkpt lat="36.349461" lon="127.279955"><ele>441.4</ele><time>2025-07-06T00:40:10.000Z</time></trkpt>
      <trkpt lat="36.349473" lon="127.279923"><ele>441.6</ele><time>2025-07-06T00:40:13.000Z</time></trkpt>
      <trkpt lat="36.349486" lon="127.279824"><ele>442.4</ele><time>2025-07-06T00:40:22.000Z</time></trkpt>
      <trkpt lat="36.349489" lon="127.279800"><ele>442.8</ele><time>2025-07-06T00:40:25.000Z</time></trkpt>
      <trkpt lat="36.349488" lon="127.279762"><ele>443.8</ele><time>2025-07-06T00:40:32.000Z</time></trkpt>
      <trkpt lat="36.349483" lon="127.279758"><ele>444.4</ele><time>2025-07-06T00:40:35.000Z</time></trkpt>
      <trkpt lat="36.349474" lon="127.279742"><ele>444.8</ele><time>2025-07-06T00:40:38.000Z</time></trkpt>
      <trkpt lat="36.349450" lon="127.279696"><ele>445.8</ele><time>2025-07-06T00:40:47.000Z</time></trkpt>
      <trkpt lat="36.349450" lon="127.279695"><ele>446.0</ele><time>2025-07-06T00:40:48.000Z</time></trkpt>
      <trkpt lat="36.349447" lon="127.279659"><ele>446.4</ele><time>2025-07-06T00:40:59.000Z</time></trkpt>
      <trkpt lat="36.349405" lon="127.279636"><ele>446.6</ele><time>2025-07-06T00:41:09.000Z</time></trkpt>
      <trkpt lat="36.349405" lon="127.279640"><ele>447.0</ele><time>2025-07-06T00:41:11.000Z</time></trkpt>
      <trkpt lat="36.349404" lon="127.279642"><ele>448.4</ele><time>2025-07-06T00:41:13.000Z</time></trkpt>
      <trkpt lat="36.349403" lon="127.279640"><ele>449.8</ele><time>2025-07-06T00:41:14.000Z</time></trkpt>
      <trkpt lat="36.349402" lon="127.279641"><ele>450.8</ele><time>2025-07-06T00:41:15.000Z</time></trkpt>
      <trkpt lat="36.349404" lon="127.279645"><ele>452.2</ele><time>2025-07-06T00:41:16.000Z</time></trkpt>
      <trkpt lat="36.349383" lon="127.279640"><ele>453.2</ele><time>2025-07-06T00:41:22.000Z</time></trkpt>
      <trkpt lat="36.349375" lon="127.279642"><ele>452.2</ele><time>2025-07-06T00:41:24.000Z</time></trkpt>
      <trkpt lat="36.349374" lon="127.279639"><ele>450.2</ele><time>2025-07-06T00:41:25.000Z</time></trkpt>
      <trkpt lat="36.349369" lon="127.279640"><ele>449.4</ele><time>2025-07-06T00:41:27.000Z</time></trkpt>
      <trkpt lat="36.349367" lon="127.279640"><ele>449.2</ele><time>2025-07-06T00:41:28.000Z</time></trkpt>
      <trkpt lat="36.349360" lon="127.279641"><ele>450.2</ele><time>2025-07-06T00:41:32.000Z</time></trkpt>
      <trkpt lat="36.349355" lon="127.279640"><ele>451.4</ele><time>2025-07-06T00:41:33.000Z</time></trkpt>
      <trkpt lat="36.349353" lon="127.279638"><ele>452.6</ele><time>2025-07-06T00:41:34.000Z</time></trkpt>
      <trkpt lat="36.349347" lon="127.279633"><ele>452.8</ele><time>2025-07-06T00:41:36.000Z</time></trkpt>
      <trkpt lat="36.349325" lon="127.279617"><ele>453.6</ele><time>2025-07-06T00:41:43.000Z</time></trkpt>
      <trkpt lat="36.349320" lon="127.279615"><ele>455.0</ele><time>2025-07-06T00:41:44.000Z</time></trkpt>
      <trkpt lat="36.349314" lon="127.279614"><ele>456.6</ele><time>2025-07-06T00:41:45.000Z</time></trkpt>
      <trkpt lat="36.349287" lon="127.279598"><ele>456.8</ele><time>2025-07-06T00:41:51.000Z</time></trkpt>
      <trkpt lat="36.349277" lon="127.279584"><ele>457.0</ele><time>2025-07-06T00:41:56.000Z</time></trkpt>
      <trkpt lat="36.349270" lon="127.279580"><ele>457.8</ele><time>2025-07-06T00:42:00.000Z</time></trkpt>
      <trkpt lat="36.349252" lon="127.279569"><ele>458.8</ele><time>2025-07-06T00:42:04.000Z</time></trkpt>
      <trkpt lat="36.349246" lon="127.279564"><ele>459.4</ele><time>2025-07-06T00:42:06.000Z</time></trkpt>
      <trkpt lat="36.349246" lon="127.279566"><ele>460.6</ele><time>2025-07-06T00:42:07.000Z</time></trkpt>
      <trkpt lat="36.349232" lon="127.279569"><ele>460.2</ele><time>2025-07-06T00:42:12.000Z</time></trkpt>
      <trkpt lat="36.349226" lon="127.279571"><ele>459.4</ele><time>2025-07-06T00:42:13.000Z</time></trkpt>
      <trkpt lat="36.349208" lon="127.279567"><ele>458.2</ele><time>2025-07-06T00:42:15.000Z</time></trkpt>
      <trkpt lat="36.349199" lon="127.279565"><ele>456.6</ele><time>2025-07-06T00:42:16.000Z</time></trkpt>
      <trkpt lat="36.349178" lon="127.279563"><ele>455.2</ele><time>2025-07-06T00:42:18.000Z</time></trkpt>
      <trkpt lat="36.349133" lon="127.279564"><ele>454.4</ele><time>2025-07-06T00:42:24.000Z</time></trkpt>
      <trkpt lat="36.349056" lon="127.279559"><ele>455.4</ele><time>2025-07-06T00:42:33.000Z</time></trkpt>
      <trkpt lat="36.349034" lon="127.279553"><ele>455.8</ele><time>2025-07-06T00:42:36.000Z</time></trkpt>
      <trkpt lat="36.349015" lon="127.279541"><ele>454.6</ele><time>2025-07-06T00:42:41.000Z</time></trkpt>
      <trkpt lat="36.348982" lon="127.279512"><ele>456.4</ele><time>2025-07-06T00:42:52.000Z</time></trkpt>
      <trkpt lat="36.348971" lon="127.279524"><ele>457.6</ele><time>2025-07-06T00:42:57.000Z</time></trkpt>
      <trkpt lat="36.348953" lon="127.279537"><ele>458.4</ele><time>2025-07-06T00:43:05.000Z</time></trkpt>
      <trkpt lat="36.348949" lon="127.279541"><ele>458.6</ele><time>2025-07-06T00:43:06.000Z</time></trkpt>
      <trkpt lat="36.348912" lon="127.279555"><ele>460.0</ele><time>2025-07-06T00:43:11.000Z</time></trkpt>
      <trkpt lat="36.348893" lon="127.279528"><ele>460.4</ele><time>2025-07-06T00:43:15.000Z</time></trkpt>
      <trkpt lat="36.348892" lon="127.279516"><ele>461.0</ele><time>2025-07-06T00:43:18.000Z</time></trkpt>
      <trkpt lat="36.348892" lon="127.279484"><ele>461.0</ele><time>2025-07-06T00:43:25.000Z</time></trkpt>
      <trkpt lat="36.348905" lon="127.279451"><ele>462.0</ele><time>2025-07-06T00:43:34.000Z</time></trkpt>
      <trkpt lat="36.348912" lon="127.279437"><ele>462.6</ele><time>2025-07-06T00:43:37.000Z</time></trkpt>
      <trkpt lat="36.348917" lon="127.279428"><ele>463.4</ele><time>2025-07-06T00:43:38.000Z</time></trkpt>
      <trkpt lat="36.348924" lon="127.279419"><ele>465.2</ele><time>2025-07-06T00:43:40.000Z</time></trkpt>
      <trkpt lat="36.348924" lon="127.279412"><ele>466.2</ele><time>2025-07-06T00:43:42.000Z</time></trkpt>
      <trkpt lat="36.348933" lon="127.279389"><ele>467.0</ele><time>2025-07-06T00:43:47.000Z</time></trkpt>
      <trkpt lat="36.348953" lon="127.279372"><ele>467.6</ele><time>2025-07-06T00:43:54.000Z</time></trkpt>
      <trkpt lat="36.348955" lon="127.279371"><ele>467.8</ele><time>2025-07-06T00:43:55.000Z</time></trkpt>
      <trkpt lat="36.348972" lon="127.279365"><ele>468.8</ele><time>2025-07-06T00:44:00.000Z</time></trkpt>
      <trkpt lat="36.348981" lon="127.279370"><ele>469.4</ele><time>2025-07-06T00:44:02.000Z</time></trkpt>
      <trkpt lat="36.348985" lon="127.279383"><ele>469.8</ele><time>2025-07-06T00:44:05.000Z</time></trkpt>
      <trkpt lat="36.349003" lon="127.279420"><ele>471.0</ele><time>2025-07-06T00:44:11.000Z</time></trkpt>
      <trkpt lat="36.349006" lon="127.279426"><ele>471.2</ele><time>2025-07-06T00:44:12.000Z</time></trkpt>
      <trkpt lat="36.349029" lon="127.279426"><ele>471.2</ele><time>2025-07-06T00:44:19.000Z</time></trkpt>
      <trkpt lat="36.349046" lon="127.279420"><ele>472.0</ele><time>2025-07-06T00:44:26.000Z</time></trkpt>
      <trkpt lat="36.349048" lon="127.279419"><ele>472.2</ele><time>2025-07-06T00:44:27.000Z</time></trkpt>
      <trkpt lat="36.349060" lon="127.279417"><ele>474.6</ele><time>2025-07-06T00:44:31.000Z</time></trkpt>
      <trkpt lat="36.349075" lon="127.279413"><ele>475.4</ele><time>2025-07-06T00:44:36.000Z</time></trkpt>
      <trkpt lat="36.349082" lon="127.279412"><ele>475.8</ele><time>2025-07-06T00:44:39.000Z</time></trkpt>
      <trkpt lat="36.349094" lon="127.279412"><ele>476.8</ele><time>2025-07-06T00:44:47.000Z</time></trkpt>
      <trkpt lat="36.349103" lon="127.279406"><ele>477.2</ele><time>2025-07-06T00:44:51.000Z</time></trkpt>
      <trkpt lat="36.349111" lon="127.279383"><ele>478.2</ele><time>2025-07-06T00:44:55.000Z</time></trkpt>
      <trkpt lat="36.349092" lon="127.279351"><ele>479.8</ele><time>2025-07-06T00:45:02.000Z</time></trkpt>
      <trkpt lat="36.349090" lon="127.279349"><ele>481.4</ele><time>2025-07-06T00:45:03.000Z</time></trkpt>
      <trkpt lat="36.349088" lon="127.279346"><ele>483.0</ele><time>2025-07-06T00:45:05.000Z</time></trkpt>
      <trkpt lat="36.349086" lon="127.279328"><ele>484.2</ele><time>2025-07-06T00:45:10.000Z</time></trkpt>
      <trkpt lat="36.349084" lon="127.279324"><ele>484.2</ele><time>2025-07-06T00:45:11.000Z</time></trkpt>
      <trkpt lat="36.349082" lon="127.279319"><ele>484.6</ele><time>2025-07-06T00:45:19.000Z</time></trkpt>
      <trkpt lat="36.349088" lon="127.279300"><ele>485.2</ele><time>2025-07-06T00:45:26.000Z</time></trkpt>
      <trkpt lat="36.349090" lon="127.279285"><ele>486.2</ele><time>2025-07-06T00:45:31.000Z</time></trkpt>
      <trkpt lat="36.349090" lon="127.279282"><ele>486.4</ele><time>2025-07-06T00:45:32.000Z</time></trkpt>
      <trkpt lat="36.349095" lon="127.279266"><ele>487.4</ele><time>2025-07-06T00:45:38.000Z</time></trkpt>
      <trkpt lat="36.349099" lon="127.279254"><ele>487.8</ele><time>2025-07-06T00:45:41.000Z</time></trkpt>
      <trkpt lat="36.349112" lon="127.279242"><ele>488.4</ele><time>2025-07-06T00:45:44.000Z</time></trkpt>
      <trkpt lat="36.349146" lon="127.279230"><ele>489.6</ele><time>2025-07-06T00:45:52.000Z</time></trkpt>
      <trkpt lat="36.349161" lon="127.279226"><ele>490.2</ele><time>2025-07-06T00:45:56.000Z</time></trkpt>
      <trkpt lat="36.349190" lon="127.279245"><ele>488.4</ele><time>2025-07-06T00:46:05.000Z</time></trkpt>
      <trkpt lat="36.349197" lon="127.279264"><ele>489.4</ele><time>2025-07-06T00:46:10.000Z</time></trkpt>
      <trkpt lat="36.349211" lon="127.279258"><ele>488.2</ele><time>2025-07-06T00:46:15.000Z</time></trkpt>
      <trkpt lat="36.349214" lon="127.279258"><ele>488.0</ele><time>2025-07-06T00:46:16.000Z</time></trkpt>
      <trkpt lat="36.349235" lon="127.279238"><ele>489.2</ele><time>2025-07-06T00:46:25.000Z</time></trkpt>
      <trkpt lat="36.349237" lon="127.279236"><ele>489.4</ele><time>2025-07-06T00:46:26.000Z</time></trkpt>
      <trkpt lat="36.349241" lon="127.279237"><ele>490.4</ele><time>2025-07-06T00:46:30.000Z</time></trkpt>
      <trkpt lat="36.349256" lon="127.279234"><ele>490.8</ele><time>2025-07-06T00:46:36.000Z</time></trkpt>
      <trkpt lat="36.349261" lon="127.279231"><ele>491.4</ele><time>2025-07-06T00:46:38.000Z</time></trkpt>
      <trkpt lat="36.349266" lon="127.279224"><ele>492.6</ele><time>2025-07-06T00:46:41.000Z</time></trkpt>
      <trkpt lat="36.349264" lon="127.279220"><ele>495.4</ele><time>2025-07-06T00:46:44.000Z</time></trkpt>
      <trkpt lat="36.349266" lon="127.279214"><ele>496.4</ele><time>2025-07-06T00:46:47.000Z</time></trkpt>
      <trkpt lat="36.349274" lon="127.279207"><ele>494.0</ele><time>2025-07-06T00:46:50.000Z</time></trkpt>
      <trkpt lat="36.349275" lon="127.279207"><ele>493.8</ele><time>2025-07-06T00:46:51.000Z</time></trkpt>
      <trkpt lat="36.349302" lon="127.279192"><ele>493.4</ele><time>2025-07-06T00:46:58.000Z</time></trkpt>
      <trkpt lat="36.349340" lon="127.279196"><ele>493.8</ele><time>2025-07-06T00:47:03.000Z</time></trkpt>
      <trkpt lat="36.349382" lon="127.279188"><ele>495.2</ele><time>2025-07-06T00:47:11.000Z</time></trkpt>
      <trkpt lat="36.349390" lon="127.279176"><ele>496.4</ele><time>2025-07-06T00:47:14.000Z</time></trkpt>
      <trkpt lat="36.349394" lon="127.279175"><ele>497.0</ele><time>2025-07-06T00:47:15.000Z</time></trkpt>
      <trkpt lat="36.349404" lon="127.279152"><ele>497.0</ele><time>2025-07-06T00:47:24.000Z</time></trkpt>
      <trkpt lat="36.349418" lon="127.279143"><ele>497.8</ele><time>2025-07-06T00:47:28.000Z</time></trkpt>
      <trkpt lat="36.349422" lon="127.279139"><ele>499.0</ele><time>2025-07-06T00:47:30.000Z</time></trkpt>
      <trkpt lat="36.349428" lon="127.279137"><ele>500.4</ele><time>2025-07-06T00:47:32.000Z</time></trkpt>
      <trkpt lat="36.349431" lon="127.279137"><ele>502.0</ele><time>2025-07-06T00:47:33.000Z</time></trkpt>
      <trkpt lat="36.349437" lon="127.279135"><ele>502.4</ele><time>2025-07-06T00:47:34.000Z</time></trkpt>
      <trkpt lat="36.349473" lon="127.279119"><ele>503.0</ele><time>2025-07-06T00:47:42.000Z</time></trkpt>
      <trkpt lat="36.349503" lon="127.279102"><ele>503.0</ele><time>2025-07-06T00:47:46.000Z</time></trkpt>
      <trkpt lat="36.349509" lon="127.279098"><ele>503.2</ele><time>2025-07-06T00:47:47.000Z</time></trkpt>
      <trkpt lat="36.349528" lon="127.279089"><ele>503.6</ele><time>2025-07-06T00:47:52.000Z</time></trkpt>
      <trkpt lat="36.349528" lon="127.279080"><ele>504.2</ele><time>2025-07-06T00:47:56.000Z</time></trkpt>
      <trkpt lat="36.349525" lon="127.279071"><ele>504.6</ele><time>2025-07-06T00:48:00.000Z</time></trkpt>
      <trkpt lat="36.349518" lon="127.279053"><ele>505.2</ele><time>2025-07-06T00:48:06.000Z</time></trkpt>
      <trkpt lat="36.349513" lon="127.279042"><ele>506.4</ele><time>2025-07-06T00:48:11.000Z</time></trkpt>
      <trkpt lat="36.349512" lon="127.279039"><ele>506.6</ele><time>2025-07-06T00:48:14.000Z</time></trkpt>
      <trkpt lat="36.349508" lon="127.279042"><ele>507.8</ele><time>2025-07-06T00:48:17.000Z</time></trkpt>
      <trkpt lat="36.349493" lon="127.279038"><ele>509.8</ele><time>2025-07-06T00:48:23.000Z</time></trkpt>
      <trkpt lat="36.349492" lon="127.279047"><ele>510.8</ele><time>2025-07-06T00:48:25.000Z</time></trkpt>
      <trkpt lat="36.349489" lon="127.279047"><ele>512.6</ele><time>2025-07-06T00:48:26.000Z</time></trkpt>
      <trkpt lat="36.349486" lon="127.279043"><ele>512.8</ele><time>2025-07-06T00:48:29.000Z</time></trkpt>
      <trkpt lat="36.349485" lon="127.279038"><ele>511.6</ele><time>2025-07-06T00:48:31.000Z</time></trkpt>
      <trkpt lat="36.349483" lon="127.279037"><ele>510.4</ele><time>2025-07-06T00:48:32.000Z</time></trkpt>
      <trkpt lat="36.349482" lon="127.279000"><ele>510.8</ele><time>2025-07-06T00:48:43.000Z</time></trkpt>
      <trkpt lat="36.349482" lon="127.279000"><ele>511.4</ele><time>2025-07-06T00:48:45.000Z</time></trkpt>
      <trkpt lat="36.349463" lon="127.278973"><ele>511.8</ele><time>2025-07-06T00:48:50.000Z</time></trkpt>
      <trkpt lat="36.349461" lon="127.278941"><ele>511.4</ele><time>2025-07-06T00:48:58.000Z</time></trkpt>
      <trkpt lat="36.349441" lon="127.278941"><ele>514.8</ele><time>2025-07-06T00:49:04.000Z</time></trkpt>
      <trkpt lat="36.349432" lon="127.278937"><ele>516.4</ele><time>2025-07-06T00:49:07.000Z</time></trkpt>
      <trkpt lat="36.349430" lon="127.278929"><ele>516.8</ele><time>2025-07-06T00:49:08.000Z</time></trkpt>
      <trkpt lat="36.349415" lon="127.278897"><ele>516.0</ele><time>2025-07-06T00:49:16.000Z</time></trkpt>
      <trkpt lat="36.349410" lon="127.278844"><ele>516.4</ele><time>2025-07-06T00:49:24.000Z</time></trkpt>
      <trkpt lat="36.349405" lon="127.278808"><ele>517.4</ele><time>2025-07-06T00:49:29.000Z</time></trkpt>
      <trkpt lat="36.349399" lon="127.278795"><ele>519.4</ele><time>2025-07-06T00:49:31.000Z</time></trkpt>
      <trkpt lat="36.349397" lon="127.278781"><ele>520.0</ele><time>2025-07-06T00:49:33.000Z</time></trkpt>
      <trkpt lat="36.349367" lon="127.278765"><ele>521.4</ele><time>2025-07-06T00:49:41.000Z</time></trkpt>
      <trkpt lat="36.349356" lon="127.278756"><ele>523.2</ele><time>2025-07-06T00:49:44.000Z</time></trkpt>
      <trkpt lat="36.349354" lon="127.278757"><ele>525.8</ele><time>2025-07-06T00:49:45.000Z</time></trkpt>
      <trkpt lat="36.349350" lon="127.278755"><ele>527.0</ele><time>2025-07-06T00:49:46.000Z</time></trkpt>
      <trkpt lat="36.349339" lon="127.278712"><ele>525.8</ele><time>2025-07-06T00:49:52.000Z</time></trkpt>
      <trkpt lat="36.349329" lon="127.278703"><ele>524.8</ele><time>2025-07-06T00:49:54.000Z</time></trkpt>
      <trkpt lat="36.349327" lon="127.278701"><ele>524.6</ele><time>2025-07-06T00:49:55.000Z</time></trkpt>
      <trkpt lat="36.349296" lon="127.278665"><ele>524.2</ele><time>2025-07-06T00:50:05.000Z</time></trkpt>
      <trkpt lat="36.349229" lon="127.278647"><ele>524.8</ele><time>2025-07-06T00:50:21.000Z</time></trkpt>
      <trkpt lat="36.349210" lon="127.278650"><ele>526.0</ele><time>2025-07-06T00:50:26.000Z</time></trkpt>
      <trkpt lat="36.349207" lon="127.278651"><ele>527.4</ele><time>2025-07-06T00:50:27.000Z</time></trkpt>
      <trkpt lat="36.349203" lon="127.278654"><ele>529.0</ele><time>2025-07-06T00:50:29.000Z</time></trkpt>
      <trkpt lat="36.349180" lon="127.278662"><ele>529.8</ele><time>2025-07-06T00:50:35.000Z</time></trkpt>
      <trkpt lat="36.349145" lon="127.278648"><ele>529.6</ele><time>2025-07-06T00:50:40.000Z</time></trkpt>
      <trkpt lat="36.349101" lon="127.278624"><ele>529.8</ele><time>2025-07-06T00:50:46.000Z</time></trkpt>
      <trkpt lat="36.349087" lon="127.278596"><ele>530.0</ele><time>2025-07-06T00:50:49.000Z</time></trkpt>
      <trkpt lat="36.349079" lon="127.278553"><ele>529.8</ele><time>2025-07-06T00:50:56.000Z</time></trkpt>
      <trkpt lat="36.349079" lon="127.278519"><ele>530.0</ele><time>2025-07-06T00:51:00.000Z</time></trkpt>
      <trkpt lat="36.349083" lon="127.278456"><ele>528.2</ele><time>2025-07-06T00:51:07.000Z</time></trkpt>
      <trkpt lat="36.349083" lon="127.278449"><ele>526.2</ele><time>2025-07-06T00:51:08.000Z</time></trkpt>
      <trkpt lat="36.349082" lon="127.278444"><ele>525.0</ele><time>2025-07-06T00:51:09.000Z</time></trkpt>
      <trkpt lat="36.349075" lon="127.278391"><ele>523.8</ele><time>2025-07-06T00:51:17.000Z</time></trkpt>
      <trkpt lat="36.349083" lon="127.278383"><ele>523.6</ele><time>2025-07-06T00:51:18.000Z</time></trkpt>
      <trkpt lat="36.349083" lon="127.278304"><ele>524.8</ele><time>2025-07-06T00:51:25.000Z</time></trkpt>
      <trkpt lat="36.349084" lon="127.278293"><ele>525.2</ele><time>2025-07-06T00:51:26.000Z</time></trkpt>
      <trkpt lat="36.349080" lon="127.278238"><ele>525.8</ele><time>2025-07-06T00:51:31.000Z</time></trkpt>
      <trkpt lat="36.349074" lon="127.278188"><ele>526.0</ele><time>2025-07-06T00:51:36.000Z</time></trkpt>
      <trkpt lat="36.349058" lon="127.278160"><ele>526.6</ele><time>2025-07-06T00:51:40.000Z</time></trkpt>
      <trkpt lat="36.349052" lon="127.278153"><ele>527.0</ele><time>2025-07-06T00:51:41.000Z</time></trkpt>
      <trkpt lat="36.349044" lon="127.278116"><ele>527.8</ele><time>2025-07-06T00:51:45.000Z</time></trkpt>
      <trkpt lat="36.349045" lon="127.278096"><ele>528.0</ele><time>2025-07-06T00:51:47.000Z</time></trkpt>
      <trkpt lat="36.349038" lon="127.278076"><ele>528.2</ele><time>2025-07-06T00:51:50.000Z</time></trkpt>
      <trkpt lat="36.349030" lon="127.278060"><ele>528.8</ele><time>2025-07-06T00:51:53.000Z</time></trkpt>
      <trkpt lat="36.349029" lon="127.278057"><ele>530.8</ele><time>2025-07-06T00:51:54.000Z</time></trkpt>
      <trkpt lat="36.349029" lon="127.278051"><ele>531.8</ele><time>2025-07-06T00:51:55.000Z</time></trkpt>
      <trkpt lat="36.349013" lon="127.277997"><ele>531.0</ele><time>2025-07-06T00:52:03.000Z</time></trkpt>
      <trkpt lat="36.348996" lon="127.277925"><ele>532.8</ele><time>2025-07-06T00:52:17.000Z</time></trkpt>
      <trkpt lat="36.348994" lon="127.277920"><ele>534.0</ele><time>2025-07-06T00:52:18.000Z</time></trkpt>
      <trkpt lat="36.348992" lon="127.277916"><ele>535.0</ele><time>2025-07-06T00:52:19.000Z</time></trkpt>
      <trkpt lat="36.348990" lon="127.277906"><ele>535.4</ele><time>2025-07-06T00:52:21.000Z</time></trkpt>
      <trkpt lat="36.348985" lon="127.277879"><ele>536.0</ele><time>2025-07-06T00:52:26.000Z</time></trkpt>
      <trkpt lat="36.348986" lon="127.277867"><ele>537.2</ele><time>2025-07-06T00:52:29.000Z</time></trkpt>
      <trkpt lat="36.348987" lon="127.277866"><ele>538.4</ele><time>2025-07-06T00:52:32.000Z</time></trkpt>
      <trkpt lat="36.348982" lon="127.277876"><ele>537.4</ele><time>2025-07-06T00:52:39.000Z</time></trkpt>
      <trkpt lat="36.348982" lon="127.277875"><ele>537.0</ele><time>2025-07-06T00:52:40.000Z</time></trkpt>
      <trkpt lat="36.348982" lon="127.277872"><ele>536.8</ele><time>2025-07-06T00:52:42.000Z</time></trkpt>
      <trkpt lat="36.348980" lon="127.277871"><ele>536.6</ele><time>2025-07-06T00:52:43.000Z</time></trkpt>
      <trkpt lat="36.348979" lon="127.277870"><ele>536.6</ele><time>2025-07-06T00:52:44.000Z</time></trkpt>
      <trkpt lat="36.348971" lon="127.277869"><ele>536.6</ele><time>2025-07-06T00:52:54.000Z</time></trkpt>
      <trkpt lat="36.348971" lon="127.277872"><ele>536.6</ele><time>2025-07-06T00:52:58.000Z</time></trkpt>
      <trkpt lat="36.348966" lon="127.277878"><ele>537.2</ele><time>2025-07-06T00:53:10.000Z</time></trkpt>
      <trkpt lat="36.348964" lon="127.277891"><ele>537.4</ele><time>2025-07-06T00:53:17.000Z</time></trkpt>
      <trkpt lat="36.348968" lon="127.277907"><ele>537.2</ele><time>2025-07-06T00:53:27.000Z</time></trkpt>
      <trkpt lat="36.348967" lon="127.277916"><ele>537.2</ele><time>2025-07-06T00:53:31.000Z</time></trkpt>
      <trkpt lat="36.348969" lon="127.277915"><ele>537.2</ele><time>2025-07-06T00:53:35.000Z</time></trkpt>
      <trkpt lat="36.348969" lon="127.277911"><ele>537.2</ele><time>2025-07-06T00:53:42.000Z</time></trkpt>
      <trkpt lat="36.348964" lon="127.277917"><ele>537.2</ele><time>2025-07-06T00:53:50.000Z</time></trkpt>
      <trkpt lat="36.348929" lon="127.277941"><ele>536.0</ele><time>2025-07-06T00:54:00.000Z</time></trkpt>
      <trkpt lat="36.348925" lon="127.277941"><ele>535.6</ele><time>2025-07-06T00:54:02.000Z</time></trkpt>
      <trkpt lat="36.348918" lon="127.277939"><ele>535.4</ele><time>2025-07-06T00:54:06.000Z</time></trkpt>
      <trkpt lat="36.348914" lon="127.277941"><ele>535.2</ele><time>2025-07-06T00:54:13.000Z</time></trkpt>
      <trkpt lat="36.348910" lon="127.277940"><ele>535.4</ele><time>2025-07-06T00:54:22.000Z</time></trkpt>
      <trkpt lat="36.348905" lon="127.277931"><ele>535.4</ele><time>2025-07-06T00:54:31.000Z</time></trkpt>
      <trkpt lat="36.348901" lon="127.277931"><ele>535.4</ele><time>2025-07-06T00:54:41.000Z</time></trkpt>
      <trkpt lat="36.348903" lon="127.277931"><ele>535.6</ele><time>2025-07-06T00:54:43.000Z</time></trkpt>
      <trkpt lat="36.348882" lon="127.277921"><ele>535.2</ele><time>2025-07-06T00:54:52.000Z</time></trkpt>
      <trkpt lat="36.348880" lon="127.277924"><ele>535.0</ele><time>2025-07-06T00:54:58.000Z</time></trkpt>
      <trkpt lat="36.348863" lon="127.277940"><ele>534.8</ele><time>2025-07-06T00:55:03.000Z</time></trkpt>
      <trkpt lat="36.348839" lon="127.277948"><ele>533.8</ele><time>2025-07-06T00:55:11.000Z</time></trkpt>
      <trkpt lat="36.348833" lon="127.277950"><ele>533.6</ele><time>2025-07-06T00:55:12.000Z</time></trkpt>
      <trkpt lat="36.348815" lon="127.277953"><ele>532.8</ele><time>2025-07-06T00:55:17.000Z</time></trkpt>
      <trkpt lat="36.348806" lon="127.277941"><ele>532.2</ele><time>2025-07-06T00:55:28.000Z</time></trkpt>
      <trkpt lat="36.348805" lon="127.277939"><ele>532.2</ele><time>2025-07-06T00:55:32.000Z</time></trkpt>
      <trkpt lat="36.348815" lon="127.277945"><ele>532.2</ele><time>2025-07-06T00:55:42.000Z</time></trkpt>
      <trkpt lat="36.348818" lon="127.277952"><ele>532.2</ele><time>2025-07-06T00:55:47.000Z</time></trkpt>
      <trkpt lat="36.348800" lon="127.277955"><ele>532.6</ele><time>2025-07-06T00:56:00.000Z</time></trkpt>
      <trkpt lat="36.348794" lon="127.277955"><ele>532.6</ele><time>2025-07-06T00:56:01.000Z</time></trkpt>
      <trkpt lat="36.348692" lon="127.277913"><ele>531.8</ele><time>2025-07-06T00:56:15.000Z</time></trkpt>
      <trkpt lat="36.348679" lon="127.277915"><ele>531.6</ele><time>2025-07-06T00:56:17.000Z</time></trkpt>
      <trkpt lat="36.348634" lon="127.277885"><ele>531.2</ele><time>2025-07-06T00:56:26.000Z</time></trkpt>
      <trkpt lat="36.348568" lon="127.277868"><ele>531.0</ele><time>2025-07-06T00:56:38.000Z</time></trkpt>
      <trkpt lat="36.348487" lon="127.277855"><ele>531.0</ele><time>2025-07-06T00:56:47.000Z</time></trkpt>
      <trkpt lat="36.348483" lon="127.277847"><ele>531.0</ele><time>2025-07-06T00:56:48.000Z</time></trkpt>
      <trkpt lat="36.348477" lon="127.277840"><ele>531.2</ele><time>2025-07-06T00:56:49.000Z</time></trkpt>
      <trkpt lat="36.348442" lon="127.277811"><ele>531.2</ele><time>2025-07-06T00:56:53.000Z</time></trkpt>
      <trkpt lat="36.348387" lon="127.277799"><ele>531.4</ele><time>2025-07-06T00:56:59.000Z</time></trkpt>
      <trkpt lat="36.348325" lon="127.277760"><ele>532.2</ele><time>2025-07-06T00:57:06.000Z</time></trkpt>
      <trkpt lat="36.348307" lon="127.277739"><ele>532.6</ele><time>2025-07-06T00:57:09.000Z</time></trkpt>
      <trkpt lat="36.348300" lon="127.277740"><ele>532.8</ele><time>2025-07-06T00:57:10.000Z</time></trkpt>
      <trkpt lat="36.348265" lon="127.277723"><ele>533.4</ele><time>2025-07-06T00:57:14.000Z</time></trkpt>
      <trkpt lat="36.348261" lon="127.277718"><ele>533.6</ele><time>2025-07-06T00:57:15.000Z</time></trkpt>
      <trkpt lat="36.348230" lon="127.277711"><ele>533.0</ele><time>2025-07-06T00:57:26.000Z</time></trkpt>
      <trkpt lat="36.348145" lon="127.277679"><ele>533.0</ele><time>2025-07-06T00:57:35.000Z</time></trkpt>
      <trkpt lat="36.348078" lon="127.277697"><ele>531.8</ele><time>2025-07-06T00:57:43.000Z</time></trkpt>
      <trkpt lat="36.348066" lon="127.277698"><ele>531.6</ele><time>2025-07-06T00:57:44.000Z</time></trkpt>
      <trkpt lat="36.348057" lon="127.277695"><ele>531.6</ele><time>2025-07-06T00:57:45.000Z</time></trkpt>
      <trkpt lat="36.348014" lon="127.277664"><ele>531.0</ele><time>2025-07-06T00:57:50.000Z</time></trkpt>
      <trkpt lat="36.347975" lon="127.277671"><ele>530.6</ele><time>2025-07-06T00:57:53.000Z</time></trkpt>
      <trkpt lat="36.347902" lon="127.277645"><ele>530.2</ele><time>2025-07-06T00:58:00.000Z</time></trkpt>
      <trkpt lat="36.347897" lon="127.277640"><ele>529.2</ele><time>2025-07-06T00:58:01.000Z</time></trkpt>
      <trkpt lat="36.347876" lon="127.277629"><ele>528.0</ele><time>2025-07-06T00:58:04.000Z</time></trkpt>
      <trkpt lat="36.347848" lon="127.277638"><ele>528.2</ele><time>2025-07-06T00:58:07.000Z</time></trkpt>
      <trkpt lat="36.347826" lon="127.277606"><ele>529.2</ele><time>2025-07-06T00:58:13.000Z</time></trkpt>
      <trkpt lat="36.347813" lon="127.277584"><ele>530.4</ele><time>2025-07-06T00:58:18.000Z</time></trkpt>
      <trkpt lat="36.347800" lon="127.277577"><ele>530.4</ele><time>2025-07-06T00:58:20.000Z</time></trkpt>
      <trkpt lat="36.347792" lon="127.277561"><ele>529.6</ele><time>2025-07-06T00:58:22.000Z</time></trkpt>
      <trkpt lat="36.347786" lon="127.277557"><ele>529.2</ele><time>2025-07-06T00:58:23.000Z</time></trkpt>
      <trkpt lat="36.347770" lon="127.277547"><ele>528.6</ele><time>2025-07-06T00:58:25.000Z</time></trkpt>
      <trkpt lat="36.347746" lon="127.277539"><ele>527.8</ele><time>2025-07-06T00:58:28.000Z</time></trkpt>
      <trkpt lat="36.347743" lon="127.277539"><ele>527.6</ele><time>2025-07-06T00:58:29.000Z</time></trkpt>
      <trkpt lat="36.347717" lon="127.277539"><ele>527.8</ele><time>2025-07-06T00:58:36.000Z</time></trkpt>
      <trkpt lat="36.347676" lon="127.277512"><ele>527.0</ele><time>2025-07-06T00:58:45.000Z</time></trkpt>
      <trkpt lat="36.347674" lon="127.277508"><ele>526.6</ele><time>2025-07-06T00:58:46.000Z</time></trkpt>
      <trkpt lat="36.347674" lon="127.277506"><ele>526.2</ele><time>2025-07-06T00:58:47.000Z</time></trkpt>
      <trkpt lat="36.347666" lon="127.277497"><ele>525.6</ele><time>2025-07-06T00:58:51.000Z</time></trkpt>
      <trkpt lat="36.347663" lon="127.277494"><ele>525.4</ele><time>2025-07-06T00:58:52.000Z</time></trkpt>
      <trkpt lat="36.347655" lon="127.277488"><ele>524.0</ele><time>2025-07-06T00:58:55.000Z</time></trkpt>
      <trkpt lat="36.347638" lon="127.277475"><ele>522.6</ele><time>2025-07-06T00:58:58.000Z</time></trkpt>
      <trkpt lat="36.347614" lon="127.277469"><ele>521.4</ele><time>2025-07-06T00:59:01.000Z</time></trkpt>
      <trkpt lat="36.347609" lon="127.277467"><ele>521.2</ele><time>2025-07-06T00:59:02.000Z</time></trkpt>
      <trkpt lat="36.347582" lon="127.277463"><ele>520.2</ele><time>2025-07-06T00:59:07.000Z</time></trkpt>
      <trkpt lat="36.347539" lon="127.277452"><ele>519.6</ele><time>2025-07-06T00:59:14.000Z</time></trkpt>
      <trkpt lat="36.347532" lon="127.277452"><ele>519.2</ele><time>2025-07-06T00:59:15.000Z</time></trkpt>
      <trkpt lat="36.347507" lon="127.277450"><ele>518.0</ele><time>2025-07-06T00:59:19.000Z</time></trkpt>
      <trkpt lat="36.347495" lon="127.277442"><ele>516.6</ele><time>2025-07-06T00:59:21.000Z</time></trkpt>
      <trkpt lat="36.347481" lon="127.277428"><ele>515.6</ele><time>2025-07-06T00:59:26.000Z</time></trkpt>
      <trkpt lat="36.347473" lon="127.277430"><ele>515.6</ele><time>2025-07-06T00:59:27.000Z</time></trkpt>
      <trkpt lat="36.347410" lon="127.277426"><ele>514.8</ele><time>2025-07-06T00:59:36.000Z</time></trkpt>
      <trkpt lat="36.347369" lon="127.277411"><ele>515.6</ele><time>2025-07-06T00:59:45.000Z</time></trkpt>
      <trkpt lat="36.347285" lon="127.277387"><ele>515.4</ele><time>2025-07-06T00:59:54.000Z</time></trkpt>
      <trkpt lat="36.347247" lon="127.277347"><ele>516.0</ele><time>2025-07-06T01:00:01.000Z</time></trkpt>
      <trkpt lat="36.347208" lon="127.277333"><ele>516.2</ele><time>2025-07-06T01:00:06.000Z</time></trkpt>
      <trkpt lat="36.347179" lon="127.277337"><ele>516.0</ele><time>2025-07-06T01:00:10.000Z</time></trkpt>
      <trkpt lat="36.347124" lon="127.277321"><ele>515.0</ele><time>2025-07-06T01:00:17.000Z</time></trkpt>
      <trkpt lat="36.347078" lon="127.277292"><ele>514.4</ele><time>2025-07-06T01:00:23.000Z</time></trkpt>
      <trkpt lat="36.347059" lon="127.277285"><ele>513.2</ele><time>2025-07-06T01:00:25.000Z</time></trkpt>
      <trkpt lat="36.347023" lon="127.277283"><ele>513.4</ele><time>2025-07-06T01:00:30.000Z</time></trkpt>
      <trkpt lat="36.346993" lon="127.277253"><ele>513.0</ele><time>2025-07-06T01:00:37.000Z</time></trkpt>
      <trkpt lat="36.346990" lon="127.277249"><ele>511.6</ele><time>2025-07-06T01:00:38.000Z</time></trkpt>
      <trkpt lat="36.346980" lon="127.277245"><ele>511.4</ele><time>2025-07-06T01:00:40.000Z</time></trkpt>
      <trkpt lat="36.346918" lon="127.277197"><ele>510.4</ele><time>2025-07-06T01:00:50.000Z</time></trkpt>
      <trkpt lat="36.346906" lon="127.277175"><ele>509.8</ele><time>2025-07-06T01:00:53.000Z</time></trkpt>
      <trkpt lat="36.346871" lon="127.277150"><ele>509.2</ele><time>2025-07-06T01:00:58.000Z</time></trkpt>
      <trkpt lat="36.346862" lon="127.277143"><ele>507.2</ele><time>2025-07-06T01:01:00.000Z</time></trkpt>
      <trkpt lat="36.346854" lon="127.277128"><ele>506.0</ele><time>2025-07-06T01:01:03.000Z</time></trkpt>
      <trkpt lat="36.346817" lon="127.277106"><ele>505.8</ele><time>2025-07-06T01:01:08.000Z</time></trkpt>
      <trkpt lat="36.346806" lon="127.277093"><ele>504.8</ele><time>2025-07-06T01:01:10.000Z</time></trkpt>
      <trkpt lat="36.346783" lon="127.277073"><ele>504.4</ele><time>2025-07-06T01:01:13.000Z</time></trkpt>
      <trkpt lat="36.346754" lon="127.277052"><ele>503.8</ele><time>2025-07-06T01:01:16.000Z</time></trkpt>
      <trkpt lat="36.346739" lon="127.277002"><ele>503.4</ele><time>2025-07-06T01:01:22.000Z</time></trkpt>
      <trkpt lat="36.346753" lon="127.276986"><ele>504.0</ele><time>2025-07-06T01:01:25.000Z</time></trkpt>
      <trkpt lat="36.346747" lon="127.276968"><ele>504.4</ele><time>2025-07-06T01:01:30.000Z</time></trkpt>
      <trkpt lat="36.346743" lon="127.276960"><ele>504.8</ele><time>2025-07-06T01:01:32.000Z</time></trkpt>
      <trkpt lat="36.346741" lon="127.276949"><ele>506.2</ele><time>2025-07-06T01:01:34.000Z</time></trkpt>
      <trkpt lat="36.346726" lon="127.276938"><ele>509.0</ele><time>2025-07-06T01:01:37.000Z</time></trkpt>
      <trkpt lat="36.346715" lon="127.276933"><ele>510.2</ele><time>2025-07-06T01:01:40.000Z</time></trkpt>
      <trkpt lat="36.346704" lon="127.276929"><ele>511.8</ele><time>2025-07-06T01:01:42.000Z</time></trkpt>
      <trkpt lat="36.346697" lon="127.276921"><ele>512.6</ele><time>2025-07-06T01:01:44.000Z</time></trkpt>
      <trkpt lat="36.346697" lon="127.276915"><ele>512.6</ele><time>2025-07-06T01:01:46.000Z</time></trkpt>
      <trkpt lat="36.346688" lon="127.276903"><ele>512.8</ele><time>2025-07-06T01:01:48.000Z</time></trkpt>
      <trkpt lat="36.346685" lon="127.276899"><ele>513.0</ele><time>2025-07-06T01:01:49.000Z</time></trkpt>
      <trkpt lat="36.346681" lon="127.276888"><ele>513.0</ele><time>2025-07-06T01:01:50.000Z</time></trkpt>
      <trkpt lat="36.346677" lon="127.276880"><ele>513.0</ele><time>2025-07-06T01:01:51.000Z</time></trkpt>
      <trkpt lat="36.346657" lon="127.276873"><ele>513.2</ele><time>2025-07-06T01:01:55.000Z</time></trkpt>
      <trkpt lat="36.346641" lon="127.276858"><ele>513.8</ele><time>2025-07-06T01:01:58.000Z</time></trkpt>
      <trkpt lat="36.346643" lon="127.276849"><ele>514.4</ele><time>2025-07-06T01:02:00.000Z</time></trkpt>
      <trkpt lat="36.346643" lon="127.276844"><ele>514.6</ele><time>2025-07-06T01:02:01.000Z</time></trkpt>
      <trkpt lat="36.346648" lon="127.276827"><ele>515.0</ele><time>2025-07-06T01:02:04.000Z</time></trkpt>
      <trkpt lat="36.346631" lon="127.276805"><ele>515.8</ele><time>2025-07-06T01:02:10.000Z</time></trkpt>
      <trkpt lat="36.346624" lon="127.276804"><ele>515.8</ele><time>2025-07-06T01:02:12.000Z</time></trkpt>
      <trkpt lat="36.346622" lon="127.276803"><ele>516.4</ele><time>2025-07-06T01:02:13.000Z</time></trkpt>
      <trkpt lat="36.346608" lon="127.276803"><ele>517.6</ele><time>2025-07-06T01:02:17.000Z</time></trkpt>
      <trkpt lat="36.346583" lon="127.276769"><ele>518.2</ele><time>2025-07-06T01:02:27.000Z</time></trkpt>
      <trkpt lat="36.346581" lon="127.276748"><ele>518.6</ele><time>2025-07-06T01:02:30.000Z</time></trkpt>
      <trkpt lat="36.346576" lon="127.276705"><ele>519.6</ele><time>2025-07-06T01:02:38.000Z</time></trkpt>
      <trkpt lat="36.346540" lon="127.276686"><ele>521.0</ele><time>2025-07-06T01:02:49.000Z</time></trkpt>
      <trkpt lat="36.346515" lon="127.276670"><ele>522.2</ele><time>2025-07-06T01:02:55.000Z</time></trkpt>
      <trkpt lat="36.346502" lon="127.276663"><ele>523.2</ele><time>2025-07-06T01:03:00.000Z</time></trkpt>
      <trkpt lat="36.346497" lon="127.276661"><ele>524.4</ele><time>2025-07-06T01:03:01.000Z</time></trkpt>
      <trkpt lat="36.346487" lon="127.276653"><ele>524.4</ele><time>2025-07-06T01:03:04.000Z</time></trkpt>
      <trkpt lat="36.346485" lon="127.276651"><ele>523.2</ele><time>2025-07-06T01:03:05.000Z</time></trkpt>
      <trkpt lat="36.346441" lon="127.276619"><ele>523.0</ele><time>2025-07-06T01:03:19.000Z</time></trkpt>
      <trkpt lat="36.346434" lon="127.276609"><ele>524.4</ele><time>2025-07-06T01:03:22.000Z</time></trkpt>
      <trkpt lat="36.346410" lon="127.276590"><ele>524.6</ele><time>2025-07-06T01:03:29.000Z</time></trkpt>
      <trkpt lat="36.346356" lon="127.276548"><ele>524.0</ele><time>2025-07-06T01:03:40.000Z</time></trkpt>
      <trkpt lat="36.346315" lon="127.276523"><ele>523.6</ele><time>2025-07-06T01:03:46.000Z</time></trkpt>
      <trkpt lat="36.346291" lon="127.276520"><ele>524.0</ele><time>2025-07-06T01:03:49.000Z</time></trkpt>
      <trkpt lat="36.346239" lon="127.276468"><ele>524.2</ele><time>2025-07-06T01:03:59.000Z</time></trkpt>
      <trkpt lat="36.346218" lon="127.276452"><ele>524.6</ele><time>2025-07-06T01:04:04.000Z</time></trkpt>
      <trkpt lat="36.346199" lon="127.276422"><ele>525.4</ele><time>2025-07-06T01:04:08.000Z</time></trkpt>
      <trkpt lat="36.346194" lon="127.276413"><ele>525.4</ele><time>2025-07-06T01:04:09.000Z</time></trkpt>
      <trkpt lat="36.346158" lon="127.276368"><ele>526.0</ele><time>2025-07-06T01:04:16.000Z</time></trkpt>
      <trkpt lat="36.346107" lon="127.276308"><ele>525.4</ele><time>2025-07-06T01:04:25.000Z</time></trkpt>
      <trkpt lat="36.346060" lon="127.276263"><ele>526.6</ele><time>2025-07-06T01:04:33.000Z</time></trkpt>
      <trkpt lat="36.346056" lon="127.276260"><ele>526.6</ele><time>2025-07-06T01:04:34.000Z</time></trkpt>
      <trkpt lat="36.346033" lon="127.276246"><ele>527.8</ele><time>2025-07-06T01:04:38.000Z</time></trkpt>
      <trkpt lat="36.346013" lon="127.276234"><ele>528.4</ele><time>2025-07-06T01:04:43.000Z</time></trkpt>
      <trkpt lat="36.345964" lon="127.276221"><ele>527.6</ele><time>2025-07-06T01:04:52.000Z</time></trkpt>
      <trkpt lat="36.345951" lon="127.276209"><ele>527.4</ele><time>2025-07-06T01:04:55.000Z</time></trkpt>
      <trkpt lat="36.345939" lon="127.276198"><ele>527.4</ele><time>2025-07-06T01:04:57.000Z</time></trkpt>
      <trkpt lat="36.345907" lon="127.276165"><ele>528.6</ele><time>2025-07-06T01:05:03.000Z</time></trkpt>
      <trkpt lat="36.345856" lon="127.276155"><ele>528.0</ele><time>2025-07-06T01:05:10.000Z</time></trkpt>
      <trkpt lat="36.345770" lon="127.276130"><ele>527.2</ele><time>2025-07-06T01:05:19.000Z</time></trkpt>
      <trkpt lat="36.345711" lon="127.276107"><ele>526.8</ele><time>2025-07-06T01:05:26.000Z</time></trkpt>
      <trkpt lat="36.345656" lon="127.276098"><ele>529.0</ele><time>2025-07-06T01:05:32.000Z</time></trkpt>
      <trkpt lat="36.345639" lon="127.276089"><ele>529.8</ele><time>2025-07-06T01:05:34.000Z</time></trkpt>
      <trkpt lat="36.345632" lon="127.276084"><ele>530.4</ele><time>2025-07-06T01:05:35.000Z</time></trkpt>
      <trkpt lat="36.345623" lon="127.276082"><ele>531.4</ele><time>2025-07-06T01:05:36.000Z</time></trkpt>
      <trkpt lat="36.345614" lon="127.276082"><ele>532.0</ele><time>2025-07-06T01:05:37.000Z</time></trkpt>
      <trkpt lat="36.345554" lon="127.276058"><ele>532.4</ele><time>2025-07-06T01:05:44.000Z</time></trkpt>
      <trkpt lat="36.345529" lon="127.276022"><ele>531.0</ele><time>2025-07-06T01:05:50.000Z</time></trkpt>
      <trkpt lat="36.345516" lon="127.276006"><ele>531.0</ele><time>2025-07-06T01:05:52.000Z</time></trkpt>
      <trkpt lat="36.345486" lon="127.275991"><ele>532.2</ele><time>2025-07-06T01:05:56.000Z</time></trkpt>
      <trkpt lat="36.345446" lon="127.275943"><ele>532.2</ele><time>2025-07-06T01:06:04.000Z</time></trkpt>
      <trkpt lat="36.345410" lon="127.275922"><ele>533.0</ele><time>2025-07-06T01:06:13.000Z</time></trkpt>
      <trkpt lat="36.345392" lon="127.275918"><ele>531.8</ele><time>2025-07-06T01:06:18.000Z</time></trkpt>
      <trkpt lat="36.345382" lon="127.275914"><ele>530.6</ele><time>2025-07-06T01:06:19.000Z</time></trkpt>
      <trkpt lat="36.345363" lon="127.275909"><ele>529.6</ele><time>2025-07-06T01:06:21.000Z</time></trkpt>
      <trkpt lat="36.345296" lon="127.275890"><ele>529.6</ele><time>2025-07-06T01:06:29.000Z</time></trkpt>
      <trkpt lat="36.345225" lon="127.275843"><ele>528.6</ele><time>2025-07-06T01:06:36.000Z</time></trkpt>
      <trkpt lat="36.345191" lon="127.275819"><ele>530.0</ele><time>2025-07-06T01:06:40.000Z</time></trkpt>
      <trkpt lat="36.345173" lon="127.275795"><ele>530.8</ele><time>2025-07-06T01:06:42.000Z</time></trkpt>
      <trkpt lat="36.345164" lon="127.275789"><ele>531.0</ele><time>2025-07-06T01:06:43.000Z</time></trkpt>
      <trkpt lat="36.345110" lon="127.275773"><ele>530.4</ele><time>2025-07-06T01:06:49.000Z</time></trkpt>
      <trkpt lat="36.345092" lon="127.275768"><ele>529.0</ele><time>2025-07-06T01:06:51.000Z</time></trkpt>
      <trkpt lat="36.345064" lon="127.275768"><ele>527.2</ele><time>2025-07-06T01:06:54.000Z</time></trkpt>
      <trkpt lat="36.345044" lon="127.275765"><ele>526.2</ele><time>2025-07-06T01:06:57.000Z</time></trkpt>
      <trkpt lat="36.345039" lon="127.275756"><ele>525.8</ele><time>2025-07-06T01:06:59.000Z</time></trkpt>
      <trkpt lat="36.345027" lon="127.275770"><ele>527.6</ele><time>2025-07-06T01:07:03.000Z</time></trkpt>
      <trkpt lat="36.345000" lon="127.275766"><ele>528.8</ele><time>2025-07-06T01:07:06.000Z</time></trkpt>
      <trkpt lat="36.344991" lon="127.275759"><ele>529.6</ele><time>2025-07-06T01:07:07.000Z</time></trkpt>
      <trkpt lat="36.344982" lon="127.275757"><ele>530.6</ele><time>2025-07-06T01:07:08.000Z</time></trkpt>
      <trkpt lat="36.344936" lon="127.275737"><ele>530.6</ele><time>2025-07-06T01:07:13.000Z</time></trkpt>
      <trkpt lat="36.344914" lon="127.275736"><ele>530.4</ele><time>2025-07-06T01:07:15.000Z</time></trkpt>
      <trkpt lat="36.344886" lon="127.275729"><ele>530.0</ele><time>2025-07-06T01:07:17.000Z</time></trkpt>
      <trkpt lat="36.344873" lon="127.275701"><ele>529.2</ele><time>2025-07-06T01:07:19.000Z</time></trkpt>
      <trkpt lat="36.344867" lon="127.275680"><ele>529.2</ele><time>2025-07-06T01:07:21.000Z</time></trkpt>
      <trkpt lat="36.344827" lon="127.275662"><ele>529.2</ele><time>2025-07-06T01:07:25.000Z</time></trkpt>
      <trkpt lat="36.344806" lon="127.275647"><ele>529.2</ele><time>2025-07-06T01:07:27.000Z</time></trkpt>
      <trkpt lat="36.344785" lon="127.275629"><ele>528.8</ele><time>2025-07-06T01:07:29.000Z</time></trkpt>
      <trkpt lat="36.344744" lon="127.275585"><ele>528.4</ele><time>2025-07-06T01:07:34.000Z</time></trkpt>
      <trkpt lat="36.344735" lon="127.275579"><ele>528.4</ele><time>2025-07-06T01:07:35.000Z</time></trkpt>
      <trkpt lat="36.344718" lon="127.275552"><ele>528.6</ele><time>2025-07-06T01:07:37.000Z</time></trkpt>
      <trkpt lat="36.344680" lon="127.275505"><ele>529.2</ele><time>2025-07-06T01:07:42.000Z</time></trkpt>
      <trkpt lat="36.344653" lon="127.275470"><ele>529.0</ele><time>2025-07-06T01:07:45.000Z</time></trkpt>
      <trkpt lat="36.344632" lon="127.275408"><ele>528.4</ele><time>2025-07-06T01:07:49.000Z</time></trkpt>
      <trkpt lat="36.344645" lon="127.275286"><ele>529.2</ele><time>2025-07-06T01:07:57.000Z</time></trkpt>
      <trkpt lat="36.344646" lon="127.275272"><ele>529.2</ele><time>2025-07-06T01:07:58.000Z</time></trkpt>
      <trkpt lat="36.344646" lon="127.275217"><ele>528.8</ele><time>2025-07-06T01:08:02.000Z</time></trkpt>
      <trkpt lat="36.344641" lon="127.275208"><ele>528.8</ele><time>2025-07-06T01:08:03.000Z</time></trkpt>
      <trkpt lat="36.344622" lon="127.275127"><ele>528.2</ele><time>2025-07-06T01:08:09.000Z</time></trkpt>
      <trkpt lat="36.344611" lon="127.275096"><ele>528.0</ele><time>2025-07-06T01:08:12.000Z</time></trkpt>
      <trkpt lat="36.344610" lon="127.275045"><ele>527.6</ele><time>2025-07-06T01:08:15.000Z</time></trkpt>
      <trkpt lat="36.344624" lon="127.275010"><ele>527.2</ele><time>2025-07-06T01:08:18.000Z</time></trkpt>
      <trkpt lat="36.344614" lon="127.274939"><ele>526.6</ele><time>2025-07-06T01:08:25.000Z</time></trkpt>
      <trkpt lat="36.344608" lon="127.274911"><ele>526.2</ele><time>2025-07-06T01:08:27.000Z</time></trkpt>
      <trkpt lat="36.344569" lon="127.274863"><ele>525.4</ele><time>2025-07-06T01:08:32.000Z</time></trkpt>
      <trkpt lat="36.344566" lon="127.274849"><ele>525.2</ele><time>2025-07-06T01:08:33.000Z</time></trkpt>
      <trkpt lat="36.344566" lon="127.274836"><ele>525.0</ele><time>2025-07-06T01:08:34.000Z</time></trkpt>
      <trkpt lat="36.344567" lon="127.274825"><ele>524.8</ele><time>2025-07-06T01:08:35.000Z</time></trkpt>
      <trkpt lat="36.344557" lon="127.274795"><ele>524.6</ele><time>2025-07-06T01:08:37.000Z</time></trkpt>
      <trkpt lat="36.344542" lon="127.274749"><ele>523.8</ele><time>2025-07-06T01:08:41.000Z</time></trkpt>
      <trkpt lat="36.344500" lon="127.274738"><ele>523.0</ele><time>2025-07-06T01:08:46.000Z</time></trkpt>
      <trkpt lat="36.344471" lon="127.274727"><ele>522.8</ele><time>2025-07-06T01:08:49.000Z</time></trkpt>
      <trkpt lat="36.344460" lon="127.274684"><ele>522.6</ele><time>2025-07-06T01:08:52.000Z</time></trkpt>
      <trkpt lat="36.344437" lon="127.274640"><ele>522.2</ele><time>2025-07-06T01:08:56.000Z</time></trkpt>
      <trkpt lat="36.344440" lon="127.274607"><ele>521.8</ele><time>2025-07-06T01:08:59.000Z</time></trkpt>
      <trkpt lat="36.344406" lon="127.274542"><ele>520.6</ele><time>2025-07-06T01:09:06.000Z</time></trkpt>
      <trkpt lat="36.344372" lon="127.274507"><ele>519.6</ele><time>2025-07-06T01:09:10.000Z</time></trkpt>
      <trkpt lat="36.344331" lon="127.274463"><ele>519.0</ele><time>2025-07-06T01:09:15.000Z</time></trkpt>
      <trkpt lat="36.344323" lon="127.274438"><ele>518.8</ele><time>2025-07-06T01:09:17.000Z</time></trkpt>
      <trkpt lat="36.344316" lon="127.274416"><ele>518.4</ele><time>2025-07-06T01:09:19.000Z</time></trkpt>
      <trkpt lat="36.344292" lon="127.274366"><ele>518.2</ele><time>2025-07-06T01:09:24.000Z</time></trkpt>
      <trkpt lat="36.344253" lon="127.274272"><ele>517.4</ele><time>2025-07-06T01:09:33.000Z</time></trkpt>
      <trkpt lat="36.344250" lon="127.274251"><ele>517.2</ele><time>2025-07-06T01:09:36.000Z</time></trkpt>
      <trkpt lat="36.344245" lon="127.274243"><ele>517.2</ele><time>2025-07-06T01:09:37.000Z</time></trkpt>
      <trkpt lat="36.344242" lon="127.274230"><ele>517.0</ele><time>2025-07-06T01:09:38.000Z</time></trkpt>
      <trkpt lat="36.344235" lon="127.274199"><ele>516.6</ele><time>2025-07-06T01:09:41.000Z</time></trkpt>
      <trkpt lat="36.344232" lon="127.274186"><ele>516.2</ele><time>2025-07-06T01:09:42.000Z</time></trkpt>
      <trkpt lat="36.344244" lon="127.274155"><ele>515.8</ele><time>2025-07-06T01:09:45.000Z</time></trkpt>
      <trkpt lat="36.344246" lon="127.274129"><ele>515.2</ele><time>2025-07-06T01:09:48.000Z</time></trkpt>
      <trkpt lat="36.344250" lon="127.274080"><ele>514.4</ele><time>2025-07-06T01:09:53.000Z</time></trkpt>
      <trkpt lat="36.344247" lon="127.274056"><ele>514.0</ele><time>2025-07-06T01:09:55.000Z</time></trkpt>
      <trkpt lat="36.344259" lon="127.273980"><ele>513.2</ele><time>2025-07-06T01:10:00.000Z</time></trkpt>
      <trkpt lat="36.344271" lon="127.273895"><ele>513.0</ele><time>2025-07-06T01:10:06.000Z</time></trkpt>
      <trkpt lat="36.344268" lon="127.273883"><ele>513.0</ele><time>2025-07-06T01:10:07.000Z</time></trkpt>
      <trkpt lat="36.344255" lon="127.273829"><ele>513.0</ele><time>2025-07-06T01:10:12.000Z</time></trkpt>
      <trkpt lat="36.344252" lon="127.273727"><ele>512.0</ele><time>2025-07-06T01:10:22.000Z</time></trkpt>
      <trkpt lat="36.344253" lon="127.273646"><ele>510.8</ele><time>2025-07-06T01:10:28.000Z</time></trkpt>
      <trkpt lat="36.344265" lon="127.273588"><ele>510.4</ele><time>2025-07-06T01:10:32.000Z</time></trkpt>
      <trkpt lat="36.344251" lon="127.273477"><ele>510.6</ele><time>2025-07-06T01:10:41.000Z</time></trkpt>
      <trkpt lat="36.344241" lon="127.273420"><ele>511.8</ele><time>2025-07-06T01:10:48.000Z</time></trkpt>
      <trkpt lat="36.344240" lon="127.273412"><ele>512.0</ele><time>2025-07-06T01:10:49.000Z</time></trkpt>
      <trkpt lat="36.344234" lon="127.273375"><ele>512.8</ele><time>2025-07-06T01:10:53.000Z</time></trkpt>
      <trkpt lat="36.344230" lon="127.273355"><ele>513.4</ele><time>2025-07-06T01:10:56.000Z</time></trkpt>
      <trkpt lat="36.344229" lon="127.273346"><ele>513.6</ele><time>2025-07-06T01:10:57.000Z</time></trkpt>
      <trkpt lat="36.344229" lon="127.273341"><ele>513.8</ele><time>2025-07-06T01:10:58.000Z</time></trkpt>
      <trkpt lat="36.344221" lon="127.273326"><ele>514.4</ele><time>2025-07-06T01:11:00.000Z</time></trkpt>
      <trkpt lat="36.344219" lon="127.273310"><ele>514.8</ele><time>2025-07-06T01:11:02.000Z</time></trkpt>
      <trkpt lat="36.344214" lon="127.273305"><ele>515.0</ele><time>2025-07-06T01:11:03.000Z</time></trkpt>
      <trkpt lat="36.344209" lon="127.273298"><ele>515.6</ele><time>2025-07-06T01:11:05.000Z</time></trkpt>
      <trkpt lat="36.344212" lon="127.273292"><ele>516.0</ele><time>2025-07-06T01:11:07.000Z</time></trkpt>
      <trkpt lat="36.344214" lon="127.273280"><ele>516.2</ele><time>2025-07-06T01:11:08.000Z</time></trkpt>
      <trkpt lat="36.344228" lon="127.273240"><ele>516.8</ele><time>2025-07-06T01:11:12.000Z</time></trkpt>
      <trkpt lat="36.344226" lon="127.273209"><ele>517.2</ele><time>2025-07-06T01:11:15.000Z</time></trkpt>
      <trkpt lat="36.344212" lon="127.273166"><ele>517.8</ele><time>2025-07-06T01:11:19.000Z</time></trkpt>
      <trkpt lat="36.344217" lon="127.273125"><ele>518.0</ele><time>2025-07-06T01:11:24.000Z</time></trkpt>
      <trkpt lat="36.344216" lon="127.273087"><ele>518.4</ele><time>2025-07-06T01:11:28.000Z</time></trkpt>
      <trkpt lat="36.344227" lon="127.273039"><ele>518.8</ele><time>2025-07-06T01:11:34.000Z</time></trkpt>
      <trkpt lat="36.344222" lon="127.272990"><ele>519.6</ele><time>2025-07-06T01:11:40.000Z</time></trkpt>
      <trkpt lat="36.344191" lon="127.272968"><ele>520.4</ele><time>2025-07-06T01:11:45.000Z</time></trkpt>
      <trkpt lat="36.344187" lon="127.272961"><ele>520.6</ele><time>2025-07-06T01:11:46.000Z</time></trkpt>
      <trkpt lat="36.344157" lon="127.272898"><ele>521.6</ele><time>2025-07-06T01:11:56.000Z</time></trkpt>
      <trkpt lat="36.344156" lon="127.272893"><ele>521.8</ele><time>2025-07-06T01:11:57.000Z</time></trkpt>
      <trkpt lat="36.344104" lon="127.272850"><ele>522.4</ele><time>2025-07-06T01:12:04.000Z</time></trkpt>
      <trkpt lat="36.344062" lon="127.272833"><ele>522.6</ele><time>2025-07-06T01:12:09.000Z</time></trkpt>
      <trkpt lat="36.344039" lon="127.272802"><ele>522.8</ele><time>2025-07-06T01:12:13.000Z</time></trkpt>
      <trkpt lat="36.344027" lon="127.272788"><ele>523.0</ele><time>2025-07-06T01:12:15.000Z</time></trkpt>
      <trkpt lat="36.343996" lon="127.272753"><ele>523.2</ele><time>2025-07-06T01:12:20.000Z</time></trkpt>
      <trkpt lat="36.343955" lon="127.272685"><ele>523.2</ele><time>2025-07-06T01:12:30.000Z</time></trkpt>
      <trkpt lat="36.343936" lon="127.272673"><ele>523.4</ele><time>2025-07-06T01:12:32.000Z</time></trkpt>
      <trkpt lat="36.343897" lon="127.272626"><ele>523.4</ele><time>2025-07-06T01:12:38.000Z</time></trkpt>
      <trkpt lat="36.343856" lon="127.272618"><ele>523.2</ele><time>2025-07-06T01:12:43.000Z</time></trkpt>
      <trkpt lat="36.343834" lon="127.272589"><ele>522.6</ele><time>2025-07-06T01:12:46.000Z</time></trkpt>
      <trkpt lat="36.343826" lon="127.272548"><ele>522.2</ele><time>2025-07-06T01:12:49.000Z</time></trkpt>
      <trkpt lat="36.343799" lon="127.272500"><ele>522.0</ele><time>2025-07-06T01:12:54.000Z</time></trkpt>
      <trkpt lat="36.343785" lon="127.272487"><ele>521.6</ele><time>2025-07-06T01:12:56.000Z</time></trkpt>
      <trkpt lat="36.343735" lon="127.272438"><ele>520.4</ele><time>2025-07-06T01:13:03.000Z</time></trkpt>
      <trkpt lat="36.343733" lon="127.272427"><ele>520.2</ele><time>2025-07-06T01:13:04.000Z</time></trkpt>
      <trkpt lat="36.343720" lon="127.272394"><ele>519.4</ele><time>2025-07-06T01:13:09.000Z</time></trkpt>
      <trkpt lat="36.343705" lon="127.272384"><ele>518.6</ele><time>2025-07-06T01:13:13.000Z</time></trkpt>
      <trkpt lat="36.343696" lon="127.272376"><ele>518.2</ele><time>2025-07-06T01:13:15.000Z</time></trkpt>
      <trkpt lat="36.343689" lon="127.272334"><ele>517.2</ele><time>2025-07-06T01:13:20.000Z</time></trkpt>
      <trkpt lat="36.343696" lon="127.272322"><ele>516.6</ele><time>2025-07-06T01:13:22.000Z</time></trkpt>
      <trkpt lat="36.343702" lon="127.272306"><ele>516.2</ele><time>2025-07-06T01:13:24.000Z</time></trkpt>
      <trkpt lat="36.343682" lon="127.272283"><ele>515.0</ele><time>2025-07-06T01:13:29.000Z</time></trkpt>
      <trkpt lat="36.343656" lon="127.272257"><ele>514.0</ele><time>2025-07-06T01:13:34.000Z</time></trkpt>
      <trkpt lat="36.343631" lon="127.272245"><ele>512.8</ele><time>2025-07-06T01:13:39.000Z</time></trkpt>
      <trkpt lat="36.343623" lon="127.272242"><ele>512.4</ele><time>2025-07-06T01:13:41.000Z</time></trkpt>
      <trkpt lat="36.343608" lon="127.272234"><ele>511.8</ele><time>2025-07-06T01:13:45.000Z</time></trkpt>
      <trkpt lat="36.343603" lon="127.272225"><ele>511.2</ele><time>2025-07-06T01:13:47.000Z</time></trkpt>
      <trkpt lat="36.343598" lon="127.272219"><ele>510.6</ele><time>2025-07-06T01:13:50.000Z</time></trkpt>
      <trkpt lat="36.343583" lon="127.272189"><ele>509.6</ele><time>2025-07-06T01:13:59.000Z</time></trkpt>
      <trkpt lat="36.343561" lon="127.272179"><ele>508.6</ele><time>2025-07-06T01:14:03.000Z</time></trkpt>
      <trkpt lat="36.343540" lon="127.272144"><ele>507.4</ele><time>2025-07-06T01:14:08.000Z</time></trkpt>
      <trkpt lat="36.343538" lon="127.272137"><ele>507.2</ele><time>2025-07-06T01:14:09.000Z</time></trkpt>
      <trkpt lat="36.343530" lon="127.272114"><ele>506.2</ele><time>2025-07-06T01:14:13.000Z</time></trkpt>
      <trkpt lat="36.343528" lon="127.272092"><ele>505.4</ele><time>2025-07-06T01:14:18.000Z</time></trkpt>
      <trkpt lat="36.343528" lon="127.272089"><ele>505.0</ele><time>2025-07-06T01:14:19.000Z</time></trkpt>
      <trkpt lat="36.343527" lon="127.272079"><ele>504.4</ele><time>2025-07-06T01:14:22.000Z</time></trkpt>
      <trkpt lat="36.343525" lon="127.272077"><ele>504.2</ele><time>2025-07-06T01:14:23.000Z</time></trkpt>
      <trkpt lat="36.343522" lon="127.272074"><ele>504.0</ele><time>2025-07-06T01:14:24.000Z</time></trkpt>
      <trkpt lat="36.343512" lon="127.272056"><ele>503.4</ele><time>2025-07-06T01:14:28.000Z</time></trkpt>
      <trkpt lat="36.343512" lon="127.272046"><ele>503.0</ele><time>2025-07-06T01:14:30.000Z</time></trkpt>
      <trkpt lat="36.343496" lon="127.272014"><ele>501.8</ele><time>2025-07-06T01:14:36.000Z</time></trkpt>
      <trkpt lat="36.343497" lon="127.272006"><ele>501.6</ele><time>2025-07-06T01:14:37.000Z</time></trkpt>
      <trkpt lat="36.343502" lon="127.271992"><ele>500.8</ele><time>2025-07-06T01:14:40.000Z</time></trkpt>
      <trkpt lat="36.343485" lon="127.271986"><ele>500.0</ele><time>2025-07-06T01:14:43.000Z</time></trkpt>
      <trkpt lat="36.343476" lon="127.271968"><ele>499.8</ele><time>2025-07-06T01:14:45.000Z</time></trkpt>
      <trkpt lat="36.343473" lon="127.271959"><ele>499.6</ele><time>2025-07-06T01:14:46.000Z</time></trkpt>
      <trkpt lat="36.343426" lon="127.271921"><ele>498.6</ele><time>2025-07-06T01:14:52.000Z</time></trkpt>
      <trkpt lat="36.343408" lon="127.271907"><ele>498.4</ele><time>2025-07-06T01:14:54.000Z</time></trkpt>
      <trkpt lat="36.343378" lon="127.271880"><ele>498.2</ele><time>2025-07-06T01:14:58.000Z</time></trkpt>
      <trkpt lat="36.343367" lon="127.271861"><ele>498.2</ele><time>2025-07-06T01:15:01.000Z</time></trkpt>
      <trkpt lat="36.343361" lon="127.271856"><ele>498.4</ele><time>2025-07-06T01:15:02.000Z</time></trkpt>
      <trkpt lat="36.343355" lon="127.271849"><ele>498.8</ele><time>2025-07-06T01:15:04.000Z</time></trkpt>
      <trkpt lat="36.343352" lon="127.271836"><ele>499.6</ele><time>2025-07-06T01:15:07.000Z</time></trkpt>
      <trkpt lat="36.343346" lon="127.271828"><ele>500.2</ele><time>2025-07-06T01:15:10.000Z</time></trkpt>
      <trkpt lat="36.343340" lon="127.271825"><ele>500.6</ele><time>2025-07-06T01:15:12.000Z</time></trkpt>
      <trkpt lat="36.343337" lon="127.271820"><ele>500.8</ele><time>2025-07-06T01:15:13.000Z</time></trkpt>
      <trkpt lat="36.343332" lon="127.271816"><ele>501.0</ele><time>2025-07-06T01:15:14.000Z</time></trkpt>
      <trkpt lat="36.343322" lon="127.271815"><ele>501.2</ele><time>2025-07-06T01:15:15.000Z</time></trkpt>
      <trkpt lat="36.343297" lon="127.271809"><ele>501.4</ele><time>2025-07-06T01:15:18.000Z</time></trkpt>
      <trkpt lat="36.343286" lon="127.271809"><ele>501.6</ele><time>2025-07-06T01:15:20.000Z</time></trkpt>
      <trkpt lat="36.343281" lon="127.271809"><ele>501.6</ele><time>2025-07-06T01:15:21.000Z</time></trkpt>
      <trkpt lat="36.343262" lon="127.271809"><ele>501.6</ele><time>2025-07-06T01:15:23.000Z</time></trkpt>
      <trkpt lat="36.343240" lon="127.271789"><ele>501.4</ele><time>2025-07-06T01:15:26.000Z</time></trkpt>
      <trkpt lat="36.343228" lon="127.271786"><ele>501.4</ele><time>2025-07-06T01:15:27.000Z</time></trkpt>
      <trkpt lat="36.343154" lon="127.271745"><ele>501.0</ele><time>2025-07-06T01:15:36.000Z</time></trkpt>
      <trkpt lat="36.343134" lon="127.271739"><ele>500.6</ele><time>2025-07-06T01:15:41.000Z</time></trkpt>
      <trkpt lat="36.343116" lon="127.271744"><ele>500.4</ele><time>2025-07-06T01:15:43.000Z</time></trkpt>
      <trkpt lat="36.343080" lon="127.271727"><ele>499.8</ele><time>2025-07-06T01:15:47.000Z</time></trkpt>
      <trkpt lat="36.343072" lon="127.271717"><ele>499.6</ele><time>2025-07-06T01:15:50.000Z</time></trkpt>
      <trkpt lat="36.343065" lon="127.271710"><ele>499.4</ele><time>2025-07-06T01:15:51.000Z</time></trkpt>
      <trkpt lat="36.343033" lon="127.271689"><ele>499.0</ele><time>2025-07-06T01:15:56.000Z</time></trkpt>
      <trkpt lat="36.342969" lon="127.271675"><ele>498.4</ele><time>2025-07-06T01:16:03.000Z</time></trkpt>
      <trkpt lat="36.342946" lon="127.271665"><ele>498.2</ele><time>2025-07-06T01:16:05.000Z</time></trkpt>
      <trkpt lat="36.342895" lon="127.271621"><ele>497.2</ele><time>2025-07-06T01:16:13.000Z</time></trkpt>
      <trkpt lat="36.342880" lon="127.271614"><ele>496.8</ele><time>2025-07-06T01:16:15.000Z</time></trkpt>
      <trkpt lat="36.342855" lon="127.271616"><ele>496.0</ele><time>2025-07-06T01:16:19.000Z</time></trkpt>
      <trkpt lat="36.342835" lon="127.271605"><ele>495.4</ele><time>2025-07-06T01:16:22.000Z</time></trkpt>
      <trkpt lat="36.342822" lon="127.271607"><ele>495.0</ele><time>2025-07-06T01:16:24.000Z</time></trkpt>
      <trkpt lat="36.342787" lon="127.271621"><ele>493.8</ele><time>2025-07-06T01:16:29.000Z</time></trkpt>
      <trkpt lat="36.342772" lon="127.271633"><ele>493.6</ele><time>2025-07-06T01:16:31.000Z</time></trkpt>
      <trkpt lat="36.342737" lon="127.271628"><ele>492.8</ele><time>2025-07-06T01:16:36.000Z</time></trkpt>
      <trkpt lat="36.342720" lon="127.271627"><ele>492.0</ele><time>2025-07-06T01:16:39.000Z</time></trkpt>
      <trkpt lat="36.342708" lon="127.271615"><ele>491.6</ele><time>2025-07-06T01:16:41.000Z</time></trkpt>
      <trkpt lat="36.342675" lon="127.271615"><ele>490.6</ele><time>2025-07-06T01:16:46.000Z</time></trkpt>
      <trkpt lat="36.342663" lon="127.271615"><ele>490.2</ele><time>2025-07-06T01:16:48.000Z</time></trkpt>
      <trkpt lat="36.342639" lon="127.271620"><ele>489.4</ele><time>2025-07-06T01:16:51.000Z</time></trkpt>
      <trkpt lat="36.342612" lon="127.271635"><ele>488.4</ele><time>2025-07-06T01:16:56.000Z</time></trkpt>
      <trkpt lat="36.342607" lon="127.271646"><ele>487.6</ele><time>2025-07-06T01:16:59.000Z</time></trkpt>
      <trkpt lat="36.342600" lon="127.271637"><ele>487.2</ele><time>2025-07-06T01:17:01.000Z</time></trkpt>
      <trkpt lat="36.342577" lon="127.271616"><ele>486.4</ele><time>2025-07-06T01:17:05.000Z</time></trkpt>
      <trkpt lat="36.342573" lon="127.271608"><ele>486.2</ele><time>2025-07-06T01:17:06.000Z</time></trkpt>
      <trkpt lat="36.342551" lon="127.271587"><ele>485.2</ele><time>2025-07-06T01:17:11.000Z</time></trkpt>
      <trkpt lat="36.342534" lon="127.271588"><ele>484.4</ele><time>2025-07-06T01:17:15.000Z</time></trkpt>
      <trkpt lat="36.342531" lon="127.271594"><ele>484.0</ele><time>2025-07-06T01:17:16.000Z</time></trkpt>
      <trkpt lat="36.342505" lon="127.271610"><ele>482.8</ele><time>2025-07-06T01:17:21.000Z</time></trkpt>
      <trkpt lat="36.342473" lon="127.271621"><ele>482.2</ele><time>2025-07-06T01:17:26.000Z</time></trkpt>
      <trkpt lat="36.342458" lon="127.271621"><ele>481.8</ele><time>2025-07-06T01:17:29.000Z</time></trkpt>
      <trkpt lat="36.342443" lon="127.271556"><ele>481.0</ele><time>2025-07-06T01:17:35.000Z</time></trkpt>
      <trkpt lat="36.342430" lon="127.271555"><ele>480.8</ele><time>2025-07-06T01:17:37.000Z</time></trkpt>
      <trkpt lat="36.342396" lon="127.271567"><ele>480.0</ele><time>2025-07-06T01:17:41.000Z</time></trkpt>
      <trkpt lat="36.342381" lon="127.271565"><ele>479.8</ele><time>2025-07-06T01:17:43.000Z</time></trkpt>
      <trkpt lat="36.342334" lon="127.271575"><ele>478.6</ele><time>2025-07-06T01:17:49.000Z</time></trkpt>
      <trkpt lat="36.342323" lon="127.271563"><ele>478.2</ele><time>2025-07-06T01:17:51.000Z</time></trkpt>
      <trkpt lat="36.342307" lon="127.271562"><ele>477.4</ele><time>2025-07-06T01:17:54.000Z</time></trkpt>
      <trkpt lat="36.342269" lon="127.271570"><ele>476.4</ele><time>2025-07-06T01:17:58.000Z</time></trkpt>
      <trkpt lat="36.342260" lon="127.271579"><ele>476.2</ele><time>2025-07-06T01:17:59.000Z</time></trkpt>
      <trkpt lat="36.342218" lon="127.271578"><ele>475.6</ele><time>2025-07-06T01:18:04.000Z</time></trkpt>
      <trkpt lat="36.342206" lon="127.271578"><ele>475.4</ele><time>2025-07-06T01:18:05.000Z</time></trkpt>
      <trkpt lat="36.342183" lon="127.271570"><ele>475.2</ele><time>2025-07-06T01:18:07.000Z</time></trkpt>
      <trkpt lat="36.342153" lon="127.271547"><ele>474.6</ele><time>2025-07-06T01:18:12.000Z</time></trkpt>
      <trkpt lat="36.342100" lon="127.271542"><ele>474.8</ele><time>2025-07-06T01:18:19.000Z</time></trkpt>
      <trkpt lat="36.342003" lon="127.271513"><ele>476.0</ele><time>2025-07-06T01:18:29.000Z</time></trkpt>
      <trkpt lat="36.341986" lon="127.271510"><ele>476.2</ele><time>2025-07-06T01:18:31.000Z</time></trkpt>
      <trkpt lat="36.341981" lon="127.271506"><ele>476.6</ele><time>2025-07-06T01:18:32.000Z</time></trkpt>
      <trkpt lat="36.341975" lon="127.271503"><ele>476.8</ele><time>2025-07-06T01:18:33.000Z</time></trkpt>
      <trkpt lat="36.341969" lon="127.271501"><ele>477.0</ele><time>2025-07-06T01:18:34.000Z</time></trkpt>
      <trkpt lat="36.341959" lon="127.271502"><ele>477.4</ele><time>2025-07-06T01:18:35.000Z</time></trkpt>
      <trkpt lat="36.341953" lon="127.271497"><ele>477.6</ele><time>2025-07-06T01:18:36.000Z</time></trkpt>
      <trkpt lat="36.341949" lon="127.271491"><ele>478.0</ele><time>2025-07-06T01:18:37.000Z</time></trkpt>
      <trkpt lat="36.341940" lon="127.271475"><ele>478.4</ele><time>2025-07-06T01:18:39.000Z</time></trkpt>
      <trkpt lat="36.341908" lon="127.271470"><ele>479.6</ele><time>2025-07-06T01:18:44.000Z</time></trkpt>
      <trkpt lat="36.341856" lon="127.271473"><ele>480.2</ele><time>2025-07-06T01:18:48.000Z</time></trkpt>
      <trkpt lat="36.341821" lon="127.271474"><ele>480.2</ele><time>2025-07-06T01:18:51.000Z</time></trkpt>
      <trkpt lat="36.341814" lon="127.271466"><ele>480.2</ele><time>2025-07-06T01:18:52.000Z</time></trkpt>
      <trkpt lat="36.341795" lon="127.271449"><ele>480.6</ele><time>2025-07-06T01:18:56.000Z</time></trkpt>
      <trkpt lat="36.341778" lon="127.271457"><ele>481.2</ele><time>2025-07-06T01:18:58.000Z</time></trkpt>
      <trkpt lat="36.341757" lon="127.271469"><ele>481.8</ele><time>2025-07-06T01:19:01.000Z</time></trkpt>
      <trkpt lat="36.341716" lon="127.271466"><ele>482.4</ele><time>2025-07-06T01:19:08.000Z</time></trkpt>
      <trkpt lat="36.341677" lon="127.271468"><ele>483.0</ele><time>2025-07-06T01:19:12.000Z</time></trkpt>
      <trkpt lat="36.341633" lon="127.271452"><ele>483.6</ele><time>2025-07-06T01:19:18.000Z</time></trkpt>
      <trkpt lat="36.341600" lon="127.271439"><ele>484.2</ele><time>2025-07-06T01:19:23.000Z</time></trkpt>
      <trkpt lat="36.341590" lon="127.271430"><ele>484.2</ele><time>2025-07-06T01:19:25.000Z</time></trkpt>
      <trkpt lat="36.341550" lon="127.271377"><ele>483.8</ele><time>2025-07-06T01:19:35.000Z</time></trkpt>
      <trkpt lat="36.341523" lon="127.271368"><ele>482.8</ele><time>2025-07-06T01:19:39.000Z</time></trkpt>
      <trkpt lat="36.341494" lon="127.271347"><ele>481.8</ele><time>2025-07-06T01:19:43.000Z</time></trkpt>
      <trkpt lat="36.341483" lon="127.271334"><ele>481.4</ele><time>2025-07-06T01:19:45.000Z</time></trkpt>
      <trkpt lat="36.341465" lon="127.271313"><ele>480.6</ele><time>2025-07-06T01:19:48.000Z</time></trkpt>
      <trkpt lat="36.341453" lon="127.271285"><ele>479.4</ele><time>2025-07-06T01:19:52.000Z</time></trkpt>
      <trkpt lat="36.341429" lon="127.271259"><ele>478.4</ele><time>2025-07-06T01:19:56.000Z</time></trkpt>
      <trkpt lat="36.341426" lon="127.271251"><ele>478.2</ele><time>2025-07-06T01:19:57.000Z</time></trkpt>
      <trkpt lat="36.341406" lon="127.271236"><ele>477.2</ele><time>2025-07-06T01:20:01.000Z</time></trkpt>
      <trkpt lat="36.341389" lon="127.271229"><ele>476.4</ele><time>2025-07-06T01:20:04.000Z</time></trkpt>
      <trkpt lat="36.341377" lon="127.271221"><ele>476.0</ele><time>2025-07-06T01:20:06.000Z</time></trkpt>
      <trkpt lat="36.341366" lon="127.271208"><ele>475.4</ele><time>2025-07-06T01:20:08.000Z</time></trkpt>
      <trkpt lat="36.341349" lon="127.271195"><ele>474.6</ele><time>2025-07-06T01:20:11.000Z</time></trkpt>
      <trkpt lat="36.341329" lon="127.271188"><ele>474.2</ele><time>2025-07-06T01:20:13.000Z</time></trkpt>
      <trkpt lat="36.341318" lon="127.271163"><ele>473.6</ele><time>2025-07-06T01:20:16.000Z</time></trkpt>
      <trkpt lat="36.341312" lon="127.271141"><ele>473.0</ele><time>2025-07-06T01:20:19.000Z</time></trkpt>
      <trkpt lat="36.341298" lon="127.271132"><ele>472.4</ele><time>2025-07-06T01:20:22.000Z</time></trkpt>
      <trkpt lat="36.341286" lon="127.271101"><ele>471.6</ele><time>2025-07-06T01:20:27.000Z</time></trkpt>
      <trkpt lat="36.341287" lon="127.271092"><ele>471.2</ele><time>2025-07-06T01:20:28.000Z</time></trkpt>
      <trkpt lat="36.341269" lon="127.271076"><ele>470.0</ele><time>2025-07-06T01:20:33.000Z</time></trkpt>
      <trkpt lat="36.341252" lon="127.271057"><ele>469.4</ele><time>2025-07-06T01:20:36.000Z</time></trkpt>
      <trkpt lat="36.341243" lon="127.271041"><ele>468.8</ele><time>2025-07-06T01:20:38.000Z</time></trkpt>
      <trkpt lat="36.341221" lon="127.271032"><ele>467.6</ele><time>2025-07-06T01:20:42.000Z</time></trkpt>
      <trkpt lat="36.341199" lon="127.271030"><ele>466.8</ele><time>2025-07-06T01:20:45.000Z</time></trkpt>
      <trkpt lat="36.341191" lon="127.271023"><ele>466.6</ele><time>2025-07-06T01:20:46.000Z</time></trkpt>
      <trkpt lat="36.341182" lon="127.270985"><ele>465.6</ele><time>2025-07-06T01:20:50.000Z</time></trkpt>
      <trkpt lat="36.341188" lon="127.270969"><ele>465.2</ele><time>2025-07-06T01:20:52.000Z</time></trkpt>
      <trkpt lat="36.341180" lon="127.270953"><ele>464.6</ele><time>2025-07-06T01:20:55.000Z</time></trkpt>
      <trkpt lat="36.341163" lon="127.270948"><ele>463.8</ele><time>2025-07-06T01:20:58.000Z</time></trkpt>
      <trkpt lat="36.341155" lon="127.270951"><ele>463.4</ele><time>2025-07-06T01:20:59.000Z</time></trkpt>
      <trkpt lat="36.341135" lon="127.270939"><ele>462.4</ele><time>2025-07-06T01:21:04.000Z</time></trkpt>
      <trkpt lat="36.341130" lon="127.270924"><ele>461.6</ele><time>2025-07-06T01:21:07.000Z</time></trkpt>
      <trkpt lat="36.341122" lon="127.270921"><ele>461.4</ele><time>2025-07-06T01:21:08.000Z</time></trkpt>
      <trkpt lat="36.341117" lon="127.270898"><ele>460.0</ele><time>2025-07-06T01:21:13.000Z</time></trkpt>
      <trkpt lat="36.341109" lon="127.270894"><ele>459.8</ele><time>2025-07-06T01:21:14.000Z</time></trkpt>
      <trkpt lat="36.341098" lon="127.270883"><ele>459.2</ele><time>2025-07-06T01:21:17.000Z</time></trkpt>
      <trkpt lat="36.341095" lon="127.270878"><ele>459.0</ele><time>2025-07-06T01:21:18.000Z</time></trkpt>
      <trkpt lat="36.341080" lon="127.270826"><ele>458.0</ele><time>2025-07-06T01:21:27.000Z</time></trkpt>
      <trkpt lat="36.341078" lon="127.270816"><ele>457.8</ele><time>2025-07-06T01:21:29.000Z</time></trkpt>
      <trkpt lat="36.341070" lon="127.270786"><ele>456.8</ele><time>2025-07-06T01:21:35.000Z</time></trkpt>
      <trkpt lat="36.341039" lon="127.270761"><ele>455.8</ele><time>2025-07-06T01:21:43.000Z</time></trkpt>
      <trkpt lat="36.341023" lon="127.270748"><ele>454.6</ele><time>2025-07-06T01:21:47.000Z</time></trkpt>
      <trkpt lat="36.341006" lon="127.270736"><ele>453.6</ele><time>2025-07-06T01:21:51.000Z</time></trkpt>
      <trkpt lat="36.340990" lon="127.270726"><ele>453.0</ele><time>2025-07-06T01:21:53.000Z</time></trkpt>
      <trkpt lat="36.340981" lon="127.270719"><ele>452.4</ele><time>2025-07-06T01:21:55.000Z</time></trkpt>
      <trkpt lat="36.340957" lon="127.270702"><ele>451.2</ele><time>2025-07-06T01:22:00.000Z</time></trkpt>
      <trkpt lat="36.340936" lon="127.270681"><ele>450.2</ele><time>2025-07-06T01:22:04.000Z</time></trkpt>
      <trkpt lat="36.340933" lon="127.270678"><ele>450.0</ele><time>2025-07-06T01:22:05.000Z</time></trkpt>
      <trkpt lat="36.340917" lon="127.270668"><ele>449.0</ele><time>2025-07-06T01:22:09.000Z</time></trkpt>
      <trkpt lat="36.340904" lon="127.270653"><ele>448.0</ele><time>2025-07-06T01:22:13.000Z</time></trkpt>
      <trkpt lat="36.340902" lon="127.270647"><ele>447.6</ele><time>2025-07-06T01:22:14.000Z</time></trkpt>
      <trkpt lat="36.340896" lon="127.270613"><ele>446.8</ele><time>2025-07-06T01:22:18.000Z</time></trkpt>
      <trkpt lat="36.340894" lon="127.270596"><ele>446.2</ele><time>2025-07-06T01:22:22.000Z</time></trkpt>
      <trkpt lat="36.340893" lon="127.270586"><ele>445.6</ele><time>2025-07-06T01:22:24.000Z</time></trkpt>
      <trkpt lat="36.340893" lon="127.270562"><ele>444.4</ele><time>2025-07-06T01:22:28.000Z</time></trkpt>
      <trkpt lat="36.340891" lon="127.270544"><ele>443.4</ele><time>2025-07-06T01:22:32.000Z</time></trkpt>
      <trkpt lat="36.340884" lon="127.270530"><ele>443.0</ele><time>2025-07-06T01:22:34.000Z</time></trkpt>
      <trkpt lat="36.340874" lon="127.270533"><ele>442.4</ele><time>2025-07-06T01:22:37.000Z</time></trkpt>
      <trkpt lat="36.340864" lon="127.270534"><ele>442.2</ele><time>2025-07-06T01:22:39.000Z</time></trkpt>
      <trkpt lat="36.340838" lon="127.270535"><ele>441.2</ele><time>2025-07-06T01:22:43.000Z</time></trkpt>
      <trkpt lat="36.340816" lon="127.270535"><ele>440.0</ele><time>2025-07-06T01:22:47.000Z</time></trkpt>
      <trkpt lat="36.340795" lon="127.270535"><ele>439.0</ele><time>2025-07-06T01:22:51.000Z</time></trkpt>
      <trkpt lat="36.340789" lon="127.270536"><ele>438.6</ele><time>2025-07-06T01:22:52.000Z</time></trkpt>
      <trkpt lat="36.340774" lon="127.270537"><ele>437.8</ele><time>2025-07-06T01:22:55.000Z</time></trkpt>
      <trkpt lat="36.340753" lon="127.270522"><ele>436.4</ele><time>2025-07-06T01:22:59.000Z</time></trkpt>
      <trkpt lat="36.340752" lon="127.270515"><ele>436.2</ele><time>2025-07-06T01:23:00.000Z</time></trkpt>
      <trkpt lat="36.340758" lon="127.270476"><ele>435.2</ele><time>2025-07-06T01:23:06.000Z</time></trkpt>
      <trkpt lat="36.340758" lon="127.270458"><ele>434.2</ele><time>2025-07-06T01:23:10.000Z</time></trkpt>
      <trkpt lat="36.340738" lon="127.270448"><ele>432.8</ele><time>2025-07-06T01:23:14.000Z</time></trkpt>
      <trkpt lat="36.340742" lon="127.270429"><ele>432.0</ele><time>2025-07-06T01:23:17.000Z</time></trkpt>
      <trkpt lat="36.340746" lon="127.270415"><ele>431.6</ele><time>2025-07-06T01:23:20.000Z</time></trkpt>
      <trkpt lat="36.340743" lon="127.270403"><ele>430.6</ele><time>2025-07-06T01:23:25.000Z</time></trkpt>
      <trkpt lat="36.340741" lon="127.270399"><ele>430.4</ele><time>2025-07-06T01:23:26.000Z</time></trkpt>
      <trkpt lat="36.340717" lon="127.270399"><ele>429.6</ele><time>2025-07-06T01:23:34.000Z</time></trkpt>
      <trkpt lat="36.340703" lon="127.270400"><ele>429.2</ele><time>2025-07-06T01:23:38.000Z</time></trkpt>
      <trkpt lat="36.340688" lon="127.270375"><ele>428.4</ele><time>2025-07-06T01:23:43.000Z</time></trkpt>
      <trkpt lat="36.340689" lon="127.270362"><ele>428.2</ele><time>2025-07-06T01:23:45.000Z</time></trkpt>
      <trkpt lat="36.340670" lon="127.270345"><ele>427.2</ele><time>2025-07-06T01:23:52.000Z</time></trkpt>
      <trkpt lat="36.340658" lon="127.270344"><ele>427.0</ele><time>2025-07-06T01:23:54.000Z</time></trkpt>
      <trkpt lat="36.340641" lon="127.270313"><ele>426.0</ele><time>2025-07-06T01:23:59.000Z</time></trkpt>
      <trkpt lat="36.340627" lon="127.270328"><ele>425.0</ele><time>2025-07-06T01:24:03.000Z</time></trkpt>
      <trkpt lat="36.340623" lon="127.270334"><ele>424.8</ele><time>2025-07-06T01:24:04.000Z</time></trkpt>
      <trkpt lat="36.340608" lon="127.270320"><ele>424.0</ele><time>2025-07-06T01:24:11.000Z</time></trkpt>
      <trkpt lat="36.340602" lon="127.270316"><ele>423.8</ele><time>2025-07-06T01:24:12.000Z</time></trkpt>
      <trkpt lat="36.340564" lon="127.270276"><ele>422.6</ele><time>2025-07-06T01:24:18.000Z</time></trkpt>
      <trkpt lat="36.340538" lon="127.270258"><ele>422.2</ele><time>2025-07-06T01:24:21.000Z</time></trkpt>
      <trkpt lat="36.340522" lon="127.270233"><ele>422.0</ele><time>2025-07-06T01:24:24.000Z</time></trkpt>
      <trkpt lat="36.340520" lon="127.270210"><ele>422.0</ele><time>2025-07-06T01:24:28.000Z</time></trkpt>
      <trkpt lat="36.340518" lon="127.270200"><ele>422.4</ele><time>2025-07-06T01:24:35.000Z</time></trkpt>
      <trkpt lat="36.340488" lon="127.270163"><ele>423.6</ele><time>2025-07-06T01:24:48.000Z</time></trkpt>
      <trkpt lat="36.340449" lon="127.270164"><ele>424.8</ele><time>2025-07-06T01:24:58.000Z</time></trkpt>
      <trkpt lat="36.340428" lon="127.270123"><ele>426.0</ele><time>2025-07-06T01:25:04.000Z</time></trkpt>
      <trkpt lat="36.340421" lon="127.270113"><ele>426.2</ele><time>2025-07-06T01:25:06.000Z</time></trkpt>
      <trkpt lat="36.340406" lon="127.270100"><ele>427.0</ele><time>2025-07-06T01:25:10.000Z</time></trkpt>
      <trkpt lat="36.340378" lon="127.270096"><ele>427.8</ele><time>2025-07-06T01:25:17.000Z</time></trkpt>
      <trkpt lat="36.340375" lon="127.270090"><ele>428.0</ele><time>2025-07-06T01:25:19.000Z</time></trkpt>
      <trkpt lat="36.340364" lon="127.270083"><ele>428.4</ele><time>2025-07-06T01:25:21.000Z</time></trkpt>
      <trkpt lat="36.340360" lon="127.270081"><ele>428.6</ele><time>2025-07-06T01:25:22.000Z</time></trkpt>
      <trkpt lat="36.340352" lon="127.270072"><ele>429.0</ele><time>2025-07-06T01:25:24.000Z</time></trkpt>
      <trkpt lat="36.340339" lon="127.270066"><ele>429.2</ele><time>2025-07-06T01:25:26.000Z</time></trkpt>
      <trkpt lat="36.340320" lon="127.270033"><ele>430.4</ele><time>2025-07-06T01:25:31.000Z</time></trkpt>
      <trkpt lat="36.340310" lon="127.270030"><ele>430.8</ele><time>2025-07-06T01:25:33.000Z</time></trkpt>
      <trkpt lat="36.340296" lon="127.270026"><ele>431.6</ele><time>2025-07-06T01:25:37.000Z</time></trkpt>
      <trkpt lat="36.340285" lon="127.270023"><ele>432.6</ele><time>2025-07-06T01:25:41.000Z</time></trkpt>
      <trkpt lat="36.340275" lon="127.270025"><ele>433.0</ele><time>2025-07-06T01:25:43.000Z</time></trkpt>
      <trkpt lat="36.340258" lon="127.270025"><ele>433.6</ele><time>2025-07-06T01:25:46.000Z</time></trkpt>
      <trkpt lat="36.340227" lon="127.270027"><ele>434.8</ele><time>2025-07-06T01:25:51.000Z</time></trkpt>
      <trkpt lat="36.340200" lon="127.270036"><ele>435.8</ele><time>2025-07-06T01:25:56.000Z</time></trkpt>
      <trkpt lat="36.340188" lon="127.270039"><ele>436.0</ele><time>2025-07-06T01:25:58.000Z</time></trkpt>
      <trkpt lat="36.340151" lon="127.270040"><ele>436.6</ele><time>2025-07-06T01:26:04.000Z</time></trkpt>
      <trkpt lat="36.340148" lon="127.270042"><ele>436.8</ele><time>2025-07-06T01:26:05.000Z</time></trkpt>
      <trkpt lat="36.340132" lon="127.270030"><ele>437.2</ele><time>2025-07-06T01:26:09.000Z</time></trkpt>
      <trkpt lat="36.340060" lon="127.270024"><ele>437.8</ele><time>2025-07-06T01:26:18.000Z</time></trkpt>
      <trkpt lat="36.340038" lon="127.270012"><ele>437.8</ele><time>2025-07-06T01:26:21.000Z</time></trkpt>
      <trkpt lat="36.339967" lon="127.269981"><ele>438.6</ele><time>2025-07-06T01:26:30.000Z</time></trkpt>
      <trkpt lat="36.339956" lon="127.269972"><ele>438.8</ele><time>2025-07-06T01:26:32.000Z</time></trkpt>
      <trkpt lat="36.339901" lon="127.269939"><ele>439.8</ele><time>2025-07-06T01:26:39.000Z</time></trkpt>
      <trkpt lat="36.339870" lon="127.269919"><ele>439.8</ele><time>2025-07-06T01:26:42.000Z</time></trkpt>
      <trkpt lat="36.339838" lon="127.269869"><ele>439.8</ele><time>2025-07-06T01:26:47.000Z</time></trkpt>
      <trkpt lat="36.339828" lon="127.269861"><ele>439.8</ele><time>2025-07-06T01:26:48.000Z</time></trkpt>
      <trkpt lat="36.339783" lon="127.269802"><ele>438.8</ele><time>2025-07-06T01:26:54.000Z</time></trkpt>
      <trkpt lat="36.339746" lon="127.269756"><ele>438.0</ele><time>2025-07-06T01:26:59.000Z</time></trkpt>
      <trkpt lat="36.339736" lon="127.269717"><ele>437.8</ele><time>2025-07-06T01:27:02.000Z</time></trkpt>
      <trkpt lat="36.339719" lon="127.269667"><ele>438.2</ele><time>2025-07-06T01:27:07.000Z</time></trkpt>
      <trkpt lat="36.339713" lon="127.269641"><ele>438.4</ele><time>2025-07-06T01:27:10.000Z</time></trkpt>
      <trkpt lat="36.339703" lon="127.269623"><ele>439.0</ele><time>2025-07-06T01:27:13.000Z</time></trkpt>
      <trkpt lat="36.339691" lon="127.269604"><ele>440.0</ele><time>2025-07-06T01:27:17.000Z</time></trkpt>
      <trkpt lat="36.339693" lon="127.269576"><ele>441.0</ele><time>2025-07-06T01:27:22.000Z</time></trkpt>
      <trkpt lat="36.339695" lon="127.269567"><ele>441.2</ele><time>2025-07-06T01:27:23.000Z</time></trkpt>
      <trkpt lat="36.339687" lon="127.269550"><ele>442.2</ele><time>2025-07-06T01:27:27.000Z</time></trkpt>
      <trkpt lat="36.339674" lon="127.269531"><ele>443.2</ele><time>2025-07-06T01:27:31.000Z</time></trkpt>
      <trkpt lat="36.339669" lon="127.269526"><ele>443.4</ele><time>2025-07-06T01:27:32.000Z</time></trkpt>
      <trkpt lat="36.339641" lon="127.269506"><ele>444.4</ele><time>2025-07-06T01:27:37.000Z</time></trkpt>
      <trkpt lat="36.339635" lon="127.269464"><ele>445.4</ele><time>2025-07-06T01:27:44.000Z</time></trkpt>
      <trkpt lat="36.339635" lon="127.269458"><ele>445.6</ele><time>2025-07-06T01:27:45.000Z</time></trkpt>
      <trkpt lat="36.339625" lon="127.269420"><ele>446.6</ele><time>2025-07-06T01:27:51.000Z</time></trkpt>
      <trkpt lat="36.339615" lon="127.269384"><ele>447.6</ele><time>2025-07-06T01:27:58.000Z</time></trkpt>
      <trkpt lat="36.339612" lon="127.269380"><ele>447.8</ele><time>2025-07-06T01:27:59.000Z</time></trkpt>
      <trkpt lat="36.339604" lon="127.269355"><ele>448.2</ele><time>2025-07-06T01:28:03.000Z</time></trkpt>
      <trkpt lat="36.339596" lon="127.269341"><ele>448.8</ele><time>2025-07-06T01:28:06.000Z</time></trkpt>
      <trkpt lat="36.339591" lon="127.269310"><ele>449.8</ele><time>2025-07-06T01:28:12.000Z</time></trkpt>
      <trkpt lat="36.339579" lon="127.269287"><ele>450.4</ele><time>2025-07-06T01:28:15.000Z</time></trkpt>
      <trkpt lat="36.339562" lon="127.269294"><ele>451.0</ele><time>2025-07-06T01:28:19.000Z</time></trkpt>
      <trkpt lat="36.339559" lon="127.269292"><ele>452.2</ele><time>2025-07-06T01:28:23.000Z</time></trkpt>
      <trkpt lat="36.339551" lon="127.269275"><ele>452.6</ele><time>2025-07-06T01:28:26.000Z</time></trkpt>
      <trkpt lat="36.339529" lon="127.269258"><ele>453.2</ele><time>2025-07-06T01:28:31.000Z</time></trkpt>
      <trkpt lat="36.339496" lon="127.269242"><ele>454.0</ele><time>2025-07-06T01:28:37.000Z</time></trkpt>
      <trkpt lat="36.339486" lon="127.269213"><ele>454.2</ele><time>2025-07-06T01:28:41.000Z</time></trkpt>
      <trkpt lat="36.339469" lon="127.269187"><ele>454.8</ele><time>2025-07-06T01:28:45.000Z</time></trkpt>
      <trkpt lat="36.339459" lon="127.269162"><ele>455.0</ele><time>2025-07-06T01:28:48.000Z</time></trkpt>
      <trkpt lat="36.339449" lon="127.269138"><ele>455.4</ele><time>2025-07-06T01:28:51.000Z</time></trkpt>
      <trkpt lat="36.339478" lon="127.269082"><ele>456.2</ele><time>2025-07-06T01:29:01.000Z</time></trkpt>
      <trkpt lat="36.339475" lon="127.269080"><ele>456.4</ele><time>2025-07-06T01:29:03.000Z</time></trkpt>
      <trkpt lat="36.339444" lon="127.269045"><ele>456.6</ele><time>2025-07-06T01:29:09.000Z</time></trkpt>
      <trkpt lat="36.339421" lon="127.268997"><ele>457.4</ele><time>2025-07-06T01:29:16.000Z</time></trkpt>
      <trkpt lat="36.339411" lon="127.268958"><ele>458.0</ele><time>2025-07-06T01:29:21.000Z</time></trkpt>
      <trkpt lat="36.339402" lon="127.268936"><ele>458.6</ele><time>2025-07-06T01:29:24.000Z</time></trkpt>
      <trkpt lat="36.339400" lon="127.268884"><ele>459.4</ele><time>2025-07-06T01:29:31.000Z</time></trkpt>
      <trkpt lat="36.339402" lon="127.268864"><ele>459.8</ele><time>2025-07-06T01:29:33.000Z</time></trkpt>
      <trkpt lat="36.339407" lon="127.268815"><ele>460.8</ele><time>2025-07-06T01:29:40.000Z</time></trkpt>
      <trkpt lat="36.339411" lon="127.268810"><ele>461.0</ele><time>2025-07-06T01:29:41.000Z</time></trkpt>
      <trkpt lat="36.339417" lon="127.268780"><ele>461.8</ele><time>2025-07-06T01:29:46.000Z</time></trkpt>
      <trkpt lat="36.339413" lon="127.268753"><ele>462.4</ele><time>2025-07-06T01:29:50.000Z</time></trkpt>
      <trkpt lat="36.339420" lon="127.268731"><ele>462.8</ele><time>2025-07-06T01:29:53.000Z</time></trkpt>
      <trkpt lat="36.339419" lon="127.268705"><ele>464.0</ele><time>2025-07-06T01:29:58.000Z</time></trkpt>
      <trkpt lat="36.339414" lon="127.268694"><ele>464.4</ele><time>2025-07-06T01:30:00.000Z</time></trkpt>
      <trkpt lat="36.339412" lon="127.268670"><ele>465.0</ele><time>2025-07-06T01:30:04.000Z</time></trkpt>
      <trkpt lat="36.339425" lon="127.268650"><ele>465.8</ele><time>2025-07-06T01:30:09.000Z</time></trkpt>
      <trkpt lat="36.339424" lon="127.268643"><ele>466.0</ele><time>2025-07-06T01:30:11.000Z</time></trkpt>
      <trkpt lat="36.339422" lon="127.268619"><ele>466.8</ele><time>2025-07-06T01:30:16.000Z</time></trkpt>
      <trkpt lat="36.339428" lon="127.268606"><ele>467.2</ele><time>2025-07-06T01:30:18.000Z</time></trkpt>
      <trkpt lat="36.339421" lon="127.268589"><ele>468.4</ele><time>2025-07-06T01:30:24.000Z</time></trkpt>
      <trkpt lat="36.339424" lon="127.268581"><ele>468.6</ele><time>2025-07-06T01:30:25.000Z</time></trkpt>
      <trkpt lat="36.339440" lon="127.268543"><ele>469.6</ele><time>2025-07-06T01:30:30.000Z</time></trkpt>
      <trkpt lat="36.339447" lon="127.268517"><ele>470.4</ele><time>2025-07-06T01:30:36.000Z</time></trkpt>
      <trkpt lat="36.339433" lon="127.268516"><ele>470.6</ele><time>2025-07-06T01:30:40.000Z</time></trkpt>
      <trkpt lat="36.339431" lon="127.268522"><ele>471.0</ele><time>2025-07-06T01:30:45.000Z</time></trkpt>
      <trkpt lat="36.339400" lon="127.268514"><ele>471.6</ele><time>2025-07-06T01:30:51.000Z</time></trkpt>
      <trkpt lat="36.339386" lon="127.268497"><ele>472.6</ele><time>2025-07-06T01:30:56.000Z</time></trkpt>
      <trkpt lat="36.339390" lon="127.268489"><ele>472.6</ele><time>2025-07-06T01:30:57.000Z</time></trkpt>
      <trkpt lat="36.339408" lon="127.268451"><ele>473.8</ele><time>2025-07-06T01:31:04.000Z</time></trkpt>
      <trkpt lat="36.339405" lon="127.268449"><ele>474.0</ele><time>2025-07-06T01:31:05.000Z</time></trkpt>
      <trkpt lat="36.339393" lon="127.268420"><ele>475.0</ele><time>2025-07-06T01:31:10.000Z</time></trkpt>
      <trkpt lat="36.339393" lon="127.268413"><ele>475.8</ele><time>2025-07-06T01:31:13.000Z</time></trkpt>
      <trkpt lat="36.339390" lon="127.268408"><ele>476.2</ele><time>2025-07-06T01:31:14.000Z</time></trkpt>
      <trkpt lat="36.339383" lon="127.268404"><ele>477.2</ele><time>2025-07-06T01:31:18.000Z</time></trkpt>
      <trkpt lat="36.339380" lon="127.268392"><ele>478.0</ele><time>2025-07-06T01:31:22.000Z</time></trkpt>
      <trkpt lat="36.339374" lon="127.268382"><ele>478.4</ele><time>2025-07-06T01:31:25.000Z</time></trkpt>
      <trkpt lat="36.339344" lon="127.268373"><ele>479.4</ele><time>2025-07-06T01:31:32.000Z</time></trkpt>
      <trkpt lat="36.339340" lon="127.268366"><ele>479.6</ele><time>2025-07-06T01:31:33.000Z</time></trkpt>
      <trkpt lat="36.339347" lon="127.268337"><ele>480.0</ele><time>2025-07-06T01:31:42.000Z</time></trkpt>
      <trkpt lat="36.339367" lon="127.268319"><ele>480.4</ele><time>2025-07-06T01:31:48.000Z</time></trkpt>
      <trkpt lat="36.339349" lon="127.268309"><ele>481.0</ele><time>2025-07-06T01:31:52.000Z</time></trkpt>
      <trkpt lat="36.339332" lon="127.268290"><ele>481.8</ele><time>2025-07-06T01:31:57.000Z</time></trkpt>
      <trkpt lat="36.339326" lon="127.268280"><ele>482.8</ele><time>2025-07-06T01:32:01.000Z</time></trkpt>
      <trkpt lat="36.339329" lon="127.268276"><ele>483.2</ele><time>2025-07-06T01:32:02.000Z</time></trkpt>
      <trkpt lat="36.339334" lon="127.268276"><ele>484.0</ele><time>2025-07-06T01:32:05.000Z</time></trkpt>
      <trkpt lat="36.339338" lon="127.268276"><ele>484.4</ele><time>2025-07-06T01:32:09.000Z</time></trkpt>
      <trkpt lat="36.339337" lon="127.268276"><ele>484.4</ele><time>2025-07-06T01:32:17.000Z</time></trkpt>
      <trkpt lat="36.339347" lon="127.268276"><ele>484.4</ele><time>2025-07-06T01:32:27.000Z</time></trkpt>
      <trkpt lat="36.339301" lon="127.268241"><ele>484.8</ele><time>2025-07-06T01:32:39.000Z</time></trkpt>
      <trkpt lat="36.339296" lon="127.268237"><ele>485.0</ele><time>2025-07-06T01:32:40.000Z</time></trkpt>
      <trkpt lat="36.339253" lon="127.268195"><ele>486.0</ele><time>2025-07-06T01:32:49.000Z</time></trkpt>
      <trkpt lat="36.339240" lon="127.268192"><ele>486.0</ele><time>2025-07-06T01:32:51.000Z</time></trkpt>
      <trkpt lat="36.339209" lon="127.268119"><ele>486.2</ele><time>2025-07-06T01:33:01.000Z</time></trkpt>
      <trkpt lat="36.339209" lon="127.268091"><ele>486.2</ele><time>2025-07-06T01:33:04.000Z</time></trkpt>
      <trkpt lat="36.339185" lon="127.268044"><ele>486.6</ele><time>2025-07-06T01:33:13.000Z</time></trkpt>
      <trkpt lat="36.339112" lon="127.267965"><ele>486.4</ele><time>2025-07-06T01:33:24.000Z</time></trkpt>
      <trkpt lat="36.339074" lon="127.267899"><ele>486.4</ele><time>2025-07-06T01:33:31.000Z</time></trkpt>
      <trkpt lat="36.339063" lon="127.267883"><ele>486.2</ele><time>2025-07-06T01:33:33.000Z</time></trkpt>
      <trkpt lat="36.339060" lon="127.267875"><ele>486.2</ele><time>2025-07-06T01:33:34.000Z</time></trkpt>
      <trkpt lat="36.339036" lon="127.267855"><ele>486.0</ele><time>2025-07-06T01:33:37.000Z</time></trkpt>
      <trkpt lat="36.338998" lon="127.267808"><ele>486.4</ele><time>2025-07-06T01:33:44.000Z</time></trkpt>
      <trkpt lat="36.339001" lon="127.267774"><ele>487.0</ele><time>2025-07-06T01:33:49.000Z</time></trkpt>
      <trkpt lat="36.339005" lon="127.267740"><ele>487.0</ele><time>2025-07-06T01:33:52.000Z</time></trkpt>
      <trkpt lat="36.338969" lon="127.267654"><ele>486.2</ele><time>2025-07-06T01:34:01.000Z</time></trkpt>
      <trkpt lat="36.338964" lon="127.267630"><ele>486.0</ele><time>2025-07-06T01:34:03.000Z</time></trkpt>
      <trkpt lat="36.338958" lon="127.267619"><ele>486.0</ele><time>2025-07-06T01:34:04.000Z</time></trkpt>
      <trkpt lat="36.338944" lon="127.267508"><ele>485.2</ele><time>2025-07-06T01:34:13.000Z</time></trkpt>
      <trkpt lat="36.338929" lon="127.267423"><ele>485.6</ele><time>2025-07-06T01:34:20.000Z</time></trkpt>
      <trkpt lat="36.338926" lon="127.267394"><ele>485.8</ele><time>2025-07-06T01:34:23.000Z</time></trkpt>
      <trkpt lat="36.338913" lon="127.267339"><ele>486.8</ele><time>2025-07-06T01:34:30.000Z</time></trkpt>
      <trkpt lat="36.338911" lon="127.267327"><ele>487.0</ele><time>2025-07-06T01:34:31.000Z</time></trkpt>
      <trkpt lat="36.338900" lon="127.267301"><ele>487.6</ele><time>2025-07-06T01:34:34.000Z</time></trkpt>
      <trkpt lat="36.338894" lon="127.267245"><ele>488.0</ele><time>2025-07-06T01:34:39.000Z</time></trkpt>
      <trkpt lat="36.338889" lon="127.267232"><ele>488.2</ele><time>2025-07-06T01:34:41.000Z</time></trkpt>
      <trkpt lat="36.338884" lon="127.267221"><ele>488.4</ele><time>2025-07-06T01:34:43.000Z</time></trkpt>
      <trkpt lat="36.338812" lon="127.267179"><ele>488.4</ele><time>2025-07-06T01:34:55.000Z</time></trkpt>
      <trkpt lat="36.338803" lon="127.267168"><ele>488.0</ele><time>2025-07-06T01:35:02.000Z</time></trkpt>
      <trkpt lat="36.338800" lon="127.267168"><ele>488.0</ele><time>2025-07-06T01:35:10.000Z</time></trkpt>
      <trkpt lat="36.338798" lon="127.267170"><ele>487.8</ele><time>2025-07-06T01:35:17.000Z</time></trkpt>
      <trkpt lat="36.338797" lon="127.267169"><ele>487.8</ele><time>2025-07-06T01:35:18.000Z</time></trkpt>
      <trkpt lat="36.338793" lon="127.267169"><ele>487.8</ele><time>2025-07-06T01:35:28.000Z</time></trkpt>
      <trkpt lat="36.338787" lon="127.267172"><ele>488.2</ele><time>2025-07-06T01:35:36.000Z</time></trkpt>
      <trkpt lat="36.338779" lon="127.267166"><ele>488.0</ele><time>2025-07-06T01:35:46.000Z</time></trkpt>
      <trkpt lat="36.338769" lon="127.267164"><ele>488.0</ele><time>2025-07-06T01:35:48.000Z</time></trkpt>
      <trkpt lat="36.338736" lon="127.267166"><ele>488.0</ele><time>2025-07-06T01:35:56.000Z</time></trkpt>
      <trkpt lat="36.338703" lon="127.267174"><ele>487.8</ele><time>2025-07-06T01:36:01.000Z</time></trkpt>
      <trkpt lat="36.338698" lon="127.267180"><ele>487.4</ele><time>2025-07-06T01:36:05.000Z</time></trkpt>
      <trkpt lat="36.338701" lon="127.267174"><ele>487.2</ele><time>2025-07-06T01:36:11.000Z</time></trkpt>
      <trkpt lat="36.338637" lon="127.267181"><ele>486.8</ele><time>2025-07-06T01:36:22.000Z</time></trkpt>
      <trkpt lat="36.338549" lon="127.267173"><ele>486.0</ele><time>2025-07-06T01:36:31.000Z</time></trkpt>
      <trkpt lat="36.338501" lon="127.267161"><ele>484.8</ele><time>2025-07-06T01:36:36.000Z</time></trkpt>
      <trkpt lat="36.338491" lon="127.267158"><ele>484.8</ele><time>2025-07-06T01:36:37.000Z</time></trkpt>
      <trkpt lat="36.338374" lon="127.267099"><ele>484.6</ele><time>2025-07-06T01:36:49.000Z</time></trkpt>
      <trkpt lat="36.338317" lon="127.267093"><ele>484.6</ele><time>2025-07-06T01:36:55.000Z</time></trkpt>
      <trkpt lat="36.338286" lon="127.267078"><ele>484.6</ele><time>2025-07-06T01:37:00.000Z</time></trkpt>
      <trkpt lat="36.338233" lon="127.267059"><ele>485.4</ele><time>2025-07-06T01:37:10.000Z</time></trkpt>
      <trkpt lat="36.338187" lon="127.267054"><ele>485.8</ele><time>2025-07-06T01:37:16.000Z</time></trkpt>
      <trkpt lat="36.338173" lon="127.267057"><ele>486.0</ele><time>2025-07-06T01:37:18.000Z</time></trkpt>
      <trkpt lat="36.338166" lon="127.267061"><ele>486.2</ele><time>2025-07-06T01:37:20.000Z</time></trkpt>
      <trkpt lat="36.338153" lon="127.267069"><ele>486.4</ele><time>2025-07-06T01:37:22.000Z</time></trkpt>
      <trkpt lat="36.338145" lon="127.267075"><ele>486.6</ele><time>2025-07-06T01:37:23.000Z</time></trkpt>
      <trkpt lat="36.338121" lon="127.267100"><ele>486.6</ele><time>2025-07-06T01:37:27.000Z</time></trkpt>
      <trkpt lat="36.338059" lon="127.267126"><ele>486.6</ele><time>2025-07-06T01:37:36.000Z</time></trkpt>
      <trkpt lat="36.337961" lon="127.267145"><ele>487.0</ele><time>2025-07-06T01:37:45.000Z</time></trkpt>
      <trkpt lat="36.337901" lon="127.267187"><ele>486.8</ele><time>2025-07-06T01:37:53.000Z</time></trkpt>
      <trkpt lat="36.337822" lon="127.267192"><ele>486.0</ele><time>2025-07-06T01:38:00.000Z</time></trkpt>
      <trkpt lat="36.337740" lon="127.267217"><ele>485.0</ele><time>2025-07-06T01:38:09.000Z</time></trkpt>
      <trkpt lat="36.337730" lon="127.267221"><ele>484.8</ele><time>2025-07-06T01:38:10.000Z</time></trkpt>
      <trkpt lat="36.337661" lon="127.267238"><ele>483.6</ele><time>2025-07-06T01:38:17.000Z</time></trkpt>
      <trkpt lat="36.337651" lon="127.267241"><ele>483.4</ele><time>2025-07-06T01:38:18.000Z</time></trkpt>
      <trkpt lat="36.337600" lon="127.267245"><ele>482.6</ele><time>2025-07-06T01:38:24.000Z</time></trkpt>
      <trkpt lat="36.337584" lon="127.267240"><ele>482.2</ele><time>2025-07-06T01:38:26.000Z</time></trkpt>
      <trkpt lat="36.337521" lon="127.267263"><ele>481.4</ele><time>2025-07-06T01:38:32.000Z</time></trkpt>
      <trkpt lat="36.337493" lon="127.267273"><ele>481.0</ele><time>2025-07-06T01:38:35.000Z</time></trkpt>
      <trkpt lat="36.337418" lon="127.267276"><ele>480.4</ele><time>2025-07-06T01:38:42.000Z</time></trkpt>
      <trkpt lat="36.337409" lon="127.267281"><ele>480.4</ele><time>2025-07-06T01:38:43.000Z</time></trkpt>
      <trkpt lat="36.337373" lon="127.267283"><ele>481.6</ele><time>2025-07-06T01:38:46.000Z</time></trkpt>
      <trkpt lat="36.337312" lon="127.267301"><ele>481.8</ele><time>2025-07-06T01:38:52.000Z</time></trkpt>
      <trkpt lat="36.337223" lon="127.267297"><ele>481.4</ele><time>2025-07-06T01:39:01.000Z</time></trkpt>
      <trkpt lat="36.337140" lon="127.267278"><ele>479.4</ele><time>2025-07-06T01:39:07.000Z</time></trkpt>
      <trkpt lat="36.337119" lon="127.267270"><ele>478.6</ele><time>2025-07-06T01:39:09.000Z</time></trkpt>
      <trkpt lat="36.337109" lon="127.267273"><ele>478.2</ele><time>2025-07-06T01:39:10.000Z</time></trkpt>
      <trkpt lat="36.337051" lon="127.267286"><ele>479.2</ele><time>2025-07-06T01:39:15.000Z</time></trkpt>
      <trkpt lat="36.337042" lon="127.267280"><ele>479.4</ele><time>2025-07-06T01:39:16.000Z</time></trkpt>
      <trkpt lat="36.337033" lon="127.267278"><ele>479.4</ele><time>2025-07-06T01:39:17.000Z</time></trkpt>
      <trkpt lat="36.337012" lon="127.267276"><ele>479.6</ele><time>2025-07-06T01:39:19.000Z</time></trkpt>
      <trkpt lat="36.336994" lon="127.267282"><ele>479.6</ele><time>2025-07-06T01:39:21.000Z</time></trkpt>
      <trkpt lat="36.336971" lon="127.267290"><ele>477.6</ele><time>2025-07-06T01:39:23.000Z</time></trkpt>
      <trkpt lat="36.336947" lon="127.267281"><ele>476.2</ele><time>2025-07-06T01:39:25.000Z</time></trkpt>
      <trkpt lat="36.336931" lon="127.267278"><ele>475.6</ele><time>2025-07-06T01:39:27.000Z</time></trkpt>
      <trkpt lat="36.336856" lon="127.267308"><ele>474.8</ele><time>2025-07-06T01:39:34.000Z</time></trkpt>
      <trkpt lat="36.336796" lon="127.267292"><ele>477.0</ele><time>2025-07-06T01:39:40.000Z</time></trkpt>
      <trkpt lat="36.336777" lon="127.267295"><ele>477.8</ele><time>2025-07-06T01:39:41.000Z</time></trkpt>
      <trkpt lat="36.336762" lon="127.267298"><ele>478.2</ele><time>2025-07-06T01:39:42.000Z</time></trkpt>
      <trkpt lat="36.336732" lon="127.267307"><ele>478.4</ele><time>2025-07-06T01:39:45.000Z</time></trkpt>
      <trkpt lat="36.336698" lon="127.267319"><ele>478.2</ele><time>2025-07-06T01:39:48.000Z</time></trkpt>
      <trkpt lat="36.336660" lon="127.267323"><ele>478.0</ele><time>2025-07-06T01:39:51.000Z</time></trkpt>
      <trkpt lat="36.336633" lon="127.267322"><ele>477.8</ele><time>2025-07-06T01:39:54.000Z</time></trkpt>
      <trkpt lat="36.336617" lon="127.267319"><ele>477.8</ele><time>2025-07-06T01:39:56.000Z</time></trkpt>
      <trkpt lat="36.336546" lon="127.267299"><ele>478.2</ele><time>2025-07-06T01:40:03.000Z</time></trkpt>
      <trkpt lat="36.336524" lon="127.267293"><ele>478.2</ele><time>2025-07-06T01:40:05.000Z</time></trkpt>
      <trkpt lat="36.336499" lon="127.267285"><ele>478.2</ele><time>2025-07-06T01:40:07.000Z</time></trkpt>
      <trkpt lat="36.336448" lon="127.267288"><ele>478.2</ele><time>2025-07-06T01:40:12.000Z</time></trkpt>
      <trkpt lat="36.336412" lon="127.267283"><ele>478.2</ele><time>2025-07-06T01:40:15.000Z</time></trkpt>
      <trkpt lat="36.336312" lon="127.267260"><ele>478.6</ele><time>2025-07-06T01:40:26.000Z</time></trkpt>
      <trkpt lat="36.336282" lon="127.267265"><ele>480.0</ele><time>2025-07-06T01:40:29.000Z</time></trkpt>
      <trkpt lat="36.336231" lon="127.267280"><ele>479.6</ele><time>2025-07-06T01:40:35.000Z</time></trkpt>
      <trkpt lat="36.336219" lon="127.267296"><ele>477.6</ele><time>2025-07-06T01:40:37.000Z</time></trkpt>
      <trkpt lat="36.336210" lon="127.267304"><ele>476.6</ele><time>2025-07-06T01:40:38.000Z</time></trkpt>
      <trkpt lat="36.336200" lon="127.267311"><ele>476.4</ele><time>2025-07-06T01:40:39.000Z</time></trkpt>
      <trkpt lat="36.336149" lon="127.267347"><ele>475.6</ele><time>2025-07-06T01:40:44.000Z</time></trkpt>
      <trkpt lat="36.336137" lon="127.267350"><ele>474.8</ele><time>2025-07-06T01:40:45.000Z</time></trkpt>
      <trkpt lat="36.336041" lon="127.267359"><ele>473.8</ele><time>2025-07-06T01:40:52.000Z</time></trkpt>
      <trkpt lat="36.336006" lon="127.267377"><ele>474.4</ele><time>2025-07-06T01:40:55.000Z</time></trkpt>
      <trkpt lat="36.335958" lon="127.267378"><ele>474.6</ele><time>2025-07-06T01:40:59.000Z</time></trkpt>
      <trkpt lat="36.335928" lon="127.267393"><ele>474.2</ele><time>2025-07-06T01:41:03.000Z</time></trkpt>
      <trkpt lat="36.335901" lon="127.267401"><ele>474.8</ele><time>2025-07-06T01:41:07.000Z</time></trkpt>
      <trkpt lat="36.335857" lon="127.267397"><ele>474.0</ele><time>2025-07-06T01:41:13.000Z</time></trkpt>
      <trkpt lat="36.335771" lon="127.267407"><ele>474.0</ele><time>2025-07-06T01:41:20.000Z</time></trkpt>
      <trkpt lat="36.335732" lon="127.267413"><ele>473.6</ele><time>2025-07-06T01:41:24.000Z</time></trkpt>
      <trkpt lat="36.335721" lon="127.267416"><ele>473.6</ele><time>2025-07-06T01:41:25.000Z</time></trkpt>
      <trkpt lat="36.335642" lon="127.267437"><ele>473.6</ele><time>2025-07-06T01:41:32.000Z</time></trkpt>
      <trkpt lat="36.335631" lon="127.267438"><ele>473.6</ele><time>2025-07-06T01:41:33.000Z</time></trkpt>
      <trkpt lat="36.335614" lon="127.267440"><ele>473.6</ele><time>2025-07-06T01:41:35.000Z</time></trkpt>
      <trkpt lat="36.335553" lon="127.267442"><ele>473.4</ele><time>2025-07-06T01:41:40.000Z</time></trkpt>
      <trkpt lat="36.335542" lon="127.267442"><ele>473.0</ele><time>2025-07-06T01:41:41.000Z</time></trkpt>
      <trkpt lat="36.335532" lon="127.267445"><ele>471.4</ele><time>2025-07-06T01:41:42.000Z</time></trkpt>
      <trkpt lat="36.335500" lon="127.267455"><ele>470.0</ele><time>2025-07-06T01:41:45.000Z</time></trkpt>
      <trkpt lat="36.335490" lon="127.267456"><ele>469.4</ele><time>2025-07-06T01:41:46.000Z</time></trkpt>
      <trkpt lat="36.335480" lon="127.267456"><ele>469.0</ele><time>2025-07-06T01:41:47.000Z</time></trkpt>
      <trkpt lat="36.335468" lon="127.267455"><ele>469.0</ele><time>2025-07-06T01:41:48.000Z</time></trkpt>
      <trkpt lat="36.335436" lon="127.267458"><ele>468.6</ele><time>2025-07-06T01:41:51.000Z</time></trkpt>
      <trkpt lat="36.335426" lon="127.267450"><ele>468.4</ele><time>2025-07-06T01:41:52.000Z</time></trkpt>
      <trkpt lat="36.335376" lon="127.267431"><ele>467.8</ele><time>2025-07-06T01:41:57.000Z</time></trkpt>
      <trkpt lat="36.335355" lon="127.267437"><ele>467.8</ele><time>2025-07-06T01:41:59.000Z</time></trkpt>
      <trkpt lat="36.335280" lon="127.267412"><ele>467.4</ele><time>2025-07-06T01:42:07.000Z</time></trkpt>
      <trkpt lat="36.335211" lon="127.267408"><ele>467.0</ele><time>2025-07-06T01:42:14.000Z</time></trkpt>
      <trkpt lat="36.335188" lon="127.267400"><ele>466.6</ele><time>2025-07-06T01:42:16.000Z</time></trkpt>
      <trkpt lat="36.335148" lon="127.267394"><ele>466.6</ele><time>2025-07-06T01:42:19.000Z</time></trkpt>
      <trkpt lat="36.335123" lon="127.267385"><ele>466.2</ele><time>2025-07-06T01:42:22.000Z</time></trkpt>
      <trkpt lat="36.335092" lon="127.267367"><ele>468.8</ele><time>2025-07-06T01:42:25.000Z</time></trkpt>
      <trkpt lat="36.335048" lon="127.267370"><ele>468.4</ele><time>2025-07-06T01:42:30.000Z</time></trkpt>
      <trkpt lat="36.334998" lon="127.267343"><ele>468.2</ele><time>2025-07-06T01:42:36.000Z</time></trkpt>
      <trkpt lat="36.334941" lon="127.267288"><ele>467.8</ele><time>2025-07-06T01:42:43.000Z</time></trkpt>
      <trkpt lat="36.334931" lon="127.267283"><ele>467.8</ele><time>2025-07-06T01:42:44.000Z</time></trkpt>
      <trkpt lat="36.334919" lon="127.267283"><ele>467.6</ele><time>2025-07-06T01:42:45.000Z</time></trkpt>
      <trkpt lat="36.334867" lon="127.267262"><ele>466.6</ele><time>2025-07-06T01:42:51.000Z</time></trkpt>
      <trkpt lat="36.334806" lon="127.267238"><ele>466.0</ele><time>2025-07-06T01:42:59.000Z</time></trkpt>
      <trkpt lat="36.334768" lon="127.267226"><ele>465.6</ele><time>2025-07-06T01:43:03.000Z</time></trkpt>
      <trkpt lat="36.334726" lon="127.267217"><ele>465.2</ele><time>2025-07-06T01:43:08.000Z</time></trkpt>
      <trkpt lat="36.334685" lon="127.267215"><ele>464.8</ele><time>2025-07-06T01:43:18.000Z</time></trkpt>
      <trkpt lat="36.334620" lon="127.267240"><ele>464.6</ele><time>2025-07-06T01:43:27.000Z</time></trkpt>
      <trkpt lat="36.334593" lon="127.267248"><ele>464.6</ele><time>2025-07-06T01:43:29.000Z</time></trkpt>
      <trkpt lat="36.334571" lon="127.267249"><ele>464.4</ele><time>2025-07-06T01:43:31.000Z</time></trkpt>
      <trkpt lat="36.334473" lon="127.267272"><ele>463.8</ele><time>2025-07-06T01:43:40.000Z</time></trkpt>
      <trkpt lat="36.334398" lon="127.267285"><ele>463.6</ele><time>2025-07-06T01:43:47.000Z</time></trkpt>
      <trkpt lat="36.334386" lon="127.267288"><ele>463.4</ele><time>2025-07-06T01:43:48.000Z</time></trkpt>
      <trkpt lat="36.334364" lon="127.267295"><ele>462.2</ele><time>2025-07-06T01:43:50.000Z</time></trkpt>
      <trkpt lat="36.334355" lon="127.267296"><ele>460.8</ele><time>2025-07-06T01:43:51.000Z</time></trkpt>
      <trkpt lat="36.334323" lon="127.267297"><ele>460.8</ele><time>2025-07-06T01:43:55.000Z</time></trkpt>
      <trkpt lat="36.334216" lon="127.267297"><ele>464.0</ele><time>2025-07-06T01:44:05.000Z</time></trkpt>
      <trkpt lat="36.334174" lon="127.267310"><ele>461.8</ele><time>2025-07-06T01:44:10.000Z</time></trkpt>
      <trkpt lat="36.334161" lon="127.267313"><ele>460.8</ele><time>2025-07-06T01:44:11.000Z</time></trkpt>
      <trkpt lat="36.334152" lon="127.267312"><ele>459.6</ele><time>2025-07-06T01:44:12.000Z</time></trkpt>
      <trkpt lat="36.334125" lon="127.267289"><ele>460.2</ele><time>2025-07-06T01:44:16.000Z</time></trkpt>
      <trkpt lat="36.334116" lon="127.267285"><ele>461.0</ele><time>2025-07-06T01:44:17.000Z</time></trkpt>
      <trkpt lat="36.334089" lon="127.267273"><ele>461.4</ele><time>2025-07-06T01:44:20.000Z</time></trkpt>
      <trkpt lat="36.334050" lon="127.267256"><ele>461.8</ele><time>2025-07-06T01:44:25.000Z</time></trkpt>
      <trkpt lat="36.333936" lon="127.267224"><ele>461.2</ele><time>2025-07-06T01:44:36.000Z</time></trkpt>
      <trkpt lat="36.333864" lon="127.267252"><ele>460.0</ele><time>2025-07-06T01:44:43.000Z</time></trkpt>
      <trkpt lat="36.333851" lon="127.267264"><ele>458.8</ele><time>2025-07-06T01:44:45.000Z</time></trkpt>
      <trkpt lat="36.333833" lon="127.267274"><ele>458.2</ele><time>2025-07-06T01:44:47.000Z</time></trkpt>
      <trkpt lat="36.333789" lon="127.267295"><ele>458.0</ele><time>2025-07-06T01:44:56.000Z</time></trkpt>
      <trkpt lat="36.333783" lon="127.267300"><ele>455.8</ele><time>2025-07-06T01:44:57.000Z</time></trkpt>
      <trkpt lat="36.333760" lon="127.267317"><ele>454.8</ele><time>2025-07-06T01:45:00.000Z</time></trkpt>
      <trkpt lat="36.333713" lon="127.267325"><ele>456.4</ele><time>2025-07-06T01:45:05.000Z</time></trkpt>
      <trkpt lat="36.333700" lon="127.267328"><ele>457.8</ele><time>2025-07-06T01:45:07.000Z</time></trkpt>
      <trkpt lat="36.333661" lon="127.267418"><ele>458.0</ele><time>2025-07-06T01:45:16.000Z</time></trkpt>
      <trkpt lat="36.333654" lon="127.267422"><ele>456.8</ele><time>2025-07-06T01:45:17.000Z</time></trkpt>
      <trkpt lat="36.333622" lon="127.267451"><ele>455.6</ele><time>2025-07-06T01:45:21.000Z</time></trkpt>
      <trkpt lat="36.333596" lon="127.267456"><ele>454.6</ele><time>2025-07-06T01:45:24.000Z</time></trkpt>
      <trkpt lat="36.333546" lon="127.267452"><ele>453.8</ele><time>2025-07-06T01:45:30.000Z</time></trkpt>
      <trkpt lat="36.333540" lon="127.267453"><ele>452.2</ele><time>2025-07-06T01:45:31.000Z</time></trkpt>
      <trkpt lat="36.333489" lon="127.267456"><ele>454.2</ele><time>2025-07-06T01:45:36.000Z</time></trkpt>
      <trkpt lat="36.333463" lon="127.267463"><ele>455.4</ele><time>2025-07-06T01:45:39.000Z</time></trkpt>
      <trkpt lat="36.333455" lon="127.267467"><ele>455.6</ele><time>2025-07-06T01:45:40.000Z</time></trkpt>
      <trkpt lat="36.333396" lon="127.267481"><ele>455.4</ele><time>2025-07-06T01:45:46.000Z</time></trkpt>
      <trkpt lat="36.333355" lon="127.267486"><ele>455.2</ele><time>2025-07-06T01:45:50.000Z</time></trkpt>
      <trkpt lat="36.333315" lon="127.267487"><ele>455.0</ele><time>2025-07-06T01:45:54.000Z</time></trkpt>
      <trkpt lat="36.333293" lon="127.267493"><ele>455.0</ele><time>2025-07-06T01:45:56.000Z</time></trkpt>
      <trkpt lat="36.333187" lon="127.267493"><ele>455.2</ele><time>2025-07-06T01:46:06.000Z</time></trkpt>
      <trkpt lat="36.333117" lon="127.267498"><ele>455.8</ele><time>2025-07-06T01:46:14.000Z</time></trkpt>
      <trkpt lat="36.333071" lon="127.267513"><ele>456.6</ele><time>2025-07-06T01:46:19.000Z</time></trkpt>
      <trkpt lat="36.333046" lon="127.267518"><ele>457.6</ele><time>2025-07-06T01:46:22.000Z</time></trkpt>
      <trkpt lat="36.333026" lon="127.267529"><ele>458.0</ele><time>2025-07-06T01:46:24.000Z</time></trkpt>
      <trkpt lat="36.333001" lon="127.267534"><ele>458.2</ele><time>2025-07-06T01:46:26.000Z</time></trkpt>
      <trkpt lat="36.332990" lon="127.267534"><ele>458.2</ele><time>2025-07-06T01:46:27.000Z</time></trkpt>
      <trkpt lat="36.332969" lon="127.267535"><ele>458.4</ele><time>2025-07-06T01:46:29.000Z</time></trkpt>
      <trkpt lat="36.332958" lon="127.267538"><ele>458.6</ele><time>2025-07-06T01:46:30.000Z</time></trkpt>
      <trkpt lat="36.332944" lon="127.267546"><ele>458.8</ele><time>2025-07-06T01:46:32.000Z</time></trkpt>
      <trkpt lat="36.332915" lon="127.267563"><ele>459.0</ele><time>2025-07-06T01:46:36.000Z</time></trkpt>
      <trkpt lat="36.332883" lon="127.267614"><ele>459.8</ele><time>2025-07-06T01:46:43.000Z</time></trkpt>
      <trkpt lat="36.332874" lon="127.267619"><ele>460.0</ele><time>2025-07-06T01:46:44.000Z</time></trkpt>
      <trkpt lat="36.332842" lon="127.267637"><ele>460.8</ele><time>2025-07-06T01:46:48.000Z</time></trkpt>
      <trkpt lat="36.332790" lon="127.267671"><ele>461.4</ele><time>2025-07-06T01:46:55.000Z</time></trkpt>
      <trkpt lat="36.332771" lon="127.267674"><ele>461.4</ele><time>2025-07-06T01:46:57.000Z</time></trkpt>
      <trkpt lat="36.332762" lon="127.267677"><ele>461.4</ele><time>2025-07-06T01:46:58.000Z</time></trkpt>
      <trkpt lat="36.332729" lon="127.267694"><ele>461.4</ele><time>2025-07-06T01:47:01.000Z</time></trkpt>
      <trkpt lat="36.332681" lon="127.267726"><ele>461.2</ele><time>2025-07-06T01:47:06.000Z</time></trkpt>
      <trkpt lat="36.332675" lon="127.267735"><ele>461.2</ele><time>2025-07-06T01:47:07.000Z</time></trkpt>
      <trkpt lat="36.332629" lon="127.267813"><ele>461.4</ele><time>2025-07-06T01:47:14.000Z</time></trkpt>
      <trkpt lat="36.332612" lon="127.267835"><ele>461.6</ele><time>2025-07-06T01:47:16.000Z</time></trkpt>
      <trkpt lat="36.332566" lon="127.267839"><ele>461.8</ele><time>2025-07-06T01:47:20.000Z</time></trkpt>
      <trkpt lat="36.332541" lon="127.267839"><ele>461.8</ele><time>2025-07-06T01:47:22.000Z</time></trkpt>
      <trkpt lat="36.332468" lon="127.267851"><ele>461.8</ele><time>2025-07-06T01:47:29.000Z</time></trkpt>
      <trkpt lat="36.332410" lon="127.267844"><ele>461.8</ele><time>2025-07-06T01:47:35.000Z</time></trkpt>
      <trkpt lat="36.332389" lon="127.267842"><ele>461.8</ele><time>2025-07-06T01:47:37.000Z</time></trkpt>
      <trkpt lat="36.332352" lon="127.267849"><ele>462.0</ele><time>2025-07-06T01:47:41.000Z</time></trkpt>
      <trkpt lat="36.332324" lon="127.267861"><ele>463.0</ele><time>2025-07-06T01:47:44.000Z</time></trkpt>
      <trkpt lat="36.332314" lon="127.267863"><ele>463.4</ele><time>2025-07-06T01:47:45.000Z</time></trkpt>
      <trkpt lat="36.332287" lon="127.267876"><ele>464.2</ele><time>2025-07-06T01:47:49.000Z</time></trkpt>
      <trkpt lat="36.332255" lon="127.267896"><ele>464.8</ele><time>2025-07-06T01:47:54.000Z</time></trkpt>
      <trkpt lat="36.332180" lon="127.267902"><ele>464.8</ele><time>2025-07-06T01:48:04.000Z</time></trkpt>
      <trkpt lat="36.332106" lon="127.267949"><ele>465.2</ele><time>2025-07-06T01:48:13.000Z</time></trkpt>
      <trkpt lat="36.332085" lon="127.267959"><ele>465.4</ele><time>2025-07-06T01:48:15.000Z</time></trkpt>
      <trkpt lat="36.332056" lon="127.267972"><ele>464.0</ele><time>2025-07-06T01:48:18.000Z</time></trkpt>
      <trkpt lat="36.332026" lon="127.267992"><ele>463.0</ele><time>2025-07-06T01:48:22.000Z</time></trkpt>
      <trkpt lat="36.332009" lon="127.268004"><ele>463.4</ele><time>2025-07-06T01:48:24.000Z</time></trkpt>
      <trkpt lat="36.331948" lon="127.268032"><ele>465.2</ele><time>2025-07-06T01:48:31.000Z</time></trkpt>
      <trkpt lat="36.331918" lon="127.268043"><ele>465.2</ele><time>2025-07-06T01:48:34.000Z</time></trkpt>
      <trkpt lat="36.331877" lon="127.268030"><ele>464.8</ele><time>2025-07-06T01:48:38.000Z</time></trkpt>
      <trkpt lat="36.331852" lon="127.268022"><ele>464.8</ele><time>2025-07-06T01:48:41.000Z</time></trkpt>
      <trkpt lat="36.331787" lon="127.268021"><ele>464.6</ele><time>2025-07-06T01:48:49.000Z</time></trkpt>
      <trkpt lat="36.331768" lon="127.268027"><ele>465.2</ele><time>2025-07-06T01:48:51.000Z</time></trkpt>
      <trkpt lat="36.331699" lon="127.268054"><ele>466.0</ele><time>2025-07-06T01:49:01.000Z</time></trkpt>
      <trkpt lat="36.331697" lon="127.268063"><ele>466.2</ele><time>2025-07-06T01:49:02.000Z</time></trkpt>
      <trkpt lat="36.331681" lon="127.268162"><ele>465.6</ele><time>2025-07-06T01:49:10.000Z</time></trkpt>
      <trkpt lat="36.331677" lon="127.268175"><ele>465.4</ele><time>2025-07-06T01:49:11.000Z</time></trkpt>
      <trkpt lat="36.331671" lon="127.268186"><ele>465.2</ele><time>2025-07-06T01:49:12.000Z</time></trkpt>
      <trkpt lat="36.331656" lon="127.268209"><ele>464.0</ele><time>2025-07-06T01:49:14.000Z</time></trkpt>
      <trkpt lat="36.331638" lon="127.268253"><ele>464.4</ele><time>2025-07-06T01:49:18.000Z</time></trkpt>
      <trkpt lat="36.331636" lon="127.268261"><ele>464.6</ele><time>2025-07-06T01:49:19.000Z</time></trkpt>
      <trkpt lat="36.331620" lon="127.268282"><ele>465.0</ele><time>2025-07-06T01:49:22.000Z</time></trkpt>
      <trkpt lat="36.331603" lon="127.268302"><ele>464.8</ele><time>2025-07-06T01:49:24.000Z</time></trkpt>
      <trkpt lat="36.331571" lon="127.268348"><ele>465.0</ele><time>2025-07-06T01:49:29.000Z</time></trkpt>
      <trkpt lat="36.331557" lon="127.268394"><ele>466.2</ele><time>2025-07-06T01:49:34.000Z</time></trkpt>
      <trkpt lat="36.331545" lon="127.268413"><ele>466.6</ele><time>2025-07-06T01:49:36.000Z</time></trkpt>
      <trkpt lat="36.331525" lon="127.268454"><ele>467.4</ele><time>2025-07-06T01:49:41.000Z</time></trkpt>
      <trkpt lat="36.331523" lon="127.268475"><ele>467.8</ele><time>2025-07-06T01:49:43.000Z</time></trkpt>
      <trkpt lat="36.331503" lon="127.268510"><ele>468.6</ele><time>2025-07-06T01:49:47.000Z</time></trkpt>
      <trkpt lat="36.331495" lon="127.268525"><ele>469.2</ele><time>2025-07-06T01:49:49.000Z</time></trkpt>
      <trkpt lat="36.331494" lon="127.268542"><ele>469.6</ele><time>2025-07-06T01:49:51.000Z</time></trkpt>
      <trkpt lat="36.331488" lon="127.268574"><ele>470.8</ele><time>2025-07-06T01:49:56.000Z</time></trkpt>
      <trkpt lat="36.331490" lon="127.268589"><ele>471.4</ele><time>2025-07-06T01:49:58.000Z</time></trkpt>
      <trkpt lat="36.331490" lon="127.268613"><ele>472.0</ele><time>2025-07-06T01:50:01.000Z</time></trkpt>
      <trkpt lat="36.331482" lon="127.268660"><ele>473.0</ele><time>2025-07-06T01:50:07.000Z</time></trkpt>
      <trkpt lat="36.331479" lon="127.268670"><ele>473.2</ele><time>2025-07-06T01:50:08.000Z</time></trkpt>
      <trkpt lat="36.331476" lon="127.268679"><ele>472.8</ele><time>2025-07-06T01:50:09.000Z</time></trkpt>
      <trkpt lat="36.331464" lon="127.268705"><ele>471.2</ele><time>2025-07-06T01:50:11.000Z</time></trkpt>
      <trkpt lat="36.331453" lon="127.268749"><ele>470.2</ele><time>2025-07-06T01:50:15.000Z</time></trkpt>
      <trkpt lat="36.331451" lon="127.268788"><ele>469.2</ele><time>2025-07-06T01:50:18.000Z</time></trkpt>
      <trkpt lat="36.331444" lon="127.268803"><ele>469.0</ele><time>2025-07-06T01:50:19.000Z</time></trkpt>
      <trkpt lat="36.331426" lon="127.268880"><ele>468.4</ele><time>2025-07-06T01:50:24.000Z</time></trkpt>
      <trkpt lat="36.331433" lon="127.268909"><ele>468.2</ele><time>2025-07-06T01:50:26.000Z</time></trkpt>
      <trkpt lat="36.331437" lon="127.268929"><ele>468.8</ele><time>2025-07-06T01:50:28.000Z</time></trkpt>
      <trkpt lat="36.331434" lon="127.268964"><ele>468.2</ele><time>2025-07-06T01:50:31.000Z</time></trkpt>
      <trkpt lat="36.331431" lon="127.268998"><ele>467.8</ele><time>2025-07-06T01:50:33.000Z</time></trkpt>
      <trkpt lat="36.331427" lon="127.269068"><ele>468.6</ele><time>2025-07-06T01:50:39.000Z</time></trkpt>
      <trkpt lat="36.331423" lon="127.269081"><ele>469.0</ele><time>2025-07-06T01:50:40.000Z</time></trkpt>
      <trkpt lat="36.331409" lon="127.269122"><ele>470.2</ele><time>2025-07-06T01:50:44.000Z</time></trkpt>
      <trkpt lat="36.331396" lon="127.269141"><ele>470.8</ele><time>2025-07-06T01:50:46.000Z</time></trkpt>
      <trkpt lat="36.331392" lon="127.269151"><ele>471.4</ele><time>2025-07-06T01:50:47.000Z</time></trkpt>
      <trkpt lat="36.331387" lon="127.269163"><ele>472.6</ele><time>2025-07-06T01:50:48.000Z</time></trkpt>
      <trkpt lat="36.331379" lon="127.269188"><ele>474.0</ele><time>2025-07-06T01:50:50.000Z</time></trkpt>
      <trkpt lat="36.331362" lon="127.269239"><ele>474.2</ele><time>2025-07-06T01:50:55.000Z</time></trkpt>
      <trkpt lat="36.331328" lon="127.269272"><ele>475.2</ele><time>2025-07-06T01:51:01.000Z</time></trkpt>
      <trkpt lat="36.331325" lon="127.269277"><ele>475.2</ele><time>2025-07-06T01:51:02.000Z</time></trkpt>
      <trkpt lat="36.331311" lon="127.269307"><ele>475.2</ele><time>2025-07-06T01:51:06.000Z</time></trkpt>
      <trkpt lat="36.331306" lon="127.269315"><ele>475.0</ele><time>2025-07-06T01:51:07.000Z</time></trkpt>
      <trkpt lat="36.331254" lon="127.269345"><ele>476.6</ele><time>2025-07-06T01:51:15.000Z</time></trkpt>
      <trkpt lat="36.331245" lon="127.269364"><ele>477.0</ele><time>2025-07-06T01:51:18.000Z</time></trkpt>
      <trkpt lat="36.331216" lon="127.269433"><ele>476.8</ele><time>2025-07-06T01:51:25.000Z</time></trkpt>
      <trkpt lat="36.331169" lon="127.269547"><ele>477.2</ele><time>2025-07-06T01:51:36.000Z</time></trkpt>
      <trkpt lat="36.331159" lon="127.269592"><ele>476.4</ele><time>2025-07-06T01:51:40.000Z</time></trkpt>
      <trkpt lat="36.331158" lon="127.269622"><ele>475.8</ele><time>2025-07-06T01:51:42.000Z</time></trkpt>
      <trkpt lat="36.331138" lon="127.269643"><ele>475.2</ele><time>2025-07-06T01:51:45.000Z</time></trkpt>
      <trkpt lat="36.331129" lon="127.269645"><ele>472.8</ele><time>2025-07-06T01:51:46.000Z</time></trkpt>
      <trkpt lat="36.331123" lon="127.269650"><ele>471.2</ele><time>2025-07-06T01:51:47.000Z</time></trkpt>
      <trkpt lat="36.331113" lon="127.269667"><ele>471.0</ele><time>2025-07-06T01:51:49.000Z</time></trkpt>
      <trkpt lat="36.331058" lon="127.269728"><ele>470.2</ele><time>2025-07-06T01:51:56.000Z</time></trkpt>
      <trkpt lat="36.331051" lon="127.269764"><ele>470.2</ele><time>2025-07-06T01:51:59.000Z</time></trkpt>
      <trkpt lat="36.331053" lon="127.269778"><ele>470.0</ele><time>2025-07-06T01:52:00.000Z</time></trkpt>
      <trkpt lat="36.331053" lon="127.269808"><ele>469.2</ele><time>2025-07-06T01:52:03.000Z</time></trkpt>
      <trkpt lat="36.331046" lon="127.269821"><ele>470.2</ele><time>2025-07-06T01:52:05.000Z</time></trkpt>
      <trkpt lat="36.331034" lon="127.269848"><ele>469.2</ele><time>2025-07-06T01:52:09.000Z</time></trkpt>
      <trkpt lat="36.331023" lon="127.269871"><ele>469.0</ele><time>2025-07-06T01:52:11.000Z</time></trkpt>
      <trkpt lat="36.331010" lon="127.269883"><ele>468.6</ele><time>2025-07-06T01:52:13.000Z</time></trkpt>
      <trkpt lat="36.330998" lon="127.269893"><ele>467.8</ele><time>2025-07-06T01:52:15.000Z</time></trkpt>
      <trkpt lat="36.330989" lon="127.269900"><ele>466.6</ele><time>2025-07-06T01:52:16.000Z</time></trkpt>
      <trkpt lat="36.330984" lon="127.269908"><ele>465.2</ele><time>2025-07-06T01:52:17.000Z</time></trkpt>
      <trkpt lat="36.330970" lon="127.269930"><ele>465.2</ele><time>2025-07-06T01:52:20.000Z</time></trkpt>
      <trkpt lat="36.330952" lon="127.269995"><ele>464.2</ele><time>2025-07-06T01:52:27.000Z</time></trkpt>
      <trkpt lat="36.330951" lon="127.270017"><ele>463.8</ele><time>2025-07-06T01:52:29.000Z</time></trkpt>
      <trkpt lat="36.330976" lon="127.270074"><ele>463.2</ele><time>2025-07-06T01:52:35.000Z</time></trkpt>
      <trkpt lat="36.330978" lon="127.270086"><ele>462.8</ele><time>2025-07-06T01:52:36.000Z</time></trkpt>
      <trkpt lat="36.330970" lon="127.270110"><ele>461.8</ele><time>2025-07-06T01:52:38.000Z</time></trkpt>
      <trkpt lat="36.330948" lon="127.270155"><ele>460.0</ele><time>2025-07-06T01:52:43.000Z</time></trkpt>
      <trkpt lat="36.330945" lon="127.270233"><ele>459.8</ele><time>2025-07-06T01:52:51.000Z</time></trkpt>
      <trkpt lat="36.330920" lon="127.270331"><ele>458.4</ele><time>2025-07-06T01:53:00.000Z</time></trkpt>
      <trkpt lat="36.330912" lon="127.270342"><ele>456.8</ele><time>2025-07-06T01:53:01.000Z</time></trkpt>
      <trkpt lat="36.330900" lon="127.270362"><ele>455.4</ele><time>2025-07-06T01:53:03.000Z</time></trkpt>
      <trkpt lat="36.330902" lon="127.270377"><ele>454.2</ele><time>2025-07-06T01:53:04.000Z</time></trkpt>
      <trkpt lat="36.330899" lon="127.270409"><ele>453.6</ele><time>2025-07-06T01:53:07.000Z</time></trkpt>
      <trkpt lat="36.330892" lon="127.270421"><ele>453.6</ele><time>2025-07-06T01:53:08.000Z</time></trkpt>
      <trkpt lat="36.330888" lon="127.270432"><ele>453.6</ele><time>2025-07-06T01:53:09.000Z</time></trkpt>
      <trkpt lat="36.330883" lon="127.270472"><ele>453.2</ele><time>2025-07-06T01:53:12.000Z</time></trkpt>
      <trkpt lat="36.330876" lon="127.270511"><ele>453.4</ele><time>2025-07-06T01:53:15.000Z</time></trkpt>
      <trkpt lat="36.330877" lon="127.270525"><ele>453.6</ele><time>2025-07-06T01:53:16.000Z</time></trkpt>
      <trkpt lat="36.330885" lon="127.270566"><ele>453.6</ele><time>2025-07-06T01:53:19.000Z</time></trkpt>
      <trkpt lat="36.330880" lon="127.270595"><ele>452.6</ele><time>2025-07-06T01:53:21.000Z</time></trkpt>
      <trkpt lat="36.330875" lon="127.270609"><ele>452.4</ele><time>2025-07-06T01:53:22.000Z</time></trkpt>
      <trkpt lat="36.330868" lon="127.270623"><ele>452.0</ele><time>2025-07-06T01:53:23.000Z</time></trkpt>
      <trkpt lat="36.330866" lon="127.270632"><ele>451.8</ele><time>2025-07-06T01:53:24.000Z</time></trkpt>
      <trkpt lat="36.330862" lon="127.270662"><ele>450.8</ele><time>2025-07-06T01:53:27.000Z</time></trkpt>
      <trkpt lat="36.330891" lon="127.270739"><ele>450.2</ele><time>2025-07-06T01:53:35.000Z</time></trkpt>
      <trkpt lat="36.330889" lon="127.270778"><ele>449.6</ele><time>2025-07-06T01:53:38.000Z</time></trkpt>
      <trkpt lat="36.330888" lon="127.270792"><ele>449.6</ele><time>2025-07-06T01:53:39.000Z</time></trkpt>
      <trkpt lat="36.330896" lon="127.270811"><ele>448.4</ele><time>2025-07-06T01:53:41.000Z</time></trkpt>
      <trkpt lat="36.330901" lon="127.270823"><ele>448.0</ele><time>2025-07-06T01:53:42.000Z</time></trkpt>
      <trkpt lat="36.330914" lon="127.270850"><ele>447.6</ele><time>2025-07-06T01:53:44.000Z</time></trkpt>
      <trkpt lat="36.330933" lon="127.270894"><ele>447.8</ele><time>2025-07-06T01:53:48.000Z</time></trkpt>
      <trkpt lat="36.330941" lon="127.270899"><ele>447.6</ele><time>2025-07-06T01:53:49.000Z</time></trkpt>
      <trkpt lat="36.330965" lon="127.270927"><ele>447.2</ele><time>2025-07-06T01:53:52.000Z</time></trkpt>
      <trkpt lat="36.330973" lon="127.270933"><ele>447.0</ele><time>2025-07-06T01:53:53.000Z</time></trkpt>
      <trkpt lat="36.331006" lon="127.270948"><ele>446.2</ele><time>2025-07-06T01:53:56.000Z</time></trkpt>
      <trkpt lat="36.331010" lon="127.270948"><ele>444.4</ele><time>2025-07-06T01:53:57.000Z</time></trkpt>
      <trkpt lat="36.331015" lon="127.270951"><ele>443.2</ele><time>2025-07-06T01:53:59.000Z</time></trkpt>
      <trkpt lat="36.331025" lon="127.270972"><ele>443.4</ele><time>2025-07-06T01:54:01.000Z</time></trkpt>
      <trkpt lat="36.331035" lon="127.270995"><ele>445.2</ele><time>2025-07-06T01:54:03.000Z</time></trkpt>
      <trkpt lat="36.331041" lon="127.271003"><ele>446.0</ele><time>2025-07-06T01:54:04.000Z</time></trkpt>
      <trkpt lat="36.331047" lon="127.271012"><ele>446.4</ele><time>2025-07-06T01:54:05.000Z</time></trkpt>
      <trkpt lat="36.331062" lon="127.271059"><ele>444.0</ele><time>2025-07-06T01:54:09.000Z</time></trkpt>
      <trkpt lat="36.331106" lon="127.271099"><ele>444.0</ele><time>2025-07-06T01:54:14.000Z</time></trkpt>
      <trkpt lat="36.331139" lon="127.271159"><ele>442.4</ele><time>2025-07-06T01:54:20.000Z</time></trkpt>
      <trkpt lat="36.331142" lon="127.271184"><ele>441.8</ele><time>2025-07-06T01:54:22.000Z</time></trkpt>
      <trkpt lat="36.331146" lon="127.271192"><ele>441.4</ele><time>2025-07-06T01:54:23.000Z</time></trkpt>
      <trkpt lat="36.331154" lon="127.271222"><ele>440.2</ele><time>2025-07-06T01:54:25.000Z</time></trkpt>
      <trkpt lat="36.331167" lon="127.271258"><ele>440.2</ele><time>2025-07-06T01:54:27.000Z</time></trkpt>
      <trkpt lat="36.331169" lon="127.271306"><ele>440.8</ele><time>2025-07-06T01:54:30.000Z</time></trkpt>
      <trkpt lat="36.331167" lon="127.271323"><ele>441.2</ele><time>2025-07-06T01:54:31.000Z</time></trkpt>
      <trkpt lat="36.331158" lon="127.271399"><ele>442.2</ele><time>2025-07-06T01:54:36.000Z</time></trkpt>
      <trkpt lat="36.331158" lon="127.271415"><ele>442.4</ele><time>2025-07-06T01:54:37.000Z</time></trkpt>
      <trkpt lat="36.331160" lon="127.271432"><ele>442.6</ele><time>2025-07-06T01:54:38.000Z</time></trkpt>
      <trkpt lat="36.331165" lon="127.271462"><ele>442.6</ele><time>2025-07-06T01:54:40.000Z</time></trkpt>
      <trkpt lat="36.331164" lon="127.271477"><ele>442.6</ele><time>2025-07-06T01:54:41.000Z</time></trkpt>
      <trkpt lat="36.331162" lon="127.271492"><ele>443.4</ele><time>2025-07-06T01:54:42.000Z</time></trkpt>
      <trkpt lat="36.331160" lon="127.271524"><ele>444.0</ele><time>2025-07-06T01:54:44.000Z</time></trkpt>
      <trkpt lat="36.331157" lon="127.271538"><ele>444.2</ele><time>2025-07-06T01:54:45.000Z</time></trkpt>
      <trkpt lat="36.331158" lon="127.271549"><ele>444.2</ele><time>2025-07-06T01:54:46.000Z</time></trkpt>
      <trkpt lat="36.331155" lon="127.271573"><ele>444.2</ele><time>2025-07-06T01:54:48.000Z</time></trkpt>
      <trkpt lat="36.331157" lon="127.271605"><ele>444.2</ele><time>2025-07-06T01:54:50.000Z</time></trkpt>
      <trkpt lat="36.331154" lon="127.271620"><ele>444.2</ele><time>2025-07-06T01:54:51.000Z</time></trkpt>
      <trkpt lat="36.331148" lon="127.271658"><ele>443.0</ele><time>2025-07-06T01:54:56.000Z</time></trkpt>
      <trkpt lat="36.331138" lon="127.271706"><ele>444.6</ele><time>2025-07-06T01:55:01.000Z</time></trkpt>
      <trkpt lat="36.331127" lon="127.271746"><ele>447.2</ele><time>2025-07-06T01:55:07.000Z</time></trkpt>
      <trkpt lat="36.331124" lon="127.271751"><ele>449.2</ele><time>2025-07-06T01:55:08.000Z</time></trkpt>
      <trkpt lat="36.331103" lon="127.271815"><ele>450.2</ele><time>2025-07-06T01:55:16.000Z</time></trkpt>
      <trkpt lat="36.331088" lon="127.271826"><ele>450.6</ele><time>2025-07-06T01:55:18.000Z</time></trkpt>
      <trkpt lat="36.331052" lon="127.271852"><ele>450.8</ele><time>2025-07-06T01:55:23.000Z</time></trkpt>
      <trkpt lat="36.331038" lon="127.271872"><ele>450.8</ele><time>2025-07-06T01:55:26.000Z</time></trkpt>
      <trkpt lat="36.331034" lon="127.271880"><ele>450.8</ele><time>2025-07-06T01:55:27.000Z</time></trkpt>
      <trkpt lat="36.331032" lon="127.271886"><ele>451.0</ele><time>2025-07-06T01:55:28.000Z</time></trkpt>
      <trkpt lat="36.331026" lon="127.271905"><ele>451.0</ele><time>2025-07-06T01:55:31.000Z</time></trkpt>
      <trkpt lat="36.331007" lon="127.271926"><ele>451.4</ele><time>2025-07-06T01:55:36.000Z</time></trkpt>
      <trkpt lat="36.330997" lon="127.271948"><ele>452.0</ele><time>2025-07-06T01:55:39.000Z</time></trkpt>
      <trkpt lat="36.331001" lon="127.271992"><ele>452.4</ele><time>2025-07-06T01:55:43.000Z</time></trkpt>
      <trkpt lat="36.331008" lon="127.272061"><ele>451.8</ele><time>2025-07-06T01:55:51.000Z</time></trkpt>
      <trkpt lat="36.330965" lon="127.272142"><ele>451.0</ele><time>2025-07-06T01:55:58.000Z</time></trkpt>
      <trkpt lat="36.330958" lon="127.272181"><ele>450.4</ele><time>2025-07-06T01:56:01.000Z</time></trkpt>
      <trkpt lat="36.330936" lon="127.272235"><ele>450.4</ele><time>2025-07-06T01:56:05.000Z</time></trkpt>
      <trkpt lat="36.330930" lon="127.272247"><ele>450.4</ele><time>2025-07-06T01:56:06.000Z</time></trkpt>
      <trkpt lat="36.330918" lon="127.272275"><ele>449.8</ele><time>2025-07-06T01:56:08.000Z</time></trkpt>
      <trkpt lat="36.330913" lon="127.272283"><ele>449.6</ele><time>2025-07-06T01:56:09.000Z</time></trkpt>
      <trkpt lat="36.330906" lon="127.272301"><ele>449.2</ele><time>2025-07-06T01:56:11.000Z</time></trkpt>
      <trkpt lat="36.330861" lon="127.272389"><ele>450.8</ele><time>2025-07-06T01:56:20.000Z</time></trkpt>
      <trkpt lat="36.330871" lon="127.272426"><ele>451.8</ele><time>2025-07-06T01:56:23.000Z</time></trkpt>
      <trkpt lat="36.330851" lon="127.272466"><ele>452.0</ele><time>2025-07-06T01:56:26.000Z</time></trkpt>
      <trkpt lat="36.330836" lon="127.272520"><ele>451.6</ele><time>2025-07-06T01:56:30.000Z</time></trkpt>
      <trkpt lat="36.330823" lon="127.272564"><ele>450.6</ele><time>2025-07-06T01:56:33.000Z</time></trkpt>
      <trkpt lat="36.330820" lon="127.272586"><ele>448.8</ele><time>2025-07-06T01:56:35.000Z</time></trkpt>
      <trkpt lat="36.330816" lon="127.272599"><ele>447.0</ele><time>2025-07-06T01:56:36.000Z</time></trkpt>
      <trkpt lat="36.330813" lon="127.272614"><ele>445.8</ele><time>2025-07-06T01:56:37.000Z</time></trkpt>
      <trkpt lat="36.330811" lon="127.272624"><ele>444.6</ele><time>2025-07-06T01:56:38.000Z</time></trkpt>
      <trkpt lat="36.330809" lon="127.272642"><ele>444.2</ele><time>2025-07-06T01:56:40.000Z</time></trkpt>
      <trkpt lat="36.330811" lon="127.272770"><ele>444.0</ele><time>2025-07-06T01:56:50.000Z</time></trkpt>
      <trkpt lat="36.330814" lon="127.272795"><ele>443.8</ele><time>2025-07-06T01:56:52.000Z</time></trkpt>
      <trkpt lat="36.330816" lon="127.272830"><ele>443.8</ele><time>2025-07-06T01:56:55.000Z</time></trkpt>
      <trkpt lat="36.330819" lon="127.272840"><ele>444.4</ele><time>2025-07-06T01:56:56.000Z</time></trkpt>
      <trkpt lat="36.330835" lon="127.272971"><ele>444.2</ele><time>2025-07-06T01:57:05.000Z</time></trkpt>
      <trkpt lat="36.330848" lon="127.273007"><ele>443.8</ele><time>2025-07-06T01:57:08.000Z</time></trkpt>
      <trkpt lat="36.330855" lon="127.273026"><ele>444.8</ele><time>2025-07-06T01:57:10.000Z</time></trkpt>
      <trkpt lat="36.330857" lon="127.273046"><ele>445.0</ele><time>2025-07-06T01:57:12.000Z</time></trkpt>
      <trkpt lat="36.330859" lon="127.273114"><ele>445.2</ele><time>2025-07-06T01:57:18.000Z</time></trkpt>
      <trkpt lat="36.330862" lon="127.273127"><ele>445.6</ele><time>2025-07-06T01:57:19.000Z</time></trkpt>
      <trkpt lat="36.330864" lon="127.273142"><ele>445.8</ele><time>2025-07-06T01:57:20.000Z</time></trkpt>
      <trkpt lat="36.330889" lon="127.273231"><ele>444.8</ele><time>2025-07-06T01:57:29.000Z</time></trkpt>
      <trkpt lat="36.330901" lon="127.273244"><ele>444.2</ele><time>2025-07-06T01:57:31.000Z</time></trkpt>
      <trkpt lat="36.330937" lon="127.273323"><ele>443.4</ele><time>2025-07-06T01:57:41.000Z</time></trkpt>
      <trkpt lat="36.330938" lon="127.273330"><ele>443.2</ele><time>2025-07-06T01:57:42.000Z</time></trkpt>
      <trkpt lat="36.330946" lon="127.273377"><ele>441.8</ele><time>2025-07-06T01:57:46.000Z</time></trkpt>
      <trkpt lat="36.330952" lon="127.273434"><ele>441.8</ele><time>2025-07-06T01:57:50.000Z</time></trkpt>
      <trkpt lat="36.330946" lon="127.273481"><ele>440.8</ele><time>2025-07-06T01:57:54.000Z</time></trkpt>
      <trkpt lat="36.330959" lon="127.273543"><ele>440.0</ele><time>2025-07-06T01:57:58.000Z</time></trkpt>
      <trkpt lat="36.330961" lon="127.273558"><ele>439.0</ele><time>2025-07-06T01:57:59.000Z</time></trkpt>
      <trkpt lat="36.330965" lon="127.273621"><ele>438.4</ele><time>2025-07-06T01:58:04.000Z</time></trkpt>
      <trkpt lat="36.330967" lon="127.273674"><ele>439.0</ele><time>2025-07-06T01:58:08.000Z</time></trkpt>
      <trkpt lat="36.330971" lon="127.273699"><ele>439.0</ele><time>2025-07-06T01:58:10.000Z</time></trkpt>
      <trkpt lat="36.330984" lon="127.273711"><ele>439.2</ele><time>2025-07-06T01:58:12.000Z</time></trkpt>
      <trkpt lat="36.330987" lon="127.273718"><ele>439.4</ele><time>2025-07-06T01:58:13.000Z</time></trkpt>
      <trkpt lat="36.330994" lon="127.273735"><ele>440.0</ele><time>2025-07-06T01:58:15.000Z</time></trkpt>
      <trkpt lat="36.330982" lon="127.273768"><ele>440.6</ele><time>2025-07-06T01:58:19.000Z</time></trkpt>
      <trkpt lat="36.330986" lon="127.273792"><ele>441.0</ele><time>2025-07-06T01:58:22.000Z</time></trkpt>
      <trkpt lat="36.330993" lon="127.273795"><ele>441.2</ele><time>2025-07-06T01:58:23.000Z</time></trkpt>
      <trkpt lat="36.331005" lon="127.273821"><ele>441.6</ele><time>2025-07-06T01:58:27.000Z</time></trkpt>
      <trkpt lat="36.331000" lon="127.273850"><ele>442.4</ele><time>2025-07-06T01:58:31.000Z</time></trkpt>
      <trkpt lat="36.331009" lon="127.273861"><ele>442.8</ele><time>2025-07-06T01:58:34.000Z</time></trkpt>
      <trkpt lat="36.331013" lon="127.273869"><ele>443.2</ele><time>2025-07-06T01:58:36.000Z</time></trkpt>
      <trkpt lat="36.331010" lon="127.273880"><ele>443.8</ele><time>2025-07-06T01:58:37.000Z</time></trkpt>
      <trkpt lat="36.331024" lon="127.273915"><ele>444.4</ele><time>2025-07-06T01:58:44.000Z</time></trkpt>
      <trkpt lat="36.331022" lon="127.273918"><ele>444.6</ele><time>2025-07-06T01:58:45.000Z</time></trkpt>
      <trkpt lat="36.331026" lon="127.273925"><ele>445.0</ele><time>2025-07-06T01:58:47.000Z</time></trkpt>
      <trkpt lat="36.331028" lon="127.273927"><ele>445.2</ele><time>2025-07-06T01:58:48.000Z</time></trkpt>
      <trkpt lat="36.331047" lon="127.273930"><ele>446.4</ele><time>2025-07-06T01:58:53.000Z</time></trkpt>
      <trkpt lat="36.331063" lon="127.273944"><ele>447.0</ele><time>2025-07-06T01:58:58.000Z</time></trkpt>
      <trkpt lat="36.331063" lon="127.273953"><ele>447.4</ele><time>2025-07-06T01:59:01.000Z</time></trkpt>
      <trkpt lat="36.331075" lon="127.273978"><ele>447.8</ele><time>2025-07-06T01:59:08.000Z</time></trkpt>
      <trkpt lat="36.331081" lon="127.273997"><ele>448.6</ele><time>2025-07-06T01:59:10.000Z</time></trkpt>
      <trkpt lat="36.331076" lon="127.274042"><ele>449.6</ele><time>2025-07-06T01:59:18.000Z</time></trkpt>
      <trkpt lat="36.331069" lon="127.274057"><ele>449.8</ele><time>2025-07-06T01:59:20.000Z</time></trkpt>
      <trkpt lat="36.331069" lon="127.274081"><ele>450.6</ele><time>2025-07-06T01:59:23.000Z</time></trkpt>
      <trkpt lat="36.331073" lon="127.274140"><ele>451.2</ele><time>2025-07-06T01:59:30.000Z</time></trkpt>
      <trkpt lat="36.331073" lon="127.274155"><ele>451.8</ele><time>2025-07-06T01:59:32.000Z</time></trkpt>
      <trkpt lat="36.331056" lon="127.274202"><ele>452.8</ele><time>2025-07-06T01:59:39.000Z</time></trkpt>
      <trkpt lat="36.331047" lon="127.274213"><ele>453.4</ele><time>2025-07-06T01:59:41.000Z</time></trkpt>
      <trkpt lat="36.331036" lon="127.274236"><ele>453.8</ele><time>2025-07-06T01:59:44.000Z</time></trkpt>
      <trkpt lat="36.331020" lon="127.274317"><ele>454.0</ele><time>2025-07-06T01:59:51.000Z</time></trkpt>
      <trkpt lat="36.331009" lon="127.274403"><ele>454.4</ele><time>2025-07-06T02:00:01.000Z</time></trkpt>
      <trkpt lat="36.331007" lon="127.274412"><ele>454.4</ele><time>2025-07-06T02:00:02.000Z</time></trkpt>
      <trkpt lat="36.331007" lon="127.274439"><ele>455.2</ele><time>2025-07-06T02:00:08.000Z</time></trkpt>
      <trkpt lat="36.331009" lon="127.274453"><ele>455.6</ele><time>2025-07-06T02:00:11.000Z</time></trkpt>
      <trkpt lat="36.330992" lon="127.274489"><ele>456.2</ele><time>2025-07-06T02:00:19.000Z</time></trkpt>
      <trkpt lat="36.330991" lon="127.274503"><ele>456.8</ele><time>2025-07-06T02:00:21.000Z</time></trkpt>
      <trkpt lat="36.330990" lon="127.274510"><ele>457.8</ele><time>2025-07-06T02:00:22.000Z</time></trkpt>
      <trkpt lat="36.330994" lon="127.274518"><ele>459.0</ele><time>2025-07-06T02:00:24.000Z</time></trkpt>
      <trkpt lat="36.330991" lon="127.274577"><ele>459.0</ele><time>2025-07-06T02:00:31.000Z</time></trkpt>
      <trkpt lat="36.330990" lon="127.274656"><ele>458.4</ele><time>2025-07-06T02:00:38.000Z</time></trkpt>
      <trkpt lat="36.330993" lon="127.274666"><ele>457.6</ele><time>2025-07-06T02:00:39.000Z</time></trkpt>
      <trkpt lat="36.330998" lon="127.274691"><ele>455.8</ele><time>2025-07-06T02:00:41.000Z</time></trkpt>
      <trkpt lat="36.331008" lon="127.274719"><ele>455.6</ele><time>2025-07-06T02:00:43.000Z</time></trkpt>
      <trkpt lat="36.331019" lon="127.274746"><ele>457.4</ele><time>2025-07-06T02:00:47.000Z</time></trkpt>
      <trkpt lat="36.331035" lon="127.274797"><ele>457.2</ele><time>2025-07-06T02:00:54.000Z</time></trkpt>
      <trkpt lat="36.331049" lon="127.274825"><ele>459.6</ele><time>2025-07-06T02:01:00.000Z</time></trkpt>
      <trkpt lat="36.331059" lon="127.274844"><ele>460.6</ele><time>2025-07-06T02:01:04.000Z</time></trkpt>
      <trkpt lat="36.331055" lon="127.274873"><ele>460.2</ele><time>2025-07-06T02:01:09.000Z</time></trkpt>
      <trkpt lat="36.331068" lon="127.274910"><ele>461.6</ele><time>2025-07-06T02:01:15.000Z</time></trkpt>
      <trkpt lat="36.331073" lon="127.274914"><ele>461.8</ele><time>2025-07-06T02:01:16.000Z</time></trkpt>
      <trkpt lat="36.331088" lon="127.274926"><ele>462.4</ele><time>2025-07-06T02:01:19.000Z</time></trkpt>
      <trkpt lat="36.331096" lon="127.274941"><ele>463.0</ele><time>2025-07-06T02:01:21.000Z</time></trkpt>
      <trkpt lat="36.331125" lon="127.275011"><ele>464.0</ele><time>2025-07-06T02:01:30.000Z</time></trkpt>
      <trkpt lat="36.331127" lon="127.275025"><ele>464.6</ele><time>2025-07-06T02:01:32.000Z</time></trkpt>
      <trkpt lat="36.331129" lon="127.275035"><ele>466.4</ele><time>2025-07-06T02:01:33.000Z</time></trkpt>
      <trkpt lat="36.331133" lon="127.275052"><ele>467.6</ele><time>2025-07-06T02:01:35.000Z</time></trkpt>
      <trkpt lat="36.331144" lon="127.275088"><ele>467.8</ele><time>2025-07-06T02:01:39.000Z</time></trkpt>
      <trkpt lat="36.331175" lon="127.275123"><ele>469.8</ele><time>2025-07-06T02:01:44.000Z</time></trkpt>
      <trkpt lat="36.331182" lon="127.275130"><ele>471.6</ele><time>2025-07-06T02:01:45.000Z</time></trkpt>
      <trkpt lat="36.331235" lon="127.275185"><ele>471.4</ele><time>2025-07-06T02:01:54.000Z</time></trkpt>
      <trkpt lat="36.331244" lon="127.275207"><ele>470.8</ele><time>2025-07-06T02:01:58.000Z</time></trkpt>
      <trkpt lat="36.331274" lon="127.275220"><ele>470.6</ele><time>2025-07-06T02:02:02.000Z</time></trkpt>
      <trkpt lat="36.331282" lon="127.275224"><ele>470.6</ele><time>2025-07-06T02:02:03.000Z</time></trkpt>
      <trkpt lat="36.331329" lon="127.275301"><ele>470.8</ele><time>2025-07-06T02:02:12.000Z</time></trkpt>
      <trkpt lat="36.331356" lon="127.275322"><ele>469.2</ele><time>2025-07-06T02:02:16.000Z</time></trkpt>
      <trkpt lat="36.331372" lon="127.275358"><ele>468.2</ele><time>2025-07-06T02:02:20.000Z</time></trkpt>
      <trkpt lat="36.331379" lon="127.275363"><ele>468.2</ele><time>2025-07-06T02:02:21.000Z</time></trkpt>
      <trkpt lat="36.331407" lon="127.275371"><ele>468.4</ele><time>2025-07-06T02:02:24.000Z</time></trkpt>
      <trkpt lat="36.331418" lon="127.275396"><ele>468.0</ele><time>2025-07-06T02:02:27.000Z</time></trkpt>
      <trkpt lat="36.331425" lon="127.275412"><ele>467.0</ele><time>2025-07-06T02:02:29.000Z</time></trkpt>
      <trkpt lat="36.331435" lon="127.275427"><ele>466.0</ele><time>2025-07-06T02:02:32.000Z</time></trkpt>
      <trkpt lat="36.331469" lon="127.275482"><ele>465.8</ele><time>2025-07-06T02:02:39.000Z</time></trkpt>
      <trkpt lat="36.331473" lon="127.275518"><ele>464.6</ele><time>2025-07-06T02:02:43.000Z</time></trkpt>
      <trkpt lat="36.331471" lon="127.275524"><ele>463.4</ele><time>2025-07-06T02:02:44.000Z</time></trkpt>
      <trkpt lat="36.331473" lon="127.275541"><ele>462.2</ele><time>2025-07-06T02:02:46.000Z</time></trkpt>
      <trkpt lat="36.331476" lon="127.275564"><ele>461.4</ele><time>2025-07-06T02:02:48.000Z</time></trkpt>
      <trkpt lat="36.331482" lon="127.275587"><ele>461.0</ele><time>2025-07-06T02:02:50.000Z</time></trkpt>
      <trkpt lat="36.331491" lon="127.275652"><ele>460.0</ele><time>2025-07-06T02:02:55.000Z</time></trkpt>
      <trkpt lat="36.331497" lon="127.275700"><ele>458.8</ele><time>2025-07-06T02:02:59.000Z</time></trkpt>
      <trkpt lat="36.331508" lon="127.275758"><ele>458.4</ele><time>2025-07-06T02:03:04.000Z</time></trkpt>
      <trkpt lat="36.331519" lon="127.275769"><ele>458.4</ele><time>2025-07-06T02:03:07.000Z</time></trkpt>
      <trkpt lat="36.331527" lon="127.275758"><ele>458.4</ele><time>2025-07-06T02:03:14.000Z</time></trkpt>
      <trkpt lat="36.331531" lon="127.275754"><ele>458.0</ele><time>2025-07-06T02:03:24.000Z</time></trkpt>
      <trkpt lat="36.331531" lon="127.275753"><ele>458.0</ele><time>2025-07-06T02:03:25.000Z</time></trkpt>
      <trkpt lat="36.331555" lon="127.275742"><ele>458.2</ele><time>2025-07-06T02:03:34.000Z</time></trkpt>
      <trkpt lat="36.331567" lon="127.275738"><ele>457.8</ele><time>2025-07-06T02:03:36.000Z</time></trkpt>
      <trkpt lat="36.331593" lon="127.275747"><ele>456.6</ele><time>2025-07-06T02:03:41.000Z</time></trkpt>
      <trkpt lat="36.331614" lon="127.275751"><ele>455.6</ele><time>2025-07-06T02:03:45.000Z</time></trkpt>
      <trkpt lat="36.331614" lon="127.275753"><ele>455.6</ele><time>2025-07-06T02:03:46.000Z</time></trkpt>
      <trkpt lat="36.331644" lon="127.275766"><ele>454.8</ele><time>2025-07-06T02:03:51.000Z</time></trkpt>
      <trkpt lat="36.331657" lon="127.275760"><ele>454.6</ele><time>2025-07-06T02:03:52.000Z</time></trkpt>
      <trkpt lat="36.331667" lon="127.275764"><ele>454.4</ele><time>2025-07-06T02:03:53.000Z</time></trkpt>
      <trkpt lat="36.331688" lon="127.275777"><ele>454.0</ele><time>2025-07-06T02:03:56.000Z</time></trkpt>
      <trkpt lat="36.331700" lon="127.275786"><ele>453.4</ele><time>2025-07-06T02:03:59.000Z</time></trkpt>
      <trkpt lat="36.331717" lon="127.275790"><ele>453.0</ele><time>2025-07-06T02:04:02.000Z</time></trkpt>
      <trkpt lat="36.331729" lon="127.275800"><ele>452.4</ele><time>2025-07-06T02:04:06.000Z</time></trkpt>
      <trkpt lat="36.331733" lon="127.275798"><ele>452.2</ele><time>2025-07-06T02:04:07.000Z</time></trkpt>
      <trkpt lat="36.331791" lon="127.275816"><ele>451.6</ele><time>2025-07-06T02:04:16.000Z</time></trkpt>
      <trkpt lat="36.331809" lon="127.275814"><ele>451.2</ele><time>2025-07-06T02:04:18.000Z</time></trkpt>
      <trkpt lat="36.331904" lon="127.275824"><ele>450.4</ele><time>2025-07-06T02:04:26.000Z</time></trkpt>
      <trkpt lat="36.331914" lon="127.275826"><ele>450.2</ele><time>2025-07-06T02:04:27.000Z</time></trkpt>
      <trkpt lat="36.331963" lon="127.275869"><ele>449.0</ele><time>2025-07-06T02:04:33.000Z</time></trkpt>
      <trkpt lat="36.331979" lon="127.275877"><ele>448.4</ele><time>2025-07-06T02:04:36.000Z</time></trkpt>
      <trkpt lat="36.332000" lon="127.275881"><ele>447.8</ele><time>2025-07-06T02:04:39.000Z</time></trkpt>
      <trkpt lat="36.332019" lon="127.275889"><ele>446.8</ele><time>2025-07-06T02:04:44.000Z</time></trkpt>
      <trkpt lat="36.332024" lon="127.275889"><ele>446.8</ele><time>2025-07-06T02:04:45.000Z</time></trkpt>
      <trkpt lat="36.332050" lon="127.275884"><ele>445.6</ele><time>2025-07-06T02:04:50.000Z</time></trkpt>
      <trkpt lat="36.332085" lon="127.275871"><ele>444.4</ele><time>2025-07-06T02:04:55.000Z</time></trkpt>
      <trkpt lat="36.332102" lon="127.275854"><ele>443.4</ele><time>2025-07-06T02:04:59.000Z</time></trkpt>
      <trkpt lat="36.332108" lon="127.275855"><ele>443.2</ele><time>2025-07-06T02:05:00.000Z</time></trkpt>
      <trkpt lat="36.332138" lon="127.275861"><ele>442.2</ele><time>2025-07-06T02:05:06.000Z</time></trkpt>
      <trkpt lat="36.332145" lon="127.275851"><ele>441.8</ele><time>2025-07-06T02:05:08.000Z</time></trkpt>
      <trkpt lat="36.332169" lon="127.275848"><ele>441.0</ele><time>2025-07-06T02:05:12.000Z</time></trkpt>
      <trkpt lat="36.332201" lon="127.275850"><ele>440.4</ele><time>2025-07-06T02:05:16.000Z</time></trkpt>
      <trkpt lat="36.332216" lon="127.275856"><ele>440.2</ele><time>2025-07-06T02:05:18.000Z</time></trkpt>
      <trkpt lat="36.332222" lon="127.275856"><ele>440.0</ele><time>2025-07-06T02:05:19.000Z</time></trkpt>
      <trkpt lat="36.332253" lon="127.275863"><ele>439.0</ele><time>2025-07-06T02:05:25.000Z</time></trkpt>
      <trkpt lat="36.332276" lon="127.275880"><ele>438.4</ele><time>2025-07-06T02:05:28.000Z</time></trkpt>
      <trkpt lat="36.332294" lon="127.275900"><ele>437.8</ele><time>2025-07-06T02:05:31.000Z</time></trkpt>
      <trkpt lat="36.332353" lon="127.275918"><ele>436.8</ele><time>2025-07-06T02:05:37.000Z</time></trkpt>
      <trkpt lat="36.332371" lon="127.275922"><ele>436.6</ele><time>2025-07-06T02:05:39.000Z</time></trkpt>
      <trkpt lat="36.332415" lon="127.275934"><ele>435.8</ele><time>2025-07-06T02:05:45.000Z</time></trkpt>
      <trkpt lat="36.332450" lon="127.275950"><ele>434.6</ele><time>2025-07-06T02:05:51.000Z</time></trkpt>
      <trkpt lat="36.332507" lon="127.275946"><ele>433.6</ele><time>2025-07-06T02:05:58.000Z</time></trkpt>
      <trkpt lat="36.332530" lon="127.275951"><ele>432.8</ele><time>2025-07-06T02:06:02.000Z</time></trkpt>
      <trkpt lat="36.332545" lon="127.275943"><ele>432.4</ele><time>2025-07-06T02:06:04.000Z</time></trkpt>
      <trkpt lat="36.332587" lon="127.275939"><ele>431.4</ele><time>2025-07-06T02:06:09.000Z</time></trkpt>
      <trkpt lat="36.332594" lon="127.275940"><ele>431.0</ele><time>2025-07-06T02:06:10.000Z</time></trkpt>
      <trkpt lat="36.332622" lon="127.275954"><ele>430.2</ele><time>2025-07-06T02:06:14.000Z</time></trkpt>
      <trkpt lat="36.332638" lon="127.275952"><ele>429.4</ele><time>2025-07-06T02:06:19.000Z</time></trkpt>
      <trkpt lat="36.332653" lon="127.275965"><ele>429.0</ele><time>2025-07-06T02:06:22.000Z</time></trkpt>
      <trkpt lat="36.332685" lon="127.275995"><ele>428.0</ele><time>2025-07-06T02:06:29.000Z</time></trkpt>
      <trkpt lat="36.332710" lon="127.276000"><ele>426.8</ele><time>2025-07-06T02:06:34.000Z</time></trkpt>
      <trkpt lat="36.332741" lon="127.276005"><ele>425.8</ele><time>2025-07-06T02:06:39.000Z</time></trkpt>
      <trkpt lat="36.332754" lon="127.276008"><ele>425.2</ele><time>2025-07-06T02:06:41.000Z</time></trkpt>
      <trkpt lat="36.332782" lon="127.276006"><ele>424.6</ele><time>2025-07-06T02:06:44.000Z</time></trkpt>
      <trkpt lat="36.332834" lon="127.275999"><ele>423.4</ele><time>2025-07-06T02:06:50.000Z</time></trkpt>
      <trkpt lat="36.332839" lon="127.275995"><ele>423.4</ele><time>2025-07-06T02:06:51.000Z</time></trkpt>
      <trkpt lat="36.332888" lon="127.275973"><ele>423.2</ele><time>2025-07-06T02:06:56.000Z</time></trkpt>
      <trkpt lat="36.332918" lon="127.275968"><ele>423.2</ele><time>2025-07-06T02:06:58.000Z</time></trkpt>
      <trkpt lat="36.332975" lon="127.275924"><ele>423.2</ele><time>2025-07-06T02:07:06.000Z</time></trkpt>
      <trkpt lat="36.332990" lon="127.275912"><ele>422.8</ele><time>2025-07-06T02:07:10.000Z</time></trkpt>
      <trkpt lat="36.333009" lon="127.275906"><ele>422.2</ele><time>2025-07-06T02:07:12.000Z</time></trkpt>
      <trkpt lat="36.333040" lon="127.275921"><ele>421.6</ele><time>2025-07-06T02:07:16.000Z</time></trkpt>
      <trkpt lat="36.333053" lon="127.275920"><ele>421.2</ele><time>2025-07-06T02:07:17.000Z</time></trkpt>
      <trkpt lat="36.333107" lon="127.275908"><ele>420.8</ele><time>2025-07-06T02:07:23.000Z</time></trkpt>
      <trkpt lat="36.333148" lon="127.275919"><ele>420.2</ele><time>2025-07-06T02:07:28.000Z</time></trkpt>
      <trkpt lat="36.333169" lon="127.275931"><ele>419.6</ele><time>2025-07-06T02:07:30.000Z</time></trkpt>
      <trkpt lat="36.333194" lon="127.275949"><ele>418.8</ele><time>2025-07-06T02:07:35.000Z</time></trkpt>
      <trkpt lat="36.333197" lon="127.275953"><ele>418.8</ele><time>2025-07-06T02:07:36.000Z</time></trkpt>
      <trkpt lat="36.333250" lon="127.275952"><ele>417.8</ele><time>2025-07-06T02:07:42.000Z</time></trkpt>
      <trkpt lat="36.333270" lon="127.275948"><ele>417.4</ele><time>2025-07-06T02:07:44.000Z</time></trkpt>
      <trkpt lat="36.333285" lon="127.275946"><ele>416.8</ele><time>2025-07-06T02:07:47.000Z</time></trkpt>
      <trkpt lat="36.333298" lon="127.275936"><ele>416.2</ele><time>2025-07-06T02:07:50.000Z</time></trkpt>
      <trkpt lat="36.333324" lon="127.275933"><ele>415.6</ele><time>2025-07-06T02:07:54.000Z</time></trkpt>
      <trkpt lat="36.333371" lon="127.275951"><ele>414.8</ele><time>2025-07-06T02:07:59.000Z</time></trkpt>
      <trkpt lat="36.333382" lon="127.275959"><ele>414.6</ele><time>2025-07-06T02:08:00.000Z</time></trkpt>
      <trkpt lat="36.333398" lon="127.275978"><ele>414.4</ele><time>2025-07-06T02:08:02.000Z</time></trkpt>
      <trkpt lat="36.333428" lon="127.275988"><ele>414.2</ele><time>2025-07-06T02:08:05.000Z</time></trkpt>
      <trkpt lat="36.333463" lon="127.275996"><ele>414.2</ele><time>2025-07-06T02:08:08.000Z</time></trkpt>
      <trkpt lat="36.333491" lon="127.276001"><ele>413.6</ele><time>2025-07-06T02:08:11.000Z</time></trkpt>
      <trkpt lat="36.333501" lon="127.276004"><ele>413.6</ele><time>2025-07-06T02:08:12.000Z</time></trkpt>
      <trkpt lat="36.333553" lon="127.276012"><ele>413.2</ele><time>2025-07-06T02:08:18.000Z</time></trkpt>
      <trkpt lat="36.333562" lon="127.276006"><ele>413.2</ele><time>2025-07-06T02:08:19.000Z</time></trkpt>
      <trkpt lat="36.333571" lon="127.275999"><ele>413.0</ele><time>2025-07-06T02:08:20.000Z</time></trkpt>
      <trkpt lat="36.333601" lon="127.275994"><ele>412.4</ele><time>2025-07-06T02:08:23.000Z</time></trkpt>
      <trkpt lat="36.333619" lon="127.276011"><ele>411.8</ele><time>2025-07-06T02:08:26.000Z</time></trkpt>
      <trkpt lat="36.333631" lon="127.276021"><ele>411.2</ele><time>2025-07-06T02:08:28.000Z</time></trkpt>
      <trkpt lat="36.333660" lon="127.276025"><ele>410.2</ele><time>2025-07-06T02:08:33.000Z</time></trkpt>
      <trkpt lat="36.333672" lon="127.276023"><ele>409.8</ele><time>2025-07-06T02:08:35.000Z</time></trkpt>
      <trkpt lat="36.333688" lon="127.275996"><ele>409.2</ele><time>2025-07-06T02:08:39.000Z</time></trkpt>
      <trkpt lat="36.333698" lon="127.276002"><ele>408.8</ele><time>2025-07-06T02:08:41.000Z</time></trkpt>
      <trkpt lat="36.333710" lon="127.276018"><ele>408.0</ele><time>2025-07-06T02:08:45.000Z</time></trkpt>
      <trkpt lat="36.333738" lon="127.276021"><ele>406.8</ele><time>2025-07-06T02:08:50.000Z</time></trkpt>
      <trkpt lat="36.333745" lon="127.276021"><ele>406.6</ele><time>2025-07-06T02:08:51.000Z</time></trkpt>
      <trkpt lat="36.333764" lon="127.276009"><ele>406.0</ele><time>2025-07-06T02:08:54.000Z</time></trkpt>
      <trkpt lat="36.333771" lon="127.276005"><ele>405.8</ele><time>2025-07-06T02:08:55.000Z</time></trkpt>
      <trkpt lat="36.333782" lon="127.275994"><ele>405.2</ele><time>2025-07-06T02:08:58.000Z</time></trkpt>
      <trkpt lat="36.333794" lon="127.275979"><ele>404.6</ele><time>2025-07-06T02:09:01.000Z</time></trkpt>
      <trkpt lat="36.333796" lon="127.275977"><ele>404.4</ele><time>2025-07-06T02:09:02.000Z</time></trkpt>
      <trkpt lat="36.333804" lon="127.275969"><ele>403.6</ele><time>2025-07-06T02:09:06.000Z</time></trkpt>
      <trkpt lat="36.333825" lon="127.275994"><ele>402.4</ele><time>2025-07-06T02:09:13.000Z</time></trkpt>
      <trkpt lat="36.333842" lon="127.275999"><ele>401.8</ele><time>2025-07-06T02:09:17.000Z</time></trkpt>
      <trkpt lat="36.333843" lon="127.276003"><ele>401.6</ele><time>2025-07-06T02:09:18.000Z</time></trkpt>
      <trkpt lat="36.333846" lon="127.276008"><ele>401.6</ele><time>2025-07-06T02:09:19.000Z</time></trkpt>
      <trkpt lat="36.333849" lon="127.276011"><ele>401.4</ele><time>2025-07-06T02:09:20.000Z</time></trkpt>
      <trkpt lat="36.333854" lon="127.276003"><ele>401.0</ele><time>2025-07-06T02:09:22.000Z</time></trkpt>
      <trkpt lat="36.333876" lon="127.275997"><ele>400.4</ele><time>2025-07-06T02:09:26.000Z</time></trkpt>
      <trkpt lat="36.333900" lon="127.276020"><ele>399.2</ele><time>2025-07-06T02:09:32.000Z</time></trkpt>
      <trkpt lat="36.333921" lon="127.276037"><ele>398.2</ele><time>2025-07-06T02:09:37.000Z</time></trkpt>
      <trkpt lat="36.333949" lon="127.276040"><ele>397.2</ele><time>2025-07-06T02:09:42.000Z</time></trkpt>
      <trkpt lat="36.333972" lon="127.276027"><ele>396.2</ele><time>2025-07-06T02:09:46.000Z</time></trkpt>
      <trkpt lat="36.333978" lon="127.276027"><ele>396.2</ele><time>2025-07-06T02:09:47.000Z</time></trkpt>
      <trkpt lat="36.334007" lon="127.275993"><ele>395.0</ele><time>2025-07-06T02:09:53.000Z</time></trkpt>
      <trkpt lat="36.334016" lon="127.275974"><ele>394.4</ele><time>2025-07-06T02:09:56.000Z</time></trkpt>
      <trkpt lat="36.334030" lon="127.275961"><ele>393.8</ele><time>2025-07-06T02:09:59.000Z</time></trkpt>
      <trkpt lat="36.334055" lon="127.275971"><ele>392.8</ele><time>2025-07-06T02:10:04.000Z</time></trkpt>
      <trkpt lat="36.334061" lon="127.275971"><ele>392.6</ele><time>2025-07-06T02:10:05.000Z</time></trkpt>
      <trkpt lat="36.334087" lon="127.275977"><ele>391.6</ele><time>2025-07-06T02:10:10.000Z</time></trkpt>
      <trkpt lat="36.334093" lon="127.275979"><ele>391.4</ele><time>2025-07-06T02:10:11.000Z</time></trkpt>
      <trkpt lat="36.334103" lon="127.275985"><ele>390.8</ele><time>2025-07-06T02:10:14.000Z</time></trkpt>
      <trkpt lat="36.334118" lon="127.275976"><ele>390.2</ele><time>2025-07-06T02:10:17.000Z</time></trkpt>
      <trkpt lat="36.334139" lon="127.275966"><ele>389.0</ele><time>2025-07-06T02:10:22.000Z</time></trkpt>
      <trkpt lat="36.334142" lon="127.275964"><ele>388.8</ele><time>2025-07-06T02:10:23.000Z</time></trkpt>
      <trkpt lat="36.334156" lon="127.275962"><ele>388.0</ele><time>2025-07-06T02:10:27.000Z</time></trkpt>
      <trkpt lat="36.334171" lon="127.275955"><ele>387.0</ele><time>2025-07-06T02:10:32.000Z</time></trkpt>
      <trkpt lat="36.334183" lon="127.275956"><ele>386.2</ele><time>2025-07-06T02:10:35.000Z</time></trkpt>
      <trkpt lat="36.334190" lon="127.275958"><ele>385.8</ele><time>2025-07-06T02:10:36.000Z</time></trkpt>
      <trkpt lat="36.334207" lon="127.276001"><ele>384.6</ele><time>2025-07-06T02:10:42.000Z</time></trkpt>
      <trkpt lat="36.334216" lon="127.276016"><ele>384.0</ele><time>2025-07-06T02:10:45.000Z</time></trkpt>
      <trkpt lat="36.334218" lon="127.276016"><ele>383.6</ele><time>2025-07-06T02:10:46.000Z</time></trkpt>
      <trkpt lat="36.334244" lon="127.275999"><ele>382.6</ele><time>2025-07-06T02:10:51.000Z</time></trkpt>
      <trkpt lat="36.334252" lon="127.275976"><ele>381.8</ele><time>2025-07-06T02:10:55.000Z</time></trkpt>
      <trkpt lat="36.334258" lon="127.275960"><ele>381.4</ele><time>2025-07-06T02:10:57.000Z</time></trkpt>
      <trkpt lat="36.334275" lon="127.275933"><ele>380.4</ele><time>2025-07-06T02:11:02.000Z</time></trkpt>
      <trkpt lat="36.334282" lon="127.275939"><ele>380.2</ele><time>2025-07-06T02:11:03.000Z</time></trkpt>
      <trkpt lat="36.334294" lon="127.275948"><ele>379.4</ele><time>2025-07-06T02:11:06.000Z</time></trkpt>
      <trkpt lat="36.334303" lon="127.275936"><ele>378.8</ele><time>2025-07-06T02:11:09.000Z</time></trkpt>
      <trkpt lat="36.334302" lon="127.275936"><ele>378.6</ele><time>2025-07-06T02:11:10.000Z</time></trkpt>
      <trkpt lat="36.334303" lon="127.275937"><ele>378.4</ele><time>2025-07-06T02:11:11.000Z</time></trkpt>
      <trkpt lat="36.334316" lon="127.275930"><ele>377.2</ele><time>2025-07-06T02:11:16.000Z</time></trkpt>
      <trkpt lat="36.334328" lon="127.275927"><ele>377.0</ele><time>2025-07-06T02:11:18.000Z</time></trkpt>
      <trkpt lat="36.334333" lon="127.275932"><ele>376.0</ele><time>2025-07-06T02:11:22.000Z</time></trkpt>
      <trkpt lat="36.334384" lon="127.275969"><ele>375.2</ele><time>2025-07-06T02:11:29.000Z</time></trkpt>
      <trkpt lat="36.334394" lon="127.275975"><ele>374.8</ele><time>2025-07-06T02:11:31.000Z</time></trkpt>
      <trkpt lat="36.334412" lon="127.275993"><ele>373.8</ele><time>2025-07-06T02:11:36.000Z</time></trkpt>
      <trkpt lat="36.334426" lon="127.276005"><ele>372.6</ele><time>2025-07-06T02:11:40.000Z</time></trkpt>
      <trkpt lat="36.334438" lon="127.276013"><ele>371.6</ele><time>2025-07-06T02:11:44.000Z</time></trkpt>
      <trkpt lat="36.334458" lon="127.276024"><ele>370.6</ele><time>2025-07-06T02:11:48.000Z</time></trkpt>
      <trkpt lat="36.334470" lon="127.276025"><ele>370.0</ele><time>2025-07-06T02:11:50.000Z</time></trkpt>
      <trkpt lat="36.334485" lon="127.276022"><ele>369.4</ele><time>2025-07-06T02:11:53.000Z</time></trkpt>
      <trkpt lat="36.334499" lon="127.276021"><ele>368.2</ele><time>2025-07-06T02:11:57.000Z</time></trkpt>
      <trkpt lat="36.334512" lon="127.276010"><ele>367.2</ele><time>2025-07-06T02:12:01.000Z</time></trkpt>
      <trkpt lat="36.334521" lon="127.276004"><ele>366.0</ele><time>2025-07-06T02:12:07.000Z</time></trkpt>
      <trkpt lat="36.334526" lon="127.276003"><ele>365.6</ele><time>2025-07-06T02:12:09.000Z</time></trkpt>
      <trkpt lat="36.334539" lon="127.275990"><ele>365.0</ele><time>2025-07-06T02:12:12.000Z</time></trkpt>
      <trkpt lat="36.334566" lon="127.275982"><ele>363.8</ele><time>2025-07-06T02:12:18.000Z</time></trkpt>
      <trkpt lat="36.334579" lon="127.275977"><ele>363.2</ele><time>2025-07-06T02:12:21.000Z</time></trkpt>
      <trkpt lat="36.334584" lon="127.275974"><ele>362.6</ele><time>2025-07-06T02:12:23.000Z</time></trkpt>
      <trkpt lat="36.334590" lon="127.275970"><ele>361.6</ele><time>2025-07-06T02:12:28.000Z</time></trkpt>
      <trkpt lat="36.334595" lon="127.275969"><ele>361.2</ele><time>2025-07-06T02:12:30.000Z</time></trkpt>
      <trkpt lat="36.334604" lon="127.275967"><ele>360.4</ele><time>2025-07-06T02:12:33.000Z</time></trkpt>
      <trkpt lat="36.334624" lon="127.275973"><ele>359.4</ele><time>2025-07-06T02:12:38.000Z</time></trkpt>
      <trkpt lat="36.334646" lon="127.275973"><ele>358.4</ele><time>2025-07-06T02:12:43.000Z</time></trkpt>
      <trkpt lat="36.334654" lon="127.275973"><ele>358.2</ele><time>2025-07-06T02:12:44.000Z</time></trkpt>
      <trkpt lat="36.334677" lon="127.275989"><ele>357.0</ele><time>2025-07-06T02:12:49.000Z</time></trkpt>
      <trkpt lat="36.334692" lon="127.275987"><ele>356.6</ele><time>2025-07-06T02:12:52.000Z</time></trkpt>
      <trkpt lat="36.334706" lon="127.275982"><ele>356.0</ele><time>2025-07-06T02:12:55.000Z</time></trkpt>
      <trkpt lat="36.334717" lon="127.275979"><ele>354.8</ele><time>2025-07-06T02:12:59.000Z</time></trkpt>
      <trkpt lat="36.334729" lon="127.275979"><ele>354.2</ele><time>2025-07-06T02:13:02.000Z</time></trkpt>
      <trkpt lat="36.334737" lon="127.275981"><ele>353.8</ele><time>2025-07-06T02:13:04.000Z</time></trkpt>
      <trkpt lat="36.334752" lon="127.275986"><ele>352.6</ele><time>2025-07-06T02:13:09.000Z</time></trkpt>
      <trkpt lat="36.334784" lon="127.275979"><ele>351.4</ele><time>2025-07-06T02:13:15.000Z</time></trkpt>
      <trkpt lat="36.334810" lon="127.275977"><ele>350.4</ele><time>2025-07-06T02:13:21.000Z</time></trkpt>
      <trkpt lat="36.334831" lon="127.275985"><ele>349.2</ele><time>2025-07-06T02:13:26.000Z</time></trkpt>
      <trkpt lat="36.334849" lon="127.275981"><ele>348.6</ele><time>2025-07-06T02:13:29.000Z</time></trkpt>
      <trkpt lat="36.334876" lon="127.275980"><ele>348.0</ele><time>2025-07-06T02:13:32.000Z</time></trkpt>
      <trkpt lat="36.334893" lon="127.275980"><ele>347.0</ele><time>2025-07-06T02:13:37.000Z</time></trkpt>
      <trkpt lat="36.334917" lon="127.275976"><ele>346.0</ele><time>2025-07-06T02:13:41.000Z</time></trkpt>
      <trkpt lat="36.334923" lon="127.275972"><ele>345.8</ele><time>2025-07-06T02:13:42.000Z</time></trkpt>
      <trkpt lat="36.334993" lon="127.275942"><ele>344.8</ele><time>2025-07-06T02:13:51.000Z</time></trkpt>
      <trkpt lat="36.335004" lon="127.275932"><ele>344.4</ele><time>2025-07-06T02:13:53.000Z</time></trkpt>
      <trkpt lat="36.335048" lon="127.275949"><ele>343.4</ele><time>2025-07-06T02:13:59.000Z</time></trkpt>
      <trkpt lat="36.335048" lon="127.275953"><ele>343.0</ele><time>2025-07-06T02:14:00.000Z</time></trkpt>
      <trkpt lat="36.335049" lon="127.275956"><ele>340.6</ele><time>2025-07-06T02:14:02.000Z</time></trkpt>
      <trkpt lat="36.335047" lon="127.275957"><ele>342.2</ele><time>2025-07-06T02:14:07.000Z</time></trkpt>
      <trkpt lat="36.335047" lon="127.275958"><ele>342.8</ele><time>2025-07-06T02:14:14.000Z</time></trkpt>
      <trkpt lat="36.335049" lon="127.275956"><ele>343.8</ele><time>2025-07-06T02:14:18.000Z</time></trkpt>
      <trkpt lat="36.335048" lon="127.275955"><ele>342.6</ele><time>2025-07-06T02:14:23.000Z</time></trkpt>
      <trkpt lat="36.335048" lon="127.275953"><ele>341.2</ele><time>2025-07-06T02:14:24.000Z</time></trkpt>
      <trkpt lat="36.335049" lon="127.275950"><ele>342.2</ele><time>2025-07-06T02:14:32.000Z</time></trkpt>
      <trkpt lat="36.335111" lon="127.275931"><ele>342.2</ele><time>2025-07-06T02:14:42.000Z</time></trkpt>
      <trkpt lat="36.335160" lon="127.275942"><ele>342.6</ele><time>2025-07-06T02:14:47.000Z</time></trkpt>
      <trkpt lat="36.335181" lon="127.275971"><ele>341.6</ele><time>2025-07-06T02:14:50.000Z</time></trkpt>
      <trkpt lat="36.335184" lon="127.275981"><ele>341.2</ele><time>2025-07-06T02:14:51.000Z</time></trkpt>
      <trkpt lat="36.335190" lon="127.276001"><ele>340.0</ele><time>2025-07-06T02:14:54.000Z</time></trkpt>
      <trkpt lat="36.335192" lon="127.276009"><ele>337.8</ele><time>2025-07-06T02:14:55.000Z</time></trkpt>
      <trkpt lat="36.335208" lon="127.276032"><ele>337.2</ele><time>2025-07-06T02:14:59.000Z</time></trkpt>
      <trkpt lat="36.335256" lon="127.276074"><ele>335.6</ele><time>2025-07-06T02:15:08.000Z</time></trkpt>
      <trkpt lat="36.335266" lon="127.276079"><ele>334.0</ele><time>2025-07-06T02:15:09.000Z</time></trkpt>
      <trkpt lat="36.335270" lon="127.276081"><ele>333.4</ele><time>2025-07-06T02:15:10.000Z</time></trkpt>
      <trkpt lat="36.335295" lon="127.276112"><ele>335.0</ele><time>2025-07-06T02:15:15.000Z</time></trkpt>
      <trkpt lat="36.335320" lon="127.276123"><ele>335.2</ele><time>2025-07-06T02:15:18.000Z</time></trkpt>
      <trkpt lat="36.335351" lon="127.276147"><ele>333.8</ele><time>2025-07-06T02:15:22.000Z</time></trkpt>
      <trkpt lat="36.335394" lon="127.276161"><ele>333.6</ele><time>2025-07-06T02:15:28.000Z</time></trkpt>
      <trkpt lat="36.335441" lon="127.276200"><ele>332.8</ele><time>2025-07-06T02:15:35.000Z</time></trkpt>
      <trkpt lat="36.335449" lon="127.276197"><ele>332.4</ele><time>2025-07-06T02:15:37.000Z</time></trkpt>
      <trkpt lat="36.335460" lon="127.276199"><ele>331.6</ele><time>2025-07-06T02:15:39.000Z</time></trkpt>
      <trkpt lat="36.335469" lon="127.276190"><ele>330.2</ele><time>2025-07-06T02:15:42.000Z</time></trkpt>
      <trkpt lat="36.335473" lon="127.276188"><ele>329.8</ele><time>2025-07-06T02:15:44.000Z</time></trkpt>
      <trkpt lat="36.335486" lon="127.276174"><ele>330.4</ele><time>2025-07-06T02:15:48.000Z</time></trkpt>
      <trkpt lat="36.335501" lon="127.276168"><ele>330.4</ele><time>2025-07-06T02:15:51.000Z</time></trkpt>
      <trkpt lat="36.335522" lon="127.276158"><ele>329.0</ele><time>2025-07-06T02:15:55.000Z</time></trkpt>
      <trkpt lat="36.335553" lon="127.276146"><ele>328.8</ele><time>2025-07-06T02:15:59.000Z</time></trkpt>
      <trkpt lat="36.335598" lon="127.276158"><ele>329.2</ele><time>2025-07-06T02:16:06.000Z</time></trkpt>
      <trkpt lat="36.335614" lon="127.276153"><ele>329.4</ele><time>2025-07-06T02:16:09.000Z</time></trkpt>
      <trkpt lat="36.335652" lon="127.276122"><ele>327.8</ele><time>2025-07-06T02:16:18.000Z</time></trkpt>
      <trkpt lat="36.335659" lon="127.276122"><ele>326.4</ele><time>2025-07-06T02:16:20.000Z</time></trkpt>
      <trkpt lat="36.335667" lon="127.276123"><ele>324.4</ele><time>2025-07-06T02:16:23.000Z</time></trkpt>
      <trkpt lat="36.335680" lon="127.276126"><ele>323.2</ele><time>2025-07-06T02:16:26.000Z</time></trkpt>
      <trkpt lat="36.335693" lon="127.276129"><ele>322.2</ele><time>2025-07-06T02:16:29.000Z</time></trkpt>
      <trkpt lat="36.335713" lon="127.276151"><ele>321.4</ele><time>2025-07-06T02:16:34.000Z</time></trkpt>
      <trkpt lat="36.335716" lon="127.276157"><ele>320.4</ele><time>2025-07-06T02:16:35.000Z</time></trkpt>
      <trkpt lat="36.335726" lon="127.276173"><ele>319.4</ele><time>2025-07-06T02:16:41.000Z</time></trkpt>
      <trkpt lat="36.335729" lon="127.276176"><ele>319.4</ele><time>2025-07-06T02:16:43.000Z</time></trkpt>
      <trkpt lat="36.335731" lon="127.276177"><ele>318.2</ele><time>2025-07-06T02:16:45.000Z</time></trkpt>
      <trkpt lat="36.335742" lon="127.276182"><ele>317.2</ele><time>2025-07-06T02:16:49.000Z</time></trkpt>
      <trkpt lat="36.335764" lon="127.276192"><ele>316.2</ele><time>2025-07-06T02:16:54.000Z</time></trkpt>
      <trkpt lat="36.335772" lon="127.276198"><ele>314.4</ele><time>2025-07-06T02:16:56.000Z</time></trkpt>
      <trkpt lat="36.335781" lon="127.276202"><ele>313.2</ele><time>2025-07-06T02:16:59.000Z</time></trkpt>
      <trkpt lat="36.335788" lon="127.276209"><ele>314.2</ele><time>2025-07-06T02:17:03.000Z</time></trkpt>
      <trkpt lat="36.335788" lon="127.276209"><ele>314.6</ele><time>2025-07-06T02:17:04.000Z</time></trkpt>
      <trkpt lat="36.335807" lon="127.276212"><ele>313.0</ele><time>2025-07-06T02:17:09.000Z</time></trkpt>
      <trkpt lat="36.335808" lon="127.276247"><ele>312.6</ele><time>2025-07-06T02:17:13.000Z</time></trkpt>
      <trkpt lat="36.335834" lon="127.276262"><ele>312.0</ele><time>2025-07-06T02:17:18.000Z</time></trkpt>
      <trkpt lat="36.335839" lon="127.276265"><ele>310.8</ele><time>2025-07-06T02:17:19.000Z</time></trkpt>
      <trkpt lat="36.335843" lon="127.276270"><ele>310.4</ele><time>2025-07-06T02:17:20.000Z</time></trkpt>
      <trkpt lat="36.335845" lon="127.276274"><ele>309.6</ele><time>2025-07-06T02:17:22.000Z</time></trkpt>
      <trkpt lat="36.335856" lon="127.276289"><ele>310.4</ele><time>2025-07-06T02:17:31.000Z</time></trkpt>
      <trkpt lat="36.335858" lon="127.276291"><ele>310.8</ele><time>2025-07-06T02:17:32.000Z</time></trkpt>
      <trkpt lat="36.335865" lon="127.276329"><ele>309.2</ele><time>2025-07-06T02:17:37.000Z</time></trkpt>
      <trkpt lat="36.335864" lon="127.276335"><ele>307.8</ele><time>2025-07-06T02:17:38.000Z</time></trkpt>
      <trkpt lat="36.335861" lon="127.276345"><ele>306.6</ele><time>2025-07-06T02:17:40.000Z</time></trkpt>
      <trkpt lat="36.335863" lon="127.276364"><ele>305.6</ele><time>2025-07-06T02:17:45.000Z</time></trkpt>
      <trkpt lat="36.335882" lon="127.276383"><ele>304.8</ele><time>2025-07-06T02:17:53.000Z</time></trkpt>
      <trkpt lat="36.335885" lon="127.276379"><ele>302.4</ele><time>2025-07-06T02:17:55.000Z</time></trkpt>
      <trkpt lat="36.335885" lon="127.276376"><ele>301.4</ele><time>2025-07-06T02:17:56.000Z</time></trkpt>
      <trkpt lat="36.335904" lon="127.276376"><ele>300.2</ele><time>2025-07-06T02:17:59.000Z</time></trkpt>
      <trkpt lat="36.335929" lon="127.276366"><ele>299.4</ele><time>2025-07-06T02:18:07.000Z</time></trkpt>
      <trkpt lat="36.335955" lon="127.276343"><ele>300.6</ele><time>2025-07-06T02:18:12.000Z</time></trkpt>
      <trkpt lat="36.335964" lon="127.276327"><ele>300.0</ele><time>2025-07-06T02:18:14.000Z</time></trkpt>
      <trkpt lat="36.335979" lon="127.276316"><ele>298.6</ele><time>2025-07-06T02:18:17.000Z</time></trkpt>
      <trkpt lat="36.335984" lon="127.276312"><ele>298.2</ele><time>2025-07-06T02:18:18.000Z</time></trkpt>
      <trkpt lat="36.335993" lon="127.276302"><ele>297.2</ele><time>2025-07-06T02:18:20.000Z</time></trkpt>
      <trkpt lat="36.336000" lon="127.276292"><ele>296.2</ele><time>2025-07-06T02:18:23.000Z</time></trkpt>
      <trkpt lat="36.336018" lon="127.276301"><ele>295.4</ele><time>2025-07-06T02:18:26.000Z</time></trkpt>
      <trkpt lat="36.336038" lon="127.276310"><ele>295.0</ele><time>2025-07-06T02:18:30.000Z</time></trkpt>
      <trkpt lat="36.336053" lon="127.276313"><ele>293.8</ele><time>2025-07-06T02:18:34.000Z</time></trkpt>
      <trkpt lat="36.336054" lon="127.276315"><ele>293.6</ele><time>2025-07-06T02:18:35.000Z</time></trkpt>
      <trkpt lat="36.336059" lon="127.276313"><ele>292.6</ele><time>2025-07-06T02:18:36.000Z</time></trkpt>
      <trkpt lat="36.336063" lon="127.276312"><ele>291.6</ele><time>2025-07-06T02:18:38.000Z</time></trkpt>
      <trkpt lat="36.336076" lon="127.276303"><ele>290.6</ele><time>2025-07-06T02:18:43.000Z</time></trkpt>
      <trkpt lat="36.336097" lon="127.276287"><ele>291.6</ele><time>2025-07-06T02:18:47.000Z</time></trkpt>
      <trkpt lat="36.336113" lon="127.276287"><ele>292.2</ele><time>2025-07-06T02:18:55.000Z</time></trkpt>
      <trkpt lat="36.336115" lon="127.276304"><ele>292.4</ele><time>2025-07-06T02:19:01.000Z</time></trkpt>
      <trkpt lat="36.336120" lon="127.276316"><ele>292.2</ele><time>2025-07-06T02:19:11.000Z</time></trkpt>
      <trkpt lat="36.336130" lon="127.276336"><ele>292.2</ele><time>2025-07-06T02:19:20.000Z</time></trkpt>
      <trkpt lat="36.336129" lon="127.276373"><ele>291.4</ele><time>2025-07-06T02:19:26.000Z</time></trkpt>
      <trkpt lat="36.336126" lon="127.276375"><ele>290.6</ele><time>2025-07-06T02:19:29.000Z</time></trkpt>
      <trkpt lat="36.336126" lon="127.276379"><ele>290.6</ele><time>2025-07-06T02:19:30.000Z</time></trkpt>
      <trkpt lat="36.336119" lon="127.276402"><ele>289.4</ele><time>2025-07-06T02:19:37.000Z</time></trkpt>
      <trkpt lat="36.336125" lon="127.276405"><ele>288.4</ele><time>2025-07-06T02:19:43.000Z</time></trkpt>
      <trkpt lat="36.336128" lon="127.276407"><ele>288.2</ele><time>2025-07-06T02:19:44.000Z</time></trkpt>
      <trkpt lat="36.336141" lon="127.276404"><ele>287.2</ele><time>2025-07-06T02:19:49.000Z</time></trkpt>
      <trkpt lat="36.336159" lon="127.276399"><ele>286.0</ele><time>2025-07-06T02:19:54.000Z</time></trkpt>
      <trkpt lat="36.336161" lon="127.276400"><ele>285.6</ele><time>2025-07-06T02:19:55.000Z</time></trkpt>
      <trkpt lat="36.336184" lon="127.276404"><ele>284.8</ele><time>2025-07-06T02:20:02.000Z</time></trkpt>
      <trkpt lat="36.336197" lon="127.276406"><ele>284.0</ele><time>2025-07-06T02:20:06.000Z</time></trkpt>
      <trkpt lat="36.336204" lon="127.276415"><ele>283.8</ele><time>2025-07-06T02:20:08.000Z</time></trkpt>
      <trkpt lat="36.336199" lon="127.276440"><ele>282.6</ele><time>2025-07-06T02:20:13.000Z</time></trkpt>
      <trkpt lat="36.336195" lon="127.276444"><ele>282.0</ele><time>2025-07-06T02:20:16.000Z</time></trkpt>
      <trkpt lat="36.336214" lon="127.276442"><ele>281.6</ele><time>2025-07-06T02:20:23.000Z</time></trkpt>
      <trkpt lat="36.336224" lon="127.276441"><ele>281.2</ele><time>2025-07-06T02:20:26.000Z</time></trkpt>
      <trkpt lat="36.336236" lon="127.276435"><ele>280.6</ele><time>2025-07-06T02:20:29.000Z</time></trkpt>
      <trkpt lat="36.336245" lon="127.276410"><ele>279.4</ele><time>2025-07-06T02:20:35.000Z</time></trkpt>
      <trkpt lat="36.336251" lon="127.276403"><ele>279.2</ele><time>2025-07-06T02:20:37.000Z</time></trkpt>
      <trkpt lat="36.336278" lon="127.276424"><ele>278.2</ele><time>2025-07-06T02:20:42.000Z</time></trkpt>
      <trkpt lat="36.336283" lon="127.276457"><ele>277.4</ele><time>2025-07-06T02:20:46.000Z</time></trkpt>
      <trkpt lat="36.336283" lon="127.276468"><ele>277.0</ele><time>2025-07-06T02:20:48.000Z</time></trkpt>
      <trkpt lat="36.336292" lon="127.276476"><ele>276.2</ele><time>2025-07-06T02:20:56.000Z</time></trkpt>
      <trkpt lat="36.336301" lon="127.276462"><ele>276.0</ele><time>2025-07-06T02:20:59.000Z</time></trkpt>
      <trkpt lat="36.336320" lon="127.276461"><ele>275.0</ele><time>2025-07-06T02:21:04.000Z</time></trkpt>
      <trkpt lat="36.336330" lon="127.276466"><ele>274.4</ele><time>2025-07-06T02:21:06.000Z</time></trkpt>
      <trkpt lat="36.336339" lon="127.276472"><ele>273.8</ele><time>2025-07-06T02:21:08.000Z</time></trkpt>
      <trkpt lat="36.336345" lon="127.276493"><ele>272.6</ele><time>2025-07-06T02:21:14.000Z</time></trkpt>
      <trkpt lat="36.336344" lon="127.276497"><ele>272.6</ele><time>2025-07-06T02:21:15.000Z</time></trkpt>
      <trkpt lat="36.336351" lon="127.276523"><ele>271.8</ele><time>2025-07-06T02:21:21.000Z</time></trkpt>
      <trkpt lat="36.336356" lon="127.276524"><ele>271.6</ele><time>2025-07-06T02:21:22.000Z</time></trkpt>
      <trkpt lat="36.336359" lon="127.276520"><ele>271.0</ele><time>2025-07-06T02:21:24.000Z</time></trkpt>
      <trkpt lat="36.336359" lon="127.276514"><ele>270.4</ele><time>2025-07-06T02:21:28.000Z</time></trkpt>
      <trkpt lat="36.336364" lon="127.276510"><ele>269.2</ele><time>2025-07-06T02:21:34.000Z</time></trkpt>
      <trkpt lat="36.336378" lon="127.276492"><ele>268.8</ele><time>2025-07-06T02:21:42.000Z</time></trkpt>
      <trkpt lat="36.336394" lon="127.276503"><ele>267.8</ele><time>2025-07-06T02:21:45.000Z</time></trkpt>
      <trkpt lat="36.336405" lon="127.276544"><ele>267.0</ele><time>2025-07-06T02:21:51.000Z</time></trkpt>
      <trkpt lat="36.336407" lon="127.276548"><ele>266.8</ele><time>2025-07-06T02:21:52.000Z</time></trkpt>
      <trkpt lat="36.336411" lon="127.276553"><ele>265.2</ele><time>2025-07-06T02:21:53.000Z</time></trkpt>
      <trkpt lat="36.336422" lon="127.276551"><ele>264.2</ele><time>2025-07-06T02:21:57.000Z</time></trkpt>
      <trkpt lat="36.336423" lon="127.276550"><ele>264.0</ele><time>2025-07-06T02:21:58.000Z</time></trkpt>
      <trkpt lat="36.336428" lon="127.276541"><ele>264.0</ele><time>2025-07-06T02:22:03.000Z</time></trkpt>
      <trkpt lat="36.336447" lon="127.276503"><ele>263.2</ele><time>2025-07-06T02:22:13.000Z</time></trkpt>
      <trkpt lat="36.336460" lon="127.276494"><ele>262.4</ele><time>2025-07-06T02:22:16.000Z</time></trkpt>
      <trkpt lat="36.336484" lon="127.276498"><ele>262.0</ele><time>2025-07-06T02:22:20.000Z</time></trkpt>
      <trkpt lat="36.336489" lon="127.276506"><ele>261.2</ele><time>2025-07-06T02:22:25.000Z</time></trkpt>
      <trkpt lat="36.336491" lon="127.276512"><ele>261.0</ele><time>2025-07-06T02:22:27.000Z</time></trkpt>
      <trkpt lat="36.336526" lon="127.276564"><ele>259.8</ele><time>2025-07-06T02:22:36.000Z</time></trkpt>
      <trkpt lat="36.336529" lon="127.276569"><ele>259.4</ele><time>2025-07-06T02:22:37.000Z</time></trkpt>
      <trkpt lat="36.336535" lon="127.276583"><ele>258.4</ele><time>2025-07-06T02:22:39.000Z</time></trkpt>
      <trkpt lat="36.336537" lon="127.276591"><ele>257.4</ele><time>2025-07-06T02:22:41.000Z</time></trkpt>
      <trkpt lat="36.336535" lon="127.276602"><ele>255.8</ele><time>2025-07-06T02:22:46.000Z</time></trkpt>
      <trkpt lat="36.336539" lon="127.276603"><ele>255.4</ele><time>2025-07-06T02:22:47.000Z</time></trkpt>
      <trkpt lat="36.336549" lon="127.276622"><ele>256.6</ele><time>2025-07-06T02:22:56.000Z</time></trkpt>
      <trkpt lat="36.336551" lon="127.276649"><ele>254.8</ele><time>2025-07-06T02:23:03.000Z</time></trkpt>
      <trkpt lat="36.336554" lon="127.276647"><ele>254.4</ele><time>2025-07-06T02:23:06.000Z</time></trkpt>
      <trkpt lat="36.336560" lon="127.276637"><ele>255.0</ele><time>2025-07-06T02:23:12.000Z</time></trkpt>
      <trkpt lat="36.336563" lon="127.276631"><ele>255.0</ele><time>2025-07-06T02:23:13.000Z</time></trkpt>
      <trkpt lat="36.336580" lon="127.276601"><ele>253.6</ele><time>2025-07-06T02:23:20.000Z</time></trkpt>
      <trkpt lat="36.336583" lon="127.276575"><ele>252.6</ele><time>2025-07-06T02:23:25.000Z</time></trkpt>
      <trkpt lat="36.336593" lon="127.276573"><ele>252.2</ele><time>2025-07-06T02:23:27.000Z</time></trkpt>
      <trkpt lat="36.336613" lon="127.276602"><ele>251.6</ele><time>2025-07-06T02:23:35.000Z</time></trkpt>
      <trkpt lat="36.336617" lon="127.276603"><ele>251.6</ele><time>2025-07-06T02:23:36.000Z</time></trkpt>
      <trkpt lat="36.336619" lon="127.276604"><ele>251.6</ele><time>2025-07-06T02:23:37.000Z</time></trkpt>
      <trkpt lat="36.336626" lon="127.276627"><ele>250.4</ele><time>2025-07-06T02:23:44.000Z</time></trkpt>
      <trkpt lat="36.336631" lon="127.276634"><ele>250.2</ele><time>2025-07-06T02:23:46.000Z</time></trkpt>
      <trkpt lat="36.336646" lon="127.276653"><ele>249.4</ele><time>2025-07-06T02:23:50.000Z</time></trkpt>
      <trkpt lat="36.336651" lon="127.276688"><ele>247.8</ele><time>2025-07-06T02:23:57.000Z</time></trkpt>
      <trkpt lat="36.336662" lon="127.276675"><ele>247.8</ele><time>2025-07-06T02:24:05.000Z</time></trkpt>
      <trkpt lat="36.336679" lon="127.276632"><ele>245.4</ele><time>2025-07-06T02:24:15.000Z</time></trkpt>
      <trkpt lat="36.336679" lon="127.276633"><ele>241.6</ele><time>2025-07-06T02:24:16.000Z</time></trkpt>
      <trkpt lat="36.336676" lon="127.276632"><ele>239.6</ele><time>2025-07-06T02:24:17.000Z</time></trkpt>
      <trkpt lat="36.336674" lon="127.276626"><ele>238.6</ele><time>2025-07-06T02:24:18.000Z</time></trkpt>
      <trkpt lat="36.336680" lon="127.276623"><ele>241.6</ele><time>2025-07-06T02:24:22.000Z</time></trkpt>
      <trkpt lat="36.336682" lon="127.276623"><ele>243.8</ele><time>2025-07-06T02:24:23.000Z</time></trkpt>
      <trkpt lat="36.336686" lon="127.276620"><ele>243.8</ele><time>2025-07-06T02:24:24.000Z</time></trkpt>
      <trkpt lat="36.336725" lon="127.276598"><ele>242.6</ele><time>2025-07-06T02:24:32.000Z</time></trkpt>
      <trkpt lat="36.336735" lon="127.276586"><ele>242.2</ele><time>2025-07-06T02:24:34.000Z</time></trkpt>
      <trkpt lat="36.336746" lon="127.276584"><ele>241.4</ele><time>2025-07-06T02:24:36.000Z</time></trkpt>
      <trkpt lat="36.336775" lon="127.276598"><ele>242.4</ele><time>2025-07-06T02:24:42.000Z</time></trkpt>
      <trkpt lat="36.336775" lon="127.276608"><ele>242.4</ele><time>2025-07-06T02:24:43.000Z</time></trkpt>
      <trkpt lat="36.336777" lon="127.276655"><ele>242.0</ele><time>2025-07-06T02:24:48.000Z</time></trkpt>
      <trkpt lat="36.336773" lon="127.276696"><ele>241.2</ele><time>2025-07-06T02:24:52.000Z</time></trkpt>
      <trkpt lat="36.336775" lon="127.276698"><ele>240.6</ele><time>2025-07-06T02:24:55.000Z</time></trkpt>
      <trkpt lat="36.336760" lon="127.276735"><ele>240.2</ele><time>2025-07-06T02:25:04.000Z</time></trkpt>
      <trkpt lat="36.336759" lon="127.276758"><ele>239.6</ele><time>2025-07-06T02:25:07.000Z</time></trkpt>
      <trkpt lat="36.336756" lon="127.276766"><ele>239.2</ele><time>2025-07-06T02:25:10.000Z</time></trkpt>
      <trkpt lat="36.336756" lon="127.276771"><ele>239.0</ele><time>2025-07-06T02:25:16.000Z</time></trkpt>
      <trkpt lat="36.336755" lon="127.276772"><ele>238.8</ele><time>2025-07-06T02:25:23.000Z</time></trkpt>
      <trkpt lat="36.336751" lon="127.276770"><ele>238.8</ele><time>2025-07-06T02:25:28.000Z</time></trkpt>
      <trkpt lat="36.336741" lon="127.276797"><ele>238.2</ele><time>2025-07-06T02:25:38.000Z</time></trkpt>
      <trkpt lat="36.336739" lon="127.276797"><ele>238.0</ele><time>2025-07-06T02:25:39.000Z</time></trkpt>
      <trkpt lat="36.336736" lon="127.276799"><ele>237.6</ele><time>2025-07-06T02:25:45.000Z</time></trkpt>
      <trkpt lat="36.336736" lon="127.276806"><ele>237.4</ele><time>2025-07-06T02:25:50.000Z</time></trkpt>
      <trkpt lat="36.336730" lon="127.276832"><ele>237.0</ele><time>2025-07-06T02:25:55.000Z</time></trkpt>
      <trkpt lat="36.336739" lon="127.276829"><ele>236.2</ele><time>2025-07-06T02:26:00.000Z</time></trkpt>
      <trkpt lat="36.336739" lon="127.276832"><ele>236.0</ele><time>2025-07-06T02:26:03.000Z</time></trkpt>
      <trkpt lat="36.336745" lon="127.276832"><ele>234.8</ele><time>2025-07-06T02:26:10.000Z</time></trkpt>
      <trkpt lat="36.336750" lon="127.276827"><ele>234.6</ele><time>2025-07-06T02:26:12.000Z</time></trkpt>
      <trkpt lat="36.336749" lon="127.276828"><ele>234.4</ele><time>2025-07-06T02:26:16.000Z</time></trkpt>
      <trkpt lat="36.336748" lon="127.276823"><ele>234.4</ele><time>2025-07-06T02:26:17.000Z</time></trkpt>
      <trkpt lat="36.336749" lon="127.276827"><ele>234.4</ele><time>2025-07-06T02:26:18.000Z</time></trkpt>
      <trkpt lat="36.336747" lon="127.276825"><ele>234.4</ele><time>2025-07-06T02:26:19.000Z</time></trkpt>
      <trkpt lat="36.336764" lon="127.276793"><ele>233.8</ele><time>2025-07-06T02:26:28.000Z</time></trkpt>
      <trkpt lat="36.336767" lon="127.276788"><ele>233.8</ele><time>2025-07-06T02:26:29.000Z</time></trkpt>
      <trkpt lat="36.336767" lon="127.276789"><ele>233.8</ele><time>2025-07-06T02:26:30.000Z</time></trkpt>
      <trkpt lat="36.336769" lon="127.276787"><ele>233.8</ele><time>2025-07-06T02:26:31.000Z</time></trkpt>
      <trkpt lat="36.336799" lon="127.276773"><ele>232.4</ele><time>2025-07-06T02:26:38.000Z</time></trkpt>
      <trkpt lat="36.336803" lon="127.276771"><ele>232.2</ele><time>2025-07-06T02:26:39.000Z</time></trkpt>
      <trkpt lat="36.336817" lon="127.276764"><ele>231.2</ele><time>2025-07-06T02:26:42.000Z</time></trkpt>
      <trkpt lat="36.336838" lon="127.276780"><ele>230.0</ele><time>2025-07-06T02:26:46.000Z</time></trkpt>
      <trkpt lat="36.336851" lon="127.276797"><ele>229.2</ele><time>2025-07-06T02:26:49.000Z</time></trkpt>
      <trkpt lat="36.336855" lon="127.276801"><ele>228.8</ele><time>2025-07-06T02:26:50.000Z</time></trkpt>
      <trkpt lat="36.336858" lon="127.276822"><ele>227.8</ele><time>2025-07-06T02:26:54.000Z</time></trkpt>
      <trkpt lat="36.336869" lon="127.276854"><ele>226.8</ele><time>2025-07-06T02:26:59.000Z</time></trkpt>
      <trkpt lat="36.336877" lon="127.276867"><ele>225.6</ele><time>2025-07-06T02:27:04.000Z</time></trkpt>
      <trkpt lat="36.336879" lon="127.276867"><ele>225.4</ele><time>2025-07-06T02:27:05.000Z</time></trkpt>
      <trkpt lat="36.336905" lon="127.276855"><ele>224.8</ele><time>2025-07-06T02:27:10.000Z</time></trkpt>
      <trkpt lat="36.336911" lon="127.276843"><ele>224.6</ele><time>2025-07-06T02:27:12.000Z</time></trkpt>
      <trkpt lat="36.336928" lon="127.276833"><ele>223.4</ele><time>2025-07-06T02:27:16.000Z</time></trkpt>
      <trkpt lat="36.336934" lon="127.276836"><ele>222.6</ele><time>2025-07-06T02:27:18.000Z</time></trkpt>
      <trkpt lat="36.336938" lon="127.276842"><ele>222.2</ele><time>2025-07-06T02:27:20.000Z</time></trkpt>
      <trkpt lat="36.336943" lon="127.276848"><ele>221.4</ele><time>2025-07-06T02:27:23.000Z</time></trkpt>
      <trkpt lat="36.336945" lon="127.276853"><ele>221.2</ele><time>2025-07-06T02:27:25.000Z</time></trkpt>
      <trkpt lat="36.336949" lon="127.276856"><ele>221.2</ele><time>2025-07-06T02:27:26.000Z</time></trkpt>
      <trkpt lat="36.336953" lon="127.276858"><ele>221.0</ele><time>2025-07-06T02:27:27.000Z</time></trkpt>
      <trkpt lat="36.336970" lon="127.276896"><ele>219.8</ele><time>2025-07-06T02:27:33.000Z</time></trkpt>
      <trkpt lat="36.336980" lon="127.276911"><ele>218.6</ele><time>2025-07-06T02:27:37.000Z</time></trkpt>
      <trkpt lat="36.336983" lon="127.276915"><ele>218.4</ele><time>2025-07-06T02:27:38.000Z</time></trkpt>
      <trkpt lat="36.337008" lon="127.276940"><ele>217.6</ele><time>2025-07-06T02:27:47.000Z</time></trkpt>
      <trkpt lat="36.337013" lon="127.276960"><ele>216.6</ele><time>2025-07-06T02:27:52.000Z</time></trkpt>
      <trkpt lat="36.337017" lon="127.276963"><ele>215.0</ele><time>2025-07-06T02:27:56.000Z</time></trkpt>
      <trkpt lat="36.337014" lon="127.276956"><ele>214.8</ele><time>2025-07-06T02:27:57.000Z</time></trkpt>
      <trkpt lat="36.337019" lon="127.276943"><ele>213.4</ele><time>2025-07-06T02:28:04.000Z</time></trkpt>
      <trkpt lat="36.337045" lon="127.276932"><ele>212.6</ele><time>2025-07-06T02:28:09.000Z</time></trkpt>
      <trkpt lat="36.337046" lon="127.276930"><ele>211.8</ele><time>2025-07-06T02:28:10.000Z</time></trkpt>
      <trkpt lat="36.337049" lon="127.276919"><ele>210.4</ele><time>2025-07-06T02:28:13.000Z</time></trkpt>
      <trkpt lat="36.337057" lon="127.276892"><ele>209.2</ele><time>2025-07-06T02:28:16.000Z</time></trkpt>
      <trkpt lat="36.337081" lon="127.276889"><ele>208.2</ele><time>2025-07-06T02:28:20.000Z</time></trkpt>
      <trkpt lat="36.337085" lon="127.276894"><ele>208.2</ele><time>2025-07-06T02:28:21.000Z</time></trkpt>
      <trkpt lat="36.337113" lon="127.276952"><ele>209.0</ele><time>2025-07-06T02:28:30.000Z</time></trkpt>
      <trkpt lat="36.337115" lon="127.276959"><ele>209.2</ele><time>2025-07-06T02:28:31.000Z</time></trkpt>
      <trkpt lat="36.337127" lon="127.276997"><ele>208.0</ele><time>2025-07-06T02:28:36.000Z</time></trkpt>
      <trkpt lat="36.337122" lon="127.277005"><ele>206.8</ele><time>2025-07-06T02:28:38.000Z</time></trkpt>
      <trkpt lat="36.337118" lon="127.277006"><ele>205.8</ele><time>2025-07-06T02:28:41.000Z</time></trkpt>
      <trkpt lat="36.337116" lon="127.277004"><ele>207.2</ele><time>2025-07-06T02:28:47.000Z</time></trkpt>
      <trkpt lat="36.337120" lon="127.276981"><ele>207.4</ele><time>2025-07-06T02:28:55.000Z</time></trkpt>
      <trkpt lat="36.337127" lon="127.276967"><ele>205.4</ele><time>2025-07-06T02:29:02.000Z</time></trkpt>
      <trkpt lat="36.337142" lon="127.276960"><ele>204.2</ele><time>2025-07-06T02:29:07.000Z</time></trkpt>
      <trkpt lat="36.337152" lon="127.276965"><ele>203.2</ele><time>2025-07-06T02:29:11.000Z</time></trkpt>
      <trkpt lat="36.337165" lon="127.276986"><ele>203.0</ele><time>2025-07-06T02:29:15.000Z</time></trkpt>
      <trkpt lat="36.337166" lon="127.276999"><ele>202.0</ele><time>2025-07-06T02:29:18.000Z</time></trkpt>
      <trkpt lat="36.337181" lon="127.276999"><ele>201.0</ele><time>2025-07-06T02:29:22.000Z</time></trkpt>
      <trkpt lat="36.337191" lon="127.276986"><ele>200.0</ele><time>2025-07-06T02:29:24.000Z</time></trkpt>
      <trkpt lat="36.337194" lon="127.276986"><ele>199.8</ele><time>2025-07-06T02:29:25.000Z</time></trkpt>
      <trkpt lat="36.337201" lon="127.276988"><ele>198.8</ele><time>2025-07-06T02:29:27.000Z</time></trkpt>
      <trkpt lat="36.337203" lon="127.276997"><ele>197.2</ele><time>2025-07-06T02:29:29.000Z</time></trkpt>
      <trkpt lat="36.337210" lon="127.277003"><ele>197.0</ele><time>2025-07-06T02:29:32.000Z</time></trkpt>
      <trkpt lat="36.337216" lon="127.277001"><ele>198.6</ele><time>2025-07-06T02:29:34.000Z</time></trkpt>
      <trkpt lat="36.337215" lon="127.277005"><ele>199.8</ele><time>2025-07-06T02:29:36.000Z</time></trkpt>
      <trkpt lat="36.337217" lon="127.277048"><ele>199.6</ele><time>2025-07-06T02:29:42.000Z</time></trkpt>
      <trkpt lat="36.337228" lon="127.277069"><ele>198.8</ele><time>2025-07-06T02:29:46.000Z</time></trkpt>
      <trkpt lat="36.337235" lon="127.277069"><ele>197.8</ele><time>2025-07-06T02:29:50.000Z</time></trkpt>
      <trkpt lat="36.337237" lon="127.277067"><ele>197.6</ele><time>2025-07-06T02:29:51.000Z</time></trkpt>
      <trkpt lat="36.337256" lon="127.277055"><ele>196.4</ele><time>2025-07-06T02:29:56.000Z</time></trkpt>
      <trkpt lat="36.337264" lon="127.277042"><ele>195.4</ele><time>2025-07-06T02:30:01.000Z</time></trkpt>
      <trkpt lat="36.337262" lon="127.277039"><ele>195.2</ele><time>2025-07-06T02:30:03.000Z</time></trkpt>
      <trkpt lat="36.337261" lon="127.277031"><ele>195.2</ele><time>2025-07-06T02:30:09.000Z</time></trkpt>
      <trkpt lat="36.337288" lon="127.277008"><ele>194.2</ele><time>2025-07-06T02:30:15.000Z</time></trkpt>
      <trkpt lat="36.337293" lon="127.277035"><ele>193.0</ele><time>2025-07-06T02:30:19.000Z</time></trkpt>
      <trkpt lat="36.337294" lon="127.277052"><ele>190.6</ele><time>2025-07-06T02:30:21.000Z</time></trkpt>
      <trkpt lat="36.337299" lon="127.277072"><ele>189.4</ele><time>2025-07-06T02:30:24.000Z</time></trkpt>
      <trkpt lat="36.337304" lon="127.277073"><ele>188.2</ele><time>2025-07-06T02:30:25.000Z</time></trkpt>
      <trkpt lat="36.337327" lon="127.277063"><ele>187.4</ele><time>2025-07-06T02:30:29.000Z</time></trkpt>
      <trkpt lat="36.337335" lon="127.277064"><ele>187.0</ele><time>2025-07-06T02:30:37.000Z</time></trkpt>
      <trkpt lat="36.337355" lon="127.277049"><ele>186.0</ele><time>2025-07-06T02:30:42.000Z</time></trkpt>
      <trkpt lat="36.337368" lon="127.277060"><ele>185.0</ele><time>2025-07-06T02:30:48.000Z</time></trkpt>
      <trkpt lat="36.337373" lon="127.277073"><ele>184.0</ele><time>2025-07-06T02:30:53.000Z</time></trkpt>
      <trkpt lat="36.337386" lon="127.277079"><ele>183.6</ele><time>2025-07-06T02:30:59.000Z</time></trkpt>
      <trkpt lat="36.337399" lon="127.277081"><ele>182.8</ele><time>2025-07-06T02:31:02.000Z</time></trkpt>
      <trkpt lat="36.337413" lon="127.277089"><ele>181.6</ele><time>2025-07-06T02:31:05.000Z</time></trkpt>
      <trkpt lat="36.337433" lon="127.277081"><ele>180.6</ele><time>2025-07-06T02:31:10.000Z</time></trkpt>
      <trkpt lat="36.337438" lon="127.277073"><ele>180.6</ele><time>2025-07-06T02:31:11.000Z</time></trkpt>
      <trkpt lat="36.337462" lon="127.277045"><ele>182.4</ele><time>2025-07-06T02:31:18.000Z</time></trkpt>
      <trkpt lat="36.337477" lon="127.277020"><ele>182.6</ele><time>2025-07-06T02:31:22.000Z</time></trkpt>
      <trkpt lat="36.337502" lon="127.276997"><ele>179.2</ele><time>2025-07-06T02:31:26.000Z</time></trkpt>
      <trkpt lat="36.337511" lon="127.276985"><ele>178.0</ele><time>2025-07-06T02:31:28.000Z</time></trkpt>
      <trkpt lat="36.337541" lon="127.276950"><ele>177.6</ele><time>2025-07-06T02:31:34.000Z</time></trkpt>
      <trkpt lat="36.337558" lon="127.276924"><ele>179.0</ele><time>2025-07-06T02:31:39.000Z</time></trkpt>
      <trkpt lat="36.337581" lon="127.276907"><ele>178.6</ele><time>2025-07-06T02:31:43.000Z</time></trkpt>
      <trkpt lat="36.337589" lon="127.276897"><ele>178.0</ele><time>2025-07-06T02:31:45.000Z</time></trkpt>
      <trkpt lat="36.337615" lon="127.276895"><ele>176.8</ele><time>2025-07-06T02:31:51.000Z</time></trkpt>
      <trkpt lat="36.337622" lon="127.276901"><ele>176.6</ele><time>2025-07-06T02:31:52.000Z</time></trkpt>
      <trkpt lat="36.337650" lon="127.276942"><ele>175.8</ele><time>2025-07-06T02:31:56.000Z</time></trkpt>
      <trkpt lat="36.337678" lon="127.277013"><ele>175.0</ele><time>2025-07-06T02:32:03.000Z</time></trkpt>
      <trkpt lat="36.337680" lon="127.277058"><ele>174.8</ele><time>2025-07-06T02:32:11.000Z</time></trkpt>
      <trkpt lat="36.337682" lon="127.277087"><ele>174.8</ele><time>2025-07-06T02:32:14.000Z</time></trkpt>
      <trkpt lat="36.337711" lon="127.277181"><ele>174.8</ele><time>2025-07-06T02:32:22.000Z</time></trkpt>
      <trkpt lat="36.337728" lon="127.277221"><ele>174.6</ele><time>2025-07-06T02:32:25.000Z</time></trkpt>
      <trkpt lat="36.337733" lon="127.277234"><ele>174.6</ele><time>2025-07-06T02:32:26.000Z</time></trkpt>
      <trkpt lat="36.337747" lon="127.277257"><ele>174.4</ele><time>2025-07-06T02:32:28.000Z</time></trkpt>
      <trkpt lat="36.337769" lon="127.277321"><ele>174.2</ele><time>2025-07-06T02:32:33.000Z</time></trkpt>
      <trkpt lat="36.337777" lon="127.277355"><ele>174.2</ele><time>2025-07-06T02:32:36.000Z</time></trkpt>
      <trkpt lat="36.337790" lon="127.277374"><ele>174.0</ele><time>2025-07-06T02:32:38.000Z</time></trkpt>
      <trkpt lat="36.337798" lon="127.277396"><ele>174.0</ele><time>2025-07-06T02:32:40.000Z</time></trkpt>
      <trkpt lat="36.337799" lon="127.277414"><ele>174.0</ele><time>2025-07-06T02:32:42.000Z</time></trkpt>
      <trkpt lat="36.337834" lon="127.277489"><ele>173.8</ele><time>2025-07-06T02:32:49.000Z</time></trkpt>
      <trkpt lat="36.337837" lon="127.277571"><ele>173.8</ele><time>2025-07-06T02:32:54.000Z</time></trkpt>
      <trkpt lat="36.337848" lon="127.277621"><ele>173.8</ele><time>2025-07-06T02:32:57.000Z</time></trkpt>
      <trkpt lat="36.337851" lon="127.277635"><ele>173.6</ele><time>2025-07-06T02:32:58.000Z</time></trkpt>
      <trkpt lat="36.337877" lon="127.277695"><ele>173.4</ele><time>2025-07-06T02:33:03.000Z</time></trkpt>
      <trkpt lat="36.337888" lon="127.277703"><ele>173.2</ele><time>2025-07-06T02:33:04.000Z</time></trkpt>
      <trkpt lat="36.337892" lon="127.277713"><ele>173.0</ele><time>2025-07-06T02:33:05.000Z</time></trkpt>
      <trkpt lat="36.337910" lon="127.277765"><ele>172.8</ele><time>2025-07-06T02:33:10.000Z</time></trkpt>
      <trkpt lat="36.337915" lon="127.277783"><ele>172.8</ele><time>2025-07-06T02:33:11.000Z</time></trkpt>
      <trkpt lat="36.337918" lon="127.277864"><ele>172.6</ele><time>2025-07-06T02:33:17.000Z</time></trkpt>
      <trkpt lat="36.337924" lon="127.277882"><ele>172.4</ele><time>2025-07-06T02:33:19.000Z</time></trkpt>
      <trkpt lat="36.337928" lon="127.277884"><ele>172.2</ele><time>2025-07-06T02:33:20.000Z</time></trkpt>
      <trkpt lat="36.337954" lon="127.277886"><ele>171.2</ele><time>2025-07-06T02:33:27.000Z</time></trkpt>
      <trkpt lat="36.337955" lon="127.277886"><ele>171.0</ele><time>2025-07-06T02:33:28.000Z</time></trkpt>
      <trkpt lat="36.337955" lon="127.277888"><ele>169.2</ele><time>2025-07-06T02:33:32.000Z</time></trkpt>
      <trkpt lat="36.337954" lon="127.277890"><ele>167.6</ele><time>2025-07-06T02:33:33.000Z</time></trkpt>
      <trkpt lat="36.337940" lon="127.277888"><ele>168.2</ele><time>2025-07-06T02:33:36.000Z</time></trkpt>
      <trkpt lat="36.337934" lon="127.277888"><ele>169.4</ele><time>2025-07-06T02:33:37.000Z</time></trkpt>
      <trkpt lat="36.337931" lon="127.277888"><ele>171.2</ele><time>2025-07-06T02:33:38.000Z</time></trkpt>
      <trkpt lat="36.337926" lon="127.277892"><ele>173.4</ele><time>2025-07-06T02:33:39.000Z</time></trkpt>
      <trkpt lat="36.337929" lon="127.277887"><ele>172.6</ele><time>2025-07-06T02:33:45.000Z</time></trkpt>
      <trkpt lat="36.337957" lon="127.277892"><ele>172.4</ele><time>2025-07-06T02:33:50.000Z</time></trkpt>
      <trkpt lat="36.337985" lon="127.277903"><ele>172.6</ele><time>2025-07-06T02:33:54.000Z</time></trkpt>
      <trkpt lat="36.338022" lon="127.277941"><ele>172.6</ele><time>2025-07-06T02:33:59.000Z</time></trkpt>
      <trkpt lat="36.338099" lon="127.278046"><ele>172.4</ele><time>2025-07-06T02:34:10.000Z</time></trkpt>
      <trkpt lat="36.338112" lon="127.278068"><ele>172.4</ele><time>2025-07-06T02:34:12.000Z</time></trkpt>
      <trkpt lat="36.338128" lon="127.278086"><ele>172.2</ele><time>2025-07-06T02:34:14.000Z</time></trkpt>
      <trkpt lat="36.338140" lon="127.278112"><ele>172.2</ele><time>2025-07-06T02:34:16.000Z</time></trkpt>
      <trkpt lat="36.338140" lon="127.278129"><ele>172.2</ele><time>2025-07-06T02:34:17.000Z</time></trkpt>
      <trkpt lat="36.338146" lon="127.278159"><ele>172.0</ele><time>2025-07-06T02:34:19.000Z</time></trkpt>
      <trkpt lat="36.338170" lon="127.278213"><ele>171.6</ele><time>2025-07-06T02:34:23.000Z</time></trkpt>
      <trkpt lat="36.338194" lon="127.278251"><ele>171.4</ele><time>2025-07-06T02:34:26.000Z</time></trkpt>
      <trkpt lat="36.338241" lon="127.278312"><ele>171.0</ele><time>2025-07-06T02:34:32.000Z</time></trkpt>
      <trkpt lat="36.338266" lon="127.278370"><ele>170.6</ele><time>2025-07-06T02:34:37.000Z</time></trkpt>
      <trkpt lat="36.338286" lon="127.278384"><ele>170.6</ele><time>2025-07-06T02:34:39.000Z</time></trkpt>
      <trkpt lat="36.338377" lon="127.278450"><ele>170.6</ele><time>2025-07-06T02:34:48.000Z</time></trkpt>
      <trkpt lat="36.338406" lon="127.278495"><ele>170.6</ele><time>2025-07-06T02:34:52.000Z</time></trkpt>
      <trkpt lat="36.338414" lon="127.278520"><ele>170.4</ele><time>2025-07-06T02:34:54.000Z</time></trkpt>
      <trkpt lat="36.338437" lon="127.278551"><ele>170.0</ele><time>2025-07-06T02:34:57.000Z</time></trkpt>
      <trkpt lat="36.338453" lon="127.278571"><ele>169.8</ele><time>2025-07-06T02:34:59.000Z</time></trkpt>
      <trkpt lat="36.338499" lon="127.278622"><ele>169.6</ele><time>2025-07-06T02:35:05.000Z</time></trkpt>
      <trkpt lat="36.338574" lon="127.278728"><ele>169.6</ele><time>2025-07-06T02:35:14.000Z</time></trkpt>
      <trkpt lat="36.338616" lon="127.278797"><ele>169.2</ele><time>2025-07-06T02:35:19.000Z</time></trkpt>
      <trkpt lat="36.338646" lon="127.278851"><ele>169.2</ele><time>2025-07-06T02:35:23.000Z</time></trkpt>
      <trkpt lat="36.338659" lon="127.278886"><ele>169.2</ele><time>2025-07-06T02:35:26.000Z</time></trkpt>
      <trkpt lat="36.338674" lon="127.278962"><ele>169.4</ele><time>2025-07-06T02:35:32.000Z</time></trkpt>
      <trkpt lat="36.338701" lon="127.279088"><ele>169.6</ele><time>2025-07-06T02:35:41.000Z</time></trkpt>
      <trkpt lat="36.338724" lon="127.279209"><ele>169.4</ele><time>2025-07-06T02:35:50.000Z</time></trkpt>
      <trkpt lat="36.338725" lon="127.279312"><ele>168.8</ele><time>2025-07-06T02:35:57.000Z</time></trkpt>
      <trkpt lat="36.338728" lon="127.279324"><ele>168.6</ele><time>2025-07-06T02:35:58.000Z</time></trkpt>
      <trkpt lat="36.338729" lon="127.279338"><ele>168.4</ele><time>2025-07-06T02:35:59.000Z</time></trkpt>
      <trkpt lat="36.338729" lon="127.279395"><ele>168.2</ele><time>2025-07-06T02:36:03.000Z</time></trkpt>
      <trkpt lat="36.338733" lon="127.279423"><ele>168.2</ele><time>2025-07-06T02:36:05.000Z</time></trkpt>
      <trkpt lat="36.338737" lon="127.279456"><ele>168.0</ele><time>2025-07-06T02:36:08.000Z</time></trkpt>
      <trkpt lat="36.338754" lon="127.279500"><ele>167.8</ele><time>2025-07-06T02:36:11.000Z</time></trkpt>
      <trkpt lat="36.338755" lon="127.279513"><ele>167.8</ele><time>2025-07-06T02:36:12.000Z</time></trkpt>
      <trkpt lat="36.338770" lon="127.279553"><ele>167.4</ele><time>2025-07-06T02:36:16.000Z</time></trkpt>
      <trkpt lat="36.338779" lon="127.279560"><ele>167.4</ele><time>2025-07-06T02:36:17.000Z</time></trkpt>
      <trkpt lat="36.338800" lon="127.279616"><ele>167.4</ele><time>2025-07-06T02:36:22.000Z</time></trkpt>
      <trkpt lat="36.338805" lon="127.279643"><ele>167.4</ele><time>2025-07-06T02:36:24.000Z</time></trkpt>
      <trkpt lat="36.338820" lon="127.279697"><ele>167.2</ele><time>2025-07-06T02:36:28.000Z</time></trkpt>
      <trkpt lat="36.338853" lon="127.279749"><ele>167.0</ele><time>2025-07-06T02:36:33.000Z</time></trkpt>
      <trkpt lat="36.338905" lon="127.279810"><ele>167.0</ele><time>2025-07-06T02:36:39.000Z</time></trkpt>
      <trkpt lat="36.338927" lon="127.279834"><ele>166.8</ele><time>2025-07-06T02:36:41.000Z</time></trkpt>
      <trkpt lat="36.338942" lon="127.279861"><ele>166.6</ele><time>2025-07-06T02:36:43.000Z</time></trkpt>
      <trkpt lat="36.338989" lon="127.279900"><ele>166.2</ele><time>2025-07-06T02:36:47.000Z</time></trkpt>
      <trkpt lat="36.339019" lon="127.279943"><ele>165.6</ele><time>2025-07-06T02:36:51.000Z</time></trkpt>
      <trkpt lat="36.339024" lon="127.279951"><ele>165.4</ele><time>2025-07-06T02:36:52.000Z</time></trkpt>
      <trkpt lat="36.339044" lon="127.279980"><ele>165.0</ele><time>2025-07-06T02:36:55.000Z</time></trkpt>
      <trkpt lat="36.339049" lon="127.280008"><ele>165.0</ele><time>2025-07-06T02:36:57.000Z</time></trkpt>
      <trkpt lat="36.339065" lon="127.280130"><ele>165.0</ele><time>2025-07-06T02:37:06.000Z</time></trkpt>
      <trkpt lat="36.339045" lon="127.280244"><ele>165.8</ele><time>2025-07-06T02:37:14.000Z</time></trkpt>
      <trkpt lat="36.339041" lon="127.280258"><ele>165.8</ele><time>2025-07-06T02:37:15.000Z</time></trkpt>
      <trkpt lat="36.339021" lon="127.280318"><ele>165.8</ele><time>2025-07-06T02:37:20.000Z</time></trkpt>
      <trkpt lat="36.339020" lon="127.280338"><ele>165.6</ele><time>2025-07-06T02:37:22.000Z</time></trkpt>
      <trkpt lat="36.339022" lon="127.280344"><ele>165.6</ele><time>2025-07-06T02:37:23.000Z</time></trkpt>
      <trkpt lat="36.339041" lon="127.280383"><ele>165.6</ele><time>2025-07-06T02:37:27.000Z</time></trkpt>
      <trkpt lat="36.339058" lon="127.280401"><ele>165.6</ele><time>2025-07-06T02:37:29.000Z</time></trkpt>
      <trkpt lat="36.339077" lon="127.280435"><ele>165.4</ele><time>2025-07-06T02:37:32.000Z</time></trkpt>
      <trkpt lat="36.339098" lon="127.280467"><ele>165.2</ele><time>2025-07-06T02:37:35.000Z</time></trkpt>
      <trkpt lat="36.339117" lon="127.280490"><ele>165.0</ele><time>2025-07-06T02:37:38.000Z</time></trkpt>
      <trkpt lat="36.339187" lon="127.280580"><ele>164.4</ele><time>2025-07-06T02:37:48.000Z</time></trkpt>
      <trkpt lat="36.339192" lon="127.280593"><ele>164.2</ele><time>2025-07-06T02:37:49.000Z</time></trkpt>
      <trkpt lat="36.339201" lon="127.280620"><ele>164.2</ele><time>2025-07-06T02:37:51.000Z</time></trkpt>
      <trkpt lat="36.339208" lon="127.280631"><ele>164.0</ele><time>2025-07-06T02:37:52.000Z</time></trkpt>
      <trkpt lat="36.339215" lon="127.280654"><ele>164.0</ele><time>2025-07-06T02:37:54.000Z</time></trkpt>
      <trkpt lat="36.339239" lon="127.280724"><ele>163.8</ele><time>2025-07-06T02:37:59.000Z</time></trkpt>
      <trkpt lat="36.339244" lon="127.280764"><ele>163.8</ele><time>2025-07-06T02:38:02.000Z</time></trkpt>
      <trkpt lat="36.339266" lon="127.280849"><ele>163.6</ele><time>2025-07-06T02:38:10.000Z</time></trkpt>
      <trkpt lat="36.339280" lon="127.280876"><ele>163.6</ele><time>2025-07-06T02:38:13.000Z</time></trkpt>
      <trkpt lat="36.339306" lon="127.280958"><ele>164.0</ele><time>2025-07-06T02:38:19.000Z</time></trkpt>
      <trkpt lat="36.339313" lon="127.280971"><ele>164.0</ele><time>2025-07-06T02:38:20.000Z</time></trkpt>
      <trkpt lat="36.339364" lon="127.281085"><ele>163.4</ele><time>2025-07-06T02:38:28.000Z</time></trkpt>
      <trkpt lat="36.339373" lon="127.281101"><ele>163.4</ele><time>2025-07-06T02:38:29.000Z</time></trkpt>
      <trkpt lat="36.339394" lon="127.281143"><ele>163.0</ele><time>2025-07-06T02:38:32.000Z</time></trkpt>
      <trkpt lat="36.339442" lon="127.281226"><ele>162.4</ele><time>2025-07-06T02:38:38.000Z</time></trkpt>
      <trkpt lat="36.339458" lon="127.281273"><ele>162.2</ele><time>2025-07-06T02:38:41.000Z</time></trkpt>
      <trkpt lat="36.339485" lon="127.281318"><ele>162.0</ele><time>2025-07-06T02:38:44.000Z</time></trkpt>
      <trkpt lat="36.339494" lon="127.281330"><ele>162.0</ele><time>2025-07-06T02:38:45.000Z</time></trkpt>
      <trkpt lat="36.339509" lon="127.281358"><ele>161.8</ele><time>2025-07-06T02:38:47.000Z</time></trkpt>
      <trkpt lat="36.339536" lon="127.281419"><ele>161.4</ele><time>2025-07-06T02:38:52.000Z</time></trkpt>
      <trkpt lat="36.339557" lon="127.281503"><ele>161.0</ele><time>2025-07-06T02:38:58.000Z</time></trkpt>
      <trkpt lat="36.339567" lon="127.281511"><ele>161.0</ele><time>2025-07-06T02:38:59.000Z</time></trkpt>
      <trkpt lat="36.339608" lon="127.281575"><ele>160.4</ele><time>2025-07-06T02:39:04.000Z</time></trkpt>
      <trkpt lat="36.339642" lon="127.281623"><ele>160.0</ele><time>2025-07-06T02:39:08.000Z</time></trkpt>
      <trkpt lat="36.339649" lon="127.281633"><ele>160.0</ele><time>2025-07-06T02:39:09.000Z</time></trkpt>
      <trkpt lat="36.339674" lon="127.281702"><ele>159.6</ele><time>2025-07-06T02:39:15.000Z</time></trkpt>
      <trkpt lat="36.339720" lon="127.281763"><ele>159.4</ele><time>2025-07-06T02:39:20.000Z</time></trkpt>
      <trkpt lat="36.339728" lon="127.281807"><ele>159.4</ele><time>2025-07-06T02:39:23.000Z</time></trkpt>
      <trkpt lat="36.339754" lon="127.281909"><ele>159.2</ele><time>2025-07-06T02:39:30.000Z</time></trkpt>
      <trkpt lat="36.339777" lon="127.282004"><ele>158.8</ele><time>2025-07-06T02:39:37.000Z</time></trkpt>
      <trkpt lat="36.339788" lon="127.282028"><ele>158.8</ele><time>2025-07-06T02:39:39.000Z</time></trkpt>
      <trkpt lat="36.339829" lon="127.282112"><ele>158.8</ele><time>2025-07-06T02:39:46.000Z</time></trkpt>
      <trkpt lat="36.339832" lon="127.282123"><ele>158.6</ele><time>2025-07-06T02:39:47.000Z</time></trkpt>
      <trkpt lat="36.339841" lon="127.282130"><ele>158.6</ele><time>2025-07-06T02:39:48.000Z</time></trkpt>
      <trkpt lat="36.339874" lon="127.282159"><ele>158.6</ele><time>2025-07-06T02:39:52.000Z</time></trkpt>
      <trkpt lat="36.339885" lon="127.282160"><ele>158.6</ele><time>2025-07-06T02:39:53.000Z</time></trkpt>
      <trkpt lat="36.339893" lon="127.282160"><ele>158.6</ele><time>2025-07-06T02:39:54.000Z</time></trkpt>
      <trkpt lat="36.339957" lon="127.282169"><ele>159.2</ele><time>2025-07-06T02:40:00.000Z</time></trkpt>
      <trkpt lat="36.339991" lon="127.282183"><ele>159.4</ele><time>2025-07-06T02:40:04.000Z</time></trkpt>
      <trkpt lat="36.340010" lon="127.282191"><ele>159.4</ele><time>2025-07-06T02:40:06.000Z</time></trkpt>
      <trkpt lat="36.340025" lon="127.282212"><ele>159.4</ele><time>2025-07-06T02:40:08.000Z</time></trkpt>
      <trkpt lat="36.340083" lon="127.282321"><ele>159.0</ele><time>2025-07-06T02:40:16.000Z</time></trkpt>
      <trkpt lat="36.340108" lon="127.282398"><ele>159.0</ele><time>2025-07-06T02:40:21.000Z</time></trkpt>
      <trkpt lat="36.340112" lon="127.282423"><ele>158.6</ele><time>2025-07-06T02:40:23.000Z</time></trkpt>
      <trkpt lat="36.340140" lon="127.282518"><ele>158.4</ele><time>2025-07-06T02:40:30.000Z</time></trkpt>
      <trkpt lat="36.340185" lon="127.282652"><ele>158.0</ele><time>2025-07-06T02:40:40.000Z</time></trkpt>
      <trkpt lat="36.340191" lon="127.282667"><ele>157.8</ele><time>2025-07-06T02:40:41.000Z</time></trkpt>
      <trkpt lat="36.340209" lon="127.282735"><ele>157.4</ele><time>2025-07-06T02:40:46.000Z</time></trkpt>
      <trkpt lat="36.340210" lon="127.282743"><ele>157.4</ele><time>2025-07-06T02:40:47.000Z</time></trkpt>
      <trkpt lat="36.340212" lon="127.282761"><ele>157.4</ele><time>2025-07-06T02:40:49.000Z</time></trkpt>
      <trkpt lat="36.340230" lon="127.282805"><ele>157.2</ele><time>2025-07-06T02:40:52.000Z</time></trkpt>
      <trkpt lat="36.340235" lon="127.282818"><ele>157.2</ele><time>2025-07-06T02:40:53.000Z</time></trkpt>
      <trkpt lat="36.340241" lon="127.282845"><ele>157.0</ele><time>2025-07-06T02:40:56.000Z</time></trkpt>
      <trkpt lat="36.340258" lon="127.282871"><ele>156.8</ele><time>2025-07-06T02:41:00.000Z</time></trkpt>
      <trkpt lat="36.340303" lon="127.283013"><ele>157.0</ele><time>2025-07-06T02:41:11.000Z</time></trkpt>
      <trkpt lat="36.340294" lon="127.283045"><ele>157.0</ele><time>2025-07-06T02:41:13.000Z</time></trkpt>
      <trkpt lat="36.340252" lon="127.283138"><ele>157.4</ele><time>2025-07-06T02:41:19.000Z</time></trkpt>
      <trkpt lat="36.340245" lon="127.283153"><ele>157.4</ele><time>2025-07-06T02:41:20.000Z</time></trkpt>
      <trkpt lat="36.340229" lon="127.283193"><ele>157.4</ele><time>2025-07-06T02:41:23.000Z</time></trkpt>
      <trkpt lat="36.340242" lon="127.283233"><ele>157.0</ele><time>2025-07-06T02:41:26.000Z</time></trkpt>
      <trkpt lat="36.340269" lon="127.283346"><ele>156.8</ele><time>2025-07-06T02:41:35.000Z</time></trkpt>
      <trkpt lat="36.340288" lon="127.283398"><ele>156.6</ele><time>2025-07-06T02:41:39.000Z</time></trkpt>
      <trkpt lat="36.340289" lon="127.283409"><ele>156.6</ele><time>2025-07-06T02:41:40.000Z</time></trkpt>
      <trkpt lat="36.340297" lon="127.283429"><ele>156.6</ele><time>2025-07-06T02:41:42.000Z</time></trkpt>
      <trkpt lat="36.340305" lon="127.283438"><ele>156.6</ele><time>2025-07-06T02:41:43.000Z</time></trkpt>
      <trkpt lat="36.340389" lon="127.283511"><ele>156.4</ele><time>2025-07-06T02:41:50.000Z</time></trkpt>
      <trkpt lat="36.340483" lon="127.283596"><ele>156.0</ele><time>2025-07-06T02:41:59.000Z</time></trkpt>
      <trkpt lat="36.340506" lon="127.283628"><ele>156.0</ele><time>2025-07-06T02:42:02.000Z</time></trkpt>
      <trkpt lat="36.340519" lon="127.283663"><ele>156.0</ele><time>2025-07-06T02:42:06.000Z</time></trkpt>
      <trkpt lat="36.340533" lon="127.283699"><ele>156.2</ele><time>2025-07-06T02:42:14.000Z</time></trkpt>
      <trkpt lat="36.340533" lon="127.283703"><ele>156.2</ele><time>2025-07-06T02:42:20.000Z</time></trkpt>
      <trkpt lat="36.340538" lon="127.283698"><ele>156.2</ele><time>2025-07-06T02:42:28.000Z</time></trkpt>
      <trkpt lat="36.340531" lon="127.283688"><ele>156.2</ele><time>2025-07-06T02:42:36.000Z</time></trkpt>
      <trkpt lat="36.340530" lon="127.283691"><ele>156.2</ele><time>2025-07-06T02:42:44.000Z</time></trkpt>
      <trkpt lat="36.340532" lon="127.283690"><ele>156.2</ele><time>2025-07-06T02:42:49.000Z</time></trkpt>
      <trkpt lat="36.340533" lon="127.283690"><ele>156.2</ele><time>2025-07-06T02:42:53.000Z</time></trkpt>
      <trkpt lat="36.340530" lon="127.283693"><ele>156.2</ele><time>2025-07-06T02:42:54.000Z</time></trkpt>
      <trkpt lat="36.340516" lon="127.283693"><ele>156.2</ele><time>2025-07-06T02:43:04.000Z</time></trkpt>
      <trkpt lat="36.340516" lon="127.283689"><ele>156.0</ele><time>2025-07-06T02:43:11.000Z</time></trkpt>
      <trkpt lat="36.340540" lon="127.283723"><ele>155.6</ele><time>2025-07-06T02:43:15.000Z</time></trkpt>
      <trkpt lat="36.340578" lon="127.283780"><ele>155.6</ele><time>2025-07-06T02:43:21.000Z</time></trkpt>
      <trkpt lat="36.340618" lon="127.283826"><ele>155.2</ele><time>2025-07-06T02:43:26.000Z</time></trkpt>
      <trkpt lat="36.340628" lon="127.283847"><ele>155.2</ele><time>2025-07-06T02:43:28.000Z</time></trkpt>
      <trkpt lat="36.340636" lon="127.283881"><ele>155.0</ele><time>2025-07-06T02:43:31.000Z</time></trkpt>
      <trkpt lat="36.340639" lon="127.283889"><ele>155.0</ele><time>2025-07-06T02:43:32.000Z</time></trkpt>
      <trkpt lat="36.340662" lon="127.283934"><ele>154.8</ele><time>2025-07-06T02:43:36.000Z</time></trkpt>
      <trkpt lat="36.340663" lon="127.283948"><ele>154.8</ele><time>2025-07-06T02:43:37.000Z</time></trkpt>
      <trkpt lat="36.340684" lon="127.284014"><ele>154.6</ele><time>2025-07-06T02:43:41.000Z</time></trkpt>
      <trkpt lat="36.340705" lon="127.284070"><ele>154.4</ele><time>2025-07-06T02:43:45.000Z</time></trkpt>
      <trkpt lat="36.340741" lon="127.284138"><ele>154.0</ele><time>2025-07-06T02:43:50.000Z</time></trkpt>
      <trkpt lat="36.340752" lon="127.284187"><ele>154.0</ele><time>2025-07-06T02:43:53.000Z</time></trkpt>
      <trkpt lat="36.340763" lon="127.284221"><ele>153.8</ele><time>2025-07-06T02:43:55.000Z</time></trkpt>
      <trkpt lat="36.340768" lon="127.284257"><ele>153.6</ele><time>2025-07-06T02:43:57.000Z</time></trkpt>
      <trkpt lat="36.340769" lon="127.284285"><ele>153.2</ele><time>2025-07-06T02:43:59.000Z</time></trkpt>
      <trkpt lat="36.340767" lon="127.284298"><ele>153.0</ele><time>2025-07-06T02:44:00.000Z</time></trkpt>
      <trkpt lat="36.340765" lon="127.284359"><ele>152.8</ele><time>2025-07-06T02:44:04.000Z</time></trkpt>
      <trkpt lat="36.340764" lon="127.284424"><ele>152.4</ele><time>2025-07-06T02:44:08.000Z</time></trkpt>
      <trkpt lat="36.340732" lon="127.284518"><ele>151.8</ele><time>2025-07-06T02:44:14.000Z</time></trkpt>
      <trkpt lat="36.340727" lon="127.284548"><ele>151.6</ele><time>2025-07-06T02:44:16.000Z</time></trkpt>
      <trkpt lat="36.340731" lon="127.284560"><ele>151.4</ele><time>2025-07-06T02:44:17.000Z</time></trkpt>
      <trkpt lat="36.340754" lon="127.284580"><ele>151.2</ele><time>2025-07-06T02:44:20.000Z</time></trkpt>
      <trkpt lat="36.340783" lon="127.284586"><ele>151.0</ele><time>2025-07-06T02:44:23.000Z</time></trkpt>
      <trkpt lat="36.340807" lon="127.284582"><ele>150.8</ele><time>2025-07-06T02:44:25.000Z</time></trkpt>
      <trkpt lat="36.340827" lon="127.284581"><ele>150.8</ele><time>2025-07-06T02:44:27.000Z</time></trkpt>
      <trkpt lat="36.340870" lon="127.284577"><ele>150.4</ele><time>2025-07-06T02:44:31.000Z</time></trkpt>
      <trkpt lat="36.340900" lon="127.284587"><ele>150.2</ele><time>2025-07-06T02:44:34.000Z</time></trkpt>
      <trkpt lat="36.340916" lon="127.284581"><ele>150.0</ele><time>2025-07-06T02:44:36.000Z</time></trkpt>
      <trkpt lat="36.340972" lon="127.284576"><ele>150.2</ele><time>2025-07-06T02:44:42.000Z</time></trkpt>
      <trkpt lat="36.341021" lon="127.284568"><ele>150.4</ele><time>2025-07-06T02:44:47.000Z</time></trkpt>
      <trkpt lat="36.341049" lon="127.284561"><ele>150.4</ele><time>2025-07-06T02:44:50.000Z</time></trkpt>
      <trkpt lat="36.341114" lon="127.284594"><ele>149.8</ele><time>2025-07-06T02:44:59.000Z</time></trkpt>
      <trkpt lat="36.341181" lon="127.284651"><ele>149.2</ele><time>2025-07-06T02:45:06.000Z</time></trkpt>
      <trkpt lat="36.341259" lon="127.284720"><ele>148.8</ele><time>2025-07-06T02:45:13.000Z</time></trkpt>
      <trkpt lat="36.341295" lon="127.284746"><ele>148.2</ele><time>2025-07-06T02:45:16.000Z</time></trkpt>
      <trkpt lat="36.341386" lon="127.284790"><ele>147.4</ele><time>2025-07-06T02:45:24.000Z</time></trkpt>
      <trkpt lat="36.341443" lon="127.284800"><ele>147.2</ele><time>2025-07-06T02:45:30.000Z</time></trkpt>
      <trkpt lat="36.341491" lon="127.284807"><ele>147.0</ele><time>2025-07-06T02:45:35.000Z</time></trkpt>
      <trkpt lat="36.341611" lon="127.284839"><ele>146.2</ele><time>2025-07-06T02:45:49.000Z</time></trkpt>
      <trkpt lat="36.341686" lon="127.284863"><ele>145.8</ele><time>2025-07-06T02:45:56.000Z</time></trkpt>
      <trkpt lat="36.341752" lon="127.284875"><ele>145.6</ele><time>2025-07-06T02:46:02.000Z</time></trkpt>
      <trkpt lat="36.341777" lon="127.284878"><ele>145.6</ele><time>2025-07-06T02:46:05.000Z</time></trkpt>
      <trkpt lat="36.341825" lon="127.284920"><ele>145.6</ele><time>2025-07-06T02:46:10.000Z</time></trkpt>
      <trkpt lat="36.341834" lon="127.284978"><ele>145.2</ele><time>2025-07-06T02:46:13.000Z</time></trkpt>
      <trkpt lat="36.341834" lon="127.284996"><ele>145.2</ele><time>2025-07-06T02:46:14.000Z</time></trkpt>
      <trkpt lat="36.341835" lon="127.285091"><ele>145.2</ele><time>2025-07-06T02:46:20.000Z</time></trkpt>
      <trkpt lat="36.341846" lon="127.285223"><ele>145.4</ele><time>2025-07-06T02:46:29.000Z</time></trkpt>
      <trkpt lat="36.341856" lon="127.285276"><ele>145.2</ele><time>2025-07-06T02:46:33.000Z</time></trkpt>
      <trkpt lat="36.341861" lon="127.285282"><ele>145.0</ele><time>2025-07-06T02:46:34.000Z</time></trkpt>
      <trkpt lat="36.341879" lon="127.285281"><ele>145.0</ele><time>2025-07-06T02:46:36.000Z</time></trkpt>
      <trkpt lat="36.341900" lon="127.285281"><ele>144.8</ele><time>2025-07-06T02:46:38.000Z</time></trkpt>
      <trkpt lat="36.341911" lon="127.285283"><ele>144.6</ele><time>2025-07-06T02:46:39.000Z</time></trkpt>
      <trkpt lat="36.341985" lon="127.285288"><ele>144.4</ele><time>2025-07-06T02:46:45.000Z</time></trkpt>
      <trkpt lat="36.342096" lon="127.285225"><ele>144.8</ele><time>2025-07-06T02:46:51.000Z</time></trkpt>
      <trkpt lat="36.342177" lon="127.285247"><ele>144.8</ele><time>2025-07-06T02:46:55.000Z</time></trkpt>
      <trkpt lat="36.342190" lon="127.285255"><ele>144.8</ele><time>2025-07-06T02:46:56.000Z</time></trkpt>
      <trkpt lat="36.342259" lon="127.285346"><ele>144.6</ele><time>2025-07-06T02:47:03.000Z</time></trkpt>
      <trkpt lat="36.342284" lon="127.285439"><ele>144.2</ele><time>2025-07-06T02:47:09.000Z</time></trkpt>
      <trkpt lat="36.342290" lon="127.285474"><ele>144.2</ele><time>2025-07-06T02:47:11.000Z</time></trkpt>
      <trkpt lat="36.342294" lon="127.285493"><ele>144.2</ele><time>2025-07-06T02:47:12.000Z</time></trkpt>
      <trkpt lat="36.342302" lon="127.285551"><ele>144.0</ele><time>2025-07-06T02:47:15.000Z</time></trkpt>
      <trkpt lat="36.342317" lon="127.285578"><ele>144.0</ele><time>2025-07-06T02:47:17.000Z</time></trkpt>
      <trkpt lat="36.342348" lon="127.285651"><ele>143.0</ele><time>2025-07-06T02:47:22.000Z</time></trkpt>
      <trkpt lat="36.342359" lon="127.285676"><ele>142.8</ele><time>2025-07-06T02:47:24.000Z</time></trkpt>
      <trkpt lat="36.342398" lon="127.285766"><ele>141.8</ele><time>2025-07-06T02:47:33.000Z</time></trkpt>
      <trkpt lat="36.342411" lon="127.285774"><ele>141.8</ele><time>2025-07-06T02:47:34.000Z</time></trkpt>
      <trkpt lat="36.342453" lon="127.285808"><ele>141.6</ele><time>2025-07-06T02:47:38.000Z</time></trkpt>
      <trkpt lat="36.342501" lon="127.285881"><ele>141.6</ele><time>2025-07-06T02:47:44.000Z</time></trkpt>
      <trkpt lat="36.342509" lon="127.285892"><ele>141.6</ele><time>2025-07-06T02:47:45.000Z</time></trkpt>
      <trkpt lat="36.342573" lon="127.285951"><ele>141.4</ele><time>2025-07-06T02:47:51.000Z</time></trkpt>
      <trkpt lat="36.342614" lon="127.285997"><ele>141.2</ele><time>2025-07-06T02:47:56.000Z</time></trkpt>
      <trkpt lat="36.342626" lon="127.286022"><ele>141.2</ele><time>2025-07-06T02:47:58.000Z</time></trkpt>
      <trkpt lat="36.342701" lon="127.286043"><ele>141.4</ele><time>2025-07-06T02:48:04.000Z</time></trkpt>
      <trkpt lat="36.342756" lon="127.286050"><ele>141.6</ele><time>2025-07-06T02:48:08.000Z</time></trkpt>
      <trkpt lat="36.342769" lon="127.286092"><ele>141.4</ele><time>2025-07-06T02:48:10.000Z</time></trkpt>
      <trkpt lat="36.342804" lon="127.286170"><ele>140.8</ele><time>2025-07-06T02:48:17.000Z</time></trkpt>
      <trkpt lat="36.342811" lon="127.286181"><ele>140.8</ele><time>2025-07-06T02:48:18.000Z</time></trkpt>
      <trkpt lat="36.342895" lon="127.286231"><ele>140.2</ele><time>2025-07-06T02:48:26.000Z</time></trkpt>
      <trkpt lat="36.342929" lon="127.286239"><ele>139.8</ele><time>2025-07-06T02:48:29.000Z</time></trkpt>
      <trkpt lat="36.342943" lon="127.286241"><ele>139.6</ele><time>2025-07-06T02:48:30.000Z</time></trkpt>
      <trkpt lat="36.342984" lon="127.286271"><ele>139.2</ele><time>2025-07-06T02:48:34.000Z</time></trkpt>
      <trkpt lat="36.343026" lon="127.286298"><ele>138.6</ele><time>2025-07-06T02:48:38.000Z</time></trkpt>
      <trkpt lat="36.343072" lon="127.286335"><ele>138.4</ele><time>2025-07-06T02:48:41.000Z</time></trkpt>
      <trkpt lat="36.343108" lon="127.286418"><ele>138.4</ele><time>2025-07-06T02:48:46.000Z</time></trkpt>
      <trkpt lat="36.343140" lon="127.286454"><ele>138.2</ele><time>2025-07-06T02:48:49.000Z</time></trkpt>
      <trkpt lat="36.343224" lon="127.286565"><ele>138.0</ele><time>2025-07-06T02:48:58.000Z</time></trkpt>
      <trkpt lat="36.343318" lon="127.286664"><ele>138.0</ele><time>2025-07-06T02:49:07.000Z</time></trkpt>
      <trkpt lat="36.343397" lon="127.286793"><ele>137.6</ele><time>2025-07-06T02:49:17.000Z</time></trkpt>
      <trkpt lat="36.343475" lon="127.286860"><ele>137.4</ele><time>2025-07-06T02:49:24.000Z</time></trkpt>
      <trkpt lat="36.343496" lon="127.286888"><ele>137.2</ele><time>2025-07-06T02:49:27.000Z</time></trkpt>
      <trkpt lat="36.343512" lon="127.286918"><ele>137.2</ele><time>2025-07-06T02:49:30.000Z</time></trkpt>
      <trkpt lat="36.343517" lon="127.286928"><ele>137.2</ele><time>2025-07-06T02:49:31.000Z</time></trkpt>
      <trkpt lat="36.343563" lon="127.286979"><ele>137.0</ele><time>2025-07-06T02:49:37.000Z</time></trkpt>
      <trkpt lat="36.343595" lon="127.286999"><ele>137.0</ele><time>2025-07-06T02:49:40.000Z</time></trkpt>
      <trkpt lat="36.343652" lon="127.287070"><ele>137.0</ele><time>2025-07-06T02:49:47.000Z</time></trkpt>
      <trkpt lat="36.343681" lon="127.287164"><ele>137.0</ele><time>2025-07-06T02:49:54.000Z</time></trkpt>
      <trkpt lat="36.343686" lon="127.287206"><ele>136.8</ele><time>2025-07-06T02:49:58.000Z</time></trkpt>
      <trkpt lat="36.343710" lon="127.287261"><ele>136.6</ele><time>2025-07-06T02:50:04.000Z</time></trkpt>
      <trkpt lat="36.343718" lon="127.287278"><ele>136.6</ele><time>2025-07-06T02:50:06.000Z</time></trkpt>
      <trkpt lat="36.343759" lon="127.287385"><ele>136.4</ele><time>2025-07-06T02:50:16.000Z</time></trkpt>
      <trkpt lat="36.343885" lon="127.287545"><ele>135.8</ele><time>2025-07-06T02:50:31.000Z</time></trkpt>
      <trkpt lat="36.343898" lon="127.287584"><ele>135.6</ele><time>2025-07-06T02:50:34.000Z</time></trkpt>
      <trkpt lat="36.343962" lon="127.287674"><ele>135.4</ele><time>2025-07-06T02:50:43.000Z</time></trkpt>
      <trkpt lat="36.343968" lon="127.287685"><ele>135.2</ele><time>2025-07-06T02:50:44.000Z</time></trkpt>
      <trkpt lat="36.344023" lon="127.287775"><ele>135.0</ele><time>2025-07-06T02:50:53.000Z</time></trkpt>
      <trkpt lat="36.344040" lon="127.287791"><ele>134.8</ele><time>2025-07-06T02:50:55.000Z</time></trkpt>
      <trkpt lat="36.344084" lon="127.287854"><ele>134.6</ele><time>2025-07-06T02:51:02.000Z</time></trkpt>
      <trkpt lat="36.344098" lon="127.287871"><ele>134.6</ele><time>2025-07-06T02:51:04.000Z</time></trkpt>
      <trkpt lat="36.344118" lon="127.287888"><ele>134.6</ele><time>2025-07-06T02:51:06.000Z</time></trkpt>
      <trkpt lat="36.344185" lon="127.288005"><ele>134.0</ele><time>2025-07-06T02:51:18.000Z</time></trkpt>
      <trkpt lat="36.344268" lon="127.288122"><ele>133.8</ele><time>2025-07-06T02:51:31.000Z</time></trkpt>
      <trkpt lat="36.344297" lon="127.288187"><ele>133.8</ele><time>2025-07-06T02:51:37.000Z</time></trkpt>
      <trkpt lat="36.344313" lon="127.288208"><ele>133.6</ele><time>2025-07-06T02:51:39.000Z</time></trkpt>
      <trkpt lat="36.344320" lon="127.288221"><ele>133.6</ele><time>2025-07-06T02:51:40.000Z</time></trkpt>
      <trkpt lat="36.344382" lon="127.288278"><ele>133.0</ele><time>2025-07-06T02:51:47.000Z</time></trkpt>
      <trkpt lat="36.344495" lon="127.288354"><ele>132.6</ele><time>2025-07-06T02:51:57.000Z</time></trkpt>
      <trkpt lat="36.344561" lon="127.288393"><ele>132.8</ele><time>2025-07-06T02:52:04.000Z</time></trkpt>
      <trkpt lat="36.344622" lon="127.288436"><ele>133.0</ele><time>2025-07-06T02:52:10.000Z</time></trkpt>
      <trkpt lat="36.344629" lon="127.288427"><ele>133.2</ele><time>2025-07-06T02:52:12.000Z</time></trkpt>
      <trkpt lat="36.344651" lon="127.288364"><ele>133.4</ele><time>2025-07-06T02:52:18.000Z</time></trkpt>
      <trkpt lat="36.344656" lon="127.288353"><ele>133.4</ele><time>2025-07-06T02:52:19.000Z</time></trkpt>
      <trkpt lat="36.344682" lon="127.288299"><ele>133.4</ele><time>2025-07-06T02:52:24.000Z</time></trkpt>
      <trkpt lat="36.344698" lon="127.288282"><ele>133.4</ele><time>2025-07-06T02:52:26.000Z</time></trkpt>
      <trkpt lat="36.344707" lon="127.288281"><ele>133.2</ele><time>2025-07-06T02:52:27.000Z</time></trkpt>
      <trkpt lat="36.344768" lon="127.288308"><ele>133.2</ele><time>2025-07-06T02:52:33.000Z</time></trkpt>
      <trkpt lat="36.344896" lon="127.288389"><ele>132.4</ele><time>2025-07-06T02:52:44.000Z</time></trkpt>
      <trkpt lat="36.344922" lon="127.288407"><ele>132.4</ele><time>2025-07-06T02:52:46.000Z</time></trkpt>
      <trkpt lat="36.345011" lon="127.288460"><ele>132.2</ele><time>2025-07-06T02:52:53.000Z</time></trkpt>
      <trkpt lat="36.345079" lon="127.288494"><ele>132.2</ele><time>2025-07-06T02:52:59.000Z</time></trkpt>
      <trkpt lat="36.345092" lon="127.288510"><ele>132.0</ele><time>2025-07-06T02:53:01.000Z</time></trkpt>
      <trkpt lat="36.345100" lon="127.288516"><ele>131.8</ele><time>2025-07-06T02:53:02.000Z</time></trkpt>
      <trkpt lat="36.345144" lon="127.288529"><ele>131.4</ele><time>2025-07-06T02:53:06.000Z</time></trkpt>
      <trkpt lat="36.345235" lon="127.288549"><ele>130.6</ele><time>2025-07-06T02:53:15.000Z</time></trkpt>
      <trkpt lat="36.345241" lon="127.288549"><ele>130.6</ele><time>2025-07-06T02:53:16.000Z</time></trkpt>
      <trkpt lat="36.345263" lon="127.288526"><ele>130.8</ele><time>2025-07-06T02:53:22.000Z</time></trkpt>
      <trkpt lat="36.345271" lon="127.288516"><ele>131.0</ele><time>2025-07-06T02:53:24.000Z</time></trkpt>
      <trkpt lat="36.345271" lon="127.288524"><ele>131.0</ele><time>2025-07-06T02:53:39.000Z</time></trkpt>
      <trkpt lat="36.345278" lon="127.288546"><ele>131.0</ele><time>2025-07-06T02:53:44.000Z</time></trkpt>
      <trkpt lat="36.345246" lon="127.288568"><ele>131.2</ele><time>2025-07-06T02:53:51.000Z</time></trkpt>
      <trkpt lat="36.345248" lon="127.288576"><ele>131.2</ele><time>2025-07-06T02:53:53.000Z</time></trkpt>
      <trkpt lat="36.345255" lon="127.288581"><ele>131.2</ele><time>2025-07-06T02:53:55.000Z</time></trkpt>
      <trkpt lat="36.345247" lon="127.288584"><ele>131.0</ele><time>2025-07-06T02:54:01.000Z</time></trkpt>
      <trkpt lat="36.345239" lon="127.288583"><ele>131.0</ele><time>2025-07-06T02:54:19.000Z</time></trkpt>
      <trkpt lat="36.345229" lon="127.288559"><ele>130.6</ele><time>2025-07-06T02:54:29.000Z</time></trkpt>
      <trkpt lat="36.345258" lon="127.288589"><ele>130.6</ele><time>2025-07-06T02:54:37.000Z</time></trkpt>
      <trkpt lat="36.345262" lon="127.288628"><ele>130.6</ele><time>2025-07-06T02:54:40.000Z</time></trkpt>
      <trkpt lat="36.345280" lon="127.288670"><ele>130.6</ele><time>2025-07-06T02:54:43.000Z</time></trkpt>
      <trkpt lat="36.345298" lon="127.288706"><ele>130.4</ele><time>2025-07-06T02:54:46.000Z</time></trkpt>
      <trkpt lat="36.345334" lon="127.288790"><ele>130.0</ele><time>2025-07-06T02:54:53.000Z</time></trkpt>
      <trkpt lat="36.345369" lon="127.288908"><ele>129.6</ele><time>2025-07-06T02:55:01.000Z</time></trkpt>
      <trkpt lat="36.345372" lon="127.288938"><ele>129.4</ele><time>2025-07-06T02:55:03.000Z</time></trkpt>
      <trkpt lat="36.345373" lon="127.288952"><ele>129.2</ele><time>2025-07-06T02:55:04.000Z</time></trkpt>
    </trkseg>
  </trk>
</gpx>