<?xml version="1.0" encoding="UTF-8"?>
<gpx version="1.1" creator="gajago-nav" xmlns="http://www.topografix.com/GPX/1/1">
  <metadata><name>보해산_20260418_nav</name></metadata>
  <wpt lat="35.756381" lon="127.939695">
    <name>들머리 (거기2마을)</name>
    <ele>260</ele>
  </wpt>
  <wpt lat="35.755959" lon="127.945568">
    <name>갈림길</name>
  </wpt>
  <wpt lat="35.759693" lon="127.963252">
    <name>능선길</name>
  </wpt>
  <wpt lat="35.754463" lon="127.967616">
    <name>갈림길</name>
  </wpt>
  <wpt lat="35.753875" lon="127.968929">
    <name>갈림길</name>
  </wpt>
  <wpt lat="35.753450" lon="127.969810">
    <name>보해산</name>
    <ele>912</ele>
  </wpt>
  <wpt lat="35.749838" lon="127.969025">
    <name>조망점</name>
  </wpt>
  <wpt lat="35.744064" lon="127.965221">
    <name>갈림길</name>
  </wpt>
  <wpt lat="35.741248" lon="127.964205">
    <name>갈림길</name>
  </wpt>
  <wpt lat="35.739887" lon="127.962903">
    <name>갈림길</name>
  </wpt>
  <wpt lat="35.736321" lon="127.963223">
    <name>갈림길</name>
  </wpt>
  <wpt lat="35.732935" lon="127.962373">
    <name>갈림길</name>
  </wpt>
  <wpt lat="35.727140" lon="127.955450">
    <name>봉우재</name>
    <ele>761</ele>
  </wpt>
  <wpt lat="35.728890" lon="127.956120">
    <name>금귀봉</name>
    <ele>837</ele>
  </wpt>
  <wpt lat="35.730806" lon="127.948886">
    <name>갈림길</name>
  </wpt>
  <wpt lat="35.746312" lon="127.942762">
    <name>갈림길</name>
  </wpt>
  <wpt lat="35.750207" lon="127.942121">
    <name>갈림길</name>
  </wpt>
  <wpt lat="35.752602" lon="127.940005">
    <name>갈림길</name>
  </wpt>
  <wpt lat="35.753000" lon="127.938970">
    <name>날머리 (거기마을삼거리)</name>
    <ele>267</ele>
  </wpt>
  <trk>
    <name>보해산_20260418_nav</name>
    <trkseg>
      <trkpt lat="35.756381" lon="127.939695"><ele>259.6</ele><time>2026-04-18T00:27:34.000Z</time></trkpt>
      <trkpt lat="35.756410" lon="127.939670"><ele>259.6</ele><time>2026-04-18T00:27:39.000Z</time></trkpt>
      <trkpt lat="35.756536" lon="127.939717"><ele>259.6</ele><time>2026-04-18T00:27:52.000Z</time></trkpt>
      <trkpt lat="35.756613" lon="127.939838"><ele>260.0</ele><time>2026-04-18T00:28:01.000Z</time></trkpt>
      <trkpt lat="35.756647" lon="127.939883"><ele>260.2</ele><time>2026-04-18T00:28:11.000Z</time></trkpt>
      <trkpt lat="35.756655" lon="127.939893"><ele>260.4</ele><time>2026-04-18T00:28:20.000Z</time></trkpt>
      <trkpt lat="35.756647" lon="127.939889"><ele>260.6</ele><time>2026-04-18T00:28:23.000Z</time></trkpt>
      <trkpt lat="35.756635" lon="127.939890"><ele>260.8</ele><time>2026-04-18T00:28:28.000Z</time></trkpt>
      <trkpt lat="35.756653" lon="127.939931"><ele>260.8</ele><time>2026-04-18T00:28:37.000Z</time></trkpt>
      <trkpt lat="35.756666" lon="127.939975"><ele>260.8</ele><time>2026-04-18T00:28:42.000Z</time></trkpt>
      <trkpt lat="35.756677" lon="127.940059"><ele>261.0</ele><time>2026-04-18T00:28:49.000Z</time></trkpt>
      <trkpt lat="35.756680" lon="127.940093"><ele>261.0</ele><time>2026-04-18T00:28:51.000Z</time></trkpt>
      <trkpt lat="35.756685" lon="127.940148"><ele>261.2</ele><time>2026-04-18T00:28:55.000Z</time></trkpt>
      <trkpt lat="35.756681" lon="127.940204"><ele>261.2</ele><time>2026-04-18T00:28:59.000Z</time></trkpt>
      <trkpt lat="35.756680" lon="127.940322"><ele>261.8</ele><time>2026-04-18T00:29:06.000Z</time></trkpt>
      <trkpt lat="35.756683" lon="127.940337"><ele>261.8</ele><time>2026-04-18T00:29:07.000Z</time></trkpt>
      <trkpt lat="35.756691" lon="127.940363"><ele>262.0</ele><time>2026-04-18T00:29:10.000Z</time></trkpt>
      <trkpt lat="35.756698" lon="127.940385"><ele>262.4</ele><time>2026-04-18T00:29:12.000Z</time></trkpt>
      <trkpt lat="35.756706" lon="127.940428"><ele>262.6</ele><time>2026-04-18T00:29:15.000Z</time></trkpt>
      <trkpt lat="35.756695" lon="127.940454"><ele>262.8</ele><time>2026-04-18T00:29:17.000Z</time></trkpt>
      <trkpt lat="35.756653" lon="127.940538"><ele>263.0</ele><time>2026-04-18T00:29:24.000Z</time></trkpt>
      <trkpt lat="35.756610" lon="127.940683"><ele>263.6</ele><time>2026-04-18T00:29:35.000Z</time></trkpt>
      <trkpt lat="35.756584" lon="127.940738"><ele>264.0</ele><time>2026-04-18T00:29:40.000Z</time></trkpt>
      <trkpt lat="35.756564" lon="127.940801"><ele>264.2</ele><time>2026-04-18T00:29:45.000Z</time></trkpt>
      <trkpt lat="35.756549" lon="127.940879"><ele>264.8</ele><time>2026-04-18T00:29:51.000Z</time></trkpt>
      <trkpt lat="35.756544" lon="127.940904"><ele>264.8</ele><time>2026-04-18T00:29:53.000Z</time></trkpt>
      <trkpt lat="35.756539" lon="127.940915"><ele>265.0</ele><time>2026-04-18T00:29:54.000Z</time></trkpt>
      <trkpt lat="35.756503" lon="127.940968"><ele>265.4</ele><time>2026-04-18T00:29:59.000Z</time></trkpt>
      <trkpt lat="35.756482" lon="127.941003"><ele>265.8</ele><time>2026-04-18T00:30:02.000Z</time></trkpt>
      <trkpt lat="35.756469" lon="127.941030"><ele>266.2</ele><time>2026-04-18T00:30:04.000Z</time></trkpt>
      <trkpt lat="35.756454" lon="127.941049"><ele>266.4</ele><time>2026-04-18T00:30:06.000Z</time></trkpt>
      <trkpt lat="35.756416" lon="127.941090"><ele>266.8</ele><time>2026-04-18T00:30:10.000Z</time></trkpt>
      <trkpt lat="35.756356" lon="127.941171"><ele>267.0</ele><time>2026-04-18T00:30:17.000Z</time></trkpt>
      <trkpt lat="35.756329" lon="127.941208"><ele>267.4</ele><time>2026-04-18T00:30:20.000Z</time></trkpt>
      <trkpt lat="35.756304" lon="127.941258"><ele>267.4</ele><time>2026-04-18T00:30:25.000Z</time></trkpt>
      <trkpt lat="35.756297" lon="127.941270"><ele>267.4</ele><time>2026-04-18T00:30:26.000Z</time></trkpt>
      <trkpt lat="35.756261" lon="127.941377"><ele>268.4</ele><time>2026-04-18T00:30:35.000Z</time></trkpt>
      <trkpt lat="35.756259" lon="127.941392"><ele>268.4</ele><time>2026-04-18T00:30:36.000Z</time></trkpt>
      <trkpt lat="35.756236" lon="127.941516"><ele>269.0</ele><time>2026-04-18T00:30:45.000Z</time></trkpt>
      <trkpt lat="35.756216" lon="127.941607"><ele>269.4</ele><time>2026-04-18T00:30:52.000Z</time></trkpt>
      <trkpt lat="35.756203" lon="127.941656"><ele>269.6</ele><time>2026-04-18T00:30:56.000Z</time></trkpt>
      <trkpt lat="35.756175" lon="127.941778"><ele>270.0</ele><time>2026-04-18T00:31:06.000Z</time></trkpt>
      <trkpt lat="35.756160" lon="127.941861"><ele>270.4</ele><time>2026-04-18T00:31:13.000Z</time></trkpt>
      <trkpt lat="35.756154" lon="127.941932"><ele>270.6</ele><time>2026-04-18T00:31:18.000Z</time></trkpt>
      <trkpt lat="35.756121" lon="127.942078"><ele>271.4</ele><time>2026-04-18T00:31:28.000Z</time></trkpt>
      <trkpt lat="35.756107" lon="127.942147"><ele>271.8</ele><time>2026-04-18T00:31:33.000Z</time></trkpt>
      <trkpt lat="35.756067" lon="127.942296"><ele>272.6</ele><time>2026-04-18T00:31:45.000Z</time></trkpt>
      <trkpt lat="35.756034" lon="127.942433"><ele>273.2</ele><time>2026-04-18T00:31:56.000Z</time></trkpt>
      <trkpt lat="35.756010" lon="127.942548"><ele>273.6</ele><time>2026-04-18T00:32:05.000Z</time></trkpt>
      <trkpt lat="35.755999" lon="127.942600"><ele>273.8</ele><time>2026-04-18T00:32:09.000Z</time></trkpt>
      <trkpt lat="35.755956" lon="127.942746"><ele>274.6</ele><time>2026-04-18T00:32:20.000Z</time></trkpt>
      <trkpt lat="35.755947" lon="127.942770"><ele>275.0</ele><time>2026-04-18T00:32:22.000Z</time></trkpt>
      <trkpt lat="35.755884" lon="127.942887"><ele>275.8</ele><time>2026-04-18T00:32:31.000Z</time></trkpt>
      <trkpt lat="35.755836" lon="127.942946"><ele>276.2</ele><time>2026-04-18T00:32:37.000Z</time></trkpt>
      <trkpt lat="35.755792" lon="127.943001"><ele>276.8</ele><time>2026-04-18T00:32:43.000Z</time></trkpt>
      <trkpt lat="35.755772" lon="127.943079"><ele>277.4</ele><time>2026-04-18T00:32:49.000Z</time></trkpt>
      <trkpt lat="35.755772" lon="127.943116"><ele>277.8</ele><time>2026-04-18T00:32:52.000Z</time></trkpt>
      <trkpt lat="35.755782" lon="127.943149"><ele>278.4</ele><time>2026-04-18T00:32:55.000Z</time></trkpt>
      <trkpt lat="35.755791" lon="127.943211"><ele>279.0</ele><time>2026-04-18T00:33:00.000Z</time></trkpt>
      <trkpt lat="35.755791" lon="127.943250"><ele>279.4</ele><time>2026-04-18T00:33:03.000Z</time></trkpt>
      <trkpt lat="35.755787" lon="127.943277"><ele>279.6</ele><time>2026-04-18T00:33:05.000Z</time></trkpt>
      <trkpt lat="35.755762" lon="127.943319"><ele>280.0</ele><time>2026-04-18T00:33:09.000Z</time></trkpt>
      <trkpt lat="35.755753" lon="127.943327"><ele>280.0</ele><time>2026-04-18T00:33:10.000Z</time></trkpt>
      <trkpt lat="35.755690" lon="127.943392"><ele>280.8</ele><time>2026-04-18T00:33:18.000Z</time></trkpt>
      <trkpt lat="35.755645" lon="127.943434"><ele>281.0</ele><time>2026-04-18T00:33:23.000Z</time></trkpt>
      <trkpt lat="35.755611" lon="127.943466"><ele>281.4</ele><time>2026-04-18T00:33:27.000Z</time></trkpt>
      <trkpt lat="35.755605" lon="127.943476"><ele>281.4</ele><time>2026-04-18T00:33:28.000Z</time></trkpt>
      <trkpt lat="35.755594" lon="127.943548"><ele>282.0</ele><time>2026-04-18T00:33:34.000Z</time></trkpt>
      <trkpt lat="35.755596" lon="127.943578"><ele>282.0</ele><time>2026-04-18T00:33:36.000Z</time></trkpt>
      <trkpt lat="35.755616" lon="127.943674"><ele>283.0</ele><time>2026-04-18T00:33:44.000Z</time></trkpt>
      <trkpt lat="35.755620" lon="127.943683"><ele>283.0</ele><time>2026-04-18T00:33:45.000Z</time></trkpt>
      <trkpt lat="35.755660" lon="127.943740"><ele>283.8</ele><time>2026-04-18T00:33:51.000Z</time></trkpt>
      <trkpt lat="35.755683" lon="127.943766"><ele>284.0</ele><time>2026-04-18T00:33:54.000Z</time></trkpt>
      <trkpt lat="35.755718" lon="127.943802"><ele>284.6</ele><time>2026-04-18T00:33:59.000Z</time></trkpt>
      <trkpt lat="35.755724" lon="127.943810"><ele>284.8</ele><time>2026-04-18T00:34:00.000Z</time></trkpt>
      <trkpt lat="35.755736" lon="127.943830"><ele>285.0</ele><time>2026-04-18T00:34:02.000Z</time></trkpt>
      <trkpt lat="35.755742" lon="127.943838"><ele>285.2</ele><time>2026-04-18T00:34:03.000Z</time></trkpt>
      <trkpt lat="35.755754" lon="127.943886"><ele>286.0</ele><time>2026-04-18T00:34:08.000Z</time></trkpt>
      <trkpt lat="35.755759" lon="127.943908"><ele>286.4</ele><time>2026-04-18T00:34:10.000Z</time></trkpt>
      <trkpt lat="35.755775" lon="127.943970"><ele>287.4</ele><time>2026-04-18T00:34:16.000Z</time></trkpt>
      <trkpt lat="35.755798" lon="127.944036"><ele>288.6</ele><time>2026-04-18T00:34:23.000Z</time></trkpt>
      <trkpt lat="35.755800" lon="127.944048"><ele>288.8</ele><time>2026-04-18T00:34:24.000Z</time></trkpt>
      <trkpt lat="35.755803" lon="127.944106"><ele>289.6</ele><time>2026-04-18T00:34:29.000Z</time></trkpt>
      <trkpt lat="35.755801" lon="127.944161"><ele>290.4</ele><time>2026-04-18T00:34:34.000Z</time></trkpt>
      <trkpt lat="35.755802" lon="127.944187"><ele>290.8</ele><time>2026-04-18T00:34:36.000Z</time></trkpt>
      <trkpt lat="35.755826" lon="127.944355"><ele>291.8</ele><time>2026-04-18T00:34:49.000Z</time></trkpt>
      <trkpt lat="35.755831" lon="127.944366"><ele>291.8</ele><time>2026-04-18T00:34:50.000Z</time></trkpt>
      <trkpt lat="35.755882" lon="127.944461"><ele>292.6</ele><time>2026-04-18T00:35:00.000Z</time></trkpt>
      <trkpt lat="35.755894" lon="127.944481"><ele>293.0</ele><time>2026-04-18T00:35:02.000Z</time></trkpt>
      <trkpt lat="35.755923" lon="127.944556"><ele>294.0</ele><time>2026-04-18T00:35:09.000Z</time></trkpt>
      <trkpt lat="35.755927" lon="127.944566"><ele>294.2</ele><time>2026-04-18T00:35:10.000Z</time></trkpt>
      <trkpt lat="35.755951" lon="127.944683"><ele>294.8</ele><time>2026-04-18T00:35:19.000Z</time></trkpt>
      <trkpt lat="35.755954" lon="127.944706"><ele>295.0</ele><time>2026-04-18T00:35:21.000Z</time></trkpt>
      <trkpt lat="35.755955" lon="127.944718"><ele>295.0</ele><time>2026-04-18T00:35:22.000Z</time></trkpt>
      <trkpt lat="35.755948" lon="127.944882"><ele>296.0</ele><time>2026-04-18T00:35:34.000Z</time></trkpt>
      <trkpt lat="35.755945" lon="127.944950"><ele>296.4</ele><time>2026-04-18T00:35:39.000Z</time></trkpt>
      <trkpt lat="35.755947" lon="127.944987"><ele>296.4</ele><time>2026-04-18T00:35:42.000Z</time></trkpt>
      <trkpt lat="35.755949" lon="127.944998"><ele>296.6</ele><time>2026-04-18T00:35:43.000Z</time></trkpt>
      <trkpt lat="35.755952" lon="127.945062"><ele>297.2</ele><time>2026-04-18T00:35:48.000Z</time></trkpt>
      <trkpt lat="35.755949" lon="127.945085"><ele>297.6</ele><time>2026-04-18T00:35:50.000Z</time></trkpt>
      <trkpt lat="35.755937" lon="127.945119"><ele>298.0</ele><time>2026-04-18T00:35:53.000Z</time></trkpt>
      <trkpt lat="35.755936" lon="127.945134"><ele>298.2</ele><time>2026-04-18T00:35:54.000Z</time></trkpt>
      <trkpt lat="35.755924" lon="127.945196"><ele>298.6</ele><time>2026-04-18T00:35:59.000Z</time></trkpt>
      <trkpt lat="35.755916" lon="127.945236"><ele>299.0</ele><time>2026-04-18T00:36:02.000Z</time></trkpt>
      <trkpt lat="35.755908" lon="127.945301"><ele>299.4</ele><time>2026-04-18T00:36:07.000Z</time></trkpt>
      <trkpt lat="35.755908" lon="127.945343"><ele>299.8</ele><time>2026-04-18T00:36:10.000Z</time></trkpt>
      <trkpt lat="35.755912" lon="127.945371"><ele>300.0</ele><time>2026-04-18T00:36:12.000Z</time></trkpt>
      <trkpt lat="35.755928" lon="127.945508"><ele>301.0</ele><time>2026-04-18T00:36:22.000Z</time></trkpt>
      <trkpt lat="35.755931" lon="127.945537"><ele>301.2</ele><time>2026-04-18T00:36:24.000Z</time></trkpt>
      <trkpt lat="35.755938" lon="127.945633"><ele>301.8</ele><time>2026-04-18T00:36:32.000Z</time></trkpt>
      <trkpt lat="35.755950" lon="127.945577"><ele>302.0</ele><time>2026-04-18T00:36:39.000Z</time></trkpt>
      <trkpt lat="35.755978" lon="127.945575"><ele>302.2</ele><time>2026-04-18T00:36:43.000Z</time></trkpt>
      <trkpt lat="35.755994" lon="127.945584"><ele>302.2</ele><time>2026-04-18T00:36:45.000Z</time></trkpt>
      <trkpt lat="35.756018" lon="127.945594"><ele>302.8</ele><time>2026-04-18T00:36:48.000Z</time></trkpt>
      <trkpt lat="35.756060" lon="127.945588"><ele>303.4</ele><time>2026-04-18T00:36:53.000Z</time></trkpt>
      <trkpt lat="35.756138" lon="127.945599"><ele>304.4</ele><time>2026-04-18T00:37:01.000Z</time></trkpt>
      <trkpt lat="35.756151" lon="127.945600"><ele>304.4</ele><time>2026-04-18T00:37:02.000Z</time></trkpt>
      <trkpt lat="35.756237" lon="127.945623"><ele>305.4</ele><time>2026-04-18T00:37:11.000Z</time></trkpt>
      <trkpt lat="35.756242" lon="127.945626"><ele>305.6</ele><time>2026-04-18T00:37:12.000Z</time></trkpt>
      <trkpt lat="35.756270" lon="127.945643"><ele>305.8</ele><time>2026-04-18T00:37:21.000Z</time></trkpt>
      <trkpt lat="35.756275" lon="127.945645"><ele>305.8</ele><time>2026-04-18T00:37:22.000Z</time></trkpt>
      <trkpt lat="35.756316" lon="127.945645"><ele>306.2</ele><time>2026-04-18T00:37:29.000Z</time></trkpt>
      <trkpt lat="35.756372" lon="127.945635"><ele>306.4</ele><time>2026-04-18T00:37:37.000Z</time></trkpt>
      <trkpt lat="35.756389" lon="127.945634"><ele>306.8</ele><time>2026-04-18T00:37:39.000Z</time></trkpt>
      <trkpt lat="35.756432" lon="127.945608"><ele>307.4</ele><time>2026-04-18T00:37:45.000Z</time></trkpt>
      <trkpt lat="35.756451" lon="127.945581"><ele>307.8</ele><time>2026-04-18T00:37:48.000Z</time></trkpt>
      <trkpt lat="35.756478" lon="127.945545"><ele>308.6</ele><time>2026-04-18T00:37:53.000Z</time></trkpt>
      <trkpt lat="35.756492" lon="127.945530"><ele>308.8</ele><time>2026-04-18T00:37:55.000Z</time></trkpt>
      <trkpt lat="35.756530" lon="127.945505"><ele>309.6</ele><time>2026-04-18T00:38:00.000Z</time></trkpt>
      <trkpt lat="35.756553" lon="127.945518"><ele>310.2</ele><time>2026-04-18T00:38:03.000Z</time></trkpt>
      <trkpt lat="35.756564" lon="127.945524"><ele>310.6</ele><time>2026-04-18T00:38:05.000Z</time></trkpt>
      <trkpt lat="35.756582" lon="127.945590"><ele>311.8</ele><time>2026-04-18T00:38:12.000Z</time></trkpt>
      <trkpt lat="35.756557" lon="127.945646"><ele>312.8</ele><time>2026-04-18T00:38:18.000Z</time></trkpt>
      <trkpt lat="35.756540" lon="127.945703"><ele>313.8</ele><time>2026-04-18T00:38:24.000Z</time></trkpt>
      <trkpt lat="35.756539" lon="127.945715"><ele>314.0</ele><time>2026-04-18T00:38:25.000Z</time></trkpt>
      <trkpt lat="35.756534" lon="127.945788"><ele>315.0</ele><time>2026-04-18T00:38:31.000Z</time></trkpt>
      <trkpt lat="35.756534" lon="127.945800"><ele>315.2</ele><time>2026-04-18T00:38:32.000Z</time></trkpt>
      <trkpt lat="35.756536" lon="127.945824"><ele>315.6</ele><time>2026-04-18T00:38:34.000Z</time></trkpt>
      <trkpt lat="35.756535" lon="127.945848"><ele>316.0</ele><time>2026-04-18T00:38:36.000Z</time></trkpt>
      <trkpt lat="35.756536" lon="127.945870"><ele>316.4</ele><time>2026-04-18T00:38:38.000Z</time></trkpt>
      <trkpt lat="35.756535" lon="127.945893"><ele>316.6</ele><time>2026-04-18T00:38:40.000Z</time></trkpt>
      <trkpt lat="35.756534" lon="127.945913"><ele>317.0</ele><time>2026-04-18T00:38:42.000Z</time></trkpt>
      <trkpt lat="35.756523" lon="127.945978"><ele>318.0</ele><time>2026-04-18T00:38:48.000Z</time></trkpt>
      <trkpt lat="35.756525" lon="127.945990"><ele>318.2</ele><time>2026-04-18T00:38:49.000Z</time></trkpt>
      <trkpt lat="35.756518" lon="127.946092"><ele>319.2</ele><time>2026-04-18T00:38:57.000Z</time></trkpt>
      <trkpt lat="35.756517" lon="127.946104"><ele>319.4</ele><time>2026-04-18T00:38:58.000Z</time></trkpt>
      <trkpt lat="35.756512" lon="127.946216"><ele>320.2</ele><time>2026-04-18T00:39:08.000Z</time></trkpt>
      <trkpt lat="35.756521" lon="127.946269"><ele>321.0</ele><time>2026-04-18T00:39:13.000Z</time></trkpt>
      <trkpt lat="35.756528" lon="127.946295"><ele>321.4</ele><time>2026-04-18T00:39:15.000Z</time></trkpt>
      <trkpt lat="35.756530" lon="127.946306"><ele>321.4</ele><time>2026-04-18T00:39:16.000Z</time></trkpt>
      <trkpt lat="35.756550" lon="127.946377"><ele>322.4</ele><time>2026-04-18T00:39:22.000Z</time></trkpt>
      <trkpt lat="35.756556" lon="127.946401"><ele>322.6</ele><time>2026-04-18T00:39:24.000Z</time></trkpt>
      <trkpt lat="35.756568" lon="127.946456"><ele>323.4</ele><time>2026-04-18T00:39:29.000Z</time></trkpt>
      <trkpt lat="35.756582" lon="127.946507"><ele>324.2</ele><time>2026-04-18T00:39:34.000Z</time></trkpt>
      <trkpt lat="35.756588" lon="127.946527"><ele>324.6</ele><time>2026-04-18T00:39:36.000Z</time></trkpt>
      <trkpt lat="35.756616" lon="127.946599"><ele>325.8</ele><time>2026-04-18T00:39:43.000Z</time></trkpt>
      <trkpt lat="35.756621" lon="127.946608"><ele>325.8</ele><time>2026-04-18T00:39:44.000Z</time></trkpt>
      <trkpt lat="35.756634" lon="127.946665"><ele>326.8</ele><time>2026-04-18T00:39:50.000Z</time></trkpt>
      <trkpt lat="35.756638" lon="127.946675"><ele>327.0</ele><time>2026-04-18T00:39:51.000Z</time></trkpt>
      <trkpt lat="35.756653" lon="127.946738"><ele>327.2</ele><time>2026-04-18T00:39:57.000Z</time></trkpt>
      <trkpt lat="35.756663" lon="127.946783"><ele>327.8</ele><time>2026-04-18T00:40:01.000Z</time></trkpt>
      <trkpt lat="35.756675" lon="127.946824"><ele>328.6</ele><time>2026-04-18T00:40:06.000Z</time></trkpt>
      <trkpt lat="35.756689" lon="127.946848"><ele>329.0</ele><time>2026-04-18T00:40:08.000Z</time></trkpt>
      <trkpt lat="35.756728" lon="127.946922"><ele>329.6</ele><time>2026-04-18T00:40:15.000Z</time></trkpt>
      <trkpt lat="35.756731" lon="127.946935"><ele>329.6</ele><time>2026-04-18T00:40:16.000Z</time></trkpt>
      <trkpt lat="35.756763" lon="127.947007"><ele>330.0</ele><time>2026-04-18T00:40:22.000Z</time></trkpt>
      <trkpt lat="35.756772" lon="127.947016"><ele>330.0</ele><time>2026-04-18T00:40:23.000Z</time></trkpt>
      <trkpt lat="35.756800" lon="127.947069"><ele>330.4</ele><time>2026-04-18T00:40:27.000Z</time></trkpt>
      <trkpt lat="35.756823" lon="127.947110"><ele>331.0</ele><time>2026-04-18T00:40:31.000Z</time></trkpt>
      <trkpt lat="35.756874" lon="127.947221"><ele>331.8</ele><time>2026-04-18T00:40:42.000Z</time></trkpt>
      <trkpt lat="35.756876" lon="127.947233"><ele>332.0</ele><time>2026-04-18T00:40:43.000Z</time></trkpt>
      <trkpt lat="35.756882" lon="127.947254"><ele>332.2</ele><time>2026-04-18T00:40:45.000Z</time></trkpt>
      <trkpt lat="35.756883" lon="127.947310"><ele>332.8</ele><time>2026-04-18T00:40:50.000Z</time></trkpt>
      <trkpt lat="35.756883" lon="127.947335"><ele>333.0</ele><time>2026-04-18T00:40:52.000Z</time></trkpt>
      <trkpt lat="35.756887" lon="127.947421"><ele>334.2</ele><time>2026-04-18T00:40:59.000Z</time></trkpt>
      <trkpt lat="35.756886" lon="127.947443"><ele>334.6</ele><time>2026-04-18T00:41:01.000Z</time></trkpt>
      <trkpt lat="35.756887" lon="127.947493"><ele>335.2</ele><time>2026-04-18T00:41:05.000Z</time></trkpt>
      <trkpt lat="35.756886" lon="127.947582"><ele>336.2</ele><time>2026-04-18T00:41:12.000Z</time></trkpt>
      <trkpt lat="35.756894" lon="127.947699"><ele>337.4</ele><time>2026-04-18T00:41:21.000Z</time></trkpt>
      <trkpt lat="35.756900" lon="127.947737"><ele>337.8</ele><time>2026-04-18T00:41:24.000Z</time></trkpt>
      <trkpt lat="35.756918" lon="127.947785"><ele>338.4</ele><time>2026-04-18T00:41:28.000Z</time></trkpt>
      <trkpt lat="35.756933" lon="127.947845"><ele>339.0</ele><time>2026-04-18T00:41:33.000Z</time></trkpt>
      <trkpt lat="35.756947" lon="127.947893"><ele>339.4</ele><time>2026-04-18T00:41:37.000Z</time></trkpt>
      <trkpt lat="35.756960" lon="127.947968"><ele>340.2</ele><time>2026-04-18T00:41:43.000Z</time></trkpt>
      <trkpt lat="35.756964" lon="127.948008"><ele>340.4</ele><time>2026-04-18T00:41:46.000Z</time></trkpt>
      <trkpt lat="35.756966" lon="127.948117"><ele>341.2</ele><time>2026-04-18T00:41:54.000Z</time></trkpt>
      <trkpt lat="35.756966" lon="127.948160"><ele>341.4</ele><time>2026-04-18T00:41:57.000Z</time></trkpt>
      <trkpt lat="35.756960" lon="127.948254"><ele>342.0</ele><time>2026-04-18T00:42:04.000Z</time></trkpt>
      <trkpt lat="35.756960" lon="127.948268"><ele>342.2</ele><time>2026-04-18T00:42:05.000Z</time></trkpt>
      <trkpt lat="35.756960" lon="127.948335"><ele>342.6</ele><time>2026-04-18T00:42:10.000Z</time></trkpt>
      <trkpt lat="35.756958" lon="127.948423"><ele>343.2</ele><time>2026-04-18T00:42:17.000Z</time></trkpt>
      <trkpt lat="35.756960" lon="127.948468"><ele>343.6</ele><time>2026-04-18T00:42:21.000Z</time></trkpt>
      <trkpt lat="35.756955" lon="127.948545"><ele>344.4</ele><time>2026-04-18T00:42:27.000Z</time></trkpt>
      <trkpt lat="35.756950" lon="127.948592"><ele>344.8</ele><time>2026-04-18T00:42:31.000Z</time></trkpt>
      <trkpt lat="35.756931" lon="127.948688"><ele>345.6</ele><time>2026-04-18T00:42:39.000Z</time></trkpt>
      <trkpt lat="35.756914" lon="127.948722"><ele>345.8</ele><time>2026-04-18T00:42:42.000Z</time></trkpt>
      <trkpt lat="35.756877" lon="127.948782"><ele>346.2</ele><time>2026-04-18T00:42:48.000Z</time></trkpt>
      <trkpt lat="35.756843" lon="127.948845"><ele>346.8</ele><time>2026-04-18T00:42:54.000Z</time></trkpt>
      <trkpt lat="35.756829" lon="127.948895"><ele>347.2</ele><time>2026-04-18T00:42:58.000Z</time></trkpt>
      <trkpt lat="35.756817" lon="127.948953"><ele>347.8</ele><time>2026-04-18T00:43:03.000Z</time></trkpt>
      <trkpt lat="35.756812" lon="127.949005"><ele>348.4</ele><time>2026-04-18T00:43:07.000Z</time></trkpt>
      <trkpt lat="35.756815" lon="127.949052"><ele>349.0</ele><time>2026-04-18T00:43:11.000Z</time></trkpt>
      <trkpt lat="35.756817" lon="127.949091"><ele>349.4</ele><time>2026-04-18T00:43:14.000Z</time></trkpt>
      <trkpt lat="35.756820" lon="127.949149"><ele>350.0</ele><time>2026-04-18T00:43:19.000Z</time></trkpt>
      <trkpt lat="35.756819" lon="127.949172"><ele>350.2</ele><time>2026-04-18T00:43:21.000Z</time></trkpt>
      <trkpt lat="35.756824" lon="127.949209"><ele>350.6</ele><time>2026-04-18T00:43:24.000Z</time></trkpt>
      <trkpt lat="35.756814" lon="127.949266"><ele>351.0</ele><time>2026-04-18T00:43:28.000Z</time></trkpt>
      <trkpt lat="35.756811" lon="127.949283"><ele>351.0</ele><time>2026-04-18T00:43:29.000Z</time></trkpt>
      <trkpt lat="35.756809" lon="127.949296"><ele>351.0</ele><time>2026-04-18T00:43:30.000Z</time></trkpt>
      <trkpt lat="35.756832" lon="127.949416"><ele>351.6</ele><time>2026-04-18T00:43:39.000Z</time></trkpt>
      <trkpt lat="35.756831" lon="127.949487"><ele>352.0</ele><time>2026-04-18T00:43:45.000Z</time></trkpt>
      <trkpt lat="35.756820" lon="127.949546"><ele>353.0</ele><time>2026-04-18T00:43:50.000Z</time></trkpt>
      <trkpt lat="35.756819" lon="127.949559"><ele>353.2</ele><time>2026-04-18T00:43:51.000Z</time></trkpt>
      <trkpt lat="35.756801" lon="127.949649"><ele>354.2</ele><time>2026-04-18T00:43:58.000Z</time></trkpt>
      <trkpt lat="35.756784" lon="127.949707"><ele>355.0</ele><time>2026-04-18T00:44:03.000Z</time></trkpt>
      <trkpt lat="35.756774" lon="127.949738"><ele>355.4</ele><time>2026-04-18T00:44:06.000Z</time></trkpt>
      <trkpt lat="35.756740" lon="127.949815"><ele>356.4</ele><time>2026-04-18T00:44:13.000Z</time></trkpt>
      <trkpt lat="35.756734" lon="127.949827"><ele>356.4</ele><time>2026-04-18T00:44:14.000Z</time></trkpt>
      <trkpt lat="35.756693" lon="127.949921"><ele>357.6</ele><time>2026-04-18T00:44:22.000Z</time></trkpt>
      <trkpt lat="35.756684" lon="127.949946"><ele>357.6</ele><time>2026-04-18T00:44:24.000Z</time></trkpt>
      <trkpt lat="35.756656" lon="127.950049"><ele>358.6</ele><time>2026-04-18T00:44:33.000Z</time></trkpt>
      <trkpt lat="35.756653" lon="127.950061"><ele>358.8</ele><time>2026-04-18T00:44:34.000Z</time></trkpt>
      <trkpt lat="35.756638" lon="127.950153"><ele>359.6</ele><time>2026-04-18T00:44:41.000Z</time></trkpt>
      <trkpt lat="35.756627" lon="127.950217"><ele>360.2</ele><time>2026-04-18T00:44:46.000Z</time></trkpt>
      <trkpt lat="35.756616" lon="127.950267"><ele>360.8</ele><time>2026-04-18T00:44:50.000Z</time></trkpt>
      <trkpt lat="35.756610" lon="127.950335"><ele>361.4</ele><time>2026-04-18T00:44:56.000Z</time></trkpt>
      <trkpt lat="35.756607" lon="127.950345"><ele>361.4</ele><time>2026-04-18T00:44:57.000Z</time></trkpt>
      <trkpt lat="35.756604" lon="127.950369"><ele>361.8</ele><time>2026-04-18T00:44:59.000Z</time></trkpt>
      <trkpt lat="35.756604" lon="127.950420"><ele>362.4</ele><time>2026-04-18T00:45:03.000Z</time></trkpt>
      <trkpt lat="35.756604" lon="127.950476"><ele>362.8</ele><time>2026-04-18T00:45:07.000Z</time></trkpt>
      <trkpt lat="35.756609" lon="127.950599"><ele>363.8</ele><time>2026-04-18T00:45:17.000Z</time></trkpt>
      <trkpt lat="35.756609" lon="127.950622"><ele>363.8</ele><time>2026-04-18T00:45:19.000Z</time></trkpt>
      <trkpt lat="35.756607" lon="127.950704"><ele>364.4</ele><time>2026-04-18T00:45:26.000Z</time></trkpt>
      <trkpt lat="35.756606" lon="127.950765"><ele>365.0</ele><time>2026-04-18T00:45:31.000Z</time></trkpt>
      <trkpt lat="35.756597" lon="127.950840"><ele>365.8</ele><time>2026-04-18T00:45:37.000Z</time></trkpt>
      <trkpt lat="35.756594" lon="127.950878"><ele>366.0</ele><time>2026-04-18T00:45:40.000Z</time></trkpt>
      <trkpt lat="35.756585" lon="127.950975"><ele>367.2</ele><time>2026-04-18T00:45:48.000Z</time></trkpt>
      <trkpt lat="35.756594" lon="127.951082"><ele>368.2</ele><time>2026-04-18T00:45:57.000Z</time></trkpt>
      <trkpt lat="35.756595" lon="127.951104"><ele>368.4</ele><time>2026-04-18T00:45:59.000Z</time></trkpt>
      <trkpt lat="35.756611" lon="127.951171"><ele>369.4</ele><time>2026-04-18T00:46:05.000Z</time></trkpt>
      <trkpt lat="35.756613" lon="127.951183"><ele>369.4</ele><time>2026-04-18T00:46:06.000Z</time></trkpt>
      <trkpt lat="35.756616" lon="127.951231"><ele>370.0</ele><time>2026-04-18T00:46:10.000Z</time></trkpt>
      <trkpt lat="35.756616" lon="127.951267"><ele>370.4</ele><time>2026-04-18T00:46:13.000Z</time></trkpt>
      <trkpt lat="35.756614" lon="127.951301"><ele>370.8</ele><time>2026-04-18T00:46:16.000Z</time></trkpt>
      <trkpt lat="35.756610" lon="127.951358"><ele>371.6</ele><time>2026-04-18T00:46:21.000Z</time></trkpt>
      <trkpt lat="35.756602" lon="127.951434"><ele>372.8</ele><time>2026-04-18T00:46:28.000Z</time></trkpt>
      <trkpt lat="35.756603" lon="127.951501"><ele>373.8</ele><time>2026-04-18T00:46:34.000Z</time></trkpt>
      <trkpt lat="35.756605" lon="127.951570"><ele>374.8</ele><time>2026-04-18T00:46:40.000Z</time></trkpt>
      <trkpt lat="35.756605" lon="127.951581"><ele>375.0</ele><time>2026-04-18T00:46:41.000Z</time></trkpt>
      <trkpt lat="35.756610" lon="127.951641"><ele>376.0</ele><time>2026-04-18T00:46:47.000Z</time></trkpt>
      <trkpt lat="35.756612" lon="127.951660"><ele>376.4</ele><time>2026-04-18T00:46:49.000Z</time></trkpt>
      <trkpt lat="35.756621" lon="127.951699"><ele>377.2</ele><time>2026-04-18T00:46:53.000Z</time></trkpt>
      <trkpt lat="35.756642" lon="127.951756"><ele>378.0</ele><time>2026-04-18T00:46:58.000Z</time></trkpt>
      <trkpt lat="35.756653" lon="127.951783"><ele>378.2</ele><time>2026-04-18T00:47:00.000Z</time></trkpt>
      <trkpt lat="35.756669" lon="127.951840"><ele>378.6</ele><time>2026-04-18T00:47:05.000Z</time></trkpt>
      <trkpt lat="35.756680" lon="127.951869"><ele>378.8</ele><time>2026-04-18T00:47:08.000Z</time></trkpt>
      <trkpt lat="35.756692" lon="127.951901"><ele>379.2</ele><time>2026-04-18T00:47:11.000Z</time></trkpt>
      <trkpt lat="35.756708" lon="127.951959"><ele>380.2</ele><time>2026-04-18T00:47:17.000Z</time></trkpt>
      <trkpt lat="35.756709" lon="127.951970"><ele>380.4</ele><time>2026-04-18T00:47:18.000Z</time></trkpt>
      <trkpt lat="35.756719" lon="127.952016"><ele>381.2</ele><time>2026-04-18T00:47:23.000Z</time></trkpt>
      <trkpt lat="35.756728" lon="127.952068"><ele>382.4</ele><time>2026-04-18T00:47:29.000Z</time></trkpt>
      <trkpt lat="35.756732" lon="127.952115"><ele>383.6</ele><time>2026-04-18T00:47:35.000Z</time></trkpt>
      <trkpt lat="35.756737" lon="127.952157"><ele>384.6</ele><time>2026-04-18T00:47:40.000Z</time></trkpt>
      <trkpt lat="35.756743" lon="127.952201"><ele>385.6</ele><time>2026-04-18T00:47:46.000Z</time></trkpt>
      <trkpt lat="35.756742" lon="127.952252"><ele>386.6</ele><time>2026-04-18T00:47:52.000Z</time></trkpt>
      <trkpt lat="35.756738" lon="127.952300"><ele>387.8</ele><time>2026-04-18T00:47:58.000Z</time></trkpt>
      <trkpt lat="35.756736" lon="127.952319"><ele>388.0</ele><time>2026-04-18T00:48:00.000Z</time></trkpt>
      <trkpt lat="35.756723" lon="127.952361"><ele>388.8</ele><time>2026-04-18T00:48:04.000Z</time></trkpt>
      <trkpt lat="35.756714" lon="127.952394"><ele>389.4</ele><time>2026-04-18T00:48:07.000Z</time></trkpt>
      <trkpt lat="35.756710" lon="127.952413"><ele>389.6</ele><time>2026-04-18T00:48:09.000Z</time></trkpt>
      <trkpt lat="35.756697" lon="127.952446"><ele>389.8</ele><time>2026-04-18T00:48:12.000Z</time></trkpt>
      <trkpt lat="35.756673" lon="127.952515"><ele>390.2</ele><time>2026-04-18T00:48:18.000Z</time></trkpt>
      <trkpt lat="35.756655" lon="127.952608"><ele>391.0</ele><time>2026-04-18T00:48:25.000Z</time></trkpt>
      <trkpt lat="35.756657" lon="127.952634"><ele>391.0</ele><time>2026-04-18T00:48:27.000Z</time></trkpt>
      <trkpt lat="35.756662" lon="127.952699"><ele>391.4</ele><time>2026-04-18T00:48:32.000Z</time></trkpt>
      <trkpt lat="35.756665" lon="127.952723"><ele>391.6</ele><time>2026-04-18T00:48:34.000Z</time></trkpt>
      <trkpt lat="35.756667" lon="127.952782"><ele>392.0</ele><time>2026-04-18T00:48:38.000Z</time></trkpt>
      <trkpt lat="35.756677" lon="127.952870"><ele>392.2</ele><time>2026-04-18T00:48:45.000Z</time></trkpt>
      <trkpt lat="35.756676" lon="127.952957"><ele>393.0</ele><time>2026-04-18T00:48:52.000Z</time></trkpt>
      <trkpt lat="35.756676" lon="127.952985"><ele>393.2</ele><time>2026-04-18T00:48:54.000Z</time></trkpt>
      <trkpt lat="35.756660" lon="127.953080"><ele>393.8</ele><time>2026-04-18T00:49:01.000Z</time></trkpt>
      <trkpt lat="35.756658" lon="127.953117"><ele>394.0</ele><time>2026-04-18T00:49:04.000Z</time></trkpt>
      <trkpt lat="35.756649" lon="127.953198"><ele>395.0</ele><time>2026-04-18T00:49:11.000Z</time></trkpt>
      <trkpt lat="35.756648" lon="127.953209"><ele>395.2</ele><time>2026-04-18T00:49:12.000Z</time></trkpt>
      <trkpt lat="35.756640" lon="127.953265"><ele>396.0</ele><time>2026-04-18T00:49:17.000Z</time></trkpt>
      <trkpt lat="35.756645" lon="127.953289"><ele>396.4</ele><time>2026-04-18T00:49:19.000Z</time></trkpt>
      <trkpt lat="35.756646" lon="127.953316"><ele>396.8</ele><time>2026-04-18T00:49:21.000Z</time></trkpt>
      <trkpt lat="35.756666" lon="127.953384"><ele>397.4</ele><time>2026-04-18T00:49:27.000Z</time></trkpt>
      <trkpt lat="35.756676" lon="127.953405"><ele>397.6</ele><time>2026-04-18T00:49:29.000Z</time></trkpt>
      <trkpt lat="35.756688" lon="127.953444"><ele>398.4</ele><time>2026-04-18T00:49:33.000Z</time></trkpt>
      <trkpt lat="35.756705" lon="127.953491"><ele>399.2</ele><time>2026-04-18T00:49:38.000Z</time></trkpt>
      <trkpt lat="35.756708" lon="127.953505"><ele>399.6</ele><time>2026-04-18T00:49:40.000Z</time></trkpt>
      <trkpt lat="35.756710" lon="127.953548"><ele>400.6</ele><time>2026-04-18T00:49:45.000Z</time></trkpt>
      <trkpt lat="35.756714" lon="127.953567"><ele>401.0</ele><time>2026-04-18T00:49:47.000Z</time></trkpt>
      <trkpt lat="35.756714" lon="127.953585"><ele>401.4</ele><time>2026-04-18T00:49:49.000Z</time></trkpt>
      <trkpt lat="35.756715" lon="127.953594"><ele>401.8</ele><time>2026-04-18T00:49:50.000Z</time></trkpt>
      <trkpt lat="35.756713" lon="127.953631"><ele>402.4</ele><time>2026-04-18T00:49:54.000Z</time></trkpt>
      <trkpt lat="35.756714" lon="127.953647"><ele>402.8</ele><time>2026-04-18T00:49:56.000Z</time></trkpt>
      <trkpt lat="35.756721" lon="127.953673"><ele>403.2</ele><time>2026-04-18T00:49:59.000Z</time></trkpt>
      <trkpt lat="35.756724" lon="127.953704"><ele>403.8</ele><time>2026-04-18T00:50:02.000Z</time></trkpt>
      <trkpt lat="35.756736" lon="127.953720"><ele>404.2</ele><time>2026-04-18T00:50:04.000Z</time></trkpt>
      <trkpt lat="35.756747" lon="127.953764"><ele>405.0</ele><time>2026-04-18T00:50:09.000Z</time></trkpt>
      <trkpt lat="35.756750" lon="127.953787"><ele>405.2</ele><time>2026-04-18T00:50:11.000Z</time></trkpt>
      <trkpt lat="35.756763" lon="127.953839"><ele>406.0</ele><time>2026-04-18T00:50:16.000Z</time></trkpt>
      <trkpt lat="35.756770" lon="127.953876"><ele>406.6</ele><time>2026-04-18T00:50:20.000Z</time></trkpt>
      <trkpt lat="35.756772" lon="127.953911"><ele>407.2</ele><time>2026-04-18T00:50:24.000Z</time></trkpt>
      <trkpt lat="35.756772" lon="127.953941"><ele>407.6</ele><time>2026-04-18T00:50:28.000Z</time></trkpt>
      <trkpt lat="35.756761" lon="127.953965"><ele>408.0</ele><time>2026-04-18T00:50:31.000Z</time></trkpt>
      <trkpt lat="35.756759" lon="127.953975"><ele>408.2</ele><time>2026-04-18T00:50:32.000Z</time></trkpt>
      <trkpt lat="35.756751" lon="127.954035"><ele>409.2</ele><time>2026-04-18T00:50:38.000Z</time></trkpt>
      <trkpt lat="35.756751" lon="127.954044"><ele>409.2</ele><time>2026-04-18T00:50:39.000Z</time></trkpt>
      <trkpt lat="35.756753" lon="127.954096"><ele>410.4</ele><time>2026-04-18T00:50:45.000Z</time></trkpt>
      <trkpt lat="35.756754" lon="127.954122"><ele>411.0</ele><time>2026-04-18T00:50:48.000Z</time></trkpt>
      <trkpt lat="35.756754" lon="127.954149"><ele>411.6</ele><time>2026-04-18T00:50:51.000Z</time></trkpt>
      <trkpt lat="35.756752" lon="127.954206"><ele>412.6</ele><time>2026-04-18T00:50:57.000Z</time></trkpt>
      <trkpt lat="35.756752" lon="127.954248"><ele>413.2</ele><time>2026-04-18T00:51:01.000Z</time></trkpt>
      <trkpt lat="35.756752" lon="127.954271"><ele>413.6</ele><time>2026-04-18T00:51:03.000Z</time></trkpt>
      <trkpt lat="35.756749" lon="127.954352"><ele>414.6</ele><time>2026-04-18T00:51:10.000Z</time></trkpt>
      <trkpt lat="35.756748" lon="127.954363"><ele>414.6</ele><time>2026-04-18T00:51:11.000Z</time></trkpt>
      <trkpt lat="35.756745" lon="127.954428"><ele>415.6</ele><time>2026-04-18T00:51:17.000Z</time></trkpt>
      <trkpt lat="35.756746" lon="127.954448"><ele>416.0</ele><time>2026-04-18T00:51:19.000Z</time></trkpt>
      <trkpt lat="35.756752" lon="127.954520"><ele>416.8</ele><time>2026-04-18T00:51:26.000Z</time></trkpt>
      <trkpt lat="35.756770" lon="127.954550"><ele>417.0</ele><time>2026-04-18T00:51:29.000Z</time></trkpt>
      <trkpt lat="35.756799" lon="127.954615"><ele>417.8</ele><time>2026-04-18T00:51:36.000Z</time></trkpt>
      <trkpt lat="35.756801" lon="127.954644"><ele>418.2</ele><time>2026-04-18T00:51:39.000Z</time></trkpt>
      <trkpt lat="35.756808" lon="127.954690"><ele>419.0</ele><time>2026-04-18T00:51:44.000Z</time></trkpt>
      <trkpt lat="35.756817" lon="127.954763"><ele>420.2</ele><time>2026-04-18T00:51:51.000Z</time></trkpt>
      <trkpt lat="35.756814" lon="127.954773"><ele>420.2</ele><time>2026-04-18T00:51:52.000Z</time></trkpt>
      <trkpt lat="35.756809" lon="127.954783"><ele>420.4</ele><time>2026-04-18T00:51:53.000Z</time></trkpt>
      <trkpt lat="35.756814" lon="127.954843"><ele>421.2</ele><time>2026-04-18T00:51:59.000Z</time></trkpt>
      <trkpt lat="35.756823" lon="127.954865"><ele>421.6</ele><time>2026-04-18T00:52:02.000Z</time></trkpt>
      <trkpt lat="35.756838" lon="127.954899"><ele>422.4</ele><time>2026-04-18T00:52:06.000Z</time></trkpt>
      <trkpt lat="35.756857" lon="127.954929"><ele>423.4</ele><time>2026-04-18T00:52:11.000Z</time></trkpt>
      <trkpt lat="35.756860" lon="127.954963"><ele>424.4</ele><time>2026-04-18T00:52:15.000Z</time></trkpt>
      <trkpt lat="35.756862" lon="127.954972"><ele>424.6</ele><time>2026-04-18T00:52:16.000Z</time></trkpt>
      <trkpt lat="35.756866" lon="127.955014"><ele>425.6</ele><time>2026-04-18T00:52:21.000Z</time></trkpt>
      <trkpt lat="35.756885" lon="127.955055"><ele>426.8</ele><time>2026-04-18T00:52:27.000Z</time></trkpt>
      <trkpt lat="35.756893" lon="127.955077"><ele>427.4</ele><time>2026-04-18T00:52:30.000Z</time></trkpt>
      <trkpt lat="35.756905" lon="127.955097"><ele>427.8</ele><time>2026-04-18T00:52:33.000Z</time></trkpt>
      <trkpt lat="35.756936" lon="127.955144"><ele>429.0</ele><time>2026-04-18T00:52:40.000Z</time></trkpt>
      <trkpt lat="35.756952" lon="127.955161"><ele>429.6</ele><time>2026-04-18T00:52:43.000Z</time></trkpt>
      <trkpt lat="35.756967" lon="127.955177"><ele>430.2</ele><time>2026-04-18T00:52:47.000Z</time></trkpt>
      <trkpt lat="35.756995" lon="127.955179"><ele>431.2</ele><time>2026-04-18T00:52:53.000Z</time></trkpt>
      <trkpt lat="35.757021" lon="127.955176"><ele>432.4</ele><time>2026-04-18T00:52:59.000Z</time></trkpt>
      <trkpt lat="35.757041" lon="127.955159"><ele>433.6</ele><time>2026-04-18T00:53:05.000Z</time></trkpt>
      <trkpt lat="35.757064" lon="127.955142"><ele>434.4</ele><time>2026-04-18T00:53:10.000Z</time></trkpt>
      <trkpt lat="35.757067" lon="127.955139"><ele>434.6</ele><time>2026-04-18T00:53:11.000Z</time></trkpt>
      <trkpt lat="35.757105" lon="127.955133"><ele>435.8</ele><time>2026-04-18T00:53:18.000Z</time></trkpt>
      <trkpt lat="35.757125" lon="127.955148"><ele>436.2</ele><time>2026-04-18T00:53:21.000Z</time></trkpt>
      <trkpt lat="35.757151" lon="127.955166"><ele>436.8</ele><time>2026-04-18T00:53:25.000Z</time></trkpt>
      <trkpt lat="35.757182" lon="127.955173"><ele>438.0</ele><time>2026-04-18T00:53:31.000Z</time></trkpt>
      <trkpt lat="35.757206" lon="127.955187"><ele>439.0</ele><time>2026-04-18T00:53:36.000Z</time></trkpt>
      <trkpt lat="35.757209" lon="127.955190"><ele>439.0</ele><time>2026-04-18T00:53:37.000Z</time></trkpt>
      <trkpt lat="35.757226" lon="127.955230"><ele>440.2</ele><time>2026-04-18T00:53:43.000Z</time></trkpt>
      <trkpt lat="35.757242" lon="127.955261"><ele>441.2</ele><time>2026-04-18T00:53:48.000Z</time></trkpt>
      <trkpt lat="35.757243" lon="127.955268"><ele>441.4</ele><time>2026-04-18T00:53:49.000Z</time></trkpt>
      <trkpt lat="35.757244" lon="127.955272"><ele>441.6</ele><time>2026-04-18T00:53:50.000Z</time></trkpt>
      <trkpt lat="35.757243" lon="127.955302"><ele>442.4</ele><time>2026-04-18T00:53:55.000Z</time></trkpt>
      <trkpt lat="35.757242" lon="127.955337"><ele>443.4</ele><time>2026-04-18T00:54:01.000Z</time></trkpt>
      <trkpt lat="35.757226" lon="127.955365"><ele>444.4</ele><time>2026-04-18T00:54:07.000Z</time></trkpt>
      <trkpt lat="35.757211" lon="127.955388"><ele>445.6</ele><time>2026-04-18T00:54:14.000Z</time></trkpt>
      <trkpt lat="35.757217" lon="127.955414"><ele>446.2</ele><time>2026-04-18T00:54:19.000Z</time></trkpt>
      <trkpt lat="35.757221" lon="127.955436"><ele>446.6</ele><time>2026-04-18T00:54:22.000Z</time></trkpt>
      <trkpt lat="35.757221" lon="127.955471"><ele>447.8</ele><time>2026-04-18T00:54:28.000Z</time></trkpt>
      <trkpt lat="35.757225" lon="127.955503"><ele>448.8</ele><time>2026-04-18T00:54:33.000Z</time></trkpt>
      <trkpt lat="35.757235" lon="127.955535"><ele>450.0</ele><time>2026-04-18T00:54:39.000Z</time></trkpt>
      <trkpt lat="35.757249" lon="127.955584"><ele>451.0</ele><time>2026-04-18T00:54:46.000Z</time></trkpt>
      <trkpt lat="35.757261" lon="127.955601"><ele>451.8</ele><time>2026-04-18T00:54:50.000Z</time></trkpt>
      <trkpt lat="35.757269" lon="127.955607"><ele>452.2</ele><time>2026-04-18T00:54:53.000Z</time></trkpt>
      <trkpt lat="35.757288" lon="127.955612"><ele>453.2</ele><time>2026-04-18T00:55:00.000Z</time></trkpt>
      <trkpt lat="35.757305" lon="127.955640"><ele>454.4</ele><time>2026-04-18T00:55:07.000Z</time></trkpt>
      <trkpt lat="35.757315" lon="127.955654"><ele>455.0</ele><time>2026-04-18T00:55:11.000Z</time></trkpt>
      <trkpt lat="35.757327" lon="127.955664"><ele>455.4</ele><time>2026-04-18T00:55:14.000Z</time></trkpt>
      <trkpt lat="35.757352" lon="127.955695"><ele>456.6</ele><time>2026-04-18T00:55:20.000Z</time></trkpt>
      <trkpt lat="35.757366" lon="127.955720"><ele>457.2</ele><time>2026-04-18T00:55:25.000Z</time></trkpt>
      <trkpt lat="35.757376" lon="127.955738"><ele>457.6</ele><time>2026-04-18T00:55:28.000Z</time></trkpt>
      <trkpt lat="35.757395" lon="127.955789"><ele>458.6</ele><time>2026-04-18T00:55:35.000Z</time></trkpt>
      <trkpt lat="35.757406" lon="127.955837"><ele>459.6</ele><time>2026-04-18T00:55:42.000Z</time></trkpt>
      <trkpt lat="35.757418" lon="127.955850"><ele>460.2</ele><time>2026-04-18T00:55:45.000Z</time></trkpt>
      <trkpt lat="35.757430" lon="127.955861"><ele>460.6</ele><time>2026-04-18T00:55:48.000Z</time></trkpt>
      <trkpt lat="35.757445" lon="127.955886"><ele>461.6</ele><time>2026-04-18T00:55:54.000Z</time></trkpt>
      <trkpt lat="35.757449" lon="127.955897"><ele>462.0</ele><time>2026-04-18T00:55:56.000Z</time></trkpt>
      <trkpt lat="35.757460" lon="127.955916"><ele>462.6</ele><time>2026-04-18T00:56:00.000Z</time></trkpt>
      <trkpt lat="35.757486" lon="127.955933"><ele>463.8</ele><time>2026-04-18T00:56:07.000Z</time></trkpt>
      <trkpt lat="35.757497" lon="127.955936"><ele>464.2</ele><time>2026-04-18T00:56:10.000Z</time></trkpt>
      <trkpt lat="35.757508" lon="127.955942"><ele>465.4</ele><time>2026-04-18T00:56:14.000Z</time></trkpt>
      <trkpt lat="35.757512" lon="127.955942"><ele>466.8</ele><time>2026-04-18T00:56:16.000Z</time></trkpt>
      <trkpt lat="35.757518" lon="127.955942"><ele>468.2</ele><time>2026-04-18T00:56:18.000Z</time></trkpt>
      <trkpt lat="35.757542" lon="127.955939"><ele>468.4</ele><time>2026-04-18T00:56:23.000Z</time></trkpt>
      <trkpt lat="35.757557" lon="127.955938"><ele>467.0</ele><time>2026-04-18T00:56:26.000Z</time></trkpt>
      <trkpt lat="35.757597" lon="127.955935"><ele>466.8</ele><time>2026-04-18T00:56:34.000Z</time></trkpt>
      <trkpt lat="35.757632" lon="127.955929"><ele>468.2</ele><time>2026-04-18T00:56:41.000Z</time></trkpt>
      <trkpt lat="35.757653" lon="127.955929"><ele>469.4</ele><time>2026-04-18T00:56:46.000Z</time></trkpt>
      <trkpt lat="35.757661" lon="127.955926"><ele>471.2</ele><time>2026-04-18T00:56:48.000Z</time></trkpt>
      <trkpt lat="35.757665" lon="127.955926"><ele>472.6</ele><time>2026-04-18T00:56:49.000Z</time></trkpt>
      <trkpt lat="35.757752" lon="127.955942"><ele>473.2</ele><time>2026-04-18T00:57:03.000Z</time></trkpt>
      <trkpt lat="35.757777" lon="127.955972"><ele>474.0</ele><time>2026-04-18T00:57:08.000Z</time></trkpt>
      <trkpt lat="35.757784" lon="127.956017"><ele>475.4</ele><time>2026-04-18T00:57:14.000Z</time></trkpt>
      <trkpt lat="35.757782" lon="127.956035"><ele>476.6</ele><time>2026-04-18T00:57:17.000Z</time></trkpt>
      <trkpt lat="35.757758" lon="127.956074"><ele>477.2</ele><time>2026-04-18T00:57:24.000Z</time></trkpt>
      <trkpt lat="35.757754" lon="127.956098"><ele>477.8</ele><time>2026-04-18T00:57:30.000Z</time></trkpt>
      <trkpt lat="35.757734" lon="127.956128"><ele>478.8</ele><time>2026-04-18T00:57:37.000Z</time></trkpt>
      <trkpt lat="35.757723" lon="127.956159"><ele>479.8</ele><time>2026-04-18T00:57:43.000Z</time></trkpt>
      <trkpt lat="35.757719" lon="127.956207"><ele>480.8</ele><time>2026-04-18T00:57:49.000Z</time></trkpt>
      <trkpt lat="35.757741" lon="127.956264"><ele>482.0</ele><time>2026-04-18T00:57:57.000Z</time></trkpt>
      <trkpt lat="35.757753" lon="127.956282"><ele>482.6</ele><time>2026-04-18T00:58:01.000Z</time></trkpt>
      <trkpt lat="35.757768" lon="127.956304"><ele>483.2</ele><time>2026-04-18T00:58:06.000Z</time></trkpt>
      <trkpt lat="35.757787" lon="127.956312"><ele>484.4</ele><time>2026-04-18T00:58:11.000Z</time></trkpt>
      <trkpt lat="35.757792" lon="127.956316"><ele>484.4</ele><time>2026-04-18T00:58:12.000Z</time></trkpt>
      <trkpt lat="35.757822" lon="127.956347"><ele>486.8</ele><time>2026-04-18T00:58:19.000Z</time></trkpt>
      <trkpt lat="35.757831" lon="127.956352"><ele>486.0</ele><time>2026-04-18T00:58:23.000Z</time></trkpt>
      <trkpt lat="35.757831" lon="127.956351"><ele>485.6</ele><time>2026-04-18T00:58:24.000Z</time></trkpt>
      <trkpt lat="35.757869" lon="127.956428"><ele>486.6</ele><time>2026-04-18T00:58:35.000Z</time></trkpt>
      <trkpt lat="35.757872" lon="127.956435"><ele>487.0</ele><time>2026-04-18T00:58:36.000Z</time></trkpt>
      <trkpt lat="35.757894" lon="127.956476"><ele>486.2</ele><time>2026-04-18T00:58:41.000Z</time></trkpt>
      <trkpt lat="35.757891" lon="127.956506"><ele>486.0</ele><time>2026-04-18T00:58:45.000Z</time></trkpt>
      <trkpt lat="35.757889" lon="127.956597"><ele>486.6</ele><time>2026-04-18T00:58:58.000Z</time></trkpt>
      <trkpt lat="35.757884" lon="127.956621"><ele>487.4</ele><time>2026-04-18T00:59:02.000Z</time></trkpt>
      <trkpt lat="35.757882" lon="127.956650"><ele>488.0</ele><time>2026-04-18T00:59:07.000Z</time></trkpt>
      <trkpt lat="35.757885" lon="127.956682"><ele>489.8</ele><time>2026-04-18T00:59:12.000Z</time></trkpt>
      <trkpt lat="35.757886" lon="127.956688"><ele>490.0</ele><time>2026-04-18T00:59:13.000Z</time></trkpt>
      <trkpt lat="35.757899" lon="127.956757"><ele>490.8</ele><time>2026-04-18T00:59:25.000Z</time></trkpt>
      <trkpt lat="35.757907" lon="127.956793"><ele>492.0</ele><time>2026-04-18T00:59:31.000Z</time></trkpt>
      <trkpt lat="35.757919" lon="127.956819"><ele>493.2</ele><time>2026-04-18T00:59:37.000Z</time></trkpt>
      <trkpt lat="35.757935" lon="127.956846"><ele>494.2</ele><time>2026-04-18T00:59:43.000Z</time></trkpt>
      <trkpt lat="35.757938" lon="127.956853"><ele>494.6</ele><time>2026-04-18T00:59:45.000Z</time></trkpt>
      <trkpt lat="35.757941" lon="127.956872"><ele>495.2</ele><time>2026-04-18T00:59:50.000Z</time></trkpt>
      <trkpt lat="35.757955" lon="127.956909"><ele>496.6</ele><time>2026-04-18T00:59:56.000Z</time></trkpt>
      <trkpt lat="35.757944" lon="127.956939"><ele>497.6</ele><time>2026-04-18T01:00:01.000Z</time></trkpt>
      <trkpt lat="35.757939" lon="127.956963"><ele>498.6</ele><time>2026-04-18T01:00:05.000Z</time></trkpt>
      <trkpt lat="35.757938" lon="127.956979"><ele>498.8</ele><time>2026-04-18T01:00:07.000Z</time></trkpt>
      <trkpt lat="35.757943" lon="127.957018"><ele>501.0</ele><time>2026-04-18T01:00:14.000Z</time></trkpt>
      <trkpt lat="35.757956" lon="127.957060"><ele>500.4</ele><time>2026-04-18T01:00:20.000Z</time></trkpt>
      <trkpt lat="35.757983" lon="127.957121"><ele>501.4</ele><time>2026-04-18T01:00:33.000Z</time></trkpt>
      <trkpt lat="35.757999" lon="127.957133"><ele>502.2</ele><time>2026-04-18T01:00:40.000Z</time></trkpt>
      <trkpt lat="35.758026" lon="127.957125"><ele>503.0</ele><time>2026-04-18T01:00:45.000Z</time></trkpt>
      <trkpt lat="35.758036" lon="127.957130"><ele>503.4</ele><time>2026-04-18T01:00:47.000Z</time></trkpt>
      <trkpt lat="35.758065" lon="127.957143"><ele>504.6</ele><time>2026-04-18T01:00:53.000Z</time></trkpt>
      <trkpt lat="35.758077" lon="127.957141"><ele>505.0</ele><time>2026-04-18T01:00:55.000Z</time></trkpt>
      <trkpt lat="35.758096" lon="127.957148"><ele>505.6</ele><time>2026-04-18T01:00:59.000Z</time></trkpt>
      <trkpt lat="35.758107" lon="127.957177"><ele>507.2</ele><time>2026-04-18T01:01:03.000Z</time></trkpt>
      <trkpt lat="35.758105" lon="127.957185"><ele>508.6</ele><time>2026-04-18T01:01:04.000Z</time></trkpt>
      <trkpt lat="35.758104" lon="127.957193"><ele>510.2</ele><time>2026-04-18T01:01:05.000Z</time></trkpt>
      <trkpt lat="35.758107" lon="127.957204"><ele>511.6</ele><time>2026-04-18T01:01:07.000Z</time></trkpt>
      <trkpt lat="35.758116" lon="127.957216"><ele>512.2</ele><time>2026-04-18T01:01:12.000Z</time></trkpt>
      <trkpt lat="35.758121" lon="127.957260"><ele>512.8</ele><time>2026-04-18T01:01:18.000Z</time></trkpt>
      <trkpt lat="35.758113" lon="127.957319"><ele>513.8</ele><time>2026-04-18T01:01:25.000Z</time></trkpt>
      <trkpt lat="35.758115" lon="127.957415"><ele>513.2</ele><time>2026-04-18T01:01:39.000Z</time></trkpt>
      <trkpt lat="35.758122" lon="127.957444"><ele>514.4</ele><time>2026-04-18T01:01:44.000Z</time></trkpt>
      <trkpt lat="35.758137" lon="127.957498"><ele>515.0</ele><time>2026-04-18T01:01:52.000Z</time></trkpt>
      <trkpt lat="35.758137" lon="127.957505"><ele>515.2</ele><time>2026-04-18T01:01:53.000Z</time></trkpt>
      <trkpt lat="35.758141" lon="127.957513"><ele>516.2</ele><time>2026-04-18T01:01:54.000Z</time></trkpt>
      <trkpt lat="35.758168" lon="127.957574"><ele>517.2</ele><time>2026-04-18T01:02:03.000Z</time></trkpt>
      <trkpt lat="35.758171" lon="127.957592"><ele>517.6</ele><time>2026-04-18T01:02:07.000Z</time></trkpt>
      <trkpt lat="35.758176" lon="127.957627"><ele>518.4</ele><time>2026-04-18T01:02:13.000Z</time></trkpt>
      <trkpt lat="35.758185" lon="127.957650"><ele>519.8</ele><time>2026-04-18T01:02:17.000Z</time></trkpt>
      <trkpt lat="35.758209" lon="127.957699"><ele>519.4</ele><time>2026-04-18T01:02:27.000Z</time></trkpt>
      <trkpt lat="35.758226" lon="127.957724"><ele>521.2</ele><time>2026-04-18T01:02:33.000Z</time></trkpt>
      <trkpt lat="35.758271" lon="127.957754"><ele>522.4</ele><time>2026-04-18T01:02:44.000Z</time></trkpt>
      <trkpt lat="35.758279" lon="127.957768"><ele>523.4</ele><time>2026-04-18T01:02:49.000Z</time></trkpt>
      <trkpt lat="35.758284" lon="127.957774"><ele>524.6</ele><time>2026-04-18T01:02:55.000Z</time></trkpt>
      <trkpt lat="35.758322" lon="127.957779"><ele>525.8</ele><time>2026-04-18T01:03:04.000Z</time></trkpt>
      <trkpt lat="35.758355" lon="127.957787"><ele>526.8</ele><time>2026-04-18T01:03:10.000Z</time></trkpt>
      <trkpt lat="35.758370" lon="127.957802"><ele>527.8</ele><time>2026-04-18T01:03:14.000Z</time></trkpt>
      <trkpt lat="35.758387" lon="127.957815"><ele>529.0</ele><time>2026-04-18T01:03:19.000Z</time></trkpt>
      <trkpt lat="35.758414" lon="127.957810"><ele>530.0</ele><time>2026-04-18T01:03:26.000Z</time></trkpt>
      <trkpt lat="35.758440" lon="127.957828"><ele>530.6</ele><time>2026-04-18T01:03:32.000Z</time></trkpt>
      <trkpt lat="35.758450" lon="127.957834"><ele>531.2</ele><time>2026-04-18T01:03:34.000Z</time></trkpt>
      <trkpt lat="35.758491" lon="127.957851"><ele>532.2</ele><time>2026-04-18T01:03:43.000Z</time></trkpt>
      <trkpt lat="35.758503" lon="127.957854"><ele>533.6</ele><time>2026-04-18T01:03:47.000Z</time></trkpt>
      <trkpt lat="35.758518" lon="127.957857"><ele>534.6</ele><time>2026-04-18T01:03:51.000Z</time></trkpt>
      <trkpt lat="35.758521" lon="127.957857"><ele>534.8</ele><time>2026-04-18T01:03:52.000Z</time></trkpt>
      <trkpt lat="35.758562" lon="127.957862"><ele>535.8</ele><time>2026-04-18T01:04:00.000Z</time></trkpt>
      <trkpt lat="35.758601" lon="127.957880"><ele>534.8</ele><time>2026-04-18T01:04:06.000Z</time></trkpt>
      <trkpt lat="35.758614" lon="127.957889"><ele>534.6</ele><time>2026-04-18T01:04:08.000Z</time></trkpt>
      <trkpt lat="35.758706" lon="127.957944"><ele>535.8</ele><time>2026-04-18T01:04:24.000Z</time></trkpt>
      <trkpt lat="35.758711" lon="127.957950"><ele>536.2</ele><time>2026-04-18T01:04:25.000Z</time></trkpt>
      <trkpt lat="35.758731" lon="127.957976"><ele>537.2</ele><time>2026-04-18T01:04:30.000Z</time></trkpt>
      <trkpt lat="35.758747" lon="127.957987"><ele>539.0</ele><time>2026-04-18T01:04:35.000Z</time></trkpt>
      <trkpt lat="35.758749" lon="127.957996"><ele>540.4</ele><time>2026-04-18T01:04:37.000Z</time></trkpt>
      <trkpt lat="35.758754" lon="127.958007"><ele>541.6</ele><time>2026-04-18T01:04:39.000Z</time></trkpt>
      <trkpt lat="35.758783" lon="127.958038"><ele>542.8</ele><time>2026-04-18T01:04:48.000Z</time></trkpt>
      <trkpt lat="35.758786" lon="127.958043"><ele>543.2</ele><time>2026-04-18T01:04:49.000Z</time></trkpt>
      <trkpt lat="35.758787" lon="127.958062"><ele>543.8</ele><time>2026-04-18T01:04:52.000Z</time></trkpt>
      <trkpt lat="35.758800" lon="127.958086"><ele>544.6</ele><time>2026-04-18T01:04:57.000Z</time></trkpt>
      <trkpt lat="35.758806" lon="127.958094"><ele>545.0</ele><time>2026-04-18T01:04:59.000Z</time></trkpt>
      <trkpt lat="35.758822" lon="127.958105"><ele>545.8</ele><time>2026-04-18T01:05:05.000Z</time></trkpt>
      <trkpt lat="35.758826" lon="127.958107"><ele>546.0</ele><time>2026-04-18T01:05:06.000Z</time></trkpt>
      <trkpt lat="35.758837" lon="127.958140"><ele>547.0</ele><time>2026-04-18T01:05:12.000Z</time></trkpt>
      <trkpt lat="35.758841" lon="127.958148"><ele>547.0</ele><time>2026-04-18T01:05:14.000Z</time></trkpt>
      <trkpt lat="35.758863" lon="127.958184"><ele>547.2</ele><time>2026-04-18T01:05:21.000Z</time></trkpt>
      <trkpt lat="35.758868" lon="127.958205"><ele>549.2</ele><time>2026-04-18T01:05:24.000Z</time></trkpt>
      <trkpt lat="35.758871" lon="127.958211"><ele>550.2</ele><time>2026-04-18T01:05:25.000Z</time></trkpt>
      <trkpt lat="35.758882" lon="127.958222"><ele>551.4</ele><time>2026-04-18T01:05:28.000Z</time></trkpt>
      <trkpt lat="35.758900" lon="127.958225"><ele>552.0</ele><time>2026-04-18T01:05:33.000Z</time></trkpt>
      <trkpt lat="35.758908" lon="127.958234"><ele>552.4</ele><time>2026-04-18T01:05:36.000Z</time></trkpt>
      <trkpt lat="35.758909" lon="127.958241"><ele>552.6</ele><time>2026-04-18T01:05:37.000Z</time></trkpt>
      <trkpt lat="35.758923" lon="127.958272"><ele>553.6</ele><time>2026-04-18T01:05:42.000Z</time></trkpt>
      <trkpt lat="35.758936" lon="127.958302"><ele>554.6</ele><time>2026-04-18T01:05:48.000Z</time></trkpt>
      <trkpt lat="35.758939" lon="127.958310"><ele>554.6</ele><time>2026-04-18T01:05:49.000Z</time></trkpt>
      <trkpt lat="35.758945" lon="127.958351"><ele>555.8</ele><time>2026-04-18T01:05:55.000Z</time></trkpt>
      <trkpt lat="35.758951" lon="127.958380"><ele>556.4</ele><time>2026-04-18T01:05:59.000Z</time></trkpt>
      <trkpt lat="35.758952" lon="127.958402"><ele>556.8</ele><time>2026-04-18T01:06:02.000Z</time></trkpt>
      <trkpt lat="35.758952" lon="127.958451"><ele>558.0</ele><time>2026-04-18T01:06:09.000Z</time></trkpt>
      <trkpt lat="35.758954" lon="127.958463"><ele>558.2</ele><time>2026-04-18T01:06:11.000Z</time></trkpt>
      <trkpt lat="35.758949" lon="127.958501"><ele>559.2</ele><time>2026-04-18T01:06:16.000Z</time></trkpt>
      <trkpt lat="35.758947" lon="127.958541"><ele>560.0</ele><time>2026-04-18T01:06:21.000Z</time></trkpt>
      <trkpt lat="35.758948" lon="127.958548"><ele>560.2</ele><time>2026-04-18T01:06:22.000Z</time></trkpt>
      <trkpt lat="35.758946" lon="127.958593"><ele>561.2</ele><time>2026-04-18T01:06:29.000Z</time></trkpt>
      <trkpt lat="35.758948" lon="127.958608"><ele>562.0</ele><time>2026-04-18T01:06:33.000Z</time></trkpt>
      <trkpt lat="35.758945" lon="127.958603"><ele>562.4</ele><time>2026-04-18T01:06:35.000Z</time></trkpt>
      <trkpt lat="35.758938" lon="127.958601"><ele>562.6</ele><time>2026-04-18T01:06:38.000Z</time></trkpt>
      <trkpt lat="35.758935" lon="127.958635"><ele>563.4</ele><time>2026-04-18T01:06:44.000Z</time></trkpt>
      <trkpt lat="35.758948" lon="127.958684"><ele>564.6</ele><time>2026-04-18T01:06:50.000Z</time></trkpt>
      <trkpt lat="35.758951" lon="127.958691"><ele>564.8</ele><time>2026-04-18T01:06:51.000Z</time></trkpt>
      <trkpt lat="35.758950" lon="127.958731"><ele>565.8</ele><time>2026-04-18T01:06:57.000Z</time></trkpt>
      <trkpt lat="35.758952" lon="127.958735"><ele>565.8</ele><time>2026-04-18T01:06:58.000Z</time></trkpt>
      <trkpt lat="35.758954" lon="127.958739"><ele>566.0</ele><time>2026-04-18T01:06:59.000Z</time></trkpt>
      <trkpt lat="35.758962" lon="127.958771"><ele>566.8</ele><time>2026-04-18T01:07:04.000Z</time></trkpt>
      <trkpt lat="35.758965" lon="127.958784"><ele>567.2</ele><time>2026-04-18T01:07:06.000Z</time></trkpt>
      <trkpt lat="35.758987" lon="127.958807"><ele>568.0</ele><time>2026-04-18T01:07:11.000Z</time></trkpt>
      <trkpt lat="35.758994" lon="127.958826"><ele>568.2</ele><time>2026-04-18T01:07:14.000Z</time></trkpt>
      <trkpt lat="35.758997" lon="127.958863"><ele>569.0</ele><time>2026-04-18T01:07:19.000Z</time></trkpt>
      <trkpt lat="35.758993" lon="127.958897"><ele>569.8</ele><time>2026-04-18T01:07:24.000Z</time></trkpt>
      <trkpt lat="35.758995" lon="127.958912"><ele>570.2</ele><time>2026-04-18T01:07:26.000Z</time></trkpt>
      <trkpt lat="35.758975" lon="127.958945"><ele>571.2</ele><time>2026-04-18T01:07:33.000Z</time></trkpt>
      <trkpt lat="35.758975" lon="127.958945"><ele>571.2</ele><time>2026-04-18T01:07:34.000Z</time></trkpt>
      <trkpt lat="35.759016" lon="127.958914"><ele>571.8</ele><time>2026-04-18T01:07:42.000Z</time></trkpt>
      <trkpt lat="35.759038" lon="127.958926"><ele>570.0</ele><time>2026-04-18T01:07:47.000Z</time></trkpt>
      <trkpt lat="35.759042" lon="127.958937"><ele>569.8</ele><time>2026-04-18T01:07:49.000Z</time></trkpt>
      <trkpt lat="35.759058" lon="127.958969"><ele>571.0</ele><time>2026-04-18T01:07:56.000Z</time></trkpt>
      <trkpt lat="35.759060" lon="127.958976"><ele>571.2</ele><time>2026-04-18T01:07:58.000Z</time></trkpt>
      <trkpt lat="35.759067" lon="127.958992"><ele>571.6</ele><time>2026-04-18T01:08:02.000Z</time></trkpt>
      <trkpt lat="35.759071" lon="127.959004"><ele>572.2</ele><time>2026-04-18T01:08:04.000Z</time></trkpt>
      <trkpt lat="35.759077" lon="127.959020"><ele>573.4</ele><time>2026-04-18T01:08:08.000Z</time></trkpt>
      <trkpt lat="35.759084" lon="127.959037"><ele>572.8</ele><time>2026-04-18T01:08:12.000Z</time></trkpt>
      <trkpt lat="35.759095" lon="127.959060"><ele>573.6</ele><time>2026-04-18T01:08:18.000Z</time></trkpt>
      <trkpt lat="35.759107" lon="127.959063"><ele>574.4</ele><time>2026-04-18T01:08:21.000Z</time></trkpt>
      <trkpt lat="35.759122" lon="127.959076"><ele>575.4</ele><time>2026-04-18T01:08:24.000Z</time></trkpt>
      <trkpt lat="35.759131" lon="127.959123"><ele>576.0</ele><time>2026-04-18T01:08:31.000Z</time></trkpt>
      <trkpt lat="35.759128" lon="127.959139"><ele>576.6</ele><time>2026-04-18T01:08:33.000Z</time></trkpt>
      <trkpt lat="35.759129" lon="127.959147"><ele>578.8</ele><time>2026-04-18T01:08:34.000Z</time></trkpt>
      <trkpt lat="35.759132" lon="127.959153"><ele>580.0</ele><time>2026-04-18T01:08:35.000Z</time></trkpt>
      <trkpt lat="35.759133" lon="127.959154"><ele>582.0</ele><time>2026-04-18T01:08:36.000Z</time></trkpt>
      <trkpt lat="35.759134" lon="127.959156"><ele>583.6</ele><time>2026-04-18T01:08:37.000Z</time></trkpt>
      <trkpt lat="35.759137" lon="127.959163"><ele>584.2</ele><time>2026-04-18T01:08:39.000Z</time></trkpt>
      <trkpt lat="35.759122" lon="127.959191"><ele>582.2</ele><time>2026-04-18T01:08:46.000Z</time></trkpt>
      <trkpt lat="35.759118" lon="127.959202"><ele>580.8</ele><time>2026-04-18T01:08:49.000Z</time></trkpt>
      <trkpt lat="35.759096" lon="127.959227"><ele>581.2</ele><time>2026-04-18T01:09:01.000Z</time></trkpt>
      <trkpt lat="35.759095" lon="127.959231"><ele>581.4</ele><time>2026-04-18T01:09:03.000Z</time></trkpt>
      <trkpt lat="35.759090" lon="127.959254"><ele>581.8</ele><time>2026-04-18T01:09:10.000Z</time></trkpt>
      <trkpt lat="35.759096" lon="127.959264"><ele>582.4</ele><time>2026-04-18T01:09:14.000Z</time></trkpt>
      <trkpt lat="35.759108" lon="127.959298"><ele>582.8</ele><time>2026-04-18T01:09:23.000Z</time></trkpt>
      <trkpt lat="35.759112" lon="127.959313"><ele>583.8</ele><time>2026-04-18T01:09:29.000Z</time></trkpt>
      <trkpt lat="35.759118" lon="127.959314"><ele>584.4</ele><time>2026-04-18T01:09:32.000Z</time></trkpt>
      <trkpt lat="35.759123" lon="127.959317"><ele>585.0</ele><time>2026-04-18T01:09:35.000Z</time></trkpt>
      <trkpt lat="35.759133" lon="127.959338"><ele>586.2</ele><time>2026-04-18T01:09:43.000Z</time></trkpt>
      <trkpt lat="35.759133" lon="127.959341"><ele>587.6</ele><time>2026-04-18T01:09:44.000Z</time></trkpt>
      <trkpt lat="35.759149" lon="127.959344"><ele>587.6</ele><time>2026-04-18T01:09:50.000Z</time></trkpt>
      <trkpt lat="35.759178" lon="127.959355"><ele>588.8</ele><time>2026-04-18T01:10:00.000Z</time></trkpt>
      <trkpt lat="35.759191" lon="127.959365"><ele>589.6</ele><time>2026-04-18T01:10:05.000Z</time></trkpt>
      <trkpt lat="35.759200" lon="127.959361"><ele>590.0</ele><time>2026-04-18T01:10:07.000Z</time></trkpt>
      <trkpt lat="35.759214" lon="127.959362"><ele>591.0</ele><time>2026-04-18T01:10:13.000Z</time></trkpt>
      <trkpt lat="35.759217" lon="127.959362"><ele>591.0</ele><time>2026-04-18T01:10:14.000Z</time></trkpt>
      <trkpt lat="35.759230" lon="127.959367"><ele>591.8</ele><time>2026-04-18T01:10:23.000Z</time></trkpt>
      <trkpt lat="35.759235" lon="127.959360"><ele>592.0</ele><time>2026-04-18T01:10:26.000Z</time></trkpt>
      <trkpt lat="35.759252" lon="127.959340"><ele>593.0</ele><time>2026-04-18T01:10:33.000Z</time></trkpt>
      <trkpt lat="35.759255" lon="127.959338"><ele>593.2</ele><time>2026-04-18T01:10:34.000Z</time></trkpt>
      <trkpt lat="35.759281" lon="127.959338"><ele>594.2</ele><time>2026-04-18T01:10:44.000Z</time></trkpt>
      <trkpt lat="35.759292" lon="127.959335"><ele>594.4</ele><time>2026-04-18T01:10:48.000Z</time></trkpt>
      <trkpt lat="35.759307" lon="127.959343"><ele>596.0</ele><time>2026-04-18T01:10:52.000Z</time></trkpt>
      <trkpt lat="35.759325" lon="127.959344"><ele>596.0</ele><time>2026-04-18T01:10:57.000Z</time></trkpt>
      <trkpt lat="35.759349" lon="127.959340"><ele>597.2</ele><time>2026-04-18T01:11:05.000Z</time></trkpt>
      <trkpt lat="35.759357" lon="127.959349"><ele>598.2</ele><time>2026-04-18T01:11:08.000Z</time></trkpt>
      <trkpt lat="35.759373" lon="127.959374"><ele>599.4</ele><time>2026-04-18T01:11:12.000Z</time></trkpt>
      <trkpt lat="35.759379" lon="127.959387"><ele>601.4</ele><time>2026-04-18T01:11:14.000Z</time></trkpt>
      <trkpt lat="35.759381" lon="127.959393"><ele>602.6</ele><time>2026-04-18T01:11:15.000Z</time></trkpt>
      <trkpt lat="35.759386" lon="127.959399"><ele>603.2</ele><time>2026-04-18T01:11:16.000Z</time></trkpt>
      <trkpt lat="35.759412" lon="127.959434"><ele>602.4</ele><time>2026-04-18T01:11:23.000Z</time></trkpt>
      <trkpt lat="35.759416" lon="127.959436"><ele>604.0</ele><time>2026-04-18T01:11:26.000Z</time></trkpt>
      <trkpt lat="35.759421" lon="127.959442"><ele>604.2</ele><time>2026-04-18T01:11:28.000Z</time></trkpt>
      <trkpt lat="35.759442" lon="127.959499"><ele>602.4</ele><time>2026-04-18T01:11:36.000Z</time></trkpt>
      <trkpt lat="35.759454" lon="127.959529"><ele>601.4</ele><time>2026-04-18T01:11:41.000Z</time></trkpt>
      <trkpt lat="35.759469" lon="127.959572"><ele>604.8</ele><time>2026-04-18T01:11:47.000Z</time></trkpt>
      <trkpt lat="35.759472" lon="127.959578"><ele>605.8</ele><time>2026-04-18T01:11:48.000Z</time></trkpt>
      <trkpt lat="35.759477" lon="127.959584"><ele>605.8</ele><time>2026-04-18T01:11:49.000Z</time></trkpt>
      <trkpt lat="35.759506" lon="127.959634"><ele>606.6</ele><time>2026-04-18T01:12:00.000Z</time></trkpt>
      <trkpt lat="35.759511" lon="127.959646"><ele>607.0</ele><time>2026-04-18T01:12:02.000Z</time></trkpt>
      <trkpt lat="35.759538" lon="127.959732"><ele>608.0</ele><time>2026-04-18T01:12:13.000Z</time></trkpt>
      <trkpt lat="35.759550" lon="127.959762"><ele>608.6</ele><time>2026-04-18T01:12:17.000Z</time></trkpt>
      <trkpt lat="35.759560" lon="127.959785"><ele>608.6</ele><time>2026-04-18T01:12:20.000Z</time></trkpt>
      <trkpt lat="35.759571" lon="127.959799"><ele>608.4</ele><time>2026-04-18T01:12:22.000Z</time></trkpt>
      <trkpt lat="35.759596" lon="127.959810"><ele>608.0</ele><time>2026-04-18T01:12:26.000Z</time></trkpt>
      <trkpt lat="35.759647" lon="127.959855"><ele>607.6</ele><time>2026-04-18T01:12:34.000Z</time></trkpt>
      <trkpt lat="35.759661" lon="127.959868"><ele>605.8</ele><time>2026-04-18T01:12:36.000Z</time></trkpt>
      <trkpt lat="35.759666" lon="127.959877"><ele>605.2</ele><time>2026-04-18T01:12:37.000Z</time></trkpt>
      <trkpt lat="35.759717" lon="127.959961"><ele>604.8</ele><time>2026-04-18T01:12:46.000Z</time></trkpt>
      <trkpt lat="35.759714" lon="127.959976"><ele>604.8</ele><time>2026-04-18T01:12:48.000Z</time></trkpt>
      <trkpt lat="35.759702" lon="127.959978"><ele>606.4</ele><time>2026-04-18T01:12:53.000Z</time></trkpt>
      <trkpt lat="35.759708" lon="127.959994"><ele>606.6</ele><time>2026-04-18T01:12:55.000Z</time></trkpt>
      <trkpt lat="35.759721" lon="127.960024"><ele>606.2</ele><time>2026-04-18T01:13:02.000Z</time></trkpt>
      <trkpt lat="35.759736" lon="127.960055"><ele>607.8</ele><time>2026-04-18T01:13:08.000Z</time></trkpt>
      <trkpt lat="35.759738" lon="127.960056"><ele>608.2</ele><time>2026-04-18T01:13:09.000Z</time></trkpt>
      <trkpt lat="35.759743" lon="127.960057"><ele>608.6</ele><time>2026-04-18T01:13:14.000Z</time></trkpt>
      <trkpt lat="35.759751" lon="127.960067"><ele>608.6</ele><time>2026-04-18T01:13:16.000Z</time></trkpt>
      <trkpt lat="35.759769" lon="127.960100"><ele>608.8</ele><time>2026-04-18T01:13:20.000Z</time></trkpt>
      <trkpt lat="35.759783" lon="127.960146"><ele>609.2</ele><time>2026-04-18T01:13:25.000Z</time></trkpt>
      <trkpt lat="35.759770" lon="127.960243"><ele>609.2</ele><time>2026-04-18T01:13:36.000Z</time></trkpt>
      <trkpt lat="35.759744" lon="127.960339"><ele>608.0</ele><time>2026-04-18T01:13:46.000Z</time></trkpt>
      <trkpt lat="35.759740" lon="127.960357"><ele>607.8</ele><time>2026-04-18T01:13:48.000Z</time></trkpt>
      <trkpt lat="35.759738" lon="127.960377"><ele>607.8</ele><time>2026-04-18T01:13:50.000Z</time></trkpt>
      <trkpt lat="35.759740" lon="127.960446"><ele>607.0</ele><time>2026-04-18T01:13:57.000Z</time></trkpt>
      <trkpt lat="35.759741" lon="127.960454"><ele>606.6</ele><time>2026-04-18T01:13:58.000Z</time></trkpt>
      <trkpt lat="35.759738" lon="127.960477"><ele>606.4</ele><time>2026-04-18T01:14:00.000Z</time></trkpt>
      <trkpt lat="35.759735" lon="127.960527"><ele>606.4</ele><time>2026-04-18T01:14:07.000Z</time></trkpt>
      <trkpt lat="35.759741" lon="127.960568"><ele>607.6</ele><time>2026-04-18T01:14:15.000Z</time></trkpt>
      <trkpt lat="35.759742" lon="127.960601"><ele>608.8</ele><time>2026-04-18T01:14:24.000Z</time></trkpt>
      <trkpt lat="35.759736" lon="127.960631"><ele>610.2</ele><time>2026-04-18T01:14:28.000Z</time></trkpt>
      <trkpt lat="35.759737" lon="127.960655"><ele>610.6</ele><time>2026-04-18T01:14:31.000Z</time></trkpt>
      <trkpt lat="35.759742" lon="127.960670"><ele>611.0</ele><time>2026-04-18T01:14:33.000Z</time></trkpt>
      <trkpt lat="35.759745" lon="127.960678"><ele>611.4</ele><time>2026-04-18T01:14:35.000Z</time></trkpt>
      <trkpt lat="35.759740" lon="127.960686"><ele>611.6</ele><time>2026-04-18T01:14:36.000Z</time></trkpt>
      <trkpt lat="35.759755" lon="127.960739"><ele>612.4</ele><time>2026-04-18T01:14:45.000Z</time></trkpt>
      <trkpt lat="35.759759" lon="127.960745"><ele>612.6</ele><time>2026-04-18T01:14:46.000Z</time></trkpt>
      <trkpt lat="35.759770" lon="127.960764"><ele>613.2</ele><time>2026-04-18T01:14:50.000Z</time></trkpt>
      <trkpt lat="35.759777" lon="127.960768"><ele>613.4</ele><time>2026-04-18T01:14:52.000Z</time></trkpt>
      <trkpt lat="35.759780" lon="127.960790"><ele>614.4</ele><time>2026-04-18T01:14:56.000Z</time></trkpt>
      <trkpt lat="35.759782" lon="127.960794"><ele>614.6</ele><time>2026-04-18T01:14:57.000Z</time></trkpt>
      <trkpt lat="35.759794" lon="127.960821"><ele>615.6</ele><time>2026-04-18T01:15:02.000Z</time></trkpt>
      <trkpt lat="35.759809" lon="127.960851"><ele>616.8</ele><time>2026-04-18T01:15:08.000Z</time></trkpt>
      <trkpt lat="35.759819" lon="127.960857"><ele>617.4</ele><time>2026-04-18T01:15:10.000Z</time></trkpt>
      <trkpt lat="35.759827" lon="127.960871"><ele>618.0</ele><time>2026-04-18T01:15:13.000Z</time></trkpt>
      <trkpt lat="35.759834" lon="127.960896"><ele>618.8</ele><time>2026-04-18T01:15:17.000Z</time></trkpt>
      <trkpt lat="35.759835" lon="127.960909"><ele>619.0</ele><time>2026-04-18T01:15:19.000Z</time></trkpt>
      <trkpt lat="35.759842" lon="127.960916"><ele>619.4</ele><time>2026-04-18T01:15:21.000Z</time></trkpt>
      <trkpt lat="35.759854" lon="127.960932"><ele>620.2</ele><time>2026-04-18T01:15:25.000Z</time></trkpt>
      <trkpt lat="35.759868" lon="127.960957"><ele>621.2</ele><time>2026-04-18T01:15:30.000Z</time></trkpt>
      <trkpt lat="35.759885" lon="127.960989"><ele>622.2</ele><time>2026-04-18T01:15:35.000Z</time></trkpt>
      <trkpt lat="35.759897" lon="127.961027"><ele>623.4</ele><time>2026-04-18T01:15:41.000Z</time></trkpt>
      <trkpt lat="35.759904" lon="127.961042"><ele>624.0</ele><time>2026-04-18T01:15:44.000Z</time></trkpt>
      <trkpt lat="35.759911" lon="127.961053"><ele>624.6</ele><time>2026-04-18T01:15:47.000Z</time></trkpt>
      <trkpt lat="35.759925" lon="127.961086"><ele>625.6</ele><time>2026-04-18T01:15:54.000Z</time></trkpt>
      <trkpt lat="35.759924" lon="127.961093"><ele>626.2</ele><time>2026-04-18T01:15:57.000Z</time></trkpt>
      <trkpt lat="35.759927" lon="127.961109"><ele>626.6</ele><time>2026-04-18T01:16:00.000Z</time></trkpt>
      <trkpt lat="35.759932" lon="127.961159"><ele>627.8</ele><time>2026-04-18T01:16:08.000Z</time></trkpt>
      <trkpt lat="35.759940" lon="127.961185"><ele>628.8</ele><time>2026-04-18T01:16:13.000Z</time></trkpt>
      <trkpt lat="35.759945" lon="127.961197"><ele>629.6</ele><time>2026-04-18T01:16:17.000Z</time></trkpt>
      <trkpt lat="35.759950" lon="127.961199"><ele>629.8</ele><time>2026-04-18T01:16:19.000Z</time></trkpt>
      <trkpt lat="35.759969" lon="127.961228"><ele>631.0</ele><time>2026-04-18T01:16:28.000Z</time></trkpt>
      <trkpt lat="35.759971" lon="127.961231"><ele>631.0</ele><time>2026-04-18T01:16:29.000Z</time></trkpt>
      <trkpt lat="35.759977" lon="127.961252"><ele>632.0</ele><time>2026-04-18T01:16:35.000Z</time></trkpt>
      <trkpt lat="35.759984" lon="127.961274"><ele>633.0</ele><time>2026-04-18T01:16:42.000Z</time></trkpt>
      <trkpt lat="35.759993" lon="127.961311"><ele>634.2</ele><time>2026-04-18T01:16:48.000Z</time></trkpt>
      <trkpt lat="35.759991" lon="127.961319"><ele>634.4</ele><time>2026-04-18T01:16:49.000Z</time></trkpt>
      <trkpt lat="35.759984" lon="127.961348"><ele>635.2</ele><time>2026-04-18T01:16:54.000Z</time></trkpt>
      <trkpt lat="35.759991" lon="127.961389"><ele>636.2</ele><time>2026-04-18T01:17:02.000Z</time></trkpt>
      <trkpt lat="35.759996" lon="127.961412"><ele>637.2</ele><time>2026-04-18T01:17:07.000Z</time></trkpt>
      <trkpt lat="35.759995" lon="127.961418"><ele>637.4</ele><time>2026-04-18T01:17:08.000Z</time></trkpt>
      <trkpt lat="35.759991" lon="127.961454"><ele>638.4</ele><time>2026-04-18T01:17:14.000Z</time></trkpt>
      <trkpt lat="35.759991" lon="127.961463"><ele>639.4</ele><time>2026-04-18T01:17:16.000Z</time></trkpt>
      <trkpt lat="35.759994" lon="127.961479"><ele>640.6</ele><time>2026-04-18T01:17:19.000Z</time></trkpt>
      <trkpt lat="35.759993" lon="127.961500"><ele>639.0</ele><time>2026-04-18T01:17:23.000Z</time></trkpt>
      <trkpt lat="35.759994" lon="127.961504"><ele>638.4</ele><time>2026-04-18T01:17:24.000Z</time></trkpt>
      <trkpt lat="35.760027" lon="127.961575"><ele>640.2</ele><time>2026-04-18T01:17:40.000Z</time></trkpt>
      <trkpt lat="35.760040" lon="127.961590"><ele>640.8</ele><time>2026-04-18T01:17:44.000Z</time></trkpt>
      <trkpt lat="35.760047" lon="127.961595"><ele>642.2</ele><time>2026-04-18T01:17:46.000Z</time></trkpt>
      <trkpt lat="35.760055" lon="127.961605"><ele>643.4</ele><time>2026-04-18T01:17:48.000Z</time></trkpt>
      <trkpt lat="35.760071" lon="127.961673"><ele>643.6</ele><time>2026-04-18T01:18:00.000Z</time></trkpt>
      <trkpt lat="35.760079" lon="127.961685"><ele>644.4</ele><time>2026-04-18T01:18:02.000Z</time></trkpt>
      <trkpt lat="35.760082" lon="127.961740"><ele>646.2</ele><time>2026-04-18T01:18:10.000Z</time></trkpt>
      <trkpt lat="35.760077" lon="127.961764"><ele>647.2</ele><time>2026-04-18T01:18:13.000Z</time></trkpt>
      <trkpt lat="35.760074" lon="127.961778"><ele>644.8</ele><time>2026-04-18T01:18:18.000Z</time></trkpt>
      <trkpt lat="35.760055" lon="127.961792"><ele>644.0</ele><time>2026-04-18T01:18:21.000Z</time></trkpt>
      <trkpt lat="35.760042" lon="127.961802"><ele>643.8</ele><time>2026-04-18T01:18:23.000Z</time></trkpt>
      <trkpt lat="35.759959" lon="127.961877"><ele>643.6</ele><time>2026-04-18T01:18:35.000Z</time></trkpt>
      <trkpt lat="35.759899" lon="127.961904"><ele>644.6</ele><time>2026-04-18T01:18:43.000Z</time></trkpt>
      <trkpt lat="35.759883" lon="127.961906"><ele>644.8</ele><time>2026-04-18T01:18:45.000Z</time></trkpt>
      <trkpt lat="35.759854" lon="127.961901"><ele>645.0</ele><time>2026-04-18T01:18:49.000Z</time></trkpt>
      <trkpt lat="35.759846" lon="127.961904"><ele>645.6</ele><time>2026-04-18T01:18:51.000Z</time></trkpt>
      <trkpt lat="35.759832" lon="127.961895"><ele>645.8</ele><time>2026-04-18T01:18:54.000Z</time></trkpt>
      <trkpt lat="35.759821" lon="127.961882"><ele>646.2</ele><time>2026-04-18T01:18:56.000Z</time></trkpt>
      <trkpt lat="35.759816" lon="127.961877"><ele>646.4</ele><time>2026-04-18T01:18:57.000Z</time></trkpt>
      <trkpt lat="35.759784" lon="127.961880"><ele>647.2</ele><time>2026-04-18T01:19:05.000Z</time></trkpt>
      <trkpt lat="35.759784" lon="127.961884"><ele>647.4</ele><time>2026-04-18T01:19:06.000Z</time></trkpt>
      <trkpt lat="35.759779" lon="127.961893"><ele>648.8</ele><time>2026-04-18T01:19:08.000Z</time></trkpt>
      <trkpt lat="35.759773" lon="127.961898"><ele>652.2</ele><time>2026-04-18T01:19:09.000Z</time></trkpt>
      <trkpt lat="35.759770" lon="127.961901"><ele>653.4</ele><time>2026-04-18T01:19:10.000Z</time></trkpt>
      <trkpt lat="35.759751" lon="127.961915"><ele>652.8</ele><time>2026-04-18T01:19:17.000Z</time></trkpt>
      <trkpt lat="35.759745" lon="127.961930"><ele>654.0</ele><time>2026-04-18T01:19:22.000Z</time></trkpt>
      <trkpt lat="35.759746" lon="127.961962"><ele>653.6</ele><time>2026-04-18T01:19:29.000Z</time></trkpt>
      <trkpt lat="35.759746" lon="127.961966"><ele>653.8</ele><time>2026-04-18T01:19:30.000Z</time></trkpt>
      <trkpt lat="35.759744" lon="127.961971"><ele>655.0</ele><time>2026-04-18T01:19:32.000Z</time></trkpt>
      <trkpt lat="35.759745" lon="127.961979"><ele>656.4</ele><time>2026-04-18T01:19:34.000Z</time></trkpt>
      <trkpt lat="35.759744" lon="127.961988"><ele>658.0</ele><time>2026-04-18T01:19:36.000Z</time></trkpt>
      <trkpt lat="35.759743" lon="127.961997"><ele>659.2</ele><time>2026-04-18T01:19:39.000Z</time></trkpt>
      <trkpt lat="35.759739" lon="127.962006"><ele>659.8</ele><time>2026-04-18T01:19:42.000Z</time></trkpt>
      <trkpt lat="35.759735" lon="127.962009"><ele>659.8</ele><time>2026-04-18T01:19:43.000Z</time></trkpt>
      <trkpt lat="35.759718" lon="127.962023"><ele>660.2</ele><time>2026-04-18T01:19:48.000Z</time></trkpt>
      <trkpt lat="35.759702" lon="127.962040"><ele>661.4</ele><time>2026-04-18T01:19:53.000Z</time></trkpt>
      <trkpt lat="35.759699" lon="127.962052"><ele>661.8</ele><time>2026-04-18T01:19:55.000Z</time></trkpt>
      <trkpt lat="35.759697" lon="127.962065"><ele>662.4</ele><time>2026-04-18T01:19:58.000Z</time></trkpt>
      <trkpt lat="35.759684" lon="127.962081"><ele>663.4</ele><time>2026-04-18T01:20:04.000Z</time></trkpt>
      <trkpt lat="35.759682" lon="127.962083"><ele>663.6</ele><time>2026-04-18T01:20:05.000Z</time></trkpt>
      <trkpt lat="35.759684" lon="127.962098"><ele>664.2</ele><time>2026-04-18T01:20:10.000Z</time></trkpt>
      <trkpt lat="35.759684" lon="127.962102"><ele>662.8</ele><time>2026-04-18T01:20:15.000Z</time></trkpt>
      <trkpt lat="35.759685" lon="127.962130"><ele>663.8</ele><time>2026-04-18T01:20:24.000Z</time></trkpt>
      <trkpt lat="35.759683" lon="127.962133"><ele>665.6</ele><time>2026-04-18T01:20:27.000Z</time></trkpt>
      <trkpt lat="35.759676" lon="127.962141"><ele>665.6</ele><time>2026-04-18T01:20:30.000Z</time></trkpt>
      <trkpt lat="35.759653" lon="127.962157"><ele>665.6</ele><time>2026-04-18T01:20:38.000Z</time></trkpt>
      <trkpt lat="35.759620" lon="127.962177"><ele>666.4</ele><time>2026-04-18T01:20:46.000Z</time></trkpt>
      <trkpt lat="35.759617" lon="127.962183"><ele>666.8</ele><time>2026-04-18T01:20:48.000Z</time></trkpt>
      <trkpt lat="35.759620" lon="127.962187"><ele>667.8</ele><time>2026-04-18T01:20:52.000Z</time></trkpt>
      <trkpt lat="35.759632" lon="127.962202"><ele>668.8</ele><time>2026-04-18T01:20:55.000Z</time></trkpt>
      <trkpt lat="35.759607" lon="127.962225"><ele>670.0</ele><time>2026-04-18T01:21:02.000Z</time></trkpt>
      <trkpt lat="35.759598" lon="127.962225"><ele>671.0</ele><time>2026-04-18T01:21:05.000Z</time></trkpt>
      <trkpt lat="35.759595" lon="127.962230"><ele>671.6</ele><time>2026-04-18T01:21:08.000Z</time></trkpt>
      <trkpt lat="35.759597" lon="127.962233"><ele>673.0</ele><time>2026-04-18T01:21:09.000Z</time></trkpt>
      <trkpt lat="35.759606" lon="127.962238"><ele>674.0</ele><time>2026-04-18T01:21:12.000Z</time></trkpt>
      <trkpt lat="35.759618" lon="127.962251"><ele>674.4</ele><time>2026-04-18T01:21:15.000Z</time></trkpt>
      <trkpt lat="35.759615" lon="127.962276"><ele>675.2</ele><time>2026-04-18T01:21:21.000Z</time></trkpt>
      <trkpt lat="35.759604" lon="127.962281"><ele>675.6</ele><time>2026-04-18T01:21:24.000Z</time></trkpt>
      <trkpt lat="35.759597" lon="127.962298"><ele>676.2</ele><time>2026-04-18T01:21:29.000Z</time></trkpt>
      <trkpt lat="35.759603" lon="127.962314"><ele>676.8</ele><time>2026-04-18T01:21:32.000Z</time></trkpt>
      <trkpt lat="35.759605" lon="127.962317"><ele>677.4</ele><time>2026-04-18T01:21:35.000Z</time></trkpt>
      <trkpt lat="35.759604" lon="127.962317"><ele>677.6</ele><time>2026-04-18T01:21:38.000Z</time></trkpt>
      <trkpt lat="35.759598" lon="127.962363"><ele>678.0</ele><time>2026-04-18T01:21:49.000Z</time></trkpt>
      <trkpt lat="35.759602" lon="127.962368"><ele>678.6</ele><time>2026-04-18T01:21:50.000Z</time></trkpt>
      <trkpt lat="35.759599" lon="127.962398"><ele>678.0</ele><time>2026-04-18T01:21:56.000Z</time></trkpt>
      <trkpt lat="35.759598" lon="127.962407"><ele>679.8</ele><time>2026-04-18T01:22:01.000Z</time></trkpt>
      <trkpt lat="35.759598" lon="127.962407"><ele>680.4</ele><time>2026-04-18T01:22:02.000Z</time></trkpt>
      <trkpt lat="35.759599" lon="127.962411"><ele>680.8</ele><time>2026-04-18T01:22:09.000Z</time></trkpt>
      <trkpt lat="35.759587" lon="127.962456"><ele>681.8</ele><time>2026-04-18T01:22:19.000Z</time></trkpt>
      <trkpt lat="35.759585" lon="127.962461"><ele>682.2</ele><time>2026-04-18T01:22:20.000Z</time></trkpt>
      <trkpt lat="35.759586" lon="127.962496"><ele>683.0</ele><time>2026-04-18T01:22:26.000Z</time></trkpt>
      <trkpt lat="35.759588" lon="127.962510"><ele>683.4</ele><time>2026-04-18T01:22:29.000Z</time></trkpt>
      <trkpt lat="35.759587" lon="127.962529"><ele>684.2</ele><time>2026-04-18T01:22:33.000Z</time></trkpt>
      <trkpt lat="35.759594" lon="127.962549"><ele>684.6</ele><time>2026-04-18T01:22:36.000Z</time></trkpt>
      <trkpt lat="35.759589" lon="127.962573"><ele>685.2</ele><time>2026-04-18T01:22:41.000Z</time></trkpt>
      <trkpt lat="35.759585" lon="127.962593"><ele>685.8</ele><time>2026-04-18T01:22:45.000Z</time></trkpt>
      <trkpt lat="35.759583" lon="127.962615"><ele>686.2</ele><time>2026-04-18T01:22:49.000Z</time></trkpt>
      <trkpt lat="35.759575" lon="127.962639"><ele>687.2</ele><time>2026-04-18T01:22:54.000Z</time></trkpt>
      <trkpt lat="35.759573" lon="127.962646"><ele>687.4</ele><time>2026-04-18T01:22:55.000Z</time></trkpt>
      <trkpt lat="35.759560" lon="127.962684"><ele>689.0</ele><time>2026-04-18T01:23:02.000Z</time></trkpt>
      <trkpt lat="35.759556" lon="127.962692"><ele>689.2</ele><time>2026-04-18T01:23:04.000Z</time></trkpt>
      <trkpt lat="35.759547" lon="127.962701"><ele>689.6</ele><time>2026-04-18T01:23:11.000Z</time></trkpt>
      <trkpt lat="35.759550" lon="127.962754"><ele>689.2</ele><time>2026-04-18T01:23:23.000Z</time></trkpt>
      <trkpt lat="35.759557" lon="127.962769"><ele>690.2</ele><time>2026-04-18T01:23:28.000Z</time></trkpt>
      <trkpt lat="35.759559" lon="127.962796"><ele>691.2</ele><time>2026-04-18T01:23:34.000Z</time></trkpt>
      <trkpt lat="35.759559" lon="127.962800"><ele>691.4</ele><time>2026-04-18T01:23:35.000Z</time></trkpt>
      <trkpt lat="35.759547" lon="127.962825"><ele>692.4</ele><time>2026-04-18T01:23:41.000Z</time></trkpt>
      <trkpt lat="35.759530" lon="127.962833"><ele>692.6</ele><time>2026-04-18T01:23:44.000Z</time></trkpt>
      <trkpt lat="35.759499" lon="127.962868"><ele>694.0</ele><time>2026-04-18T01:23:53.000Z</time></trkpt>
      <trkpt lat="35.759500" lon="127.962874"><ele>694.6</ele><time>2026-04-18T01:23:55.000Z</time></trkpt>
      <trkpt lat="35.759505" lon="127.962885"><ele>695.0</ele><time>2026-04-18T01:23:57.000Z</time></trkpt>
      <trkpt lat="35.759502" lon="127.962894"><ele>696.2</ele><time>2026-04-18T01:23:59.000Z</time></trkpt>
      <trkpt lat="35.759492" lon="127.962904"><ele>696.6</ele><time>2026-04-18T01:24:03.000Z</time></trkpt>
      <trkpt lat="35.759507" lon="127.962911"><ele>697.0</ele><time>2026-04-18T01:24:09.000Z</time></trkpt>
      <trkpt lat="35.759515" lon="127.962914"><ele>697.6</ele><time>2026-04-18T01:24:11.000Z</time></trkpt>
      <trkpt lat="35.759514" lon="127.962933"><ele>698.0</ele><time>2026-04-18T01:24:17.000Z</time></trkpt>
      <trkpt lat="35.759519" lon="127.962957"><ele>699.0</ele><time>2026-04-18T01:24:22.000Z</time></trkpt>
      <trkpt lat="35.759519" lon="127.962970"><ele>700.6</ele><time>2026-04-18T01:24:24.000Z</time></trkpt>
      <trkpt lat="35.759519" lon="127.962994"><ele>701.4</ele><time>2026-04-18T01:24:32.000Z</time></trkpt>
      <trkpt lat="35.759524" lon="127.963007"><ele>701.8</ele><time>2026-04-18T01:24:37.000Z</time></trkpt>
      <trkpt lat="35.759528" lon="127.963010"><ele>701.4</ele><time>2026-04-18T01:24:39.000Z</time></trkpt>
      <trkpt lat="35.759531" lon="127.963035"><ele>702.6</ele><time>2026-04-18T01:24:50.000Z</time></trkpt>
      <trkpt lat="35.759539" lon="127.963038"><ele>702.8</ele><time>2026-04-18T01:24:53.000Z</time></trkpt>
      <trkpt lat="35.759538" lon="127.963050"><ele>703.8</ele><time>2026-04-18T01:24:57.000Z</time></trkpt>
      <trkpt lat="35.759535" lon="127.963055"><ele>703.8</ele><time>2026-04-18T01:24:59.000Z</time></trkpt>
      <trkpt lat="35.759528" lon="127.963067"><ele>704.2</ele><time>2026-04-18T01:25:03.000Z</time></trkpt>
      <trkpt lat="35.759531" lon="127.963071"><ele>705.8</ele><time>2026-04-18T01:25:06.000Z</time></trkpt>
      <trkpt lat="35.759529" lon="127.963083"><ele>706.0</ele><time>2026-04-18T01:25:09.000Z</time></trkpt>
      <trkpt lat="35.759530" lon="127.963103"><ele>706.2</ele><time>2026-04-18T01:25:17.000Z</time></trkpt>
      <trkpt lat="35.759538" lon="127.963100"><ele>707.8</ele><time>2026-04-18T01:25:19.000Z</time></trkpt>
      <trkpt lat="35.759559" lon="127.963121"><ele>707.8</ele><time>2026-04-18T01:25:26.000Z</time></trkpt>
      <trkpt lat="35.759547" lon="127.963136"><ele>708.6</ele><time>2026-04-18T01:25:32.000Z</time></trkpt>
      <trkpt lat="35.759546" lon="127.963137"><ele>708.8</ele><time>2026-04-18T01:25:33.000Z</time></trkpt>
      <trkpt lat="35.759544" lon="127.963154"><ele>711.4</ele><time>2026-04-18T01:25:36.000Z</time></trkpt>
      <trkpt lat="35.759546" lon="127.963155"><ele>712.4</ele><time>2026-04-18T01:25:37.000Z</time></trkpt>
      <trkpt lat="35.759549" lon="127.963156"><ele>714.0</ele><time>2026-04-18T01:25:38.000Z</time></trkpt>
      <trkpt lat="35.759552" lon="127.963155"><ele>714.4</ele><time>2026-04-18T01:25:39.000Z</time></trkpt>
      <trkpt lat="35.759552" lon="127.963153"><ele>715.6</ele><time>2026-04-18T01:25:47.000Z</time></trkpt>
      <trkpt lat="35.759553" lon="127.963156"><ele>716.8</ele><time>2026-04-18T01:25:48.000Z</time></trkpt>
      <trkpt lat="35.759552" lon="127.963162"><ele>717.2</ele><time>2026-04-18T01:25:49.000Z</time></trkpt>
      <trkpt lat="35.759560" lon="127.963183"><ele>714.4</ele><time>2026-04-18T01:25:53.000Z</time></trkpt>
      <trkpt lat="35.759575" lon="127.963197"><ele>713.2</ele><time>2026-04-18T01:25:57.000Z</time></trkpt>
      <trkpt lat="35.759587" lon="127.963207"><ele>712.0</ele><time>2026-04-18T01:26:00.000Z</time></trkpt>
      <trkpt lat="35.759611" lon="127.963214"><ele>712.0</ele><time>2026-04-18T01:26:04.000Z</time></trkpt>
      <trkpt lat="35.759652" lon="127.963217"><ele>712.0</ele><time>2026-04-18T01:26:10.000Z</time></trkpt>
      <trkpt lat="35.759694" lon="127.963250"><ele>713.6</ele><time>2026-04-18T01:26:19.000Z</time></trkpt>
      <trkpt lat="35.759693" lon="127.963252"><ele>714.6</ele><time>2026-04-18T01:26:20.000Z</time></trkpt>
      <trkpt lat="35.759683" lon="127.963257"><ele>716.0</ele><time>2026-04-18T01:26:22.000Z</time></trkpt>
      <trkpt lat="35.759678" lon="127.963274"><ele>717.2</ele><time>2026-04-18T01:26:27.000Z</time></trkpt>
      <trkpt lat="35.759628" lon="127.963308"><ele>718.2</ele><time>2026-04-18T01:26:36.000Z</time></trkpt>
      <trkpt lat="35.759626" lon="127.963314"><ele>718.4</ele><time>2026-04-18T01:26:37.000Z</time></trkpt>
      <trkpt lat="35.759614" lon="127.963333"><ele>719.2</ele><time>2026-04-18T01:26:41.000Z</time></trkpt>
      <trkpt lat="35.759604" lon="127.963362"><ele>720.2</ele><time>2026-04-18T01:26:45.000Z</time></trkpt>
      <trkpt lat="35.759604" lon="127.963366"><ele>720.4</ele><time>2026-04-18T01:26:46.000Z</time></trkpt>
      <trkpt lat="35.759587" lon="127.963395"><ele>721.4</ele><time>2026-04-18T01:26:51.000Z</time></trkpt>
      <trkpt lat="35.759578" lon="127.963413"><ele>722.4</ele><time>2026-04-18T01:26:57.000Z</time></trkpt>
      <trkpt lat="35.759543" lon="127.963424"><ele>723.6</ele><time>2026-04-18T01:27:03.000Z</time></trkpt>
      <trkpt lat="35.759519" lon="127.963445"><ele>724.4</ele><time>2026-04-18T01:27:08.000Z</time></trkpt>
      <trkpt lat="35.759507" lon="127.963446"><ele>724.6</ele><time>2026-04-18T01:27:10.000Z</time></trkpt>
      <trkpt lat="35.759489" lon="127.963453"><ele>725.4</ele><time>2026-04-18T01:27:15.000Z</time></trkpt>
      <trkpt lat="35.759480" lon="127.963457"><ele>725.4</ele><time>2026-04-18T01:27:17.000Z</time></trkpt>
      <trkpt lat="35.759471" lon="127.963459"><ele>725.6</ele><time>2026-04-18T01:27:19.000Z</time></trkpt>
      <trkpt lat="35.759471" lon="127.963486"><ele>726.6</ele><time>2026-04-18T01:27:26.000Z</time></trkpt>
      <trkpt lat="35.759467" lon="127.963502"><ele>727.2</ele><time>2026-04-18T01:27:30.000Z</time></trkpt>
      <trkpt lat="35.759439" lon="127.963503"><ele>726.6</ele><time>2026-04-18T01:27:38.000Z</time></trkpt>
      <trkpt lat="35.759436" lon="127.963508"><ele>725.2</ele><time>2026-04-18T01:27:39.000Z</time></trkpt>
      <trkpt lat="35.759387" lon="127.963547"><ele>725.2</ele><time>2026-04-18T01:27:49.000Z</time></trkpt>
      <trkpt lat="35.759368" lon="127.963557"><ele>726.2</ele><time>2026-04-18T01:27:52.000Z</time></trkpt>
      <trkpt lat="35.759328" lon="127.963581"><ele>727.2</ele><time>2026-04-18T01:27:58.000Z</time></trkpt>
      <trkpt lat="35.759321" lon="127.963584"><ele>727.2</ele><time>2026-04-18T01:27:59.000Z</time></trkpt>
      <trkpt lat="35.759227" lon="127.963595"><ele>727.8</ele><time>2026-04-18T01:28:13.000Z</time></trkpt>
      <trkpt lat="35.759206" lon="127.963590"><ele>728.4</ele><time>2026-04-18T01:28:16.000Z</time></trkpt>
      <trkpt lat="35.759089" lon="127.963581"><ele>729.4</ele><time>2026-04-18T01:28:30.000Z</time></trkpt>
      <trkpt lat="35.758997" lon="127.963548"><ele>730.2</ele><time>2026-04-18T01:28:40.000Z</time></trkpt>
      <trkpt lat="35.758933" lon="127.963515"><ele>730.0</ele><time>2026-04-18T01:28:48.000Z</time></trkpt>
      <trkpt lat="35.758896" lon="127.963498"><ele>730.4</ele><time>2026-04-18T01:28:53.000Z</time></trkpt>
      <trkpt lat="35.758856" lon="127.963481"><ele>731.6</ele><time>2026-04-18T01:28:59.000Z</time></trkpt>
      <trkpt lat="35.758727" lon="127.963409"><ele>732.2</ele><time>2026-04-18T01:29:16.000Z</time></trkpt>
      <trkpt lat="35.758689" lon="127.963382"><ele>733.0</ele><time>2026-04-18T01:29:23.000Z</time></trkpt>
      <trkpt lat="35.758678" lon="127.963375"><ele>733.4</ele><time>2026-04-18T01:29:25.000Z</time></trkpt>
      <trkpt lat="35.758654" lon="127.963356"><ele>734.0</ele><time>2026-04-18T01:29:31.000Z</time></trkpt>
      <trkpt lat="35.758641" lon="127.963325"><ele>735.2</ele><time>2026-04-18T01:29:36.000Z</time></trkpt>
      <trkpt lat="35.758628" lon="127.963310"><ele>735.6</ele><time>2026-04-18T01:29:40.000Z</time></trkpt>
      <trkpt lat="35.758619" lon="127.963314"><ele>738.6</ele><time>2026-04-18T01:29:43.000Z</time></trkpt>
      <trkpt lat="35.758614" lon="127.963318"><ele>741.2</ele><time>2026-04-18T01:29:44.000Z</time></trkpt>
      <trkpt lat="35.758585" lon="127.963325"><ele>742.2</ele><time>2026-04-18T01:29:52.000Z</time></trkpt>
      <trkpt lat="35.758584" lon="127.963315"><ele>743.2</ele><time>2026-04-18T01:29:59.000Z</time></trkpt>
      <trkpt lat="35.758513" lon="127.963322"><ele>744.2</ele><time>2026-04-18T01:30:19.000Z</time></trkpt>
      <trkpt lat="35.758493" lon="127.963329"><ele>744.2</ele><time>2026-04-18T01:30:22.000Z</time></trkpt>
      <trkpt lat="35.758436" lon="127.963366"><ele>745.4</ele><time>2026-04-18T01:30:32.000Z</time></trkpt>
      <trkpt lat="35.758404" lon="127.963383"><ele>745.2</ele><time>2026-04-18T01:30:37.000Z</time></trkpt>
      <trkpt lat="35.758387" lon="127.963403"><ele>745.0</ele><time>2026-04-18T01:30:40.000Z</time></trkpt>
      <trkpt lat="35.758333" lon="127.963445"><ele>744.2</ele><time>2026-04-18T01:30:48.000Z</time></trkpt>
      <trkpt lat="35.758293" lon="127.963447"><ele>743.6</ele><time>2026-04-18T01:30:52.000Z</time></trkpt>
      <trkpt lat="35.758283" lon="127.963452"><ele>743.4</ele><time>2026-04-18T01:30:53.000Z</time></trkpt>
      <trkpt lat="35.758263" lon="127.963465"><ele>743.2</ele><time>2026-04-18T01:30:55.000Z</time></trkpt>
      <trkpt lat="35.758224" lon="127.963468"><ele>743.0</ele><time>2026-04-18T01:30:59.000Z</time></trkpt>
      <trkpt lat="35.758200" lon="127.963467"><ele>743.0</ele><time>2026-04-18T01:31:02.000Z</time></trkpt>
      <trkpt lat="35.758136" lon="127.963522"><ele>744.0</ele><time>2026-04-18T01:31:12.000Z</time></trkpt>
      <trkpt lat="35.758131" lon="127.963579"><ele>743.4</ele><time>2026-04-18T01:31:20.000Z</time></trkpt>
      <trkpt lat="35.758106" lon="127.963638"><ele>742.0</ele><time>2026-04-18T01:31:27.000Z</time></trkpt>
      <trkpt lat="35.758104" lon="127.963668"><ele>741.0</ele><time>2026-04-18T01:31:31.000Z</time></trkpt>
      <trkpt lat="35.758103" lon="127.963675"><ele>740.8</ele><time>2026-04-18T01:31:32.000Z</time></trkpt>
      <trkpt lat="35.758097" lon="127.963710"><ele>739.6</ele><time>2026-04-18T01:31:37.000Z</time></trkpt>
      <trkpt lat="35.758097" lon="127.963743"><ele>738.6</ele><time>2026-04-18T01:31:42.000Z</time></trkpt>
      <trkpt lat="35.758084" lon="127.963767"><ele>737.4</ele><time>2026-04-18T01:31:48.000Z</time></trkpt>
      <trkpt lat="35.758075" lon="127.963797"><ele>736.8</ele><time>2026-04-18T01:31:51.000Z</time></trkpt>
      <trkpt lat="35.758067" lon="127.963807"><ele>736.4</ele><time>2026-04-18T01:31:53.000Z</time></trkpt>
      <trkpt lat="35.758040" lon="127.963834"><ele>735.4</ele><time>2026-04-18T01:32:00.000Z</time></trkpt>
      <trkpt lat="35.758038" lon="127.963839"><ele>735.0</ele><time>2026-04-18T01:32:01.000Z</time></trkpt>
      <trkpt lat="35.758001" lon="127.963883"><ele>734.2</ele><time>2026-04-18T01:32:09.000Z</time></trkpt>
      <trkpt lat="35.757978" lon="127.963905"><ele>733.4</ele><time>2026-04-18T01:32:12.000Z</time></trkpt>
      <trkpt lat="35.757975" lon="127.963911"><ele>733.2</ele><time>2026-04-18T01:32:13.000Z</time></trkpt>
      <trkpt lat="35.757936" lon="127.963948"><ele>732.2</ele><time>2026-04-18T01:32:18.000Z</time></trkpt>
      <trkpt lat="35.757932" lon="127.963957"><ele>732.0</ele><time>2026-04-18T01:32:19.000Z</time></trkpt>
      <trkpt lat="35.757924" lon="127.963975"><ele>731.6</ele><time>2026-04-18T01:32:21.000Z</time></trkpt>
      <trkpt lat="35.757894" lon="127.963996"><ele>731.0</ele><time>2026-04-18T01:32:25.000Z</time></trkpt>
      <trkpt lat="35.757874" lon="127.964032"><ele>730.4</ele><time>2026-04-18T01:32:30.000Z</time></trkpt>
      <trkpt lat="35.757867" lon="127.964057"><ele>730.0</ele><time>2026-04-18T01:32:33.000Z</time></trkpt>
      <trkpt lat="35.757837" lon="127.964090"><ele>729.4</ele><time>2026-04-18T01:32:38.000Z</time></trkpt>
      <trkpt lat="35.757823" lon="127.964108"><ele>729.0</ele><time>2026-04-18T01:32:40.000Z</time></trkpt>
      <trkpt lat="35.757763" lon="127.964226"><ele>728.0</ele><time>2026-04-18T01:32:50.000Z</time></trkpt>
      <trkpt lat="35.757760" lon="127.964236"><ele>728.0</ele><time>2026-04-18T01:32:51.000Z</time></trkpt>
      <trkpt lat="35.757728" lon="127.964323"><ele>728.6</ele><time>2026-04-18T01:33:01.000Z</time></trkpt>
      <trkpt lat="35.757716" lon="127.964359"><ele>729.0</ele><time>2026-04-18T01:33:04.000Z</time></trkpt>
      <trkpt lat="35.757691" lon="127.964398"><ele>730.2</ele><time>2026-04-18T01:33:10.000Z</time></trkpt>
      <trkpt lat="35.757687" lon="127.964403"><ele>730.2</ele><time>2026-04-18T01:33:11.000Z</time></trkpt>
      <trkpt lat="35.757660" lon="127.964441"><ele>731.2</ele><time>2026-04-18T01:33:19.000Z</time></trkpt>
      <trkpt lat="35.757650" lon="127.964455"><ele>731.8</ele><time>2026-04-18T01:33:23.000Z</time></trkpt>
      <trkpt lat="35.757646" lon="127.964458"><ele>732.0</ele><time>2026-04-18T01:33:25.000Z</time></trkpt>
      <trkpt lat="35.757643" lon="127.964463"><ele>732.2</ele><time>2026-04-18T01:33:26.000Z</time></trkpt>
      <trkpt lat="35.757645" lon="127.964455"><ele>733.0</ele><time>2026-04-18T01:33:31.000Z</time></trkpt>
      <trkpt lat="35.757649" lon="127.964449"><ele>733.2</ele><time>2026-04-18T01:33:32.000Z</time></trkpt>
      <trkpt lat="35.757653" lon="127.964442"><ele>733.4</ele><time>2026-04-18T01:33:33.000Z</time></trkpt>
      <trkpt lat="35.757659" lon="127.964465"><ele>734.2</ele><time>2026-04-18T01:33:40.000Z</time></trkpt>
      <trkpt lat="35.757656" lon="127.964456"><ele>734.4</ele><time>2026-04-18T01:33:42.000Z</time></trkpt>
      <trkpt lat="35.757652" lon="127.964443"><ele>734.8</ele><time>2026-04-18T01:33:44.000Z</time></trkpt>
      <trkpt lat="35.757541" lon="127.964625"><ele>735.6</ele><time>2026-04-18T01:33:51.000Z</time></trkpt>
      <trkpt lat="35.757530" lon="127.964634"><ele>736.0</ele><time>2026-04-18T01:33:52.000Z</time></trkpt>
      <trkpt lat="35.757489" lon="127.964742"><ele>736.8</ele><time>2026-04-18T01:34:03.000Z</time></trkpt>
      <trkpt lat="35.757467" lon="127.964775"><ele>737.8</ele><time>2026-04-18T01:34:10.000Z</time></trkpt>
      <trkpt lat="35.757470" lon="127.964777"><ele>738.2</ele><time>2026-04-18T01:34:12.000Z</time></trkpt>
      <trkpt lat="35.757460" lon="127.964781"><ele>739.0</ele><time>2026-04-18T01:34:15.000Z</time></trkpt>
      <trkpt lat="35.757441" lon="127.964786"><ele>740.0</ele><time>2026-04-18T01:34:19.000Z</time></trkpt>
      <trkpt lat="35.757439" lon="127.964788"><ele>740.2</ele><time>2026-04-18T01:34:20.000Z</time></trkpt>
      <trkpt lat="35.757424" lon="127.964815"><ele>741.0</ele><time>2026-04-18T01:34:25.000Z</time></trkpt>
      <trkpt lat="35.757402" lon="127.964842"><ele>742.2</ele><time>2026-04-18T01:34:31.000Z</time></trkpt>
      <trkpt lat="35.757399" lon="127.964851"><ele>742.4</ele><time>2026-04-18T01:34:33.000Z</time></trkpt>
      <trkpt lat="35.757384" lon="127.964872"><ele>743.2</ele><time>2026-04-18T01:34:39.000Z</time></trkpt>
      <trkpt lat="35.757373" lon="127.964878"><ele>743.4</ele><time>2026-04-18T01:34:41.000Z</time></trkpt>
      <trkpt lat="35.757365" lon="127.964880"><ele>743.4</ele><time>2026-04-18T01:34:42.000Z</time></trkpt>
      <trkpt lat="35.757321" lon="127.964887"><ele>744.2</ele><time>2026-04-18T01:34:49.000Z</time></trkpt>
      <trkpt lat="35.757308" lon="127.964894"><ele>744.8</ele><time>2026-04-18T01:34:52.000Z</time></trkpt>
      <trkpt lat="35.757287" lon="127.964901"><ele>745.4</ele><time>2026-04-18T01:34:56.000Z</time></trkpt>
      <trkpt lat="35.757255" lon="127.964916"><ele>746.6</ele><time>2026-04-18T01:35:02.000Z</time></trkpt>
      <trkpt lat="35.757250" lon="127.964939"><ele>747.2</ele><time>2026-04-18T01:35:06.000Z</time></trkpt>
      <trkpt lat="35.757247" lon="127.964948"><ele>747.6</ele><time>2026-04-18T01:35:09.000Z</time></trkpt>
      <trkpt lat="35.757238" lon="127.964965"><ele>748.4</ele><time>2026-04-18T01:35:14.000Z</time></trkpt>
      <trkpt lat="35.757233" lon="127.964974"><ele>748.8</ele><time>2026-04-18T01:35:17.000Z</time></trkpt>
      <trkpt lat="35.757216" lon="127.964998"><ele>749.8</ele><time>2026-04-18T01:35:24.000Z</time></trkpt>
      <trkpt lat="35.757212" lon="127.965009"><ele>750.2</ele><time>2026-04-18T01:35:26.000Z</time></trkpt>
      <trkpt lat="35.757202" lon="127.965035"><ele>751.0</ele><time>2026-04-18T01:35:31.000Z</time></trkpt>
      <trkpt lat="35.757203" lon="127.965065"><ele>751.6</ele><time>2026-04-18T01:35:36.000Z</time></trkpt>
      <trkpt lat="35.757202" lon="127.965077"><ele>752.0</ele><time>2026-04-18T01:35:39.000Z</time></trkpt>
      <trkpt lat="35.757188" lon="127.965125"><ele>753.0</ele><time>2026-04-18T01:35:47.000Z</time></trkpt>
      <trkpt lat="35.757180" lon="127.965162"><ele>754.0</ele><time>2026-04-18T01:35:55.000Z</time></trkpt>
      <trkpt lat="35.757168" lon="127.965164"><ele>754.8</ele><time>2026-04-18T01:35:59.000Z</time></trkpt>
      <trkpt lat="35.757164" lon="127.965165"><ele>755.2</ele><time>2026-04-18T01:36:00.000Z</time></trkpt>
      <trkpt lat="35.757142" lon="127.965162"><ele>756.2</ele><time>2026-04-18T01:36:05.000Z</time></trkpt>
      <trkpt lat="35.757122" lon="127.965194"><ele>757.4</ele><time>2026-04-18T01:36:11.000Z</time></trkpt>
      <trkpt lat="35.757125" lon="127.965199"><ele>757.4</ele><time>2026-04-18T01:36:13.000Z</time></trkpt>
      <trkpt lat="35.757124" lon="127.965220"><ele>758.4</ele><time>2026-04-18T01:36:20.000Z</time></trkpt>
      <trkpt lat="35.757117" lon="127.965248"><ele>759.0</ele><time>2026-04-18T01:36:25.000Z</time></trkpt>
      <trkpt lat="35.757108" lon="127.965272"><ele>759.4</ele><time>2026-04-18T01:36:29.000Z</time></trkpt>
      <trkpt lat="35.757085" lon="127.965316"><ele>760.6</ele><time>2026-04-18T01:36:38.000Z</time></trkpt>
      <trkpt lat="35.757077" lon="127.965328"><ele>761.0</ele><time>2026-04-18T01:36:41.000Z</time></trkpt>
      <trkpt lat="35.757066" lon="127.965348"><ele>761.6</ele><time>2026-04-18T01:36:45.000Z</time></trkpt>
      <trkpt lat="35.757077" lon="127.965378"><ele>762.8</ele><time>2026-04-18T01:36:52.000Z</time></trkpt>
      <trkpt lat="35.757068" lon="127.965406"><ele>763.8</ele><time>2026-04-18T01:37:00.000Z</time></trkpt>
      <trkpt lat="35.757058" lon="127.965435"><ele>764.8</ele><time>2026-04-18T01:37:09.000Z</time></trkpt>
      <trkpt lat="35.757056" lon="127.965475"><ele>766.0</ele><time>2026-04-18T01:37:18.000Z</time></trkpt>
      <trkpt lat="35.757036" lon="127.965489"><ele>767.0</ele><time>2026-04-18T01:37:25.000Z</time></trkpt>
      <trkpt lat="35.757019" lon="127.965488"><ele>767.6</ele><time>2026-04-18T01:37:29.000Z</time></trkpt>
      <trkpt lat="35.756997" lon="127.965493"><ele>768.2</ele><time>2026-04-18T01:37:32.000Z</time></trkpt>
      <trkpt lat="35.756983" lon="127.965550"><ele>769.2</ele><time>2026-04-18T01:37:41.000Z</time></trkpt>
      <trkpt lat="35.756961" lon="127.965592"><ele>770.4</ele><time>2026-04-18T01:37:48.000Z</time></trkpt>
      <trkpt lat="35.756950" lon="127.965594"><ele>771.2</ele><time>2026-04-18T01:37:53.000Z</time></trkpt>
      <trkpt lat="35.756952" lon="127.965585"><ele>771.4</ele><time>2026-04-18T01:37:55.000Z</time></trkpt>
      <trkpt lat="35.756929" lon="127.965630"><ele>772.6</ele><time>2026-04-18T01:38:02.000Z</time></trkpt>
      <trkpt lat="35.756940" lon="127.965685"><ele>773.8</ele><time>2026-04-18T01:38:08.000Z</time></trkpt>
      <trkpt lat="35.756938" lon="127.965706"><ele>774.8</ele><time>2026-04-18T01:38:14.000Z</time></trkpt>
      <trkpt lat="35.756938" lon="127.965709"><ele>775.0</ele><time>2026-04-18T01:38:15.000Z</time></trkpt>
      <trkpt lat="35.756921" lon="127.965739"><ele>776.0</ele><time>2026-04-18T01:38:22.000Z</time></trkpt>
      <trkpt lat="35.756898" lon="127.965781"><ele>777.2</ele><time>2026-04-18T01:38:30.000Z</time></trkpt>
      <trkpt lat="35.756893" lon="127.965788"><ele>777.4</ele><time>2026-04-18T01:38:32.000Z</time></trkpt>
      <trkpt lat="35.756843" lon="127.965885"><ele>777.8</ele><time>2026-04-18T01:38:46.000Z</time></trkpt>
      <trkpt lat="35.756828" lon="127.965955"><ele>777.4</ele><time>2026-04-18T01:38:54.000Z</time></trkpt>
      <trkpt lat="35.756816" lon="127.965994"><ele>777.6</ele><time>2026-04-18T01:38:59.000Z</time></trkpt>
      <trkpt lat="35.756783" lon="127.966071"><ele>778.2</ele><time>2026-04-18T01:39:08.000Z</time></trkpt>
      <trkpt lat="35.756746" lon="127.966092"><ele>778.6</ele><time>2026-04-18T01:39:13.000Z</time></trkpt>
      <trkpt lat="35.756716" lon="127.966107"><ele>778.8</ele><time>2026-04-18T01:39:16.000Z</time></trkpt>
      <trkpt lat="35.756698" lon="127.966115"><ele>778.8</ele><time>2026-04-18T01:39:18.000Z</time></trkpt>
      <trkpt lat="35.756649" lon="127.966175"><ele>778.6</ele><time>2026-04-18T01:39:28.000Z</time></trkpt>
      <trkpt lat="35.756564" lon="127.966223"><ele>778.6</ele><time>2026-04-18T01:39:39.000Z</time></trkpt>
      <trkpt lat="35.756503" lon="127.966282"><ele>778.0</ele><time>2026-04-18T01:39:48.000Z</time></trkpt>
      <trkpt lat="35.756480" lon="127.966313"><ele>778.2</ele><time>2026-04-18T01:39:52.000Z</time></trkpt>
      <trkpt lat="35.756442" lon="127.966356"><ele>778.8</ele><time>2026-04-18T01:39:59.000Z</time></trkpt>
      <trkpt lat="35.756427" lon="127.966369"><ele>779.2</ele><time>2026-04-18T01:40:02.000Z</time></trkpt>
      <trkpt lat="35.756398" lon="127.966391"><ele>780.4</ele><time>2026-04-18T01:40:08.000Z</time></trkpt>
      <trkpt lat="35.756372" lon="127.966403"><ele>781.2</ele><time>2026-04-18T01:40:12.000Z</time></trkpt>
      <trkpt lat="35.756351" lon="127.966411"><ele>781.6</ele><time>2026-04-18T01:40:15.000Z</time></trkpt>
      <trkpt lat="35.756336" lon="127.966413"><ele>782.2</ele><time>2026-04-18T01:40:18.000Z</time></trkpt>
      <trkpt lat="35.756326" lon="127.966414"><ele>782.6</ele><time>2026-04-18T01:40:20.000Z</time></trkpt>
      <trkpt lat="35.756298" lon="127.966425"><ele>783.8</ele><time>2026-04-18T01:40:25.000Z</time></trkpt>
      <trkpt lat="35.756293" lon="127.966430"><ele>784.0</ele><time>2026-04-18T01:40:26.000Z</time></trkpt>
      <trkpt lat="35.756273" lon="127.966438"><ele>784.8</ele><time>2026-04-18T01:40:31.000Z</time></trkpt>
      <trkpt lat="35.756240" lon="127.966433"><ele>786.0</ele><time>2026-04-18T01:40:37.000Z</time></trkpt>
      <trkpt lat="35.756224" lon="127.966432"><ele>786.8</ele><time>2026-04-18T01:40:41.000Z</time></trkpt>
      <trkpt lat="35.756215" lon="127.966433"><ele>787.2</ele><time>2026-04-18T01:40:44.000Z</time></trkpt>
      <trkpt lat="35.756195" lon="127.966438"><ele>788.2</ele><time>2026-04-18T01:40:52.000Z</time></trkpt>
      <trkpt lat="35.756184" lon="127.966436"><ele>788.6</ele><time>2026-04-18T01:40:55.000Z</time></trkpt>
      <trkpt lat="35.756177" lon="127.966435"><ele>789.0</ele><time>2026-04-18T01:40:57.000Z</time></trkpt>
      <trkpt lat="35.756168" lon="127.966437"><ele>789.4</ele><time>2026-04-18T01:41:00.000Z</time></trkpt>
      <trkpt lat="35.756166" lon="127.966436"><ele>789.6</ele><time>2026-04-18T01:41:01.000Z</time></trkpt>
      <trkpt lat="35.756144" lon="127.966450"><ele>790.6</ele><time>2026-04-18T01:41:06.000Z</time></trkpt>
      <trkpt lat="35.756120" lon="127.966457"><ele>791.6</ele><time>2026-04-18T01:41:13.000Z</time></trkpt>
      <trkpt lat="35.756116" lon="127.966459"><ele>791.8</ele><time>2026-04-18T01:41:14.000Z</time></trkpt>
      <trkpt lat="35.756108" lon="127.966478"><ele>792.6</ele><time>2026-04-18T01:41:21.000Z</time></trkpt>
      <trkpt lat="35.756099" lon="127.966475"><ele>793.2</ele><time>2026-04-18T01:41:24.000Z</time></trkpt>
      <trkpt lat="35.756086" lon="127.966473"><ele>793.8</ele><time>2026-04-18T01:41:27.000Z</time></trkpt>
      <trkpt lat="35.756075" lon="127.966482"><ele>794.8</ele><time>2026-04-18T01:41:35.000Z</time></trkpt>
      <trkpt lat="35.756073" lon="127.966481"><ele>795.2</ele><time>2026-04-18T01:41:37.000Z</time></trkpt>
      <trkpt lat="35.756075" lon="127.966490"><ele>796.0</ele><time>2026-04-18T01:41:41.000Z</time></trkpt>
      <trkpt lat="35.756088" lon="127.966514"><ele>796.8</ele><time>2026-04-18T01:41:45.000Z</time></trkpt>
      <trkpt lat="35.756086" lon="127.966527"><ele>797.0</ele><time>2026-04-18T01:41:47.000Z</time></trkpt>
      <trkpt lat="35.756058" lon="127.966558"><ele>797.6</ele><time>2026-04-18T01:41:55.000Z</time></trkpt>
      <trkpt lat="35.756028" lon="127.966557"><ele>798.0</ele><time>2026-04-18T01:42:00.000Z</time></trkpt>
      <trkpt lat="35.755996" lon="127.966565"><ele>798.2</ele><time>2026-04-18T01:42:03.000Z</time></trkpt>
      <trkpt lat="35.755934" lon="127.966592"><ele>798.2</ele><time>2026-04-18T01:42:11.000Z</time></trkpt>
      <trkpt lat="35.755876" lon="127.966658"><ele>798.2</ele><time>2026-04-18T01:42:22.000Z</time></trkpt>
      <trkpt lat="35.755833" lon="127.966704"><ele>798.8</ele><time>2026-04-18T01:42:29.000Z</time></trkpt>
      <trkpt lat="35.755791" lon="127.966730"><ele>798.4</ele><time>2026-04-18T01:42:34.000Z</time></trkpt>
      <trkpt lat="35.755766" lon="127.966765"><ele>797.6</ele><time>2026-04-18T01:42:39.000Z</time></trkpt>
      <trkpt lat="35.755751" lon="127.966788"><ele>797.0</ele><time>2026-04-18T01:42:44.000Z</time></trkpt>
      <trkpt lat="35.755724" lon="127.966784"><ele>796.4</ele><time>2026-04-18T01:42:53.000Z</time></trkpt>
      <trkpt lat="35.755722" lon="127.966783"><ele>796.4</ele><time>2026-04-18T01:42:54.000Z</time></trkpt>
      <trkpt lat="35.755722" lon="127.966783"><ele>796.4</ele><time>2026-04-18T01:42:55.000Z</time></trkpt>
      <trkpt lat="35.755722" lon="127.966782"><ele>796.4</ele><time>2026-04-18T01:42:56.000Z</time></trkpt>
      <trkpt lat="35.755721" lon="127.966783"><ele>796.6</ele><time>2026-04-18T01:42:58.000Z</time></trkpt>
      <trkpt lat="35.755677" lon="127.966829"><ele>796.6</ele><time>2026-04-18T01:43:11.000Z</time></trkpt>
      <trkpt lat="35.755597" lon="127.966866"><ele>797.4</ele><time>2026-04-18T01:43:21.000Z</time></trkpt>
      <trkpt lat="35.755568" lon="127.966882"><ele>798.2</ele><time>2026-04-18T01:43:25.000Z</time></trkpt>
      <trkpt lat="35.755538" lon="127.966903"><ele>799.2</ele><time>2026-04-18T01:43:30.000Z</time></trkpt>
      <trkpt lat="35.755535" lon="127.966909"><ele>799.4</ele><time>2026-04-18T01:43:31.000Z</time></trkpt>
      <trkpt lat="35.755508" lon="127.966933"><ele>800.6</ele><time>2026-04-18T01:43:36.000Z</time></trkpt>
      <trkpt lat="35.755484" lon="127.966956"><ele>801.0</ele><time>2026-04-18T01:43:40.000Z</time></trkpt>
      <trkpt lat="35.755450" lon="127.966995"><ele>801.6</ele><time>2026-04-18T01:43:46.000Z</time></trkpt>
      <trkpt lat="35.755425" lon="127.967024"><ele>802.6</ele><time>2026-04-18T01:43:53.000Z</time></trkpt>
      <trkpt lat="35.755418" lon="127.967034"><ele>802.8</ele><time>2026-04-18T01:43:55.000Z</time></trkpt>
      <trkpt lat="35.755399" lon="127.967068"><ele>804.0</ele><time>2026-04-18T01:44:02.000Z</time></trkpt>
      <trkpt lat="35.755376" lon="127.967080"><ele>805.0</ele><time>2026-04-18T01:44:07.000Z</time></trkpt>
      <trkpt lat="35.755375" lon="127.967082"><ele>805.2</ele><time>2026-04-18T01:44:08.000Z</time></trkpt>
      <trkpt lat="35.755366" lon="127.967079"><ele>806.0</ele><time>2026-04-18T01:44:12.000Z</time></trkpt>
      <trkpt lat="35.755361" lon="127.967102"><ele>807.2</ele><time>2026-04-18T01:44:18.000Z</time></trkpt>
      <trkpt lat="35.755361" lon="127.967108"><ele>807.4</ele><time>2026-04-18T01:44:20.000Z</time></trkpt>
      <trkpt lat="35.755358" lon="127.967130"><ele>808.2</ele><time>2026-04-18T01:44:26.000Z</time></trkpt>
      <trkpt lat="35.755356" lon="127.967147"><ele>809.2</ele><time>2026-04-18T01:44:32.000Z</time></trkpt>
      <trkpt lat="35.755361" lon="127.967159"><ele>809.8</ele><time>2026-04-18T01:44:37.000Z</time></trkpt>
      <trkpt lat="35.755352" lon="127.967173"><ele>810.2</ele><time>2026-04-18T01:44:41.000Z</time></trkpt>
      <trkpt lat="35.755337" lon="127.967169"><ele>811.2</ele><time>2026-04-18T01:44:47.000Z</time></trkpt>
      <trkpt lat="35.755327" lon="127.967174"><ele>811.8</ele><time>2026-04-18T01:44:49.000Z</time></trkpt>
      <trkpt lat="35.755319" lon="127.967185"><ele>812.4</ele><time>2026-04-18T01:44:53.000Z</time></trkpt>
      <trkpt lat="35.755312" lon="127.967213"><ele>813.4</ele><time>2026-04-18T01:45:01.000Z</time></trkpt>
      <trkpt lat="35.755303" lon="127.967240"><ele>814.6</ele><time>2026-04-18T01:45:08.000Z</time></trkpt>
      <trkpt lat="35.755294" lon="127.967260"><ele>815.6</ele><time>2026-04-18T01:45:15.000Z</time></trkpt>
      <trkpt lat="35.755288" lon="127.967267"><ele>816.2</ele><time>2026-04-18T01:45:19.000Z</time></trkpt>
      <trkpt lat="35.755287" lon="127.967273"><ele>816.6</ele><time>2026-04-18T01:45:21.000Z</time></trkpt>
      <trkpt lat="35.755272" lon="127.967282"><ele>817.6</ele><time>2026-04-18T01:45:27.000Z</time></trkpt>
      <trkpt lat="35.755252" lon="127.967290"><ele>818.6</ele><time>2026-04-18T01:45:33.000Z</time></trkpt>
      <trkpt lat="35.755248" lon="127.967298"><ele>819.2</ele><time>2026-04-18T01:45:37.000Z</time></trkpt>
      <trkpt lat="35.755241" lon="127.967296"><ele>819.8</ele><time>2026-04-18T01:45:41.000Z</time></trkpt>
      <trkpt lat="35.755227" lon="127.967293"><ele>820.6</ele><time>2026-04-18T01:45:47.000Z</time></trkpt>
      <trkpt lat="35.755238" lon="127.967304"><ele>820.6</ele><time>2026-04-18T01:45:55.000Z</time></trkpt>
      <trkpt lat="35.755236" lon="127.967322"><ele>820.4</ele><time>2026-04-18T01:46:02.000Z</time></trkpt>
      <trkpt lat="35.755237" lon="127.967332"><ele>820.4</ele><time>2026-04-18T01:46:04.000Z</time></trkpt>
      <trkpt lat="35.755231" lon="127.967364"><ele>820.2</ele><time>2026-04-18T01:46:09.000Z</time></trkpt>
      <trkpt lat="35.755212" lon="127.967405"><ele>819.4</ele><time>2026-04-18T01:46:15.000Z</time></trkpt>
      <trkpt lat="35.755165" lon="127.967483"><ele>819.0</ele><time>2026-04-18T01:46:26.000Z</time></trkpt>
      <trkpt lat="35.755143" lon="127.967499"><ele>819.4</ele><time>2026-04-18T01:46:30.000Z</time></trkpt>
      <trkpt lat="35.755119" lon="127.967524"><ele>820.2</ele><time>2026-04-18T01:46:35.000Z</time></trkpt>
      <trkpt lat="35.755110" lon="127.967527"><ele>820.8</ele><time>2026-04-18T01:46:37.000Z</time></trkpt>
      <trkpt lat="35.755094" lon="127.967531"><ele>821.8</ele><time>2026-04-18T01:46:42.000Z</time></trkpt>
      <trkpt lat="35.755091" lon="127.967533"><ele>822.0</ele><time>2026-04-18T01:46:43.000Z</time></trkpt>
      <trkpt lat="35.755068" lon="127.967543"><ele>823.0</ele><time>2026-04-18T01:46:48.000Z</time></trkpt>
      <trkpt lat="35.755046" lon="127.967547"><ele>824.0</ele><time>2026-04-18T01:46:53.000Z</time></trkpt>
      <trkpt lat="35.755039" lon="127.967549"><ele>824.4</ele><time>2026-04-18T01:46:55.000Z</time></trkpt>
      <trkpt lat="35.755028" lon="127.967557"><ele>825.2</ele><time>2026-04-18T01:46:59.000Z</time></trkpt>
      <trkpt lat="35.755022" lon="127.967563"><ele>825.8</ele><time>2026-04-18T01:47:03.000Z</time></trkpt>
      <trkpt lat="35.755015" lon="127.967568"><ele>826.2</ele><time>2026-04-18T01:47:05.000Z</time></trkpt>
      <trkpt lat="35.755012" lon="127.967569"><ele>826.4</ele><time>2026-04-18T01:47:06.000Z</time></trkpt>
      <trkpt lat="35.754998" lon="127.967577"><ele>827.2</ele><time>2026-04-18T01:47:11.000Z</time></trkpt>
      <trkpt lat="35.754996" lon="127.967568"><ele>828.0</ele><time>2026-04-18T01:47:15.000Z</time></trkpt>
      <trkpt lat="35.754992" lon="127.967563"><ele>828.4</ele><time>2026-04-18T01:47:17.000Z</time></trkpt>
      <trkpt lat="35.754969" lon="127.967542"><ele>829.4</ele><time>2026-04-18T01:47:24.000Z</time></trkpt>
      <trkpt lat="35.754961" lon="127.967533"><ele>830.0</ele><time>2026-04-18T01:47:28.000Z</time></trkpt>
      <trkpt lat="35.754961" lon="127.967533"><ele>830.4</ele><time>2026-04-18T01:47:31.000Z</time></trkpt>
      <trkpt lat="35.754957" lon="127.967524"><ele>831.0</ele><time>2026-04-18T01:47:36.000Z</time></trkpt>
      <trkpt lat="35.754958" lon="127.967511"><ele>831.6</ele><time>2026-04-18T01:47:39.000Z</time></trkpt>
      <trkpt lat="35.754965" lon="127.967472"><ele>832.8</ele><time>2026-04-18T01:47:46.000Z</time></trkpt>
      <trkpt lat="35.754970" lon="127.967463"><ele>833.0</ele><time>2026-04-18T01:47:47.000Z</time></trkpt>
      <trkpt lat="35.754987" lon="127.967423"><ele>832.8</ele><time>2026-04-18T01:47:55.000Z</time></trkpt>
      <trkpt lat="35.754985" lon="127.967452"><ele>833.0</ele><time>2026-04-18T01:48:05.000Z</time></trkpt>
      <trkpt lat="35.754980" lon="127.967461"><ele>833.2</ele><time>2026-04-18T01:48:11.000Z</time></trkpt>
      <trkpt lat="35.754978" lon="127.967472"><ele>833.4</ele><time>2026-04-18T01:48:21.000Z</time></trkpt>
      <trkpt lat="35.754947" lon="127.967506"><ele>833.8</ele><time>2026-04-18T01:48:32.000Z</time></trkpt>
      <trkpt lat="35.754938" lon="127.967512"><ele>834.2</ele><time>2026-04-18T01:48:34.000Z</time></trkpt>
      <trkpt lat="35.754927" lon="127.967515"><ele>834.4</ele><time>2026-04-18T01:48:36.000Z</time></trkpt>
      <trkpt lat="35.754924" lon="127.967518"><ele>834.6</ele><time>2026-04-18T01:48:37.000Z</time></trkpt>
      <trkpt lat="35.754914" lon="127.967518"><ele>835.0</ele><time>2026-04-18T01:48:39.000Z</time></trkpt>
      <trkpt lat="35.754876" lon="127.967529"><ele>836.2</ele><time>2026-04-18T01:48:46.000Z</time></trkpt>
      <trkpt lat="35.754821" lon="127.967526"><ele>837.2</ele><time>2026-04-18T01:48:54.000Z</time></trkpt>
      <trkpt lat="35.754815" lon="127.967520"><ele>837.4</ele><time>2026-04-18T01:48:55.000Z</time></trkpt>
      <trkpt lat="35.754790" lon="127.967503"><ele>838.4</ele><time>2026-04-18T01:49:00.000Z</time></trkpt>
      <trkpt lat="35.754775" lon="127.967511"><ele>838.8</ele><time>2026-04-18T01:49:03.000Z</time></trkpt>
      <trkpt lat="35.754748" lon="127.967548"><ele>839.6</ele><time>2026-04-18T01:49:12.000Z</time></trkpt>
      <trkpt lat="35.754746" lon="127.967555"><ele>840.0</ele><time>2026-04-18T01:49:14.000Z</time></trkpt>
      <trkpt lat="35.754732" lon="127.967569"><ele>840.8</ele><time>2026-04-18T01:49:19.000Z</time></trkpt>
      <trkpt lat="35.754704" lon="127.967589"><ele>841.8</ele><time>2026-04-18T01:49:25.000Z</time></trkpt>
      <trkpt lat="35.754698" lon="127.967604"><ele>843.0</ele><time>2026-04-18T01:49:30.000Z</time></trkpt>
      <trkpt lat="35.754685" lon="127.967615"><ele>843.8</ele><time>2026-04-18T01:49:34.000Z</time></trkpt>
      <trkpt lat="35.754681" lon="127.967617"><ele>844.2</ele><time>2026-04-18T01:49:35.000Z</time></trkpt>
      <trkpt lat="35.754680" lon="127.967619"><ele>844.6</ele><time>2026-04-18T01:49:37.000Z</time></trkpt>
      <trkpt lat="35.754662" lon="127.967635"><ele>845.2</ele><time>2026-04-18T01:49:41.000Z</time></trkpt>
      <trkpt lat="35.754650" lon="127.967638"><ele>846.4</ele><time>2026-04-18T01:49:47.000Z</time></trkpt>
      <trkpt lat="35.754644" lon="127.967637"><ele>846.8</ele><time>2026-04-18T01:49:49.000Z</time></trkpt>
      <trkpt lat="35.754633" lon="127.967634"><ele>847.6</ele><time>2026-04-18T01:49:53.000Z</time></trkpt>
      <trkpt lat="35.754633" lon="127.967638"><ele>847.8</ele><time>2026-04-18T01:49:54.000Z</time></trkpt>
      <trkpt lat="35.754621" lon="127.967656"><ele>848.4</ele><time>2026-04-18T01:49:58.000Z</time></trkpt>
      <trkpt lat="35.754615" lon="127.967662"><ele>848.6</ele><time>2026-04-18T01:50:00.000Z</time></trkpt>
      <trkpt lat="35.754604" lon="127.967665"><ele>849.4</ele><time>2026-04-18T01:50:05.000Z</time></trkpt>
      <trkpt lat="35.754600" lon="127.967665"><ele>849.4</ele><time>2026-04-18T01:50:06.000Z</time></trkpt>
      <trkpt lat="35.754596" lon="127.967665"><ele>849.8</ele><time>2026-04-18T01:50:08.000Z</time></trkpt>
      <trkpt lat="35.754593" lon="127.967668"><ele>850.0</ele><time>2026-04-18T01:50:09.000Z</time></trkpt>
      <trkpt lat="35.754591" lon="127.967672"><ele>850.2</ele><time>2026-04-18T01:50:10.000Z</time></trkpt>
      <trkpt lat="35.754586" lon="127.967670"><ele>851.0</ele><time>2026-04-18T01:50:14.000Z</time></trkpt>
      <trkpt lat="35.754585" lon="127.967650"><ele>851.4</ele><time>2026-04-18T01:50:18.000Z</time></trkpt>
      <trkpt lat="35.754583" lon="127.967639"><ele>852.2</ele><time>2026-04-18T01:50:21.000Z</time></trkpt>
      <trkpt lat="35.754573" lon="127.967630"><ele>853.0</ele><time>2026-04-18T01:50:27.000Z</time></trkpt>
      <trkpt lat="35.754572" lon="127.967627"><ele>853.2</ele><time>2026-04-18T01:50:28.000Z</time></trkpt>
      <trkpt lat="35.754564" lon="127.967607"><ele>853.8</ele><time>2026-04-18T01:50:35.000Z</time></trkpt>
      <trkpt lat="35.754563" lon="127.967611"><ele>854.4</ele><time>2026-04-18T01:50:40.000Z</time></trkpt>
      <trkpt lat="35.754558" lon="127.967615"><ele>855.2</ele><time>2026-04-18T01:50:43.000Z</time></trkpt>
      <trkpt lat="35.754552" lon="127.967617"><ele>855.6</ele><time>2026-04-18T01:50:45.000Z</time></trkpt>
      <trkpt lat="35.754529" lon="127.967610"><ele>856.6</ele><time>2026-04-18T01:50:51.000Z</time></trkpt>
      <trkpt lat="35.754519" lon="127.967617"><ele>857.4</ele><time>2026-04-18T01:50:56.000Z</time></trkpt>
      <trkpt lat="35.754518" lon="127.967624"><ele>857.8</ele><time>2026-04-18T01:50:58.000Z</time></trkpt>
      <trkpt lat="35.754504" lon="127.967636"><ele>858.8</ele><time>2026-04-18T01:51:04.000Z</time></trkpt>
      <trkpt lat="35.754476" lon="127.967635"><ele>859.8</ele><time>2026-04-18T01:51:10.000Z</time></trkpt>
      <trkpt lat="35.754474" lon="127.967635"><ele>860.4</ele><time>2026-04-18T01:51:14.000Z</time></trkpt>
      <trkpt lat="35.754480" lon="127.967653"><ele>861.0</ele><time>2026-04-18T01:51:22.000Z</time></trkpt>
      <trkpt lat="35.754480" lon="127.967657"><ele>861.0</ele><time>2026-04-18T01:51:23.000Z</time></trkpt>
      <trkpt lat="35.754474" lon="127.967665"><ele>862.0</ele><time>2026-04-18T01:51:28.000Z</time></trkpt>
      <trkpt lat="35.754446" lon="127.967679"><ele>862.8</ele><time>2026-04-18T01:51:35.000Z</time></trkpt>
      <trkpt lat="35.754445" lon="127.967680"><ele>863.0</ele><time>2026-04-18T01:51:36.000Z</time></trkpt>
      <trkpt lat="35.754427" lon="127.967689"><ele>864.0</ele><time>2026-04-18T01:51:44.000Z</time></trkpt>
      <trkpt lat="35.754425" lon="127.967694"><ele>864.0</ele><time>2026-04-18T01:51:45.000Z</time></trkpt>
      <trkpt lat="35.754402" lon="127.967701"><ele>865.2</ele><time>2026-04-18T01:51:51.000Z</time></trkpt>
      <trkpt lat="35.754391" lon="127.967706"><ele>865.4</ele><time>2026-04-18T01:51:53.000Z</time></trkpt>
      <trkpt lat="35.754386" lon="127.967730"><ele>866.2</ele><time>2026-04-18T01:52:02.000Z</time></trkpt>
      <trkpt lat="35.754383" lon="127.967743"><ele>866.6</ele><time>2026-04-18T01:52:04.000Z</time></trkpt>
      <trkpt lat="35.754361" lon="127.967768"><ele>867.4</ele><time>2026-04-18T01:52:09.000Z</time></trkpt>
      <trkpt lat="35.754339" lon="127.967801"><ele>868.0</ele><time>2026-04-18T01:52:18.000Z</time></trkpt>
      <trkpt lat="35.754313" lon="127.967836"><ele>868.0</ele><time>2026-04-18T01:52:28.000Z</time></trkpt>
      <trkpt lat="35.754313" lon="127.967871"><ele>868.0</ele><time>2026-04-18T01:52:31.000Z</time></trkpt>
      <trkpt lat="35.754298" lon="127.967973"><ele>867.2</ele><time>2026-04-18T01:52:39.000Z</time></trkpt>
      <trkpt lat="35.754293" lon="127.967984"><ele>867.2</ele><time>2026-04-18T01:52:40.000Z</time></trkpt>
      <trkpt lat="35.754266" lon="127.968077"><ele>867.2</ele><time>2026-04-18T01:52:48.000Z</time></trkpt>
      <trkpt lat="35.754256" lon="127.968102"><ele>867.4</ele><time>2026-04-18T01:52:51.000Z</time></trkpt>
      <trkpt lat="35.754247" lon="127.968119"><ele>867.8</ele><time>2026-04-18T01:52:53.000Z</time></trkpt>
      <trkpt lat="35.754239" lon="127.968137"><ele>868.0</ele><time>2026-04-18T01:52:55.000Z</time></trkpt>
      <trkpt lat="35.754234" lon="127.968148"><ele>868.4</ele><time>2026-04-18T01:52:57.000Z</time></trkpt>
      <trkpt lat="35.754219" lon="127.968154"><ele>869.0</ele><time>2026-04-18T01:53:01.000Z</time></trkpt>
      <trkpt lat="35.754216" lon="127.968159"><ele>869.2</ele><time>2026-04-18T01:53:05.000Z</time></trkpt>
      <trkpt lat="35.754201" lon="127.968118"><ele>867.8</ele><time>2026-04-18T01:53:15.000Z</time></trkpt>
      <trkpt lat="35.754198" lon="127.968115"><ele>867.2</ele><time>2026-04-18T01:53:18.000Z</time></trkpt>
      <trkpt lat="35.754181" lon="127.968074"><ele>866.4</ele><time>2026-04-18T01:53:25.000Z</time></trkpt>
      <trkpt lat="35.754177" lon="127.968069"><ele>866.2</ele><time>2026-04-18T01:53:26.000Z</time></trkpt>
      <trkpt lat="35.754172" lon="127.968032"><ele>864.8</ele><time>2026-04-18T01:53:31.000Z</time></trkpt>
      <trkpt lat="35.754171" lon="127.968019"><ele>864.4</ele><time>2026-04-18T01:53:33.000Z</time></trkpt>
      <trkpt lat="35.754171" lon="127.968008"><ele>863.8</ele><time>2026-04-18T01:53:36.000Z</time></trkpt>
      <trkpt lat="35.754148" lon="127.968030"><ele>862.6</ele><time>2026-04-18T01:53:41.000Z</time></trkpt>
      <trkpt lat="35.754136" lon="127.968035"><ele>861.4</ele><time>2026-04-18T01:53:45.000Z</time></trkpt>
      <trkpt lat="35.754117" lon="127.968067"><ele>860.4</ele><time>2026-04-18T01:53:50.000Z</time></trkpt>
      <trkpt lat="35.754113" lon="127.968083"><ele>860.2</ele><time>2026-04-18T01:53:52.000Z</time></trkpt>
      <trkpt lat="35.754085" lon="127.968141"><ele>860.4</ele><time>2026-04-18T01:54:03.000Z</time></trkpt>
      <trkpt lat="35.754057" lon="127.968195"><ele>861.6</ele><time>2026-04-18T01:54:10.000Z</time></trkpt>
      <trkpt lat="35.754064" lon="127.968240"><ele>862.6</ele><time>2026-04-18T01:54:15.000Z</time></trkpt>
      <trkpt lat="35.754058" lon="127.968265"><ele>863.8</ele><time>2026-04-18T01:54:20.000Z</time></trkpt>
      <trkpt lat="35.754041" lon="127.968297"><ele>865.0</ele><time>2026-04-18T01:54:25.000Z</time></trkpt>
      <trkpt lat="35.754037" lon="127.968328"><ele>866.0</ele><time>2026-04-18T01:54:30.000Z</time></trkpt>
      <trkpt lat="35.754027" lon="127.968343"><ele>866.8</ele><time>2026-04-18T01:54:34.000Z</time></trkpt>
      <trkpt lat="35.754020" lon="127.968351"><ele>867.2</ele><time>2026-04-18T01:54:36.000Z</time></trkpt>
      <trkpt lat="35.754026" lon="127.968373"><ele>867.6</ele><time>2026-04-18T01:54:40.000Z</time></trkpt>
      <trkpt lat="35.754023" lon="127.968385"><ele>868.2</ele><time>2026-04-18T01:54:43.000Z</time></trkpt>
      <trkpt lat="35.754018" lon="127.968391"><ele>868.6</ele><time>2026-04-18T01:54:45.000Z</time></trkpt>
      <trkpt lat="35.754014" lon="127.968406"><ele>869.2</ele><time>2026-04-18T01:54:49.000Z</time></trkpt>
      <trkpt lat="35.754020" lon="127.968412"><ele>870.0</ele><time>2026-04-18T01:54:53.000Z</time></trkpt>
      <trkpt lat="35.754021" lon="127.968415"><ele>870.2</ele><time>2026-04-18T01:54:54.000Z</time></trkpt>
      <trkpt lat="35.754023" lon="127.968426"><ele>870.6</ele><time>2026-04-18T01:54:56.000Z</time></trkpt>
      <trkpt lat="35.754026" lon="127.968441"><ele>871.4</ele><time>2026-04-18T01:55:00.000Z</time></trkpt>
      <trkpt lat="35.754031" lon="127.968453"><ele>872.2</ele><time>2026-04-18T01:55:05.000Z</time></trkpt>
      <trkpt lat="35.754033" lon="127.968457"><ele>872.4</ele><time>2026-04-18T01:55:06.000Z</time></trkpt>
      <trkpt lat="35.754048" lon="127.968476"><ele>873.6</ele><time>2026-04-18T01:55:12.000Z</time></trkpt>
      <trkpt lat="35.754053" lon="127.968494"><ele>874.4</ele><time>2026-04-18T01:55:17.000Z</time></trkpt>
      <trkpt lat="35.754052" lon="127.968497"><ele>874.6</ele><time>2026-04-18T01:55:18.000Z</time></trkpt>
      <trkpt lat="35.754063" lon="127.968516"><ele>875.6</ele><time>2026-04-18T01:55:24.000Z</time></trkpt>
      <trkpt lat="35.754076" lon="127.968515"><ele>876.4</ele><time>2026-04-18T01:55:29.000Z</time></trkpt>
      <trkpt lat="35.754076" lon="127.968519"><ele>876.8</ele><time>2026-04-18T01:55:31.000Z</time></trkpt>
      <trkpt lat="35.754075" lon="127.968546"><ele>877.6</ele><time>2026-04-18T01:55:38.000Z</time></trkpt>
      <trkpt lat="35.754077" lon="127.968550"><ele>877.8</ele><time>2026-04-18T01:55:39.000Z</time></trkpt>
      <trkpt lat="35.754080" lon="127.968556"><ele>879.0</ele><time>2026-04-18T01:55:44.000Z</time></trkpt>
      <trkpt lat="35.754096" lon="127.968560"><ele>879.4</ele><time>2026-04-18T01:55:49.000Z</time></trkpt>
      <trkpt lat="35.754106" lon="127.968556"><ele>880.0</ele><time>2026-04-18T01:55:52.000Z</time></trkpt>
      <trkpt lat="35.754142" lon="127.968530"><ele>881.0</ele><time>2026-04-18T01:56:01.000Z</time></trkpt>
      <trkpt lat="35.754155" lon="127.968504"><ele>881.2</ele><time>2026-04-18T01:56:04.000Z</time></trkpt>
      <trkpt lat="35.754212" lon="127.968462"><ele>880.4</ele><time>2026-04-18T01:56:14.000Z</time></trkpt>
      <trkpt lat="35.754215" lon="127.968467"><ele>880.4</ele><time>2026-04-18T01:56:16.000Z</time></trkpt>
      <trkpt lat="35.754218" lon="127.968469"><ele>880.4</ele><time>2026-04-18T01:56:19.000Z</time></trkpt>
      <trkpt lat="35.754219" lon="127.968471"><ele>880.0</ele><time>2026-04-18T01:56:26.000Z</time></trkpt>
      <trkpt lat="35.754221" lon="127.968471"><ele>880.0</ele><time>2026-04-18T01:56:30.000Z</time></trkpt>
      <trkpt lat="35.754220" lon="127.968471"><ele>880.0</ele><time>2026-04-18T01:56:37.000Z</time></trkpt>
      <trkpt lat="35.754212" lon="127.968466"><ele>880.2</ele><time>2026-04-18T01:56:39.000Z</time></trkpt>
      <trkpt lat="35.754209" lon="127.968457"><ele>880.6</ele><time>2026-04-18T01:56:42.000Z</time></trkpt>
      <trkpt lat="35.754207" lon="127.968478"><ele>880.8</ele><time>2026-04-18T01:56:45.000Z</time></trkpt>
      <trkpt lat="35.754187" lon="127.968492"><ele>880.8</ele><time>2026-04-18T01:56:49.000Z</time></trkpt>
      <trkpt lat="35.754185" lon="127.968495"><ele>881.0</ele><time>2026-04-18T01:56:51.000Z</time></trkpt>
      <trkpt lat="35.754186" lon="127.968501"><ele>881.0</ele><time>2026-04-18T01:56:53.000Z</time></trkpt>
      <trkpt lat="35.754187" lon="127.968498"><ele>880.8</ele><time>2026-04-18T01:56:55.000Z</time></trkpt>
      <trkpt lat="35.754188" lon="127.968497"><ele>880.6</ele><time>2026-04-18T01:57:00.000Z</time></trkpt>
      <trkpt lat="35.754171" lon="127.968508"><ele>881.2</ele><time>2026-04-18T01:57:06.000Z</time></trkpt>
      <trkpt lat="35.754177" lon="127.968509"><ele>881.2</ele><time>2026-04-18T01:57:09.000Z</time></trkpt>
      <trkpt lat="35.754177" lon="127.968505"><ele>881.0</ele><time>2026-04-18T01:57:15.000Z</time></trkpt>
      <trkpt lat="35.754154" lon="127.968492"><ele>881.0</ele><time>2026-04-18T01:57:26.000Z</time></trkpt>
      <trkpt lat="35.754151" lon="127.968486"><ele>881.0</ele><time>2026-04-18T01:57:29.000Z</time></trkpt>
      <trkpt lat="35.754156" lon="127.968483"><ele>881.6</ele><time>2026-04-18T01:57:35.000Z</time></trkpt>
      <trkpt lat="35.754168" lon="127.968496"><ele>882.0</ele><time>2026-04-18T01:57:44.000Z</time></trkpt>
      <trkpt lat="35.754141" lon="127.968572"><ele>882.8</ele><time>2026-04-18T01:57:53.000Z</time></trkpt>
      <trkpt lat="35.754140" lon="127.968578"><ele>882.8</ele><time>2026-04-18T01:57:54.000Z</time></trkpt>
      <trkpt lat="35.754135" lon="127.968588"><ele>883.0</ele><time>2026-04-18T01:57:56.000Z</time></trkpt>
      <trkpt lat="35.754126" lon="127.968624"><ele>883.6</ele><time>2026-04-18T01:58:05.000Z</time></trkpt>
      <trkpt lat="35.754122" lon="127.968664"><ele>884.0</ele><time>2026-04-18T01:58:12.000Z</time></trkpt>
      <trkpt lat="35.754117" lon="127.968671"><ele>884.2</ele><time>2026-04-18T01:58:13.000Z</time></trkpt>
      <trkpt lat="35.754075" lon="127.968709"><ele>884.8</ele><time>2026-04-18T01:58:19.000Z</time></trkpt>
      <trkpt lat="35.754055" lon="127.968729"><ele>885.2</ele><time>2026-04-18T01:58:21.000Z</time></trkpt>
      <trkpt lat="35.754036" lon="127.968742"><ele>885.4</ele><time>2026-04-18T01:58:23.000Z</time></trkpt>
      <trkpt lat="35.753983" lon="127.968763"><ele>886.2</ele><time>2026-04-18T01:58:30.000Z</time></trkpt>
      <trkpt lat="35.753966" lon="127.968780"><ele>886.2</ele><time>2026-04-18T01:58:34.000Z</time></trkpt>
      <trkpt lat="35.753946" lon="127.968802"><ele>886.6</ele><time>2026-04-18T01:58:37.000Z</time></trkpt>
      <trkpt lat="35.753916" lon="127.968882"><ele>886.2</ele><time>2026-04-18T01:58:44.000Z</time></trkpt>
      <trkpt lat="35.753899" lon="127.968905"><ele>886.2</ele><time>2026-04-18T01:58:47.000Z</time></trkpt>
      <trkpt lat="35.753890" lon="127.968925"><ele>886.2</ele><time>2026-04-18T01:58:49.000Z</time></trkpt>
      <trkpt lat="35.753880" lon="127.968960"><ele>886.4</ele><time>2026-04-18T01:58:52.000Z</time></trkpt>
      <trkpt lat="35.753863" lon="127.969018"><ele>887.2</ele><time>2026-04-18T01:58:58.000Z</time></trkpt>
      <trkpt lat="35.753836" lon="127.969057"><ele>888.4</ele><time>2026-04-18T01:59:04.000Z</time></trkpt>
      <trkpt lat="35.753833" lon="127.969066"><ele>888.6</ele><time>2026-04-18T01:59:05.000Z</time></trkpt>
      <trkpt lat="35.753814" lon="127.969105"><ele>889.4</ele><time>2026-04-18T01:59:10.000Z</time></trkpt>
      <trkpt lat="35.753801" lon="127.969115"><ele>890.0</ele><time>2026-04-18T01:59:12.000Z</time></trkpt>
      <trkpt lat="35.753785" lon="127.969139"><ele>890.6</ele><time>2026-04-18T01:59:16.000Z</time></trkpt>
      <trkpt lat="35.753781" lon="127.969163"><ele>891.6</ele><time>2026-04-18T01:59:21.000Z</time></trkpt>
      <trkpt lat="35.753782" lon="127.969169"><ele>891.8</ele><time>2026-04-18T01:59:22.000Z</time></trkpt>
      <trkpt lat="35.753781" lon="127.969207"><ele>892.6</ele><time>2026-04-18T01:59:27.000Z</time></trkpt>
      <trkpt lat="35.753768" lon="127.969226"><ele>893.2</ele><time>2026-04-18T01:59:30.000Z</time></trkpt>
      <trkpt lat="35.753762" lon="127.969237"><ele>893.4</ele><time>2026-04-18T01:59:32.000Z</time></trkpt>
      <trkpt lat="35.753755" lon="127.969252"><ele>893.8</ele><time>2026-04-18T01:59:34.000Z</time></trkpt>
      <trkpt lat="35.753740" lon="127.969293"><ele>894.8</ele><time>2026-04-18T01:59:40.000Z</time></trkpt>
      <trkpt lat="35.753739" lon="127.969299"><ele>895.2</ele><time>2026-04-18T01:59:42.000Z</time></trkpt>
      <trkpt lat="35.753733" lon="127.969313"><ele>895.6</ele><time>2026-04-18T01:59:46.000Z</time></trkpt>
      <trkpt lat="35.753717" lon="127.969323"><ele>896.0</ele><time>2026-04-18T01:59:49.000Z</time></trkpt>
      <trkpt lat="35.753706" lon="127.969378"><ele>896.8</ele><time>2026-04-18T01:59:57.000Z</time></trkpt>
      <trkpt lat="35.753706" lon="127.969381"><ele>897.0</ele><time>2026-04-18T01:59:58.000Z</time></trkpt>
      <trkpt lat="35.753696" lon="127.969407"><ele>898.0</ele><time>2026-04-18T02:00:04.000Z</time></trkpt>
      <trkpt lat="35.753691" lon="127.969433"><ele>898.8</ele><time>2026-04-18T02:00:09.000Z</time></trkpt>
      <trkpt lat="35.753692" lon="127.969456"><ele>899.2</ele><time>2026-04-18T02:00:12.000Z</time></trkpt>
      <trkpt lat="35.753671" lon="127.969499"><ele>900.4</ele><time>2026-04-18T02:00:19.000Z</time></trkpt>
      <trkpt lat="35.753667" lon="127.969506"><ele>900.4</ele><time>2026-04-18T02:00:20.000Z</time></trkpt>
      <trkpt lat="35.753647" lon="127.969538"><ele>901.4</ele><time>2026-04-18T02:00:26.000Z</time></trkpt>
      <trkpt lat="35.753624" lon="127.969581"><ele>902.4</ele><time>2026-04-18T02:00:33.000Z</time></trkpt>
      <trkpt lat="35.753616" lon="127.969590"><ele>902.8</ele><time>2026-04-18T02:00:35.000Z</time></trkpt>
      <trkpt lat="35.753595" lon="127.969617"><ele>903.4</ele><time>2026-04-18T02:00:40.000Z</time></trkpt>
      <trkpt lat="35.753572" lon="127.969656"><ele>904.6</ele><time>2026-04-18T02:00:49.000Z</time></trkpt>
      <trkpt lat="35.753565" lon="127.969657"><ele>904.8</ele><time>2026-04-18T02:00:50.000Z</time></trkpt>
      <trkpt lat="35.753502" lon="127.969709"><ele>905.8</ele><time>2026-04-18T02:01:02.000Z</time></trkpt>
      <trkpt lat="35.753490" lon="127.969725"><ele>906.2</ele><time>2026-04-18T02:01:05.000Z</time></trkpt>
      <trkpt lat="35.753476" lon="127.969740"><ele>906.8</ele><time>2026-04-18T02:01:08.000Z</time></trkpt>
      <trkpt lat="35.753461" lon="127.969786"><ele>908.0</ele><time>2026-04-18T02:01:15.000Z</time></trkpt>
      <trkpt lat="35.753445" lon="127.969826"><ele>908.8</ele><time>2026-04-18T02:01:23.000Z</time></trkpt>
      <trkpt lat="35.753443" lon="127.969828"><ele>909.0</ele><time>2026-04-18T02:01:24.000Z</time></trkpt>
      <trkpt lat="35.753443" lon="127.969830"><ele>909.2</ele><time>2026-04-18T02:01:30.000Z</time></trkpt>
      <trkpt lat="35.753439" lon="127.969827"><ele>908.8</ele><time>2026-04-18T02:01:36.000Z</time></trkpt>
      <trkpt lat="35.753438" lon="127.969826"><ele>908.8</ele><time>2026-04-18T02:01:38.000Z</time></trkpt>
      <trkpt lat="35.753439" lon="127.969826"><ele>908.8</ele><time>2026-04-18T02:01:39.000Z</time></trkpt>
      <trkpt lat="35.753439" lon="127.969826"><ele>908.8</ele><time>2026-04-18T02:01:40.000Z</time></trkpt>
      <trkpt lat="35.753438" lon="127.969825"><ele>909.0</ele><time>2026-04-18T02:01:42.000Z</time></trkpt>
      <trkpt lat="35.753441" lon="127.969817"><ele>909.0</ele><time>2026-04-18T02:01:46.000Z</time></trkpt>
      <trkpt lat="35.753441" lon="127.969806"><ele>909.4</ele><time>2026-04-18T02:01:54.000Z</time></trkpt>
      <trkpt lat="35.753456" lon="127.969825"><ele>910.0</ele><time>2026-04-18T02:02:05.000Z</time></trkpt>
      <trkpt lat="35.753440" lon="127.969824"><ele>910.4</ele><time>2026-04-18T02:02:12.000Z</time></trkpt>
      <trkpt lat="35.753437" lon="127.969823"><ele>910.4</ele><time>2026-04-18T02:02:15.000Z</time></trkpt>
      <trkpt lat="35.753420" lon="127.969817"><ele>910.4</ele><time>2026-04-18T02:02:21.000Z</time></trkpt>
      <trkpt lat="35.753419" lon="127.969817"><ele>910.4</ele><time>2026-04-18T02:02:22.000Z</time></trkpt>
      <trkpt lat="35.753410" lon="127.969819"><ele>910.2</ele><time>2026-04-18T02:02:32.000Z</time></trkpt>
      <trkpt lat="35.753358" lon="127.969845"><ele>910.0</ele><time>2026-04-18T02:02:44.000Z</time></trkpt>
      <trkpt lat="35.753323" lon="127.969872"><ele>909.6</ele><time>2026-04-18T02:02:52.000Z</time></trkpt>
      <trkpt lat="35.753324" lon="127.969872"><ele>909.2</ele><time>2026-04-18T02:02:56.000Z</time></trkpt>
      <trkpt lat="35.753322" lon="127.969871"><ele>909.2</ele><time>2026-04-18T02:03:00.000Z</time></trkpt>
      <trkpt lat="35.753318" lon="127.969870"><ele>909.2</ele><time>2026-04-18T02:03:06.000Z</time></trkpt>
      <trkpt lat="35.753316" lon="127.969868"><ele>909.4</ele><time>2026-04-18T02:03:14.000Z</time></trkpt>
      <trkpt lat="35.753310" lon="127.969871"><ele>909.4</ele><time>2026-04-18T02:03:19.000Z</time></trkpt>
      <trkpt lat="35.753307" lon="127.969872"><ele>909.4</ele><time>2026-04-18T02:03:22.000Z</time></trkpt>
      <trkpt lat="35.753306" lon="127.969863"><ele>909.2</ele><time>2026-04-18T02:03:29.000Z</time></trkpt>
      <trkpt lat="35.753313" lon="127.969867"><ele>909.2</ele><time>2026-04-18T02:03:37.000Z</time></trkpt>
      <trkpt lat="35.753313" lon="127.969869"><ele>908.8</ele><time>2026-04-18T02:03:39.000Z</time></trkpt>
      <trkpt lat="35.753313" lon="127.969871"><ele>908.6</ele><time>2026-04-18T02:03:44.000Z</time></trkpt>
      <trkpt lat="35.753315" lon="127.969872"><ele>908.6</ele><time>2026-04-18T02:03:51.000Z</time></trkpt>
      <trkpt lat="35.753316" lon="127.969873"><ele>908.6</ele><time>2026-04-18T02:03:55.000Z</time></trkpt>
      <trkpt lat="35.753317" lon="127.969872"><ele>908.8</ele><time>2026-04-18T02:03:59.000Z</time></trkpt>
      <trkpt lat="35.753287" lon="127.969879"><ele>909.6</ele><time>2026-04-18T02:04:08.000Z</time></trkpt>
      <trkpt lat="35.753250" lon="127.969893"><ele>909.4</ele><time>2026-04-18T02:04:16.000Z</time></trkpt>
      <trkpt lat="35.753189" lon="127.969909"><ele>908.2</ele><time>2026-04-18T02:04:29.000Z</time></trkpt>
      <trkpt lat="35.753167" lon="127.969910"><ele>907.8</ele><time>2026-04-18T02:04:34.000Z</time></trkpt>
      <trkpt lat="35.753157" lon="127.969909"><ele>907.8</ele><time>2026-04-18T02:04:39.000Z</time></trkpt>
      <trkpt lat="35.753114" lon="127.969901"><ele>906.8</ele><time>2026-04-18T02:04:48.000Z</time></trkpt>
      <trkpt lat="35.753097" lon="127.969893"><ele>906.0</ele><time>2026-04-18T02:04:52.000Z</time></trkpt>
      <trkpt lat="35.753082" lon="127.969884"><ele>905.4</ele><time>2026-04-18T02:04:55.000Z</time></trkpt>
      <trkpt lat="35.753054" lon="127.969892"><ele>904.4</ele><time>2026-04-18T02:05:00.000Z</time></trkpt>
      <trkpt lat="35.753025" lon="127.969915"><ele>903.6</ele><time>2026-04-18T02:05:04.000Z</time></trkpt>
      <trkpt lat="35.753015" lon="127.969931"><ele>903.4</ele><time>2026-04-18T02:05:06.000Z</time></trkpt>
      <trkpt lat="35.752977" lon="127.969969"><ele>902.4</ele><time>2026-04-18T02:05:13.000Z</time></trkpt>
      <trkpt lat="35.752948" lon="127.969986"><ele>901.4</ele><time>2026-04-18T02:05:18.000Z</time></trkpt>
      <trkpt lat="35.752935" lon="127.969994"><ele>901.0</ele><time>2026-04-18T02:05:20.000Z</time></trkpt>
      <trkpt lat="35.752918" lon="127.969991"><ele>900.6</ele><time>2026-04-18T02:05:23.000Z</time></trkpt>
      <trkpt lat="35.752910" lon="127.969993"><ele>900.2</ele><time>2026-04-18T02:05:25.000Z</time></trkpt>
      <trkpt lat="35.752888" lon="127.969992"><ele>899.4</ele><time>2026-04-18T02:05:29.000Z</time></trkpt>
      <trkpt lat="35.752882" lon="127.969995"><ele>899.0</ele><time>2026-04-18T02:05:30.000Z</time></trkpt>
      <trkpt lat="35.752854" lon="127.969997"><ele>897.8</ele><time>2026-04-18T02:05:34.000Z</time></trkpt>
      <trkpt lat="35.752828" lon="127.970020"><ele>896.8</ele><time>2026-04-18T02:05:39.000Z</time></trkpt>
      <trkpt lat="35.752827" lon="127.970028"><ele>896.6</ele><time>2026-04-18T02:05:40.000Z</time></trkpt>
      <trkpt lat="35.752801" lon="127.970036"><ele>895.6</ele><time>2026-04-18T02:05:44.000Z</time></trkpt>
      <trkpt lat="35.752782" lon="127.970037"><ele>894.8</ele><time>2026-04-18T02:05:47.000Z</time></trkpt>
      <trkpt lat="35.752774" lon="127.970039"><ele>894.6</ele><time>2026-04-18T02:05:48.000Z</time></trkpt>
      <trkpt lat="35.752740" lon="127.970028"><ele>893.6</ele><time>2026-04-18T02:05:53.000Z</time></trkpt>
      <trkpt lat="35.752722" lon="127.970042"><ele>892.8</ele><time>2026-04-18T02:05:56.000Z</time></trkpt>
      <trkpt lat="35.752713" lon="127.970058"><ele>892.6</ele><time>2026-04-18T02:05:58.000Z</time></trkpt>
      <trkpt lat="35.752682" lon="127.970093"><ele>891.8</ele><time>2026-04-18T02:06:06.000Z</time></trkpt>
      <trkpt lat="35.752686" lon="127.970081"><ele>891.8</ele><time>2026-04-18T02:06:11.000Z</time></trkpt>
      <trkpt lat="35.752686" lon="127.970075"><ele>892.0</ele><time>2026-04-18T02:06:19.000Z</time></trkpt>
      <trkpt lat="35.752624" lon="127.970135"><ele>892.8</ele><time>2026-04-18T02:06:30.000Z</time></trkpt>
      <trkpt lat="35.752606" lon="127.970152"><ele>893.6</ele><time>2026-04-18T02:06:33.000Z</time></trkpt>
      <trkpt lat="35.752575" lon="127.970175"><ele>894.6</ele><time>2026-04-18T02:06:38.000Z</time></trkpt>
      <trkpt lat="35.752571" lon="127.970180"><ele>895.0</ele><time>2026-04-18T02:06:39.000Z</time></trkpt>
      <trkpt lat="35.752564" lon="127.970204"><ele>895.8</ele><time>2026-04-18T02:06:42.000Z</time></trkpt>
      <trkpt lat="35.752550" lon="127.970212"><ele>896.4</ele><time>2026-04-18T02:06:45.000Z</time></trkpt>
      <trkpt lat="35.752541" lon="127.970219"><ele>897.0</ele><time>2026-04-18T02:06:47.000Z</time></trkpt>
      <trkpt lat="35.752539" lon="127.970224"><ele>897.4</ele><time>2026-04-18T02:06:48.000Z</time></trkpt>
      <trkpt lat="35.752533" lon="127.970250"><ele>898.0</ele><time>2026-04-18T02:06:51.000Z</time></trkpt>
      <trkpt lat="35.752530" lon="127.970256"><ele>898.2</ele><time>2026-04-18T02:06:52.000Z</time></trkpt>
      <trkpt lat="35.752511" lon="127.970265"><ele>899.0</ele><time>2026-04-18T02:06:56.000Z</time></trkpt>
      <trkpt lat="35.752506" lon="127.970271"><ele>899.4</ele><time>2026-04-18T02:06:58.000Z</time></trkpt>
      <trkpt lat="35.752488" lon="127.970279"><ele>900.4</ele><time>2026-04-18T02:07:03.000Z</time></trkpt>
      <trkpt lat="35.752470" lon="127.970294"><ele>901.0</ele><time>2026-04-18T02:07:07.000Z</time></trkpt>
      <trkpt lat="35.752462" lon="127.970303"><ele>901.2</ele><time>2026-04-18T02:07:09.000Z</time></trkpt>
      <trkpt lat="35.752453" lon="127.970311"><ele>901.6</ele><time>2026-04-18T02:07:11.000Z</time></trkpt>
      <trkpt lat="35.752443" lon="127.970340"><ele>902.6</ele><time>2026-04-18T02:07:17.000Z</time></trkpt>
      <trkpt lat="35.752441" lon="127.970351"><ele>903.0</ele><time>2026-04-18T02:07:19.000Z</time></trkpt>
      <trkpt lat="35.752424" lon="127.970353"><ele>903.6</ele><time>2026-04-18T02:07:22.000Z</time></trkpt>
      <trkpt lat="35.752391" lon="127.970346"><ele>904.4</ele><time>2026-04-18T02:07:28.000Z</time></trkpt>
      <trkpt lat="35.752371" lon="127.970358"><ele>904.8</ele><time>2026-04-18T02:07:32.000Z</time></trkpt>
      <trkpt lat="35.752358" lon="127.970384"><ele>905.2</ele><time>2026-04-18T02:07:36.000Z</time></trkpt>
      <trkpt lat="35.752346" lon="127.970402"><ele>905.8</ele><time>2026-04-18T02:07:40.000Z</time></trkpt>
      <trkpt lat="35.752323" lon="127.970433"><ele>906.8</ele><time>2026-04-18T02:07:46.000Z</time></trkpt>
      <trkpt lat="35.752308" lon="127.970438"><ele>907.4</ele><time>2026-04-18T02:07:50.000Z</time></trkpt>
      <trkpt lat="35.752291" lon="127.970440"><ele>908.0</ele><time>2026-04-18T02:07:54.000Z</time></trkpt>
      <trkpt lat="35.752275" lon="127.970441"><ele>908.2</ele><time>2026-04-18T02:08:01.000Z</time></trkpt>
      <trkpt lat="35.752237" lon="127.970472"><ele>908.0</ele><time>2026-04-18T02:08:14.000Z</time></trkpt>
      <trkpt lat="35.752242" lon="127.970471"><ele>908.0</ele><time>2026-04-18T02:08:19.000Z</time></trkpt>
      <trkpt lat="35.752239" lon="127.970476"><ele>908.0</ele><time>2026-04-18T02:08:21.000Z</time></trkpt>
      <trkpt lat="35.752243" lon="127.970485"><ele>908.0</ele><time>2026-04-18T02:08:26.000Z</time></trkpt>
      <trkpt lat="35.752238" lon="127.970507"><ele>907.8</ele><time>2026-04-18T02:08:31.000Z</time></trkpt>
      <trkpt lat="35.752234" lon="127.970486"><ele>907.8</ele><time>2026-04-18T02:08:34.000Z</time></trkpt>
      <trkpt lat="35.752225" lon="127.970456"><ele>908.0</ele><time>2026-04-18T02:08:39.000Z</time></trkpt>
      <trkpt lat="35.752217" lon="127.970453"><ele>908.0</ele><time>2026-04-18T02:08:41.000Z</time></trkpt>
      <trkpt lat="35.752200" lon="127.970483"><ele>907.0</ele><time>2026-04-18T02:08:50.000Z</time></trkpt>
      <trkpt lat="35.752197" lon="127.970487"><ele>906.8</ele><time>2026-04-18T02:08:51.000Z</time></trkpt>
      <trkpt lat="35.752194" lon="127.970505"><ele>906.6</ele><time>2026-04-18T02:08:55.000Z</time></trkpt>
      <trkpt lat="35.752183" lon="127.970520"><ele>905.8</ele><time>2026-04-18T02:08:59.000Z</time></trkpt>
      <trkpt lat="35.752175" lon="127.970491"><ele>905.6</ele><time>2026-04-18T02:09:01.000Z</time></trkpt>
      <trkpt lat="35.752171" lon="127.970471"><ele>905.6</ele><time>2026-04-18T02:09:06.000Z</time></trkpt>
      <trkpt lat="35.752135" lon="127.970435"><ele>904.8</ele><time>2026-04-18T02:09:12.000Z</time></trkpt>
      <trkpt lat="35.752097" lon="127.970445"><ele>903.6</ele><time>2026-04-18T02:09:17.000Z</time></trkpt>
      <trkpt lat="35.752076" lon="127.970451"><ele>902.8</ele><time>2026-04-18T02:09:20.000Z</time></trkpt>
      <trkpt lat="35.752060" lon="127.970459"><ele>902.2</ele><time>2026-04-18T02:09:22.000Z</time></trkpt>
      <trkpt lat="35.752035" lon="127.970470"><ele>901.2</ele><time>2026-04-18T02:09:26.000Z</time></trkpt>
      <trkpt lat="35.752006" lon="127.970488"><ele>900.0</ele><time>2026-04-18T02:09:32.000Z</time></trkpt>
      <trkpt lat="35.751979" lon="127.970493"><ele>899.0</ele><time>2026-04-18T02:09:39.000Z</time></trkpt>
      <trkpt lat="35.751966" lon="127.970494"><ele>898.6</ele><time>2026-04-18T02:09:41.000Z</time></trkpt>
      <trkpt lat="35.751955" lon="127.970499"><ele>897.8</ele><time>2026-04-18T02:09:44.000Z</time></trkpt>
      <trkpt lat="35.751941" lon="127.970520"><ele>896.8</ele><time>2026-04-18T02:09:49.000Z</time></trkpt>
      <trkpt lat="35.751938" lon="127.970526"><ele>896.8</ele><time>2026-04-18T02:09:50.000Z</time></trkpt>
      <trkpt lat="35.751903" lon="127.970551"><ele>896.8</ele><time>2026-04-18T02:09:57.000Z</time></trkpt>
      <trkpt lat="35.751880" lon="127.970569"><ele>896.6</ele><time>2026-04-18T02:10:01.000Z</time></trkpt>
      <trkpt lat="35.751843" lon="127.970580"><ele>896.6</ele><time>2026-04-18T02:10:10.000Z</time></trkpt>
      <trkpt lat="35.751814" lon="127.970588"><ele>897.0</ele><time>2026-04-18T02:10:14.000Z</time></trkpt>
      <trkpt lat="35.751698" lon="127.970599"><ele>896.8</ele><time>2026-04-18T02:10:27.000Z</time></trkpt>
      <trkpt lat="35.751627" lon="127.970592"><ele>898.0</ele><time>2026-04-18T02:10:36.000Z</time></trkpt>
      <trkpt lat="35.751607" lon="127.970585"><ele>898.2</ele><time>2026-04-18T02:10:38.000Z</time></trkpt>
      <trkpt lat="35.751567" lon="127.970582"><ele>898.8</ele><time>2026-04-18T02:10:43.000Z</time></trkpt>
      <trkpt lat="35.751550" lon="127.970593"><ele>899.0</ele><time>2026-04-18T02:10:46.000Z</time></trkpt>
      <trkpt lat="35.751523" lon="127.970614"><ele>899.8</ele><time>2026-04-18T02:10:50.000Z</time></trkpt>
      <trkpt lat="35.751505" lon="127.970614"><ele>899.8</ele><time>2026-04-18T02:10:52.000Z</time></trkpt>
      <trkpt lat="35.751459" lon="127.970574"><ele>898.6</ele><time>2026-04-18T02:11:00.000Z</time></trkpt>
      <trkpt lat="35.751442" lon="127.970565"><ele>897.8</ele><time>2026-04-18T02:11:03.000Z</time></trkpt>
      <trkpt lat="35.751412" lon="127.970530"><ele>896.6</ele><time>2026-04-18T02:11:08.000Z</time></trkpt>
      <trkpt lat="35.751396" lon="127.970503"><ele>896.0</ele><time>2026-04-18T02:11:11.000Z</time></trkpt>
      <trkpt lat="35.751384" lon="127.970480"><ele>895.6</ele><time>2026-04-18T02:11:14.000Z</time></trkpt>
      <trkpt lat="35.751348" lon="127.970447"><ele>894.8</ele><time>2026-04-18T02:11:19.000Z</time></trkpt>
      <trkpt lat="35.751342" lon="127.970438"><ele>894.4</ele><time>2026-04-18T02:11:20.000Z</time></trkpt>
      <trkpt lat="35.751308" lon="127.970385"><ele>894.0</ele><time>2026-04-18T02:11:26.000Z</time></trkpt>
      <trkpt lat="35.751240" lon="127.970323"><ele>895.0</ele><time>2026-04-18T02:11:35.000Z</time></trkpt>
      <trkpt lat="35.751233" lon="127.970318"><ele>895.0</ele><time>2026-04-18T02:11:36.000Z</time></trkpt>
      <trkpt lat="35.751211" lon="127.970304"><ele>895.4</ele><time>2026-04-18T02:11:39.000Z</time></trkpt>
      <trkpt lat="35.751178" lon="127.970277"><ele>896.6</ele><time>2026-04-18T02:11:45.000Z</time></trkpt>
      <trkpt lat="35.751159" lon="127.970280"><ele>897.6</ele><time>2026-04-18T02:11:49.000Z</time></trkpt>
      <trkpt lat="35.751137" lon="127.970288"><ele>898.6</ele><time>2026-04-18T02:11:53.000Z</time></trkpt>
      <trkpt lat="35.751132" lon="127.970289"><ele>898.8</ele><time>2026-04-18T02:11:54.000Z</time></trkpt>
      <trkpt lat="35.751117" lon="127.970294"><ele>899.4</ele><time>2026-04-18T02:11:57.000Z</time></trkpt>
      <trkpt lat="35.751112" lon="127.970292"><ele>899.8</ele><time>2026-04-18T02:11:58.000Z</time></trkpt>
      <trkpt lat="35.751090" lon="127.970288"><ele>900.4</ele><time>2026-04-18T02:12:01.000Z</time></trkpt>
      <trkpt lat="35.751053" lon="127.970286"><ele>900.4</ele><time>2026-04-18T02:12:05.000Z</time></trkpt>
      <trkpt lat="35.750992" lon="127.970314"><ele>900.4</ele><time>2026-04-18T02:12:13.000Z</time></trkpt>
      <trkpt lat="35.750920" lon="127.970344"><ele>900.2</ele><time>2026-04-18T02:12:21.000Z</time></trkpt>
      <trkpt lat="35.750874" lon="127.970371"><ele>900.8</ele><time>2026-04-18T02:12:29.000Z</time></trkpt>
      <trkpt lat="35.750776" lon="127.970332"><ele>900.8</ele><time>2026-04-18T02:12:40.000Z</time></trkpt>
      <trkpt lat="35.750687" lon="127.970324"><ele>901.8</ele><time>2026-04-18T02:12:51.000Z</time></trkpt>
      <trkpt lat="35.750671" lon="127.970312"><ele>902.0</ele><time>2026-04-18T02:12:53.000Z</time></trkpt>
      <trkpt lat="35.750603" lon="127.970273"><ele>902.2</ele><time>2026-04-18T02:13:04.000Z</time></trkpt>
      <trkpt lat="35.750557" lon="127.970299"><ele>902.8</ele><time>2026-04-18T02:13:13.000Z</time></trkpt>
      <trkpt lat="35.750554" lon="127.970301"><ele>903.0</ele><time>2026-04-18T02:13:15.000Z</time></trkpt>
      <trkpt lat="35.750553" lon="127.970305"><ele>903.2</ele><time>2026-04-18T02:13:20.000Z</time></trkpt>
      <trkpt lat="35.750552" lon="127.970305"><ele>903.0</ele><time>2026-04-18T02:13:26.000Z</time></trkpt>
      <trkpt lat="35.750551" lon="127.970304"><ele>902.8</ele><time>2026-04-18T02:13:29.000Z</time></trkpt>
      <trkpt lat="35.750551" lon="127.970304"><ele>902.8</ele><time>2026-04-18T02:13:33.000Z</time></trkpt>
      <trkpt lat="35.750549" lon="127.970301"><ele>902.6</ele><time>2026-04-18T02:13:44.000Z</time></trkpt>
      <trkpt lat="35.750549" lon="127.970301"><ele>902.6</ele><time>2026-04-18T02:13:46.000Z</time></trkpt>
      <trkpt lat="35.750551" lon="127.970300"><ele>902.6</ele><time>2026-04-18T02:13:55.000Z</time></trkpt>
      <trkpt lat="35.750547" lon="127.970301"><ele>902.8</ele><time>2026-04-18T02:13:59.000Z</time></trkpt>
      <trkpt lat="35.750547" lon="127.970299"><ele>903.0</ele><time>2026-04-18T02:14:06.000Z</time></trkpt>
      <trkpt lat="35.750546" lon="127.970299"><ele>903.0</ele><time>2026-04-18T02:14:09.000Z</time></trkpt>
      <trkpt lat="35.750547" lon="127.970296"><ele>903.0</ele><time>2026-04-18T02:14:22.000Z</time></trkpt>
      <trkpt lat="35.750564" lon="127.970285"><ele>903.0</ele><time>2026-04-18T02:14:36.000Z</time></trkpt>
      <trkpt lat="35.750595" lon="127.970244"><ele>902.2</ele><time>2026-04-18T02:14:51.000Z</time></trkpt>
      <trkpt lat="35.750589" lon="127.970241"><ele>902.2</ele><time>2026-04-18T02:14:53.000Z</time></trkpt>
      <trkpt lat="35.750581" lon="127.970237"><ele>901.8</ele><time>2026-04-18T02:14:57.000Z</time></trkpt>
      <trkpt lat="35.750578" lon="127.970235"><ele>901.6</ele><time>2026-04-18T02:15:02.000Z</time></trkpt>
      <trkpt lat="35.750582" lon="127.970218"><ele>901.2</ele><time>2026-04-18T02:15:07.000Z</time></trkpt>
      <trkpt lat="35.750575" lon="127.970203"><ele>900.6</ele><time>2026-04-18T02:15:10.000Z</time></trkpt>
      <trkpt lat="35.750561" lon="127.970187"><ele>900.4</ele><time>2026-04-18T02:15:12.000Z</time></trkpt>
      <trkpt lat="35.750510" lon="127.970144"><ele>901.0</ele><time>2026-04-18T02:15:22.000Z</time></trkpt>
      <trkpt lat="35.750467" lon="127.970110"><ele>900.8</ele><time>2026-04-18T02:15:32.000Z</time></trkpt>
      <trkpt lat="35.750465" lon="127.970108"><ele>900.4</ele><time>2026-04-18T02:15:34.000Z</time></trkpt>
      <trkpt lat="35.750467" lon="127.970074"><ele>899.8</ele><time>2026-04-18T02:15:39.000Z</time></trkpt>
      <trkpt lat="35.750469" lon="127.970069"><ele>899.6</ele><time>2026-04-18T02:15:40.000Z</time></trkpt>
      <trkpt lat="35.750486" lon="127.970037"><ele>898.4</ele><time>2026-04-18T02:15:47.000Z</time></trkpt>
      <trkpt lat="35.750490" lon="127.970026"><ele>897.6</ele><time>2026-04-18T02:15:51.000Z</time></trkpt>
      <trkpt lat="35.750490" lon="127.970026"><ele>897.4</ele><time>2026-04-18T02:15:54.000Z</time></trkpt>
      <trkpt lat="35.750499" lon="127.970020"><ele>896.8</ele><time>2026-04-18T02:16:02.000Z</time></trkpt>
      <trkpt lat="35.750497" lon="127.970006"><ele>896.2</ele><time>2026-04-18T02:16:05.000Z</time></trkpt>
      <trkpt lat="35.750498" lon="127.969978"><ele>895.2</ele><time>2026-04-18T02:16:11.000Z</time></trkpt>
      <trkpt lat="35.750494" lon="127.969974"><ele>895.0</ele><time>2026-04-18T02:16:12.000Z</time></trkpt>
      <trkpt lat="35.750486" lon="127.969961"><ele>894.6</ele><time>2026-04-18T02:16:14.000Z</time></trkpt>
      <trkpt lat="35.750466" lon="127.969944"><ele>894.2</ele><time>2026-04-18T02:16:17.000Z</time></trkpt>
      <trkpt lat="35.750446" lon="127.969911"><ele>893.6</ele><time>2026-04-18T02:16:21.000Z</time></trkpt>
      <trkpt lat="35.750431" lon="127.969872"><ele>893.0</ele><time>2026-04-18T02:16:26.000Z</time></trkpt>
      <trkpt lat="35.750424" lon="127.969858"><ele>893.0</ele><time>2026-04-18T02:16:28.000Z</time></trkpt>
      <trkpt lat="35.750422" lon="127.969784"><ele>892.2</ele><time>2026-04-18T02:16:35.000Z</time></trkpt>
      <trkpt lat="35.750423" lon="127.969776"><ele>892.0</ele><time>2026-04-18T02:16:36.000Z</time></trkpt>
      <trkpt lat="35.750424" lon="127.969727"><ele>890.8</ele><time>2026-04-18T02:16:41.000Z</time></trkpt>
      <trkpt lat="35.750433" lon="127.969722"><ele>890.4</ele><time>2026-04-18T02:16:43.000Z</time></trkpt>
      <trkpt lat="35.750446" lon="127.969714"><ele>889.8</ele><time>2026-04-18T02:16:46.000Z</time></trkpt>
      <trkpt lat="35.750470" lon="127.969693"><ele>888.6</ele><time>2026-04-18T02:16:50.000Z</time></trkpt>
      <trkpt lat="35.750491" lon="127.969679"><ele>887.8</ele><time>2026-04-18T02:16:53.000Z</time></trkpt>
      <trkpt lat="35.750498" lon="127.969677"><ele>887.4</ele><time>2026-04-18T02:16:54.000Z</time></trkpt>
      <trkpt lat="35.750522" lon="127.969660"><ele>886.2</ele><time>2026-04-18T02:16:58.000Z</time></trkpt>
      <trkpt lat="35.750530" lon="127.969630"><ele>885.2</ele><time>2026-04-18T02:17:02.000Z</time></trkpt>
      <trkpt lat="35.750533" lon="127.969620"><ele>884.8</ele><time>2026-04-18T02:17:03.000Z</time></trkpt>
      <trkpt lat="35.750529" lon="127.969581"><ele>884.0</ele><time>2026-04-18T02:17:06.000Z</time></trkpt>
      <trkpt lat="35.750524" lon="127.969540"><ele>883.8</ele><time>2026-04-18T02:17:10.000Z</time></trkpt>
      <trkpt lat="35.750516" lon="127.969527"><ele>884.0</ele><time>2026-04-18T02:17:12.000Z</time></trkpt>
      <trkpt lat="35.750495" lon="127.969511"><ele>884.4</ele><time>2026-04-18T02:17:15.000Z</time></trkpt>
      <trkpt lat="35.750474" lon="127.969485"><ele>885.2</ele><time>2026-04-18T02:17:20.000Z</time></trkpt>
      <trkpt lat="35.750454" lon="127.969386"><ele>885.0</ele><time>2026-04-18T02:17:30.000Z</time></trkpt>
      <trkpt lat="35.750393" lon="127.969287"><ele>884.6</ele><time>2026-04-18T02:17:42.000Z</time></trkpt>
      <trkpt lat="35.750388" lon="127.969284"><ele>884.8</ele><time>2026-04-18T02:17:43.000Z</time></trkpt>
      <trkpt lat="35.750382" lon="127.969279"><ele>884.8</ele><time>2026-04-18T02:17:44.000Z</time></trkpt>
      <trkpt lat="35.750371" lon="127.969271"><ele>884.8</ele><time>2026-04-18T02:17:46.000Z</time></trkpt>
      <trkpt lat="35.750319" lon="127.969250"><ele>885.4</ele><time>2026-04-18T02:17:54.000Z</time></trkpt>
      <trkpt lat="35.750316" lon="127.969280"><ele>886.2</ele><time>2026-04-18T02:17:59.000Z</time></trkpt>
      <trkpt lat="35.750315" lon="127.969286"><ele>886.4</ele><time>2026-04-18T02:18:03.000Z</time></trkpt>
      <trkpt lat="35.750313" lon="127.969287"><ele>886.4</ele><time>2026-04-18T02:18:04.000Z</time></trkpt>
      <trkpt lat="35.750314" lon="127.969285"><ele>886.2</ele><time>2026-04-18T02:18:09.000Z</time></trkpt>
      <trkpt lat="35.750318" lon="127.969286"><ele>886.0</ele><time>2026-04-18T02:18:18.000Z</time></trkpt>
      <trkpt lat="35.750277" lon="127.969221"><ele>886.0</ele><time>2026-04-18T02:18:29.000Z</time></trkpt>
      <trkpt lat="35.750230" lon="127.969204"><ele>887.2</ele><time>2026-04-18T02:18:35.000Z</time></trkpt>
      <trkpt lat="35.750212" lon="127.969182"><ele>887.4</ele><time>2026-04-18T02:18:39.000Z</time></trkpt>
      <trkpt lat="35.750150" lon="127.969187"><ele>886.2</ele><time>2026-04-18T02:18:46.000Z</time></trkpt>
      <trkpt lat="35.750131" lon="127.969189"><ele>886.2</ele><time>2026-04-18T02:18:48.000Z</time></trkpt>
      <trkpt lat="35.750102" lon="127.969193"><ele>886.0</ele><time>2026-04-18T02:18:55.000Z</time></trkpt>
      <trkpt lat="35.750103" lon="127.969193"><ele>885.6</ele><time>2026-04-18T02:19:02.000Z</time></trkpt>
      <trkpt lat="35.750102" lon="127.969194"><ele>885.6</ele><time>2026-04-18T02:19:07.000Z</time></trkpt>
      <trkpt lat="35.750098" lon="127.969188"><ele>885.6</ele><time>2026-04-18T02:19:09.000Z</time></trkpt>
      <trkpt lat="35.750082" lon="127.969178"><ele>885.6</ele><time>2026-04-18T02:19:12.000Z</time></trkpt>
      <trkpt lat="35.750043" lon="127.969172"><ele>885.2</ele><time>2026-04-18T02:19:16.000Z</time></trkpt>
      <trkpt lat="35.750015" lon="127.969160"><ele>885.0</ele><time>2026-04-18T02:19:20.000Z</time></trkpt>
      <trkpt lat="35.749983" lon="127.969151"><ele>884.6</ele><time>2026-04-18T02:19:28.000Z</time></trkpt>
      <trkpt lat="35.749972" lon="127.969162"><ele>884.2</ele><time>2026-04-18T02:19:31.000Z</time></trkpt>
      <trkpt lat="35.749948" lon="127.969139"><ele>883.0</ele><time>2026-04-18T02:19:35.000Z</time></trkpt>
      <trkpt lat="35.749943" lon="127.969132"><ele>883.0</ele><time>2026-04-18T02:19:37.000Z</time></trkpt>
      <trkpt lat="35.749943" lon="127.969134"><ele>883.0</ele><time>2026-04-18T02:19:43.000Z</time></trkpt>
      <trkpt lat="35.749935" lon="127.969121"><ele>883.0</ele><time>2026-04-18T02:19:52.000Z</time></trkpt>
      <trkpt lat="35.749934" lon="127.969119"><ele>883.0</ele><time>2026-04-18T02:19:57.000Z</time></trkpt>
      <trkpt lat="35.749935" lon="127.969119"><ele>883.2</ele><time>2026-04-18T02:19:58.000Z</time></trkpt>
      <trkpt lat="35.749935" lon="127.969117"><ele>883.4</ele><time>2026-04-18T02:19:59.000Z</time></trkpt>
      <trkpt lat="35.749939" lon="127.969122"><ele>883.4</ele><time>2026-04-18T02:20:08.000Z</time></trkpt>
      <trkpt lat="35.749907" lon="127.969060"><ele>883.6</ele><time>2026-04-18T02:20:20.000Z</time></trkpt>
      <trkpt lat="35.749867" lon="127.969057"><ele>883.0</ele><time>2026-04-18T02:20:29.000Z</time></trkpt>
      <trkpt lat="35.749866" lon="127.969043"><ele>882.6</ele><time>2026-04-18T02:20:36.000Z</time></trkpt>
      <trkpt lat="35.749867" lon="127.969042"><ele>882.6</ele><time>2026-04-18T02:20:37.000Z</time></trkpt>
      <trkpt lat="35.749855" lon="127.969059"><ele>882.8</ele><time>2026-04-18T02:20:43.000Z</time></trkpt>
      <trkpt lat="35.749840" lon="127.969056"><ele>883.2</ele><time>2026-04-18T02:20:45.000Z</time></trkpt>
      <trkpt lat="35.749842" lon="127.969047"><ele>883.2</ele><time>2026-04-18T02:20:51.000Z</time></trkpt>
      <trkpt lat="35.749852" lon="127.969030"><ele>883.4</ele><time>2026-04-18T02:20:54.000Z</time></trkpt>
      <trkpt lat="35.749853" lon="127.969022"><ele>883.4</ele><time>2026-04-18T02:20:56.000Z</time></trkpt>
      <trkpt lat="35.749853" lon="127.969020"><ele>883.2</ele><time>2026-04-18T02:20:58.000Z</time></trkpt>
      <trkpt lat="35.749853" lon="127.969020"><ele>882.8</ele><time>2026-04-18T02:21:05.000Z</time></trkpt>
      <trkpt lat="35.749854" lon="127.969047"><ele>882.8</ele><time>2026-04-18T02:21:20.000Z</time></trkpt>
      <trkpt lat="35.749850" lon="127.969050"><ele>882.8</ele><time>2026-04-18T02:21:21.000Z</time></trkpt>
      <trkpt lat="35.749847" lon="127.969052"><ele>882.8</ele><time>2026-04-18T02:21:22.000Z</time></trkpt>
      <trkpt lat="35.749846" lon="127.969053"><ele>882.8</ele><time>2026-04-18T02:21:23.000Z</time></trkpt>
      <trkpt lat="35.749843" lon="127.969055"><ele>883.0</ele><time>2026-04-18T02:21:24.000Z</time></trkpt>
      <trkpt lat="35.749848" lon="127.969053"><ele>883.0</ele><time>2026-04-18T02:21:27.000Z</time></trkpt>
      <trkpt lat="35.749849" lon="127.969050"><ele>883.0</ele><time>2026-04-18T02:21:31.000Z</time></trkpt>
      <trkpt lat="35.749852" lon="127.969056"><ele>882.8</ele><time>2026-04-18T02:21:36.000Z</time></trkpt>
      <trkpt lat="35.749850" lon="127.969053"><ele>882.2</ele><time>2026-04-18T02:21:45.000Z</time></trkpt>
      <trkpt lat="35.749849" lon="127.969052"><ele>881.8</ele><time>2026-04-18T02:21:46.000Z</time></trkpt>
      <trkpt lat="35.749849" lon="127.969050"><ele>881.4</ele><time>2026-04-18T02:21:56.000Z</time></trkpt>
      <trkpt lat="35.749849" lon="127.969050"><ele>881.6</ele><time>2026-04-18T02:21:57.000Z</time></trkpt>
      <trkpt lat="35.749850" lon="127.969050"><ele>881.6</ele><time>2026-04-18T02:21:58.000Z</time></trkpt>
      <trkpt lat="35.749857" lon="127.969044"><ele>882.2</ele><time>2026-04-18T02:22:04.000Z</time></trkpt>
      <trkpt lat="35.749863" lon="127.969041"><ele>882.4</ele><time>2026-04-18T02:22:09.000Z</time></trkpt>
      <trkpt lat="35.749861" lon="127.969049"><ele>882.6</ele><time>2026-04-18T02:22:11.000Z</time></trkpt>
      <trkpt lat="35.749859" lon="127.969051"><ele>882.6</ele><time>2026-04-18T02:22:12.000Z</time></trkpt>
      <trkpt lat="35.749854" lon="127.969049"><ele>882.6</ele><time>2026-04-18T02:22:13.000Z</time></trkpt>
      <trkpt lat="35.749851" lon="127.969048"><ele>882.6</ele><time>2026-04-18T02:22:14.000Z</time></trkpt>
      <trkpt lat="35.749859" lon="127.969018"><ele>882.6</ele><time>2026-04-18T02:22:21.000Z</time></trkpt>
      <trkpt lat="35.749860" lon="127.969020"><ele>881.8</ele><time>2026-04-18T02:22:26.000Z</time></trkpt>
      <trkpt lat="35.749859" lon="127.969019"><ele>881.6</ele><time>2026-04-18T02:22:28.000Z</time></trkpt>
      <trkpt lat="35.749863" lon="127.969018"><ele>881.6</ele><time>2026-04-18T02:22:33.000Z</time></trkpt>
      <trkpt lat="35.749846" lon="127.969057"><ele>882.0</ele><time>2026-04-18T02:22:40.000Z</time></trkpt>
      <trkpt lat="35.749840" lon="127.969057"><ele>882.4</ele><time>2026-04-18T02:22:42.000Z</time></trkpt>
      <trkpt lat="35.749841" lon="127.969043"><ele>882.6</ele><time>2026-04-18T02:22:48.000Z</time></trkpt>
      <trkpt lat="35.749850" lon="127.969032"><ele>882.4</ele><time>2026-04-18T02:22:54.000Z</time></trkpt>
      <trkpt lat="35.749917" lon="127.968996"><ele>881.6</ele><time>2026-04-18T02:23:04.000Z</time></trkpt>
      <trkpt lat="35.749948" lon="127.968973"><ele>880.6</ele><time>2026-04-18T02:23:09.000Z</time></trkpt>
      <trkpt lat="35.749961" lon="127.968948"><ele>879.4</ele><time>2026-04-18T02:23:14.000Z</time></trkpt>
      <trkpt lat="35.749958" lon="127.968940"><ele>879.2</ele><time>2026-04-18T02:23:15.000Z</time></trkpt>
      <trkpt lat="35.749950" lon="127.968917"><ele>878.4</ele><time>2026-04-18T02:23:18.000Z</time></trkpt>
      <trkpt lat="35.749937" lon="127.968888"><ele>877.2</ele><time>2026-04-18T02:23:22.000Z</time></trkpt>
      <trkpt lat="35.749900" lon="127.968873"><ele>876.0</ele><time>2026-04-18T02:23:27.000Z</time></trkpt>
      <trkpt lat="35.749895" lon="127.968873"><ele>875.8</ele><time>2026-04-18T02:23:28.000Z</time></trkpt>
      <trkpt lat="35.749880" lon="127.968894"><ele>875.0</ele><time>2026-04-18T02:23:32.000Z</time></trkpt>
      <trkpt lat="35.749877" lon="127.968903"><ele>874.6</ele><time>2026-04-18T02:23:35.000Z</time></trkpt>
      <trkpt lat="35.749868" lon="127.968900"><ele>874.6</ele><time>2026-04-18T02:23:42.000Z</time></trkpt>
      <trkpt lat="35.749874" lon="127.968884"><ele>874.8</ele><time>2026-04-18T02:23:47.000Z</time></trkpt>
      <trkpt lat="35.749872" lon="127.968881"><ele>874.8</ele><time>2026-04-18T02:23:48.000Z</time></trkpt>
      <trkpt lat="35.749864" lon="127.968880"><ele>874.8</ele><time>2026-04-18T02:23:51.000Z</time></trkpt>
      <trkpt lat="35.749852" lon="127.968899"><ele>874.4</ele><time>2026-04-18T02:23:56.000Z</time></trkpt>
      <trkpt lat="35.749837" lon="127.968902"><ele>873.8</ele><time>2026-04-18T02:23:59.000Z</time></trkpt>
      <trkpt lat="35.749828" lon="127.968908"><ele>873.2</ele><time>2026-04-18T02:24:02.000Z</time></trkpt>
      <trkpt lat="35.749818" lon="127.968916"><ele>872.6</ele><time>2026-04-18T02:24:04.000Z</time></trkpt>
      <trkpt lat="35.749808" lon="127.968937"><ele>872.0</ele><time>2026-04-18T02:24:14.000Z</time></trkpt>
      <trkpt lat="35.749813" lon="127.968938"><ele>872.2</ele><time>2026-04-18T02:24:20.000Z</time></trkpt>
      <trkpt lat="35.749812" lon="127.968938"><ele>872.4</ele><time>2026-04-18T02:24:22.000Z</time></trkpt>
      <trkpt lat="35.749811" lon="127.968942"><ele>872.4</ele><time>2026-04-18T02:24:25.000Z</time></trkpt>
      <trkpt lat="35.749816" lon="127.968952"><ele>872.6</ele><time>2026-04-18T02:24:29.000Z</time></trkpt>
      <trkpt lat="35.749809" lon="127.968963"><ele>872.4</ele><time>2026-04-18T02:24:32.000Z</time></trkpt>
      <trkpt lat="35.749797" lon="127.968980"><ele>872.2</ele><time>2026-04-18T02:24:43.000Z</time></trkpt>
      <trkpt lat="35.749823" lon="127.968956"><ele>872.0</ele><time>2026-04-18T02:24:50.000Z</time></trkpt>
      <trkpt lat="35.749822" lon="127.968954"><ele>872.0</ele><time>2026-04-18T02:24:57.000Z</time></trkpt>
      <trkpt lat="35.749814" lon="127.968964"><ele>872.2</ele><time>2026-04-18T02:25:05.000Z</time></trkpt>
      <trkpt lat="35.749812" lon="127.968972"><ele>872.8</ele><time>2026-04-18T02:25:13.000Z</time></trkpt>
      <trkpt lat="35.749812" lon="127.968978"><ele>872.8</ele><time>2026-04-18T02:25:23.000Z</time></trkpt>
      <trkpt lat="35.749797" lon="127.968985"><ele>872.8</ele><time>2026-04-18T02:25:35.000Z</time></trkpt>
      <trkpt lat="35.749795" lon="127.968990"><ele>873.0</ele><time>2026-04-18T02:25:41.000Z</time></trkpt>
      <trkpt lat="35.749798" lon="127.968986"><ele>873.4</ele><time>2026-04-18T02:25:50.000Z</time></trkpt>
      <trkpt lat="35.749769" lon="127.968990"><ele>873.8</ele><time>2026-04-18T02:25:56.000Z</time></trkpt>
      <trkpt lat="35.749764" lon="127.968994"><ele>874.2</ele><time>2026-04-18T02:25:59.000Z</time></trkpt>
      <trkpt lat="35.749761" lon="127.968994"><ele>874.6</ele><time>2026-04-18T02:26:03.000Z</time></trkpt>
      <trkpt lat="35.749760" lon="127.968994"><ele>874.6</ele><time>2026-04-18T02:26:05.000Z</time></trkpt>
      <trkpt lat="35.749758" lon="127.968993"><ele>874.6</ele><time>2026-04-18T02:26:06.000Z</time></trkpt>
      <trkpt lat="35.749757" lon="127.968988"><ele>874.6</ele><time>2026-04-18T02:26:08.000Z</time></trkpt>
      <trkpt lat="35.749762" lon="127.968976"><ele>874.4</ele><time>2026-04-18T02:26:19.000Z</time></trkpt>
      <trkpt lat="35.749759" lon="127.968977"><ele>874.6</ele><time>2026-04-18T02:26:27.000Z</time></trkpt>
      <trkpt lat="35.749758" lon="127.968976"><ele>874.6</ele><time>2026-04-18T02:26:30.000Z</time></trkpt>
      <trkpt lat="35.749763" lon="127.968978"><ele>874.0</ele><time>2026-04-18T02:26:36.000Z</time></trkpt>
      <trkpt lat="35.749795" lon="127.968903"><ele>873.6</ele><time>2026-04-18T02:26:45.000Z</time></trkpt>
      <trkpt lat="35.749856" lon="127.968881"><ele>874.8</ele><time>2026-04-18T02:26:51.000Z</time></trkpt>
      <trkpt lat="35.749859" lon="127.968874"><ele>875.4</ele><time>2026-04-18T02:26:53.000Z</time></trkpt>
      <trkpt lat="35.749861" lon="127.968863"><ele>876.0</ele><time>2026-04-18T02:26:55.000Z</time></trkpt>
      <trkpt lat="35.749860" lon="127.968846"><ele>876.8</ele><time>2026-04-18T02:26:58.000Z</time></trkpt>
      <trkpt lat="35.749867" lon="127.968843"><ele>877.2</ele><time>2026-04-18T02:27:00.000Z</time></trkpt>
      <trkpt lat="35.749876" lon="127.968855"><ele>877.6</ele><time>2026-04-18T02:27:09.000Z</time></trkpt>
      <trkpt lat="35.749873" lon="127.968864"><ele>878.2</ele><time>2026-04-18T02:27:18.000Z</time></trkpt>
      <trkpt lat="35.749872" lon="127.968865"><ele>878.2</ele><time>2026-04-18T02:27:20.000Z</time></trkpt>
      <trkpt lat="35.749871" lon="127.968866"><ele>878.6</ele><time>2026-04-18T02:27:26.000Z</time></trkpt>
      <trkpt lat="35.749837" lon="127.968856"><ele>879.2</ele><time>2026-04-18T02:27:37.000Z</time></trkpt>
      <trkpt lat="35.749837" lon="127.968856"><ele>879.2</ele><time>2026-04-18T02:27:38.000Z</time></trkpt>
      <trkpt lat="35.749836" lon="127.968859"><ele>879.2</ele><time>2026-04-18T02:27:42.000Z</time></trkpt>
      <trkpt lat="35.749825" lon="127.968861"><ele>879.6</ele><time>2026-04-18T02:27:44.000Z</time></trkpt>
      <trkpt lat="35.749827" lon="127.968862"><ele>880.0</ele><time>2026-04-18T02:27:50.000Z</time></trkpt>
      <trkpt lat="35.749830" lon="127.968863"><ele>880.4</ele><time>2026-04-18T02:27:57.000Z</time></trkpt>
      <trkpt lat="35.749830" lon="127.968862"><ele>880.6</ele><time>2026-04-18T02:27:58.000Z</time></trkpt>
      <trkpt lat="35.749835" lon="127.968862"><ele>880.8</ele><time>2026-04-18T02:28:04.000Z</time></trkpt>
      <trkpt lat="35.749839" lon="127.968867"><ele>881.0</ele><time>2026-04-18T02:28:10.000Z</time></trkpt>
      <trkpt lat="35.749843" lon="127.968864"><ele>881.0</ele><time>2026-04-18T02:28:17.000Z</time></trkpt>
      <trkpt lat="35.749840" lon="127.968868"><ele>881.0</ele><time>2026-04-18T02:28:28.000Z</time></trkpt>
      <trkpt lat="35.749844" lon="127.968864"><ele>881.0</ele><time>2026-04-18T02:28:37.000Z</time></trkpt>
      <trkpt lat="35.749865" lon="127.968854"><ele>880.0</ele><time>2026-04-18T02:28:45.000Z</time></trkpt>
      <trkpt lat="35.749867" lon="127.968844"><ele>879.4</ele><time>2026-04-18T02:28:47.000Z</time></trkpt>
      <trkpt lat="35.749869" lon="127.968796"><ele>878.4</ele><time>2026-04-18T02:28:53.000Z</time></trkpt>
      <trkpt lat="35.749860" lon="127.968777"><ele>877.2</ele><time>2026-04-18T02:28:56.000Z</time></trkpt>
      <trkpt lat="35.749858" lon="127.968764"><ele>876.4</ele><time>2026-04-18T02:29:00.000Z</time></trkpt>
      <trkpt lat="35.749860" lon="127.968764"><ele>876.4</ele><time>2026-04-18T02:29:02.000Z</time></trkpt>
      <trkpt lat="35.749857" lon="127.968761"><ele>876.4</ele><time>2026-04-18T02:29:07.000Z</time></trkpt>
      <trkpt lat="35.749858" lon="127.968763"><ele>876.2</ele><time>2026-04-18T02:29:10.000Z</time></trkpt>
      <trkpt lat="35.749857" lon="127.968766"><ele>876.4</ele><time>2026-04-18T02:29:16.000Z</time></trkpt>
      <trkpt lat="35.749864" lon="127.968767"><ele>876.2</ele><time>2026-04-18T02:29:25.000Z</time></trkpt>
      <trkpt lat="35.749892" lon="127.968751"><ele>876.0</ele><time>2026-04-18T02:29:33.000Z</time></trkpt>
      <trkpt lat="35.749889" lon="127.968736"><ele>875.2</ele><time>2026-04-18T02:29:38.000Z</time></trkpt>
      <trkpt lat="35.749895" lon="127.968723"><ele>874.0</ele><time>2026-04-18T02:29:43.000Z</time></trkpt>
      <trkpt lat="35.749899" lon="127.968701"><ele>873.0</ele><time>2026-04-18T02:29:48.000Z</time></trkpt>
      <trkpt lat="35.749903" lon="127.968699"><ele>872.8</ele><time>2026-04-18T02:29:49.000Z</time></trkpt>
      <trkpt lat="35.749906" lon="127.968699"><ele>872.6</ele><time>2026-04-18T02:29:50.000Z</time></trkpt>
      <trkpt lat="35.749890" lon="127.968688"><ele>871.8</ele><time>2026-04-18T02:29:54.000Z</time></trkpt>
      <trkpt lat="35.749885" lon="127.968684"><ele>871.2</ele><time>2026-04-18T02:29:57.000Z</time></trkpt>
      <trkpt lat="35.749879" lon="127.968676"><ele>870.6</ele><time>2026-04-18T02:30:01.000Z</time></trkpt>
      <trkpt lat="35.749872" lon="127.968659"><ele>869.6</ele><time>2026-04-18T02:30:06.000Z</time></trkpt>
      <trkpt lat="35.749872" lon="127.968657"><ele>869.4</ele><time>2026-04-18T02:30:07.000Z</time></trkpt>
      <trkpt lat="35.749883" lon="127.968630"><ele>868.4</ele><time>2026-04-18T02:30:13.000Z</time></trkpt>
      <trkpt lat="35.749888" lon="127.968617"><ele>867.4</ele><time>2026-04-18T02:30:18.000Z</time></trkpt>
      <trkpt lat="35.749888" lon="127.968616"><ele>867.2</ele><time>2026-04-18T02:30:20.000Z</time></trkpt>
      <trkpt lat="35.749896" lon="127.968607"><ele>867.0</ele><time>2026-04-18T02:30:26.000Z</time></trkpt>
      <trkpt lat="35.749895" lon="127.968575"><ele>866.0</ele><time>2026-04-18T02:30:33.000Z</time></trkpt>
      <trkpt lat="35.749907" lon="127.968559"><ele>865.6</ele><time>2026-04-18T02:30:36.000Z</time></trkpt>
      <trkpt lat="35.749933" lon="127.968535"><ele>864.8</ele><time>2026-04-18T02:30:41.000Z</time></trkpt>
      <trkpt lat="35.749938" lon="127.968531"><ele>864.4</ele><time>2026-04-18T02:30:43.000Z</time></trkpt>
      <trkpt lat="35.749950" lon="127.968530"><ele>864.0</ele><time>2026-04-18T02:30:47.000Z</time></trkpt>
      <trkpt lat="35.749955" lon="127.968527"><ele>863.8</ele><time>2026-04-18T02:30:48.000Z</time></trkpt>
      <trkpt lat="35.749978" lon="127.968516"><ele>862.4</ele><time>2026-04-18T02:30:53.000Z</time></trkpt>
      <trkpt lat="35.750000" lon="127.968509"><ele>861.4</ele><time>2026-04-18T02:30:57.000Z</time></trkpt>
      <trkpt lat="35.750010" lon="127.968498"><ele>860.6</ele><time>2026-04-18T02:31:00.000Z</time></trkpt>
      <trkpt lat="35.750012" lon="127.968494"><ele>860.2</ele><time>2026-04-18T02:31:01.000Z</time></trkpt>
      <trkpt lat="35.750017" lon="127.968476"><ele>859.6</ele><time>2026-04-18T02:31:04.000Z</time></trkpt>
      <trkpt lat="35.750017" lon="127.968469"><ele>859.0</ele><time>2026-04-18T02:31:06.000Z</time></trkpt>
      <trkpt lat="35.750016" lon="127.968458"><ele>857.8</ele><time>2026-04-18T02:31:09.000Z</time></trkpt>
      <trkpt lat="35.750021" lon="127.968439"><ele>856.6</ele><time>2026-04-18T02:31:13.000Z</time></trkpt>
      <trkpt lat="35.750023" lon="127.968425"><ele>855.6</ele><time>2026-04-18T02:31:16.000Z</time></trkpt>
      <trkpt lat="35.750027" lon="127.968407"><ele>854.4</ele><time>2026-04-18T02:31:20.000Z</time></trkpt>
      <trkpt lat="35.750028" lon="127.968402"><ele>854.0</ele><time>2026-04-18T02:31:21.000Z</time></trkpt>
      <trkpt lat="35.750029" lon="127.968387"><ele>853.2</ele><time>2026-04-18T02:31:24.000Z</time></trkpt>
      <trkpt lat="35.750030" lon="127.968385"><ele>852.8</ele><time>2026-04-18T02:31:25.000Z</time></trkpt>
      <trkpt lat="35.750030" lon="127.968381"><ele>852.4</ele><time>2026-04-18T02:31:26.000Z</time></trkpt>
      <trkpt lat="35.750030" lon="127.968377"><ele>852.0</ele><time>2026-04-18T02:31:27.000Z</time></trkpt>
      <trkpt lat="35.750033" lon="127.968365"><ele>851.0</ele><time>2026-04-18T02:31:30.000Z</time></trkpt>
      <trkpt lat="35.750031" lon="127.968360"><ele>850.4</ele><time>2026-04-18T02:31:32.000Z</time></trkpt>
      <trkpt lat="35.750031" lon="127.968351"><ele>849.6</ele><time>2026-04-18T02:31:34.000Z</time></trkpt>
      <trkpt lat="35.750037" lon="127.968323"><ele>848.6</ele><time>2026-04-18T02:31:38.000Z</time></trkpt>
      <trkpt lat="35.750036" lon="127.968304"><ele>847.4</ele><time>2026-04-18T02:31:42.000Z</time></trkpt>
      <trkpt lat="35.750021" lon="127.968255"><ele>846.2</ele><time>2026-04-18T02:31:48.000Z</time></trkpt>
      <trkpt lat="35.750024" lon="127.968237"><ele>845.8</ele><time>2026-04-18T02:31:50.000Z</time></trkpt>
      <trkpt lat="35.750018" lon="127.968215"><ele>845.2</ele><time>2026-04-18T02:31:54.000Z</time></trkpt>
      <trkpt lat="35.750005" lon="127.968182"><ele>844.0</ele><time>2026-04-18T02:31:59.000Z</time></trkpt>
      <trkpt lat="35.750002" lon="127.968171"><ele>843.6</ele><time>2026-04-18T02:32:00.000Z</time></trkpt>
      <trkpt lat="35.750000" lon="127.968148"><ele>843.0</ele><time>2026-04-18T02:32:03.000Z</time></trkpt>
      <trkpt lat="35.749981" lon="127.968103"><ele>841.8</ele><time>2026-04-18T02:32:09.000Z</time></trkpt>
      <trkpt lat="35.749953" lon="127.968027"><ele>840.8</ele><time>2026-04-18T02:32:16.000Z</time></trkpt>
      <trkpt lat="35.749943" lon="127.968006"><ele>840.8</ele><time>2026-04-18T02:32:19.000Z</time></trkpt>
      <trkpt lat="35.749889" lon="127.967963"><ele>842.2</ele><time>2026-04-18T02:32:30.000Z</time></trkpt>
      <trkpt lat="35.749880" lon="127.967952"><ele>842.8</ele><time>2026-04-18T02:32:32.000Z</time></trkpt>
      <trkpt lat="35.749858" lon="127.967934"><ele>843.8</ele><time>2026-04-18T02:32:37.000Z</time></trkpt>
      <trkpt lat="35.749849" lon="127.967930"><ele>844.2</ele><time>2026-04-18T02:32:39.000Z</time></trkpt>
      <trkpt lat="35.749835" lon="127.967917"><ele>845.0</ele><time>2026-04-18T02:32:43.000Z</time></trkpt>
      <trkpt lat="35.749829" lon="127.967914"><ele>845.4</ele><time>2026-04-18T02:32:45.000Z</time></trkpt>
      <trkpt lat="35.749814" lon="127.967901"><ele>846.2</ele><time>2026-04-18T02:32:49.000Z</time></trkpt>
      <trkpt lat="35.749809" lon="127.967890"><ele>846.6</ele><time>2026-04-18T02:32:51.000Z</time></trkpt>
      <trkpt lat="35.749797" lon="127.967876"><ele>847.0</ele><time>2026-04-18T02:32:54.000Z</time></trkpt>
      <trkpt lat="35.749792" lon="127.967870"><ele>847.2</ele><time>2026-04-18T02:32:56.000Z</time></trkpt>
      <trkpt lat="35.749787" lon="127.967865"><ele>847.6</ele><time>2026-04-18T02:32:58.000Z</time></trkpt>
      <trkpt lat="35.749777" lon="127.967859"><ele>848.4</ele><time>2026-04-18T02:33:02.000Z</time></trkpt>
      <trkpt lat="35.749772" lon="127.967851"><ele>848.8</ele><time>2026-04-18T02:33:04.000Z</time></trkpt>
      <trkpt lat="35.749766" lon="127.967831"><ele>849.6</ele><time>2026-04-18T02:33:07.000Z</time></trkpt>
      <trkpt lat="35.749734" lon="127.967795"><ele>850.6</ele><time>2026-04-18T02:33:14.000Z</time></trkpt>
      <trkpt lat="35.749690" lon="127.967725"><ele>851.2</ele><time>2026-04-18T02:33:23.000Z</time></trkpt>
      <trkpt lat="35.749665" lon="127.967700"><ele>851.2</ele><time>2026-04-18T02:33:27.000Z</time></trkpt>
      <trkpt lat="35.749648" lon="127.967671"><ele>851.6</ele><time>2026-04-18T02:33:32.000Z</time></trkpt>
      <trkpt lat="35.749638" lon="127.967665"><ele>851.8</ele><time>2026-04-18T02:33:34.000Z</time></trkpt>
      <trkpt lat="35.749610" lon="127.967649"><ele>852.8</ele><time>2026-04-18T02:33:40.000Z</time></trkpt>
      <trkpt lat="35.749579" lon="127.967621"><ele>853.8</ele><time>2026-04-18T02:33:46.000Z</time></trkpt>
      <trkpt lat="35.749561" lon="127.967604"><ele>854.4</ele><time>2026-04-18T02:33:50.000Z</time></trkpt>
      <trkpt lat="35.749555" lon="127.967605"><ele>854.8</ele><time>2026-04-18T02:33:54.000Z</time></trkpt>
      <trkpt lat="35.749537" lon="127.967600"><ele>855.0</ele><time>2026-04-18T02:33:57.000Z</time></trkpt>
      <trkpt lat="35.749512" lon="127.967593"><ele>856.2</ele><time>2026-04-18T02:34:03.000Z</time></trkpt>
      <trkpt lat="35.749494" lon="127.967586"><ele>857.2</ele><time>2026-04-18T02:34:07.000Z</time></trkpt>
      <trkpt lat="35.749485" lon="127.967579"><ele>857.6</ele><time>2026-04-18T02:34:09.000Z</time></trkpt>
      <trkpt lat="35.749467" lon="127.967578"><ele>858.4</ele><time>2026-04-18T02:34:13.000Z</time></trkpt>
      <trkpt lat="35.749449" lon="127.967561"><ele>859.4</ele><time>2026-04-18T02:34:19.000Z</time></trkpt>
      <trkpt lat="35.749437" lon="127.967552"><ele>860.4</ele><time>2026-04-18T02:34:23.000Z</time></trkpt>
      <trkpt lat="35.749437" lon="127.967521"><ele>860.8</ele><time>2026-04-18T02:34:27.000Z</time></trkpt>
      <trkpt lat="35.749423" lon="127.967413"><ele>860.6</ele><time>2026-04-18T02:34:37.000Z</time></trkpt>
      <trkpt lat="35.749408" lon="127.967355"><ele>859.4</ele><time>2026-04-18T02:34:43.000Z</time></trkpt>
      <trkpt lat="35.749393" lon="127.967346"><ele>859.0</ele><time>2026-04-18T02:34:45.000Z</time></trkpt>
      <trkpt lat="35.749353" lon="127.967331"><ele>858.4</ele><time>2026-04-18T02:34:49.000Z</time></trkpt>
      <trkpt lat="35.749317" lon="127.967311"><ele>858.2</ele><time>2026-04-18T02:34:53.000Z</time></trkpt>
      <trkpt lat="35.749307" lon="127.967308"><ele>858.2</ele><time>2026-04-18T02:34:54.000Z</time></trkpt>
      <trkpt lat="35.749258" lon="127.967290"><ele>858.2</ele><time>2026-04-18T02:35:00.000Z</time></trkpt>
      <trkpt lat="35.749244" lon="127.967282"><ele>858.4</ele><time>2026-04-18T02:35:02.000Z</time></trkpt>
      <trkpt lat="35.749210" lon="127.967263"><ele>858.8</ele><time>2026-04-18T02:35:06.000Z</time></trkpt>
      <trkpt lat="35.749202" lon="127.967242"><ele>859.2</ele><time>2026-04-18T02:35:10.000Z</time></trkpt>
      <trkpt lat="35.749198" lon="127.967237"><ele>859.4</ele><time>2026-04-18T02:35:11.000Z</time></trkpt>
      <trkpt lat="35.749179" lon="127.967226"><ele>860.6</ele><time>2026-04-18T02:35:16.000Z</time></trkpt>
      <trkpt lat="35.749164" lon="127.967228"><ele>861.6</ele><time>2026-04-18T02:35:20.000Z</time></trkpt>
      <trkpt lat="35.749159" lon="127.967229"><ele>861.8</ele><time>2026-04-18T02:35:21.000Z</time></trkpt>
      <trkpt lat="35.749140" lon="127.967227"><ele>862.6</ele><time>2026-04-18T02:35:25.000Z</time></trkpt>
      <trkpt lat="35.749132" lon="127.967238"><ele>863.0</ele><time>2026-04-18T02:35:27.000Z</time></trkpt>
      <trkpt lat="35.749107" lon="127.967242"><ele>863.2</ele><time>2026-04-18T02:35:30.000Z</time></trkpt>
      <trkpt lat="35.749066" lon="127.967311"><ele>863.0</ele><time>2026-04-18T02:35:39.000Z</time></trkpt>
      <trkpt lat="35.749058" lon="127.967310"><ele>863.6</ele><time>2026-04-18T02:35:44.000Z</time></trkpt>
      <trkpt lat="35.749079" lon="127.967313"><ele>863.6</ele><time>2026-04-18T02:35:50.000Z</time></trkpt>
      <trkpt lat="35.749081" lon="127.967313"><ele>863.6</ele><time>2026-04-18T02:35:56.000Z</time></trkpt>
      <trkpt lat="35.749073" lon="127.967312"><ele>863.4</ele><time>2026-04-18T02:36:06.000Z</time></trkpt>
      <trkpt lat="35.749068" lon="127.967309"><ele>863.6</ele><time>2026-04-18T02:36:13.000Z</time></trkpt>
      <trkpt lat="35.749067" lon="127.967311"><ele>863.6</ele><time>2026-04-18T02:36:20.000Z</time></trkpt>
      <trkpt lat="35.749068" lon="127.967311"><ele>863.6</ele><time>2026-04-18T02:36:23.000Z</time></trkpt>
      <trkpt lat="35.749067" lon="127.967314"><ele>863.6</ele><time>2026-04-18T02:36:31.000Z</time></trkpt>
      <trkpt lat="35.749067" lon="127.967317"><ele>863.6</ele><time>2026-04-18T02:36:32.000Z</time></trkpt>
      <trkpt lat="35.749036" lon="127.967336"><ele>863.4</ele><time>2026-04-18T02:36:40.000Z</time></trkpt>
      <trkpt lat="35.749012" lon="127.967326"><ele>863.2</ele><time>2026-04-18T02:36:45.000Z</time></trkpt>
      <trkpt lat="35.749010" lon="127.967327"><ele>863.2</ele><time>2026-04-18T02:36:47.000Z</time></trkpt>
      <trkpt lat="35.749012" lon="127.967325"><ele>863.2</ele><time>2026-04-18T02:36:50.000Z</time></trkpt>
      <trkpt lat="35.749017" lon="127.967325"><ele>863.2</ele><time>2026-04-18T02:36:52.000Z</time></trkpt>
      <trkpt lat="35.749024" lon="127.967323"><ele>863.0</ele><time>2026-04-18T02:36:59.000Z</time></trkpt>
      <trkpt lat="35.749025" lon="127.967324"><ele>862.6</ele><time>2026-04-18T02:37:08.000Z</time></trkpt>
      <trkpt lat="35.749024" lon="127.967323"><ele>862.6</ele><time>2026-04-18T02:37:12.000Z</time></trkpt>
      <trkpt lat="35.748975" lon="127.967318"><ele>862.4</ele><time>2026-04-18T02:37:22.000Z</time></trkpt>
      <trkpt lat="35.748949" lon="127.967323"><ele>862.0</ele><time>2026-04-18T02:37:26.000Z</time></trkpt>
      <trkpt lat="35.748910" lon="127.967325"><ele>862.0</ele><time>2026-04-18T02:37:32.000Z</time></trkpt>
      <trkpt lat="35.748885" lon="127.967320"><ele>862.0</ele><time>2026-04-18T02:37:37.000Z</time></trkpt>
      <trkpt lat="35.748871" lon="127.967331"><ele>861.4</ele><time>2026-04-18T02:37:41.000Z</time></trkpt>
      <trkpt lat="35.748847" lon="127.967335"><ele>860.8</ele><time>2026-04-18T02:37:46.000Z</time></trkpt>
      <trkpt lat="35.748829" lon="127.967341"><ele>860.4</ele><time>2026-04-18T02:37:51.000Z</time></trkpt>
      <trkpt lat="35.748821" lon="127.967345"><ele>859.8</ele><time>2026-04-18T02:37:54.000Z</time></trkpt>
      <trkpt lat="35.748804" lon="127.967348"><ele>859.4</ele><time>2026-04-18T02:37:56.000Z</time></trkpt>
      <trkpt lat="35.748761" lon="127.967348"><ele>858.8</ele><time>2026-04-18T02:38:00.000Z</time></trkpt>
      <trkpt lat="35.748718" lon="127.967322"><ele>858.8</ele><time>2026-04-18T02:38:06.000Z</time></trkpt>
      <trkpt lat="35.748712" lon="127.967315"><ele>859.2</ele><time>2026-04-18T02:38:10.000Z</time></trkpt>
      <trkpt lat="35.748660" lon="127.967318"><ele>859.4</ele><time>2026-04-18T02:38:19.000Z</time></trkpt>
      <trkpt lat="35.748649" lon="127.967318"><ele>860.0</ele><time>2026-04-18T02:38:21.000Z</time></trkpt>
      <trkpt lat="35.748625" lon="127.967316"><ele>860.8</ele><time>2026-04-18T02:38:25.000Z</time></trkpt>
      <trkpt lat="35.748618" lon="127.967311"><ele>861.0</ele><time>2026-04-18T02:38:26.000Z</time></trkpt>
      <trkpt lat="35.748601" lon="127.967316"><ele>861.6</ele><time>2026-04-18T02:38:29.000Z</time></trkpt>
      <trkpt lat="35.748593" lon="127.967320"><ele>861.8</ele><time>2026-04-18T02:38:32.000Z</time></trkpt>
      <trkpt lat="35.748591" lon="127.967322"><ele>862.2</ele><time>2026-04-18T02:38:33.000Z</time></trkpt>
      <trkpt lat="35.748586" lon="127.967334"><ele>862.6</ele><time>2026-04-18T02:38:35.000Z</time></trkpt>
      <trkpt lat="35.748589" lon="127.967342"><ele>863.0</ele><time>2026-04-18T02:38:37.000Z</time></trkpt>
      <trkpt lat="35.748589" lon="127.967346"><ele>863.4</ele><time>2026-04-18T02:38:38.000Z</time></trkpt>
      <trkpt lat="35.748553" lon="127.967339"><ele>864.0</ele><time>2026-04-18T02:38:45.000Z</time></trkpt>
      <trkpt lat="35.748536" lon="127.967337"><ele>864.4</ele><time>2026-04-18T02:38:49.000Z</time></trkpt>
      <trkpt lat="35.748534" lon="127.967338"><ele>864.4</ele><time>2026-04-18T02:38:51.000Z</time></trkpt>
      <trkpt lat="35.748464" lon="127.967334"><ele>865.4</ele><time>2026-04-18T02:39:02.000Z</time></trkpt>
      <trkpt lat="35.748431" lon="127.967322"><ele>866.2</ele><time>2026-04-18T02:39:08.000Z</time></trkpt>
      <trkpt lat="35.748418" lon="127.967304"><ele>866.2</ele><time>2026-04-18T02:39:14.000Z</time></trkpt>
      <trkpt lat="35.748366" lon="127.967277"><ele>866.0</ele><time>2026-04-18T02:39:22.000Z</time></trkpt>
      <trkpt lat="35.748324" lon="127.967227"><ele>865.8</ele><time>2026-04-18T02:39:29.000Z</time></trkpt>
      <trkpt lat="35.748296" lon="127.967189"><ele>864.4</ele><time>2026-04-18T02:39:37.000Z</time></trkpt>
      <trkpt lat="35.748274" lon="127.967189"><ele>863.8</ele><time>2026-04-18T02:39:40.000Z</time></trkpt>
      <trkpt lat="35.748270" lon="127.967187"><ele>863.2</ele><time>2026-04-18T02:39:42.000Z</time></trkpt>
      <trkpt lat="35.748264" lon="127.967161"><ele>862.2</ele><time>2026-04-18T02:39:47.000Z</time></trkpt>
      <trkpt lat="35.748265" lon="127.967154"><ele>861.8</ele><time>2026-04-18T02:39:48.000Z</time></trkpt>
      <trkpt lat="35.748257" lon="127.967126"><ele>860.8</ele><time>2026-04-18T02:39:53.000Z</time></trkpt>
      <trkpt lat="35.748253" lon="127.967118"><ele>860.0</ele><time>2026-04-18T02:39:57.000Z</time></trkpt>
      <trkpt lat="35.748250" lon="127.967113"><ele>859.8</ele><time>2026-04-18T02:39:58.000Z</time></trkpt>
      <trkpt lat="35.748247" lon="127.967108"><ele>859.8</ele><time>2026-04-18T02:39:59.000Z</time></trkpt>
      <trkpt lat="35.748247" lon="127.967080"><ele>858.8</ele><time>2026-04-18T02:40:05.000Z</time></trkpt>
      <trkpt lat="35.748248" lon="127.967078"><ele>858.6</ele><time>2026-04-18T02:40:06.000Z</time></trkpt>
      <trkpt lat="35.748243" lon="127.967074"><ele>858.0</ele><time>2026-04-18T02:40:09.000Z</time></trkpt>
      <trkpt lat="35.748236" lon="127.967079"><ele>857.6</ele><time>2026-04-18T02:40:13.000Z</time></trkpt>
      <trkpt lat="35.748236" lon="127.967042"><ele>856.8</ele><time>2026-04-18T02:40:19.000Z</time></trkpt>
      <trkpt lat="35.748242" lon="127.967033"><ele>856.6</ele><time>2026-04-18T02:40:20.000Z</time></trkpt>
      <trkpt lat="35.748261" lon="127.967027"><ele>855.6</ele><time>2026-04-18T02:40:27.000Z</time></trkpt>
      <trkpt lat="35.748263" lon="127.967027"><ele>855.6</ele><time>2026-04-18T02:40:35.000Z</time></trkpt>
      <trkpt lat="35.748255" lon="127.967023"><ele>855.6</ele><time>2026-04-18T02:40:47.000Z</time></trkpt>
      <trkpt lat="35.748251" lon="127.967019"><ele>855.2</ele><time>2026-04-18T02:40:49.000Z</time></trkpt>
      <trkpt lat="35.748246" lon="127.967012"><ele>854.8</ele><time>2026-04-18T02:40:51.000Z</time></trkpt>
      <trkpt lat="35.748231" lon="127.967003"><ele>854.2</ele><time>2026-04-18T02:40:54.000Z</time></trkpt>
      <trkpt lat="35.748208" lon="127.967000"><ele>853.2</ele><time>2026-04-18T02:40:58.000Z</time></trkpt>
      <trkpt lat="35.748188" lon="127.966988"><ele>852.4</ele><time>2026-04-18T02:41:01.000Z</time></trkpt>
      <trkpt lat="35.748183" lon="127.966972"><ele>852.0</ele><time>2026-04-18T02:41:03.000Z</time></trkpt>
      <trkpt lat="35.748178" lon="127.966949"><ele>851.0</ele><time>2026-04-18T02:41:07.000Z</time></trkpt>
      <trkpt lat="35.748163" lon="127.966925"><ele>850.2</ele><time>2026-04-18T02:41:11.000Z</time></trkpt>
      <trkpt lat="35.748163" lon="127.966919"><ele>849.8</ele><time>2026-04-18T02:41:12.000Z</time></trkpt>
      <trkpt lat="35.748148" lon="127.966902"><ele>848.6</ele><time>2026-04-18T02:41:17.000Z</time></trkpt>
      <trkpt lat="35.748137" lon="127.966899"><ele>848.0</ele><time>2026-04-18T02:41:19.000Z</time></trkpt>
      <trkpt lat="35.748129" lon="127.966890"><ele>847.6</ele><time>2026-04-18T02:41:21.000Z</time></trkpt>
      <trkpt lat="35.748114" lon="127.966888"><ele>846.4</ele><time>2026-04-18T02:41:25.000Z</time></trkpt>
      <trkpt lat="35.748104" lon="127.966887"><ele>846.0</ele><time>2026-04-18T02:41:28.000Z</time></trkpt>
      <trkpt lat="35.748097" lon="127.966886"><ele>845.4</ele><time>2026-04-18T02:41:30.000Z</time></trkpt>
      <trkpt lat="35.748079" lon="127.966884"><ele>844.4</ele><time>2026-04-18T02:41:35.000Z</time></trkpt>
      <trkpt lat="35.748065" lon="127.966895"><ele>843.6</ele><time>2026-04-18T02:41:38.000Z</time></trkpt>
      <trkpt lat="35.748058" lon="127.966900"><ele>843.2</ele><time>2026-04-18T02:41:40.000Z</time></trkpt>
      <trkpt lat="35.748041" lon="127.966892"><ele>842.0</ele><time>2026-04-18T02:41:44.000Z</time></trkpt>
      <trkpt lat="35.748031" lon="127.966868"><ele>841.2</ele><time>2026-04-18T02:41:48.000Z</time></trkpt>
      <trkpt lat="35.748025" lon="127.966866"><ele>841.0</ele><time>2026-04-18T02:41:49.000Z</time></trkpt>
      <trkpt lat="35.747992" lon="127.966880"><ele>840.0</ele><time>2026-04-18T02:41:55.000Z</time></trkpt>
      <trkpt lat="35.747969" lon="127.966859"><ele>839.4</ele><time>2026-04-18T02:41:58.000Z</time></trkpt>
      <trkpt lat="35.747960" lon="127.966849"><ele>838.6</ele><time>2026-04-18T02:42:00.000Z</time></trkpt>
      <trkpt lat="35.747944" lon="127.966838"><ele>837.6</ele><time>2026-04-18T02:42:05.000Z</time></trkpt>
      <trkpt lat="35.747923" lon="127.966833"><ele>837.2</ele><time>2026-04-18T02:42:11.000Z</time></trkpt>
      <trkpt lat="35.747958" lon="127.966865"><ele>837.2</ele><time>2026-04-18T02:42:17.000Z</time></trkpt>
      <trkpt lat="35.747946" lon="127.966885"><ele>836.6</ele><time>2026-04-18T02:42:23.000Z</time></trkpt>
      <trkpt lat="35.747937" lon="127.966904"><ele>835.8</ele><time>2026-04-18T02:42:26.000Z</time></trkpt>
      <trkpt lat="35.747927" lon="127.966903"><ele>835.4</ele><time>2026-04-18T02:42:28.000Z</time></trkpt>
      <trkpt lat="35.747900" lon="127.966899"><ele>834.2</ele><time>2026-04-18T02:42:33.000Z</time></trkpt>
      <trkpt lat="35.747894" lon="127.966902"><ele>834.0</ele><time>2026-04-18T02:42:34.000Z</time></trkpt>
      <trkpt lat="35.747896" lon="127.966919"><ele>833.2</ele><time>2026-04-18T02:42:38.000Z</time></trkpt>
      <trkpt lat="35.747897" lon="127.966941"><ele>832.2</ele><time>2026-04-18T02:42:42.000Z</time></trkpt>
      <trkpt lat="35.747895" lon="127.966945"><ele>831.8</ele><time>2026-04-18T02:42:43.000Z</time></trkpt>
      <trkpt lat="35.747870" lon="127.966955"><ele>830.8</ele><time>2026-04-18T02:42:47.000Z</time></trkpt>
      <trkpt lat="35.747829" lon="127.966950"><ele>829.6</ele><time>2026-04-18T02:42:52.000Z</time></trkpt>
      <trkpt lat="35.747791" lon="127.966944"><ele>828.4</ele><time>2026-04-18T02:42:57.000Z</time></trkpt>
      <trkpt lat="35.747752" lon="127.966939"><ele>827.6</ele><time>2026-04-18T02:43:01.000Z</time></trkpt>
      <trkpt lat="35.747742" lon="127.966937"><ele>827.4</ele><time>2026-04-18T02:43:02.000Z</time></trkpt>
      <trkpt lat="35.747687" lon="127.966948"><ele>826.4</ele><time>2026-04-18T02:43:08.000Z</time></trkpt>
      <trkpt lat="35.747676" lon="127.966942"><ele>826.2</ele><time>2026-04-18T02:43:09.000Z</time></trkpt>
      <trkpt lat="35.747652" lon="127.966930"><ele>826.0</ele><time>2026-04-18T02:43:12.000Z</time></trkpt>
      <trkpt lat="35.747594" lon="127.966930"><ele>825.2</ele><time>2026-04-18T02:43:20.000Z</time></trkpt>
      <trkpt lat="35.747590" lon="127.966929"><ele>825.2</ele><time>2026-04-18T02:43:21.000Z</time></trkpt>
      <trkpt lat="35.747566" lon="127.966930"><ele>824.6</ele><time>2026-04-18T02:43:25.000Z</time></trkpt>
      <trkpt lat="35.747545" lon="127.966928"><ele>824.2</ele><time>2026-04-18T02:43:27.000Z</time></trkpt>
      <trkpt lat="35.747534" lon="127.966928"><ele>824.2</ele><time>2026-04-18T02:43:28.000Z</time></trkpt>
      <trkpt lat="35.747473" lon="127.966871"><ele>823.0</ele><time>2026-04-18T02:43:36.000Z</time></trkpt>
      <trkpt lat="35.747420" lon="127.966870"><ele>823.6</ele><time>2026-04-18T02:43:46.000Z</time></trkpt>
      <trkpt lat="35.747391" lon="127.966859"><ele>824.2</ele><time>2026-04-18T02:43:50.000Z</time></trkpt>
      <trkpt lat="35.747363" lon="127.966836"><ele>825.0</ele><time>2026-04-18T02:43:54.000Z</time></trkpt>
      <trkpt lat="35.747340" lon="127.966832"><ele>825.0</ele><time>2026-04-18T02:43:57.000Z</time></trkpt>
      <trkpt lat="35.747290" lon="127.966823"><ele>825.2</ele><time>2026-04-18T02:44:02.000Z</time></trkpt>
      <trkpt lat="35.747260" lon="127.966799"><ele>825.4</ele><time>2026-04-18T02:44:06.000Z</time></trkpt>
      <trkpt lat="35.747252" lon="127.966792"><ele>825.2</ele><time>2026-04-18T02:44:07.000Z</time></trkpt>
      <trkpt lat="35.747193" lon="127.966781"><ele>824.4</ele><time>2026-04-18T02:44:14.000Z</time></trkpt>
      <trkpt lat="35.747163" lon="127.966759"><ele>824.6</ele><time>2026-04-18T02:44:21.000Z</time></trkpt>
      <trkpt lat="35.747136" lon="127.966744"><ele>825.6</ele><time>2026-04-18T02:44:27.000Z</time></trkpt>
      <trkpt lat="35.747126" lon="127.966744"><ele>826.4</ele><time>2026-04-18T02:44:31.000Z</time></trkpt>
      <trkpt lat="35.747113" lon="127.966754"><ele>827.2</ele><time>2026-04-18T02:44:35.000Z</time></trkpt>
      <trkpt lat="35.747112" lon="127.966754"><ele>827.4</ele><time>2026-04-18T02:44:36.000Z</time></trkpt>
      <trkpt lat="35.747116" lon="127.966756"><ele>828.2</ele><time>2026-04-18T02:44:41.000Z</time></trkpt>
      <trkpt lat="35.747124" lon="127.966767"><ele>828.2</ele><time>2026-04-18T02:44:46.000Z</time></trkpt>
      <trkpt lat="35.747126" lon="127.966768"><ele>828.0</ele><time>2026-04-18T02:44:48.000Z</time></trkpt>
      <trkpt lat="35.747114" lon="127.966753"><ele>827.8</ele><time>2026-04-18T02:44:57.000Z</time></trkpt>
      <trkpt lat="35.747060" lon="127.966733"><ele>828.2</ele><time>2026-04-18T02:45:07.000Z</time></trkpt>
      <trkpt lat="35.747043" lon="127.966739"><ele>828.4</ele><time>2026-04-18T02:45:11.000Z</time></trkpt>
      <trkpt lat="35.747043" lon="127.966746"><ele>828.6</ele><time>2026-04-18T02:45:14.000Z</time></trkpt>
      <trkpt lat="35.747041" lon="127.966744"><ele>829.0</ele><time>2026-04-18T02:45:19.000Z</time></trkpt>
      <trkpt lat="35.747031" lon="127.966716"><ele>828.6</ele><time>2026-04-18T02:45:27.000Z</time></trkpt>
      <trkpt lat="35.747011" lon="127.966699"><ele>827.8</ele><time>2026-04-18T02:45:35.000Z</time></trkpt>
      <trkpt lat="35.747005" lon="127.966675"><ele>827.4</ele><time>2026-04-18T02:45:38.000Z</time></trkpt>
      <trkpt lat="35.747002" lon="127.966646"><ele>826.4</ele><time>2026-04-18T02:45:43.000Z</time></trkpt>
      <trkpt lat="35.746994" lon="127.966635"><ele>826.0</ele><time>2026-04-18T02:45:45.000Z</time></trkpt>
      <trkpt lat="35.746939" lon="127.966590"><ele>825.8</ele><time>2026-04-18T02:45:55.000Z</time></trkpt>
      <trkpt lat="35.746926" lon="127.966585"><ele>826.0</ele><time>2026-04-18T02:45:57.000Z</time></trkpt>
      <trkpt lat="35.746875" lon="127.966569"><ele>826.6</ele><time>2026-04-18T02:46:05.000Z</time></trkpt>
      <trkpt lat="35.746847" lon="127.966564"><ele>826.6</ele><time>2026-04-18T02:46:09.000Z</time></trkpt>
      <trkpt lat="35.746789" lon="127.966556"><ele>825.2</ele><time>2026-04-18T02:46:19.000Z</time></trkpt>
      <trkpt lat="35.746784" lon="127.966551"><ele>825.0</ele><time>2026-04-18T02:46:20.000Z</time></trkpt>
      <trkpt lat="35.746759" lon="127.966533"><ele>824.2</ele><time>2026-04-18T02:46:24.000Z</time></trkpt>
      <trkpt lat="35.746746" lon="127.966525"><ele>823.6</ele><time>2026-04-18T02:46:27.000Z</time></trkpt>
      <trkpt lat="35.746735" lon="127.966508"><ele>823.4</ele><time>2026-04-18T02:46:35.000Z</time></trkpt>
      <trkpt lat="35.746766" lon="127.966512"><ele>823.8</ele><time>2026-04-18T02:46:41.000Z</time></trkpt>
      <trkpt lat="35.746762" lon="127.966497"><ele>823.8</ele><time>2026-04-18T02:46:44.000Z</time></trkpt>
      <trkpt lat="35.746751" lon="127.966467"><ele>823.0</ele><time>2026-04-18T02:46:48.000Z</time></trkpt>
      <trkpt lat="35.746748" lon="127.966442"><ele>821.8</ele><time>2026-04-18T02:46:53.000Z</time></trkpt>
      <trkpt lat="35.746740" lon="127.966437"><ele>821.2</ele><time>2026-04-18T02:46:56.000Z</time></trkpt>
      <trkpt lat="35.746736" lon="127.966427"><ele>820.6</ele><time>2026-04-18T02:46:58.000Z</time></trkpt>
      <trkpt lat="35.746705" lon="127.966386"><ele>819.8</ele><time>2026-04-18T02:47:03.000Z</time></trkpt>
      <trkpt lat="35.746686" lon="127.966384"><ele>819.6</ele><time>2026-04-18T02:47:06.000Z</time></trkpt>
      <trkpt lat="35.746683" lon="127.966383"><ele>819.4</ele><time>2026-04-18T02:47:07.000Z</time></trkpt>
      <trkpt lat="35.746682" lon="127.966386"><ele>818.8</ele><time>2026-04-18T02:47:13.000Z</time></trkpt>
      <trkpt lat="35.746682" lon="127.966387"><ele>818.8</ele><time>2026-04-18T02:47:16.000Z</time></trkpt>
      <trkpt lat="35.746677" lon="127.966401"><ele>818.8</ele><time>2026-04-18T02:47:20.000Z</time></trkpt>
      <trkpt lat="35.746653" lon="127.966423"><ele>820.4</ele><time>2026-04-18T02:47:30.000Z</time></trkpt>
      <trkpt lat="35.746654" lon="127.966418"><ele>820.6</ele><time>2026-04-18T02:47:33.000Z</time></trkpt>
      <trkpt lat="35.746662" lon="127.966425"><ele>820.8</ele><time>2026-04-18T02:47:36.000Z</time></trkpt>
      <trkpt lat="35.746662" lon="127.966449"><ele>821.6</ele><time>2026-04-18T02:47:45.000Z</time></trkpt>
      <trkpt lat="35.746661" lon="127.966450"><ele>821.8</ele><time>2026-04-18T02:47:46.000Z</time></trkpt>
      <trkpt lat="35.746660" lon="127.966458"><ele>821.8</ele><time>2026-04-18T02:47:52.000Z</time></trkpt>
      <trkpt lat="35.746659" lon="127.966458"><ele>821.8</ele><time>2026-04-18T02:47:53.000Z</time></trkpt>
      <trkpt lat="35.746659" lon="127.966459"><ele>821.8</ele><time>2026-04-18T02:47:54.000Z</time></trkpt>
      <trkpt lat="35.746659" lon="127.966460"><ele>821.8</ele><time>2026-04-18T02:47:55.000Z</time></trkpt>
      <trkpt lat="35.746659" lon="127.966461"><ele>821.8</ele><time>2026-04-18T02:48:00.000Z</time></trkpt>
      <trkpt lat="35.746661" lon="127.966459"><ele>821.8</ele><time>2026-04-18T02:48:09.000Z</time></trkpt>
      <trkpt lat="35.746662" lon="127.966465"><ele>821.6</ele><time>2026-04-18T02:48:16.000Z</time></trkpt>
      <trkpt lat="35.746661" lon="127.966463"><ele>821.4</ele><time>2026-04-18T02:48:23.000Z</time></trkpt>
      <trkpt lat="35.746659" lon="127.966461"><ele>821.4</ele><time>2026-04-18T02:48:31.000Z</time></trkpt>
      <trkpt lat="35.746658" lon="127.966461"><ele>821.4</ele><time>2026-04-18T02:48:38.000Z</time></trkpt>
      <trkpt lat="35.746659" lon="127.966459"><ele>821.2</ele><time>2026-04-18T02:48:40.000Z</time></trkpt>
      <trkpt lat="35.746660" lon="127.966459"><ele>821.2</ele><time>2026-04-18T02:48:49.000Z</time></trkpt>
      <trkpt lat="35.746656" lon="127.966458"><ele>821.2</ele><time>2026-04-18T02:48:59.000Z</time></trkpt>
      <trkpt lat="35.746654" lon="127.966461"><ele>821.6</ele><time>2026-04-18T02:49:07.000Z</time></trkpt>
      <trkpt lat="35.746654" lon="127.966461"><ele>821.6</ele><time>2026-04-18T02:49:08.000Z</time></trkpt>
      <trkpt lat="35.746651" lon="127.966460"><ele>821.8</ele><time>2026-04-18T02:49:12.000Z</time></trkpt>
      <trkpt lat="35.746653" lon="127.966460"><ele>821.8</ele><time>2026-04-18T02:49:19.000Z</time></trkpt>
      <trkpt lat="35.746654" lon="127.966460"><ele>822.0</ele><time>2026-04-18T02:49:29.000Z</time></trkpt>
      <trkpt lat="35.746656" lon="127.966459"><ele>822.2</ele><time>2026-04-18T02:49:40.000Z</time></trkpt>
      <trkpt lat="35.746655" lon="127.966460"><ele>822.4</ele><time>2026-04-18T02:49:45.000Z</time></trkpt>
      <trkpt lat="35.746651" lon="127.966462"><ele>822.6</ele><time>2026-04-18T02:49:48.000Z</time></trkpt>
      <trkpt lat="35.746651" lon="127.966461"><ele>822.6</ele><time>2026-04-18T02:49:49.000Z</time></trkpt>
      <trkpt lat="35.746650" lon="127.966458"><ele>822.4</ele><time>2026-04-18T02:49:56.000Z</time></trkpt>
      <trkpt lat="35.746650" lon="127.966457"><ele>822.4</ele><time>2026-04-18T02:49:58.000Z</time></trkpt>
      <trkpt lat="35.746649" lon="127.966456"><ele>822.4</ele><time>2026-04-18T02:50:06.000Z</time></trkpt>
      <trkpt lat="35.746648" lon="127.966457"><ele>822.4</ele><time>2026-04-18T02:50:10.000Z</time></trkpt>
      <trkpt lat="35.746647" lon="127.966455"><ele>822.2</ele><time>2026-04-18T02:50:20.000Z</time></trkpt>
      <trkpt lat="35.746649" lon="127.966451"><ele>822.0</ele><time>2026-04-18T02:50:32.000Z</time></trkpt>
      <trkpt lat="35.746650" lon="127.966451"><ele>821.8</ele><time>2026-04-18T02:50:41.000Z</time></trkpt>
      <trkpt lat="35.746650" lon="127.966446"><ele>821.8</ele><time>2026-04-18T02:50:54.000Z</time></trkpt>
      <trkpt lat="35.746651" lon="127.966445"><ele>821.4</ele><time>2026-04-18T02:51:04.000Z</time></trkpt>
      <trkpt lat="35.746651" lon="127.966440"><ele>821.2</ele><time>2026-04-18T02:51:13.000Z</time></trkpt>
      <trkpt lat="35.746651" lon="127.966439"><ele>821.2</ele><time>2026-04-18T02:51:21.000Z</time></trkpt>
      <trkpt lat="35.746652" lon="127.966441"><ele>821.0</ele><time>2026-04-18T02:51:30.000Z</time></trkpt>
      <trkpt lat="35.746652" lon="127.966439"><ele>821.0</ele><time>2026-04-18T02:51:42.000Z</time></trkpt>
      <trkpt lat="35.746655" lon="127.966441"><ele>821.0</ele><time>2026-04-18T02:51:52.000Z</time></trkpt>
      <trkpt lat="35.746656" lon="127.966438"><ele>821.0</ele><time>2026-04-18T02:52:04.000Z</time></trkpt>
      <trkpt lat="35.746654" lon="127.966439"><ele>820.8</ele><time>2026-04-18T02:52:17.000Z</time></trkpt>
      <trkpt lat="35.746656" lon="127.966441"><ele>820.8</ele><time>2026-04-18T02:52:26.000Z</time></trkpt>
      <trkpt lat="35.746655" lon="127.966442"><ele>820.8</ele><time>2026-04-18T02:52:35.000Z</time></trkpt>
      <trkpt lat="35.746655" lon="127.966446"><ele>820.6</ele><time>2026-04-18T02:52:47.000Z</time></trkpt>
      <trkpt lat="35.746653" lon="127.966444"><ele>820.6</ele><time>2026-04-18T02:52:57.000Z</time></trkpt>
      <trkpt lat="35.746652" lon="127.966447"><ele>820.6</ele><time>2026-04-18T02:53:09.000Z</time></trkpt>
      <trkpt lat="35.746653" lon="127.966447"><ele>820.6</ele><time>2026-04-18T02:53:19.000Z</time></trkpt>
      <trkpt lat="35.746655" lon="127.966445"><ele>820.6</ele><time>2026-04-18T02:53:27.000Z</time></trkpt>
      <trkpt lat="35.746655" lon="127.966444"><ele>820.6</ele><time>2026-04-18T02:53:29.000Z</time></trkpt>
      <trkpt lat="35.746654" lon="127.966443"><ele>820.6</ele><time>2026-04-18T02:53:32.000Z</time></trkpt>
      <trkpt lat="35.746651" lon="127.966443"><ele>820.4</ele><time>2026-04-18T02:53:43.000Z</time></trkpt>
      <trkpt lat="35.746649" lon="127.966446"><ele>820.4</ele><time>2026-04-18T02:53:53.000Z</time></trkpt>
      <trkpt lat="35.746651" lon="127.966447"><ele>820.4</ele><time>2026-04-18T02:53:58.000Z</time></trkpt>
      <trkpt lat="35.746652" lon="127.966447"><ele>820.4</ele><time>2026-04-18T02:54:01.000Z</time></trkpt>
      <trkpt lat="35.746652" lon="127.966449"><ele>820.4</ele><time>2026-04-18T02:54:07.000Z</time></trkpt>
      <trkpt lat="35.746651" lon="127.966447"><ele>820.4</ele><time>2026-04-18T02:54:10.000Z</time></trkpt>
      <trkpt lat="35.746650" lon="127.966449"><ele>820.4</ele><time>2026-04-18T02:54:18.000Z</time></trkpt>
      <trkpt lat="35.746653" lon="127.966449"><ele>820.8</ele><time>2026-04-18T02:54:27.000Z</time></trkpt>
      <trkpt lat="35.746652" lon="127.966450"><ele>820.8</ele><time>2026-04-18T02:54:36.000Z</time></trkpt>
      <trkpt lat="35.746652" lon="127.966449"><ele>820.8</ele><time>2026-04-18T02:54:39.000Z</time></trkpt>
      <trkpt lat="35.746652" lon="127.966448"><ele>820.8</ele><time>2026-04-18T02:54:45.000Z</time></trkpt>
      <trkpt lat="35.746652" lon="127.966447"><ele>820.8</ele><time>2026-04-18T02:54:59.000Z</time></trkpt>
      <trkpt lat="35.746653" lon="127.966447"><ele>820.8</ele><time>2026-04-18T02:55:03.000Z</time></trkpt>
      <trkpt lat="35.746655" lon="127.966448"><ele>821.0</ele><time>2026-04-18T02:55:11.000Z</time></trkpt>
      <trkpt lat="35.746655" lon="127.966454"><ele>821.0</ele><time>2026-04-18T02:55:22.000Z</time></trkpt>
      <trkpt lat="35.746655" lon="127.966456"><ele>821.0</ele><time>2026-04-18T02:55:32.000Z</time></trkpt>
      <trkpt lat="35.746658" lon="127.966456"><ele>821.0</ele><time>2026-04-18T02:55:35.000Z</time></trkpt>
      <trkpt lat="35.746657" lon="127.966458"><ele>821.2</ele><time>2026-04-18T02:55:41.000Z</time></trkpt>
      <trkpt lat="35.746658" lon="127.966461"><ele>821.4</ele><time>2026-04-18T02:55:51.000Z</time></trkpt>
      <trkpt lat="35.746662" lon="127.966463"><ele>821.8</ele><time>2026-04-18T02:56:00.000Z</time></trkpt>
      <trkpt lat="35.746662" lon="127.966462"><ele>821.8</ele><time>2026-04-18T02:56:01.000Z</time></trkpt>
      <trkpt lat="35.746663" lon="127.966463"><ele>821.8</ele><time>2026-04-18T02:56:03.000Z</time></trkpt>
      <trkpt lat="35.746662" lon="127.966461"><ele>821.8</ele><time>2026-04-18T02:56:09.000Z</time></trkpt>
      <trkpt lat="35.746662" lon="127.966461"><ele>822.0</ele><time>2026-04-18T02:56:18.000Z</time></trkpt>
      <trkpt lat="35.746661" lon="127.966459"><ele>822.0</ele><time>2026-04-18T02:56:27.000Z</time></trkpt>
      <trkpt lat="35.746657" lon="127.966460"><ele>822.2</ele><time>2026-04-18T02:56:36.000Z</time></trkpt>
      <trkpt lat="35.746655" lon="127.966465"><ele>822.2</ele><time>2026-04-18T02:56:46.000Z</time></trkpt>
      <trkpt lat="35.746651" lon="127.966462"><ele>822.0</ele><time>2026-04-18T02:56:57.000Z</time></trkpt>
      <trkpt lat="35.746653" lon="127.966467"><ele>821.8</ele><time>2026-04-18T02:57:07.000Z</time></trkpt>
      <trkpt lat="35.746654" lon="127.966460"><ele>821.8</ele><time>2026-04-18T02:57:17.000Z</time></trkpt>
      <trkpt lat="35.746656" lon="127.966455"><ele>821.6</ele><time>2026-04-18T02:57:29.000Z</time></trkpt>
      <trkpt lat="35.746659" lon="127.966449"><ele>821.4</ele><time>2026-04-18T02:57:40.000Z</time></trkpt>
      <trkpt lat="35.746656" lon="127.966446"><ele>821.6</ele><time>2026-04-18T02:57:49.000Z</time></trkpt>
      <trkpt lat="35.746655" lon="127.966449"><ele>821.6</ele><time>2026-04-18T02:58:00.000Z</time></trkpt>
      <trkpt lat="35.746653" lon="127.966448"><ele>821.6</ele><time>2026-04-18T02:58:04.000Z</time></trkpt>
      <trkpt lat="35.746658" lon="127.966452"><ele>821.4</ele><time>2026-04-18T02:58:10.000Z</time></trkpt>
      <trkpt lat="35.746664" lon="127.966450"><ele>821.4</ele><time>2026-04-18T02:58:19.000Z</time></trkpt>
      <trkpt lat="35.746666" lon="127.966454"><ele>821.6</ele><time>2026-04-18T02:58:31.000Z</time></trkpt>
      <trkpt lat="35.746656" lon="127.966459"><ele>821.2</ele><time>2026-04-18T02:58:43.000Z</time></trkpt>
      <trkpt lat="35.746658" lon="127.966455"><ele>821.4</ele><time>2026-04-18T02:58:52.000Z</time></trkpt>
      <trkpt lat="35.746661" lon="127.966457"><ele>821.4</ele><time>2026-04-18T02:59:01.000Z</time></trkpt>
      <trkpt lat="35.746661" lon="127.966456"><ele>821.2</ele><time>2026-04-18T02:59:08.000Z</time></trkpt>
      <trkpt lat="35.746666" lon="127.966456"><ele>821.8</ele><time>2026-04-18T02:59:12.000Z</time></trkpt>
      <trkpt lat="35.746667" lon="127.966456"><ele>822.0</ele><time>2026-04-18T02:59:15.000Z</time></trkpt>
      <trkpt lat="35.746661" lon="127.966457"><ele>822.2</ele><time>2026-04-18T02:59:21.000Z</time></trkpt>
      <trkpt lat="35.746658" lon="127.966457"><ele>822.2</ele><time>2026-04-18T02:59:28.000Z</time></trkpt>
      <trkpt lat="35.746657" lon="127.966457"><ele>822.2</ele><time>2026-04-18T02:59:38.000Z</time></trkpt>
      <trkpt lat="35.746653" lon="127.966452"><ele>822.4</ele><time>2026-04-18T02:59:49.000Z</time></trkpt>
      <trkpt lat="35.746654" lon="127.966451"><ele>822.4</ele><time>2026-04-18T02:59:53.000Z</time></trkpt>
      <trkpt lat="35.746654" lon="127.966451"><ele>822.4</ele><time>2026-04-18T02:59:56.000Z</time></trkpt>
      <trkpt lat="35.746652" lon="127.966451"><ele>822.2</ele><time>2026-04-18T03:00:05.000Z</time></trkpt>
      <trkpt lat="35.746652" lon="127.966451"><ele>822.0</ele><time>2026-04-18T03:00:11.000Z</time></trkpt>
      <trkpt lat="35.746653" lon="127.966449"><ele>822.0</ele><time>2026-04-18T03:00:16.000Z</time></trkpt>
      <trkpt lat="35.746652" lon="127.966447"><ele>822.2</ele><time>2026-04-18T03:00:23.000Z</time></trkpt>
      <trkpt lat="35.746652" lon="127.966446"><ele>822.2</ele><time>2026-04-18T03:00:26.000Z</time></trkpt>
      <trkpt lat="35.746653" lon="127.966442"><ele>822.0</ele><time>2026-04-18T03:00:44.000Z</time></trkpt>
      <trkpt lat="35.746653" lon="127.966440"><ele>822.0</ele><time>2026-04-18T03:00:45.000Z</time></trkpt>
      <trkpt lat="35.746655" lon="127.966443"><ele>822.0</ele><time>2026-04-18T03:00:53.000Z</time></trkpt>
      <trkpt lat="35.746652" lon="127.966436"><ele>822.0</ele><time>2026-04-18T03:00:57.000Z</time></trkpt>
      <trkpt lat="35.746650" lon="127.966439"><ele>822.0</ele><time>2026-04-18T03:01:05.000Z</time></trkpt>
      <trkpt lat="35.746647" lon="127.966450"><ele>821.8</ele><time>2026-04-18T03:01:21.000Z</time></trkpt>
      <trkpt lat="35.746657" lon="127.966451"><ele>821.8</ele><time>2026-04-18T03:01:32.000Z</time></trkpt>
      <trkpt lat="35.746651" lon="127.966439"><ele>821.8</ele><time>2026-04-18T03:01:43.000Z</time></trkpt>
      <trkpt lat="35.746655" lon="127.966444"><ele>821.8</ele><time>2026-04-18T03:01:49.000Z</time></trkpt>
      <trkpt lat="35.746660" lon="127.966455"><ele>821.8</ele><time>2026-04-18T03:02:03.000Z</time></trkpt>
      <trkpt lat="35.746668" lon="127.966470"><ele>822.0</ele><time>2026-04-18T03:02:17.000Z</time></trkpt>
      <trkpt lat="35.746662" lon="127.966452"><ele>822.0</ele><time>2026-04-18T03:02:30.000Z</time></trkpt>
      <trkpt lat="35.746654" lon="127.966437"><ele>821.8</ele><time>2026-04-18T03:02:45.000Z</time></trkpt>
      <trkpt lat="35.746657" lon="127.966430"><ele>821.2</ele><time>2026-04-18T03:02:59.000Z</time></trkpt>
      <trkpt lat="35.746663" lon="127.966420"><ele>821.2</ele><time>2026-04-18T03:03:06.000Z</time></trkpt>
      <trkpt lat="35.746664" lon="127.966413"><ele>821.2</ele><time>2026-04-18T03:03:15.000Z</time></trkpt>
      <trkpt lat="35.746670" lon="127.966415"><ele>821.0</ele><time>2026-04-18T03:03:28.000Z</time></trkpt>
      <trkpt lat="35.746672" lon="127.966412"><ele>821.0</ele><time>2026-04-18T03:03:38.000Z</time></trkpt>
      <trkpt lat="35.746674" lon="127.966413"><ele>821.0</ele><time>2026-04-18T03:03:39.000Z</time></trkpt>
      <trkpt lat="35.746671" lon="127.966418"><ele>821.2</ele><time>2026-04-18T03:03:51.000Z</time></trkpt>
      <trkpt lat="35.746661" lon="127.966429"><ele>820.8</ele><time>2026-04-18T03:04:04.000Z</time></trkpt>
      <trkpt lat="35.746662" lon="127.966423"><ele>820.6</ele><time>2026-04-18T03:04:07.000Z</time></trkpt>
      <trkpt lat="35.746666" lon="127.966417"><ele>820.4</ele><time>2026-04-18T03:04:11.000Z</time></trkpt>
      <trkpt lat="35.746675" lon="127.966424"><ele>820.6</ele><time>2026-04-18T03:04:19.000Z</time></trkpt>
      <trkpt lat="35.746669" lon="127.966427"><ele>820.4</ele><time>2026-04-18T03:04:31.000Z</time></trkpt>
      <trkpt lat="35.746671" lon="127.966430"><ele>820.2</ele><time>2026-04-18T03:04:36.000Z</time></trkpt>
      <trkpt lat="35.746670" lon="127.966429"><ele>820.2</ele><time>2026-04-18T03:04:37.000Z</time></trkpt>
      <trkpt lat="35.746670" lon="127.966428"><ele>820.2</ele><time>2026-04-18T03:04:38.000Z</time></trkpt>
      <trkpt lat="35.746669" lon="127.966428"><ele>820.2</ele><time>2026-04-18T03:04:39.000Z</time></trkpt>
      <trkpt lat="35.746670" lon="127.966429"><ele>820.0</ele><time>2026-04-18T03:04:43.000Z</time></trkpt>
      <trkpt lat="35.746677" lon="127.966423"><ele>820.0</ele><time>2026-04-18T03:05:01.000Z</time></trkpt>
      <trkpt lat="35.746658" lon="127.966420"><ele>819.6</ele><time>2026-04-18T03:05:12.000Z</time></trkpt>
      <trkpt lat="35.746661" lon="127.966408"><ele>819.6</ele><time>2026-04-18T03:05:17.000Z</time></trkpt>
      <trkpt lat="35.746679" lon="127.966404"><ele>819.6</ele><time>2026-04-18T03:05:30.000Z</time></trkpt>
      <trkpt lat="35.746698" lon="127.966393"><ele>819.2</ele><time>2026-04-18T03:05:42.000Z</time></trkpt>
      <trkpt lat="35.746697" lon="127.966371"><ele>818.6</ele><time>2026-04-18T03:05:50.000Z</time></trkpt>
      <trkpt lat="35.746694" lon="127.966371"><ele>818.2</ele><time>2026-04-18T03:05:51.000Z</time></trkpt>
      <trkpt lat="35.746644" lon="127.966356"><ele>817.4</ele><time>2026-04-18T03:05:59.000Z</time></trkpt>
      <trkpt lat="35.746615" lon="127.966339"><ele>817.4</ele><time>2026-04-18T03:06:03.000Z</time></trkpt>
      <trkpt lat="35.746589" lon="127.966304"><ele>816.4</ele><time>2026-04-18T03:06:08.000Z</time></trkpt>
      <trkpt lat="35.746558" lon="127.966259"><ele>815.2</ele><time>2026-04-18T03:06:14.000Z</time></trkpt>
      <trkpt lat="35.746553" lon="127.966255"><ele>815.0</ele><time>2026-04-18T03:06:15.000Z</time></trkpt>
      <trkpt lat="35.746527" lon="127.966237"><ele>814.2</ele><time>2026-04-18T03:06:19.000Z</time></trkpt>
      <trkpt lat="35.746492" lon="127.966182"><ele>813.4</ele><time>2026-04-18T03:06:27.000Z</time></trkpt>
      <trkpt lat="35.746487" lon="127.966174"><ele>813.2</ele><time>2026-04-18T03:06:28.000Z</time></trkpt>
      <trkpt lat="35.746471" lon="127.966144"><ele>812.4</ele><time>2026-04-18T03:06:35.000Z</time></trkpt>
      <trkpt lat="35.746456" lon="127.966118"><ele>812.2</ele><time>2026-04-18T03:06:40.000Z</time></trkpt>
      <trkpt lat="35.746452" lon="127.966110"><ele>812.0</ele><time>2026-04-18T03:06:41.000Z</time></trkpt>
      <trkpt lat="35.746441" lon="127.966069"><ele>811.0</ele><time>2026-04-18T03:06:48.000Z</time></trkpt>
      <trkpt lat="35.746429" lon="127.966046"><ele>810.8</ele><time>2026-04-18T03:06:51.000Z</time></trkpt>
      <trkpt lat="35.746427" lon="127.966002"><ele>810.0</ele><time>2026-04-18T03:06:58.000Z</time></trkpt>
      <trkpt lat="35.746423" lon="127.965984"><ele>809.4</ele><time>2026-04-18T03:07:00.000Z</time></trkpt>
      <trkpt lat="35.746430" lon="127.965966"><ele>808.8</ele><time>2026-04-18T03:07:03.000Z</time></trkpt>
      <trkpt lat="35.746429" lon="127.965947"><ele>808.0</ele><time>2026-04-18T03:07:07.000Z</time></trkpt>
      <trkpt lat="35.746430" lon="127.965939"><ele>807.6</ele><time>2026-04-18T03:07:08.000Z</time></trkpt>
      <trkpt lat="35.746446" lon="127.965928"><ele>806.6</ele><time>2026-04-18T03:07:12.000Z</time></trkpt>
      <trkpt lat="35.746443" lon="127.965915"><ele>806.0</ele><time>2026-04-18T03:07:14.000Z</time></trkpt>
      <trkpt lat="35.746430" lon="127.965906"><ele>805.4</ele><time>2026-04-18T03:07:16.000Z</time></trkpt>
      <trkpt lat="35.746387" lon="127.965882"><ele>804.2</ele><time>2026-04-18T03:07:23.000Z</time></trkpt>
      <trkpt lat="35.746377" lon="127.965880"><ele>804.2</ele><time>2026-04-18T03:07:24.000Z</time></trkpt>
      <trkpt lat="35.746323" lon="127.965827"><ele>803.6</ele><time>2026-04-18T03:07:34.000Z</time></trkpt>
      <trkpt lat="35.746299" lon="127.965808"><ele>803.2</ele><time>2026-04-18T03:07:38.000Z</time></trkpt>
      <trkpt lat="35.746269" lon="127.965777"><ele>802.8</ele><time>2026-04-18T03:07:43.000Z</time></trkpt>
      <trkpt lat="35.746244" lon="127.965742"><ele>804.2</ele><time>2026-04-18T03:07:50.000Z</time></trkpt>
      <trkpt lat="35.746225" lon="127.965737"><ele>805.2</ele><time>2026-04-18T03:07:54.000Z</time></trkpt>
      <trkpt lat="35.746222" lon="127.965740"><ele>805.4</ele><time>2026-04-18T03:07:55.000Z</time></trkpt>
      <trkpt lat="35.746208" lon="127.965748"><ele>806.0</ele><time>2026-04-18T03:07:58.000Z</time></trkpt>
      <trkpt lat="35.746198" lon="127.965744"><ele>806.6</ele><time>2026-04-18T03:08:00.000Z</time></trkpt>
      <trkpt lat="35.746193" lon="127.965742"><ele>806.8</ele><time>2026-04-18T03:08:01.000Z</time></trkpt>
      <trkpt lat="35.746185" lon="127.965742"><ele>807.2</ele><time>2026-04-18T03:08:02.000Z</time></trkpt>
      <trkpt lat="35.746182" lon="127.965744"><ele>807.4</ele><time>2026-04-18T03:08:03.000Z</time></trkpt>
      <trkpt lat="35.746180" lon="127.965743"><ele>807.6</ele><time>2026-04-18T03:08:04.000Z</time></trkpt>
      <trkpt lat="35.746172" lon="127.965748"><ele>808.4</ele><time>2026-04-18T03:08:07.000Z</time></trkpt>
      <trkpt lat="35.746163" lon="127.965751"><ele>808.8</ele><time>2026-04-18T03:08:09.000Z</time></trkpt>
      <trkpt lat="35.746154" lon="127.965753"><ele>809.6</ele><time>2026-04-18T03:08:12.000Z</time></trkpt>
      <trkpt lat="35.746144" lon="127.965754"><ele>810.0</ele><time>2026-04-18T03:08:14.000Z</time></trkpt>
      <trkpt lat="35.746126" lon="127.965754"><ele>810.8</ele><time>2026-04-18T03:08:17.000Z</time></trkpt>
      <trkpt lat="35.746120" lon="127.965753"><ele>811.0</ele><time>2026-04-18T03:08:18.000Z</time></trkpt>
      <trkpt lat="35.746115" lon="127.965750"><ele>811.2</ele><time>2026-04-18T03:08:19.000Z</time></trkpt>
      <trkpt lat="35.746110" lon="127.965748"><ele>812.0</ele><time>2026-04-18T03:08:23.000Z</time></trkpt>
      <trkpt lat="35.746110" lon="127.965748"><ele>812.0</ele><time>2026-04-18T03:08:24.000Z</time></trkpt>
      <trkpt lat="35.746106" lon="127.965739"><ele>812.2</ele><time>2026-04-18T03:08:30.000Z</time></trkpt>
      <trkpt lat="35.746107" lon="127.965722"><ele>812.0</ele><time>2026-04-18T03:08:39.000Z</time></trkpt>
      <trkpt lat="35.746106" lon="127.965684"><ele>812.2</ele><time>2026-04-18T03:08:44.000Z</time></trkpt>
      <trkpt lat="35.746096" lon="127.965684"><ele>813.0</ele><time>2026-04-18T03:08:50.000Z</time></trkpt>
      <trkpt lat="35.746085" lon="127.965677"><ele>813.4</ele><time>2026-04-18T03:08:55.000Z</time></trkpt>
      <trkpt lat="35.746069" lon="127.965680"><ele>814.0</ele><time>2026-04-18T03:08:59.000Z</time></trkpt>
      <trkpt lat="35.746064" lon="127.965680"><ele>814.4</ele><time>2026-04-18T03:09:01.000Z</time></trkpt>
      <trkpt lat="35.746053" lon="127.965677"><ele>815.4</ele><time>2026-04-18T03:09:07.000Z</time></trkpt>
      <trkpt lat="35.746048" lon="127.965661"><ele>815.8</ele><time>2026-04-18T03:09:10.000Z</time></trkpt>
      <trkpt lat="35.746043" lon="127.965630"><ele>816.6</ele><time>2026-04-18T03:09:15.000Z</time></trkpt>
      <trkpt lat="35.746029" lon="127.965615"><ele>817.6</ele><time>2026-04-18T03:09:21.000Z</time></trkpt>
      <trkpt lat="35.746028" lon="127.965616"><ele>818.0</ele><time>2026-04-18T03:09:22.000Z</time></trkpt>
      <trkpt lat="35.746022" lon="127.965621"><ele>818.2</ele><time>2026-04-18T03:09:26.000Z</time></trkpt>
      <trkpt lat="35.746017" lon="127.965626"><ele>818.6</ele><time>2026-04-18T03:09:30.000Z</time></trkpt>
      <trkpt lat="35.746015" lon="127.965628"><ele>818.8</ele><time>2026-04-18T03:09:31.000Z</time></trkpt>
      <trkpt lat="35.745997" lon="127.965616"><ele>820.0</ele><time>2026-04-18T03:09:41.000Z</time></trkpt>
      <trkpt lat="35.745993" lon="127.965614"><ele>820.2</ele><time>2026-04-18T03:09:42.000Z</time></trkpt>
      <trkpt lat="35.745989" lon="127.965595"><ele>821.0</ele><time>2026-04-18T03:09:48.000Z</time></trkpt>
      <trkpt lat="35.745978" lon="127.965587"><ele>822.2</ele><time>2026-04-18T03:09:53.000Z</time></trkpt>
      <trkpt lat="35.745967" lon="127.965579"><ele>823.2</ele><time>2026-04-18T03:09:59.000Z</time></trkpt>
      <trkpt lat="35.745965" lon="127.965578"><ele>823.4</ele><time>2026-04-18T03:10:00.000Z</time></trkpt>
      <trkpt lat="35.745960" lon="127.965576"><ele>824.0</ele><time>2026-04-18T03:10:05.000Z</time></trkpt>
      <trkpt lat="35.745953" lon="127.965573"><ele>824.2</ele><time>2026-04-18T03:10:07.000Z</time></trkpt>
      <trkpt lat="35.745951" lon="127.965574"><ele>824.2</ele><time>2026-04-18T03:10:08.000Z</time></trkpt>
      <trkpt lat="35.745945" lon="127.965582"><ele>825.0</ele><time>2026-04-18T03:10:13.000Z</time></trkpt>
      <trkpt lat="35.745931" lon="127.965568"><ele>825.2</ele><time>2026-04-18T03:10:19.000Z</time></trkpt>
      <trkpt lat="35.745920" lon="127.965560"><ele>825.6</ele><time>2026-04-18T03:10:23.000Z</time></trkpt>
      <trkpt lat="35.745926" lon="127.965542"><ele>826.4</ele><time>2026-04-18T03:10:32.000Z</time></trkpt>
      <trkpt lat="35.745917" lon="127.965510"><ele>827.4</ele><time>2026-04-18T03:10:38.000Z</time></trkpt>
      <trkpt lat="35.745903" lon="127.965499"><ele>828.2</ele><time>2026-04-18T03:10:43.000Z</time></trkpt>
      <trkpt lat="35.745903" lon="127.965497"><ele>828.6</ele><time>2026-04-18T03:10:45.000Z</time></trkpt>
      <trkpt lat="35.745904" lon="127.965462"><ele>829.8</ele><time>2026-04-18T03:10:50.000Z</time></trkpt>
      <trkpt lat="35.745903" lon="127.965456"><ele>830.0</ele><time>2026-04-18T03:10:51.000Z</time></trkpt>
      <trkpt lat="35.745894" lon="127.965445"><ele>830.2</ele><time>2026-04-18T03:10:54.000Z</time></trkpt>
      <trkpt lat="35.745882" lon="127.965455"><ele>831.0</ele><time>2026-04-18T03:10:58.000Z</time></trkpt>
      <trkpt lat="35.745876" lon="127.965455"><ele>831.2</ele><time>2026-04-18T03:10:59.000Z</time></trkpt>
      <trkpt lat="35.745863" lon="127.965454"><ele>832.0</ele><time>2026-04-18T03:11:03.000Z</time></trkpt>
      <trkpt lat="35.745859" lon="127.965454"><ele>833.0</ele><time>2026-04-18T03:11:08.000Z</time></trkpt>
      <trkpt lat="35.745861" lon="127.965460"><ele>833.2</ele><time>2026-04-18T03:11:09.000Z</time></trkpt>
      <trkpt lat="35.745865" lon="127.965467"><ele>833.6</ele><time>2026-04-18T03:11:14.000Z</time></trkpt>
      <trkpt lat="35.745868" lon="127.965437"><ele>833.8</ele><time>2026-04-18T03:11:22.000Z</time></trkpt>
      <trkpt lat="35.745887" lon="127.965403"><ele>833.6</ele><time>2026-04-18T03:11:29.000Z</time></trkpt>
      <trkpt lat="35.745879" lon="127.965387"><ele>834.2</ele><time>2026-04-18T03:11:34.000Z</time></trkpt>
      <trkpt lat="35.745881" lon="127.965374"><ele>834.8</ele><time>2026-04-18T03:11:37.000Z</time></trkpt>
      <trkpt lat="35.745883" lon="127.965372"><ele>835.4</ele><time>2026-04-18T03:11:39.000Z</time></trkpt>
      <trkpt lat="35.745878" lon="127.965349"><ele>836.4</ele><time>2026-04-18T03:11:46.000Z</time></trkpt>
      <trkpt lat="35.745867" lon="127.965336"><ele>837.2</ele><time>2026-04-18T03:11:50.000Z</time></trkpt>
      <trkpt lat="35.745864" lon="127.965331"><ele>837.6</ele><time>2026-04-18T03:11:52.000Z</time></trkpt>
      <trkpt lat="35.745856" lon="127.965324"><ele>838.6</ele><time>2026-04-18T03:11:56.000Z</time></trkpt>
      <trkpt lat="35.745849" lon="127.965315"><ele>839.6</ele><time>2026-04-18T03:12:00.000Z</time></trkpt>
      <trkpt lat="35.745847" lon="127.965313"><ele>839.8</ele><time>2026-04-18T03:12:01.000Z</time></trkpt>
      <trkpt lat="35.745843" lon="127.965304"><ele>841.0</ele><time>2026-04-18T03:12:06.000Z</time></trkpt>
      <trkpt lat="35.745841" lon="127.965300"><ele>841.4</ele><time>2026-04-18T03:12:09.000Z</time></trkpt>
      <trkpt lat="35.745839" lon="127.965299"><ele>841.8</ele><time>2026-04-18T03:12:10.000Z</time></trkpt>
      <trkpt lat="35.745836" lon="127.965299"><ele>842.0</ele><time>2026-04-18T03:12:11.000Z</time></trkpt>
      <trkpt lat="35.745807" lon="127.965347"><ele>842.0</ele><time>2026-04-18T03:12:19.000Z</time></trkpt>
      <trkpt lat="35.745784" lon="127.965363"><ele>842.4</ele><time>2026-04-18T03:12:25.000Z</time></trkpt>
      <trkpt lat="35.745785" lon="127.965362"><ele>842.4</ele><time>2026-04-18T03:12:29.000Z</time></trkpt>
      <trkpt lat="35.745784" lon="127.965368"><ele>842.2</ele><time>2026-04-18T03:12:38.000Z</time></trkpt>
      <trkpt lat="35.745788" lon="127.965364"><ele>842.2</ele><time>2026-04-18T03:12:47.000Z</time></trkpt>
      <trkpt lat="35.745788" lon="127.965359"><ele>842.2</ele><time>2026-04-18T03:12:48.000Z</time></trkpt>
      <trkpt lat="35.745827" lon="127.965313"><ele>842.4</ele><time>2026-04-18T03:12:57.000Z</time></trkpt>
      <trkpt lat="35.745806" lon="127.965311"><ele>842.4</ele><time>2026-04-18T03:13:02.000Z</time></trkpt>
      <trkpt lat="35.745766" lon="127.965306"><ele>841.8</ele><time>2026-04-18T03:13:09.000Z</time></trkpt>
      <trkpt lat="35.745748" lon="127.965299"><ele>840.6</ele><time>2026-04-18T03:13:13.000Z</time></trkpt>
      <trkpt lat="35.745737" lon="127.965294"><ele>840.0</ele><time>2026-04-18T03:13:15.000Z</time></trkpt>
      <trkpt lat="35.745732" lon="127.965292"><ele>839.6</ele><time>2026-04-18T03:13:16.000Z</time></trkpt>
      <trkpt lat="35.745714" lon="127.965287"><ele>838.6</ele><time>2026-04-18T03:13:19.000Z</time></trkpt>
      <trkpt lat="35.745702" lon="127.965287"><ele>837.6</ele><time>2026-04-18T03:13:22.000Z</time></trkpt>
      <trkpt lat="35.745684" lon="127.965297"><ele>836.2</ele><time>2026-04-18T03:13:26.000Z</time></trkpt>
      <trkpt lat="35.745668" lon="127.965309"><ele>835.0</ele><time>2026-04-18T03:13:30.000Z</time></trkpt>
      <trkpt lat="35.745652" lon="127.965317"><ele>833.8</ele><time>2026-04-18T03:13:33.000Z</time></trkpt>
      <trkpt lat="35.745645" lon="127.965328"><ele>832.4</ele><time>2026-04-18T03:13:36.000Z</time></trkpt>
      <trkpt lat="35.745640" lon="127.965337"><ele>831.2</ele><time>2026-04-18T03:13:39.000Z</time></trkpt>
      <trkpt lat="35.745630" lon="127.965329"><ele>830.2</ele><time>2026-04-18T03:13:43.000Z</time></trkpt>
      <trkpt lat="35.745634" lon="127.965304"><ele>829.6</ele><time>2026-04-18T03:13:47.000Z</time></trkpt>
      <trkpt lat="35.745648" lon="127.965284"><ele>829.2</ele><time>2026-04-18T03:13:50.000Z</time></trkpt>
      <trkpt lat="35.745653" lon="127.965239"><ele>827.8</ele><time>2026-04-18T03:13:58.000Z</time></trkpt>
      <trkpt lat="35.745644" lon="127.965237"><ele>826.6</ele><time>2026-04-18T03:14:02.000Z</time></trkpt>
      <trkpt lat="35.745629" lon="127.965249"><ele>826.0</ele><time>2026-04-18T03:14:06.000Z</time></trkpt>
      <trkpt lat="35.745626" lon="127.965250"><ele>825.6</ele><time>2026-04-18T03:14:07.000Z</time></trkpt>
      <trkpt lat="35.745615" lon="127.965264"><ele>824.4</ele><time>2026-04-18T03:14:11.000Z</time></trkpt>
      <trkpt lat="35.745609" lon="127.965264"><ele>823.8</ele><time>2026-04-18T03:14:13.000Z</time></trkpt>
      <trkpt lat="35.745605" lon="127.965266"><ele>823.4</ele><time>2026-04-18T03:14:14.000Z</time></trkpt>
      <trkpt lat="35.745582" lon="127.965263"><ele>822.2</ele><time>2026-04-18T03:14:18.000Z</time></trkpt>
      <trkpt lat="35.745574" lon="127.965262"><ele>821.6</ele><time>2026-04-18T03:14:20.000Z</time></trkpt>
      <trkpt lat="35.745565" lon="127.965261"><ele>821.0</ele><time>2026-04-18T03:14:22.000Z</time></trkpt>
      <trkpt lat="35.745546" lon="127.965266"><ele>820.0</ele><time>2026-04-18T03:14:26.000Z</time></trkpt>
      <trkpt lat="35.745526" lon="127.965262"><ele>819.0</ele><time>2026-04-18T03:14:30.000Z</time></trkpt>
      <trkpt lat="35.745522" lon="127.965263"><ele>818.8</ele><time>2026-04-18T03:14:31.000Z</time></trkpt>
      <trkpt lat="35.745497" lon="127.965267"><ele>817.8</ele><time>2026-04-18T03:14:37.000Z</time></trkpt>
      <trkpt lat="35.745485" lon="127.965275"><ele>816.6</ele><time>2026-04-18T03:14:41.000Z</time></trkpt>
      <trkpt lat="35.745476" lon="127.965283"><ele>815.4</ele><time>2026-04-18T03:14:44.000Z</time></trkpt>
      <trkpt lat="35.745468" lon="127.965287"><ele>815.2</ele><time>2026-04-18T03:14:45.000Z</time></trkpt>
      <trkpt lat="35.745454" lon="127.965293"><ele>814.4</ele><time>2026-04-18T03:14:47.000Z</time></trkpt>
      <trkpt lat="35.745426" lon="127.965335"><ele>813.6</ele><time>2026-04-18T03:14:51.000Z</time></trkpt>
      <trkpt lat="35.745406" lon="127.965348"><ele>813.6</ele><time>2026-04-18T03:14:54.000Z</time></trkpt>
      <trkpt lat="35.745397" lon="127.965332"><ele>813.6</ele><time>2026-04-18T03:14:59.000Z</time></trkpt>
      <trkpt lat="35.745423" lon="127.965302"><ele>813.4</ele><time>2026-04-18T03:15:04.000Z</time></trkpt>
      <trkpt lat="35.745424" lon="127.965284"><ele>812.4</ele><time>2026-04-18T03:15:10.000Z</time></trkpt>
      <trkpt lat="35.745420" lon="127.965282"><ele>812.2</ele><time>2026-04-18T03:15:11.000Z</time></trkpt>
      <trkpt lat="35.745400" lon="127.965272"><ele>811.2</ele><time>2026-04-18T03:15:17.000Z</time></trkpt>
      <trkpt lat="35.745395" lon="127.965267"><ele>810.8</ele><time>2026-04-18T03:15:18.000Z</time></trkpt>
      <trkpt lat="35.745375" lon="127.965251"><ele>810.0</ele><time>2026-04-18T03:15:22.000Z</time></trkpt>
      <trkpt lat="35.745360" lon="127.965244"><ele>808.8</ele><time>2026-04-18T03:15:26.000Z</time></trkpt>
      <trkpt lat="35.745331" lon="127.965234"><ele>807.8</ele><time>2026-04-18T03:15:31.000Z</time></trkpt>
      <trkpt lat="35.745311" lon="127.965243"><ele>806.6</ele><time>2026-04-18T03:15:35.000Z</time></trkpt>
      <trkpt lat="35.745279" lon="127.965231"><ele>805.6</ele><time>2026-04-18T03:15:40.000Z</time></trkpt>
      <trkpt lat="35.745274" lon="127.965229"><ele>805.2</ele><time>2026-04-18T03:15:41.000Z</time></trkpt>
      <trkpt lat="35.745269" lon="127.965222"><ele>804.4</ele><time>2026-04-18T03:15:44.000Z</time></trkpt>
      <trkpt lat="35.745256" lon="127.965220"><ele>803.4</ele><time>2026-04-18T03:15:48.000Z</time></trkpt>
      <trkpt lat="35.745244" lon="127.965218"><ele>802.2</ele><time>2026-04-18T03:15:53.000Z</time></trkpt>
      <trkpt lat="35.745240" lon="127.965216"><ele>802.0</ele><time>2026-04-18T03:15:54.000Z</time></trkpt>
      <trkpt lat="35.745233" lon="127.965217"><ele>801.2</ele><time>2026-04-18T03:15:57.000Z</time></trkpt>
      <trkpt lat="35.745226" lon="127.965213"><ele>800.2</ele><time>2026-04-18T03:16:02.000Z</time></trkpt>
      <trkpt lat="35.745216" lon="127.965205"><ele>799.4</ele><time>2026-04-18T03:16:06.000Z</time></trkpt>
      <trkpt lat="35.745211" lon="127.965205"><ele>799.2</ele><time>2026-04-18T03:16:07.000Z</time></trkpt>
      <trkpt lat="35.745200" lon="127.965198"><ele>798.0</ele><time>2026-04-18T03:16:12.000Z</time></trkpt>
      <trkpt lat="35.745194" lon="127.965200"><ele>797.2</ele><time>2026-04-18T03:16:16.000Z</time></trkpt>
      <trkpt lat="35.745188" lon="127.965201"><ele>797.0</ele><time>2026-04-18T03:16:17.000Z</time></trkpt>
      <trkpt lat="35.745162" lon="127.965191"><ele>795.8</ele><time>2026-04-18T03:16:21.000Z</time></trkpt>
      <trkpt lat="35.745161" lon="127.965176"><ele>794.8</ele><time>2026-04-18T03:16:25.000Z</time></trkpt>
      <trkpt lat="35.745160" lon="127.965174"><ele>794.6</ele><time>2026-04-18T03:16:26.000Z</time></trkpt>
      <trkpt lat="35.745151" lon="127.965146"><ele>793.8</ele><time>2026-04-18T03:16:30.000Z</time></trkpt>
      <trkpt lat="35.745148" lon="127.965127"><ele>793.0</ele><time>2026-04-18T03:16:33.000Z</time></trkpt>
      <trkpt lat="35.745147" lon="127.965122"><ele>792.6</ele><time>2026-04-18T03:16:34.000Z</time></trkpt>
      <trkpt lat="35.745149" lon="127.965113"><ele>791.4</ele><time>2026-04-18T03:16:38.000Z</time></trkpt>
      <trkpt lat="35.745140" lon="127.965116"><ele>791.0</ele><time>2026-04-18T03:16:40.000Z</time></trkpt>
      <trkpt lat="35.745130" lon="127.965119"><ele>790.4</ele><time>2026-04-18T03:16:42.000Z</time></trkpt>
      <trkpt lat="35.745113" lon="127.965127"><ele>789.4</ele><time>2026-04-18T03:16:46.000Z</time></trkpt>
      <trkpt lat="35.745102" lon="127.965135"><ele>788.2</ele><time>2026-04-18T03:16:49.000Z</time></trkpt>
      <trkpt lat="35.745092" lon="127.965146"><ele>787.2</ele><time>2026-04-18T03:16:52.000Z</time></trkpt>
      <trkpt lat="35.745088" lon="127.965145"><ele>786.8</ele><time>2026-04-18T03:16:53.000Z</time></trkpt>
      <trkpt lat="35.745081" lon="127.965157"><ele>786.2</ele><time>2026-04-18T03:16:55.000Z</time></trkpt>
      <trkpt lat="35.745067" lon="127.965173"><ele>785.0</ele><time>2026-04-18T03:16:58.000Z</time></trkpt>
      <trkpt lat="35.745052" lon="127.965184"><ele>784.0</ele><time>2026-04-18T03:17:01.000Z</time></trkpt>
      <trkpt lat="35.745028" lon="127.965204"><ele>782.6</ele><time>2026-04-18T03:17:05.000Z</time></trkpt>
      <trkpt lat="35.745027" lon="127.965269"><ele>782.2</ele><time>2026-04-18T03:17:13.000Z</time></trkpt>
      <trkpt lat="35.745034" lon="127.965317"><ele>783.6</ele><time>2026-04-18T03:17:19.000Z</time></trkpt>
      <trkpt lat="35.745015" lon="127.965329"><ele>784.4</ele><time>2026-04-18T03:17:22.000Z</time></trkpt>
      <trkpt lat="35.744984" lon="127.965337"><ele>783.6</ele><time>2026-04-18T03:17:28.000Z</time></trkpt>
      <trkpt lat="35.744968" lon="127.965352"><ele>782.4</ele><time>2026-04-18T03:17:32.000Z</time></trkpt>
      <trkpt lat="35.744965" lon="127.965354"><ele>782.0</ele><time>2026-04-18T03:17:33.000Z</time></trkpt>
      <trkpt lat="35.744957" lon="127.965360"><ele>781.4</ele><time>2026-04-18T03:17:35.000Z</time></trkpt>
      <trkpt lat="35.744939" lon="127.965360"><ele>780.2</ele><time>2026-04-18T03:17:38.000Z</time></trkpt>
      <trkpt lat="35.744926" lon="127.965340"><ele>779.2</ele><time>2026-04-18T03:17:42.000Z</time></trkpt>
      <trkpt lat="35.744922" lon="127.965338"><ele>778.8</ele><time>2026-04-18T03:17:43.000Z</time></trkpt>
      <trkpt lat="35.744913" lon="127.965337"><ele>778.0</ele><time>2026-04-18T03:17:46.000Z</time></trkpt>
      <trkpt lat="35.744900" lon="127.965344"><ele>777.0</ele><time>2026-04-18T03:17:50.000Z</time></trkpt>
      <trkpt lat="35.744895" lon="127.965362"><ele>775.8</ele><time>2026-04-18T03:17:54.000Z</time></trkpt>
      <trkpt lat="35.744897" lon="127.965367"><ele>774.6</ele><time>2026-04-18T03:17:58.000Z</time></trkpt>
      <trkpt lat="35.744897" lon="127.965395"><ele>774.4</ele><time>2026-04-18T03:18:02.000Z</time></trkpt>
      <trkpt lat="35.744888" lon="127.965420"><ele>775.8</ele><time>2026-04-18T03:18:08.000Z</time></trkpt>
      <trkpt lat="35.744884" lon="127.965426"><ele>776.2</ele><time>2026-04-18T03:18:11.000Z</time></trkpt>
      <trkpt lat="35.744892" lon="127.965427"><ele>776.2</ele><time>2026-04-18T03:18:13.000Z</time></trkpt>
      <trkpt lat="35.744910" lon="127.965421"><ele>777.0</ele><time>2026-04-18T03:18:18.000Z</time></trkpt>
      <trkpt lat="35.744919" lon="127.965419"><ele>777.8</ele><time>2026-04-18T03:18:21.000Z</time></trkpt>
      <trkpt lat="35.744919" lon="127.965423"><ele>778.0</ele><time>2026-04-18T03:18:22.000Z</time></trkpt>
      <trkpt lat="35.744919" lon="127.965427"><ele>778.0</ele><time>2026-04-18T03:18:23.000Z</time></trkpt>
      <trkpt lat="35.744909" lon="127.965454"><ele>778.8</ele><time>2026-04-18T03:18:28.000Z</time></trkpt>
      <trkpt lat="35.744911" lon="127.965460"><ele>779.2</ele><time>2026-04-18T03:18:29.000Z</time></trkpt>
      <trkpt lat="35.744910" lon="127.965475"><ele>779.8</ele><time>2026-04-18T03:18:32.000Z</time></trkpt>
      <trkpt lat="35.744908" lon="127.965476"><ele>780.0</ele><time>2026-04-18T03:18:33.000Z</time></trkpt>
      <trkpt lat="35.744905" lon="127.965475"><ele>780.0</ele><time>2026-04-18T03:18:36.000Z</time></trkpt>
      <trkpt lat="35.744901" lon="127.965477"><ele>780.0</ele><time>2026-04-18T03:18:38.000Z</time></trkpt>
      <trkpt lat="35.744901" lon="127.965485"><ele>780.0</ele><time>2026-04-18T03:18:42.000Z</time></trkpt>
      <trkpt lat="35.744891" lon="127.965495"><ele>779.8</ele><time>2026-04-18T03:18:54.000Z</time></trkpt>
      <trkpt lat="35.744905" lon="127.965494"><ele>780.0</ele><time>2026-04-18T03:18:59.000Z</time></trkpt>
      <trkpt lat="35.744917" lon="127.965497"><ele>780.0</ele><time>2026-04-18T03:19:04.000Z</time></trkpt>
      <trkpt lat="35.744919" lon="127.965494"><ele>780.2</ele><time>2026-04-18T03:19:09.000Z</time></trkpt>
      <trkpt lat="35.744918" lon="127.965489"><ele>780.2</ele><time>2026-04-18T03:19:13.000Z</time></trkpt>
      <trkpt lat="35.744918" lon="127.965489"><ele>780.2</ele><time>2026-04-18T03:19:14.000Z</time></trkpt>
      <trkpt lat="35.744909" lon="127.965488"><ele>780.6</ele><time>2026-04-18T03:19:20.000Z</time></trkpt>
      <trkpt lat="35.744915" lon="127.965482"><ele>780.6</ele><time>2026-04-18T03:19:25.000Z</time></trkpt>
      <trkpt lat="35.744913" lon="127.965484"><ele>780.6</ele><time>2026-04-18T03:19:26.000Z</time></trkpt>
      <trkpt lat="35.744923" lon="127.965485"><ele>780.6</ele><time>2026-04-18T03:19:34.000Z</time></trkpt>
      <trkpt lat="35.744917" lon="127.965479"><ele>780.6</ele><time>2026-04-18T03:19:38.000Z</time></trkpt>
      <trkpt lat="35.744908" lon="127.965466"><ele>780.4</ele><time>2026-04-18T03:19:41.000Z</time></trkpt>
      <trkpt lat="35.744909" lon="127.965453"><ele>780.4</ele><time>2026-04-18T03:19:43.000Z</time></trkpt>
      <trkpt lat="35.744913" lon="127.965443"><ele>780.0</ele><time>2026-04-18T03:19:47.000Z</time></trkpt>
      <trkpt lat="35.744896" lon="127.965431"><ele>779.0</ele><time>2026-04-18T03:19:53.000Z</time></trkpt>
      <trkpt lat="35.744883" lon="127.965439"><ele>778.2</ele><time>2026-04-18T03:19:56.000Z</time></trkpt>
      <trkpt lat="35.744877" lon="127.965440"><ele>778.0</ele><time>2026-04-18T03:19:57.000Z</time></trkpt>
      <trkpt lat="35.744862" lon="127.965415"><ele>777.0</ele><time>2026-04-18T03:20:02.000Z</time></trkpt>
      <trkpt lat="35.744882" lon="127.965376"><ele>775.8</ele><time>2026-04-18T03:20:07.000Z</time></trkpt>
      <trkpt lat="35.744880" lon="127.965356"><ele>774.8</ele><time>2026-04-18T03:20:14.000Z</time></trkpt>
      <trkpt lat="35.744867" lon="127.965349"><ele>773.6</ele><time>2026-04-18T03:20:21.000Z</time></trkpt>
      <trkpt lat="35.744862" lon="127.965354"><ele>773.6</ele><time>2026-04-18T03:20:23.000Z</time></trkpt>
      <trkpt lat="35.744848" lon="127.965359"><ele>772.6</ele><time>2026-04-18T03:20:28.000Z</time></trkpt>
      <trkpt lat="35.744839" lon="127.965346"><ele>772.0</ele><time>2026-04-18T03:20:31.000Z</time></trkpt>
      <trkpt lat="35.744828" lon="127.965339"><ele>771.4</ele><time>2026-04-18T03:20:33.000Z</time></trkpt>
      <trkpt lat="35.744799" lon="127.965352"><ele>770.2</ele><time>2026-04-18T03:20:38.000Z</time></trkpt>
      <trkpt lat="35.744800" lon="127.965369"><ele>769.6</ele><time>2026-04-18T03:20:41.000Z</time></trkpt>
      <trkpt lat="35.744795" lon="127.965378"><ele>769.2</ele><time>2026-04-18T03:20:44.000Z</time></trkpt>
      <trkpt lat="35.744793" lon="127.965420"><ele>768.2</ele><time>2026-04-18T03:20:48.000Z</time></trkpt>
      <trkpt lat="35.744788" lon="127.965431"><ele>768.0</ele><time>2026-04-18T03:20:49.000Z</time></trkpt>
      <trkpt lat="35.744773" lon="127.965452"><ele>766.6</ele><time>2026-04-18T03:20:53.000Z</time></trkpt>
      <trkpt lat="35.744768" lon="127.965471"><ele>766.2</ele><time>2026-04-18T03:20:55.000Z</time></trkpt>
      <trkpt lat="35.744747" lon="127.965455"><ele>765.4</ele><time>2026-04-18T03:20:58.000Z</time></trkpt>
      <trkpt lat="35.744739" lon="127.965440"><ele>764.8</ele><time>2026-04-18T03:21:00.000Z</time></trkpt>
      <trkpt lat="35.744732" lon="127.965427"><ele>764.4</ele><time>2026-04-18T03:21:02.000Z</time></trkpt>
      <trkpt lat="35.744713" lon="127.965398"><ele>763.2</ele><time>2026-04-18T03:21:06.000Z</time></trkpt>
      <trkpt lat="35.744697" lon="127.965396"><ele>762.2</ele><time>2026-04-18T03:21:10.000Z</time></trkpt>
      <trkpt lat="35.744669" lon="127.965392"><ele>761.0</ele><time>2026-04-18T03:21:14.000Z</time></trkpt>
      <trkpt lat="35.744657" lon="127.965381"><ele>760.0</ele><time>2026-04-18T03:21:17.000Z</time></trkpt>
      <trkpt lat="35.744648" lon="127.965380"><ele>759.4</ele><time>2026-04-18T03:21:19.000Z</time></trkpt>
      <trkpt lat="35.744640" lon="127.965392"><ele>758.8</ele><time>2026-04-18T03:21:21.000Z</time></trkpt>
      <trkpt lat="35.744630" lon="127.965407"><ele>758.2</ele><time>2026-04-18T03:21:23.000Z</time></trkpt>
      <trkpt lat="35.744623" lon="127.965409"><ele>758.0</ele><time>2026-04-18T03:21:24.000Z</time></trkpt>
      <trkpt lat="35.744614" lon="127.965410"><ele>757.6</ele><time>2026-04-18T03:21:25.000Z</time></trkpt>
      <trkpt lat="35.744595" lon="127.965399"><ele>757.0</ele><time>2026-04-18T03:21:27.000Z</time></trkpt>
      <trkpt lat="35.744578" lon="127.965385"><ele>756.4</ele><time>2026-04-18T03:21:29.000Z</time></trkpt>
      <trkpt lat="35.744542" lon="127.965377"><ele>755.2</ele><time>2026-04-18T03:21:33.000Z</time></trkpt>
      <trkpt lat="35.744519" lon="127.965374"><ele>754.4</ele><time>2026-04-18T03:21:36.000Z</time></trkpt>
      <trkpt lat="35.744509" lon="127.965378"><ele>754.2</ele><time>2026-04-18T03:21:37.000Z</time></trkpt>
      <trkpt lat="35.744491" lon="127.965384"><ele>753.8</ele><time>2026-04-18T03:21:39.000Z</time></trkpt>
      <trkpt lat="35.744470" lon="127.965388"><ele>753.4</ele><time>2026-04-18T03:21:41.000Z</time></trkpt>
      <trkpt lat="35.744451" lon="127.965386"><ele>753.0</ele><time>2026-04-18T03:21:43.000Z</time></trkpt>
      <trkpt lat="35.744417" lon="127.965383"><ele>752.2</ele><time>2026-04-18T03:21:47.000Z</time></trkpt>
      <trkpt lat="35.744414" lon="127.965381"><ele>751.8</ele><time>2026-04-18T03:21:48.000Z</time></trkpt>
      <trkpt lat="35.744387" lon="127.965391"><ele>750.8</ele><time>2026-04-18T03:21:52.000Z</time></trkpt>
      <trkpt lat="35.744361" lon="127.965390"><ele>749.8</ele><time>2026-04-18T03:21:55.000Z</time></trkpt>
      <trkpt lat="35.744353" lon="127.965388"><ele>749.4</ele><time>2026-04-18T03:21:56.000Z</time></trkpt>
      <trkpt lat="35.744328" lon="127.965384"><ele>748.2</ele><time>2026-04-18T03:22:00.000Z</time></trkpt>
      <trkpt lat="35.744285" lon="127.965375"><ele>747.2</ele><time>2026-04-18T03:22:04.000Z</time></trkpt>
      <trkpt lat="35.744247" lon="127.965375"><ele>746.2</ele><time>2026-04-18T03:22:08.000Z</time></trkpt>
      <trkpt lat="35.744216" lon="127.965374"><ele>745.2</ele><time>2026-04-18T03:22:12.000Z</time></trkpt>
      <trkpt lat="35.744212" lon="127.965368"><ele>745.0</ele><time>2026-04-18T03:22:13.000Z</time></trkpt>
      <trkpt lat="35.744196" lon="127.965351"><ele>743.8</ele><time>2026-04-18T03:22:17.000Z</time></trkpt>
      <trkpt lat="35.744176" lon="127.965341"><ele>742.6</ele><time>2026-04-18T03:22:21.000Z</time></trkpt>
      <trkpt lat="35.744161" lon="127.965350"><ele>741.6</ele><time>2026-04-18T03:22:25.000Z</time></trkpt>
      <trkpt lat="35.744129" lon="127.965334"><ele>740.4</ele><time>2026-04-18T03:22:30.000Z</time></trkpt>
      <trkpt lat="35.744124" lon="127.965327"><ele>740.2</ele><time>2026-04-18T03:22:31.000Z</time></trkpt>
      <trkpt lat="35.744113" lon="127.965323"><ele>739.4</ele><time>2026-04-18T03:22:34.000Z</time></trkpt>
      <trkpt lat="35.744098" lon="127.965320"><ele>738.2</ele><time>2026-04-18T03:22:38.000Z</time></trkpt>
      <trkpt lat="35.744083" lon="127.965298"><ele>737.0</ele><time>2026-04-18T03:22:42.000Z</time></trkpt>
      <trkpt lat="35.744080" lon="127.965272"><ele>735.6</ele><time>2026-04-18T03:22:46.000Z</time></trkpt>
      <trkpt lat="35.744081" lon="127.965268"><ele>735.2</ele><time>2026-04-18T03:22:47.000Z</time></trkpt>
      <trkpt lat="35.744072" lon="127.965264"><ele>734.6</ele><time>2026-04-18T03:22:50.000Z</time></trkpt>
      <trkpt lat="35.744058" lon="127.965267"><ele>734.0</ele><time>2026-04-18T03:22:53.000Z</time></trkpt>
      <trkpt lat="35.744043" lon="127.965264"><ele>733.4</ele><time>2026-04-18T03:22:55.000Z</time></trkpt>
      <trkpt lat="35.744021" lon="127.965298"><ele>732.2</ele><time>2026-04-18T03:23:00.000Z</time></trkpt>
      <trkpt lat="35.744021" lon="127.965306"><ele>731.8</ele><time>2026-04-18T03:23:02.000Z</time></trkpt>
      <trkpt lat="35.744009" lon="127.965314"><ele>731.2</ele><time>2026-04-18T03:23:05.000Z</time></trkpt>
      <trkpt lat="35.743987" lon="127.965332"><ele>730.0</ele><time>2026-04-18T03:23:09.000Z</time></trkpt>
      <trkpt lat="35.743978" lon="127.965334"><ele>729.6</ele><time>2026-04-18T03:23:10.000Z</time></trkpt>
      <trkpt lat="35.743967" lon="127.965330"><ele>729.0</ele><time>2026-04-18T03:23:12.000Z</time></trkpt>
      <trkpt lat="35.743947" lon="127.965327"><ele>727.8</ele><time>2026-04-18T03:23:15.000Z</time></trkpt>
      <trkpt lat="35.743942" lon="127.965314"><ele>727.2</ele><time>2026-04-18T03:23:17.000Z</time></trkpt>
      <trkpt lat="35.743941" lon="127.965307"><ele>726.6</ele><time>2026-04-18T03:23:19.000Z</time></trkpt>
      <trkpt lat="35.743915" lon="127.965301"><ele>725.6</ele><time>2026-04-18T03:23:24.000Z</time></trkpt>
      <trkpt lat="35.743910" lon="127.965304"><ele>725.4</ele><time>2026-04-18T03:23:25.000Z</time></trkpt>
      <trkpt lat="35.743888" lon="127.965320"><ele>724.4</ele><time>2026-04-18T03:23:29.000Z</time></trkpt>
      <trkpt lat="35.743866" lon="127.965315"><ele>723.4</ele><time>2026-04-18T03:23:33.000Z</time></trkpt>
      <trkpt lat="35.743858" lon="127.965314"><ele>723.2</ele><time>2026-04-18T03:23:34.000Z</time></trkpt>
      <trkpt lat="35.743829" lon="127.965320"><ele>722.0</ele><time>2026-04-18T03:23:38.000Z</time></trkpt>
      <trkpt lat="35.743813" lon="127.965323"><ele>720.8</ele><time>2026-04-18T03:23:41.000Z</time></trkpt>
      <trkpt lat="35.743801" lon="127.965310"><ele>720.2</ele><time>2026-04-18T03:23:43.000Z</time></trkpt>
      <trkpt lat="35.743785" lon="127.965307"><ele>719.6</ele><time>2026-04-18T03:23:45.000Z</time></trkpt>
      <trkpt lat="35.743746" lon="127.965320"><ele>718.4</ele><time>2026-04-18T03:23:49.000Z</time></trkpt>
      <trkpt lat="35.743719" lon="127.965328"><ele>717.6</ele><time>2026-04-18T03:23:52.000Z</time></trkpt>
      <trkpt lat="35.743712" lon="127.965332"><ele>717.2</ele><time>2026-04-18T03:23:53.000Z</time></trkpt>
      <trkpt lat="35.743664" lon="127.965335"><ele>716.2</ele><time>2026-04-18T03:23:59.000Z</time></trkpt>
      <trkpt lat="35.743644" lon="127.965325"><ele>715.6</ele><time>2026-04-18T03:24:02.000Z</time></trkpt>
      <trkpt lat="35.743629" lon="127.965320"><ele>715.0</ele><time>2026-04-18T03:24:04.000Z</time></trkpt>
      <trkpt lat="35.743596" lon="127.965309"><ele>714.0</ele><time>2026-04-18T03:24:09.000Z</time></trkpt>
      <trkpt lat="35.743574" lon="127.965321"><ele>713.2</ele><time>2026-04-18T03:24:12.000Z</time></trkpt>
      <trkpt lat="35.743561" lon="127.965333"><ele>712.8</ele><time>2026-04-18T03:24:14.000Z</time></trkpt>
      <trkpt lat="35.743517" lon="127.965336"><ele>711.8</ele><time>2026-04-18T03:24:18.000Z</time></trkpt>
      <trkpt lat="35.743479" lon="127.965318"><ele>711.0</ele><time>2026-04-18T03:24:21.000Z</time></trkpt>
      <trkpt lat="35.743469" lon="127.965319"><ele>710.8</ele><time>2026-04-18T03:24:22.000Z</time></trkpt>
      <trkpt lat="35.743450" lon="127.965331"><ele>710.8</ele><time>2026-04-18T03:24:24.000Z</time></trkpt>
      <trkpt lat="35.743433" lon="127.965335"><ele>710.8</ele><time>2026-04-18T03:24:26.000Z</time></trkpt>
      <trkpt lat="35.743426" lon="127.965335"><ele>710.6</ele><time>2026-04-18T03:24:27.000Z</time></trkpt>
      <trkpt lat="35.743414" lon="127.965337"><ele>709.8</ele><time>2026-04-18T03:24:30.000Z</time></trkpt>
      <trkpt lat="35.743400" lon="127.965346"><ele>709.2</ele><time>2026-04-18T03:24:33.000Z</time></trkpt>
      <trkpt lat="35.743389" lon="127.965345"><ele>708.4</ele><time>2026-04-18T03:24:35.000Z</time></trkpt>
      <trkpt lat="35.743360" lon="127.965344"><ele>707.2</ele><time>2026-04-18T03:24:39.000Z</time></trkpt>
      <trkpt lat="35.743344" lon="127.965354"><ele>706.2</ele><time>2026-04-18T03:24:42.000Z</time></trkpt>
      <trkpt lat="35.743337" lon="127.965353"><ele>705.8</ele><time>2026-04-18T03:24:43.000Z</time></trkpt>
      <trkpt lat="35.743303" lon="127.965349"><ele>704.6</ele><time>2026-04-18T03:24:47.000Z</time></trkpt>
      <trkpt lat="35.743271" lon="127.965362"><ele>703.8</ele><time>2026-04-18T03:24:51.000Z</time></trkpt>
      <trkpt lat="35.743263" lon="127.965366"><ele>703.6</ele><time>2026-04-18T03:24:52.000Z</time></trkpt>
      <trkpt lat="35.743224" lon="127.965372"><ele>702.4</ele><time>2026-04-18T03:24:56.000Z</time></trkpt>
      <trkpt lat="35.743206" lon="127.965387"><ele>701.6</ele><time>2026-04-18T03:24:59.000Z</time></trkpt>
      <trkpt lat="35.743198" lon="127.965387"><ele>701.2</ele><time>2026-04-18T03:25:00.000Z</time></trkpt>
      <trkpt lat="35.743174" lon="127.965399"><ele>700.2</ele><time>2026-04-18T03:25:04.000Z</time></trkpt>
      <trkpt lat="35.743150" lon="127.965409"><ele>699.0</ele><time>2026-04-18T03:25:08.000Z</time></trkpt>
      <trkpt lat="35.743143" lon="127.965450"><ele>697.8</ele><time>2026-04-18T03:25:12.000Z</time></trkpt>
      <trkpt lat="35.743134" lon="127.965451"><ele>697.4</ele><time>2026-04-18T03:25:13.000Z</time></trkpt>
      <trkpt lat="35.743104" lon="127.965447"><ele>696.4</ele><time>2026-04-18T03:25:16.000Z</time></trkpt>
      <trkpt lat="35.743080" lon="127.965463"><ele>695.4</ele><time>2026-04-18T03:25:20.000Z</time></trkpt>
      <trkpt lat="35.743074" lon="127.965469"><ele>695.2</ele><time>2026-04-18T03:25:21.000Z</time></trkpt>
      <trkpt lat="35.743044" lon="127.965492"><ele>694.4</ele><time>2026-04-18T03:25:24.000Z</time></trkpt>
      <trkpt lat="35.743018" lon="127.965506"><ele>693.4</ele><time>2026-04-18T03:25:27.000Z</time></trkpt>
      <trkpt lat="35.742989" lon="127.965501"><ele>692.4</ele><time>2026-04-18T03:25:30.000Z</time></trkpt>
      <trkpt lat="35.742981" lon="127.965501"><ele>692.0</ele><time>2026-04-18T03:25:31.000Z</time></trkpt>
      <trkpt lat="35.742955" lon="127.965528"><ele>690.8</ele><time>2026-04-18T03:25:35.000Z</time></trkpt>
      <trkpt lat="35.742943" lon="127.965543"><ele>690.4</ele><time>2026-04-18T03:25:37.000Z</time></trkpt>
      <trkpt lat="35.742921" lon="127.965562"><ele>689.8</ele><time>2026-04-18T03:25:40.000Z</time></trkpt>
      <trkpt lat="35.742855" lon="127.965598"><ele>689.4</ele><time>2026-04-18T03:25:47.000Z</time></trkpt>
      <trkpt lat="35.742843" lon="127.965604"><ele>689.6</ele><time>2026-04-18T03:25:48.000Z</time></trkpt>
      <trkpt lat="35.742751" lon="127.965642"><ele>689.8</ele><time>2026-04-18T03:25:56.000Z</time></trkpt>
      <trkpt lat="35.742675" lon="127.965678"><ele>690.6</ele><time>2026-04-18T03:26:04.000Z</time></trkpt>
      <trkpt lat="35.742625" lon="127.965687"><ele>690.8</ele><time>2026-04-18T03:26:07.000Z</time></trkpt>
      <trkpt lat="35.742583" lon="127.965691"><ele>690.6</ele><time>2026-04-18T03:26:11.000Z</time></trkpt>
      <trkpt lat="35.742571" lon="127.965695"><ele>690.6</ele><time>2026-04-18T03:26:12.000Z</time></trkpt>
      <trkpt lat="35.742507" lon="127.965700"><ele>690.4</ele><time>2026-04-18T03:26:17.000Z</time></trkpt>
      <trkpt lat="35.742474" lon="127.965712"><ele>690.0</ele><time>2026-04-18T03:26:20.000Z</time></trkpt>
      <trkpt lat="35.742464" lon="127.965710"><ele>690.0</ele><time>2026-04-18T03:26:21.000Z</time></trkpt>
      <trkpt lat="35.742446" lon="127.965700"><ele>689.0</ele><time>2026-04-18T03:26:25.000Z</time></trkpt>
      <trkpt lat="35.742430" lon="127.965698"><ele>688.8</ele><time>2026-04-18T03:26:27.000Z</time></trkpt>
      <trkpt lat="35.742327" lon="127.965715"><ele>687.6</ele><time>2026-04-18T03:26:36.000Z</time></trkpt>
      <trkpt lat="35.742268" lon="127.965717"><ele>686.4</ele><time>2026-04-18T03:26:42.000Z</time></trkpt>
      <trkpt lat="35.742235" lon="127.965727"><ele>686.0</ele><time>2026-04-18T03:26:45.000Z</time></trkpt>
      <trkpt lat="35.742223" lon="127.965733"><ele>685.6</ele><time>2026-04-18T03:26:46.000Z</time></trkpt>
      <trkpt lat="35.742209" lon="127.965739"><ele>685.4</ele><time>2026-04-18T03:26:47.000Z</time></trkpt>
      <trkpt lat="35.742138" lon="127.965726"><ele>685.0</ele><time>2026-04-18T03:26:53.000Z</time></trkpt>
      <trkpt lat="35.742128" lon="127.965725"><ele>685.0</ele><time>2026-04-18T03:26:54.000Z</time></trkpt>
      <trkpt lat="35.742040" lon="127.965734"><ele>684.6</ele><time>2026-04-18T03:27:01.000Z</time></trkpt>
      <trkpt lat="35.742026" lon="127.965742"><ele>684.6</ele><time>2026-04-18T03:27:02.000Z</time></trkpt>
      <trkpt lat="35.742014" lon="127.965746"><ele>684.4</ele><time>2026-04-18T03:27:03.000Z</time></trkpt>
      <trkpt lat="35.741963" lon="127.965740"><ele>684.6</ele><time>2026-04-18T03:27:07.000Z</time></trkpt>
      <trkpt lat="35.741939" lon="127.965728"><ele>684.6</ele><time>2026-04-18T03:27:09.000Z</time></trkpt>
      <trkpt lat="35.741917" lon="127.965721"><ele>684.4</ele><time>2026-04-18T03:27:11.000Z</time></trkpt>
      <trkpt lat="35.741894" lon="127.965714"><ele>684.2</ele><time>2026-04-18T03:27:13.000Z</time></trkpt>
      <trkpt lat="35.741885" lon="127.965713"><ele>684.2</ele><time>2026-04-18T03:27:14.000Z</time></trkpt>
      <trkpt lat="35.741879" lon="127.965709"><ele>684.0</ele><time>2026-04-18T03:27:15.000Z</time></trkpt>
      <trkpt lat="35.741856" lon="127.965690"><ele>683.6</ele><time>2026-04-18T03:27:19.000Z</time></trkpt>
      <trkpt lat="35.741828" lon="127.965675"><ele>683.2</ele><time>2026-04-18T03:27:22.000Z</time></trkpt>
      <trkpt lat="35.741786" lon="127.965651"><ele>682.2</ele><time>2026-04-18T03:27:27.000Z</time></trkpt>
      <trkpt lat="35.741778" lon="127.965648"><ele>681.8</ele><time>2026-04-18T03:27:28.000Z</time></trkpt>
      <trkpt lat="35.741752" lon="127.965646"><ele>681.0</ele><time>2026-04-18T03:27:31.000Z</time></trkpt>
      <trkpt lat="35.741725" lon="127.965629"><ele>679.8</ele><time>2026-04-18T03:27:35.000Z</time></trkpt>
      <trkpt lat="35.741716" lon="127.965586"><ele>678.6</ele><time>2026-04-18T03:27:39.000Z</time></trkpt>
      <trkpt lat="35.741701" lon="127.965546"><ele>677.4</ele><time>2026-04-18T03:27:43.000Z</time></trkpt>
      <trkpt lat="35.741679" lon="127.965516"><ele>676.4</ele><time>2026-04-18T03:27:47.000Z</time></trkpt>
      <trkpt lat="35.741661" lon="127.965487"><ele>675.2</ele><time>2026-04-18T03:27:51.000Z</time></trkpt>
      <trkpt lat="35.741645" lon="127.965449"><ele>674.4</ele><time>2026-04-18T03:27:54.000Z</time></trkpt>
      <trkpt lat="35.741631" lon="127.965433"><ele>674.0</ele><time>2026-04-18T03:27:56.000Z</time></trkpt>
      <trkpt lat="35.741606" lon="127.965397"><ele>672.8</ele><time>2026-04-18T03:28:00.000Z</time></trkpt>
      <trkpt lat="35.741592" lon="127.965353"><ele>671.6</ele><time>2026-04-18T03:28:05.000Z</time></trkpt>
      <trkpt lat="35.741588" lon="127.965308"><ele>670.6</ele><time>2026-04-18T03:28:10.000Z</time></trkpt>
      <trkpt lat="35.741570" lon="127.965292"><ele>670.0</ele><time>2026-04-18T03:28:13.000Z</time></trkpt>
      <trkpt lat="35.741575" lon="127.965262"><ele>669.4</ele><time>2026-04-18T03:28:15.000Z</time></trkpt>
      <trkpt lat="35.741587" lon="127.965204"><ele>668.4</ele><time>2026-04-18T03:28:19.000Z</time></trkpt>
      <trkpt lat="35.741591" lon="127.965194"><ele>668.4</ele><time>2026-04-18T03:28:20.000Z</time></trkpt>
      <trkpt lat="35.741597" lon="127.965155"><ele>667.2</ele><time>2026-04-18T03:28:24.000Z</time></trkpt>
      <trkpt lat="35.741592" lon="127.965119"><ele>666.2</ele><time>2026-04-18T03:28:28.000Z</time></trkpt>
      <trkpt lat="35.741570" lon="127.965092"><ele>665.2</ele><time>2026-04-18T03:28:32.000Z</time></trkpt>
      <trkpt lat="35.741572" lon="127.965069"><ele>664.0</ele><time>2026-04-18T03:28:37.000Z</time></trkpt>
      <trkpt lat="35.741585" lon="127.965051"><ele>662.8</ele><time>2026-04-18T03:28:41.000Z</time></trkpt>
      <trkpt lat="35.741587" lon="127.965040"><ele>662.4</ele><time>2026-04-18T03:28:43.000Z</time></trkpt>
      <trkpt lat="35.741588" lon="127.965025"><ele>661.8</ele><time>2026-04-18T03:28:45.000Z</time></trkpt>
      <trkpt lat="35.741591" lon="127.965015"><ele>660.6</ele><time>2026-04-18T03:28:49.000Z</time></trkpt>
      <trkpt lat="35.741571" lon="127.965000"><ele>659.6</ele><time>2026-04-18T03:28:53.000Z</time></trkpt>
      <trkpt lat="35.741564" lon="127.964992"><ele>659.2</ele><time>2026-04-18T03:28:54.000Z</time></trkpt>
      <trkpt lat="35.741543" lon="127.964930"><ele>659.0</ele><time>2026-04-18T03:29:00.000Z</time></trkpt>
      <trkpt lat="35.741537" lon="127.964918"><ele>659.0</ele><time>2026-04-18T03:29:01.000Z</time></trkpt>
      <trkpt lat="35.741531" lon="127.964907"><ele>659.0</ele><time>2026-04-18T03:29:02.000Z</time></trkpt>
      <trkpt lat="35.741526" lon="127.964897"><ele>659.2</ele><time>2026-04-18T03:29:03.000Z</time></trkpt>
      <trkpt lat="35.741521" lon="127.964883"><ele>659.2</ele><time>2026-04-18T03:29:04.000Z</time></trkpt>
      <trkpt lat="35.741515" lon="127.964871"><ele>659.2</ele><time>2026-04-18T03:29:05.000Z</time></trkpt>
      <trkpt lat="35.741507" lon="127.964859"><ele>659.2</ele><time>2026-04-18T03:29:06.000Z</time></trkpt>
      <trkpt lat="35.741453" lon="127.964837"><ele>659.2</ele><time>2026-04-18T03:29:11.000Z</time></trkpt>
      <trkpt lat="35.741442" lon="127.964826"><ele>659.2</ele><time>2026-04-18T03:29:12.000Z</time></trkpt>
      <trkpt lat="35.741413" lon="127.964771"><ele>658.4</ele><time>2026-04-18T03:29:17.000Z</time></trkpt>
      <trkpt lat="35.741418" lon="127.964756"><ele>658.2</ele><time>2026-04-18T03:29:18.000Z</time></trkpt>
      <trkpt lat="35.741416" lon="127.964717"><ele>657.2</ele><time>2026-04-18T03:29:22.000Z</time></trkpt>
      <trkpt lat="35.741413" lon="127.964698"><ele>656.6</ele><time>2026-04-18T03:29:24.000Z</time></trkpt>
      <trkpt lat="35.741413" lon="127.964679"><ele>656.0</ele><time>2026-04-18T03:29:26.000Z</time></trkpt>
      <trkpt lat="35.741394" lon="127.964651"><ele>654.8</ele><time>2026-04-18T03:29:30.000Z</time></trkpt>
      <trkpt lat="35.741379" lon="127.964648"><ele>654.6</ele><time>2026-04-18T03:29:32.000Z</time></trkpt>
      <trkpt lat="35.741373" lon="127.964598"><ele>653.6</ele><time>2026-04-18T03:29:36.000Z</time></trkpt>
      <trkpt lat="35.741371" lon="127.964578"><ele>653.2</ele><time>2026-04-18T03:29:38.000Z</time></trkpt>
      <trkpt lat="35.741370" lon="127.964559"><ele>652.6</ele><time>2026-04-18T03:29:40.000Z</time></trkpt>
      <trkpt lat="35.741350" lon="127.964540"><ele>651.6</ele><time>2026-04-18T03:29:45.000Z</time></trkpt>
      <trkpt lat="35.741344" lon="127.964531"><ele>651.4</ele><time>2026-04-18T03:29:46.000Z</time></trkpt>
      <trkpt lat="35.741332" lon="127.964488"><ele>650.2</ele><time>2026-04-18T03:29:50.000Z</time></trkpt>
      <trkpt lat="35.741322" lon="127.964444"><ele>649.4</ele><time>2026-04-18T03:29:53.000Z</time></trkpt>
      <trkpt lat="35.741324" lon="127.964430"><ele>649.2</ele><time>2026-04-18T03:29:54.000Z</time></trkpt>
      <trkpt lat="35.741325" lon="127.964414"><ele>649.0</ele><time>2026-04-18T03:29:55.000Z</time></trkpt>
      <trkpt lat="35.741302" lon="127.964366"><ele>648.0</ele><time>2026-04-18T03:29:59.000Z</time></trkpt>
      <trkpt lat="35.741293" lon="127.964356"><ele>647.8</ele><time>2026-04-18T03:30:00.000Z</time></trkpt>
      <trkpt lat="35.741279" lon="127.964326"><ele>647.6</ele><time>2026-04-18T03:30:02.000Z</time></trkpt>
      <trkpt lat="35.741274" lon="127.964279"><ele>646.8</ele><time>2026-04-18T03:30:05.000Z</time></trkpt>
      <trkpt lat="35.741266" lon="127.964251"><ele>646.4</ele><time>2026-04-18T03:30:07.000Z</time></trkpt>
      <trkpt lat="35.741253" lon="127.964236"><ele>645.8</ele><time>2026-04-18T03:30:09.000Z</time></trkpt>
      <trkpt lat="35.741219" lon="127.964226"><ele>644.8</ele><time>2026-04-18T03:30:13.000Z</time></trkpt>
      <trkpt lat="35.741212" lon="127.964227"><ele>644.6</ele><time>2026-04-18T03:30:14.000Z</time></trkpt>
      <trkpt lat="35.741193" lon="127.964235"><ele>643.6</ele><time>2026-04-18T03:30:17.000Z</time></trkpt>
      <trkpt lat="35.741167" lon="127.964233"><ele>642.8</ele><time>2026-04-18T03:30:20.000Z</time></trkpt>
      <trkpt lat="35.741158" lon="127.964238"><ele>642.4</ele><time>2026-04-18T03:30:21.000Z</time></trkpt>
      <trkpt lat="35.741110" lon="127.964248"><ele>641.2</ele><time>2026-04-18T03:30:25.000Z</time></trkpt>
      <trkpt lat="35.741059" lon="127.964240"><ele>640.6</ele><time>2026-04-18T03:30:29.000Z</time></trkpt>
      <trkpt lat="35.741026" lon="127.964226"><ele>640.2</ele><time>2026-04-18T03:30:32.000Z</time></trkpt>
      <trkpt lat="35.741009" lon="127.964215"><ele>639.8</ele><time>2026-04-18T03:30:34.000Z</time></trkpt>
      <trkpt lat="35.741002" lon="127.964207"><ele>639.4</ele><time>2026-04-18T03:30:35.000Z</time></trkpt>
      <trkpt lat="35.740993" lon="127.964175"><ele>638.8</ele><time>2026-04-18T03:30:37.000Z</time></trkpt>
      <trkpt lat="35.740979" lon="127.964126"><ele>637.6</ele><time>2026-04-18T03:30:41.000Z</time></trkpt>
      <trkpt lat="35.740974" lon="127.964114"><ele>637.4</ele><time>2026-04-18T03:30:42.000Z</time></trkpt>
      <trkpt lat="35.740955" lon="127.964076"><ele>636.4</ele><time>2026-04-18T03:30:45.000Z</time></trkpt>
      <trkpt lat="35.740915" lon="127.964020"><ele>635.2</ele><time>2026-04-18T03:30:50.000Z</time></trkpt>
      <trkpt lat="35.740895" lon="127.963994"><ele>635.0</ele><time>2026-04-18T03:30:52.000Z</time></trkpt>
      <trkpt lat="35.740829" lon="127.963921"><ele>635.4</ele><time>2026-04-18T03:31:00.000Z</time></trkpt>
      <trkpt lat="35.740809" lon="127.963901"><ele>636.2</ele><time>2026-04-18T03:31:03.000Z</time></trkpt>
      <trkpt lat="35.740800" lon="127.963894"><ele>636.2</ele><time>2026-04-18T03:31:04.000Z</time></trkpt>
      <trkpt lat="35.740718" lon="127.963851"><ele>636.8</ele><time>2026-04-18T03:31:13.000Z</time></trkpt>
      <trkpt lat="35.740670" lon="127.963833"><ele>637.0</ele><time>2026-04-18T03:31:17.000Z</time></trkpt>
      <trkpt lat="35.740636" lon="127.963816"><ele>637.0</ele><time>2026-04-18T03:31:20.000Z</time></trkpt>
      <trkpt lat="35.740626" lon="127.963813"><ele>637.2</ele><time>2026-04-18T03:31:21.000Z</time></trkpt>
      <trkpt lat="35.740616" lon="127.963809"><ele>637.2</ele><time>2026-04-18T03:31:22.000Z</time></trkpt>
      <trkpt lat="35.740598" lon="127.963800"><ele>637.2</ele><time>2026-04-18T03:31:24.000Z</time></trkpt>
      <trkpt lat="35.740551" lon="127.963795"><ele>637.0</ele><time>2026-04-18T03:31:28.000Z</time></trkpt>
      <trkpt lat="35.740488" lon="127.963764"><ele>636.4</ele><time>2026-04-18T03:31:34.000Z</time></trkpt>
      <trkpt lat="35.740480" lon="127.963757"><ele>636.4</ele><time>2026-04-18T03:31:35.000Z</time></trkpt>
      <trkpt lat="35.740402" lon="127.963708"><ele>636.2</ele><time>2026-04-18T03:31:42.000Z</time></trkpt>
      <trkpt lat="35.740348" lon="127.963657"><ele>635.2</ele><time>2026-04-18T03:31:48.000Z</time></trkpt>
      <trkpt lat="35.740326" lon="127.963641"><ele>634.8</ele><time>2026-04-18T03:31:50.000Z</time></trkpt>
      <trkpt lat="35.740304" lon="127.963620"><ele>634.4</ele><time>2026-04-18T03:31:52.000Z</time></trkpt>
      <trkpt lat="35.740288" lon="127.963600"><ele>634.2</ele><time>2026-04-18T03:31:54.000Z</time></trkpt>
      <trkpt lat="35.740268" lon="127.963581"><ele>634.0</ele><time>2026-04-18T03:31:56.000Z</time></trkpt>
      <trkpt lat="35.740258" lon="127.963577"><ele>634.0</ele><time>2026-04-18T03:31:57.000Z</time></trkpt>
      <trkpt lat="35.740218" lon="127.963568"><ele>634.0</ele><time>2026-04-18T03:32:00.000Z</time></trkpt>
      <trkpt lat="35.740207" lon="127.963557"><ele>634.0</ele><time>2026-04-18T03:32:01.000Z</time></trkpt>
      <trkpt lat="35.740188" lon="127.963524"><ele>634.0</ele><time>2026-04-18T03:32:04.000Z</time></trkpt>
      <trkpt lat="35.740156" lon="127.963490"><ele>634.6</ele><time>2026-04-18T03:32:08.000Z</time></trkpt>
      <trkpt lat="35.740146" lon="127.963488"><ele>634.8</ele><time>2026-04-18T03:32:09.000Z</time></trkpt>
      <trkpt lat="35.740127" lon="127.963478"><ele>635.4</ele><time>2026-04-18T03:32:11.000Z</time></trkpt>
      <trkpt lat="35.740101" lon="127.963447"><ele>635.8</ele><time>2026-04-18T03:32:14.000Z</time></trkpt>
      <trkpt lat="35.740017" lon="127.963383"><ele>635.4</ele><time>2026-04-18T03:32:22.000Z</time></trkpt>
      <trkpt lat="35.739980" lon="127.963329"><ele>634.6</ele><time>2026-04-18T03:32:27.000Z</time></trkpt>
      <trkpt lat="35.739959" lon="127.963271"><ele>634.6</ele><time>2026-04-18T03:32:31.000Z</time></trkpt>
      <trkpt lat="35.739952" lon="127.963263"><ele>634.6</ele><time>2026-04-18T03:32:32.000Z</time></trkpt>
      <trkpt lat="35.739926" lon="127.963224"><ele>635.2</ele><time>2026-04-18T03:32:36.000Z</time></trkpt>
      <trkpt lat="35.739918" lon="127.963193"><ele>635.6</ele><time>2026-04-18T03:32:38.000Z</time></trkpt>
      <trkpt lat="35.739922" lon="127.963143"><ele>636.2</ele><time>2026-04-18T03:32:41.000Z</time></trkpt>
      <trkpt lat="35.739917" lon="127.963127"><ele>636.2</ele><time>2026-04-18T03:32:42.000Z</time></trkpt>
      <trkpt lat="35.739916" lon="127.963113"><ele>636.2</ele><time>2026-04-18T03:32:43.000Z</time></trkpt>
      <trkpt lat="35.739917" lon="127.963097"><ele>636.4</ele><time>2026-04-18T03:32:44.000Z</time></trkpt>
      <trkpt lat="35.739915" lon="127.963050"><ele>636.8</ele><time>2026-04-18T03:32:48.000Z</time></trkpt>
      <trkpt lat="35.739926" lon="127.963019"><ele>637.6</ele><time>2026-04-18T03:32:51.000Z</time></trkpt>
      <trkpt lat="35.739923" lon="127.962970"><ele>638.0</ele><time>2026-04-18T03:32:55.000Z</time></trkpt>
      <trkpt lat="35.739919" lon="127.962964"><ele>638.0</ele><time>2026-04-18T03:32:56.000Z</time></trkpt>
      <trkpt lat="35.739897" lon="127.962935"><ele>638.6</ele><time>2026-04-18T03:33:01.000Z</time></trkpt>
      <trkpt lat="35.739889" lon="127.962922"><ele>639.2</ele><time>2026-04-18T03:33:05.000Z</time></trkpt>
      <trkpt lat="35.739872" lon="127.962919"><ele>639.0</ele><time>2026-04-18T03:33:13.000Z</time></trkpt>
      <trkpt lat="35.739871" lon="127.962913"><ele>639.0</ele><time>2026-04-18T03:33:20.000Z</time></trkpt>
      <trkpt lat="35.739862" lon="127.962911"><ele>638.8</ele><time>2026-04-18T03:33:22.000Z</time></trkpt>
      <trkpt lat="35.739801" lon="127.962925"><ele>637.6</ele><time>2026-04-18T03:33:30.000Z</time></trkpt>
      <trkpt lat="35.739788" lon="127.962926"><ele>637.2</ele><time>2026-04-18T03:33:32.000Z</time></trkpt>
      <trkpt lat="35.739752" lon="127.962943"><ele>636.6</ele><time>2026-04-18T03:33:38.000Z</time></trkpt>
      <trkpt lat="35.739741" lon="127.962943"><ele>636.4</ele><time>2026-04-18T03:33:40.000Z</time></trkpt>
      <trkpt lat="35.739726" lon="127.962943"><ele>636.4</ele><time>2026-04-18T03:33:42.000Z</time></trkpt>
      <trkpt lat="35.739697" lon="127.962946"><ele>635.8</ele><time>2026-04-18T03:33:46.000Z</time></trkpt>
      <trkpt lat="35.739691" lon="127.962947"><ele>635.4</ele><time>2026-04-18T03:33:48.000Z</time></trkpt>
      <trkpt lat="35.739684" lon="127.962972"><ele>634.6</ele><time>2026-04-18T03:33:52.000Z</time></trkpt>
      <trkpt lat="35.739682" lon="127.962979"><ele>634.4</ele><time>2026-04-18T03:33:53.000Z</time></trkpt>
      <trkpt lat="35.739666" lon="127.962999"><ele>633.4</ele><time>2026-04-18T03:33:57.000Z</time></trkpt>
      <trkpt lat="35.739645" lon="127.963017"><ele>632.2</ele><time>2026-04-18T03:34:01.000Z</time></trkpt>
      <trkpt lat="35.739630" lon="127.963034"><ele>631.0</ele><time>2026-04-18T03:34:04.000Z</time></trkpt>
      <trkpt lat="35.739626" lon="127.963040"><ele>630.8</ele><time>2026-04-18T03:34:05.000Z</time></trkpt>
      <trkpt lat="35.739607" lon="127.963057"><ele>630.0</ele><time>2026-04-18T03:34:08.000Z</time></trkpt>
      <trkpt lat="35.739567" lon="127.963058"><ele>628.8</ele><time>2026-04-18T03:34:14.000Z</time></trkpt>
      <trkpt lat="35.739526" lon="127.963057"><ele>627.6</ele><time>2026-04-18T03:34:19.000Z</time></trkpt>
      <trkpt lat="35.739494" lon="127.963042"><ele>626.6</ele><time>2026-04-18T03:34:23.000Z</time></trkpt>
      <trkpt lat="35.739483" lon="127.963042"><ele>626.4</ele><time>2026-04-18T03:34:24.000Z</time></trkpt>
      <trkpt lat="35.739409" lon="127.963053"><ele>625.4</ele><time>2026-04-18T03:34:31.000Z</time></trkpt>
      <trkpt lat="35.739398" lon="127.963044"><ele>625.2</ele><time>2026-04-18T03:34:32.000Z</time></trkpt>
      <trkpt lat="35.739376" lon="127.963028"><ele>624.8</ele><time>2026-04-18T03:34:34.000Z</time></trkpt>
      <trkpt lat="35.739351" lon="127.963012"><ele>624.4</ele><time>2026-04-18T03:34:36.000Z</time></trkpt>
      <trkpt lat="35.739305" lon="127.962994"><ele>623.8</ele><time>2026-04-18T03:34:42.000Z</time></trkpt>
      <trkpt lat="35.739181" lon="127.963022"><ele>624.8</ele><time>2026-04-18T03:34:52.000Z</time></trkpt>
      <trkpt lat="35.739169" lon="127.963030"><ele>624.8</ele><time>2026-04-18T03:34:53.000Z</time></trkpt>
      <trkpt lat="35.739124" lon="127.963054"><ele>625.2</ele><time>2026-04-18T03:34:57.000Z</time></trkpt>
      <trkpt lat="35.739088" lon="127.963061"><ele>625.4</ele><time>2026-04-18T03:35:00.000Z</time></trkpt>
      <trkpt lat="35.739041" lon="127.963072"><ele>626.0</ele><time>2026-04-18T03:35:05.000Z</time></trkpt>
      <trkpt lat="35.739020" lon="127.963075"><ele>626.4</ele><time>2026-04-18T03:35:07.000Z</time></trkpt>
      <trkpt lat="35.738998" lon="127.963087"><ele>626.8</ele><time>2026-04-18T03:35:09.000Z</time></trkpt>
      <trkpt lat="35.738950" lon="127.963110"><ele>627.2</ele><time>2026-04-18T03:35:13.000Z</time></trkpt>
      <trkpt lat="35.738927" lon="127.963118"><ele>627.6</ele><time>2026-04-18T03:35:15.000Z</time></trkpt>
      <trkpt lat="35.738895" lon="127.963121"><ele>627.6</ele><time>2026-04-18T03:35:18.000Z</time></trkpt>
      <trkpt lat="35.738774" lon="127.963107"><ele>627.4</ele><time>2026-04-18T03:35:27.000Z</time></trkpt>
      <trkpt lat="35.738695" lon="127.963055"><ele>627.4</ele><time>2026-04-18T03:35:35.000Z</time></trkpt>
      <trkpt lat="35.738671" lon="127.963028"><ele>626.4</ele><time>2026-04-18T03:35:39.000Z</time></trkpt>
      <trkpt lat="35.738647" lon="127.962985"><ele>625.6</ele><time>2026-04-18T03:35:43.000Z</time></trkpt>
      <trkpt lat="35.738627" lon="127.962975"><ele>625.4</ele><time>2026-04-18T03:35:45.000Z</time></trkpt>
      <trkpt lat="35.738574" lon="127.962961"><ele>624.6</ele><time>2026-04-18T03:35:50.000Z</time></trkpt>
      <trkpt lat="35.738561" lon="127.962953"><ele>624.4</ele><time>2026-04-18T03:35:51.000Z</time></trkpt>
      <trkpt lat="35.738546" lon="127.962942"><ele>624.0</ele><time>2026-04-18T03:35:52.000Z</time></trkpt>
      <trkpt lat="35.738479" lon="127.962885"><ele>622.8</ele><time>2026-04-18T03:35:58.000Z</time></trkpt>
      <trkpt lat="35.738469" lon="127.962875"><ele>622.4</ele><time>2026-04-18T03:36:00.000Z</time></trkpt>
      <trkpt lat="35.738454" lon="127.962858"><ele>621.6</ele><time>2026-04-18T03:36:03.000Z</time></trkpt>
      <trkpt lat="35.738429" lon="127.962817"><ele>620.4</ele><time>2026-04-18T03:36:07.000Z</time></trkpt>
      <trkpt lat="35.738385" lon="127.962742"><ele>619.4</ele><time>2026-04-18T03:36:14.000Z</time></trkpt>
      <trkpt lat="35.738354" lon="127.962713"><ele>618.8</ele><time>2026-04-18T03:36:17.000Z</time></trkpt>
      <trkpt lat="35.738340" lon="127.962693"><ele>618.2</ele><time>2026-04-18T03:36:19.000Z</time></trkpt>
      <trkpt lat="35.738292" lon="127.962643"><ele>617.2</ele><time>2026-04-18T03:36:24.000Z</time></trkpt>
      <trkpt lat="35.738252" lon="127.962600"><ele>616.4</ele><time>2026-04-18T03:36:28.000Z</time></trkpt>
      <trkpt lat="35.738246" lon="127.962592"><ele>616.2</ele><time>2026-04-18T03:36:29.000Z</time></trkpt>
      <trkpt lat="35.738181" lon="127.962554"><ele>616.2</ele><time>2026-04-18T03:36:35.000Z</time></trkpt>
      <trkpt lat="35.738171" lon="127.962546"><ele>616.2</ele><time>2026-04-18T03:36:36.000Z</time></trkpt>
      <trkpt lat="35.738147" lon="127.962519"><ele>616.4</ele><time>2026-04-18T03:36:39.000Z</time></trkpt>
      <trkpt lat="35.738115" lon="127.962485"><ele>616.8</ele><time>2026-04-18T03:36:42.000Z</time></trkpt>
      <trkpt lat="35.738064" lon="127.962445"><ele>617.0</ele><time>2026-04-18T03:36:47.000Z</time></trkpt>
      <trkpt lat="35.738053" lon="127.962436"><ele>617.0</ele><time>2026-04-18T03:36:48.000Z</time></trkpt>
      <trkpt lat="35.738005" lon="127.962410"><ele>617.0</ele><time>2026-04-18T03:36:52.000Z</time></trkpt>
      <trkpt lat="35.737986" lon="127.962397"><ele>616.8</ele><time>2026-04-18T03:36:54.000Z</time></trkpt>
      <trkpt lat="35.737977" lon="127.962391"><ele>616.8</ele><time>2026-04-18T03:36:55.000Z</time></trkpt>
      <trkpt lat="35.737940" lon="127.962350"><ele>617.2</ele><time>2026-04-18T03:37:00.000Z</time></trkpt>
      <trkpt lat="35.737923" lon="127.962346"><ele>617.8</ele><time>2026-04-18T03:37:02.000Z</time></trkpt>
      <trkpt lat="35.737906" lon="127.962348"><ele>618.2</ele><time>2026-04-18T03:37:04.000Z</time></trkpt>
      <trkpt lat="35.737816" lon="127.962367"><ele>619.0</ele><time>2026-04-18T03:37:13.000Z</time></trkpt>
      <trkpt lat="35.737798" lon="127.962380"><ele>618.8</ele><time>2026-04-18T03:37:15.000Z</time></trkpt>
      <trkpt lat="35.737771" lon="127.962399"><ele>618.4</ele><time>2026-04-18T03:37:18.000Z</time></trkpt>
      <trkpt lat="35.737716" lon="127.962423"><ele>618.2</ele><time>2026-04-18T03:37:23.000Z</time></trkpt>
      <trkpt lat="35.737705" lon="127.962431"><ele>618.4</ele><time>2026-04-18T03:37:24.000Z</time></trkpt>
      <trkpt lat="35.737685" lon="127.962444"><ele>618.6</ele><time>2026-04-18T03:37:26.000Z</time></trkpt>
      <trkpt lat="35.737674" lon="127.962451"><ele>618.8</ele><time>2026-04-18T03:37:27.000Z</time></trkpt>
      <trkpt lat="35.737650" lon="127.962466"><ele>618.8</ele><time>2026-04-18T03:37:29.000Z</time></trkpt>
      <trkpt lat="35.737629" lon="127.962479"><ele>619.0</ele><time>2026-04-18T03:37:31.000Z</time></trkpt>
      <trkpt lat="35.737606" lon="127.962491"><ele>619.0</ele><time>2026-04-18T03:37:33.000Z</time></trkpt>
      <trkpt lat="35.737497" lon="127.962545"><ele>619.0</ele><time>2026-04-18T03:37:42.000Z</time></trkpt>
      <trkpt lat="35.737411" lon="127.962619"><ele>618.0</ele><time>2026-04-18T03:37:51.000Z</time></trkpt>
      <trkpt lat="35.737415" lon="127.962656"><ele>617.2</ele><time>2026-04-18T03:37:54.000Z</time></trkpt>
      <trkpt lat="35.737413" lon="127.962667"><ele>617.0</ele><time>2026-04-18T03:37:55.000Z</time></trkpt>
      <trkpt lat="35.737401" lon="127.962688"><ele>616.6</ele><time>2026-04-18T03:37:57.000Z</time></trkpt>
      <trkpt lat="35.737371" lon="127.962711"><ele>616.0</ele><time>2026-04-18T03:38:00.000Z</time></trkpt>
      <trkpt lat="35.737323" lon="127.962766"><ele>615.0</ele><time>2026-04-18T03:38:05.000Z</time></trkpt>
      <trkpt lat="35.737317" lon="127.962780"><ele>614.8</ele><time>2026-04-18T03:38:06.000Z</time></trkpt>
      <trkpt lat="35.737302" lon="127.962816"><ele>614.0</ele><time>2026-04-18T03:38:09.000Z</time></trkpt>
      <trkpt lat="35.737298" lon="127.962827"><ele>613.8</ele><time>2026-04-18T03:38:10.000Z</time></trkpt>
      <trkpt lat="35.737283" lon="127.962846"><ele>613.2</ele><time>2026-04-18T03:38:12.000Z</time></trkpt>
      <trkpt lat="35.737265" lon="127.962861"><ele>612.8</ele><time>2026-04-18T03:38:14.000Z</time></trkpt>
      <trkpt lat="35.737240" lon="127.962909"><ele>611.6</ele><time>2026-04-18T03:38:18.000Z</time></trkpt>
      <trkpt lat="35.737218" lon="127.962946"><ele>610.8</ele><time>2026-04-18T03:38:21.000Z</time></trkpt>
      <trkpt lat="35.737204" lon="127.962967"><ele>610.4</ele><time>2026-04-18T03:38:23.000Z</time></trkpt>
      <trkpt lat="35.737194" lon="127.962990"><ele>610.0</ele><time>2026-04-18T03:38:25.000Z</time></trkpt>
      <trkpt lat="35.737184" lon="127.963028"><ele>609.4</ele><time>2026-04-18T03:38:28.000Z</time></trkpt>
      <trkpt lat="35.737178" lon="127.963037"><ele>609.0</ele><time>2026-04-18T03:38:29.000Z</time></trkpt>
      <trkpt lat="35.737163" lon="127.963066"><ele>608.0</ele><time>2026-04-18T03:38:33.000Z</time></trkpt>
      <trkpt lat="35.737146" lon="127.963093"><ele>607.6</ele><time>2026-04-18T03:38:35.000Z</time></trkpt>
      <trkpt lat="35.737127" lon="127.963118"><ele>607.0</ele><time>2026-04-18T03:38:37.000Z</time></trkpt>
      <trkpt lat="35.737069" lon="127.963167"><ele>606.0</ele><time>2026-04-18T03:38:43.000Z</time></trkpt>
      <trkpt lat="35.737060" lon="127.963175"><ele>606.0</ele><time>2026-04-18T03:38:44.000Z</time></trkpt>
      <trkpt lat="35.737053" lon="127.963182"><ele>606.0</ele><time>2026-04-18T03:38:45.000Z</time></trkpt>
      <trkpt lat="35.737010" lon="127.963211"><ele>605.6</ele><time>2026-04-18T03:38:49.000Z</time></trkpt>
      <trkpt lat="35.736976" lon="127.963220"><ele>605.6</ele><time>2026-04-18T03:38:51.000Z</time></trkpt>
      <trkpt lat="35.736863" lon="127.963286"><ele>605.8</ele><time>2026-04-18T03:39:00.000Z</time></trkpt>
      <trkpt lat="35.736823" lon="127.963280"><ele>606.2</ele><time>2026-04-18T03:39:03.000Z</time></trkpt>
      <trkpt lat="35.736790" lon="127.963262"><ele>606.6</ele><time>2026-04-18T03:39:06.000Z</time></trkpt>
      <trkpt lat="35.736723" lon="127.963277"><ele>606.4</ele><time>2026-04-18T03:39:12.000Z</time></trkpt>
      <trkpt lat="35.736704" lon="127.963278"><ele>605.6</ele><time>2026-04-18T03:39:14.000Z</time></trkpt>
      <trkpt lat="35.736688" lon="127.963276"><ele>604.8</ele><time>2026-04-18T03:39:16.000Z</time></trkpt>
      <trkpt lat="35.736650" lon="127.963279"><ele>603.6</ele><time>2026-04-18T03:39:19.000Z</time></trkpt>
      <trkpt lat="35.736625" lon="127.963281"><ele>603.2</ele><time>2026-04-18T03:39:21.000Z</time></trkpt>
      <trkpt lat="35.736597" lon="127.963280"><ele>602.6</ele><time>2026-04-18T03:39:23.000Z</time></trkpt>
      <trkpt lat="35.736517" lon="127.963274"><ele>601.6</ele><time>2026-04-18T03:39:29.000Z</time></trkpt>
      <trkpt lat="35.736504" lon="127.963276"><ele>601.4</ele><time>2026-04-18T03:39:30.000Z</time></trkpt>
      <trkpt lat="35.736416" lon="127.963269"><ele>601.2</ele><time>2026-04-18T03:39:37.000Z</time></trkpt>
      <trkpt lat="35.736392" lon="127.963268"><ele>601.2</ele><time>2026-04-18T03:39:39.000Z</time></trkpt>
      <trkpt lat="35.736276" lon="127.963279"><ele>601.2</ele><time>2026-04-18T03:39:48.000Z</time></trkpt>
      <trkpt lat="35.736240" lon="127.963275"><ele>601.0</ele><time>2026-04-18T03:39:51.000Z</time></trkpt>
      <trkpt lat="35.736182" lon="127.963277"><ele>601.0</ele><time>2026-04-18T03:39:56.000Z</time></trkpt>
      <trkpt lat="35.736167" lon="127.963273"><ele>601.0</ele><time>2026-04-18T03:39:57.000Z</time></trkpt>
      <trkpt lat="35.736143" lon="127.963266"><ele>601.0</ele><time>2026-04-18T03:39:59.000Z</time></trkpt>
      <trkpt lat="35.736116" lon="127.963263"><ele>601.0</ele><time>2026-04-18T03:40:01.000Z</time></trkpt>
      <trkpt lat="35.736103" lon="127.963254"><ele>601.2</ele><time>2026-04-18T03:40:02.000Z</time></trkpt>
      <trkpt lat="35.736071" lon="127.963236"><ele>601.4</ele><time>2026-04-18T03:40:05.000Z</time></trkpt>
      <trkpt lat="35.736032" lon="127.963250"><ele>601.6</ele><time>2026-04-18T03:40:09.000Z</time></trkpt>
      <trkpt lat="35.735997" lon="127.963289"><ele>602.6</ele><time>2026-04-18T03:40:15.000Z</time></trkpt>
      <trkpt lat="35.735991" lon="127.963309"><ele>603.4</ele><time>2026-04-18T03:40:18.000Z</time></trkpt>
      <trkpt lat="35.735987" lon="127.963325"><ele>603.8</ele><time>2026-04-18T03:40:20.000Z</time></trkpt>
      <trkpt lat="35.735977" lon="127.963347"><ele>604.4</ele><time>2026-04-18T03:40:23.000Z</time></trkpt>
      <trkpt lat="35.735970" lon="127.963359"><ele>604.8</ele><time>2026-04-18T03:40:25.000Z</time></trkpt>
      <trkpt lat="35.735945" lon="127.963398"><ele>605.8</ele><time>2026-04-18T03:40:31.000Z</time></trkpt>
      <trkpt lat="35.735940" lon="127.963401"><ele>606.0</ele><time>2026-04-18T03:40:32.000Z</time></trkpt>
      <trkpt lat="35.735916" lon="127.963442"><ele>607.0</ele><time>2026-04-18T03:40:38.000Z</time></trkpt>
      <trkpt lat="35.735906" lon="127.963465"><ele>607.6</ele><time>2026-04-18T03:40:41.000Z</time></trkpt>
      <trkpt lat="35.735894" lon="127.963473"><ele>608.2</ele><time>2026-04-18T03:40:44.000Z</time></trkpt>
      <trkpt lat="35.735861" lon="127.963505"><ele>609.4</ele><time>2026-04-18T03:40:50.000Z</time></trkpt>
      <trkpt lat="35.735856" lon="127.963506"><ele>609.6</ele><time>2026-04-18T03:40:51.000Z</time></trkpt>
      <trkpt lat="35.735831" lon="127.963536"><ele>610.4</ele><time>2026-04-18T03:40:56.000Z</time></trkpt>
      <trkpt lat="35.735783" lon="127.963556"><ele>611.4</ele><time>2026-04-18T03:41:03.000Z</time></trkpt>
      <trkpt lat="35.735680" lon="127.963568"><ele>611.4</ele><time>2026-04-18T03:41:15.000Z</time></trkpt>
      <trkpt lat="35.735669" lon="127.963568"><ele>611.6</ele><time>2026-04-18T03:41:16.000Z</time></trkpt>
      <trkpt lat="35.735610" lon="127.963595"><ele>612.6</ele><time>2026-04-18T03:41:24.000Z</time></trkpt>
      <trkpt lat="35.735589" lon="127.963616"><ele>613.6</ele><time>2026-04-18T03:41:28.000Z</time></trkpt>
      <trkpt lat="35.735581" lon="127.963619"><ele>613.8</ele><time>2026-04-18T03:41:29.000Z</time></trkpt>
      <trkpt lat="35.735526" lon="127.963609"><ele>615.0</ele><time>2026-04-18T03:41:36.000Z</time></trkpt>
      <trkpt lat="35.735494" lon="127.963619"><ele>616.0</ele><time>2026-04-18T03:41:41.000Z</time></trkpt>
      <trkpt lat="35.735486" lon="127.963622"><ele>616.2</ele><time>2026-04-18T03:41:42.000Z</time></trkpt>
      <trkpt lat="35.735438" lon="127.963619"><ele>617.2</ele><time>2026-04-18T03:41:49.000Z</time></trkpt>
      <trkpt lat="35.735427" lon="127.963609"><ele>617.6</ele><time>2026-04-18T03:41:51.000Z</time></trkpt>
      <trkpt lat="35.735409" lon="127.963592"><ele>618.4</ele><time>2026-04-18T03:41:55.000Z</time></trkpt>
      <trkpt lat="35.735377" lon="127.963585"><ele>619.2</ele><time>2026-04-18T03:42:00.000Z</time></trkpt>
      <trkpt lat="35.735372" lon="127.963582"><ele>619.4</ele><time>2026-04-18T03:42:01.000Z</time></trkpt>
      <trkpt lat="35.735330" lon="127.963547"><ele>620.6</ele><time>2026-04-18T03:42:08.000Z</time></trkpt>
      <trkpt lat="35.735304" lon="127.963528"><ele>621.0</ele><time>2026-04-18T03:42:11.000Z</time></trkpt>
      <trkpt lat="35.735219" lon="127.963478"><ele>621.0</ele><time>2026-04-18T03:42:19.000Z</time></trkpt>
      <trkpt lat="35.735196" lon="127.963480"><ele>621.0</ele><time>2026-04-18T03:42:21.000Z</time></trkpt>
      <trkpt lat="35.735142" lon="127.963468"><ele>621.2</ele><time>2026-04-18T03:42:26.000Z</time></trkpt>
      <trkpt lat="35.735122" lon="127.963474"><ele>621.2</ele><time>2026-04-18T03:42:28.000Z</time></trkpt>
      <trkpt lat="35.735068" lon="127.963470"><ele>621.0</ele><time>2026-04-18T03:42:34.000Z</time></trkpt>
      <trkpt lat="35.735043" lon="127.963462"><ele>620.4</ele><time>2026-04-18T03:42:37.000Z</time></trkpt>
      <trkpt lat="35.734998" lon="127.963463"><ele>619.8</ele><time>2026-04-18T03:42:41.000Z</time></trkpt>
      <trkpt lat="35.734951" lon="127.963427"><ele>619.6</ele><time>2026-04-18T03:42:46.000Z</time></trkpt>
      <trkpt lat="35.734924" lon="127.963417"><ele>619.6</ele><time>2026-04-18T03:42:48.000Z</time></trkpt>
      <trkpt lat="35.734859" lon="127.963415"><ele>619.6</ele><time>2026-04-18T03:42:53.000Z</time></trkpt>
      <trkpt lat="35.734785" lon="127.963431"><ele>620.2</ele><time>2026-04-18T03:43:00.000Z</time></trkpt>
      <trkpt lat="35.734740" lon="127.963424"><ele>620.4</ele><time>2026-04-18T03:43:04.000Z</time></trkpt>
      <trkpt lat="35.734709" lon="127.963425"><ele>620.4</ele><time>2026-04-18T03:43:07.000Z</time></trkpt>
      <trkpt lat="35.734667" lon="127.963428"><ele>620.8</ele><time>2026-04-18T03:43:12.000Z</time></trkpt>
      <trkpt lat="35.734642" lon="127.963422"><ele>621.2</ele><time>2026-04-18T03:43:14.000Z</time></trkpt>
      <trkpt lat="35.734597" lon="127.963405"><ele>621.8</ele><time>2026-04-18T03:43:19.000Z</time></trkpt>
      <trkpt lat="35.734559" lon="127.963388"><ele>622.0</ele><time>2026-04-18T03:43:23.000Z</time></trkpt>
      <trkpt lat="35.734504" lon="127.963366"><ele>623.0</ele><time>2026-04-18T03:43:29.000Z</time></trkpt>
      <trkpt lat="35.734484" lon="127.963355"><ele>623.8</ele><time>2026-04-18T03:43:32.000Z</time></trkpt>
      <trkpt lat="35.734470" lon="127.963350"><ele>624.2</ele><time>2026-04-18T03:43:34.000Z</time></trkpt>
      <trkpt lat="35.734445" lon="127.963349"><ele>625.2</ele><time>2026-04-18T03:43:39.000Z</time></trkpt>
      <trkpt lat="35.734428" lon="127.963355"><ele>626.0</ele><time>2026-04-18T03:43:43.000Z</time></trkpt>
      <trkpt lat="35.734419" lon="127.963349"><ele>626.4</ele><time>2026-04-18T03:43:46.000Z</time></trkpt>
      <trkpt lat="35.734397" lon="127.963302"><ele>627.4</ele><time>2026-04-18T03:43:53.000Z</time></trkpt>
      <trkpt lat="35.734365" lon="127.963276"><ele>628.6</ele><time>2026-04-18T03:43:59.000Z</time></trkpt>
      <trkpt lat="35.734340" lon="127.963247"><ele>629.6</ele><time>2026-04-18T03:44:04.000Z</time></trkpt>
      <trkpt lat="35.734336" lon="127.963240"><ele>629.8</ele><time>2026-04-18T03:44:05.000Z</time></trkpt>
      <trkpt lat="35.734331" lon="127.963207"><ele>630.4</ele><time>2026-04-18T03:44:09.000Z</time></trkpt>
      <trkpt lat="35.734325" lon="127.963194"><ele>630.6</ele><time>2026-04-18T03:44:11.000Z</time></trkpt>
      <trkpt lat="35.734306" lon="127.963149"><ele>631.8</ele><time>2026-04-18T03:44:17.000Z</time></trkpt>
      <trkpt lat="35.734268" lon="127.963115"><ele>633.0</ele><time>2026-04-18T03:44:24.000Z</time></trkpt>
      <trkpt lat="35.734259" lon="127.963101"><ele>633.4</ele><time>2026-04-18T03:44:26.000Z</time></trkpt>
      <trkpt lat="35.734241" lon="127.963075"><ele>634.2</ele><time>2026-04-18T03:44:30.000Z</time></trkpt>
      <trkpt lat="35.734203" lon="127.963018"><ele>635.4</ele><time>2026-04-18T03:44:37.000Z</time></trkpt>
      <trkpt lat="35.734190" lon="127.963006"><ele>635.6</ele><time>2026-04-18T03:44:39.000Z</time></trkpt>
      <trkpt lat="35.734145" lon="127.962953"><ele>636.4</ele><time>2026-04-18T03:44:47.000Z</time></trkpt>
      <trkpt lat="35.734118" lon="127.962924"><ele>637.2</ele><time>2026-04-18T03:44:52.000Z</time></trkpt>
      <trkpt lat="35.734106" lon="127.962916"><ele>637.4</ele><time>2026-04-18T03:44:54.000Z</time></trkpt>
      <trkpt lat="35.734059" lon="127.962814"><ele>638.2</ele><time>2026-04-18T03:45:03.000Z</time></trkpt>
      <trkpt lat="35.734049" lon="127.962797"><ele>638.4</ele><time>2026-04-18T03:45:05.000Z</time></trkpt>
      <trkpt lat="35.734024" lon="127.962766"><ele>639.6</ele><time>2026-04-18T03:45:10.000Z</time></trkpt>
      <trkpt lat="35.734016" lon="127.962734"><ele>640.0</ele><time>2026-04-18T03:45:14.000Z</time></trkpt>
      <trkpt lat="35.733994" lon="127.962711"><ele>640.6</ele><time>2026-04-18T03:45:17.000Z</time></trkpt>
      <trkpt lat="35.733963" lon="127.962690"><ele>641.8</ele><time>2026-04-18T03:45:22.000Z</time></trkpt>
      <trkpt lat="35.733945" lon="127.962663"><ele>642.4</ele><time>2026-04-18T03:45:26.000Z</time></trkpt>
      <trkpt lat="35.733932" lon="127.962654"><ele>642.8</ele><time>2026-04-18T03:45:28.000Z</time></trkpt>
      <trkpt lat="35.733866" lon="127.962633"><ele>643.0</ele><time>2026-04-18T03:45:37.000Z</time></trkpt>
      <trkpt lat="35.733798" lon="127.962625"><ele>643.8</ele><time>2026-04-18T03:45:45.000Z</time></trkpt>
      <trkpt lat="35.733765" lon="127.962610"><ele>644.2</ele><time>2026-04-18T03:45:48.000Z</time></trkpt>
      <trkpt lat="35.733749" lon="127.962590"><ele>644.2</ele><time>2026-04-18T03:45:50.000Z</time></trkpt>
      <trkpt lat="35.733716" lon="127.962580"><ele>643.8</ele><time>2026-04-18T03:45:54.000Z</time></trkpt>
      <trkpt lat="35.733658" lon="127.962570"><ele>644.0</ele><time>2026-04-18T03:46:01.000Z</time></trkpt>
      <trkpt lat="35.733600" lon="127.962535"><ele>644.8</ele><time>2026-04-18T03:46:08.000Z</time></trkpt>
      <trkpt lat="35.733548" lon="127.962509"><ele>645.8</ele><time>2026-04-18T03:46:14.000Z</time></trkpt>
      <trkpt lat="35.733457" lon="127.962436"><ele>646.8</ele><time>2026-04-18T03:46:25.000Z</time></trkpt>
      <trkpt lat="35.733412" lon="127.962395"><ele>646.8</ele><time>2026-04-18T03:46:30.000Z</time></trkpt>
      <trkpt lat="35.733390" lon="127.962403"><ele>646.8</ele><time>2026-04-18T03:46:33.000Z</time></trkpt>
      <trkpt lat="35.733374" lon="127.962404"><ele>647.0</ele><time>2026-04-18T03:46:35.000Z</time></trkpt>
      <trkpt lat="35.733315" lon="127.962417"><ele>647.6</ele><time>2026-04-18T03:46:42.000Z</time></trkpt>
      <trkpt lat="35.733290" lon="127.962411"><ele>648.2</ele><time>2026-04-18T03:46:45.000Z</time></trkpt>
      <trkpt lat="35.733251" lon="127.962409"><ele>649.2</ele><time>2026-04-18T03:46:50.000Z</time></trkpt>
      <trkpt lat="35.733225" lon="127.962411"><ele>649.8</ele><time>2026-04-18T03:46:53.000Z</time></trkpt>
      <trkpt lat="35.733200" lon="127.962409"><ele>650.2</ele><time>2026-04-18T03:46:56.000Z</time></trkpt>
      <trkpt lat="35.733151" lon="127.962379"><ele>651.4</ele><time>2026-04-18T03:47:03.000Z</time></trkpt>
      <trkpt lat="35.733146" lon="127.962375"><ele>651.6</ele><time>2026-04-18T03:47:04.000Z</time></trkpt>
      <trkpt lat="35.733128" lon="127.962378"><ele>652.4</ele><time>2026-04-18T03:47:08.000Z</time></trkpt>
      <trkpt lat="35.733127" lon="127.962395"><ele>653.2</ele><time>2026-04-18T03:47:12.000Z</time></trkpt>
      <trkpt lat="35.733114" lon="127.962395"><ele>653.6</ele><time>2026-04-18T03:47:14.000Z</time></trkpt>
      <trkpt lat="35.733093" lon="127.962389"><ele>654.4</ele><time>2026-04-18T03:47:19.000Z</time></trkpt>
      <trkpt lat="35.733088" lon="127.962384"><ele>654.6</ele><time>2026-04-18T03:47:20.000Z</time></trkpt>
      <trkpt lat="35.733079" lon="127.962382"><ele>655.2</ele><time>2026-04-18T03:47:24.000Z</time></trkpt>
      <trkpt lat="35.733078" lon="127.962384"><ele>655.6</ele><time>2026-04-18T03:47:27.000Z</time></trkpt>
      <trkpt lat="35.733061" lon="127.962390"><ele>656.6</ele><time>2026-04-18T03:47:34.000Z</time></trkpt>
      <trkpt lat="35.733054" lon="127.962393"><ele>656.8</ele><time>2026-04-18T03:47:35.000Z</time></trkpt>
      <trkpt lat="35.733034" lon="127.962395"><ele>657.8</ele><time>2026-04-18T03:47:42.000Z</time></trkpt>
      <trkpt lat="35.733020" lon="127.962400"><ele>658.6</ele><time>2026-04-18T03:47:48.000Z</time></trkpt>
      <trkpt lat="35.733011" lon="127.962399"><ele>658.8</ele><time>2026-04-18T03:47:50.000Z</time></trkpt>
      <trkpt lat="35.732986" lon="127.962410"><ele>660.0</ele><time>2026-04-18T03:47:57.000Z</time></trkpt>
      <trkpt lat="35.732981" lon="127.962414"><ele>660.4</ele><time>2026-04-18T03:48:00.000Z</time></trkpt>
      <trkpt lat="35.732965" lon="127.962420"><ele>661.2</ele><time>2026-04-18T03:48:05.000Z</time></trkpt>
      <trkpt lat="35.732965" lon="127.962438"><ele>662.0</ele><time>2026-04-18T03:48:09.000Z</time></trkpt>
      <trkpt lat="35.732962" lon="127.962444"><ele>662.4</ele><time>2026-04-18T03:48:11.000Z</time></trkpt>
      <trkpt lat="35.732949" lon="127.962425"><ele>663.2</ele><time>2026-04-18T03:48:18.000Z</time></trkpt>
      <trkpt lat="35.732947" lon="127.962419"><ele>663.4</ele><time>2026-04-18T03:48:19.000Z</time></trkpt>
      <trkpt lat="35.732907" lon="127.962450"><ele>664.4</ele><time>2026-04-18T03:48:29.000Z</time></trkpt>
      <trkpt lat="35.732903" lon="127.962454"><ele>664.6</ele><time>2026-04-18T03:48:30.000Z</time></trkpt>
      <trkpt lat="35.732883" lon="127.962459"><ele>665.4</ele><time>2026-04-18T03:48:37.000Z</time></trkpt>
      <trkpt lat="35.732883" lon="127.962430"><ele>666.2</ele><time>2026-04-18T03:48:41.000Z</time></trkpt>
      <trkpt lat="35.732882" lon="127.962425"><ele>666.4</ele><time>2026-04-18T03:48:42.000Z</time></trkpt>
      <trkpt lat="35.732868" lon="127.962378"><ele>667.6</ele><time>2026-04-18T03:48:48.000Z</time></trkpt>
      <trkpt lat="35.732854" lon="127.962362"><ele>668.4</ele><time>2026-04-18T03:48:54.000Z</time></trkpt>
      <trkpt lat="35.732852" lon="127.962358"><ele>668.8</ele><time>2026-04-18T03:48:56.000Z</time></trkpt>
      <trkpt lat="35.732835" lon="127.962337"><ele>669.8</ele><time>2026-04-18T03:49:03.000Z</time></trkpt>
      <trkpt lat="35.732816" lon="127.962331"><ele>670.6</ele><time>2026-04-18T03:49:10.000Z</time></trkpt>
      <trkpt lat="35.732819" lon="127.962343"><ele>670.8</ele><time>2026-04-18T03:49:16.000Z</time></trkpt>
      <trkpt lat="35.732828" lon="127.962321"><ele>670.8</ele><time>2026-04-18T03:49:27.000Z</time></trkpt>
      <trkpt lat="35.732846" lon="127.962332"><ele>670.8</ele><time>2026-04-18T03:49:39.000Z</time></trkpt>
      <trkpt lat="35.732839" lon="127.962353"><ele>670.4</ele><time>2026-04-18T03:49:48.000Z</time></trkpt>
      <trkpt lat="35.732841" lon="127.962354"><ele>670.4</ele><time>2026-04-18T03:49:53.000Z</time></trkpt>
      <trkpt lat="35.732835" lon="127.962338"><ele>670.4</ele><time>2026-04-18T03:49:58.000Z</time></trkpt>
      <trkpt lat="35.732834" lon="127.962317"><ele>670.4</ele><time>2026-04-18T03:50:03.000Z</time></trkpt>
      <trkpt lat="35.732835" lon="127.962312"><ele>670.4</ele><time>2026-04-18T03:50:05.000Z</time></trkpt>
      <trkpt lat="35.732833" lon="127.962314"><ele>670.4</ele><time>2026-04-18T03:50:08.000Z</time></trkpt>
      <trkpt lat="35.732833" lon="127.962314"><ele>670.4</ele><time>2026-04-18T03:50:09.000Z</time></trkpt>
      <trkpt lat="35.732822" lon="127.962309"><ele>670.4</ele><time>2026-04-18T03:50:18.000Z</time></trkpt>
      <trkpt lat="35.732821" lon="127.962319"><ele>670.4</ele><time>2026-04-18T03:50:26.000Z</time></trkpt>
      <trkpt lat="35.732838" lon="127.962312"><ele>670.6</ele><time>2026-04-18T03:50:33.000Z</time></trkpt>
      <trkpt lat="35.732841" lon="127.962310"><ele>670.6</ele><time>2026-04-18T03:50:35.000Z</time></trkpt>
      <trkpt lat="35.732840" lon="127.962302"><ele>670.6</ele><time>2026-04-18T03:50:39.000Z</time></trkpt>
      <trkpt lat="35.732834" lon="127.962298"><ele>670.4</ele><time>2026-04-18T03:50:45.000Z</time></trkpt>
      <trkpt lat="35.732809" lon="127.962318"><ele>670.8</ele><time>2026-04-18T03:50:57.000Z</time></trkpt>
      <trkpt lat="35.732807" lon="127.962253"><ele>670.4</ele><time>2026-04-18T03:51:10.000Z</time></trkpt>
      <trkpt lat="35.732808" lon="127.962243"><ele>670.4</ele><time>2026-04-18T03:51:11.000Z</time></trkpt>
      <trkpt lat="35.732778" lon="127.962174"><ele>670.0</ele><time>2026-04-18T03:51:23.000Z</time></trkpt>
      <trkpt lat="35.732771" lon="127.962136"><ele>669.8</ele><time>2026-04-18T03:51:27.000Z</time></trkpt>
      <trkpt lat="35.732775" lon="127.962097"><ele>669.8</ele><time>2026-04-18T03:51:30.000Z</time></trkpt>
      <trkpt lat="35.732779" lon="127.962075"><ele>670.2</ele><time>2026-04-18T03:51:32.000Z</time></trkpt>
      <trkpt lat="35.732777" lon="127.962055"><ele>670.2</ele><time>2026-04-18T03:51:34.000Z</time></trkpt>
      <trkpt lat="35.732749" lon="127.961982"><ele>670.4</ele><time>2026-04-18T03:51:41.000Z</time></trkpt>
      <trkpt lat="35.732728" lon="127.961954"><ele>670.0</ele><time>2026-04-18T03:51:44.000Z</time></trkpt>
      <trkpt lat="35.732694" lon="127.961917"><ele>669.6</ele><time>2026-04-18T03:51:48.000Z</time></trkpt>
      <trkpt lat="35.732667" lon="127.961850"><ele>669.0</ele><time>2026-04-18T03:51:54.000Z</time></trkpt>
      <trkpt lat="35.732662" lon="127.961841"><ele>668.8</ele><time>2026-04-18T03:51:55.000Z</time></trkpt>
      <trkpt lat="35.732643" lon="127.961785"><ele>667.8</ele><time>2026-04-18T03:52:01.000Z</time></trkpt>
      <trkpt lat="35.732644" lon="127.961784"><ele>667.6</ele><time>2026-04-18T03:52:02.000Z</time></trkpt>
      <trkpt lat="35.732639" lon="127.961757"><ele>667.6</ele><time>2026-04-18T03:52:06.000Z</time></trkpt>
      <trkpt lat="35.732607" lon="127.961667"><ele>666.6</ele><time>2026-04-18T03:52:17.000Z</time></trkpt>
      <trkpt lat="35.732578" lon="127.961646"><ele>665.4</ele><time>2026-04-18T03:52:21.000Z</time></trkpt>
      <trkpt lat="35.732552" lon="127.961581"><ele>664.0</ele><time>2026-04-18T03:52:27.000Z</time></trkpt>
      <trkpt lat="35.732547" lon="127.961573"><ele>664.0</ele><time>2026-04-18T03:52:28.000Z</time></trkpt>
      <trkpt lat="35.732522" lon="127.961494"><ele>663.0</ele><time>2026-04-18T03:52:34.000Z</time></trkpt>
      <trkpt lat="35.732504" lon="127.961392"><ele>663.0</ele><time>2026-04-18T03:52:42.000Z</time></trkpt>
      <trkpt lat="35.732502" lon="127.961380"><ele>662.8</ele><time>2026-04-18T03:52:43.000Z</time></trkpt>
      <trkpt lat="35.732481" lon="127.961321"><ele>662.0</ele><time>2026-04-18T03:52:49.000Z</time></trkpt>
      <trkpt lat="35.732450" lon="127.961236"><ele>661.6</ele><time>2026-04-18T03:52:56.000Z</time></trkpt>
      <trkpt lat="35.732432" lon="127.961139"><ele>661.8</ele><time>2026-04-18T03:53:03.000Z</time></trkpt>
      <trkpt lat="35.732404" lon="127.961028"><ele>661.4</ele><time>2026-04-18T03:53:11.000Z</time></trkpt>
      <trkpt lat="35.732396" lon="127.960944"><ele>661.0</ele><time>2026-04-18T03:53:17.000Z</time></trkpt>
      <trkpt lat="35.732411" lon="127.960896"><ele>660.0</ele><time>2026-04-18T03:53:20.000Z</time></trkpt>
      <trkpt lat="35.732418" lon="127.960886"><ele>659.6</ele><time>2026-04-18T03:53:21.000Z</time></trkpt>
      <trkpt lat="35.732425" lon="127.960869"><ele>659.2</ele><time>2026-04-18T03:53:23.000Z</time></trkpt>
      <trkpt lat="35.732427" lon="127.960845"><ele>658.8</ele><time>2026-04-18T03:53:25.000Z</time></trkpt>
      <trkpt lat="35.732428" lon="127.960831"><ele>658.8</ele><time>2026-04-18T03:53:26.000Z</time></trkpt>
      <trkpt lat="35.732432" lon="127.960817"><ele>658.6</ele><time>2026-04-18T03:53:27.000Z</time></trkpt>
      <trkpt lat="35.732433" lon="127.960801"><ele>658.2</ele><time>2026-04-18T03:53:28.000Z</time></trkpt>
      <trkpt lat="35.732439" lon="127.960773"><ele>657.8</ele><time>2026-04-18T03:53:30.000Z</time></trkpt>
      <trkpt lat="35.732446" lon="127.960757"><ele>657.6</ele><time>2026-04-18T03:53:31.000Z</time></trkpt>
      <trkpt lat="35.732451" lon="127.960743"><ele>657.6</ele><time>2026-04-18T03:53:32.000Z</time></trkpt>
      <trkpt lat="35.732468" lon="127.960689"><ele>657.2</ele><time>2026-04-18T03:53:36.000Z</time></trkpt>
      <trkpt lat="35.732492" lon="127.960651"><ele>656.8</ele><time>2026-04-18T03:53:40.000Z</time></trkpt>
      <trkpt lat="35.732496" lon="127.960637"><ele>656.6</ele><time>2026-04-18T03:53:41.000Z</time></trkpt>
      <trkpt lat="35.732503" lon="127.960588"><ele>656.0</ele><time>2026-04-18T03:53:45.000Z</time></trkpt>
      <trkpt lat="35.732499" lon="127.960532"><ele>655.6</ele><time>2026-04-18T03:53:49.000Z</time></trkpt>
      <trkpt lat="35.732498" lon="127.960515"><ele>655.4</ele><time>2026-04-18T03:53:50.000Z</time></trkpt>
      <trkpt lat="35.732500" lon="127.960463"><ele>655.0</ele><time>2026-04-18T03:53:53.000Z</time></trkpt>
      <trkpt lat="35.732505" lon="127.960430"><ele>654.8</ele><time>2026-04-18T03:53:55.000Z</time></trkpt>
      <trkpt lat="35.732514" lon="127.960388"><ele>654.8</ele><time>2026-04-18T03:53:58.000Z</time></trkpt>
      <trkpt lat="35.732508" lon="127.960375"><ele>655.2</ele><time>2026-04-18T03:54:02.000Z</time></trkpt>
      <trkpt lat="35.732469" lon="127.960352"><ele>656.6</ele><time>2026-04-18T03:54:08.000Z</time></trkpt>
      <trkpt lat="35.732430" lon="127.960334"><ele>657.2</ele><time>2026-04-18T03:54:12.000Z</time></trkpt>
      <trkpt lat="35.732422" lon="127.960325"><ele>657.2</ele><time>2026-04-18T03:54:13.000Z</time></trkpt>
      <trkpt lat="35.732412" lon="127.960304"><ele>657.2</ele><time>2026-04-18T03:54:15.000Z</time></trkpt>
      <trkpt lat="35.732399" lon="127.960261"><ele>657.2</ele><time>2026-04-18T03:54:18.000Z</time></trkpt>
      <trkpt lat="35.732392" lon="127.960249"><ele>657.4</ele><time>2026-04-18T03:54:19.000Z</time></trkpt>
      <trkpt lat="35.732383" lon="127.960240"><ele>657.4</ele><time>2026-04-18T03:54:20.000Z</time></trkpt>
      <trkpt lat="35.732364" lon="127.960226"><ele>657.6</ele><time>2026-04-18T03:54:22.000Z</time></trkpt>
      <trkpt lat="35.732299" lon="127.960189"><ele>658.0</ele><time>2026-04-18T03:54:29.000Z</time></trkpt>
      <trkpt lat="35.732223" lon="127.960153"><ele>656.6</ele><time>2026-04-18T03:54:36.000Z</time></trkpt>
      <trkpt lat="35.732213" lon="127.960150"><ele>656.4</ele><time>2026-04-18T03:54:37.000Z</time></trkpt>
      <trkpt lat="35.732165" lon="127.960107"><ele>655.6</ele><time>2026-04-18T03:54:43.000Z</time></trkpt>
      <trkpt lat="35.732108" lon="127.960041"><ele>655.6</ele><time>2026-04-18T03:54:50.000Z</time></trkpt>
      <trkpt lat="35.732070" lon="127.960024"><ele>655.4</ele><time>2026-04-18T03:54:53.000Z</time></trkpt>
      <trkpt lat="35.732054" lon="127.960019"><ele>655.2</ele><time>2026-04-18T03:54:54.000Z</time></trkpt>
      <trkpt lat="35.732017" lon="127.960001"><ele>655.0</ele><time>2026-04-18T03:54:57.000Z</time></trkpt>
      <trkpt lat="35.731995" lon="127.959986"><ele>655.0</ele><time>2026-04-18T03:54:59.000Z</time></trkpt>
      <trkpt lat="35.731938" lon="127.959917"><ele>655.4</ele><time>2026-04-18T03:55:08.000Z</time></trkpt>
      <trkpt lat="35.731865" lon="127.959783"><ele>655.6</ele><time>2026-04-18T03:55:18.000Z</time></trkpt>
      <trkpt lat="35.731831" lon="127.959763"><ele>655.2</ele><time>2026-04-18T03:55:21.000Z</time></trkpt>
      <trkpt lat="35.731811" lon="127.959734"><ele>654.8</ele><time>2026-04-18T03:55:24.000Z</time></trkpt>
      <trkpt lat="35.731803" lon="127.959729"><ele>654.8</ele><time>2026-04-18T03:55:25.000Z</time></trkpt>
      <trkpt lat="35.731770" lon="127.959724"><ele>654.2</ele><time>2026-04-18T03:55:28.000Z</time></trkpt>
      <trkpt lat="35.731761" lon="127.959719"><ele>653.8</ele><time>2026-04-18T03:55:29.000Z</time></trkpt>
      <trkpt lat="35.731733" lon="127.959700"><ele>653.0</ele><time>2026-04-18T03:55:32.000Z</time></trkpt>
      <trkpt lat="35.731704" lon="127.959672"><ele>652.0</ele><time>2026-04-18T03:55:36.000Z</time></trkpt>
      <trkpt lat="35.731693" lon="127.959643"><ele>651.4</ele><time>2026-04-18T03:55:38.000Z</time></trkpt>
      <trkpt lat="35.731686" lon="127.959631"><ele>651.2</ele><time>2026-04-18T03:55:39.000Z</time></trkpt>
      <trkpt lat="35.731669" lon="127.959608"><ele>650.6</ele><time>2026-04-18T03:55:41.000Z</time></trkpt>
      <trkpt lat="35.731633" lon="127.959587"><ele>649.8</ele><time>2026-04-18T03:55:45.000Z</time></trkpt>
      <trkpt lat="35.731627" lon="127.959581"><ele>649.6</ele><time>2026-04-18T03:55:46.000Z</time></trkpt>
      <trkpt lat="35.731578" lon="127.959560"><ele>648.6</ele><time>2026-04-18T03:55:52.000Z</time></trkpt>
      <trkpt lat="35.731517" lon="127.959525"><ele>649.8</ele><time>2026-04-18T03:56:02.000Z</time></trkpt>
      <trkpt lat="35.731427" lon="127.959447"><ele>650.8</ele><time>2026-04-18T03:56:13.000Z</time></trkpt>
      <trkpt lat="35.731425" lon="127.959437"><ele>650.8</ele><time>2026-04-18T03:56:14.000Z</time></trkpt>
      <trkpt lat="35.731421" lon="127.959414"><ele>651.4</ele><time>2026-04-18T03:56:17.000Z</time></trkpt>
      <trkpt lat="35.731421" lon="127.959392"><ele>651.8</ele><time>2026-04-18T03:56:19.000Z</time></trkpt>
      <trkpt lat="35.731405" lon="127.959371"><ele>652.6</ele><time>2026-04-18T03:56:22.000Z</time></trkpt>
      <trkpt lat="35.731394" lon="127.959352"><ele>653.0</ele><time>2026-04-18T03:56:24.000Z</time></trkpt>
      <trkpt lat="35.731361" lon="127.959305"><ele>654.2</ele><time>2026-04-18T03:56:30.000Z</time></trkpt>
      <trkpt lat="35.731341" lon="127.959261"><ele>654.6</ele><time>2026-04-18T03:56:34.000Z</time></trkpt>
      <trkpt lat="35.731319" lon="127.959205"><ele>654.6</ele><time>2026-04-18T03:56:39.000Z</time></trkpt>
      <trkpt lat="35.731303" lon="127.959175"><ele>654.8</ele><time>2026-04-18T03:56:42.000Z</time></trkpt>
      <trkpt lat="35.731266" lon="127.959126"><ele>655.2</ele><time>2026-04-18T03:56:48.000Z</time></trkpt>
      <trkpt lat="35.731249" lon="127.959077"><ele>655.6</ele><time>2026-04-18T03:56:52.000Z</time></trkpt>
      <trkpt lat="35.731213" lon="127.958989"><ele>656.4</ele><time>2026-04-18T03:57:00.000Z</time></trkpt>
      <trkpt lat="35.731200" lon="127.958956"><ele>656.8</ele><time>2026-04-18T03:57:03.000Z</time></trkpt>
      <trkpt lat="35.731166" lon="127.958932"><ele>657.4</ele><time>2026-04-18T03:57:07.000Z</time></trkpt>
      <trkpt lat="35.731137" lon="127.958902"><ele>658.2</ele><time>2026-04-18T03:57:11.000Z</time></trkpt>
      <trkpt lat="35.731120" lon="127.958891"><ele>658.4</ele><time>2026-04-18T03:57:13.000Z</time></trkpt>
      <trkpt lat="35.731084" lon="127.958862"><ele>659.6</ele><time>2026-04-18T03:57:19.000Z</time></trkpt>
      <trkpt lat="35.731061" lon="127.958843"><ele>660.2</ele><time>2026-04-18T03:57:22.000Z</time></trkpt>
      <trkpt lat="35.731042" lon="127.958829"><ele>660.6</ele><time>2026-04-18T03:57:25.000Z</time></trkpt>
      <trkpt lat="35.730961" lon="127.958731"><ele>661.8</ele><time>2026-04-18T03:57:36.000Z</time></trkpt>
      <trkpt lat="35.730952" lon="127.958723"><ele>661.8</ele><time>2026-04-18T03:57:37.000Z</time></trkpt>
      <trkpt lat="35.730935" lon="127.958708"><ele>661.8</ele><time>2026-04-18T03:57:39.000Z</time></trkpt>
      <trkpt lat="35.730905" lon="127.958660"><ele>661.4</ele><time>2026-04-18T03:57:43.000Z</time></trkpt>
      <trkpt lat="35.730871" lon="127.958622"><ele>660.6</ele><time>2026-04-18T03:57:48.000Z</time></trkpt>
      <trkpt lat="35.730821" lon="127.958551"><ele>659.4</ele><time>2026-04-18T03:57:54.000Z</time></trkpt>
      <trkpt lat="35.730796" lon="127.958513"><ele>659.0</ele><time>2026-04-18T03:57:57.000Z</time></trkpt>
      <trkpt lat="35.730752" lon="127.958421"><ele>659.0</ele><time>2026-04-18T03:58:04.000Z</time></trkpt>
      <trkpt lat="35.730730" lon="127.958395"><ele>659.2</ele><time>2026-04-18T03:58:07.000Z</time></trkpt>
      <trkpt lat="35.730701" lon="127.958355"><ele>659.6</ele><time>2026-04-18T03:58:12.000Z</time></trkpt>
      <trkpt lat="35.730666" lon="127.958306"><ele>660.6</ele><time>2026-04-18T03:58:18.000Z</time></trkpt>
      <trkpt lat="35.730647" lon="127.958288"><ele>660.8</ele><time>2026-04-18T03:58:21.000Z</time></trkpt>
      <trkpt lat="35.730612" lon="127.958245"><ele>661.6</ele><time>2026-04-18T03:58:26.000Z</time></trkpt>
      <trkpt lat="35.730571" lon="127.958205"><ele>662.8</ele><time>2026-04-18T03:58:32.000Z</time></trkpt>
      <trkpt lat="35.730530" lon="127.958162"><ele>664.0</ele><time>2026-04-18T03:58:40.000Z</time></trkpt>
      <trkpt lat="35.730509" lon="127.958149"><ele>664.6</ele><time>2026-04-18T03:58:44.000Z</time></trkpt>
      <trkpt lat="35.730494" lon="127.958140"><ele>665.0</ele><time>2026-04-18T03:58:46.000Z</time></trkpt>
      <trkpt lat="35.730470" lon="127.958115"><ele>666.2</ele><time>2026-04-18T03:58:52.000Z</time></trkpt>
      <trkpt lat="35.730432" lon="127.958099"><ele>667.4</ele><time>2026-04-18T03:58:57.000Z</time></trkpt>
      <trkpt lat="35.730423" lon="127.958084"><ele>667.6</ele><time>2026-04-18T03:58:59.000Z</time></trkpt>
      <trkpt lat="35.730390" lon="127.958055"><ele>668.4</ele><time>2026-04-18T03:59:05.000Z</time></trkpt>
      <trkpt lat="35.730372" lon="127.958038"><ele>669.4</ele><time>2026-04-18T03:59:10.000Z</time></trkpt>
      <trkpt lat="35.730360" lon="127.957977"><ele>670.6</ele><time>2026-04-18T03:59:17.000Z</time></trkpt>
      <trkpt lat="35.730362" lon="127.957943"><ele>671.6</ele><time>2026-04-18T03:59:22.000Z</time></trkpt>
      <trkpt lat="35.730362" lon="127.957936"><ele>671.8</ele><time>2026-04-18T03:59:23.000Z</time></trkpt>
      <trkpt lat="35.730346" lon="127.957907"><ele>672.8</ele><time>2026-04-18T03:59:30.000Z</time></trkpt>
      <trkpt lat="35.730332" lon="127.957910"><ele>673.2</ele><time>2026-04-18T03:59:33.000Z</time></trkpt>
      <trkpt lat="35.730313" lon="127.957906"><ele>673.8</ele><time>2026-04-18T03:59:37.000Z</time></trkpt>
      <trkpt lat="35.730299" lon="127.957860"><ele>675.0</ele><time>2026-04-18T03:59:44.000Z</time></trkpt>
      <trkpt lat="35.730276" lon="127.957836"><ele>676.0</ele><time>2026-04-18T03:59:51.000Z</time></trkpt>
      <trkpt lat="35.730266" lon="127.957826"><ele>676.4</ele><time>2026-04-18T03:59:54.000Z</time></trkpt>
      <trkpt lat="35.730253" lon="127.957826"><ele>677.0</ele><time>2026-04-18T03:59:57.000Z</time></trkpt>
      <trkpt lat="35.730232" lon="127.957788"><ele>677.8</ele><time>2026-04-18T04:00:03.000Z</time></trkpt>
      <trkpt lat="35.730229" lon="127.957784"><ele>678.0</ele><time>2026-04-18T04:00:04.000Z</time></trkpt>
      <trkpt lat="35.730229" lon="127.957764"><ele>679.2</ele><time>2026-04-18T04:00:15.000Z</time></trkpt>
      <trkpt lat="35.730214" lon="127.957760"><ele>680.2</ele><time>2026-04-18T04:00:24.000Z</time></trkpt>
      <trkpt lat="35.730211" lon="127.957758"><ele>680.4</ele><time>2026-04-18T04:00:25.000Z</time></trkpt>
      <trkpt lat="35.730198" lon="127.957758"><ele>681.4</ele><time>2026-04-18T04:00:31.000Z</time></trkpt>
      <trkpt lat="35.730189" lon="127.957768"><ele>682.4</ele><time>2026-04-18T04:00:38.000Z</time></trkpt>
      <trkpt lat="35.730187" lon="127.957767"><ele>682.6</ele><time>2026-04-18T04:00:39.000Z</time></trkpt>
      <trkpt lat="35.730162" lon="127.957776"><ele>683.6</ele><time>2026-04-18T04:00:45.000Z</time></trkpt>
      <trkpt lat="35.730135" lon="127.957782"><ele>684.4</ele><time>2026-04-18T04:00:53.000Z</time></trkpt>
      <trkpt lat="35.730128" lon="127.957775"><ele>684.8</ele><time>2026-04-18T04:00:55.000Z</time></trkpt>
      <trkpt lat="35.730110" lon="127.957747"><ele>686.0</ele><time>2026-04-18T04:01:01.000Z</time></trkpt>
      <trkpt lat="35.730107" lon="127.957736"><ele>686.4</ele><time>2026-04-18T04:01:03.000Z</time></trkpt>
      <trkpt lat="35.730087" lon="127.957695"><ele>687.2</ele><time>2026-04-18T04:01:12.000Z</time></trkpt>
      <trkpt lat="35.730081" lon="127.957681"><ele>687.6</ele><time>2026-04-18T04:01:15.000Z</time></trkpt>
      <trkpt lat="35.730072" lon="127.957661"><ele>688.2</ele><time>2026-04-18T04:01:19.000Z</time></trkpt>
      <trkpt lat="35.730054" lon="127.957620"><ele>689.2</ele><time>2026-04-18T04:01:27.000Z</time></trkpt>
      <trkpt lat="35.730051" lon="127.957616"><ele>689.6</ele><time>2026-04-18T04:01:29.000Z</time></trkpt>
      <trkpt lat="35.730042" lon="127.957606"><ele>690.4</ele><time>2026-04-18T04:01:34.000Z</time></trkpt>
      <trkpt lat="35.730037" lon="127.957599"><ele>691.4</ele><time>2026-04-18T04:01:42.000Z</time></trkpt>
      <trkpt lat="35.730036" lon="127.957586"><ele>692.4</ele><time>2026-04-18T04:01:49.000Z</time></trkpt>
      <trkpt lat="35.730039" lon="127.957574"><ele>692.8</ele><time>2026-04-18T04:01:52.000Z</time></trkpt>
      <trkpt lat="35.730034" lon="127.957561"><ele>693.6</ele><time>2026-04-18T04:01:57.000Z</time></trkpt>
      <trkpt lat="35.730025" lon="127.957558"><ele>694.2</ele><time>2026-04-18T04:02:02.000Z</time></trkpt>
      <trkpt lat="35.730011" lon="127.957565"><ele>694.6</ele><time>2026-04-18T04:02:05.000Z</time></trkpt>
      <trkpt lat="35.729992" lon="127.957548"><ele>695.6</ele><time>2026-04-18T04:02:13.000Z</time></trkpt>
      <trkpt lat="35.729995" lon="127.957545"><ele>695.8</ele><time>2026-04-18T04:02:15.000Z</time></trkpt>
      <trkpt lat="35.729994" lon="127.957533"><ele>696.6</ele><time>2026-04-18T04:02:21.000Z</time></trkpt>
      <trkpt lat="35.729990" lon="127.957523"><ele>697.2</ele><time>2026-04-18T04:02:25.000Z</time></trkpt>
      <trkpt lat="35.729980" lon="127.957523"><ele>697.6</ele><time>2026-04-18T04:02:28.000Z</time></trkpt>
      <trkpt lat="35.729977" lon="127.957525"><ele>697.8</ele><time>2026-04-18T04:02:29.000Z</time></trkpt>
      <trkpt lat="35.729974" lon="127.957521"><ele>698.0</ele><time>2026-04-18T04:02:32.000Z</time></trkpt>
      <trkpt lat="35.729964" lon="127.957525"><ele>698.6</ele><time>2026-04-18T04:02:36.000Z</time></trkpt>
      <trkpt lat="35.729962" lon="127.957524"><ele>698.8</ele><time>2026-04-18T04:02:38.000Z</time></trkpt>
      <trkpt lat="35.729946" lon="127.957520"><ele>700.0</ele><time>2026-04-18T04:02:46.000Z</time></trkpt>
      <trkpt lat="35.729945" lon="127.957520"><ele>700.0</ele><time>2026-04-18T04:02:47.000Z</time></trkpt>
      <trkpt lat="35.729928" lon="127.957521"><ele>701.0</ele><time>2026-04-18T04:02:56.000Z</time></trkpt>
      <trkpt lat="35.729930" lon="127.957518"><ele>701.2</ele><time>2026-04-18T04:02:57.000Z</time></trkpt>
      <trkpt lat="35.729925" lon="127.957512"><ele>702.0</ele><time>2026-04-18T04:03:04.000Z</time></trkpt>
      <trkpt lat="35.729925" lon="127.957510"><ele>702.8</ele><time>2026-04-18T04:03:08.000Z</time></trkpt>
      <trkpt lat="35.729921" lon="127.957507"><ele>703.2</ele><time>2026-04-18T04:03:11.000Z</time></trkpt>
      <trkpt lat="35.729914" lon="127.957501"><ele>703.8</ele><time>2026-04-18T04:03:17.000Z</time></trkpt>
      <trkpt lat="35.729912" lon="127.957496"><ele>704.2</ele><time>2026-04-18T04:03:19.000Z</time></trkpt>
      <trkpt lat="35.729898" lon="127.957511"><ele>705.2</ele><time>2026-04-18T04:03:28.000Z</time></trkpt>
      <trkpt lat="35.729901" lon="127.957506"><ele>705.4</ele><time>2026-04-18T04:03:29.000Z</time></trkpt>
      <trkpt lat="35.729889" lon="127.957499"><ele>706.4</ele><time>2026-04-18T04:03:35.000Z</time></trkpt>
      <trkpt lat="35.729890" lon="127.957495"><ele>707.0</ele><time>2026-04-18T04:03:37.000Z</time></trkpt>
      <trkpt lat="35.729884" lon="127.957493"><ele>707.4</ele><time>2026-04-18T04:03:41.000Z</time></trkpt>
      <trkpt lat="35.729881" lon="127.957490"><ele>708.4</ele><time>2026-04-18T04:03:47.000Z</time></trkpt>
      <trkpt lat="35.729880" lon="127.957485"><ele>708.6</ele><time>2026-04-18T04:03:48.000Z</time></trkpt>
      <trkpt lat="35.729873" lon="127.957478"><ele>709.4</ele><time>2026-04-18T04:03:56.000Z</time></trkpt>
      <trkpt lat="35.729870" lon="127.957480"><ele>709.6</ele><time>2026-04-18T04:03:58.000Z</time></trkpt>
      <trkpt lat="35.729870" lon="127.957482"><ele>710.2</ele><time>2026-04-18T04:04:04.000Z</time></trkpt>
      <trkpt lat="35.729867" lon="127.957482"><ele>710.6</ele><time>2026-04-18T04:04:06.000Z</time></trkpt>
      <trkpt lat="35.729852" lon="127.957466"><ele>711.6</ele><time>2026-04-18T04:04:14.000Z</time></trkpt>
      <trkpt lat="35.729851" lon="127.957465"><ele>711.8</ele><time>2026-04-18T04:04:15.000Z</time></trkpt>
      <trkpt lat="35.729840" lon="127.957474"><ele>712.8</ele><time>2026-04-18T04:04:24.000Z</time></trkpt>
      <trkpt lat="35.729838" lon="127.957478"><ele>713.4</ele><time>2026-04-18T04:04:29.000Z</time></trkpt>
      <trkpt lat="35.729833" lon="127.957478"><ele>713.8</ele><time>2026-04-18T04:04:32.000Z</time></trkpt>
      <trkpt lat="35.729825" lon="127.957457"><ele>715.0</ele><time>2026-04-18T04:04:40.000Z</time></trkpt>
      <trkpt lat="35.729826" lon="127.957460"><ele>715.2</ele><time>2026-04-18T04:04:42.000Z</time></trkpt>
      <trkpt lat="35.729828" lon="127.957441"><ele>716.2</ele><time>2026-04-18T04:04:49.000Z</time></trkpt>
      <trkpt lat="35.729826" lon="127.957443"><ele>716.6</ele><time>2026-04-18T04:04:51.000Z</time></trkpt>
      <trkpt lat="35.729826" lon="127.957460"><ele>717.4</ele><time>2026-04-18T04:04:58.000Z</time></trkpt>
      <trkpt lat="35.729825" lon="127.957465"><ele>717.4</ele><time>2026-04-18T04:05:01.000Z</time></trkpt>
      <trkpt lat="35.729816" lon="127.957470"><ele>718.4</ele><time>2026-04-18T04:05:12.000Z</time></trkpt>
      <trkpt lat="35.729801" lon="127.957472"><ele>719.0</ele><time>2026-04-18T04:05:17.000Z</time></trkpt>
      <trkpt lat="35.729796" lon="127.957477"><ele>719.4</ele><time>2026-04-18T04:05:19.000Z</time></trkpt>
      <trkpt lat="35.729789" lon="127.957476"><ele>720.0</ele><time>2026-04-18T04:05:23.000Z</time></trkpt>
      <trkpt lat="35.729782" lon="127.957475"><ele>720.4</ele><time>2026-04-18T04:05:26.000Z</time></trkpt>
      <trkpt lat="35.729767" lon="127.957483"><ele>721.0</ele><time>2026-04-18T04:05:30.000Z</time></trkpt>
      <trkpt lat="35.729756" lon="127.957487"><ele>721.4</ele><time>2026-04-18T04:05:34.000Z</time></trkpt>
      <trkpt lat="35.729725" lon="127.957485"><ele>722.6</ele><time>2026-04-18T04:05:41.000Z</time></trkpt>
      <trkpt lat="35.729716" lon="127.957486"><ele>723.0</ele><time>2026-04-18T04:05:45.000Z</time></trkpt>
      <trkpt lat="35.729713" lon="127.957486"><ele>723.6</ele><time>2026-04-18T04:05:48.000Z</time></trkpt>
      <trkpt lat="35.729705" lon="127.957490"><ele>724.6</ele><time>2026-04-18T04:05:54.000Z</time></trkpt>
      <trkpt lat="35.729680" lon="127.957491"><ele>725.4</ele><time>2026-04-18T04:06:00.000Z</time></trkpt>
      <trkpt lat="35.729675" lon="127.957491"><ele>725.6</ele><time>2026-04-18T04:06:01.000Z</time></trkpt>
      <trkpt lat="35.729650" lon="127.957493"><ele>726.8</ele><time>2026-04-18T04:06:07.000Z</time></trkpt>
      <trkpt lat="35.729615" lon="127.957494"><ele>727.8</ele><time>2026-04-18T04:06:16.000Z</time></trkpt>
      <trkpt lat="35.729596" lon="127.957484"><ele>729.0</ele><time>2026-04-18T04:06:22.000Z</time></trkpt>
      <trkpt lat="35.729577" lon="127.957468"><ele>729.8</ele><time>2026-04-18T04:06:27.000Z</time></trkpt>
      <trkpt lat="35.729577" lon="127.957465"><ele>730.2</ele><time>2026-04-18T04:06:29.000Z</time></trkpt>
      <trkpt lat="35.729572" lon="127.957442"><ele>731.2</ele><time>2026-04-18T04:06:35.000Z</time></trkpt>
      <trkpt lat="35.729583" lon="127.957436"><ele>731.6</ele><time>2026-04-18T04:06:37.000Z</time></trkpt>
      <trkpt lat="35.729593" lon="127.957412"><ele>732.2</ele><time>2026-04-18T04:06:42.000Z</time></trkpt>
      <trkpt lat="35.729611" lon="127.957383"><ele>733.4</ele><time>2026-04-18T04:06:50.000Z</time></trkpt>
      <trkpt lat="35.729645" lon="127.957377"><ele>734.4</ele><time>2026-04-18T04:06:56.000Z</time></trkpt>
      <trkpt lat="35.729674" lon="127.957370"><ele>735.0</ele><time>2026-04-18T04:07:02.000Z</time></trkpt>
      <trkpt lat="35.729661" lon="127.957352"><ele>735.4</ele><time>2026-04-18T04:07:06.000Z</time></trkpt>
      <trkpt lat="35.729653" lon="127.957342"><ele>735.8</ele><time>2026-04-18T04:07:09.000Z</time></trkpt>
      <trkpt lat="35.729645" lon="127.957340"><ele>736.6</ele><time>2026-04-18T04:07:14.000Z</time></trkpt>
      <trkpt lat="35.729657" lon="127.957332"><ele>737.2</ele><time>2026-04-18T04:07:19.000Z</time></trkpt>
      <trkpt lat="35.729668" lon="127.957314"><ele>737.6</ele><time>2026-04-18T04:07:24.000Z</time></trkpt>
      <trkpt lat="35.729668" lon="127.957302"><ele>738.4</ele><time>2026-04-18T04:07:28.000Z</time></trkpt>
      <trkpt lat="35.729673" lon="127.957289"><ele>738.8</ele><time>2026-04-18T04:07:32.000Z</time></trkpt>
      <trkpt lat="35.729680" lon="127.957282"><ele>739.4</ele><time>2026-04-18T04:07:35.000Z</time></trkpt>
      <trkpt lat="35.729674" lon="127.957271"><ele>739.8</ele><time>2026-04-18T04:07:39.000Z</time></trkpt>
      <trkpt lat="35.729661" lon="127.957262"><ele>740.2</ele><time>2026-04-18T04:07:42.000Z</time></trkpt>
      <trkpt lat="35.729661" lon="127.957246"><ele>741.0</ele><time>2026-04-18T04:07:47.000Z</time></trkpt>
      <trkpt lat="35.729663" lon="127.957243"><ele>741.6</ele><time>2026-04-18T04:07:50.000Z</time></trkpt>
      <trkpt lat="35.729670" lon="127.957243"><ele>742.0</ele><time>2026-04-18T04:07:54.000Z</time></trkpt>
      <trkpt lat="35.729667" lon="127.957239"><ele>742.6</ele><time>2026-04-18T04:07:59.000Z</time></trkpt>
      <trkpt lat="35.729660" lon="127.957231"><ele>743.2</ele><time>2026-04-18T04:08:03.000Z</time></trkpt>
      <trkpt lat="35.729664" lon="127.957218"><ele>744.0</ele><time>2026-04-18T04:08:09.000Z</time></trkpt>
      <trkpt lat="35.729666" lon="127.957216"><ele>744.2</ele><time>2026-04-18T04:08:11.000Z</time></trkpt>
      <trkpt lat="35.729661" lon="127.957213"><ele>745.2</ele><time>2026-04-18T04:08:18.000Z</time></trkpt>
      <trkpt lat="35.729662" lon="127.957189"><ele>746.4</ele><time>2026-04-18T04:08:26.000Z</time></trkpt>
      <trkpt lat="35.729664" lon="127.957181"><ele>746.6</ele><time>2026-04-18T04:08:28.000Z</time></trkpt>
      <trkpt lat="35.729656" lon="127.957174"><ele>747.4</ele><time>2026-04-18T04:08:32.000Z</time></trkpt>
      <trkpt lat="35.729648" lon="127.957180"><ele>747.8</ele><time>2026-04-18T04:08:37.000Z</time></trkpt>
      <trkpt lat="35.729651" lon="127.957192"><ele>748.4</ele><time>2026-04-18T04:08:41.000Z</time></trkpt>
      <trkpt lat="35.729653" lon="127.957205"><ele>749.2</ele><time>2026-04-18T04:08:48.000Z</time></trkpt>
      <trkpt lat="35.729648" lon="127.957207"><ele>749.4</ele><time>2026-04-18T04:08:50.000Z</time></trkpt>
      <trkpt lat="35.729640" lon="127.957210"><ele>750.4</ele><time>2026-04-18T04:08:57.000Z</time></trkpt>
      <trkpt lat="35.729637" lon="127.957212"><ele>750.6</ele><time>2026-04-18T04:08:58.000Z</time></trkpt>
      <trkpt lat="35.729632" lon="127.957217"><ele>751.4</ele><time>2026-04-18T04:09:05.000Z</time></trkpt>
      <trkpt lat="35.729631" lon="127.957218"><ele>751.6</ele><time>2026-04-18T04:09:07.000Z</time></trkpt>
      <trkpt lat="35.729619" lon="127.957226"><ele>752.6</ele><time>2026-04-18T04:09:15.000Z</time></trkpt>
      <trkpt lat="35.729612" lon="127.957228"><ele>753.0</ele><time>2026-04-18T04:09:17.000Z</time></trkpt>
      <trkpt lat="35.729603" lon="127.957236"><ele>753.8</ele><time>2026-04-18T04:09:23.000Z</time></trkpt>
      <trkpt lat="35.729596" lon="127.957239"><ele>754.6</ele><time>2026-04-18T04:09:29.000Z</time></trkpt>
      <trkpt lat="35.729589" lon="127.957242"><ele>754.8</ele><time>2026-04-18T04:09:31.000Z</time></trkpt>
      <trkpt lat="35.729583" lon="127.957245"><ele>755.8</ele><time>2026-04-18T04:09:41.000Z</time></trkpt>
      <trkpt lat="35.729566" lon="127.957237"><ele>755.8</ele><time>2026-04-18T04:09:46.000Z</time></trkpt>
      <trkpt lat="35.729547" lon="127.957235"><ele>757.0</ele><time>2026-04-18T04:09:53.000Z</time></trkpt>
      <trkpt lat="35.729545" lon="127.957236"><ele>757.2</ele><time>2026-04-18T04:09:54.000Z</time></trkpt>
      <trkpt lat="35.729529" lon="127.957233"><ele>758.0</ele><time>2026-04-18T04:09:58.000Z</time></trkpt>
      <trkpt lat="35.729521" lon="127.957226"><ele>758.2</ele><time>2026-04-18T04:10:01.000Z</time></trkpt>
      <trkpt lat="35.729510" lon="127.957208"><ele>759.0</ele><time>2026-04-18T04:10:06.000Z</time></trkpt>
      <trkpt lat="35.729506" lon="127.957204"><ele>759.0</ele><time>2026-04-18T04:10:07.000Z</time></trkpt>
      <trkpt lat="35.729479" lon="127.957169"><ele>760.2</ele><time>2026-04-18T04:10:14.000Z</time></trkpt>
      <trkpt lat="35.729473" lon="127.957148"><ele>760.6</ele><time>2026-04-18T04:10:17.000Z</time></trkpt>
      <trkpt lat="35.729467" lon="127.957138"><ele>761.2</ele><time>2026-04-18T04:10:20.000Z</time></trkpt>
      <trkpt lat="35.729428" lon="127.957125"><ele>762.2</ele><time>2026-04-18T04:10:28.000Z</time></trkpt>
      <trkpt lat="35.729423" lon="127.957123"><ele>762.4</ele><time>2026-04-18T04:10:29.000Z</time></trkpt>
      <trkpt lat="35.729416" lon="127.957107"><ele>763.4</ele><time>2026-04-18T04:10:35.000Z</time></trkpt>
      <trkpt lat="35.729410" lon="127.957106"><ele>764.0</ele><time>2026-04-18T04:10:38.000Z</time></trkpt>
      <trkpt lat="35.729398" lon="127.957096"><ele>764.4</ele><time>2026-04-18T04:10:41.000Z</time></trkpt>
      <trkpt lat="35.729381" lon="127.957091"><ele>765.4</ele><time>2026-04-18T04:10:46.000Z</time></trkpt>
      <trkpt lat="35.729375" lon="127.957094"><ele>766.0</ele><time>2026-04-18T04:10:48.000Z</time></trkpt>
      <trkpt lat="35.729357" lon="127.957094"><ele>766.6</ele><time>2026-04-18T04:10:52.000Z</time></trkpt>
      <trkpt lat="35.729358" lon="127.957080"><ele>767.2</ele><time>2026-04-18T04:10:58.000Z</time></trkpt>
      <trkpt lat="35.729363" lon="127.957075"><ele>767.6</ele><time>2026-04-18T04:11:00.000Z</time></trkpt>
      <trkpt lat="35.729338" lon="127.957046"><ele>768.6</ele><time>2026-04-18T04:11:07.000Z</time></trkpt>
      <trkpt lat="35.729332" lon="127.957039"><ele>769.4</ele><time>2026-04-18T04:11:12.000Z</time></trkpt>
      <trkpt lat="35.729329" lon="127.957041"><ele>769.8</ele><time>2026-04-18T04:11:14.000Z</time></trkpt>
      <trkpt lat="35.729320" lon="127.957043"><ele>770.4</ele><time>2026-04-18T04:11:18.000Z</time></trkpt>
      <trkpt lat="35.729301" lon="127.957037"><ele>771.0</ele><time>2026-04-18T04:11:24.000Z</time></trkpt>
      <trkpt lat="35.729289" lon="127.957032"><ele>771.6</ele><time>2026-04-18T04:11:30.000Z</time></trkpt>
      <trkpt lat="35.729277" lon="127.957033"><ele>772.0</ele><time>2026-04-18T04:11:34.000Z</time></trkpt>
      <trkpt lat="35.729267" lon="127.957018"><ele>772.4</ele><time>2026-04-18T04:11:40.000Z</time></trkpt>
      <trkpt lat="35.729253" lon="127.957015"><ele>773.0</ele><time>2026-04-18T04:11:44.000Z</time></trkpt>
      <trkpt lat="35.729229" lon="127.957023"><ele>774.2</ele><time>2026-04-18T04:11:52.000Z</time></trkpt>
      <trkpt lat="35.729225" lon="127.957025"><ele>774.2</ele><time>2026-04-18T04:11:53.000Z</time></trkpt>
      <trkpt lat="35.729217" lon="127.957011"><ele>775.2</ele><time>2026-04-18T04:12:00.000Z</time></trkpt>
      <trkpt lat="35.729215" lon="127.957006"><ele>775.6</ele><time>2026-04-18T04:12:03.000Z</time></trkpt>
      <trkpt lat="35.729213" lon="127.956994"><ele>776.2</ele><time>2026-04-18T04:12:08.000Z</time></trkpt>
      <trkpt lat="35.729194" lon="127.956987"><ele>777.4</ele><time>2026-04-18T04:12:15.000Z</time></trkpt>
      <trkpt lat="35.729180" lon="127.956979"><ele>778.4</ele><time>2026-04-18T04:12:22.000Z</time></trkpt>
      <trkpt lat="35.729179" lon="127.956961"><ele>779.0</ele><time>2026-04-18T04:12:26.000Z</time></trkpt>
      <trkpt lat="35.729175" lon="127.956956"><ele>779.4</ele><time>2026-04-18T04:12:29.000Z</time></trkpt>
      <trkpt lat="35.729173" lon="127.956946"><ele>780.4</ele><time>2026-04-18T04:12:34.000Z</time></trkpt>
      <trkpt lat="35.729174" lon="127.956949"><ele>780.4</ele><time>2026-04-18T04:12:36.000Z</time></trkpt>
      <trkpt lat="35.729155" lon="127.956952"><ele>781.4</ele><time>2026-04-18T04:12:42.000Z</time></trkpt>
      <trkpt lat="35.729154" lon="127.956949"><ele>781.6</ele><time>2026-04-18T04:12:43.000Z</time></trkpt>
      <trkpt lat="35.729152" lon="127.956933"><ele>782.6</ele><time>2026-04-18T04:12:49.000Z</time></trkpt>
      <trkpt lat="35.729147" lon="127.956926"><ele>783.2</ele><time>2026-04-18T04:12:52.000Z</time></trkpt>
      <trkpt lat="35.729143" lon="127.956923"><ele>783.6</ele><time>2026-04-18T04:12:54.000Z</time></trkpt>
      <trkpt lat="35.729139" lon="127.956892"><ele>784.8</ele><time>2026-04-18T04:13:01.000Z</time></trkpt>
      <trkpt lat="35.729112" lon="127.956867"><ele>785.8</ele><time>2026-04-18T04:13:13.000Z</time></trkpt>
      <trkpt lat="35.729103" lon="127.956854"><ele>786.8</ele><time>2026-04-18T04:13:20.000Z</time></trkpt>
      <trkpt lat="35.729102" lon="127.956823"><ele>788.0</ele><time>2026-04-18T04:13:27.000Z</time></trkpt>
      <trkpt lat="35.729098" lon="127.956823"><ele>788.2</ele><time>2026-04-18T04:13:28.000Z</time></trkpt>
      <trkpt lat="35.729087" lon="127.956819"><ele>789.0</ele><time>2026-04-18T04:13:33.000Z</time></trkpt>
      <trkpt lat="35.729065" lon="127.956824"><ele>789.8</ele><time>2026-04-18T04:13:39.000Z</time></trkpt>
      <trkpt lat="35.729060" lon="127.956826"><ele>790.2</ele><time>2026-04-18T04:13:42.000Z</time></trkpt>
      <trkpt lat="35.729032" lon="127.956836"><ele>791.2</ele><time>2026-04-18T04:13:52.000Z</time></trkpt>
      <trkpt lat="35.729027" lon="127.956846"><ele>792.2</ele><time>2026-04-18T04:13:59.000Z</time></trkpt>
      <trkpt lat="35.729025" lon="127.956856"><ele>793.2</ele><time>2026-04-18T04:14:06.000Z</time></trkpt>
      <trkpt lat="35.729025" lon="127.956856"><ele>793.4</ele><time>2026-04-18T04:14:07.000Z</time></trkpt>
      <trkpt lat="35.729002" lon="127.956835"><ele>794.4</ele><time>2026-04-18T04:14:17.000Z</time></trkpt>
      <trkpt lat="35.728994" lon="127.956829"><ele>795.0</ele><time>2026-04-18T04:14:20.000Z</time></trkpt>
      <trkpt lat="35.728985" lon="127.956823"><ele>795.4</ele><time>2026-04-18T04:14:24.000Z</time></trkpt>
      <trkpt lat="35.728979" lon="127.956837"><ele>796.4</ele><time>2026-04-18T04:14:32.000Z</time></trkpt>
      <trkpt lat="35.728977" lon="127.956835"><ele>796.6</ele><time>2026-04-18T04:14:33.000Z</time></trkpt>
      <trkpt lat="35.728956" lon="127.956811"><ele>797.6</ele><time>2026-04-18T04:14:39.000Z</time></trkpt>
      <trkpt lat="35.728941" lon="127.956789"><ele>798.8</ele><time>2026-04-18T04:14:45.000Z</time></trkpt>
      <trkpt lat="35.728936" lon="127.956789"><ele>799.0</ele><time>2026-04-18T04:14:46.000Z</time></trkpt>
      <trkpt lat="35.728917" lon="127.956782"><ele>800.0</ele><time>2026-04-18T04:14:51.000Z</time></trkpt>
      <trkpt lat="35.728883" lon="127.956781"><ele>801.0</ele><time>2026-04-18T04:14:57.000Z</time></trkpt>
      <trkpt lat="35.728872" lon="127.956775"><ele>801.4</ele><time>2026-04-18T04:15:00.000Z</time></trkpt>
      <trkpt lat="35.728863" lon="127.956761"><ele>802.0</ele><time>2026-04-18T04:15:04.000Z</time></trkpt>
      <trkpt lat="35.728859" lon="127.956752"><ele>802.6</ele><time>2026-04-18T04:15:09.000Z</time></trkpt>
      <trkpt lat="35.728856" lon="127.956733"><ele>803.2</ele><time>2026-04-18T04:15:13.000Z</time></trkpt>
      <trkpt lat="35.728873" lon="127.956723"><ele>804.2</ele><time>2026-04-18T04:15:19.000Z</time></trkpt>
      <trkpt lat="35.728874" lon="127.956719"><ele>804.4</ele><time>2026-04-18T04:15:20.000Z</time></trkpt>
      <trkpt lat="35.728876" lon="127.956700"><ele>805.0</ele><time>2026-04-18T04:15:28.000Z</time></trkpt>
      <trkpt lat="35.728881" lon="127.956682"><ele>805.4</ele><time>2026-04-18T04:15:31.000Z</time></trkpt>
      <trkpt lat="35.728878" lon="127.956642"><ele>806.4</ele><time>2026-04-18T04:15:39.000Z</time></trkpt>
      <trkpt lat="35.728878" lon="127.956636"><ele>806.6</ele><time>2026-04-18T04:15:40.000Z</time></trkpt>
      <trkpt lat="35.728873" lon="127.956614"><ele>807.4</ele><time>2026-04-18T04:15:45.000Z</time></trkpt>
      <trkpt lat="35.728870" lon="127.956593"><ele>808.4</ele><time>2026-04-18T04:15:50.000Z</time></trkpt>
      <trkpt lat="35.728866" lon="127.956595"><ele>809.0</ele><time>2026-04-18T04:15:53.000Z</time></trkpt>
      <trkpt lat="35.728862" lon="127.956600"><ele>809.4</ele><time>2026-04-18T04:16:00.000Z</time></trkpt>
      <trkpt lat="35.728863" lon="127.956600"><ele>809.6</ele><time>2026-04-18T04:16:01.000Z</time></trkpt>
      <trkpt lat="35.728835" lon="127.956607"><ele>810.6</ele><time>2026-04-18T04:16:10.000Z</time></trkpt>
      <trkpt lat="35.728815" lon="127.956616"><ele>811.0</ele><time>2026-04-18T04:16:13.000Z</time></trkpt>
      <trkpt lat="35.728781" lon="127.956609"><ele>811.6</ele><time>2026-04-18T04:16:20.000Z</time></trkpt>
      <trkpt lat="35.728770" lon="127.956589"><ele>812.6</ele><time>2026-04-18T04:16:26.000Z</time></trkpt>
      <trkpt lat="35.728767" lon="127.956589"><ele>812.6</ele><time>2026-04-18T04:16:27.000Z</time></trkpt>
      <trkpt lat="35.728769" lon="127.956569"><ele>813.6</ele><time>2026-04-18T04:16:33.000Z</time></trkpt>
      <trkpt lat="35.728788" lon="127.956546"><ele>814.4</ele><time>2026-04-18T04:16:38.000Z</time></trkpt>
      <trkpt lat="35.728790" lon="127.956545"><ele>814.6</ele><time>2026-04-18T04:16:39.000Z</time></trkpt>
      <trkpt lat="35.728810" lon="127.956528"><ele>815.8</ele><time>2026-04-18T04:16:46.000Z</time></trkpt>
      <trkpt lat="35.728812" lon="127.956525"><ele>816.0</ele><time>2026-04-18T04:16:48.000Z</time></trkpt>
      <trkpt lat="35.728823" lon="127.956501"><ele>816.8</ele><time>2026-04-18T04:16:56.000Z</time></trkpt>
      <trkpt lat="35.728814" lon="127.956500"><ele>817.4</ele><time>2026-04-18T04:16:59.000Z</time></trkpt>
      <trkpt lat="35.728809" lon="127.956497"><ele>817.8</ele><time>2026-04-18T04:17:03.000Z</time></trkpt>
      <trkpt lat="35.728824" lon="127.956472"><ele>819.0</ele><time>2026-04-18T04:17:10.000Z</time></trkpt>
      <trkpt lat="35.728840" lon="127.956437"><ele>820.2</ele><time>2026-04-18T04:17:18.000Z</time></trkpt>
      <trkpt lat="35.728840" lon="127.956433"><ele>820.4</ele><time>2026-04-18T04:17:20.000Z</time></trkpt>
      <trkpt lat="35.728850" lon="127.956423"><ele>821.2</ele><time>2026-04-18T04:17:26.000Z</time></trkpt>
      <trkpt lat="35.728853" lon="127.956422"><ele>821.6</ele><time>2026-04-18T04:17:30.000Z</time></trkpt>
      <trkpt lat="35.728856" lon="127.956402"><ele>822.2</ele><time>2026-04-18T04:17:35.000Z</time></trkpt>
      <trkpt lat="35.728870" lon="127.956388"><ele>823.0</ele><time>2026-04-18T04:17:41.000Z</time></trkpt>
      <trkpt lat="35.728872" lon="127.956382"><ele>823.2</ele><time>2026-04-18T04:17:43.000Z</time></trkpt>
      <trkpt lat="35.728889" lon="127.956379"><ele>824.0</ele><time>2026-04-18T04:17:48.000Z</time></trkpt>
      <trkpt lat="35.728895" lon="127.956379"><ele>824.2</ele><time>2026-04-18T04:17:50.000Z</time></trkpt>
      <trkpt lat="35.728904" lon="127.956368"><ele>825.0</ele><time>2026-04-18T04:17:57.000Z</time></trkpt>
      <trkpt lat="35.728902" lon="127.956354"><ele>825.4</ele><time>2026-04-18T04:18:00.000Z</time></trkpt>
      <trkpt lat="35.728912" lon="127.956335"><ele>826.4</ele><time>2026-04-18T04:18:09.000Z</time></trkpt>
      <trkpt lat="35.728924" lon="127.956314"><ele>827.2</ele><time>2026-04-18T04:18:17.000Z</time></trkpt>
      <trkpt lat="35.728925" lon="127.956313"><ele>827.4</ele><time>2026-04-18T04:18:18.000Z</time></trkpt>
      <trkpt lat="35.728940" lon="127.956302"><ele>828.4</ele><time>2026-04-18T04:18:24.000Z</time></trkpt>
      <trkpt lat="35.728951" lon="127.956294"><ele>829.2</ele><time>2026-04-18T04:18:29.000Z</time></trkpt>
      <trkpt lat="35.728956" lon="127.956288"><ele>829.4</ele><time>2026-04-18T04:18:31.000Z</time></trkpt>
      <trkpt lat="35.728945" lon="127.956274"><ele>830.4</ele><time>2026-04-18T04:18:36.000Z</time></trkpt>
      <trkpt lat="35.728934" lon="127.956270"><ele>830.6</ele><time>2026-04-18T04:18:38.000Z</time></trkpt>
      <trkpt lat="35.728916" lon="127.956266"><ele>830.8</ele><time>2026-04-18T04:18:41.000Z</time></trkpt>
      <trkpt lat="35.728892" lon="127.956260"><ele>831.6</ele><time>2026-04-18T04:18:46.000Z</time></trkpt>
      <trkpt lat="35.728883" lon="127.956257"><ele>831.8</ele><time>2026-04-18T04:18:49.000Z</time></trkpt>
      <trkpt lat="35.728885" lon="127.956235"><ele>832.6</ele><time>2026-04-18T04:18:54.000Z</time></trkpt>
      <trkpt lat="35.728892" lon="127.956217"><ele>833.6</ele><time>2026-04-18T04:18:59.000Z</time></trkpt>
      <trkpt lat="35.728893" lon="127.956214"><ele>833.8</ele><time>2026-04-18T04:19:00.000Z</time></trkpt>
      <trkpt lat="35.728897" lon="127.956186"><ele>835.0</ele><time>2026-04-18T04:19:07.000Z</time></trkpt>
      <trkpt lat="35.728911" lon="127.956157"><ele>835.8</ele><time>2026-04-18T04:19:15.000Z</time></trkpt>
      <trkpt lat="35.728880" lon="127.956157"><ele>836.0</ele><time>2026-04-18T04:19:25.000Z</time></trkpt>
      <trkpt lat="35.728870" lon="127.956114"><ele>835.8</ele><time>2026-04-18T04:19:33.000Z</time></trkpt>
      <trkpt lat="35.728874" lon="127.956117"><ele>835.6</ele><time>2026-04-18T04:19:37.000Z</time></trkpt>
      <trkpt lat="35.728872" lon="127.956123"><ele>835.6</ele><time>2026-04-18T04:19:38.000Z</time></trkpt>
      <trkpt lat="35.728884" lon="127.956177"><ele>836.2</ele><time>2026-04-18T04:19:47.000Z</time></trkpt>
      <trkpt lat="35.728913" lon="127.956170"><ele>836.4</ele><time>2026-04-18T04:19:52.000Z</time></trkpt>
      <trkpt lat="35.728917" lon="127.956168"><ele>836.2</ele><time>2026-04-18T04:19:55.000Z</time></trkpt>
      <trkpt lat="35.728924" lon="127.956169"><ele>836.2</ele><time>2026-04-18T04:20:01.000Z</time></trkpt>
      <trkpt lat="35.728925" lon="127.956166"><ele>836.2</ele><time>2026-04-18T04:20:08.000Z</time></trkpt>
      <trkpt lat="35.728922" lon="127.956163"><ele>836.0</ele><time>2026-04-18T04:20:15.000Z</time></trkpt>
      <trkpt lat="35.728918" lon="127.956135"><ele>835.8</ele><time>2026-04-18T04:20:31.000Z</time></trkpt>
      <trkpt lat="35.728915" lon="127.956138"><ele>835.6</ele><time>2026-04-18T04:20:42.000Z</time></trkpt>
      <trkpt lat="35.728912" lon="127.956124"><ele>835.6</ele><time>2026-04-18T04:20:52.000Z</time></trkpt>
      <trkpt lat="35.728913" lon="127.956127"><ele>835.6</ele><time>2026-04-18T04:20:53.000Z</time></trkpt>
      <trkpt lat="35.728915" lon="127.956127"><ele>835.6</ele><time>2026-04-18T04:21:02.000Z</time></trkpt>
      <trkpt lat="35.728917" lon="127.956132"><ele>835.8</ele><time>2026-04-18T04:21:11.000Z</time></trkpt>
      <trkpt lat="35.728917" lon="127.956130"><ele>836.0</ele><time>2026-04-18T04:21:21.000Z</time></trkpt>
      <trkpt lat="35.728919" lon="127.956132"><ele>836.0</ele><time>2026-04-18T04:21:34.000Z</time></trkpt>
      <trkpt lat="35.728917" lon="127.956120"><ele>835.8</ele><time>2026-04-18T04:21:46.000Z</time></trkpt>
      <trkpt lat="35.728915" lon="127.956120"><ele>835.8</ele><time>2026-04-18T04:21:47.000Z</time></trkpt>
      <trkpt lat="35.728918" lon="127.956120"><ele>835.8</ele><time>2026-04-18T04:21:52.000Z</time></trkpt>
      <trkpt lat="35.728918" lon="127.956122"><ele>835.8</ele><time>2026-04-18T04:21:57.000Z</time></trkpt>
      <trkpt lat="35.728917" lon="127.956122"><ele>835.8</ele><time>2026-04-18T04:21:59.000Z</time></trkpt>
      <trkpt lat="35.728916" lon="127.956121"><ele>835.8</ele><time>2026-04-18T04:22:00.000Z</time></trkpt>
      <trkpt lat="35.728915" lon="127.956123"><ele>835.8</ele><time>2026-04-18T04:22:01.000Z</time></trkpt>
      <trkpt lat="35.728916" lon="127.956127"><ele>835.8</ele><time>2026-04-18T04:22:05.000Z</time></trkpt>
      <trkpt lat="35.728916" lon="127.956130"><ele>835.8</ele><time>2026-04-18T04:22:13.000Z</time></trkpt>
      <trkpt lat="35.728914" lon="127.956130"><ele>835.8</ele><time>2026-04-18T04:22:23.000Z</time></trkpt>
      <trkpt lat="35.728922" lon="127.956129"><ele>836.0</ele><time>2026-04-18T04:22:30.000Z</time></trkpt>
      <trkpt lat="35.728921" lon="127.956135"><ele>836.0</ele><time>2026-04-18T04:22:37.000Z</time></trkpt>
      <trkpt lat="35.728906" lon="127.956089"><ele>836.4</ele><time>2026-04-18T04:22:47.000Z</time></trkpt>
      <trkpt lat="35.728942" lon="127.956070"><ele>836.0</ele><time>2026-04-18T04:22:57.000Z</time></trkpt>
      <trkpt lat="35.728951" lon="127.956043"><ele>835.0</ele><time>2026-04-18T04:23:05.000Z</time></trkpt>
      <trkpt lat="35.728952" lon="127.956042"><ele>834.6</ele><time>2026-04-18T04:23:06.000Z</time></trkpt>
      <trkpt lat="35.728963" lon="127.956008"><ele>833.6</ele><time>2026-04-18T04:23:14.000Z</time></trkpt>
      <trkpt lat="35.728963" lon="127.955991"><ele>832.8</ele><time>2026-04-18T04:23:18.000Z</time></trkpt>
      <trkpt lat="35.728959" lon="127.955980"><ele>832.6</ele><time>2026-04-18T04:23:21.000Z</time></trkpt>
      <trkpt lat="35.728960" lon="127.955974"><ele>832.4</ele><time>2026-04-18T04:23:22.000Z</time></trkpt>
      <trkpt lat="35.728975" lon="127.955945"><ele>831.4</ele><time>2026-04-18T04:23:28.000Z</time></trkpt>
      <trkpt lat="35.728980" lon="127.955936"><ele>831.2</ele><time>2026-04-18T04:23:30.000Z</time></trkpt>
      <trkpt lat="35.728985" lon="127.955935"><ele>830.4</ele><time>2026-04-18T04:23:33.000Z</time></trkpt>
      <trkpt lat="35.728998" lon="127.955913"><ele>830.0</ele><time>2026-04-18T04:23:39.000Z</time></trkpt>
      <trkpt lat="35.728994" lon="127.955894"><ele>829.2</ele><time>2026-04-18T04:23:42.000Z</time></trkpt>
      <trkpt lat="35.729022" lon="127.955873"><ele>828.0</ele><time>2026-04-18T04:23:47.000Z</time></trkpt>
      <trkpt lat="35.729027" lon="127.955870"><ele>827.8</ele><time>2026-04-18T04:23:48.000Z</time></trkpt>
      <trkpt lat="35.729039" lon="127.955843"><ele>826.8</ele><time>2026-04-18T04:23:52.000Z</time></trkpt>
      <trkpt lat="35.729050" lon="127.955829"><ele>826.0</ele><time>2026-04-18T04:23:55.000Z</time></trkpt>
      <trkpt lat="35.729053" lon="127.955823"><ele>825.6</ele><time>2026-04-18T04:23:56.000Z</time></trkpt>
      <trkpt lat="35.729073" lon="127.955805"><ele>824.4</ele><time>2026-04-18T04:24:00.000Z</time></trkpt>
      <trkpt lat="35.729101" lon="127.955775"><ele>823.4</ele><time>2026-04-18T04:24:05.000Z</time></trkpt>
      <trkpt lat="35.729102" lon="127.955772"><ele>823.4</ele><time>2026-04-18T04:24:06.000Z</time></trkpt>
      <trkpt lat="35.729082" lon="127.955756"><ele>822.4</ele><time>2026-04-18T04:24:11.000Z</time></trkpt>
      <trkpt lat="35.729093" lon="127.955736"><ele>821.6</ele><time>2026-04-18T04:24:14.000Z</time></trkpt>
      <trkpt lat="35.729104" lon="127.955725"><ele>821.2</ele><time>2026-04-18T04:24:16.000Z</time></trkpt>
      <trkpt lat="35.729123" lon="127.955692"><ele>820.0</ele><time>2026-04-18T04:24:21.000Z</time></trkpt>
      <trkpt lat="35.729150" lon="127.955672"><ele>819.0</ele><time>2026-04-18T04:24:25.000Z</time></trkpt>
      <trkpt lat="35.729159" lon="127.955668"><ele>818.8</ele><time>2026-04-18T04:24:26.000Z</time></trkpt>
      <trkpt lat="35.729185" lon="127.955666"><ele>817.8</ele><time>2026-04-18T04:24:30.000Z</time></trkpt>
      <trkpt lat="35.729217" lon="127.955649"><ele>817.0</ele><time>2026-04-18T04:24:35.000Z</time></trkpt>
      <trkpt lat="35.729224" lon="127.955644"><ele>816.6</ele><time>2026-04-18T04:24:36.000Z</time></trkpt>
      <trkpt lat="35.729247" lon="127.955642"><ele>815.6</ele><time>2026-04-18T04:24:41.000Z</time></trkpt>
      <trkpt lat="35.729269" lon="127.955653"><ele>814.6</ele><time>2026-04-18T04:24:45.000Z</time></trkpt>
      <trkpt lat="35.729282" lon="127.955630"><ele>813.4</ele><time>2026-04-18T04:24:50.000Z</time></trkpt>
      <trkpt lat="35.729295" lon="127.955625"><ele>812.8</ele><time>2026-04-18T04:24:52.000Z</time></trkpt>
      <trkpt lat="35.729310" lon="127.955625"><ele>812.4</ele><time>2026-04-18T04:24:54.000Z</time></trkpt>
      <trkpt lat="35.729347" lon="127.955619"><ele>811.2</ele><time>2026-04-18T04:24:58.000Z</time></trkpt>
      <trkpt lat="35.729384" lon="127.955596"><ele>810.0</ele><time>2026-04-18T04:25:02.000Z</time></trkpt>
      <trkpt lat="35.729390" lon="127.955588"><ele>810.0</ele><time>2026-04-18T04:25:03.000Z</time></trkpt>
      <trkpt lat="35.729422" lon="127.955526"><ele>809.0</ele><time>2026-04-18T04:25:10.000Z</time></trkpt>
      <trkpt lat="35.729430" lon="127.955520"><ele>808.6</ele><time>2026-04-18T04:25:11.000Z</time></trkpt>
      <trkpt lat="35.729463" lon="127.955497"><ele>808.0</ele><time>2026-04-18T04:25:16.000Z</time></trkpt>
      <trkpt lat="35.729490" lon="127.955467"><ele>806.8</ele><time>2026-04-18T04:25:21.000Z</time></trkpt>
      <trkpt lat="35.729507" lon="127.955459"><ele>806.0</ele><time>2026-04-18T04:25:24.000Z</time></trkpt>
      <trkpt lat="35.729517" lon="127.955436"><ele>805.8</ele><time>2026-04-18T04:25:26.000Z</time></trkpt>
      <trkpt lat="35.729516" lon="127.955406"><ele>804.8</ele><time>2026-04-18T04:25:30.000Z</time></trkpt>
      <trkpt lat="35.729502" lon="127.955381"><ele>804.0</ele><time>2026-04-18T04:25:33.000Z</time></trkpt>
      <trkpt lat="35.729502" lon="127.955362"><ele>803.6</ele><time>2026-04-18T04:25:35.000Z</time></trkpt>
      <trkpt lat="35.729523" lon="127.955328"><ele>802.6</ele><time>2026-04-18T04:25:39.000Z</time></trkpt>
      <trkpt lat="35.729533" lon="127.955302"><ele>802.0</ele><time>2026-04-18T04:25:41.000Z</time></trkpt>
      <trkpt lat="35.729541" lon="127.955283"><ele>801.4</ele><time>2026-04-18T04:25:43.000Z</time></trkpt>
      <trkpt lat="35.729528" lon="127.955264"><ele>800.4</ele><time>2026-04-18T04:25:47.000Z</time></trkpt>
      <trkpt lat="35.729516" lon="127.955263"><ele>800.0</ele><time>2026-04-18T04:25:49.000Z</time></trkpt>
      <trkpt lat="35.729512" lon="127.955244"><ele>799.2</ele><time>2026-04-18T04:25:52.000Z</time></trkpt>
      <trkpt lat="35.729528" lon="127.955219"><ele>798.2</ele><time>2026-04-18T04:25:56.000Z</time></trkpt>
      <trkpt lat="35.729533" lon="127.955213"><ele>798.0</ele><time>2026-04-18T04:25:57.000Z</time></trkpt>
      <trkpt lat="35.729537" lon="127.955173"><ele>796.8</ele><time>2026-04-18T04:26:02.000Z</time></trkpt>
      <trkpt lat="35.729555" lon="127.955143"><ele>796.0</ele><time>2026-04-18T04:26:06.000Z</time></trkpt>
      <trkpt lat="35.729561" lon="127.955133"><ele>795.8</ele><time>2026-04-18T04:26:07.000Z</time></trkpt>
      <trkpt lat="35.729557" lon="127.955096"><ele>794.6</ele><time>2026-04-18T04:26:12.000Z</time></trkpt>
      <trkpt lat="35.729566" lon="127.955067"><ele>793.8</ele><time>2026-04-18T04:26:15.000Z</time></trkpt>
      <trkpt lat="35.729576" lon="127.955053"><ele>793.2</ele><time>2026-04-18T04:26:17.000Z</time></trkpt>
      <trkpt lat="35.729607" lon="127.954987"><ele>792.2</ele><time>2026-04-18T04:26:24.000Z</time></trkpt>
      <trkpt lat="35.729615" lon="127.954974"><ele>791.8</ele><time>2026-04-18T04:26:25.000Z</time></trkpt>
      <trkpt lat="35.729635" lon="127.954914"><ele>791.0</ele><time>2026-04-18T04:26:30.000Z</time></trkpt>
      <trkpt lat="35.729655" lon="127.954891"><ele>789.8</ele><time>2026-04-18T04:26:34.000Z</time></trkpt>
      <trkpt lat="35.729668" lon="127.954878"><ele>789.4</ele><time>2026-04-18T04:26:36.000Z</time></trkpt>
      <trkpt lat="35.729680" lon="127.954861"><ele>788.6</ele><time>2026-04-18T04:26:39.000Z</time></trkpt>
      <trkpt lat="35.729708" lon="127.954812"><ele>787.6</ele><time>2026-04-18T04:26:44.000Z</time></trkpt>
      <trkpt lat="35.729721" lon="127.954795"><ele>787.2</ele><time>2026-04-18T04:26:46.000Z</time></trkpt>
      <trkpt lat="35.729739" lon="127.954751"><ele>786.4</ele><time>2026-04-18T04:26:50.000Z</time></trkpt>
      <trkpt lat="35.729751" lon="127.954724"><ele>786.0</ele><time>2026-04-18T04:26:52.000Z</time></trkpt>
      <trkpt lat="35.729769" lon="127.954700"><ele>785.6</ele><time>2026-04-18T04:26:55.000Z</time></trkpt>
      <trkpt lat="35.729784" lon="127.954675"><ele>785.4</ele><time>2026-04-18T04:26:57.000Z</time></trkpt>
      <trkpt lat="35.729814" lon="127.954625"><ele>785.2</ele><time>2026-04-18T04:27:02.000Z</time></trkpt>
      <trkpt lat="35.729830" lon="127.954578"><ele>784.2</ele><time>2026-04-18T04:27:08.000Z</time></trkpt>
      <trkpt lat="35.729825" lon="127.954571"><ele>784.0</ele><time>2026-04-18T04:27:09.000Z</time></trkpt>
      <trkpt lat="35.729812" lon="127.954547"><ele>783.2</ele><time>2026-04-18T04:27:13.000Z</time></trkpt>
      <trkpt lat="35.729813" lon="127.954498"><ele>781.8</ele><time>2026-04-18T04:27:18.000Z</time></trkpt>
      <trkpt lat="35.729810" lon="127.954484"><ele>781.2</ele><time>2026-04-18T04:27:20.000Z</time></trkpt>
      <trkpt lat="35.729807" lon="127.954465"><ele>780.8</ele><time>2026-04-18T04:27:22.000Z</time></trkpt>
      <trkpt lat="35.729807" lon="127.954422"><ele>779.6</ele><time>2026-04-18T04:27:27.000Z</time></trkpt>
      <trkpt lat="35.729820" lon="127.954378"><ele>778.6</ele><time>2026-04-18T04:27:31.000Z</time></trkpt>
      <trkpt lat="35.729816" lon="127.954349"><ele>777.6</ele><time>2026-04-18T04:27:35.000Z</time></trkpt>
      <trkpt lat="35.729814" lon="127.954315"><ele>776.6</ele><time>2026-04-18T04:27:39.000Z</time></trkpt>
      <trkpt lat="35.729821" lon="127.954266"><ele>775.4</ele><time>2026-04-18T04:27:43.000Z</time></trkpt>
      <trkpt lat="35.729825" lon="127.954216"><ele>774.2</ele><time>2026-04-18T04:27:48.000Z</time></trkpt>
      <trkpt lat="35.729845" lon="127.954176"><ele>773.2</ele><time>2026-04-18T04:27:52.000Z</time></trkpt>
      <trkpt lat="35.729860" lon="127.954149"><ele>772.2</ele><time>2026-04-18T04:27:55.000Z</time></trkpt>
      <trkpt lat="35.729860" lon="127.954138"><ele>772.0</ele><time>2026-04-18T04:27:56.000Z</time></trkpt>
      <trkpt lat="35.729868" lon="127.954099"><ele>770.6</ele><time>2026-04-18T04:28:01.000Z</time></trkpt>
      <trkpt lat="35.729871" lon="127.954097"><ele>770.4</ele><time>2026-04-18T04:28:02.000Z</time></trkpt>
      <trkpt lat="35.729866" lon="127.954075"><ele>769.4</ele><time>2026-04-18T04:28:05.000Z</time></trkpt>
      <trkpt lat="35.729857" lon="127.954038"><ele>768.2</ele><time>2026-04-18T04:28:09.000Z</time></trkpt>
      <trkpt lat="35.729861" lon="127.953999"><ele>767.2</ele><time>2026-04-18T04:28:13.000Z</time></trkpt>
      <trkpt lat="35.729866" lon="127.953967"><ele>766.2</ele><time>2026-04-18T04:28:17.000Z</time></trkpt>
      <trkpt lat="35.729862" lon="127.953962"><ele>765.8</ele><time>2026-04-18T04:28:18.000Z</time></trkpt>
      <trkpt lat="35.729879" lon="127.953913"><ele>764.8</ele><time>2026-04-18T04:28:23.000Z</time></trkpt>
      <trkpt lat="35.729882" lon="127.953879"><ele>764.4</ele><time>2026-04-18T04:28:26.000Z</time></trkpt>
      <trkpt lat="35.729913" lon="127.953825"><ele>764.0</ele><time>2026-04-18T04:28:31.000Z</time></trkpt>
      <trkpt lat="35.729918" lon="127.953791"><ele>763.8</ele><time>2026-04-18T04:28:34.000Z</time></trkpt>
      <trkpt lat="35.729916" lon="127.953780"><ele>763.6</ele><time>2026-04-18T04:28:35.000Z</time></trkpt>
      <trkpt lat="35.729905" lon="127.953733"><ele>762.6</ele><time>2026-04-18T04:28:40.000Z</time></trkpt>
      <trkpt lat="35.729915" lon="127.953672"><ele>762.0</ele><time>2026-04-18T04:28:46.000Z</time></trkpt>
      <trkpt lat="35.729905" lon="127.953627"><ele>761.8</ele><time>2026-04-18T04:28:57.000Z</time></trkpt>
      <trkpt lat="35.729912" lon="127.953596"><ele>761.8</ele><time>2026-04-18T04:29:04.000Z</time></trkpt>
      <trkpt lat="35.729913" lon="127.953594"><ele>761.6</ele><time>2026-04-18T04:29:08.000Z</time></trkpt>
      <trkpt lat="35.729914" lon="127.953592"><ele>761.6</ele><time>2026-04-18T04:29:15.000Z</time></trkpt>
      <trkpt lat="35.729896" lon="127.953508"><ele>760.6</ele><time>2026-04-18T04:29:25.000Z</time></trkpt>
      <trkpt lat="35.729893" lon="127.953497"><ele>760.2</ele><time>2026-04-18T04:29:26.000Z</time></trkpt>
      <trkpt lat="35.729876" lon="127.953479"><ele>759.4</ele><time>2026-04-18T04:29:29.000Z</time></trkpt>
      <trkpt lat="35.729856" lon="127.953456"><ele>758.4</ele><time>2026-04-18T04:29:33.000Z</time></trkpt>
      <trkpt lat="35.729853" lon="127.953435"><ele>757.8</ele><time>2026-04-18T04:29:35.000Z</time></trkpt>
      <trkpt lat="35.729842" lon="127.953424"><ele>757.2</ele><time>2026-04-18T04:29:37.000Z</time></trkpt>
      <trkpt lat="35.729822" lon="127.953403"><ele>756.0</ele><time>2026-04-18T04:29:41.000Z</time></trkpt>
      <trkpt lat="35.729821" lon="127.953393"><ele>755.6</ele><time>2026-04-18T04:29:42.000Z</time></trkpt>
      <trkpt lat="35.729808" lon="127.953380"><ele>755.0</ele><time>2026-04-18T04:29:45.000Z</time></trkpt>
      <trkpt lat="35.729785" lon="127.953354"><ele>753.6</ele><time>2026-04-18T04:29:49.000Z</time></trkpt>
      <trkpt lat="35.729769" lon="127.953344"><ele>752.8</ele><time>2026-04-18T04:29:52.000Z</time></trkpt>
      <trkpt lat="35.729765" lon="127.953338"><ele>752.4</ele><time>2026-04-18T04:29:53.000Z</time></trkpt>
      <trkpt lat="35.729745" lon="127.953295"><ele>751.4</ele><time>2026-04-18T04:29:57.000Z</time></trkpt>
      <trkpt lat="35.729725" lon="127.953276"><ele>750.4</ele><time>2026-04-18T04:30:00.000Z</time></trkpt>
      <trkpt lat="35.729716" lon="127.953272"><ele>750.2</ele><time>2026-04-18T04:30:01.000Z</time></trkpt>
      <trkpt lat="35.729697" lon="127.953236"><ele>748.8</ele><time>2026-04-18T04:30:05.000Z</time></trkpt>
      <trkpt lat="35.729696" lon="127.953191"><ele>747.8</ele><time>2026-04-18T04:30:08.000Z</time></trkpt>
      <trkpt lat="35.729686" lon="127.953154"><ele>746.6</ele><time>2026-04-18T04:30:12.000Z</time></trkpt>
      <trkpt lat="35.729672" lon="127.953128"><ele>745.6</ele><time>2026-04-18T04:30:15.000Z</time></trkpt>
      <trkpt lat="35.729660" lon="127.953111"><ele>745.0</ele><time>2026-04-18T04:30:17.000Z</time></trkpt>
      <trkpt lat="35.729653" lon="127.953091"><ele>744.4</ele><time>2026-04-18T04:30:19.000Z</time></trkpt>
      <trkpt lat="35.729656" lon="127.953041"><ele>743.2</ele><time>2026-04-18T04:30:23.000Z</time></trkpt>
      <trkpt lat="35.729660" lon="127.953026"><ele>742.4</ele><time>2026-04-18T04:30:25.000Z</time></trkpt>
      <trkpt lat="35.729659" lon="127.953020"><ele>742.2</ele><time>2026-04-18T04:30:26.000Z</time></trkpt>
      <trkpt lat="35.729662" lon="127.952994"><ele>741.0</ele><time>2026-04-18T04:30:30.000Z</time></trkpt>
      <trkpt lat="35.729668" lon="127.952991"><ele>740.8</ele><time>2026-04-18T04:30:31.000Z</time></trkpt>
      <trkpt lat="35.729681" lon="127.952976"><ele>739.8</ele><time>2026-04-18T04:30:34.000Z</time></trkpt>
      <trkpt lat="35.729683" lon="127.952935"><ele>738.4</ele><time>2026-04-18T04:30:39.000Z</time></trkpt>
      <trkpt lat="35.729678" lon="127.952916"><ele>737.2</ele><time>2026-04-18T04:30:42.000Z</time></trkpt>
      <trkpt lat="35.729692" lon="127.952897"><ele>736.2</ele><time>2026-04-18T04:30:46.000Z</time></trkpt>
      <trkpt lat="35.729701" lon="127.952890"><ele>735.6</ele><time>2026-04-18T04:30:48.000Z</time></trkpt>
      <trkpt lat="35.729704" lon="127.952874"><ele>735.2</ele><time>2026-04-18T04:30:50.000Z</time></trkpt>
      <trkpt lat="35.729706" lon="127.952841"><ele>734.0</ele><time>2026-04-18T04:30:54.000Z</time></trkpt>
      <trkpt lat="35.729704" lon="127.952824"><ele>733.4</ele><time>2026-04-18T04:30:56.000Z</time></trkpt>
      <trkpt lat="35.729707" lon="127.952815"><ele>733.0</ele><time>2026-04-18T04:30:57.000Z</time></trkpt>
      <trkpt lat="35.729711" lon="127.952776"><ele>731.8</ele><time>2026-04-18T04:31:01.000Z</time></trkpt>
      <trkpt lat="35.729704" lon="127.952744"><ele>730.8</ele><time>2026-04-18T04:31:05.000Z</time></trkpt>
      <trkpt lat="35.729701" lon="127.952739"><ele>730.4</ele><time>2026-04-18T04:31:06.000Z</time></trkpt>
      <trkpt lat="35.729711" lon="127.952709"><ele>729.4</ele><time>2026-04-18T04:31:10.000Z</time></trkpt>
      <trkpt lat="35.729725" lon="127.952682"><ele>728.6</ele><time>2026-04-18T04:31:13.000Z</time></trkpt>
      <trkpt lat="35.729729" lon="127.952671"><ele>728.4</ele><time>2026-04-18T04:31:14.000Z</time></trkpt>
      <trkpt lat="35.729750" lon="127.952612"><ele>727.2</ele><time>2026-04-18T04:31:19.000Z</time></trkpt>
      <trkpt lat="35.729782" lon="127.952546"><ele>726.2</ele><time>2026-04-18T04:31:25.000Z</time></trkpt>
      <trkpt lat="35.729787" lon="127.952534"><ele>726.0</ele><time>2026-04-18T04:31:26.000Z</time></trkpt>
      <trkpt lat="35.729824" lon="127.952482"><ele>725.0</ele><time>2026-04-18T04:31:31.000Z</time></trkpt>
      <trkpt lat="35.729827" lon="127.952474"><ele>724.8</ele><time>2026-04-18T04:31:32.000Z</time></trkpt>
      <trkpt lat="35.729848" lon="127.952424"><ele>723.8</ele><time>2026-04-18T04:31:37.000Z</time></trkpt>
      <trkpt lat="35.729855" lon="127.952369"><ele>723.2</ele><time>2026-04-18T04:31:41.000Z</time></trkpt>
      <trkpt lat="35.729863" lon="127.952324"><ele>722.6</ele><time>2026-04-18T04:31:44.000Z</time></trkpt>
      <trkpt lat="35.729861" lon="127.952281"><ele>721.8</ele><time>2026-04-18T04:31:49.000Z</time></trkpt>
      <trkpt lat="35.729855" lon="127.952237"><ele>721.6</ele><time>2026-04-18T04:31:54.000Z</time></trkpt>
      <trkpt lat="35.729856" lon="127.952163"><ele>721.4</ele><time>2026-04-18T04:32:00.000Z</time></trkpt>
      <trkpt lat="35.729874" lon="127.952032"><ele>721.8</ele><time>2026-04-18T04:32:10.000Z</time></trkpt>
      <trkpt lat="35.729887" lon="127.951971"><ele>722.6</ele><time>2026-04-18T04:32:16.000Z</time></trkpt>
      <trkpt lat="35.729890" lon="127.951924"><ele>723.2</ele><time>2026-04-18T04:32:20.000Z</time></trkpt>
      <trkpt lat="35.729895" lon="127.951895"><ele>723.6</ele><time>2026-04-18T04:32:23.000Z</time></trkpt>
      <trkpt lat="35.729898" lon="127.951867"><ele>723.8</ele><time>2026-04-18T04:32:25.000Z</time></trkpt>
      <trkpt lat="35.729933" lon="127.951748"><ele>724.4</ele><time>2026-04-18T04:32:33.000Z</time></trkpt>
      <trkpt lat="35.729954" lon="127.951666"><ele>724.8</ele><time>2026-04-18T04:32:41.000Z</time></trkpt>
      <trkpt lat="35.729943" lon="127.951608"><ele>724.6</ele><time>2026-04-18T04:32:47.000Z</time></trkpt>
      <trkpt lat="35.729928" lon="127.951568"><ele>723.8</ele><time>2026-04-18T04:32:51.000Z</time></trkpt>
      <trkpt lat="35.729925" lon="127.951553"><ele>723.6</ele><time>2026-04-18T04:32:52.000Z</time></trkpt>
      <trkpt lat="35.729953" lon="127.951446"><ele>722.8</ele><time>2026-04-18T04:32:59.000Z</time></trkpt>
      <trkpt lat="35.729956" lon="127.951432"><ele>722.8</ele><time>2026-04-18T04:33:00.000Z</time></trkpt>
      <trkpt lat="35.729972" lon="127.951370"><ele>722.6</ele><time>2026-04-18T04:33:05.000Z</time></trkpt>
      <trkpt lat="35.729976" lon="127.951355"><ele>722.4</ele><time>2026-04-18T04:33:06.000Z</time></trkpt>
      <trkpt lat="35.730003" lon="127.951307"><ele>721.4</ele><time>2026-04-18T04:33:10.000Z</time></trkpt>
      <trkpt lat="35.730022" lon="127.951271"><ele>721.0</ele><time>2026-04-18T04:33:13.000Z</time></trkpt>
      <trkpt lat="35.730026" lon="127.951262"><ele>721.0</ele><time>2026-04-18T04:33:14.000Z</time></trkpt>
      <trkpt lat="35.730040" lon="127.951230"><ele>720.4</ele><time>2026-04-18T04:33:17.000Z</time></trkpt>
      <trkpt lat="35.730051" lon="127.951167"><ele>719.8</ele><time>2026-04-18T04:33:22.000Z</time></trkpt>
      <trkpt lat="35.730084" lon="127.951129"><ele>719.2</ele><time>2026-04-18T04:33:26.000Z</time></trkpt>
      <trkpt lat="35.730117" lon="127.951093"><ele>718.4</ele><time>2026-04-18T04:33:30.000Z</time></trkpt>
      <trkpt lat="35.730127" lon="127.951086"><ele>718.2</ele><time>2026-04-18T04:33:31.000Z</time></trkpt>
      <trkpt lat="35.730162" lon="127.951062"><ele>717.2</ele><time>2026-04-18T04:33:35.000Z</time></trkpt>
      <trkpt lat="35.730182" lon="127.951048"><ele>716.6</ele><time>2026-04-18T04:33:37.000Z</time></trkpt>
      <trkpt lat="35.730210" lon="127.951033"><ele>716.0</ele><time>2026-04-18T04:33:39.000Z</time></trkpt>
      <trkpt lat="35.730262" lon="127.950988"><ele>715.0</ele><time>2026-04-18T04:33:44.000Z</time></trkpt>
      <trkpt lat="35.730269" lon="127.950985"><ele>714.8</ele><time>2026-04-18T04:33:45.000Z</time></trkpt>
      <trkpt lat="35.730279" lon="127.950975"><ele>714.4</ele><time>2026-04-18T04:33:47.000Z</time></trkpt>
      <trkpt lat="35.730289" lon="127.950966"><ele>713.8</ele><time>2026-04-18T04:33:49.000Z</time></trkpt>
      <trkpt lat="35.730292" lon="127.950964"><ele>713.2</ele><time>2026-04-18T04:33:52.000Z</time></trkpt>
      <trkpt lat="35.730292" lon="127.950967"><ele>713.4</ele><time>2026-04-18T04:33:59.000Z</time></trkpt>
      <trkpt lat="35.730285" lon="127.950980"><ele>713.6</ele><time>2026-04-18T04:34:10.000Z</time></trkpt>
      <trkpt lat="35.730275" lon="127.950953"><ele>713.0</ele><time>2026-04-18T04:34:22.000Z</time></trkpt>
      <trkpt lat="35.730291" lon="127.950937"><ele>712.6</ele><time>2026-04-18T04:34:24.000Z</time></trkpt>
      <trkpt lat="35.730305" lon="127.950902"><ele>711.2</ele><time>2026-04-18T04:34:30.000Z</time></trkpt>
      <trkpt lat="35.730298" lon="127.950865"><ele>710.2</ele><time>2026-04-18T04:34:34.000Z</time></trkpt>
      <trkpt lat="35.730301" lon="127.950843"><ele>709.0</ele><time>2026-04-18T04:34:39.000Z</time></trkpt>
      <trkpt lat="35.730316" lon="127.950807"><ele>707.6</ele><time>2026-04-18T04:34:42.000Z</time></trkpt>
      <trkpt lat="35.730322" lon="127.950773"><ele>706.6</ele><time>2026-04-18T04:34:46.000Z</time></trkpt>
      <trkpt lat="35.730324" lon="127.950740"><ele>705.4</ele><time>2026-04-18T04:34:50.000Z</time></trkpt>
      <trkpt lat="35.730334" lon="127.950716"><ele>704.4</ele><time>2026-04-18T04:34:53.000Z</time></trkpt>
      <trkpt lat="35.730335" lon="127.950705"><ele>703.6</ele><time>2026-04-18T04:34:55.000Z</time></trkpt>
      <trkpt lat="35.730331" lon="127.950686"><ele>703.0</ele><time>2026-04-18T04:34:57.000Z</time></trkpt>
      <trkpt lat="35.730323" lon="127.950666"><ele>702.0</ele><time>2026-04-18T04:35:00.000Z</time></trkpt>
      <trkpt lat="35.730332" lon="127.950639"><ele>701.0</ele><time>2026-04-18T04:35:03.000Z</time></trkpt>
      <trkpt lat="35.730335" lon="127.950627"><ele>700.6</ele><time>2026-04-18T04:35:04.000Z</time></trkpt>
      <trkpt lat="35.730358" lon="127.950595"><ele>699.4</ele><time>2026-04-18T04:35:08.000Z</time></trkpt>
      <trkpt lat="35.730357" lon="127.950579"><ele>698.4</ele><time>2026-04-18T04:35:11.000Z</time></trkpt>
      <trkpt lat="35.730354" lon="127.950571"><ele>698.2</ele><time>2026-04-18T04:35:12.000Z</time></trkpt>
      <trkpt lat="35.730365" lon="127.950540"><ele>697.0</ele><time>2026-04-18T04:35:16.000Z</time></trkpt>
      <trkpt lat="35.730385" lon="127.950536"><ele>696.0</ele><time>2026-04-18T04:35:19.000Z</time></trkpt>
      <trkpt lat="35.730391" lon="127.950534"><ele>695.8</ele><time>2026-04-18T04:35:20.000Z</time></trkpt>
      <trkpt lat="35.730421" lon="127.950516"><ele>694.8</ele><time>2026-04-18T04:35:24.000Z</time></trkpt>
      <trkpt lat="35.730436" lon="127.950504"><ele>693.6</ele><time>2026-04-18T04:35:29.000Z</time></trkpt>
      <trkpt lat="35.730436" lon="127.950501"><ele>693.4</ele><time>2026-04-18T04:35:30.000Z</time></trkpt>
      <trkpt lat="35.730421" lon="127.950486"><ele>692.4</ele><time>2026-04-18T04:35:34.000Z</time></trkpt>
      <trkpt lat="35.730420" lon="127.950463"><ele>691.0</ele><time>2026-04-18T04:35:38.000Z</time></trkpt>
      <trkpt lat="35.730420" lon="127.950451"><ele>690.8</ele><time>2026-04-18T04:35:39.000Z</time></trkpt>
      <trkpt lat="35.730434" lon="127.950431"><ele>689.8</ele><time>2026-04-18T04:35:42.000Z</time></trkpt>
      <trkpt lat="35.730448" lon="127.950408"><ele>688.6</ele><time>2026-04-18T04:35:46.000Z</time></trkpt>
      <trkpt lat="35.730450" lon="127.950400"><ele>688.2</ele><time>2026-04-18T04:35:47.000Z</time></trkpt>
      <trkpt lat="35.730469" lon="127.950385"><ele>687.4</ele><time>2026-04-18T04:35:50.000Z</time></trkpt>
      <trkpt lat="35.730471" lon="127.950370"><ele>686.2</ele><time>2026-04-18T04:35:54.000Z</time></trkpt>
      <trkpt lat="35.730472" lon="127.950359"><ele>686.0</ele><time>2026-04-18T04:35:55.000Z</time></trkpt>
      <trkpt lat="35.730490" lon="127.950339"><ele>685.0</ele><time>2026-04-18T04:35:59.000Z</time></trkpt>
      <trkpt lat="35.730493" lon="127.950321"><ele>684.0</ele><time>2026-04-18T04:36:03.000Z</time></trkpt>
      <trkpt lat="35.730516" lon="127.950282"><ele>682.6</ele><time>2026-04-18T04:36:08.000Z</time></trkpt>
      <trkpt lat="35.730529" lon="127.950260"><ele>681.6</ele><time>2026-04-18T04:36:12.000Z</time></trkpt>
      <trkpt lat="35.730541" lon="127.950225"><ele>680.6</ele><time>2026-04-18T04:36:16.000Z</time></trkpt>
      <trkpt lat="35.730561" lon="127.950207"><ele>679.2</ele><time>2026-04-18T04:36:20.000Z</time></trkpt>
      <trkpt lat="35.730566" lon="127.950200"><ele>678.8</ele><time>2026-04-18T04:36:22.000Z</time></trkpt>
      <trkpt lat="35.730572" lon="127.950185"><ele>678.2</ele><time>2026-04-18T04:36:24.000Z</time></trkpt>
      <trkpt lat="35.730578" lon="127.950148"><ele>677.6</ele><time>2026-04-18T04:36:28.000Z</time></trkpt>
      <trkpt lat="35.730586" lon="127.950128"><ele>677.0</ele><time>2026-04-18T04:36:30.000Z</time></trkpt>
      <trkpt lat="35.730592" lon="127.950121"><ele>676.8</ele><time>2026-04-18T04:36:31.000Z</time></trkpt>
      <trkpt lat="35.730609" lon="127.950098"><ele>676.0</ele><time>2026-04-18T04:36:34.000Z</time></trkpt>
      <trkpt lat="35.730636" lon="127.950067"><ele>674.8</ele><time>2026-04-18T04:36:38.000Z</time></trkpt>
      <trkpt lat="35.730660" lon="127.950030"><ele>673.8</ele><time>2026-04-18T04:36:43.000Z</time></trkpt>
      <trkpt lat="35.730664" lon="127.949973"><ele>672.8</ele><time>2026-04-18T04:36:49.000Z</time></trkpt>
      <trkpt lat="35.730664" lon="127.949941"><ele>671.8</ele><time>2026-04-18T04:36:52.000Z</time></trkpt>
      <trkpt lat="35.730664" lon="127.949928"><ele>671.6</ele><time>2026-04-18T04:36:53.000Z</time></trkpt>
      <trkpt lat="35.730659" lon="127.949874"><ele>670.4</ele><time>2026-04-18T04:36:58.000Z</time></trkpt>
      <trkpt lat="35.730653" lon="127.949819"><ele>669.4</ele><time>2026-04-18T04:37:03.000Z</time></trkpt>
      <trkpt lat="35.730655" lon="127.949811"><ele>669.4</ele><time>2026-04-18T04:37:04.000Z</time></trkpt>
      <trkpt lat="35.730659" lon="127.949761"><ele>668.2</ele><time>2026-04-18T04:37:09.000Z</time></trkpt>
      <trkpt lat="35.730656" lon="127.949744"><ele>667.8</ele><time>2026-04-18T04:37:11.000Z</time></trkpt>
      <trkpt lat="35.730654" lon="127.949730"><ele>667.2</ele><time>2026-04-18T04:37:13.000Z</time></trkpt>
      <trkpt lat="35.730648" lon="127.949682"><ele>666.0</ele><time>2026-04-18T04:37:17.000Z</time></trkpt>
      <trkpt lat="35.730649" lon="127.949640"><ele>665.2</ele><time>2026-04-18T04:37:20.000Z</time></trkpt>
      <trkpt lat="35.730657" lon="127.949630"><ele>664.8</ele><time>2026-04-18T04:37:21.000Z</time></trkpt>
      <trkpt lat="35.730664" lon="127.949603"><ele>663.6</ele><time>2026-04-18T04:37:25.000Z</time></trkpt>
      <trkpt lat="35.730670" lon="127.949553"><ele>662.4</ele><time>2026-04-18T04:37:29.000Z</time></trkpt>
      <trkpt lat="35.730681" lon="127.949521"><ele>661.8</ele><time>2026-04-18T04:37:33.000Z</time></trkpt>
      <trkpt lat="35.730678" lon="127.949505"><ele>661.4</ele><time>2026-04-18T04:37:35.000Z</time></trkpt>
      <trkpt lat="35.730688" lon="127.949431"><ele>660.2</ele><time>2026-04-18T04:37:41.000Z</time></trkpt>
      <trkpt lat="35.730682" lon="127.949413"><ele>660.0</ele><time>2026-04-18T04:37:43.000Z</time></trkpt>
      <trkpt lat="35.730686" lon="127.949394"><ele>659.2</ele><time>2026-04-18T04:37:46.000Z</time></trkpt>
      <trkpt lat="35.730681" lon="127.949335"><ele>658.2</ele><time>2026-04-18T04:37:51.000Z</time></trkpt>
      <trkpt lat="35.730686" lon="127.949279"><ele>657.2</ele><time>2026-04-18T04:37:55.000Z</time></trkpt>
      <trkpt lat="35.730705" lon="127.949241"><ele>656.0</ele><time>2026-04-18T04:37:59.000Z</time></trkpt>
      <trkpt lat="35.730709" lon="127.949199"><ele>654.8</ele><time>2026-04-18T04:38:03.000Z</time></trkpt>
      <trkpt lat="35.730722" lon="127.949164"><ele>653.8</ele><time>2026-04-18T04:38:07.000Z</time></trkpt>
      <trkpt lat="35.730728" lon="127.949112"><ele>652.8</ele><time>2026-04-18T04:38:12.000Z</time></trkpt>
      <trkpt lat="35.730744" lon="127.949066"><ele>651.8</ele><time>2026-04-18T04:38:16.000Z</time></trkpt>
      <trkpt lat="35.730748" lon="127.949033"><ele>650.6</ele><time>2026-04-18T04:38:19.000Z</time></trkpt>
      <trkpt lat="35.730770" lon="127.948976"><ele>649.4</ele><time>2026-04-18T04:38:24.000Z</time></trkpt>
      <trkpt lat="35.730788" lon="127.948943"><ele>648.8</ele><time>2026-04-18T04:38:27.000Z</time></trkpt>
      <trkpt lat="35.730793" lon="127.948930"><ele>648.4</ele><time>2026-04-18T04:38:28.000Z</time></trkpt>
      <trkpt lat="35.730818" lon="127.948860"><ele>647.4</ele><time>2026-04-18T04:38:34.000Z</time></trkpt>
      <trkpt lat="35.730822" lon="127.948829"><ele>647.2</ele><time>2026-04-18T04:38:37.000Z</time></trkpt>
      <trkpt lat="35.730859" lon="127.948723"><ele>648.0</ele><time>2026-04-18T04:38:46.000Z</time></trkpt>
      <trkpt lat="35.730884" lon="127.948699"><ele>648.4</ele><time>2026-04-18T04:38:49.000Z</time></trkpt>
      <trkpt lat="35.730933" lon="127.948651"><ele>648.8</ele><time>2026-04-18T04:38:54.000Z</time></trkpt>
      <trkpt lat="35.730955" lon="127.948620"><ele>649.0</ele><time>2026-04-18T04:38:57.000Z</time></trkpt>
      <trkpt lat="35.730991" lon="127.948604"><ele>649.0</ele><time>2026-04-18T04:39:01.000Z</time></trkpt>
      <trkpt lat="35.731009" lon="127.948570"><ele>648.8</ele><time>2026-04-18T04:39:05.000Z</time></trkpt>
      <trkpt lat="35.731012" lon="127.948503"><ele>647.2</ele><time>2026-04-18T04:39:12.000Z</time></trkpt>
      <trkpt lat="35.731020" lon="127.948479"><ele>646.4</ele><time>2026-04-18T04:39:14.000Z</time></trkpt>
      <trkpt lat="35.731026" lon="127.948472"><ele>646.0</ele><time>2026-04-18T04:39:15.000Z</time></trkpt>
      <trkpt lat="35.731031" lon="127.948434"><ele>644.8</ele><time>2026-04-18T04:39:19.000Z</time></trkpt>
      <trkpt lat="35.731037" lon="127.948416"><ele>644.2</ele><time>2026-04-18T04:39:21.000Z</time></trkpt>
      <trkpt lat="35.731036" lon="127.948399"><ele>643.8</ele><time>2026-04-18T04:39:23.000Z</time></trkpt>
      <trkpt lat="35.731037" lon="127.948354"><ele>642.4</ele><time>2026-04-18T04:39:28.000Z</time></trkpt>
      <trkpt lat="35.731037" lon="127.948323"><ele>641.4</ele><time>2026-04-18T04:39:31.000Z</time></trkpt>
      <trkpt lat="35.731052" lon="127.948241"><ele>640.4</ele><time>2026-04-18T04:39:36.000Z</time></trkpt>
      <trkpt lat="35.731066" lon="127.948196"><ele>640.0</ele><time>2026-04-18T04:39:40.000Z</time></trkpt>
      <trkpt lat="35.731068" lon="127.948170"><ele>639.6</ele><time>2026-04-18T04:39:43.000Z</time></trkpt>
      <trkpt lat="35.731072" lon="127.948153"><ele>639.2</ele><time>2026-04-18T04:39:45.000Z</time></trkpt>
      <trkpt lat="35.731075" lon="127.948133"><ele>638.8</ele><time>2026-04-18T04:39:47.000Z</time></trkpt>
      <trkpt lat="35.731088" lon="127.948099"><ele>638.2</ele><time>2026-04-18T04:39:50.000Z</time></trkpt>
      <trkpt lat="35.731100" lon="127.948056"><ele>637.8</ele><time>2026-04-18T04:39:54.000Z</time></trkpt>
      <trkpt lat="35.731100" lon="127.948021"><ele>637.0</ele><time>2026-04-18T04:39:58.000Z</time></trkpt>
      <trkpt lat="35.731095" lon="127.947962"><ele>636.0</ele><time>2026-04-18T04:40:03.000Z</time></trkpt>
      <trkpt lat="35.731091" lon="127.947953"><ele>635.8</ele><time>2026-04-18T04:40:04.000Z</time></trkpt>
      <trkpt lat="35.731081" lon="127.947893"><ele>635.0</ele><time>2026-04-18T04:40:09.000Z</time></trkpt>
      <trkpt lat="35.731065" lon="127.947858"><ele>634.6</ele><time>2026-04-18T04:40:12.000Z</time></trkpt>
      <trkpt lat="35.731063" lon="127.947799"><ele>634.0</ele><time>2026-04-18T04:40:17.000Z</time></trkpt>
      <trkpt lat="35.731062" lon="127.947788"><ele>633.8</ele><time>2026-04-18T04:40:18.000Z</time></trkpt>
      <trkpt lat="35.731058" lon="127.947672"><ele>632.8</ele><time>2026-04-18T04:40:27.000Z</time></trkpt>
      <trkpt lat="35.731062" lon="127.947650"><ele>632.4</ele><time>2026-04-18T04:40:29.000Z</time></trkpt>
      <trkpt lat="35.731080" lon="127.947623"><ele>631.8</ele><time>2026-04-18T04:40:32.000Z</time></trkpt>
      <trkpt lat="35.731098" lon="127.947576"><ele>630.6</ele><time>2026-04-18T04:40:37.000Z</time></trkpt>
      <trkpt lat="35.731103" lon="127.947529"><ele>629.4</ele><time>2026-04-18T04:40:41.000Z</time></trkpt>
      <trkpt lat="35.731117" lon="127.947475"><ele>628.4</ele><time>2026-04-18T04:40:45.000Z</time></trkpt>
      <trkpt lat="35.731122" lon="127.947428"><ele>627.2</ele><time>2026-04-18T04:40:49.000Z</time></trkpt>
      <trkpt lat="35.731129" lon="127.947397"><ele>626.4</ele><time>2026-04-18T04:40:52.000Z</time></trkpt>
      <trkpt lat="35.731130" lon="127.947395"><ele>626.2</ele><time>2026-04-18T04:40:53.000Z</time></trkpt>
      <trkpt lat="35.731157" lon="127.947348"><ele>625.0</ele><time>2026-04-18T04:40:59.000Z</time></trkpt>
      <trkpt lat="35.731193" lon="127.947312"><ele>623.8</ele><time>2026-04-18T04:41:04.000Z</time></trkpt>
      <trkpt lat="35.731190" lon="127.947288"><ele>623.2</ele><time>2026-04-18T04:41:08.000Z</time></trkpt>
      <trkpt lat="35.731182" lon="127.947272"><ele>622.8</ele><time>2026-04-18T04:41:10.000Z</time></trkpt>
      <trkpt lat="35.731177" lon="127.947233"><ele>621.6</ele><time>2026-04-18T04:41:14.000Z</time></trkpt>
      <trkpt lat="35.731172" lon="127.947214"><ele>620.6</ele><time>2026-04-18T04:41:18.000Z</time></trkpt>
      <trkpt lat="35.731175" lon="127.947191"><ele>619.4</ele><time>2026-04-18T04:41:23.000Z</time></trkpt>
      <trkpt lat="35.731175" lon="127.947161"><ele>618.8</ele><time>2026-04-18T04:41:26.000Z</time></trkpt>
      <trkpt lat="35.731174" lon="127.947153"><ele>618.4</ele><time>2026-04-18T04:41:27.000Z</time></trkpt>
      <trkpt lat="35.731166" lon="127.947129"><ele>617.2</ele><time>2026-04-18T04:41:31.000Z</time></trkpt>
      <trkpt lat="35.731172" lon="127.947105"><ele>616.2</ele><time>2026-04-18T04:41:35.000Z</time></trkpt>
      <trkpt lat="35.731173" lon="127.947075"><ele>615.0</ele><time>2026-04-18T04:41:41.000Z</time></trkpt>
      <trkpt lat="35.731161" lon="127.947053"><ele>614.0</ele><time>2026-04-18T04:41:44.000Z</time></trkpt>
      <trkpt lat="35.731167" lon="127.947018"><ele>612.8</ele><time>2026-04-18T04:41:48.000Z</time></trkpt>
      <trkpt lat="35.731162" lon="127.946992"><ele>611.8</ele><time>2026-04-18T04:41:52.000Z</time></trkpt>
      <trkpt lat="35.731152" lon="127.946972"><ele>611.4</ele><time>2026-04-18T04:41:54.000Z</time></trkpt>
      <trkpt lat="35.731151" lon="127.946956"><ele>610.8</ele><time>2026-04-18T04:41:56.000Z</time></trkpt>
      <trkpt lat="35.731149" lon="127.946942"><ele>610.2</ele><time>2026-04-18T04:41:58.000Z</time></trkpt>
      <trkpt lat="35.731140" lon="127.946919"><ele>609.4</ele><time>2026-04-18T04:42:01.000Z</time></trkpt>
      <trkpt lat="35.731132" lon="127.946893"><ele>608.6</ele><time>2026-04-18T04:42:04.000Z</time></trkpt>
      <trkpt lat="35.731131" lon="127.946875"><ele>608.2</ele><time>2026-04-18T04:42:06.000Z</time></trkpt>
      <trkpt lat="35.731126" lon="127.946851"><ele>607.2</ele><time>2026-04-18T04:42:09.000Z</time></trkpt>
      <trkpt lat="35.731125" lon="127.946841"><ele>607.0</ele><time>2026-04-18T04:42:10.000Z</time></trkpt>
      <trkpt lat="35.731122" lon="127.946829"><ele>606.8</ele><time>2026-04-18T04:42:11.000Z</time></trkpt>
      <trkpt lat="35.731116" lon="127.946785"><ele>606.0</ele><time>2026-04-18T04:42:14.000Z</time></trkpt>
      <trkpt lat="35.731115" lon="127.946776"><ele>605.8</ele><time>2026-04-18T04:42:15.000Z</time></trkpt>
      <trkpt lat="35.731121" lon="127.946738"><ele>604.6</ele><time>2026-04-18T04:42:20.000Z</time></trkpt>
      <trkpt lat="35.731111" lon="127.946708"><ele>604.0</ele><time>2026-04-18T04:42:24.000Z</time></trkpt>
      <trkpt lat="35.731119" lon="127.946688"><ele>603.4</ele><time>2026-04-18T04:42:26.000Z</time></trkpt>
      <trkpt lat="35.731133" lon="127.946628"><ele>602.4</ele><time>2026-04-18T04:42:31.000Z</time></trkpt>
      <trkpt lat="35.731134" lon="127.946613"><ele>602.2</ele><time>2026-04-18T04:42:32.000Z</time></trkpt>
      <trkpt lat="35.731119" lon="127.946561"><ele>601.4</ele><time>2026-04-18T04:42:36.000Z</time></trkpt>
      <trkpt lat="35.731091" lon="127.946488"><ele>600.8</ele><time>2026-04-18T04:42:43.000Z</time></trkpt>
      <trkpt lat="35.731101" lon="127.946406"><ele>602.6</ele><time>2026-04-18T04:42:52.000Z</time></trkpt>
      <trkpt lat="35.731107" lon="127.946357"><ele>603.6</ele><time>2026-04-18T04:42:57.000Z</time></trkpt>
      <trkpt lat="35.731113" lon="127.946335"><ele>604.2</ele><time>2026-04-18T04:42:59.000Z</time></trkpt>
      <trkpt lat="35.731116" lon="127.946318"><ele>604.6</ele><time>2026-04-18T04:43:01.000Z</time></trkpt>
      <trkpt lat="35.731120" lon="127.946309"><ele>604.8</ele><time>2026-04-18T04:43:02.000Z</time></trkpt>
      <trkpt lat="35.731128" lon="127.946284"><ele>605.6</ele><time>2026-04-18T04:43:05.000Z</time></trkpt>
      <trkpt lat="35.731132" lon="127.946270"><ele>606.0</ele><time>2026-04-18T04:43:07.000Z</time></trkpt>
      <trkpt lat="35.731132" lon="127.946242"><ele>607.0</ele><time>2026-04-18T04:43:12.000Z</time></trkpt>
      <trkpt lat="35.731132" lon="127.946232"><ele>607.2</ele><time>2026-04-18T04:43:14.000Z</time></trkpt>
      <trkpt lat="35.731130" lon="127.946224"><ele>607.8</ele><time>2026-04-18T04:43:17.000Z</time></trkpt>
      <trkpt lat="35.731131" lon="127.946211"><ele>608.0</ele><time>2026-04-18T04:43:20.000Z</time></trkpt>
      <trkpt lat="35.731132" lon="127.946184"><ele>608.6</ele><time>2026-04-18T04:43:25.000Z</time></trkpt>
      <trkpt lat="35.731132" lon="127.946175"><ele>609.0</ele><time>2026-04-18T04:43:27.000Z</time></trkpt>
      <trkpt lat="35.731135" lon="127.946145"><ele>610.0</ele><time>2026-04-18T04:43:34.000Z</time></trkpt>
      <trkpt lat="35.731136" lon="127.946130"><ele>610.2</ele><time>2026-04-18T04:43:37.000Z</time></trkpt>
      <trkpt lat="35.731133" lon="127.946114"><ele>611.0</ele><time>2026-04-18T04:43:41.000Z</time></trkpt>
      <trkpt lat="35.731130" lon="127.946099"><ele>612.0</ele><time>2026-04-18T04:43:47.000Z</time></trkpt>
      <trkpt lat="35.731128" lon="127.946092"><ele>612.4</ele><time>2026-04-18T04:43:49.000Z</time></trkpt>
      <trkpt lat="35.731130" lon="127.946080"><ele>613.2</ele><time>2026-04-18T04:43:53.000Z</time></trkpt>
      <trkpt lat="35.731113" lon="127.946056"><ele>614.2</ele><time>2026-04-18T04:44:00.000Z</time></trkpt>
      <trkpt lat="35.731110" lon="127.946053"><ele>614.4</ele><time>2026-04-18T04:44:01.000Z</time></trkpt>
      <trkpt lat="35.731106" lon="127.946030"><ele>615.2</ele><time>2026-04-18T04:44:07.000Z</time></trkpt>
      <trkpt lat="35.731115" lon="127.945999"><ele>616.4</ele><time>2026-04-18T04:44:12.000Z</time></trkpt>
      <trkpt lat="35.731118" lon="127.945968"><ele>617.4</ele><time>2026-04-18T04:44:18.000Z</time></trkpt>
      <trkpt lat="35.731116" lon="127.945933"><ele>618.2</ele><time>2026-04-18T04:44:23.000Z</time></trkpt>
      <trkpt lat="35.731114" lon="127.945924"><ele>618.6</ele><time>2026-04-18T04:44:25.000Z</time></trkpt>
      <trkpt lat="35.731121" lon="127.945877"><ele>619.8</ele><time>2026-04-18T04:44:33.000Z</time></trkpt>
      <trkpt lat="35.731122" lon="127.945872"><ele>620.0</ele><time>2026-04-18T04:44:34.000Z</time></trkpt>
      <trkpt lat="35.731115" lon="127.945838"><ele>620.8</ele><time>2026-04-18T04:44:39.000Z</time></trkpt>
      <trkpt lat="35.731118" lon="127.945838"><ele>621.2</ele><time>2026-04-18T04:44:44.000Z</time></trkpt>
      <trkpt lat="35.731155" lon="127.945813"><ele>622.0</ele><time>2026-04-18T04:44:52.000Z</time></trkpt>
      <trkpt lat="35.731179" lon="127.945798"><ele>622.4</ele><time>2026-04-18T04:44:56.000Z</time></trkpt>
      <trkpt lat="35.731227" lon="127.945764"><ele>623.0</ele><time>2026-04-18T04:45:04.000Z</time></trkpt>
      <trkpt lat="35.731269" lon="127.945758"><ele>623.6</ele><time>2026-04-18T04:45:09.000Z</time></trkpt>
      <trkpt lat="35.731306" lon="127.945738"><ele>624.0</ele><time>2026-04-18T04:45:15.000Z</time></trkpt>
      <trkpt lat="35.731332" lon="127.945738"><ele>624.2</ele><time>2026-04-18T04:45:19.000Z</time></trkpt>
      <trkpt lat="35.731356" lon="127.945740"><ele>624.6</ele><time>2026-04-18T04:45:23.000Z</time></trkpt>
      <trkpt lat="35.731375" lon="127.945736"><ele>625.0</ele><time>2026-04-18T04:45:26.000Z</time></trkpt>
      <trkpt lat="35.731433" lon="127.945722"><ele>626.0</ele><time>2026-04-18T04:45:34.000Z</time></trkpt>
      <trkpt lat="35.731439" lon="127.945721"><ele>626.2</ele><time>2026-04-18T04:45:35.000Z</time></trkpt>
      <trkpt lat="35.731475" lon="127.945705"><ele>627.0</ele><time>2026-04-18T04:45:42.000Z</time></trkpt>
      <trkpt lat="35.731480" lon="127.945701"><ele>627.4</ele><time>2026-04-18T04:45:43.000Z</time></trkpt>
      <trkpt lat="35.731491" lon="127.945699"><ele>627.6</ele><time>2026-04-18T04:45:47.000Z</time></trkpt>
      <trkpt lat="35.731522" lon="127.945693"><ele>627.8</ele><time>2026-04-18T04:45:55.000Z</time></trkpt>
      <trkpt lat="35.731531" lon="127.945690"><ele>628.0</ele><time>2026-04-18T04:46:00.000Z</time></trkpt>
      <trkpt lat="35.731532" lon="127.945690"><ele>628.2</ele><time>2026-04-18T04:46:02.000Z</time></trkpt>
      <trkpt lat="35.731531" lon="127.945695"><ele>628.0</ele><time>2026-04-18T04:46:09.000Z</time></trkpt>
      <trkpt lat="35.731528" lon="127.945701"><ele>628.0</ele><time>2026-04-18T04:46:18.000Z</time></trkpt>
      <trkpt lat="35.731534" lon="127.945688"><ele>628.0</ele><time>2026-04-18T04:46:22.000Z</time></trkpt>
      <trkpt lat="35.731531" lon="127.945697"><ele>628.2</ele><time>2026-04-18T04:46:31.000Z</time></trkpt>
      <trkpt lat="35.731529" lon="127.945706"><ele>628.4</ele><time>2026-04-18T04:46:36.000Z</time></trkpt>
      <trkpt lat="35.731497" lon="127.945710"><ele>628.4</ele><time>2026-04-18T04:46:43.000Z</time></trkpt>
      <trkpt lat="35.731489" lon="127.945711"><ele>628.4</ele><time>2026-04-18T04:46:51.000Z</time></trkpt>
      <trkpt lat="35.731481" lon="127.945704"><ele>628.4</ele><time>2026-04-18T04:47:02.000Z</time></trkpt>
      <trkpt lat="35.731487" lon="127.945700"><ele>628.4</ele><time>2026-04-18T04:47:08.000Z</time></trkpt>
      <trkpt lat="35.731503" lon="127.945701"><ele>628.4</ele><time>2026-04-18T04:47:13.000Z</time></trkpt>
      <trkpt lat="35.731505" lon="127.945720"><ele>628.2</ele><time>2026-04-18T04:47:21.000Z</time></trkpt>
      <trkpt lat="35.731507" lon="127.945721"><ele>628.2</ele><time>2026-04-18T04:47:22.000Z</time></trkpt>
      <trkpt lat="35.731487" lon="127.945715"><ele>627.8</ele><time>2026-04-18T04:47:34.000Z</time></trkpt>
      <trkpt lat="35.731538" lon="127.945664"><ele>627.8</ele><time>2026-04-18T04:47:47.000Z</time></trkpt>
      <trkpt lat="35.731549" lon="127.945659"><ele>627.8</ele><time>2026-04-18T04:47:50.000Z</time></trkpt>
      <trkpt lat="35.731586" lon="127.945618"><ele>628.0</ele><time>2026-04-18T04:47:56.000Z</time></trkpt>
      <trkpt lat="35.731657" lon="127.945537"><ele>628.0</ele><time>2026-04-18T04:48:06.000Z</time></trkpt>
      <trkpt lat="35.731666" lon="127.945529"><ele>628.0</ele><time>2026-04-18T04:48:07.000Z</time></trkpt>
      <trkpt lat="35.731691" lon="127.945497"><ele>628.0</ele><time>2026-04-18T04:48:10.000Z</time></trkpt>
      <trkpt lat="35.731718" lon="127.945477"><ele>628.0</ele><time>2026-04-18T04:48:13.000Z</time></trkpt>
      <trkpt lat="35.731740" lon="127.945472"><ele>628.0</ele><time>2026-04-18T04:48:15.000Z</time></trkpt>
      <trkpt lat="35.731766" lon="127.945462"><ele>628.0</ele><time>2026-04-18T04:48:18.000Z</time></trkpt>
      <trkpt lat="35.731782" lon="127.945445"><ele>628.2</ele><time>2026-04-18T04:48:20.000Z</time></trkpt>
      <trkpt lat="35.731804" lon="127.945421"><ele>628.2</ele><time>2026-04-18T04:48:22.000Z</time></trkpt>
      <trkpt lat="35.731838" lon="127.945422"><ele>628.0</ele><time>2026-04-18T04:48:25.000Z</time></trkpt>
      <trkpt lat="35.731871" lon="127.945419"><ele>627.8</ele><time>2026-04-18T04:48:28.000Z</time></trkpt>
      <trkpt lat="35.731893" lon="127.945402"><ele>627.8</ele><time>2026-04-18T04:48:30.000Z</time></trkpt>
      <trkpt lat="35.731934" lon="127.945367"><ele>627.6</ele><time>2026-04-18T04:48:34.000Z</time></trkpt>
      <trkpt lat="35.731944" lon="127.945360"><ele>627.6</ele><time>2026-04-18T04:48:35.000Z</time></trkpt>
      <trkpt lat="35.731968" lon="127.945343"><ele>627.8</ele><time>2026-04-18T04:48:38.000Z</time></trkpt>
      <trkpt lat="35.731976" lon="127.945340"><ele>627.8</ele><time>2026-04-18T04:48:39.000Z</time></trkpt>
      <trkpt lat="35.732054" lon="127.945299"><ele>628.6</ele><time>2026-04-18T04:48:47.000Z</time></trkpt>
      <trkpt lat="35.732096" lon="127.945261"><ele>629.4</ele><time>2026-04-18T04:48:52.000Z</time></trkpt>
      <trkpt lat="35.732108" lon="127.945255"><ele>629.6</ele><time>2026-04-18T04:48:53.000Z</time></trkpt>
      <trkpt lat="35.732117" lon="127.945247"><ele>629.6</ele><time>2026-04-18T04:48:54.000Z</time></trkpt>
      <trkpt lat="35.732123" lon="127.945241"><ele>629.8</ele><time>2026-04-18T04:48:55.000Z</time></trkpt>
      <trkpt lat="35.732131" lon="127.945236"><ele>630.0</ele><time>2026-04-18T04:48:56.000Z</time></trkpt>
      <trkpt lat="35.732163" lon="127.945228"><ele>630.6</ele><time>2026-04-18T04:48:59.000Z</time></trkpt>
      <trkpt lat="35.732200" lon="127.945237"><ele>630.8</ele><time>2026-04-18T04:49:02.000Z</time></trkpt>
      <trkpt lat="35.732241" lon="127.945235"><ele>631.2</ele><time>2026-04-18T04:49:05.000Z</time></trkpt>
      <trkpt lat="35.732261" lon="127.945236"><ele>631.6</ele><time>2026-04-18T04:49:07.000Z</time></trkpt>
      <trkpt lat="35.732305" lon="127.945227"><ele>632.0</ele><time>2026-04-18T04:49:12.000Z</time></trkpt>
      <trkpt lat="35.732312" lon="127.945225"><ele>632.2</ele><time>2026-04-18T04:49:13.000Z</time></trkpt>
      <trkpt lat="35.732328" lon="127.945213"><ele>632.6</ele><time>2026-04-18T04:49:15.000Z</time></trkpt>
      <trkpt lat="35.732393" lon="127.945194"><ele>632.4</ele><time>2026-04-18T04:49:22.000Z</time></trkpt>
      <trkpt lat="35.732444" lon="127.945175"><ele>632.8</ele><time>2026-04-18T04:49:28.000Z</time></trkpt>
      <trkpt lat="35.732476" lon="127.945116"><ele>632.4</ele><time>2026-04-18T04:49:36.000Z</time></trkpt>
      <trkpt lat="35.732546" lon="127.945020"><ele>632.6</ele><time>2026-04-18T04:49:47.000Z</time></trkpt>
      <trkpt lat="35.732628" lon="127.944937"><ele>633.0</ele><time>2026-04-18T04:49:56.000Z</time></trkpt>
      <trkpt lat="35.732667" lon="127.944971"><ele>633.0</ele><time>2026-04-18T04:50:02.000Z</time></trkpt>
      <trkpt lat="35.732742" lon="127.944974"><ele>631.4</ele><time>2026-04-18T04:50:10.000Z</time></trkpt>
      <trkpt lat="35.732749" lon="127.944978"><ele>631.2</ele><time>2026-04-18T04:50:11.000Z</time></trkpt>
      <trkpt lat="35.732771" lon="127.944985"><ele>630.2</ele><time>2026-04-18T04:50:14.000Z</time></trkpt>
      <trkpt lat="35.732803" lon="127.945002"><ele>629.2</ele><time>2026-04-18T04:50:18.000Z</time></trkpt>
      <trkpt lat="35.732811" lon="127.944999"><ele>629.0</ele><time>2026-04-18T04:50:19.000Z</time></trkpt>
      <trkpt lat="35.732859" lon="127.945029"><ele>628.0</ele><time>2026-04-18T04:50:25.000Z</time></trkpt>
      <trkpt lat="35.732878" lon="127.945029"><ele>627.6</ele><time>2026-04-18T04:50:27.000Z</time></trkpt>
      <trkpt lat="35.732897" lon="127.945025"><ele>627.0</ele><time>2026-04-18T04:50:29.000Z</time></trkpt>
      <trkpt lat="35.732931" lon="127.945002"><ele>625.8</ele><time>2026-04-18T04:50:34.000Z</time></trkpt>
      <trkpt lat="35.732943" lon="127.944978"><ele>625.2</ele><time>2026-04-18T04:50:37.000Z</time></trkpt>
      <trkpt lat="35.732957" lon="127.944963"><ele>624.4</ele><time>2026-04-18T04:50:39.000Z</time></trkpt>
      <trkpt lat="35.733004" lon="127.944947"><ele>623.2</ele><time>2026-04-18T04:50:44.000Z</time></trkpt>
      <trkpt lat="35.733024" lon="127.944950"><ele>623.0</ele><time>2026-04-18T04:50:46.000Z</time></trkpt>
      <trkpt lat="35.733083" lon="127.945016"><ele>622.4</ele><time>2026-04-18T04:50:54.000Z</time></trkpt>
      <trkpt lat="35.733101" lon="127.945028"><ele>622.2</ele><time>2026-04-18T04:50:56.000Z</time></trkpt>
      <trkpt lat="35.733111" lon="127.945031"><ele>622.2</ele><time>2026-04-18T04:50:57.000Z</time></trkpt>
      <trkpt lat="35.733124" lon="127.945033"><ele>622.2</ele><time>2026-04-18T04:50:58.000Z</time></trkpt>
      <trkpt lat="35.733131" lon="127.945033"><ele>622.2</ele><time>2026-04-18T04:50:59.000Z</time></trkpt>
      <trkpt lat="35.733143" lon="127.945023"><ele>622.0</ele><time>2026-04-18T04:51:01.000Z</time></trkpt>
      <trkpt lat="35.733146" lon="127.945018"><ele>621.8</ele><time>2026-04-18T04:51:02.000Z</time></trkpt>
      <trkpt lat="35.733157" lon="127.944993"><ele>621.2</ele><time>2026-04-18T04:51:06.000Z</time></trkpt>
      <trkpt lat="35.733162" lon="127.944988"><ele>620.8</ele><time>2026-04-18T04:51:07.000Z</time></trkpt>
      <trkpt lat="35.733182" lon="127.944987"><ele>619.6</ele><time>2026-04-18T04:51:11.000Z</time></trkpt>
      <trkpt lat="35.733187" lon="127.944984"><ele>619.4</ele><time>2026-04-18T04:51:12.000Z</time></trkpt>
      <trkpt lat="35.733197" lon="127.944968"><ele>618.6</ele><time>2026-04-18T04:51:15.000Z</time></trkpt>
      <trkpt lat="35.733200" lon="127.944964"><ele>618.4</ele><time>2026-04-18T04:51:16.000Z</time></trkpt>
      <trkpt lat="35.733211" lon="127.944949"><ele>617.6</ele><time>2026-04-18T04:51:19.000Z</time></trkpt>
      <trkpt lat="35.733212" lon="127.944943"><ele>617.4</ele><time>2026-04-18T04:51:20.000Z</time></trkpt>
      <trkpt lat="35.733223" lon="127.944913"><ele>616.4</ele><time>2026-04-18T04:51:23.000Z</time></trkpt>
      <trkpt lat="35.733241" lon="127.944889"><ele>615.2</ele><time>2026-04-18T04:51:27.000Z</time></trkpt>
      <trkpt lat="35.733255" lon="127.944882"><ele>614.4</ele><time>2026-04-18T04:51:29.000Z</time></trkpt>
      <trkpt lat="35.733258" lon="127.944878"><ele>614.2</ele><time>2026-04-18T04:51:30.000Z</time></trkpt>
      <trkpt lat="35.733258" lon="127.944873"><ele>613.8</ele><time>2026-04-18T04:51:31.000Z</time></trkpt>
      <trkpt lat="35.733280" lon="127.944858"><ele>612.8</ele><time>2026-04-18T04:51:35.000Z</time></trkpt>
      <trkpt lat="35.733286" lon="127.944852"><ele>612.4</ele><time>2026-04-18T04:51:36.000Z</time></trkpt>
      <trkpt lat="35.733307" lon="127.944837"><ele>611.6</ele><time>2026-04-18T04:51:39.000Z</time></trkpt>
      <trkpt lat="35.733325" lon="127.944826"><ele>610.6</ele><time>2026-04-18T04:51:42.000Z</time></trkpt>
      <trkpt lat="35.733330" lon="127.944820"><ele>610.2</ele><time>2026-04-18T04:51:43.000Z</time></trkpt>
      <trkpt lat="35.733345" lon="127.944809"><ele>609.6</ele><time>2026-04-18T04:51:45.000Z</time></trkpt>
      <trkpt lat="35.733359" lon="127.944800"><ele>609.0</ele><time>2026-04-18T04:51:47.000Z</time></trkpt>
      <trkpt lat="35.733383" lon="127.944768"><ele>607.8</ele><time>2026-04-18T04:51:51.000Z</time></trkpt>
      <trkpt lat="35.733407" lon="127.944721"><ele>606.4</ele><time>2026-04-18T04:51:55.000Z</time></trkpt>
      <trkpt lat="35.733417" lon="127.944716"><ele>606.2</ele><time>2026-04-18T04:51:56.000Z</time></trkpt>
      <trkpt lat="35.733449" lon="127.944715"><ele>605.6</ele><time>2026-04-18T04:51:59.000Z</time></trkpt>
      <trkpt lat="35.733480" lon="127.944697"><ele>605.6</ele><time>2026-04-18T04:52:02.000Z</time></trkpt>
      <trkpt lat="35.733503" lon="127.944669"><ele>605.6</ele><time>2026-04-18T04:52:05.000Z</time></trkpt>
      <trkpt lat="35.733545" lon="127.944617"><ele>605.6</ele><time>2026-04-18T04:52:11.000Z</time></trkpt>
      <trkpt lat="35.733607" lon="127.944558"><ele>605.6</ele><time>2026-04-18T04:52:18.000Z</time></trkpt>
      <trkpt lat="35.733612" lon="127.944553"><ele>605.4</ele><time>2026-04-18T04:52:19.000Z</time></trkpt>
      <trkpt lat="35.733679" lon="127.944488"><ele>604.4</ele><time>2026-04-18T04:52:27.000Z</time></trkpt>
      <trkpt lat="35.733689" lon="127.944479"><ele>604.2</ele><time>2026-04-18T04:52:28.000Z</time></trkpt>
      <trkpt lat="35.733716" lon="127.944452"><ele>603.2</ele><time>2026-04-18T04:52:31.000Z</time></trkpt>
      <trkpt lat="35.733747" lon="127.944424"><ele>602.8</ele><time>2026-04-18T04:52:35.000Z</time></trkpt>
      <trkpt lat="35.733766" lon="127.944416"><ele>602.4</ele><time>2026-04-18T04:52:37.000Z</time></trkpt>
      <trkpt lat="35.733776" lon="127.944408"><ele>602.0</ele><time>2026-04-18T04:52:38.000Z</time></trkpt>
      <trkpt lat="35.733825" lon="127.944362"><ele>601.4</ele><time>2026-04-18T04:52:43.000Z</time></trkpt>
      <trkpt lat="35.733835" lon="127.944338"><ele>601.0</ele><time>2026-04-18T04:52:45.000Z</time></trkpt>
      <trkpt lat="35.733859" lon="127.944301"><ele>600.0</ele><time>2026-04-18T04:52:49.000Z</time></trkpt>
      <trkpt lat="35.733874" lon="127.944287"><ele>599.6</ele><time>2026-04-18T04:52:51.000Z</time></trkpt>
      <trkpt lat="35.733890" lon="127.944269"><ele>599.0</ele><time>2026-04-18T04:52:53.000Z</time></trkpt>
      <trkpt lat="35.733897" lon="127.944258"><ele>598.8</ele><time>2026-04-18T04:52:54.000Z</time></trkpt>
      <trkpt lat="35.733937" lon="127.944200"><ele>598.2</ele><time>2026-04-18T04:52:59.000Z</time></trkpt>
      <trkpt lat="35.733968" lon="127.944096"><ele>597.8</ele><time>2026-04-18T04:53:06.000Z</time></trkpt>
      <trkpt lat="35.733971" lon="127.944081"><ele>597.6</ele><time>2026-04-18T04:53:07.000Z</time></trkpt>
      <trkpt lat="35.733983" lon="127.944054"><ele>597.6</ele><time>2026-04-18T04:53:09.000Z</time></trkpt>
      <trkpt lat="35.734001" lon="127.944007"><ele>597.6</ele><time>2026-04-18T04:53:12.000Z</time></trkpt>
      <trkpt lat="35.734016" lon="127.943988"><ele>597.6</ele><time>2026-04-18T04:53:14.000Z</time></trkpt>
      <trkpt lat="35.734034" lon="127.943976"><ele>597.2</ele><time>2026-04-18T04:53:16.000Z</time></trkpt>
      <trkpt lat="35.734048" lon="127.943970"><ele>596.6</ele><time>2026-04-18T04:53:18.000Z</time></trkpt>
      <trkpt lat="35.734078" lon="127.943950"><ele>595.4</ele><time>2026-04-18T04:53:22.000Z</time></trkpt>
      <trkpt lat="35.734110" lon="127.943931"><ele>594.6</ele><time>2026-04-18T04:53:25.000Z</time></trkpt>
      <trkpt lat="35.734118" lon="127.943929"><ele>594.2</ele><time>2026-04-18T04:53:26.000Z</time></trkpt>
      <trkpt lat="35.734129" lon="127.943921"><ele>593.2</ele><time>2026-04-18T04:53:28.000Z</time></trkpt>
      <trkpt lat="35.734159" lon="127.943904"><ele>592.0</ele><time>2026-04-18T04:53:32.000Z</time></trkpt>
      <trkpt lat="35.734173" lon="127.943898"><ele>591.2</ele><time>2026-04-18T04:53:34.000Z</time></trkpt>
      <trkpt lat="35.734178" lon="127.943893"><ele>590.8</ele><time>2026-04-18T04:53:35.000Z</time></trkpt>
      <trkpt lat="35.734208" lon="127.943878"><ele>589.8</ele><time>2026-04-18T04:53:38.000Z</time></trkpt>
      <trkpt lat="35.734238" lon="127.943838"><ele>588.8</ele><time>2026-04-18T04:53:41.000Z</time></trkpt>
      <trkpt lat="35.734250" lon="127.943826"><ele>588.6</ele><time>2026-04-18T04:53:42.000Z</time></trkpt>
      <trkpt lat="35.734263" lon="127.943820"><ele>588.6</ele><time>2026-04-18T04:53:43.000Z</time></trkpt>
      <trkpt lat="35.734330" lon="127.943785"><ele>588.4</ele><time>2026-04-18T04:53:49.000Z</time></trkpt>
      <trkpt lat="35.734349" lon="127.943780"><ele>588.4</ele><time>2026-04-18T04:53:51.000Z</time></trkpt>
      <trkpt lat="35.734356" lon="127.943779"><ele>588.4</ele><time>2026-04-18T04:53:52.000Z</time></trkpt>
      <trkpt lat="35.734408" lon="127.943745"><ele>589.4</ele><time>2026-04-18T04:53:59.000Z</time></trkpt>
      <trkpt lat="35.734416" lon="127.943740"><ele>589.6</ele><time>2026-04-18T04:54:00.000Z</time></trkpt>
      <trkpt lat="35.734497" lon="127.943661"><ele>588.4</ele><time>2026-04-18T04:54:10.000Z</time></trkpt>
      <trkpt lat="35.734510" lon="127.943630"><ele>587.8</ele><time>2026-04-18T04:54:12.000Z</time></trkpt>
      <trkpt lat="35.734527" lon="127.943595"><ele>587.4</ele><time>2026-04-18T04:54:15.000Z</time></trkpt>
      <trkpt lat="35.734529" lon="127.943584"><ele>587.4</ele><time>2026-04-18T04:54:16.000Z</time></trkpt>
      <trkpt lat="35.734533" lon="127.943569"><ele>587.4</ele><time>2026-04-18T04:54:18.000Z</time></trkpt>
      <trkpt lat="35.734540" lon="127.943560"><ele>587.4</ele><time>2026-04-18T04:54:19.000Z</time></trkpt>
      <trkpt lat="35.734589" lon="127.943494"><ele>588.6</ele><time>2026-04-18T04:54:26.000Z</time></trkpt>
      <trkpt lat="35.734618" lon="127.943471"><ele>589.2</ele><time>2026-04-18T04:54:29.000Z</time></trkpt>
      <trkpt lat="35.734657" lon="127.943451"><ele>589.8</ele><time>2026-04-18T04:54:33.000Z</time></trkpt>
      <trkpt lat="35.734689" lon="127.943433"><ele>589.8</ele><time>2026-04-18T04:54:36.000Z</time></trkpt>
      <trkpt lat="35.734720" lon="127.943422"><ele>589.8</ele><time>2026-04-18T04:54:39.000Z</time></trkpt>
      <trkpt lat="35.734735" lon="127.943415"><ele>589.8</ele><time>2026-04-18T04:54:40.000Z</time></trkpt>
      <trkpt lat="35.734757" lon="127.943405"><ele>589.4</ele><time>2026-04-18T04:54:42.000Z</time></trkpt>
      <trkpt lat="35.734788" lon="127.943397"><ele>589.4</ele><time>2026-04-18T04:54:45.000Z</time></trkpt>
      <trkpt lat="35.734810" lon="127.943401"><ele>589.4</ele><time>2026-04-18T04:54:47.000Z</time></trkpt>
      <trkpt lat="35.734826" lon="127.943408"><ele>589.2</ele><time>2026-04-18T04:54:49.000Z</time></trkpt>
      <trkpt lat="35.734894" lon="127.943403"><ele>589.2</ele><time>2026-04-18T04:54:55.000Z</time></trkpt>
      <trkpt lat="35.734933" lon="127.943408"><ele>589.2</ele><time>2026-04-18T04:54:58.000Z</time></trkpt>
      <trkpt lat="35.734964" lon="127.943411"><ele>589.0</ele><time>2026-04-18T04:55:01.000Z</time></trkpt>
      <trkpt lat="35.734996" lon="127.943410"><ele>588.8</ele><time>2026-04-18T04:55:04.000Z</time></trkpt>
      <trkpt lat="35.735005" lon="127.943414"><ele>588.8</ele><time>2026-04-18T04:55:05.000Z</time></trkpt>
      <trkpt lat="35.735044" lon="127.943438"><ele>587.6</ele><time>2026-04-18T04:55:10.000Z</time></trkpt>
      <trkpt lat="35.735068" lon="127.943439"><ele>587.0</ele><time>2026-04-18T04:55:12.000Z</time></trkpt>
      <trkpt lat="35.735092" lon="127.943451"><ele>586.4</ele><time>2026-04-18T04:55:14.000Z</time></trkpt>
      <trkpt lat="35.735141" lon="127.943483"><ele>585.2</ele><time>2026-04-18T04:55:19.000Z</time></trkpt>
      <trkpt lat="35.735147" lon="127.943485"><ele>585.2</ele><time>2026-04-18T04:55:20.000Z</time></trkpt>
      <trkpt lat="35.735171" lon="127.943491"><ele>584.2</ele><time>2026-04-18T04:55:23.000Z</time></trkpt>
      <trkpt lat="35.735211" lon="127.943505"><ele>583.0</ele><time>2026-04-18T04:55:27.000Z</time></trkpt>
      <trkpt lat="35.735233" lon="127.943504"><ele>582.4</ele><time>2026-04-18T04:55:29.000Z</time></trkpt>
      <trkpt lat="35.735250" lon="127.943505"><ele>581.6</ele><time>2026-04-18T04:55:31.000Z</time></trkpt>
      <trkpt lat="35.735286" lon="127.943502"><ele>580.6</ele><time>2026-04-18T04:55:35.000Z</time></trkpt>
      <trkpt lat="35.735322" lon="127.943508"><ele>579.6</ele><time>2026-04-18T04:55:39.000Z</time></trkpt>
      <trkpt lat="35.735330" lon="127.943509"><ele>579.4</ele><time>2026-04-18T04:55:40.000Z</time></trkpt>
      <trkpt lat="35.735363" lon="127.943511"><ele>578.6</ele><time>2026-04-18T04:55:43.000Z</time></trkpt>
      <trkpt lat="35.735373" lon="127.943515"><ele>578.4</ele><time>2026-04-18T04:55:44.000Z</time></trkpt>
      <trkpt lat="35.735432" lon="127.943516"><ele>576.8</ele><time>2026-04-18T04:55:49.000Z</time></trkpt>
      <trkpt lat="35.735475" lon="127.943521"><ele>576.4</ele><time>2026-04-18T04:55:53.000Z</time></trkpt>
      <trkpt lat="35.735505" lon="127.943528"><ele>575.8</ele><time>2026-04-18T04:55:56.000Z</time></trkpt>
      <trkpt lat="35.735623" lon="127.943541"><ele>576.4</ele><time>2026-04-18T04:56:05.000Z</time></trkpt>
      <trkpt lat="35.735662" lon="127.943521"><ele>577.0</ele><time>2026-04-18T04:56:08.000Z</time></trkpt>
      <trkpt lat="35.735718" lon="127.943515"><ele>577.6</ele><time>2026-04-18T04:56:13.000Z</time></trkpt>
      <trkpt lat="35.735771" lon="127.943484"><ele>577.8</ele><time>2026-04-18T04:56:18.000Z</time></trkpt>
      <trkpt lat="35.735777" lon="127.943481"><ele>577.8</ele><time>2026-04-18T04:56:19.000Z</time></trkpt>
      <trkpt lat="35.735801" lon="127.943466"><ele>577.6</ele><time>2026-04-18T04:56:21.000Z</time></trkpt>
      <trkpt lat="35.735847" lon="127.943453"><ele>576.8</ele><time>2026-04-18T04:56:26.000Z</time></trkpt>
      <trkpt lat="35.735940" lon="127.943415"><ele>576.0</ele><time>2026-04-18T04:56:34.000Z</time></trkpt>
      <trkpt lat="35.735977" lon="127.943389"><ele>575.0</ele><time>2026-04-18T04:56:38.000Z</time></trkpt>
      <trkpt lat="35.736013" lon="127.943358"><ele>573.8</ele><time>2026-04-18T04:56:42.000Z</time></trkpt>
      <trkpt lat="35.736023" lon="127.943350"><ele>573.6</ele><time>2026-04-18T04:56:43.000Z</time></trkpt>
      <trkpt lat="35.736057" lon="127.943328"><ele>572.8</ele><time>2026-04-18T04:56:46.000Z</time></trkpt>
      <trkpt lat="35.736071" lon="127.943316"><ele>571.6</ele><time>2026-04-18T04:56:49.000Z</time></trkpt>
      <trkpt lat="35.736085" lon="127.943308"><ele>571.0</ele><time>2026-04-18T04:56:51.000Z</time></trkpt>
      <trkpt lat="35.736098" lon="127.943312"><ele>570.4</ele><time>2026-04-18T04:56:53.000Z</time></trkpt>
      <trkpt lat="35.736112" lon="127.943301"><ele>569.2</ele><time>2026-04-18T04:56:56.000Z</time></trkpt>
      <trkpt lat="35.736116" lon="127.943270"><ele>568.2</ele><time>2026-04-18T04:56:59.000Z</time></trkpt>
      <trkpt lat="35.736107" lon="127.943255"><ele>567.2</ele><time>2026-04-18T04:57:02.000Z</time></trkpt>
      <trkpt lat="35.736113" lon="127.943250"><ele>566.8</ele><time>2026-04-18T04:57:03.000Z</time></trkpt>
      <trkpt lat="35.736128" lon="127.943237"><ele>566.0</ele><time>2026-04-18T04:57:05.000Z</time></trkpt>
      <trkpt lat="35.736156" lon="127.943229"><ele>564.8</ele><time>2026-04-18T04:57:08.000Z</time></trkpt>
      <trkpt lat="35.736192" lon="127.943217"><ele>563.6</ele><time>2026-04-18T04:57:12.000Z</time></trkpt>
      <trkpt lat="35.736207" lon="127.943194"><ele>562.6</ele><time>2026-04-18T04:57:15.000Z</time></trkpt>
      <trkpt lat="35.736223" lon="127.943172"><ele>561.6</ele><time>2026-04-18T04:57:18.000Z</time></trkpt>
      <trkpt lat="35.736226" lon="127.943166"><ele>561.2</ele><time>2026-04-18T04:57:19.000Z</time></trkpt>
      <trkpt lat="35.736246" lon="127.943144"><ele>560.0</ele><time>2026-04-18T04:57:23.000Z</time></trkpt>
      <trkpt lat="35.736274" lon="127.943109"><ele>558.8</ele><time>2026-04-18T04:57:27.000Z</time></trkpt>
      <trkpt lat="35.736282" lon="127.943100"><ele>558.4</ele><time>2026-04-18T04:57:28.000Z</time></trkpt>
      <trkpt lat="35.736300" lon="127.943079"><ele>557.8</ele><time>2026-04-18T04:57:30.000Z</time></trkpt>
      <trkpt lat="35.736308" lon="127.943071"><ele>557.6</ele><time>2026-04-18T04:57:31.000Z</time></trkpt>
      <trkpt lat="35.736345" lon="127.943023"><ele>556.6</ele><time>2026-04-18T04:57:36.000Z</time></trkpt>
      <trkpt lat="35.736351" lon="127.943017"><ele>556.4</ele><time>2026-04-18T04:57:37.000Z</time></trkpt>
      <trkpt lat="35.736374" lon="127.942995"><ele>555.6</ele><time>2026-04-18T04:57:40.000Z</time></trkpt>
      <trkpt lat="35.736399" lon="127.942972"><ele>554.4</ele><time>2026-04-18T04:57:44.000Z</time></trkpt>
      <trkpt lat="35.736431" lon="127.942947"><ele>553.4</ele><time>2026-04-18T04:57:48.000Z</time></trkpt>
      <trkpt lat="35.736442" lon="127.942943"><ele>553.2</ele><time>2026-04-18T04:57:49.000Z</time></trkpt>
      <trkpt lat="35.736491" lon="127.942941"><ele>552.2</ele><time>2026-04-18T04:57:54.000Z</time></trkpt>
      <trkpt lat="35.736511" lon="127.942932"><ele>551.8</ele><time>2026-04-18T04:57:56.000Z</time></trkpt>
      <trkpt lat="35.736538" lon="127.942907"><ele>551.0</ele><time>2026-04-18T04:57:59.000Z</time></trkpt>
      <trkpt lat="35.736575" lon="127.942883"><ele>550.4</ele><time>2026-04-18T04:58:03.000Z</time></trkpt>
      <trkpt lat="35.736589" lon="127.942875"><ele>550.0</ele><time>2026-04-18T04:58:05.000Z</time></trkpt>
      <trkpt lat="35.736592" lon="127.942871"><ele>549.6</ele><time>2026-04-18T04:58:06.000Z</time></trkpt>
      <trkpt lat="35.736608" lon="127.942869"><ele>548.8</ele><time>2026-04-18T04:58:10.000Z</time></trkpt>
      <trkpt lat="35.736622" lon="127.942867"><ele>548.6</ele><time>2026-04-18T04:58:12.000Z</time></trkpt>
      <trkpt lat="35.736637" lon="127.942877"><ele>548.2</ele><time>2026-04-18T04:58:14.000Z</time></trkpt>
      <trkpt lat="35.736654" lon="127.942872"><ele>547.6</ele><time>2026-04-18T04:58:17.000Z</time></trkpt>
      <trkpt lat="35.736676" lon="127.942885"><ele>546.8</ele><time>2026-04-18T04:58:20.000Z</time></trkpt>
      <trkpt lat="35.736681" lon="127.942893"><ele>546.6</ele><time>2026-04-18T04:58:21.000Z</time></trkpt>
      <trkpt lat="35.736702" lon="127.942895"><ele>545.6</ele><time>2026-04-18T04:58:25.000Z</time></trkpt>
      <trkpt lat="35.736723" lon="127.942889"><ele>544.6</ele><time>2026-04-18T04:58:29.000Z</time></trkpt>
      <trkpt lat="35.736725" lon="127.942889"><ele>544.4</ele><time>2026-04-18T04:58:30.000Z</time></trkpt>
      <trkpt lat="35.736741" lon="127.942885"><ele>543.2</ele><time>2026-04-18T04:58:34.000Z</time></trkpt>
      <trkpt lat="35.736746" lon="127.942883"><ele>542.4</ele><time>2026-04-18T04:58:40.000Z</time></trkpt>
      <trkpt lat="35.736755" lon="127.942883"><ele>542.2</ele><time>2026-04-18T04:58:46.000Z</time></trkpt>
      <trkpt lat="35.736764" lon="127.942887"><ele>542.2</ele><time>2026-04-18T04:58:52.000Z</time></trkpt>
      <trkpt lat="35.736772" lon="127.942879"><ele>542.0</ele><time>2026-04-18T04:58:54.000Z</time></trkpt>
      <trkpt lat="35.736793" lon="127.942892"><ele>541.0</ele><time>2026-04-18T04:58:58.000Z</time></trkpt>
      <trkpt lat="35.736812" lon="127.942911"><ele>539.8</ele><time>2026-04-18T04:59:01.000Z</time></trkpt>
      <trkpt lat="35.736821" lon="127.942908"><ele>538.6</ele><time>2026-04-18T04:59:04.000Z</time></trkpt>
      <trkpt lat="35.736838" lon="127.942895"><ele>537.4</ele><time>2026-04-18T04:59:08.000Z</time></trkpt>
      <trkpt lat="35.736848" lon="127.942880"><ele>536.4</ele><time>2026-04-18T04:59:12.000Z</time></trkpt>
      <trkpt lat="35.736851" lon="127.942866"><ele>535.6</ele><time>2026-04-18T04:59:15.000Z</time></trkpt>
      <trkpt lat="35.736856" lon="127.942871"><ele>535.2</ele><time>2026-04-18T04:59:17.000Z</time></trkpt>
      <trkpt lat="35.736873" lon="127.942877"><ele>534.0</ele><time>2026-04-18T04:59:21.000Z</time></trkpt>
      <trkpt lat="35.736884" lon="127.942862"><ele>532.8</ele><time>2026-04-18T04:59:25.000Z</time></trkpt>
      <trkpt lat="35.736904" lon="127.942873"><ele>531.4</ele><time>2026-04-18T04:59:29.000Z</time></trkpt>
      <trkpt lat="35.736914" lon="127.942877"><ele>530.2</ele><time>2026-04-18T04:59:33.000Z</time></trkpt>
      <trkpt lat="35.736927" lon="127.942857"><ele>529.0</ele><time>2026-04-18T04:59:36.000Z</time></trkpt>
      <trkpt lat="35.736940" lon="127.942849"><ele>528.0</ele><time>2026-04-18T04:59:40.000Z</time></trkpt>
      <trkpt lat="35.736954" lon="127.942861"><ele>527.4</ele><time>2026-04-18T04:59:42.000Z</time></trkpt>
      <trkpt lat="35.736964" lon="127.942869"><ele>526.8</ele><time>2026-04-18T04:59:44.000Z</time></trkpt>
      <trkpt lat="35.736971" lon="127.942860"><ele>525.4</ele><time>2026-04-18T04:59:48.000Z</time></trkpt>
      <trkpt lat="35.736978" lon="127.942845"><ele>524.8</ele><time>2026-04-18T04:59:51.000Z</time></trkpt>
      <trkpt lat="35.736981" lon="127.942843"><ele>524.4</ele><time>2026-04-18T04:59:52.000Z</time></trkpt>
      <trkpt lat="35.736997" lon="127.942830"><ele>523.2</ele><time>2026-04-18T04:59:56.000Z</time></trkpt>
      <trkpt lat="35.737014" lon="127.942842"><ele>522.0</ele><time>2026-04-18T05:00:00.000Z</time></trkpt>
      <trkpt lat="35.737020" lon="127.942841"><ele>521.8</ele><time>2026-04-18T05:00:01.000Z</time></trkpt>
      <trkpt lat="35.737032" lon="127.942818"><ele>521.0</ele><time>2026-04-18T05:00:04.000Z</time></trkpt>
      <trkpt lat="35.737055" lon="127.942823"><ele>519.8</ele><time>2026-04-18T05:00:08.000Z</time></trkpt>
      <trkpt lat="35.737085" lon="127.942817"><ele>518.8</ele><time>2026-04-18T05:00:12.000Z</time></trkpt>
      <trkpt lat="35.737102" lon="127.942809"><ele>517.4</ele><time>2026-04-18T05:00:16.000Z</time></trkpt>
      <trkpt lat="35.737112" lon="127.942793"><ele>516.2</ele><time>2026-04-18T05:00:20.000Z</time></trkpt>
      <trkpt lat="35.737139" lon="127.942805"><ele>515.0</ele><time>2026-04-18T05:00:24.000Z</time></trkpt>
      <trkpt lat="35.737136" lon="127.942798"><ele>514.6</ele><time>2026-04-18T05:00:26.000Z</time></trkpt>
      <trkpt lat="35.737141" lon="127.942787"><ele>513.8</ele><time>2026-04-18T05:00:29.000Z</time></trkpt>
      <trkpt lat="35.737163" lon="127.942800"><ele>512.8</ele><time>2026-04-18T05:00:33.000Z</time></trkpt>
      <trkpt lat="35.737173" lon="127.942807"><ele>512.4</ele><time>2026-04-18T05:00:35.000Z</time></trkpt>
      <trkpt lat="35.737181" lon="127.942809"><ele>511.8</ele><time>2026-04-18T05:00:38.000Z</time></trkpt>
      <trkpt lat="35.737213" lon="127.942793"><ele>510.6</ele><time>2026-04-18T05:00:42.000Z</time></trkpt>
      <trkpt lat="35.737239" lon="127.942786"><ele>509.4</ele><time>2026-04-18T05:00:45.000Z</time></trkpt>
      <trkpt lat="35.737265" lon="127.942779"><ele>508.4</ele><time>2026-04-18T05:00:48.000Z</time></trkpt>
      <trkpt lat="35.737304" lon="127.942771"><ele>507.2</ele><time>2026-04-18T05:00:52.000Z</time></trkpt>
      <trkpt lat="35.737333" lon="127.942774"><ele>506.4</ele><time>2026-04-18T05:00:55.000Z</time></trkpt>
      <trkpt lat="35.737342" lon="127.942774"><ele>506.2</ele><time>2026-04-18T05:00:56.000Z</time></trkpt>
      <trkpt lat="35.737397" lon="127.942775"><ele>505.0</ele><time>2026-04-18T05:01:02.000Z</time></trkpt>
      <trkpt lat="35.737447" lon="127.942773"><ele>503.8</ele><time>2026-04-18T05:01:07.000Z</time></trkpt>
      <trkpt lat="35.737455" lon="127.942771"><ele>503.6</ele><time>2026-04-18T05:01:08.000Z</time></trkpt>
      <trkpt lat="35.737495" lon="127.942772"><ele>502.8</ele><time>2026-04-18T05:01:12.000Z</time></trkpt>
      <trkpt lat="35.737552" lon="127.942784"><ele>501.8</ele><time>2026-04-18T05:01:18.000Z</time></trkpt>
      <trkpt lat="35.737559" lon="127.942780"><ele>501.8</ele><time>2026-04-18T05:01:19.000Z</time></trkpt>
      <trkpt lat="35.737600" lon="127.942784"><ele>500.6</ele><time>2026-04-18T05:01:24.000Z</time></trkpt>
      <trkpt lat="35.737606" lon="127.942789"><ele>500.2</ele><time>2026-04-18T05:01:25.000Z</time></trkpt>
      <trkpt lat="35.737626" lon="127.942795"><ele>499.4</ele><time>2026-04-18T05:01:28.000Z</time></trkpt>
      <trkpt lat="35.737646" lon="127.942793"><ele>498.2</ele><time>2026-04-18T05:01:32.000Z</time></trkpt>
      <trkpt lat="35.737661" lon="127.942783"><ele>497.4</ele><time>2026-04-18T05:01:35.000Z</time></trkpt>
      <trkpt lat="35.737669" lon="127.942784"><ele>497.0</ele><time>2026-04-18T05:01:36.000Z</time></trkpt>
      <trkpt lat="35.737705" lon="127.942792"><ele>495.8</ele><time>2026-04-18T05:01:40.000Z</time></trkpt>
      <trkpt lat="35.737736" lon="127.942796"><ele>494.6</ele><time>2026-04-18T05:01:44.000Z</time></trkpt>
      <trkpt lat="35.737766" lon="127.942807"><ele>493.2</ele><time>2026-04-18T05:01:48.000Z</time></trkpt>
      <trkpt lat="35.737792" lon="127.942801"><ele>492.0</ele><time>2026-04-18T05:01:52.000Z</time></trkpt>
      <trkpt lat="35.737796" lon="127.942801"><ele>491.8</ele><time>2026-04-18T05:01:53.000Z</time></trkpt>
      <trkpt lat="35.737824" lon="127.942794"><ele>491.0</ele><time>2026-04-18T05:01:56.000Z</time></trkpt>
      <trkpt lat="35.737867" lon="127.942801"><ele>489.8</ele><time>2026-04-18T05:02:00.000Z</time></trkpt>
      <trkpt lat="35.737900" lon="127.942811"><ele>489.0</ele><time>2026-04-18T05:02:03.000Z</time></trkpt>
      <trkpt lat="35.737909" lon="127.942817"><ele>488.8</ele><time>2026-04-18T05:02:04.000Z</time></trkpt>
      <trkpt lat="35.737954" lon="127.942830"><ele>487.4</ele><time>2026-04-18T05:02:09.000Z</time></trkpt>
      <trkpt lat="35.737988" lon="127.942821"><ele>486.6</ele><time>2026-04-18T05:02:13.000Z</time></trkpt>
      <trkpt lat="35.737997" lon="127.942819"><ele>486.2</ele><time>2026-04-18T05:02:14.000Z</time></trkpt>
      <trkpt lat="35.738022" lon="127.942825"><ele>485.2</ele><time>2026-04-18T05:02:17.000Z</time></trkpt>
      <trkpt lat="35.738059" lon="127.942853"><ele>484.0</ele><time>2026-04-18T05:02:23.000Z</time></trkpt>
      <trkpt lat="35.738099" lon="127.942871"><ele>482.8</ele><time>2026-04-18T05:02:27.000Z</time></trkpt>
      <trkpt lat="35.738134" lon="127.942885"><ele>481.8</ele><time>2026-04-18T05:02:31.000Z</time></trkpt>
      <trkpt lat="35.738173" lon="127.942904"><ele>480.8</ele><time>2026-04-18T05:02:35.000Z</time></trkpt>
      <trkpt lat="35.738185" lon="127.942908"><ele>480.6</ele><time>2026-04-18T05:02:36.000Z</time></trkpt>
      <trkpt lat="35.738215" lon="127.942921"><ele>479.6</ele><time>2026-04-18T05:02:40.000Z</time></trkpt>
      <trkpt lat="35.738251" lon="127.942932"><ele>478.8</ele><time>2026-04-18T05:02:44.000Z</time></trkpt>
      <trkpt lat="35.738293" lon="127.942937"><ele>478.4</ele><time>2026-04-18T05:02:47.000Z</time></trkpt>
      <trkpt lat="35.738346" lon="127.942952"><ele>477.4</ele><time>2026-04-18T05:02:52.000Z</time></trkpt>
      <trkpt lat="35.738357" lon="127.942954"><ele>477.2</ele><time>2026-04-18T05:02:53.000Z</time></trkpt>
      <trkpt lat="35.738367" lon="127.942956"><ele>477.0</ele><time>2026-04-18T05:02:54.000Z</time></trkpt>
      <trkpt lat="35.738377" lon="127.942957"><ele>476.8</ele><time>2026-04-18T05:02:55.000Z</time></trkpt>
      <trkpt lat="35.738399" lon="127.942957"><ele>476.2</ele><time>2026-04-18T05:02:57.000Z</time></trkpt>
      <trkpt lat="35.738409" lon="127.942959"><ele>476.2</ele><time>2026-04-18T05:02:58.000Z</time></trkpt>
      <trkpt lat="35.738435" lon="127.942980"><ele>476.0</ele><time>2026-04-18T05:03:00.000Z</time></trkpt>
      <trkpt lat="35.738447" lon="127.942988"><ele>475.8</ele><time>2026-04-18T05:03:01.000Z</time></trkpt>
      <trkpt lat="35.738489" lon="127.943006"><ele>475.0</ele><time>2026-04-18T05:03:05.000Z</time></trkpt>
      <trkpt lat="35.738509" lon="127.943006"><ele>474.8</ele><time>2026-04-18T05:03:07.000Z</time></trkpt>
      <trkpt lat="35.738569" lon="127.943011"><ele>474.0</ele><time>2026-04-18T05:03:12.000Z</time></trkpt>
      <trkpt lat="35.738625" lon="127.943023"><ele>473.6</ele><time>2026-04-18T05:03:17.000Z</time></trkpt>
      <trkpt lat="35.738650" lon="127.943028"><ele>473.6</ele><time>2026-04-18T05:03:19.000Z</time></trkpt>
      <trkpt lat="35.738661" lon="127.943033"><ele>473.8</ele><time>2026-04-18T05:03:20.000Z</time></trkpt>
      <trkpt lat="35.738673" lon="127.943035"><ele>473.8</ele><time>2026-04-18T05:03:21.000Z</time></trkpt>
      <trkpt lat="35.738744" lon="127.943045"><ele>474.6</ele><time>2026-04-18T05:03:27.000Z</time></trkpt>
      <trkpt lat="35.738790" lon="127.943047"><ele>475.0</ele><time>2026-04-18T05:03:31.000Z</time></trkpt>
      <trkpt lat="35.738835" lon="127.943055"><ele>475.4</ele><time>2026-04-18T05:03:35.000Z</time></trkpt>
      <trkpt lat="35.738858" lon="127.943051"><ele>475.6</ele><time>2026-04-18T05:03:37.000Z</time></trkpt>
      <trkpt lat="35.738880" lon="127.943052"><ele>475.6</ele><time>2026-04-18T05:03:39.000Z</time></trkpt>
      <trkpt lat="35.738905" lon="127.943059"><ele>475.6</ele><time>2026-04-18T05:03:41.000Z</time></trkpt>
      <trkpt lat="35.738927" lon="127.943070"><ele>475.6</ele><time>2026-04-18T05:03:43.000Z</time></trkpt>
      <trkpt lat="35.738996" lon="127.943091"><ele>475.8</ele><time>2026-04-18T05:03:49.000Z</time></trkpt>
      <trkpt lat="35.739023" lon="127.943092"><ele>475.8</ele><time>2026-04-18T05:03:51.000Z</time></trkpt>
      <trkpt lat="35.739033" lon="127.943087"><ele>475.6</ele><time>2026-04-18T05:03:52.000Z</time></trkpt>
      <trkpt lat="35.739100" lon="127.943056"><ele>475.8</ele><time>2026-04-18T05:03:59.000Z</time></trkpt>
      <trkpt lat="35.739187" lon="127.943033"><ele>475.8</ele><time>2026-04-18T05:04:08.000Z</time></trkpt>
      <trkpt lat="35.739212" lon="127.943020"><ele>476.2</ele><time>2026-04-18T05:04:11.000Z</time></trkpt>
      <trkpt lat="35.739252" lon="127.943002"><ele>476.6</ele><time>2026-04-18T05:04:15.000Z</time></trkpt>
      <trkpt lat="35.739306" lon="127.942951"><ele>477.4</ele><time>2026-04-18T05:04:22.000Z</time></trkpt>
      <trkpt lat="35.739333" lon="127.942911"><ele>478.0</ele><time>2026-04-18T05:04:27.000Z</time></trkpt>
      <trkpt lat="35.739345" lon="127.942897"><ele>478.4</ele><time>2026-04-18T05:04:29.000Z</time></trkpt>
      <trkpt lat="35.739371" lon="127.942852"><ele>479.6</ele><time>2026-04-18T05:04:35.000Z</time></trkpt>
      <trkpt lat="35.739379" lon="127.942834"><ele>480.4</ele><time>2026-04-18T05:04:39.000Z</time></trkpt>
      <trkpt lat="35.739382" lon="127.942822"><ele>480.8</ele><time>2026-04-18T05:04:41.000Z</time></trkpt>
      <trkpt lat="35.739403" lon="127.942797"><ele>481.8</ele><time>2026-04-18T05:04:46.000Z</time></trkpt>
      <trkpt lat="35.739430" lon="127.942778"><ele>482.8</ele><time>2026-04-18T05:04:51.000Z</time></trkpt>
      <trkpt lat="35.739433" lon="127.942777"><ele>483.0</ele><time>2026-04-18T05:04:52.000Z</time></trkpt>
      <trkpt lat="35.739442" lon="127.942761"><ele>483.4</ele><time>2026-04-18T05:04:55.000Z</time></trkpt>
      <trkpt lat="35.739457" lon="127.942737"><ele>484.2</ele><time>2026-04-18T05:04:59.000Z</time></trkpt>
      <trkpt lat="35.739463" lon="127.942725"><ele>484.4</ele><time>2026-04-18T05:05:01.000Z</time></trkpt>
      <trkpt lat="35.739461" lon="127.942701"><ele>485.2</ele><time>2026-04-18T05:05:06.000Z</time></trkpt>
      <trkpt lat="35.739463" lon="127.942670"><ele>486.2</ele><time>2026-04-18T05:05:12.000Z</time></trkpt>
      <trkpt lat="35.739461" lon="127.942659"><ele>486.4</ele><time>2026-04-18T05:05:14.000Z</time></trkpt>
      <trkpt lat="35.739488" lon="127.942592"><ele>487.2</ele><time>2026-04-18T05:05:27.000Z</time></trkpt>
      <trkpt lat="35.739516" lon="127.942546"><ele>488.4</ele><time>2026-04-18T05:05:34.000Z</time></trkpt>
      <trkpt lat="35.739535" lon="127.942504"><ele>489.4</ele><time>2026-04-18T05:05:40.000Z</time></trkpt>
      <trkpt lat="35.739547" lon="127.942492"><ele>489.4</ele><time>2026-04-18T05:05:42.000Z</time></trkpt>
      <trkpt lat="35.739623" lon="127.942439"><ele>488.8</ele><time>2026-04-18T05:05:51.000Z</time></trkpt>
      <trkpt lat="35.739655" lon="127.942435"><ele>488.4</ele><time>2026-04-18T05:05:54.000Z</time></trkpt>
      <trkpt lat="35.739685" lon="127.942428"><ele>488.2</ele><time>2026-04-18T05:05:58.000Z</time></trkpt>
      <trkpt lat="35.739779" lon="127.942384"><ele>488.0</ele><time>2026-04-18T05:06:08.000Z</time></trkpt>
      <trkpt lat="35.739807" lon="127.942364"><ele>487.2</ele><time>2026-04-18T05:06:11.000Z</time></trkpt>
      <trkpt lat="35.739836" lon="127.942337"><ele>486.6</ele><time>2026-04-18T05:06:14.000Z</time></trkpt>
      <trkpt lat="35.739867" lon="127.942334"><ele>486.2</ele><time>2026-04-18T05:06:17.000Z</time></trkpt>
      <trkpt lat="35.739907" lon="127.942344"><ele>485.8</ele><time>2026-04-18T05:06:21.000Z</time></trkpt>
      <trkpt lat="35.739926" lon="127.942353"><ele>485.6</ele><time>2026-04-18T05:06:23.000Z</time></trkpt>
      <trkpt lat="35.739951" lon="127.942359"><ele>485.4</ele><time>2026-04-18T05:06:26.000Z</time></trkpt>
      <trkpt lat="35.739959" lon="127.942360"><ele>485.0</ele><time>2026-04-18T05:06:27.000Z</time></trkpt>
      <trkpt lat="35.739967" lon="127.942362"><ele>484.8</ele><time>2026-04-18T05:06:28.000Z</time></trkpt>
      <trkpt lat="35.740005" lon="127.942363"><ele>484.0</ele><time>2026-04-18T05:06:32.000Z</time></trkpt>
      <trkpt lat="35.740041" lon="127.942362"><ele>482.8</ele><time>2026-04-18T05:06:36.000Z</time></trkpt>
      <trkpt lat="35.740055" lon="127.942363"><ele>482.2</ele><time>2026-04-18T05:06:39.000Z</time></trkpt>
      <trkpt lat="35.740061" lon="127.942352"><ele>481.6</ele><time>2026-04-18T05:06:41.000Z</time></trkpt>
      <trkpt lat="35.740071" lon="127.942319"><ele>480.4</ele><time>2026-04-18T05:06:47.000Z</time></trkpt>
      <trkpt lat="35.740094" lon="127.942305"><ele>479.4</ele><time>2026-04-18T05:06:50.000Z</time></trkpt>
      <trkpt lat="35.740122" lon="127.942302"><ele>478.2</ele><time>2026-04-18T05:06:54.000Z</time></trkpt>
      <trkpt lat="35.740133" lon="127.942294"><ele>477.8</ele><time>2026-04-18T05:06:56.000Z</time></trkpt>
      <trkpt lat="35.740146" lon="127.942277"><ele>477.0</ele><time>2026-04-18T05:06:59.000Z</time></trkpt>
      <trkpt lat="35.740164" lon="127.942271"><ele>476.0</ele><time>2026-04-18T05:07:02.000Z</time></trkpt>
      <trkpt lat="35.740168" lon="127.942258"><ele>475.0</ele><time>2026-04-18T05:07:05.000Z</time></trkpt>
      <trkpt lat="35.740169" lon="127.942247"><ele>474.8</ele><time>2026-04-18T05:07:06.000Z</time></trkpt>
      <trkpt lat="35.740210" lon="127.942228"><ele>473.8</ele><time>2026-04-18T05:07:11.000Z</time></trkpt>
      <trkpt lat="35.740247" lon="127.942232"><ele>473.2</ele><time>2026-04-18T05:07:14.000Z</time></trkpt>
      <trkpt lat="35.740268" lon="127.942227"><ele>472.6</ele><time>2026-04-18T05:07:16.000Z</time></trkpt>
      <trkpt lat="35.740284" lon="127.942221"><ele>472.0</ele><time>2026-04-18T05:07:18.000Z</time></trkpt>
      <trkpt lat="35.740295" lon="127.942219"><ele>472.0</ele><time>2026-04-18T05:07:19.000Z</time></trkpt>
      <trkpt lat="35.740305" lon="127.942220"><ele>472.0</ele><time>2026-04-18T05:07:20.000Z</time></trkpt>
      <trkpt lat="35.740351" lon="127.942184"><ele>471.6</ele><time>2026-04-18T05:07:25.000Z</time></trkpt>
      <trkpt lat="35.740385" lon="127.942149"><ele>471.0</ele><time>2026-04-18T05:07:29.000Z</time></trkpt>
      <trkpt lat="35.740397" lon="127.942128"><ele>470.6</ele><time>2026-04-18T05:07:32.000Z</time></trkpt>
      <trkpt lat="35.740408" lon="127.942107"><ele>470.6</ele><time>2026-04-18T05:07:34.000Z</time></trkpt>
      <trkpt lat="35.740444" lon="127.942068"><ele>469.6</ele><time>2026-04-18T05:07:40.000Z</time></trkpt>
      <trkpt lat="35.740457" lon="127.942064"><ele>469.0</ele><time>2026-04-18T05:07:42.000Z</time></trkpt>
      <trkpt lat="35.740475" lon="127.942052"><ele>468.4</ele><time>2026-04-18T05:07:44.000Z</time></trkpt>
      <trkpt lat="35.740517" lon="127.942043"><ele>467.2</ele><time>2026-04-18T05:07:48.000Z</time></trkpt>
      <trkpt lat="35.740556" lon="127.942027"><ele>466.2</ele><time>2026-04-18T05:07:52.000Z</time></trkpt>
      <trkpt lat="35.740578" lon="127.942019"><ele>465.8</ele><time>2026-04-18T05:07:54.000Z</time></trkpt>
      <trkpt lat="35.740613" lon="127.942031"><ele>465.2</ele><time>2026-04-18T05:07:57.000Z</time></trkpt>
      <trkpt lat="35.740633" lon="127.942027"><ele>464.8</ele><time>2026-04-18T05:07:59.000Z</time></trkpt>
      <trkpt lat="35.740674" lon="127.942018"><ele>464.0</ele><time>2026-04-18T05:08:02.000Z</time></trkpt>
      <trkpt lat="35.740689" lon="127.942018"><ele>463.6</ele><time>2026-04-18T05:08:03.000Z</time></trkpt>
      <trkpt lat="35.740719" lon="127.942028"><ele>462.8</ele><time>2026-04-18T05:08:06.000Z</time></trkpt>
      <trkpt lat="35.740734" lon="127.942034"><ele>462.2</ele><time>2026-04-18T05:08:08.000Z</time></trkpt>
      <trkpt lat="35.740756" lon="127.942046"><ele>461.6</ele><time>2026-04-18T05:08:10.000Z</time></trkpt>
      <trkpt lat="35.740825" lon="127.942074"><ele>460.4</ele><time>2026-04-18T05:08:17.000Z</time></trkpt>
      <trkpt lat="35.740889" lon="127.942091"><ele>459.6</ele><time>2026-04-18T05:08:26.000Z</time></trkpt>
      <trkpt lat="35.740905" lon="127.942095"><ele>459.6</ele><time>2026-04-18T05:08:28.000Z</time></trkpt>
      <trkpt lat="35.740966" lon="127.942104"><ele>460.8</ele><time>2026-04-18T05:08:39.000Z</time></trkpt>
      <trkpt lat="35.741059" lon="127.942152"><ele>460.8</ele><time>2026-04-18T05:08:49.000Z</time></trkpt>
      <trkpt lat="35.741125" lon="127.942193"><ele>459.6</ele><time>2026-04-18T05:08:57.000Z</time></trkpt>
      <trkpt lat="35.741125" lon="127.942200"><ele>459.4</ele><time>2026-04-18T05:08:58.000Z</time></trkpt>
      <trkpt lat="35.741138" lon="127.942228"><ele>458.2</ele><time>2026-04-18T05:09:02.000Z</time></trkpt>
      <trkpt lat="35.741145" lon="127.942244"><ele>457.2</ele><time>2026-04-18T05:09:05.000Z</time></trkpt>
      <trkpt lat="35.741148" lon="127.942248"><ele>457.0</ele><time>2026-04-18T05:09:06.000Z</time></trkpt>
      <trkpt lat="35.741157" lon="127.942258"><ele>455.8</ele><time>2026-04-18T05:09:09.000Z</time></trkpt>
      <trkpt lat="35.741167" lon="127.942295"><ele>454.6</ele><time>2026-04-18T05:09:13.000Z</time></trkpt>
      <trkpt lat="35.741162" lon="127.942311"><ele>454.0</ele><time>2026-04-18T05:09:15.000Z</time></trkpt>
      <trkpt lat="35.741160" lon="127.942318"><ele>453.6</ele><time>2026-04-18T05:09:16.000Z</time></trkpt>
      <trkpt lat="35.741167" lon="127.942347"><ele>452.2</ele><time>2026-04-18T05:09:20.000Z</time></trkpt>
      <trkpt lat="35.741169" lon="127.942383"><ele>451.2</ele><time>2026-04-18T05:09:24.000Z</time></trkpt>
      <trkpt lat="35.741172" lon="127.942392"><ele>450.6</ele><time>2026-04-18T05:09:26.000Z</time></trkpt>
      <trkpt lat="35.741173" lon="127.942399"><ele>450.0</ele><time>2026-04-18T05:09:28.000Z</time></trkpt>
      <trkpt lat="35.741179" lon="127.942432"><ele>448.8</ele><time>2026-04-18T05:09:33.000Z</time></trkpt>
      <trkpt lat="35.741178" lon="127.942451"><ele>447.8</ele><time>2026-04-18T05:09:36.000Z</time></trkpt>
      <trkpt lat="35.741176" lon="127.942455"><ele>447.6</ele><time>2026-04-18T05:09:37.000Z</time></trkpt>
      <trkpt lat="35.741186" lon="127.942492"><ele>446.4</ele><time>2026-04-18T05:09:41.000Z</time></trkpt>
      <trkpt lat="35.741190" lon="127.942513"><ele>445.6</ele><time>2026-04-18T05:09:44.000Z</time></trkpt>
      <trkpt lat="35.741189" lon="127.942520"><ele>445.2</ele><time>2026-04-18T05:09:45.000Z</time></trkpt>
      <trkpt lat="35.741197" lon="127.942547"><ele>444.0</ele><time>2026-04-18T05:09:49.000Z</time></trkpt>
      <trkpt lat="35.741206" lon="127.942573"><ele>443.0</ele><time>2026-04-18T05:09:53.000Z</time></trkpt>
      <trkpt lat="35.741210" lon="127.942580"><ele>442.6</ele><time>2026-04-18T05:09:54.000Z</time></trkpt>
      <trkpt lat="35.741223" lon="127.942598"><ele>441.8</ele><time>2026-04-18T05:09:57.000Z</time></trkpt>
      <trkpt lat="35.741237" lon="127.942635"><ele>440.4</ele><time>2026-04-18T05:10:01.000Z</time></trkpt>
      <trkpt lat="35.741246" lon="127.942656"><ele>439.6</ele><time>2026-04-18T05:10:04.000Z</time></trkpt>
      <trkpt lat="35.741250" lon="127.942665"><ele>439.2</ele><time>2026-04-18T05:10:05.000Z</time></trkpt>
      <trkpt lat="35.741262" lon="127.942679"><ele>438.2</ele><time>2026-04-18T05:10:08.000Z</time></trkpt>
      <trkpt lat="35.741279" lon="127.942697"><ele>437.0</ele><time>2026-04-18T05:10:13.000Z</time></trkpt>
      <trkpt lat="35.741301" lon="127.942718"><ele>435.8</ele><time>2026-04-18T05:10:18.000Z</time></trkpt>
      <trkpt lat="35.741310" lon="127.942744"><ele>434.6</ele><time>2026-04-18T05:10:22.000Z</time></trkpt>
      <trkpt lat="35.741315" lon="127.942750"><ele>434.2</ele><time>2026-04-18T05:10:23.000Z</time></trkpt>
      <trkpt lat="35.741326" lon="127.942776"><ele>433.4</ele><time>2026-04-18T05:10:26.000Z</time></trkpt>
      <trkpt lat="35.741334" lon="127.942798"><ele>432.2</ele><time>2026-04-18T05:10:30.000Z</time></trkpt>
      <trkpt lat="35.741338" lon="127.942809"><ele>431.8</ele><time>2026-04-18T05:10:32.000Z</time></trkpt>
      <trkpt lat="35.741349" lon="127.942816"><ele>431.0</ele><time>2026-04-18T05:10:35.000Z</time></trkpt>
      <trkpt lat="35.741367" lon="127.942838"><ele>429.8</ele><time>2026-04-18T05:10:39.000Z</time></trkpt>
      <trkpt lat="35.741373" lon="127.942862"><ele>429.0</ele><time>2026-04-18T05:10:42.000Z</time></trkpt>
      <trkpt lat="35.741375" lon="127.942870"><ele>428.6</ele><time>2026-04-18T05:10:43.000Z</time></trkpt>
      <trkpt lat="35.741387" lon="127.942885"><ele>427.6</ele><time>2026-04-18T05:10:49.000Z</time></trkpt>
      <trkpt lat="35.741392" lon="127.942901"><ele>427.4</ele><time>2026-04-18T05:10:51.000Z</time></trkpt>
      <trkpt lat="35.741395" lon="127.942911"><ele>427.4</ele><time>2026-04-18T05:10:52.000Z</time></trkpt>
      <trkpt lat="35.741432" lon="127.942936"><ele>426.4</ele><time>2026-04-18T05:10:57.000Z</time></trkpt>
      <trkpt lat="35.741449" lon="127.942961"><ele>425.4</ele><time>2026-04-18T05:11:01.000Z</time></trkpt>
      <trkpt lat="35.741452" lon="127.942969"><ele>425.2</ele><time>2026-04-18T05:11:02.000Z</time></trkpt>
      <trkpt lat="35.741485" lon="127.943017"><ele>424.2</ele><time>2026-04-18T05:11:09.000Z</time></trkpt>
      <trkpt lat="35.741503" lon="127.943033"><ele>424.0</ele><time>2026-04-18T05:11:12.000Z</time></trkpt>
      <trkpt lat="35.741561" lon="127.943126"><ele>423.2</ele><time>2026-04-18T05:11:23.000Z</time></trkpt>
      <trkpt lat="35.741610" lon="127.943140"><ele>423.4</ele><time>2026-04-18T05:11:30.000Z</time></trkpt>
      <trkpt lat="35.741689" lon="127.943207"><ele>424.2</ele><time>2026-04-18T05:11:40.000Z</time></trkpt>
      <trkpt lat="35.741709" lon="127.943222"><ele>424.4</ele><time>2026-04-18T05:11:42.000Z</time></trkpt>
      <trkpt lat="35.741728" lon="127.943235"><ele>424.4</ele><time>2026-04-18T05:11:44.000Z</time></trkpt>
      <trkpt lat="35.741751" lon="127.943248"><ele>424.4</ele><time>2026-04-18T05:11:46.000Z</time></trkpt>
      <trkpt lat="35.741789" lon="127.943283"><ele>424.4</ele><time>2026-04-18T05:11:50.000Z</time></trkpt>
      <trkpt lat="35.741798" lon="127.943292"><ele>424.4</ele><time>2026-04-18T05:11:51.000Z</time></trkpt>
      <trkpt lat="35.741870" lon="127.943325"><ele>424.2</ele><time>2026-04-18T05:11:58.000Z</time></trkpt>
      <trkpt lat="35.741898" lon="127.943350"><ele>424.2</ele><time>2026-04-18T05:12:01.000Z</time></trkpt>
      <trkpt lat="35.741976" lon="127.943421"><ele>424.2</ele><time>2026-04-18T05:12:09.000Z</time></trkpt>
      <trkpt lat="35.742043" lon="127.943497"><ele>423.2</ele><time>2026-04-18T05:12:16.000Z</time></trkpt>
      <trkpt lat="35.742055" lon="127.943504"><ele>423.2</ele><time>2026-04-18T05:12:17.000Z</time></trkpt>
      <trkpt lat="35.742063" lon="127.943513"><ele>423.2</ele><time>2026-04-18T05:12:18.000Z</time></trkpt>
      <trkpt lat="35.742089" lon="127.943550"><ele>423.2</ele><time>2026-04-18T05:12:22.000Z</time></trkpt>
      <trkpt lat="35.742151" lon="127.943596"><ele>423.8</ele><time>2026-04-18T05:12:31.000Z</time></trkpt>
      <trkpt lat="35.742170" lon="127.943622"><ele>424.2</ele><time>2026-04-18T05:12:34.000Z</time></trkpt>
      <trkpt lat="35.742226" lon="127.943670"><ele>425.4</ele><time>2026-04-18T05:12:41.000Z</time></trkpt>
      <trkpt lat="35.742232" lon="127.943675"><ele>425.6</ele><time>2026-04-18T05:12:42.000Z</time></trkpt>
      <trkpt lat="35.742250" lon="127.943698"><ele>426.4</ele><time>2026-04-18T05:12:46.000Z</time></trkpt>
      <trkpt lat="35.742256" lon="127.943700"><ele>426.6</ele><time>2026-04-18T05:12:47.000Z</time></trkpt>
      <trkpt lat="35.742293" lon="127.943715"><ele>427.2</ele><time>2026-04-18T05:12:52.000Z</time></trkpt>
      <trkpt lat="35.742306" lon="127.943728"><ele>427.6</ele><time>2026-04-18T05:12:55.000Z</time></trkpt>
      <trkpt lat="35.742322" lon="127.943742"><ele>428.2</ele><time>2026-04-18T05:12:58.000Z</time></trkpt>
      <trkpt lat="35.742334" lon="127.943745"><ele>428.6</ele><time>2026-04-18T05:13:01.000Z</time></trkpt>
      <trkpt lat="35.742340" lon="127.943746"><ele>429.0</ele><time>2026-04-18T05:13:03.000Z</time></trkpt>
      <trkpt lat="35.742354" lon="127.943770"><ele>429.8</ele><time>2026-04-18T05:13:07.000Z</time></trkpt>
      <trkpt lat="35.742382" lon="127.943779"><ele>431.0</ele><time>2026-04-18T05:13:13.000Z</time></trkpt>
      <trkpt lat="35.742407" lon="127.943787"><ele>431.6</ele><time>2026-04-18T05:13:18.000Z</time></trkpt>
      <trkpt lat="35.742430" lon="127.943790"><ele>432.2</ele><time>2026-04-18T05:13:21.000Z</time></trkpt>
      <trkpt lat="35.742454" lon="127.943797"><ele>432.8</ele><time>2026-04-18T05:13:24.000Z</time></trkpt>
      <trkpt lat="35.742518" lon="127.943851"><ele>432.8</ele><time>2026-04-18T05:13:33.000Z</time></trkpt>
      <trkpt lat="35.742596" lon="127.943947"><ele>432.8</ele><time>2026-04-18T05:13:43.000Z</time></trkpt>
      <trkpt lat="35.742637" lon="127.944002"><ele>432.2</ele><time>2026-04-18T05:13:50.000Z</time></trkpt>
      <trkpt lat="35.742643" lon="127.944006"><ele>432.0</ele><time>2026-04-18T05:13:51.000Z</time></trkpt>
      <trkpt lat="35.742667" lon="127.944026"><ele>431.0</ele><time>2026-04-18T05:13:54.000Z</time></trkpt>
      <trkpt lat="35.742704" lon="127.944060"><ele>430.0</ele><time>2026-04-18T05:13:58.000Z</time></trkpt>
      <trkpt lat="35.742736" lon="127.944072"><ele>429.2</ele><time>2026-04-18T05:14:01.000Z</time></trkpt>
      <trkpt lat="35.742757" lon="127.944081"><ele>428.8</ele><time>2026-04-18T05:14:03.000Z</time></trkpt>
      <trkpt lat="35.742788" lon="127.944095"><ele>428.6</ele><time>2026-04-18T05:14:07.000Z</time></trkpt>
      <trkpt lat="35.742800" lon="127.944100"><ele>428.8</ele><time>2026-04-18T05:14:10.000Z</time></trkpt>
      <trkpt lat="35.742820" lon="127.944113"><ele>429.4</ele><time>2026-04-18T05:14:13.000Z</time></trkpt>
      <trkpt lat="35.742893" lon="127.944188"><ele>430.0</ele><time>2026-04-18T05:14:23.000Z</time></trkpt>
      <trkpt lat="35.742907" lon="127.944197"><ele>430.0</ele><time>2026-04-18T05:14:25.000Z</time></trkpt>
      <trkpt lat="35.742984" lon="127.944185"><ele>429.4</ele><time>2026-04-18T05:14:33.000Z</time></trkpt>
      <trkpt lat="35.743028" lon="127.944188"><ele>429.0</ele><time>2026-04-18T05:14:37.000Z</time></trkpt>
      <trkpt lat="35.743041" lon="127.944185"><ele>428.6</ele><time>2026-04-18T05:14:38.000Z</time></trkpt>
      <trkpt lat="35.743088" lon="127.944172"><ele>427.8</ele><time>2026-04-18T05:14:42.000Z</time></trkpt>
      <trkpt lat="35.743179" lon="127.944170"><ele>428.0</ele><time>2026-04-18T05:14:51.000Z</time></trkpt>
      <trkpt lat="35.743251" lon="127.944209"><ele>427.8</ele><time>2026-04-18T05:14:58.000Z</time></trkpt>
      <trkpt lat="35.743345" lon="127.944206"><ele>427.2</ele><time>2026-04-18T05:15:09.000Z</time></trkpt>
      <trkpt lat="35.743421" lon="127.944181"><ele>427.8</ele><time>2026-04-18T05:15:20.000Z</time></trkpt>
      <trkpt lat="35.743464" lon="127.944164"><ele>426.8</ele><time>2026-04-18T05:15:25.000Z</time></trkpt>
      <trkpt lat="35.743516" lon="127.944172"><ele>425.8</ele><time>2026-04-18T05:15:30.000Z</time></trkpt>
      <trkpt lat="35.743529" lon="127.944171"><ele>425.6</ele><time>2026-04-18T05:15:31.000Z</time></trkpt>
      <trkpt lat="35.743572" lon="127.944170"><ele>425.0</ele><time>2026-04-18T05:15:35.000Z</time></trkpt>
      <trkpt lat="35.743589" lon="127.944173"><ele>424.8</ele><time>2026-04-18T05:15:37.000Z</time></trkpt>
      <trkpt lat="35.743650" lon="127.944142"><ele>424.6</ele><time>2026-04-18T05:15:45.000Z</time></trkpt>
      <trkpt lat="35.743654" lon="127.944135"><ele>424.4</ele><time>2026-04-18T05:15:46.000Z</time></trkpt>
      <trkpt lat="35.743678" lon="127.944112"><ele>423.4</ele><time>2026-04-18T05:15:49.000Z</time></trkpt>
      <trkpt lat="35.743709" lon="127.944087"><ele>422.4</ele><time>2026-04-18T05:15:53.000Z</time></trkpt>
      <trkpt lat="35.743749" lon="127.944042"><ele>421.8</ele><time>2026-04-18T05:15:59.000Z</time></trkpt>
      <trkpt lat="35.743767" lon="127.944018"><ele>421.8</ele><time>2026-04-18T05:16:06.000Z</time></trkpt>
      <trkpt lat="35.743789" lon="127.943981"><ele>421.4</ele><time>2026-04-18T05:16:11.000Z</time></trkpt>
      <trkpt lat="35.743794" lon="127.943972"><ele>421.2</ele><time>2026-04-18T05:16:12.000Z</time></trkpt>
      <trkpt lat="35.743834" lon="127.943896"><ele>420.2</ele><time>2026-04-18T05:16:19.000Z</time></trkpt>
      <trkpt lat="35.743859" lon="127.943853"><ele>419.4</ele><time>2026-04-18T05:16:23.000Z</time></trkpt>
      <trkpt lat="35.743871" lon="127.943828"><ele>419.0</ele><time>2026-04-18T05:16:26.000Z</time></trkpt>
      <trkpt lat="35.743905" lon="127.943783"><ele>419.0</ele><time>2026-04-18T05:16:31.000Z</time></trkpt>
      <trkpt lat="35.743944" lon="127.943710"><ele>418.0</ele><time>2026-04-18T05:16:39.000Z</time></trkpt>
      <trkpt lat="35.743970" lon="127.943657"><ele>416.8</ele><time>2026-04-18T05:16:43.000Z</time></trkpt>
      <trkpt lat="35.743980" lon="127.943642"><ele>416.6</ele><time>2026-04-18T05:16:44.000Z</time></trkpt>
      <trkpt lat="35.744009" lon="127.943601"><ele>415.8</ele><time>2026-04-18T05:16:47.000Z</time></trkpt>
      <trkpt lat="35.744016" lon="127.943591"><ele>415.6</ele><time>2026-04-18T05:16:48.000Z</time></trkpt>
      <trkpt lat="35.744024" lon="127.943580"><ele>415.2</ele><time>2026-04-18T05:16:49.000Z</time></trkpt>
      <trkpt lat="35.744046" lon="127.943559"><ele>414.6</ele><time>2026-04-18T05:16:51.000Z</time></trkpt>
      <trkpt lat="35.744071" lon="127.943543"><ele>414.0</ele><time>2026-04-18T05:16:53.000Z</time></trkpt>
      <trkpt lat="35.744088" lon="127.943531"><ele>413.4</ele><time>2026-04-18T05:16:55.000Z</time></trkpt>
      <trkpt lat="35.744122" lon="127.943500"><ele>413.4</ele><time>2026-04-18T05:16:59.000Z</time></trkpt>
      <trkpt lat="35.744130" lon="127.943484"><ele>413.4</ele><time>2026-04-18T05:17:01.000Z</time></trkpt>
      <trkpt lat="35.744134" lon="127.943450"><ele>413.2</ele><time>2026-04-18T05:17:05.000Z</time></trkpt>
      <trkpt lat="35.744128" lon="127.943431"><ele>412.2</ele><time>2026-04-18T05:17:08.000Z</time></trkpt>
      <trkpt lat="35.744136" lon="127.943393"><ele>411.2</ele><time>2026-04-18T05:17:11.000Z</time></trkpt>
      <trkpt lat="35.744144" lon="127.943348"><ele>409.8</ele><time>2026-04-18T05:17:14.000Z</time></trkpt>
      <trkpt lat="35.744155" lon="127.943327"><ele>409.2</ele><time>2026-04-18T05:17:16.000Z</time></trkpt>
      <trkpt lat="35.744165" lon="127.943317"><ele>408.8</ele><time>2026-04-18T05:17:17.000Z</time></trkpt>
      <trkpt lat="35.744191" lon="127.943294"><ele>408.0</ele><time>2026-04-18T05:17:20.000Z</time></trkpt>
      <trkpt lat="35.744200" lon="127.943264"><ele>407.6</ele><time>2026-04-18T05:17:22.000Z</time></trkpt>
      <trkpt lat="35.744207" lon="127.943251"><ele>407.2</ele><time>2026-04-18T05:17:23.000Z</time></trkpt>
      <trkpt lat="35.744228" lon="127.943220"><ele>406.4</ele><time>2026-04-18T05:17:26.000Z</time></trkpt>
      <trkpt lat="35.744235" lon="127.943209"><ele>406.2</ele><time>2026-04-18T05:17:27.000Z</time></trkpt>
      <trkpt lat="35.744252" lon="127.943171"><ele>405.4</ele><time>2026-04-18T05:17:30.000Z</time></trkpt>
      <trkpt lat="35.744258" lon="127.943164"><ele>405.2</ele><time>2026-04-18T05:17:31.000Z</time></trkpt>
      <trkpt lat="35.744278" lon="127.943136"><ele>404.2</ele><time>2026-04-18T05:17:34.000Z</time></trkpt>
      <trkpt lat="35.744306" lon="127.943090"><ele>403.2</ele><time>2026-04-18T05:17:38.000Z</time></trkpt>
      <trkpt lat="35.744312" lon="127.943081"><ele>403.0</ele><time>2026-04-18T05:17:39.000Z</time></trkpt>
      <trkpt lat="35.744316" lon="127.943070"><ele>402.8</ele><time>2026-04-18T05:17:40.000Z</time></trkpt>
      <trkpt lat="35.744343" lon="127.943040"><ele>402.0</ele><time>2026-04-18T05:17:43.000Z</time></trkpt>
      <trkpt lat="35.744352" lon="127.943033"><ele>401.8</ele><time>2026-04-18T05:17:44.000Z</time></trkpt>
      <trkpt lat="35.744359" lon="127.943026"><ele>401.6</ele><time>2026-04-18T05:17:45.000Z</time></trkpt>
      <trkpt lat="35.744382" lon="127.942992"><ele>400.8</ele><time>2026-04-18T05:17:49.000Z</time></trkpt>
      <trkpt lat="35.744412" lon="127.942974"><ele>399.8</ele><time>2026-04-18T05:17:54.000Z</time></trkpt>
      <trkpt lat="35.744419" lon="127.942971"><ele>399.6</ele><time>2026-04-18T05:17:55.000Z</time></trkpt>
      <trkpt lat="35.744451" lon="127.942952"><ele>398.8</ele><time>2026-04-18T05:17:59.000Z</time></trkpt>
      <trkpt lat="35.744490" lon="127.942918"><ele>397.6</ele><time>2026-04-18T05:18:03.000Z</time></trkpt>
      <trkpt lat="35.744522" lon="127.942902"><ele>397.2</ele><time>2026-04-18T05:18:06.000Z</time></trkpt>
      <trkpt lat="35.744544" lon="127.942876"><ele>396.4</ele><time>2026-04-18T05:18:09.000Z</time></trkpt>
      <trkpt lat="35.744578" lon="127.942842"><ele>395.4</ele><time>2026-04-18T05:18:13.000Z</time></trkpt>
      <trkpt lat="35.744611" lon="127.942823"><ele>394.6</ele><time>2026-04-18T05:18:16.000Z</time></trkpt>
      <trkpt lat="35.744625" lon="127.942814"><ele>394.2</ele><time>2026-04-18T05:18:18.000Z</time></trkpt>
      <trkpt lat="35.744635" lon="127.942796"><ele>393.8</ele><time>2026-04-18T05:18:20.000Z</time></trkpt>
      <trkpt lat="35.744671" lon="127.942756"><ele>393.2</ele><time>2026-04-18T05:18:25.000Z</time></trkpt>
      <trkpt lat="35.744681" lon="127.942752"><ele>393.2</ele><time>2026-04-18T05:18:26.000Z</time></trkpt>
      <trkpt lat="35.744691" lon="127.942748"><ele>393.0</ele><time>2026-04-18T05:18:27.000Z</time></trkpt>
      <trkpt lat="35.744720" lon="127.942738"><ele>392.4</ele><time>2026-04-18T05:18:30.000Z</time></trkpt>
      <trkpt lat="35.744756" lon="127.942725"><ele>391.8</ele><time>2026-04-18T05:18:34.000Z</time></trkpt>
      <trkpt lat="35.744787" lon="127.942708"><ele>391.0</ele><time>2026-04-18T05:18:37.000Z</time></trkpt>
      <trkpt lat="35.744828" lon="127.942685"><ele>390.8</ele><time>2026-04-18T05:18:42.000Z</time></trkpt>
      <trkpt lat="35.744856" lon="127.942651"><ele>390.4</ele><time>2026-04-18T05:18:46.000Z</time></trkpt>
      <trkpt lat="35.744885" lon="127.942625"><ele>390.4</ele><time>2026-04-18T05:18:51.000Z</time></trkpt>
      <trkpt lat="35.744895" lon="127.942625"><ele>390.2</ele><time>2026-04-18T05:18:53.000Z</time></trkpt>
      <trkpt lat="35.744896" lon="127.942622"><ele>390.2</ele><time>2026-04-18T05:18:54.000Z</time></trkpt>
      <trkpt lat="35.744901" lon="127.942619"><ele>389.8</ele><time>2026-04-18T05:18:57.000Z</time></trkpt>
      <trkpt lat="35.744921" lon="127.942614"><ele>389.6</ele><time>2026-04-18T05:19:01.000Z</time></trkpt>
      <trkpt lat="35.744983" lon="127.942597"><ele>388.4</ele><time>2026-04-18T05:19:08.000Z</time></trkpt>
      <trkpt lat="35.744994" lon="127.942597"><ele>388.2</ele><time>2026-04-18T05:19:09.000Z</time></trkpt>
      <trkpt lat="35.745023" lon="127.942604"><ele>387.4</ele><time>2026-04-18T05:19:12.000Z</time></trkpt>
      <trkpt lat="35.745035" lon="127.942605"><ele>387.0</ele><time>2026-04-18T05:19:13.000Z</time></trkpt>
      <trkpt lat="35.745082" lon="127.942615"><ele>386.4</ele><time>2026-04-18T05:19:17.000Z</time></trkpt>
      <trkpt lat="35.745090" lon="127.942616"><ele>386.2</ele><time>2026-04-18T05:19:18.000Z</time></trkpt>
      <trkpt lat="35.745182" lon="127.942612"><ele>386.4</ele><time>2026-04-18T05:19:28.000Z</time></trkpt>
      <trkpt lat="35.745254" lon="127.942664"><ele>385.4</ele><time>2026-04-18T05:19:36.000Z</time></trkpt>
      <trkpt lat="35.745266" lon="127.942671"><ele>385.2</ele><time>2026-04-18T05:19:37.000Z</time></trkpt>
      <trkpt lat="35.745289" lon="127.942677"><ele>385.0</ele><time>2026-04-18T05:19:39.000Z</time></trkpt>
      <trkpt lat="35.745346" lon="127.942691"><ele>385.2</ele><time>2026-04-18T05:19:45.000Z</time></trkpt>
      <trkpt lat="35.745423" lon="127.942724"><ele>385.8</ele><time>2026-04-18T05:19:52.000Z</time></trkpt>
      <trkpt lat="35.745431" lon="127.942733"><ele>385.8</ele><time>2026-04-18T05:19:53.000Z</time></trkpt>
      <trkpt lat="35.745482" lon="127.942761"><ele>384.8</ele><time>2026-04-18T05:19:59.000Z</time></trkpt>
      <trkpt lat="35.745507" lon="127.942779"><ele>384.2</ele><time>2026-04-18T05:20:02.000Z</time></trkpt>
      <trkpt lat="35.745518" lon="127.942783"><ele>384.0</ele><time>2026-04-18T05:20:03.000Z</time></trkpt>
      <trkpt lat="35.745565" lon="127.942820"><ele>383.0</ele><time>2026-04-18T05:20:08.000Z</time></trkpt>
      <trkpt lat="35.745576" lon="127.942830"><ele>382.8</ele><time>2026-04-18T05:20:09.000Z</time></trkpt>
      <trkpt lat="35.745602" lon="127.942852"><ele>382.4</ele><time>2026-04-18T05:20:12.000Z</time></trkpt>
      <trkpt lat="35.745645" lon="127.942904"><ele>382.2</ele><time>2026-04-18T05:20:18.000Z</time></trkpt>
      <trkpt lat="35.745708" lon="127.942979"><ele>383.4</ele><time>2026-04-18T05:20:29.000Z</time></trkpt>
      <trkpt lat="35.745721" lon="127.943002"><ele>383.4</ele><time>2026-04-18T05:20:37.000Z</time></trkpt>
      <trkpt lat="35.745753" lon="127.943001"><ele>383.6</ele><time>2026-04-18T05:20:47.000Z</time></trkpt>
      <trkpt lat="35.745755" lon="127.942996"><ele>383.2</ele><time>2026-04-18T05:20:53.000Z</time></trkpt>
      <trkpt lat="35.745761" lon="127.942998"><ele>383.0</ele><time>2026-04-18T05:20:54.000Z</time></trkpt>
      <trkpt lat="35.745787" lon="127.943005"><ele>382.2</ele><time>2026-04-18T05:20:59.000Z</time></trkpt>
      <trkpt lat="35.745802" lon="127.943016"><ele>381.8</ele><time>2026-04-18T05:21:02.000Z</time></trkpt>
      <trkpt lat="35.745827" lon="127.943043"><ele>381.0</ele><time>2026-04-18T05:21:07.000Z</time></trkpt>
      <trkpt lat="35.745840" lon="127.943055"><ele>380.8</ele><time>2026-04-18T05:21:09.000Z</time></trkpt>
      <trkpt lat="35.745869" lon="127.943080"><ele>379.6</ele><time>2026-04-18T05:21:15.000Z</time></trkpt>
      <trkpt lat="35.745896" lon="127.943092"><ele>378.8</ele><time>2026-04-18T05:21:23.000Z</time></trkpt>
      <trkpt lat="35.745901" lon="127.943098"><ele>378.6</ele><time>2026-04-18T05:21:25.000Z</time></trkpt>
      <trkpt lat="35.745928" lon="127.943095"><ele>377.6</ele><time>2026-04-18T05:21:29.000Z</time></trkpt>
      <trkpt lat="35.745963" lon="127.943097"><ele>376.4</ele><time>2026-04-18T05:21:34.000Z</time></trkpt>
      <trkpt lat="35.746014" lon="127.943095"><ele>375.2</ele><time>2026-04-18T05:21:40.000Z</time></trkpt>
      <trkpt lat="35.746061" lon="127.943068"><ele>374.0</ele><time>2026-04-18T05:21:46.000Z</time></trkpt>
      <trkpt lat="35.746069" lon="127.943066"><ele>374.0</ele><time>2026-04-18T05:21:47.000Z</time></trkpt>
      <trkpt lat="35.746098" lon="127.943059"><ele>373.0</ele><time>2026-04-18T05:21:51.000Z</time></trkpt>
      <trkpt lat="35.746139" lon="127.943038"><ele>371.8</ele><time>2026-04-18T05:21:57.000Z</time></trkpt>
      <trkpt lat="35.746161" lon="127.943007"><ele>370.8</ele><time>2026-04-18T05:22:03.000Z</time></trkpt>
      <trkpt lat="35.746168" lon="127.942973"><ele>369.6</ele><time>2026-04-18T05:22:07.000Z</time></trkpt>
      <trkpt lat="35.746183" lon="127.942942"><ele>368.4</ele><time>2026-04-18T05:22:11.000Z</time></trkpt>
      <trkpt lat="35.746193" lon="127.942910"><ele>367.2</ele><time>2026-04-18T05:22:15.000Z</time></trkpt>
      <trkpt lat="35.746198" lon="127.942888"><ele>366.4</ele><time>2026-04-18T05:22:18.000Z</time></trkpt>
      <trkpt lat="35.746200" lon="127.942883"><ele>366.0</ele><time>2026-04-18T05:22:19.000Z</time></trkpt>
      <trkpt lat="35.746203" lon="127.942859"><ele>365.0</ele><time>2026-04-18T05:22:23.000Z</time></trkpt>
      <trkpt lat="35.746218" lon="127.942837"><ele>363.8</ele><time>2026-04-18T05:22:27.000Z</time></trkpt>
      <trkpt lat="35.746228" lon="127.942832"><ele>363.6</ele><time>2026-04-18T05:22:29.000Z</time></trkpt>
      <trkpt lat="35.746235" lon="127.942827"><ele>362.6</ele><time>2026-04-18T05:22:32.000Z</time></trkpt>
      <trkpt lat="35.746250" lon="127.942812"><ele>361.6</ele><time>2026-04-18T05:22:36.000Z</time></trkpt>
      <trkpt lat="35.746260" lon="127.942789"><ele>360.8</ele><time>2026-04-18T05:22:40.000Z</time></trkpt>
      <trkpt lat="35.746265" lon="127.942782"><ele>360.6</ele><time>2026-04-18T05:22:41.000Z</time></trkpt>
      <trkpt lat="35.746288" lon="127.942767"><ele>359.4</ele><time>2026-04-18T05:22:44.000Z</time></trkpt>
      <trkpt lat="35.746303" lon="127.942766"><ele>359.2</ele><time>2026-04-18T05:22:48.000Z</time></trkpt>
      <trkpt lat="35.746320" lon="127.942761"><ele>360.2</ele><time>2026-04-18T05:22:53.000Z</time></trkpt>
      <trkpt lat="35.746322" lon="127.942756"><ele>360.6</ele><time>2026-04-18T05:22:55.000Z</time></trkpt>
      <trkpt lat="35.746326" lon="127.942751"><ele>361.2</ele><time>2026-04-18T05:22:58.000Z</time></trkpt>
      <trkpt lat="35.746324" lon="127.942744"><ele>361.6</ele><time>2026-04-18T05:23:00.000Z</time></trkpt>
      <trkpt lat="35.746332" lon="127.942732"><ele>362.2</ele><time>2026-04-18T05:23:03.000Z</time></trkpt>
      <trkpt lat="35.746339" lon="127.942723"><ele>362.8</ele><time>2026-04-18T05:23:06.000Z</time></trkpt>
      <trkpt lat="35.746351" lon="127.942710"><ele>363.4</ele><time>2026-04-18T05:23:09.000Z</time></trkpt>
      <trkpt lat="35.746355" lon="127.942705"><ele>363.4</ele><time>2026-04-18T05:23:10.000Z</time></trkpt>
      <trkpt lat="35.746362" lon="127.942703"><ele>363.6</ele><time>2026-04-18T05:23:11.000Z</time></trkpt>
      <trkpt lat="35.746369" lon="127.942698"><ele>363.8</ele><time>2026-04-18T05:23:12.000Z</time></trkpt>
      <trkpt lat="35.746391" lon="127.942683"><ele>364.6</ele><time>2026-04-18T05:23:16.000Z</time></trkpt>
      <trkpt lat="35.746405" lon="127.942672"><ele>365.0</ele><time>2026-04-18T05:23:19.000Z</time></trkpt>
      <trkpt lat="35.746438" lon="127.942668"><ele>365.0</ele><time>2026-04-18T05:23:23.000Z</time></trkpt>
      <trkpt lat="35.746469" lon="127.942658"><ele>364.0</ele><time>2026-04-18T05:23:28.000Z</time></trkpt>
      <trkpt lat="35.746510" lon="127.942640"><ele>362.8</ele><time>2026-04-18T05:23:34.000Z</time></trkpt>
      <trkpt lat="35.746518" lon="127.942636"><ele>362.4</ele><time>2026-04-18T05:23:35.000Z</time></trkpt>
      <trkpt lat="35.746557" lon="127.942620"><ele>361.6</ele><time>2026-04-18T05:23:39.000Z</time></trkpt>
      <trkpt lat="35.746616" lon="127.942626"><ele>361.0</ele><time>2026-04-18T05:23:46.000Z</time></trkpt>
      <trkpt lat="35.746657" lon="127.942609"><ele>361.4</ele><time>2026-04-18T05:23:51.000Z</time></trkpt>
      <trkpt lat="35.746686" lon="127.942593"><ele>361.8</ele><time>2026-04-18T05:23:55.000Z</time></trkpt>
      <trkpt lat="35.746729" lon="127.942572"><ele>362.4</ele><time>2026-04-18T05:24:01.000Z</time></trkpt>
      <trkpt lat="35.746734" lon="127.942569"><ele>362.6</ele><time>2026-04-18T05:24:02.000Z</time></trkpt>
      <trkpt lat="35.746753" lon="127.942561"><ele>363.4</ele><time>2026-04-18T05:24:05.000Z</time></trkpt>
      <trkpt lat="35.746767" lon="127.942554"><ele>363.6</ele><time>2026-04-18T05:24:07.000Z</time></trkpt>
      <trkpt lat="35.746803" lon="127.942533"><ele>364.8</ele><time>2026-04-18T05:24:13.000Z</time></trkpt>
      <trkpt lat="35.746845" lon="127.942507"><ele>365.6</ele><time>2026-04-18T05:24:19.000Z</time></trkpt>
      <trkpt lat="35.746870" lon="127.942491"><ele>365.8</ele><time>2026-04-18T05:24:22.000Z</time></trkpt>
      <trkpt lat="35.746878" lon="127.942486"><ele>365.8</ele><time>2026-04-18T05:24:23.000Z</time></trkpt>
      <trkpt lat="35.746917" lon="127.942459"><ele>366.0</ele><time>2026-04-18T05:24:29.000Z</time></trkpt>
      <trkpt lat="35.746920" lon="127.942455"><ele>366.2</ele><time>2026-04-18T05:24:33.000Z</time></trkpt>
      <trkpt lat="35.746955" lon="127.942423"><ele>367.0</ele><time>2026-04-18T05:24:39.000Z</time></trkpt>
      <trkpt lat="35.746982" lon="127.942406"><ele>367.8</ele><time>2026-04-18T05:24:44.000Z</time></trkpt>
      <trkpt lat="35.746986" lon="127.942408"><ele>368.0</ele><time>2026-04-18T05:24:45.000Z</time></trkpt>
      <trkpt lat="35.747007" lon="127.942412"><ele>369.2</ele><time>2026-04-18T05:24:50.000Z</time></trkpt>
      <trkpt lat="35.747039" lon="127.942414"><ele>370.4</ele><time>2026-04-18T05:24:56.000Z</time></trkpt>
      <trkpt lat="35.747077" lon="127.942416"><ele>371.2</ele><time>2026-04-18T05:25:02.000Z</time></trkpt>
      <trkpt lat="35.747080" lon="127.942418"><ele>371.6</ele><time>2026-04-18T05:25:04.000Z</time></trkpt>
      <trkpt lat="35.747085" lon="127.942427"><ele>372.0</ele><time>2026-04-18T05:25:07.000Z</time></trkpt>
      <trkpt lat="35.747085" lon="127.942429"><ele>372.0</ele><time>2026-04-18T05:25:08.000Z</time></trkpt>
      <trkpt lat="35.747085" lon="127.942431"><ele>372.0</ele><time>2026-04-18T05:25:09.000Z</time></trkpt>
      <trkpt lat="35.747082" lon="127.942426"><ele>372.4</ele><time>2026-04-18T05:25:17.000Z</time></trkpt>
      <trkpt lat="35.747084" lon="127.942439"><ele>372.4</ele><time>2026-04-18T05:25:26.000Z</time></trkpt>
      <trkpt lat="35.747151" lon="127.942466"><ele>372.4</ele><time>2026-04-18T05:25:37.000Z</time></trkpt>
      <trkpt lat="35.747170" lon="127.942467"><ele>372.6</ele><time>2026-04-18T05:25:39.000Z</time></trkpt>
      <trkpt lat="35.747195" lon="127.942457"><ele>372.6</ele><time>2026-04-18T05:25:44.000Z</time></trkpt>
      <trkpt lat="35.747205" lon="127.942439"><ele>372.2</ele><time>2026-04-18T05:25:47.000Z</time></trkpt>
      <trkpt lat="35.747216" lon="127.942408"><ele>371.4</ele><time>2026-04-18T05:25:51.000Z</time></trkpt>
      <trkpt lat="35.747230" lon="127.942390"><ele>370.2</ele><time>2026-04-18T05:25:54.000Z</time></trkpt>
      <trkpt lat="35.747252" lon="127.942376"><ele>369.4</ele><time>2026-04-18T05:26:00.000Z</time></trkpt>
      <trkpt lat="35.747266" lon="127.942374"><ele>369.0</ele><time>2026-04-18T05:26:05.000Z</time></trkpt>
      <trkpt lat="35.747280" lon="127.942352"><ele>368.0</ele><time>2026-04-18T05:26:10.000Z</time></trkpt>
      <trkpt lat="35.747290" lon="127.942339"><ele>367.0</ele><time>2026-04-18T05:26:13.000Z</time></trkpt>
      <trkpt lat="35.747300" lon="127.942333"><ele>366.4</ele><time>2026-04-18T05:26:15.000Z</time></trkpt>
      <trkpt lat="35.747310" lon="127.942321"><ele>365.6</ele><time>2026-04-18T05:26:17.000Z</time></trkpt>
      <trkpt lat="35.747331" lon="127.942302"><ele>364.4</ele><time>2026-04-18T05:26:20.000Z</time></trkpt>
      <trkpt lat="35.747341" lon="127.942281"><ele>363.4</ele><time>2026-04-18T05:26:23.000Z</time></trkpt>
      <trkpt lat="35.747347" lon="127.942274"><ele>363.0</ele><time>2026-04-18T05:26:24.000Z</time></trkpt>
      <trkpt lat="35.747363" lon="127.942257"><ele>362.0</ele><time>2026-04-18T05:26:27.000Z</time></trkpt>
      <trkpt lat="35.747388" lon="127.942237"><ele>360.8</ele><time>2026-04-18T05:26:31.000Z</time></trkpt>
      <trkpt lat="35.747405" lon="127.942227"><ele>360.4</ele><time>2026-04-18T05:26:33.000Z</time></trkpt>
      <trkpt lat="35.747428" lon="127.942216"><ele>359.8</ele><time>2026-04-18T05:26:36.000Z</time></trkpt>
      <trkpt lat="35.747480" lon="127.942162"><ele>359.0</ele><time>2026-04-18T05:26:43.000Z</time></trkpt>
      <trkpt lat="35.747490" lon="127.942141"><ele>358.8</ele><time>2026-04-18T05:26:45.000Z</time></trkpt>
      <trkpt lat="35.747497" lon="127.942120"><ele>358.6</ele><time>2026-04-18T05:26:47.000Z</time></trkpt>
      <trkpt lat="35.747515" lon="127.942086"><ele>357.8</ele><time>2026-04-18T05:26:50.000Z</time></trkpt>
      <trkpt lat="35.747522" lon="127.942079"><ele>357.8</ele><time>2026-04-18T05:26:51.000Z</time></trkpt>
      <trkpt lat="35.747596" lon="127.942030"><ele>356.6</ele><time>2026-04-18T05:26:59.000Z</time></trkpt>
      <trkpt lat="35.747622" lon="127.942037"><ele>356.0</ele><time>2026-04-18T05:27:01.000Z</time></trkpt>
      <trkpt lat="35.747634" lon="127.942042"><ele>355.8</ele><time>2026-04-18T05:27:02.000Z</time></trkpt>
      <trkpt lat="35.747654" lon="127.942053"><ele>355.4</ele><time>2026-04-18T05:27:04.000Z</time></trkpt>
      <trkpt lat="35.747705" lon="127.942060"><ele>354.4</ele><time>2026-04-18T05:27:09.000Z</time></trkpt>
      <trkpt lat="35.747729" lon="127.942049"><ele>354.0</ele><time>2026-04-18T05:27:12.000Z</time></trkpt>
      <trkpt lat="35.747750" lon="127.942031"><ele>353.2</ele><time>2026-04-18T05:27:15.000Z</time></trkpt>
      <trkpt lat="35.747785" lon="127.941997"><ele>352.0</ele><time>2026-04-18T05:27:19.000Z</time></trkpt>
      <trkpt lat="35.747810" lon="127.941977"><ele>351.4</ele><time>2026-04-18T05:27:22.000Z</time></trkpt>
      <trkpt lat="35.747819" lon="127.941970"><ele>351.2</ele><time>2026-04-18T05:27:23.000Z</time></trkpt>
      <trkpt lat="35.747836" lon="127.941957"><ele>351.0</ele><time>2026-04-18T05:27:25.000Z</time></trkpt>
      <trkpt lat="35.747896" lon="127.941930"><ele>350.2</ele><time>2026-04-18T05:27:31.000Z</time></trkpt>
      <trkpt lat="35.747971" lon="127.941892"><ele>350.8</ele><time>2026-04-18T05:27:41.000Z</time></trkpt>
      <trkpt lat="35.747994" lon="127.941852"><ele>352.0</ele><time>2026-04-18T05:27:47.000Z</time></trkpt>
      <trkpt lat="35.748013" lon="127.941831"><ele>352.4</ele><time>2026-04-18T05:27:50.000Z</time></trkpt>
      <trkpt lat="35.748042" lon="127.941811"><ele>352.8</ele><time>2026-04-18T05:27:54.000Z</time></trkpt>
      <trkpt lat="35.748083" lon="127.941794"><ele>353.2</ele><time>2026-04-18T05:27:59.000Z</time></trkpt>
      <trkpt lat="35.748133" lon="127.941796"><ele>353.6</ele><time>2026-04-18T05:28:05.000Z</time></trkpt>
      <trkpt lat="35.748149" lon="127.941796"><ele>354.2</ele><time>2026-04-18T05:28:08.000Z</time></trkpt>
      <trkpt lat="35.748200" lon="127.941797"><ele>355.2</ele><time>2026-04-18T05:28:15.000Z</time></trkpt>
      <trkpt lat="35.748240" lon="127.941799"><ele>356.0</ele><time>2026-04-18T05:28:20.000Z</time></trkpt>
      <trkpt lat="35.748264" lon="127.941797"><ele>356.4</ele><time>2026-04-18T05:28:23.000Z</time></trkpt>
      <trkpt lat="35.748352" lon="127.941747"><ele>356.2</ele><time>2026-04-18T05:28:34.000Z</time></trkpt>
      <trkpt lat="35.748394" lon="127.941729"><ele>355.2</ele><time>2026-04-18T05:28:39.000Z</time></trkpt>
      <trkpt lat="35.748402" lon="127.941726"><ele>355.0</ele><time>2026-04-18T05:28:40.000Z</time></trkpt>
      <trkpt lat="35.748431" lon="127.941708"><ele>354.0</ele><time>2026-04-18T05:28:43.000Z</time></trkpt>
      <trkpt lat="35.748466" lon="127.941690"><ele>352.8</ele><time>2026-04-18T05:28:47.000Z</time></trkpt>
      <trkpt lat="35.748519" lon="127.941673"><ele>351.8</ele><time>2026-04-18T05:28:52.000Z</time></trkpt>
      <trkpt lat="35.748603" lon="127.941635"><ele>351.2</ele><time>2026-04-18T05:29:00.000Z</time></trkpt>
      <trkpt lat="35.748615" lon="127.941628"><ele>351.0</ele><time>2026-04-18T05:29:01.000Z</time></trkpt>
      <trkpt lat="35.748638" lon="127.941616"><ele>351.0</ele><time>2026-04-18T05:29:03.000Z</time></trkpt>
      <trkpt lat="35.748659" lon="127.941611"><ele>351.0</ele><time>2026-04-18T05:29:05.000Z</time></trkpt>
      <trkpt lat="35.748676" lon="127.941627"><ele>351.2</ele><time>2026-04-18T05:29:07.000Z</time></trkpt>
      <trkpt lat="35.748680" lon="127.941637"><ele>351.2</ele><time>2026-04-18T05:29:08.000Z</time></trkpt>
      <trkpt lat="35.748700" lon="127.941684"><ele>350.8</ele><time>2026-04-18T05:29:13.000Z</time></trkpt>
      <trkpt lat="35.748705" lon="127.941696"><ele>350.6</ele><time>2026-04-18T05:29:14.000Z</time></trkpt>
      <trkpt lat="35.748725" lon="127.941726"><ele>349.8</ele><time>2026-04-18T05:29:17.000Z</time></trkpt>
      <trkpt lat="35.748731" lon="127.941735"><ele>349.4</ele><time>2026-04-18T05:29:18.000Z</time></trkpt>
      <trkpt lat="35.748743" lon="127.941748"><ele>348.6</ele><time>2026-04-18T05:29:20.000Z</time></trkpt>
      <trkpt lat="35.748754" lon="127.941762"><ele>348.2</ele><time>2026-04-18T05:29:22.000Z</time></trkpt>
      <trkpt lat="35.748762" lon="127.941777"><ele>347.4</ele><time>2026-04-18T05:29:24.000Z</time></trkpt>
      <trkpt lat="35.748771" lon="127.941787"><ele>346.8</ele><time>2026-04-18T05:29:26.000Z</time></trkpt>
      <trkpt lat="35.748794" lon="127.941806"><ele>345.6</ele><time>2026-04-18T05:29:30.000Z</time></trkpt>
      <trkpt lat="35.748821" lon="127.941810"><ele>344.4</ele><time>2026-04-18T05:29:34.000Z</time></trkpt>
      <trkpt lat="35.748838" lon="127.941827"><ele>343.2</ele><time>2026-04-18T05:29:38.000Z</time></trkpt>
      <trkpt lat="35.748839" lon="127.941826"><ele>342.4</ele><time>2026-04-18T05:29:42.000Z</time></trkpt>
      <trkpt lat="35.748840" lon="127.941827"><ele>342.4</ele><time>2026-04-18T05:29:47.000Z</time></trkpt>
      <trkpt lat="35.748852" lon="127.941833"><ele>342.8</ele><time>2026-04-18T05:30:00.000Z</time></trkpt>
      <trkpt lat="35.748877" lon="127.941847"><ele>342.8</ele><time>2026-04-18T05:30:04.000Z</time></trkpt>
      <trkpt lat="35.748887" lon="127.941857"><ele>342.0</ele><time>2026-04-18T05:30:07.000Z</time></trkpt>
      <trkpt lat="35.748903" lon="127.941863"><ele>341.0</ele><time>2026-04-18T05:30:12.000Z</time></trkpt>
      <trkpt lat="35.748909" lon="127.941867"><ele>340.8</ele><time>2026-04-18T05:30:13.000Z</time></trkpt>
      <trkpt lat="35.748941" lon="127.941868"><ele>339.8</ele><time>2026-04-18T05:30:17.000Z</time></trkpt>
      <trkpt lat="35.748962" lon="127.941881"><ele>338.8</ele><time>2026-04-18T05:30:21.000Z</time></trkpt>
      <trkpt lat="35.748996" lon="127.941883"><ele>337.6</ele><time>2026-04-18T05:30:27.000Z</time></trkpt>
      <trkpt lat="35.749004" lon="127.941882"><ele>337.4</ele><time>2026-04-18T05:30:28.000Z</time></trkpt>
      <trkpt lat="35.749008" lon="127.941870"><ele>336.6</ele><time>2026-04-18T05:30:31.000Z</time></trkpt>
      <trkpt lat="35.749015" lon="127.941866"><ele>336.2</ele><time>2026-04-18T05:30:32.000Z</time></trkpt>
      <trkpt lat="35.749035" lon="127.941854"><ele>335.4</ele><time>2026-04-18T05:30:35.000Z</time></trkpt>
      <trkpt lat="35.749068" lon="127.941828"><ele>334.2</ele><time>2026-04-18T05:30:39.000Z</time></trkpt>
      <trkpt lat="35.749080" lon="127.941817"><ele>333.6</ele><time>2026-04-18T05:30:41.000Z</time></trkpt>
      <trkpt lat="35.749084" lon="127.941811"><ele>333.2</ele><time>2026-04-18T05:30:42.000Z</time></trkpt>
      <trkpt lat="35.749102" lon="127.941796"><ele>332.2</ele><time>2026-04-18T05:30:45.000Z</time></trkpt>
      <trkpt lat="35.749129" lon="127.941786"><ele>331.2</ele><time>2026-04-18T05:30:50.000Z</time></trkpt>
      <trkpt lat="35.749137" lon="127.941782"><ele>331.0</ele><time>2026-04-18T05:30:51.000Z</time></trkpt>
      <trkpt lat="35.749171" lon="127.941749"><ele>329.8</ele><time>2026-04-18T05:30:56.000Z</time></trkpt>
      <trkpt lat="35.749203" lon="127.941726"><ele>328.8</ele><time>2026-04-18T05:31:01.000Z</time></trkpt>
      <trkpt lat="35.749212" lon="127.941722"><ele>328.8</ele><time>2026-04-18T05:31:02.000Z</time></trkpt>
      <trkpt lat="35.749275" lon="127.941687"><ele>327.8</ele><time>2026-04-18T05:31:09.000Z</time></trkpt>
      <trkpt lat="35.749300" lon="127.941661"><ele>326.8</ele><time>2026-04-18T05:31:13.000Z</time></trkpt>
      <trkpt lat="35.749307" lon="127.941655"><ele>326.6</ele><time>2026-04-18T05:31:14.000Z</time></trkpt>
      <trkpt lat="35.749324" lon="127.941645"><ele>326.0</ele><time>2026-04-18T05:31:16.000Z</time></trkpt>
      <trkpt lat="35.749344" lon="127.941634"><ele>325.8</ele><time>2026-04-18T05:31:18.000Z</time></trkpt>
      <trkpt lat="35.749364" lon="127.941632"><ele>325.6</ele><time>2026-04-18T05:31:20.000Z</time></trkpt>
      <trkpt lat="35.749404" lon="127.941616"><ele>324.8</ele><time>2026-04-18T05:31:24.000Z</time></trkpt>
      <trkpt lat="35.749424" lon="127.941606"><ele>324.4</ele><time>2026-04-18T05:31:26.000Z</time></trkpt>
      <trkpt lat="35.749461" lon="127.941591"><ele>324.0</ele><time>2026-04-18T05:31:30.000Z</time></trkpt>
      <trkpt lat="35.749541" lon="127.941587"><ele>325.2</ele><time>2026-04-18T05:31:40.000Z</time></trkpt>
      <trkpt lat="35.749548" lon="127.941588"><ele>325.4</ele><time>2026-04-18T05:31:42.000Z</time></trkpt>
      <trkpt lat="35.749558" lon="127.941595"><ele>325.6</ele><time>2026-04-18T05:31:44.000Z</time></trkpt>
      <trkpt lat="35.749570" lon="127.941596"><ele>326.0</ele><time>2026-04-18T05:31:47.000Z</time></trkpt>
      <trkpt lat="35.749584" lon="127.941597"><ele>326.2</ele><time>2026-04-18T05:31:49.000Z</time></trkpt>
      <trkpt lat="35.749602" lon="127.941598"><ele>326.4</ele><time>2026-04-18T05:31:51.000Z</time></trkpt>
      <trkpt lat="35.749614" lon="127.941601"><ele>326.4</ele><time>2026-04-18T05:31:53.000Z</time></trkpt>
      <trkpt lat="35.749621" lon="127.941600"><ele>326.6</ele><time>2026-04-18T05:31:54.000Z</time></trkpt>
      <trkpt lat="35.749677" lon="127.941605"><ele>326.4</ele><time>2026-04-18T05:32:00.000Z</time></trkpt>
      <trkpt lat="35.749685" lon="127.941621"><ele>326.0</ele><time>2026-04-18T05:32:02.000Z</time></trkpt>
      <trkpt lat="35.749708" lon="127.941633"><ele>325.2</ele><time>2026-04-18T05:32:05.000Z</time></trkpt>
      <trkpt lat="35.749740" lon="127.941660"><ele>323.8</ele><time>2026-04-18T05:32:09.000Z</time></trkpt>
      <trkpt lat="35.749749" lon="127.941686"><ele>322.6</ele><time>2026-04-18T05:32:12.000Z</time></trkpt>
      <trkpt lat="35.749771" lon="127.941703"><ele>321.4</ele><time>2026-04-18T05:32:15.000Z</time></trkpt>
      <trkpt lat="35.749809" lon="127.941695"><ele>320.2</ele><time>2026-04-18T05:32:19.000Z</time></trkpt>
      <trkpt lat="35.749825" lon="127.941684"><ele>319.8</ele><time>2026-04-18T05:32:21.000Z</time></trkpt>
      <trkpt lat="35.749847" lon="127.941680"><ele>319.4</ele><time>2026-04-18T05:32:23.000Z</time></trkpt>
      <trkpt lat="35.749858" lon="127.941684"><ele>319.2</ele><time>2026-04-18T05:32:24.000Z</time></trkpt>
      <trkpt lat="35.749869" lon="127.941690"><ele>319.0</ele><time>2026-04-18T05:32:25.000Z</time></trkpt>
      <trkpt lat="35.749920" lon="127.941701"><ele>318.6</ele><time>2026-04-18T05:32:30.000Z</time></trkpt>
      <trkpt lat="35.749936" lon="127.941685"><ele>318.4</ele><time>2026-04-18T05:32:32.000Z</time></trkpt>
      <trkpt lat="35.749954" lon="127.941673"><ele>318.0</ele><time>2026-04-18T05:32:34.000Z</time></trkpt>
      <trkpt lat="35.749987" lon="127.941650"><ele>316.8</ele><time>2026-04-18T05:32:38.000Z</time></trkpt>
      <trkpt lat="35.750011" lon="127.941634"><ele>316.0</ele><time>2026-04-18T05:32:41.000Z</time></trkpt>
      <trkpt lat="35.750019" lon="127.941630"><ele>315.6</ele><time>2026-04-18T05:32:42.000Z</time></trkpt>
      <trkpt lat="35.750045" lon="127.941617"><ele>314.6</ele><time>2026-04-18T05:32:46.000Z</time></trkpt>
      <trkpt lat="35.750056" lon="127.941623"><ele>314.0</ele><time>2026-04-18T05:32:48.000Z</time></trkpt>
      <trkpt lat="35.750071" lon="127.941622"><ele>313.6</ele><time>2026-04-18T05:32:50.000Z</time></trkpt>
      <trkpt lat="35.750095" lon="127.941613"><ele>312.4</ele><time>2026-04-18T05:32:53.000Z</time></trkpt>
      <trkpt lat="35.750103" lon="127.941613"><ele>312.2</ele><time>2026-04-18T05:32:54.000Z</time></trkpt>
      <trkpt lat="35.750130" lon="127.941605"><ele>311.0</ele><time>2026-04-18T05:32:57.000Z</time></trkpt>
      <trkpt lat="35.750149" lon="127.941598"><ele>310.6</ele><time>2026-04-18T05:32:59.000Z</time></trkpt>
      <trkpt lat="35.750166" lon="127.941604"><ele>309.8</ele><time>2026-04-18T05:33:01.000Z</time></trkpt>
      <trkpt lat="35.750179" lon="127.941619"><ele>309.2</ele><time>2026-04-18T05:33:03.000Z</time></trkpt>
      <trkpt lat="35.750196" lon="127.941630"><ele>308.4</ele><time>2026-04-18T05:33:06.000Z</time></trkpt>
      <trkpt lat="35.750214" lon="127.941616"><ele>307.8</ele><time>2026-04-18T05:33:09.000Z</time></trkpt>
      <trkpt lat="35.750228" lon="127.941604"><ele>307.4</ele><time>2026-04-18T05:33:11.000Z</time></trkpt>
      <trkpt lat="35.750255" lon="127.941581"><ele>306.2</ele><time>2026-04-18T05:33:14.000Z</time></trkpt>
      <trkpt lat="35.750278" lon="127.941560"><ele>305.6</ele><time>2026-04-18T05:33:16.000Z</time></trkpt>
      <trkpt lat="35.750288" lon="127.941554"><ele>305.2</ele><time>2026-04-18T05:33:17.000Z</time></trkpt>
      <trkpt lat="35.750297" lon="127.941560"><ele>304.8</ele><time>2026-04-18T05:33:18.000Z</time></trkpt>
      <trkpt lat="35.750304" lon="127.941571"><ele>304.6</ele><time>2026-04-18T05:33:19.000Z</time></trkpt>
      <trkpt lat="35.750317" lon="127.941599"><ele>304.2</ele><time>2026-04-18T05:33:21.000Z</time></trkpt>
      <trkpt lat="35.750321" lon="127.941616"><ele>304.0</ele><time>2026-04-18T05:33:22.000Z</time></trkpt>
      <trkpt lat="35.750315" lon="127.941693"><ele>303.8</ele><time>2026-04-18T05:33:27.000Z</time></trkpt>
      <trkpt lat="35.750269" lon="127.941837"><ele>303.0</ele><time>2026-04-18T05:33:37.000Z</time></trkpt>
      <trkpt lat="35.750265" lon="127.941851"><ele>303.0</ele><time>2026-04-18T05:33:38.000Z</time></trkpt>
      <trkpt lat="35.750262" lon="127.941864"><ele>302.8</ele><time>2026-04-18T05:33:39.000Z</time></trkpt>
      <trkpt lat="35.750247" lon="127.941930"><ele>303.0</ele><time>2026-04-18T05:33:44.000Z</time></trkpt>
      <trkpt lat="35.750234" lon="127.942027"><ele>303.0</ele><time>2026-04-18T05:33:51.000Z</time></trkpt>
      <trkpt lat="35.750233" lon="127.942051"><ele>303.0</ele><time>2026-04-18T05:33:53.000Z</time></trkpt>
      <trkpt lat="35.750228" lon="127.942085"><ele>302.8</ele><time>2026-04-18T05:33:56.000Z</time></trkpt>
      <trkpt lat="35.750222" lon="127.942089"><ele>302.6</ele><time>2026-04-18T05:34:00.000Z</time></trkpt>
      <trkpt lat="35.750220" lon="127.942090"><ele>302.4</ele><time>2026-04-18T05:34:03.000Z</time></trkpt>
      <trkpt lat="35.750220" lon="127.942091"><ele>302.4</ele><time>2026-04-18T05:34:05.000Z</time></trkpt>
      <trkpt lat="35.750222" lon="127.942101"><ele>302.2</ele><time>2026-04-18T05:34:12.000Z</time></trkpt>
      <trkpt lat="35.750219" lon="127.942102"><ele>302.2</ele><time>2026-04-18T05:34:13.000Z</time></trkpt>
      <trkpt lat="35.750215" lon="127.942092"><ele>302.2</ele><time>2026-04-18T05:34:15.000Z</time></trkpt>
      <trkpt lat="35.750211" lon="127.942092"><ele>302.0</ele><time>2026-04-18T05:34:17.000Z</time></trkpt>
      <trkpt lat="35.750207" lon="127.942079"><ele>302.0</ele><time>2026-04-18T05:34:26.000Z</time></trkpt>
      <trkpt lat="35.750206" lon="127.942077"><ele>302.0</ele><time>2026-04-18T05:34:30.000Z</time></trkpt>
      <trkpt lat="35.750208" lon="127.942077"><ele>302.0</ele><time>2026-04-18T05:34:31.000Z</time></trkpt>
      <trkpt lat="35.750210" lon="127.942087"><ele>301.8</ele><time>2026-04-18T05:34:35.000Z</time></trkpt>
      <trkpt lat="35.750206" lon="127.942106"><ele>301.4</ele><time>2026-04-18T05:34:44.000Z</time></trkpt>
      <trkpt lat="35.750207" lon="127.942110"><ele>301.4</ele><time>2026-04-18T05:34:52.000Z</time></trkpt>
      <trkpt lat="35.750210" lon="127.942116"><ele>301.8</ele><time>2026-04-18T05:35:00.000Z</time></trkpt>
      <trkpt lat="35.750211" lon="127.942117"><ele>301.8</ele><time>2026-04-18T05:35:01.000Z</time></trkpt>
      <trkpt lat="35.750210" lon="127.942119"><ele>301.8</ele><time>2026-04-18T05:35:03.000Z</time></trkpt>
      <trkpt lat="35.750211" lon="127.942120"><ele>301.6</ele><time>2026-04-18T05:35:07.000Z</time></trkpt>
      <trkpt lat="35.750210" lon="127.942123"><ele>301.6</ele><time>2026-04-18T05:35:14.000Z</time></trkpt>
      <trkpt lat="35.750211" lon="127.942125"><ele>301.6</ele><time>2026-04-18T05:35:18.000Z</time></trkpt>
      <trkpt lat="35.750215" lon="127.942130"><ele>301.4</ele><time>2026-04-18T05:35:30.000Z</time></trkpt>
      <trkpt lat="35.750213" lon="127.942129"><ele>301.4</ele><time>2026-04-18T05:35:32.000Z</time></trkpt>
      <trkpt lat="35.750212" lon="127.942125"><ele>301.4</ele><time>2026-04-18T05:35:33.000Z</time></trkpt>
      <trkpt lat="35.750219" lon="127.942110"><ele>301.4</ele><time>2026-04-18T05:35:41.000Z</time></trkpt>
      <trkpt lat="35.750238" lon="127.942102"><ele>301.4</ele><time>2026-04-18T05:35:45.000Z</time></trkpt>
      <trkpt lat="35.750302" lon="127.942081"><ele>301.8</ele><time>2026-04-18T05:35:51.000Z</time></trkpt>
      <trkpt lat="35.750339" lon="127.942043"><ele>301.6</ele><time>2026-04-18T05:35:55.000Z</time></trkpt>
      <trkpt lat="35.750423" lon="127.941974"><ele>301.0</ele><time>2026-04-18T05:36:04.000Z</time></trkpt>
      <trkpt lat="35.750508" lon="127.941912"><ele>301.0</ele><time>2026-04-18T05:36:13.000Z</time></trkpt>
      <trkpt lat="35.750603" lon="127.941837"><ele>300.6</ele><time>2026-04-18T05:36:24.000Z</time></trkpt>
      <trkpt lat="35.750622" lon="127.941827"><ele>300.6</ele><time>2026-04-18T05:36:26.000Z</time></trkpt>
      <trkpt lat="35.750668" lon="127.941803"><ele>300.6</ele><time>2026-04-18T05:36:31.000Z</time></trkpt>
      <trkpt lat="35.750721" lon="127.941765"><ele>300.4</ele><time>2026-04-18T05:36:37.000Z</time></trkpt>
      <trkpt lat="35.750790" lon="127.941726"><ele>300.4</ele><time>2026-04-18T05:36:45.000Z</time></trkpt>
      <trkpt lat="35.750878" lon="127.941673"><ele>300.0</ele><time>2026-04-18T05:36:54.000Z</time></trkpt>
      <trkpt lat="35.750886" lon="127.941673"><ele>299.8</ele><time>2026-04-18T05:36:55.000Z</time></trkpt>
      <trkpt lat="35.750893" lon="127.941668"><ele>299.8</ele><time>2026-04-18T05:36:57.000Z</time></trkpt>
      <trkpt lat="35.750919" lon="127.941644"><ele>299.6</ele><time>2026-04-18T05:37:00.000Z</time></trkpt>
      <trkpt lat="35.750941" lon="127.941630"><ele>299.6</ele><time>2026-04-18T05:37:02.000Z</time></trkpt>
      <trkpt lat="35.751011" lon="127.941582"><ele>298.8</ele><time>2026-04-18T05:37:08.000Z</time></trkpt>
      <trkpt lat="35.751057" lon="127.941550"><ele>298.4</ele><time>2026-04-18T05:37:12.000Z</time></trkpt>
      <trkpt lat="35.751078" lon="127.941540"><ele>298.2</ele><time>2026-04-18T05:37:14.000Z</time></trkpt>
      <trkpt lat="35.751095" lon="127.941533"><ele>298.0</ele><time>2026-04-18T05:37:16.000Z</time></trkpt>
      <trkpt lat="35.751103" lon="127.941522"><ele>297.8</ele><time>2026-04-18T05:37:17.000Z</time></trkpt>
      <trkpt lat="35.751187" lon="127.941395"><ele>297.0</ele><time>2026-04-18T05:37:28.000Z</time></trkpt>
      <trkpt lat="35.751195" lon="127.941383"><ele>297.0</ele><time>2026-04-18T05:37:29.000Z</time></trkpt>
      <trkpt lat="35.751219" lon="127.941331"><ele>296.8</ele><time>2026-04-18T05:37:33.000Z</time></trkpt>
      <trkpt lat="35.751244" lon="127.941262"><ele>296.6</ele><time>2026-04-18T05:37:38.000Z</time></trkpt>
      <trkpt lat="35.751275" lon="127.941153"><ele>296.4</ele><time>2026-04-18T05:37:46.000Z</time></trkpt>
      <trkpt lat="35.751322" lon="127.941005"><ele>296.6</ele><time>2026-04-18T05:37:57.000Z</time></trkpt>
      <trkpt lat="35.751350" lon="127.940932"><ele>296.4</ele><time>2026-04-18T05:38:03.000Z</time></trkpt>
      <trkpt lat="35.751359" lon="127.940912"><ele>296.2</ele><time>2026-04-18T05:38:05.000Z</time></trkpt>
      <trkpt lat="35.751424" lon="127.940783"><ele>296.4</ele><time>2026-04-18T05:38:15.000Z</time></trkpt>
      <trkpt lat="35.751458" lon="127.940705"><ele>296.2</ele><time>2026-04-18T05:38:21.000Z</time></trkpt>
      <trkpt lat="35.751460" lon="127.940694"><ele>296.2</ele><time>2026-04-18T05:38:22.000Z</time></trkpt>
      <trkpt lat="35.751464" lon="127.940683"><ele>296.0</ele><time>2026-04-18T05:38:23.000Z</time></trkpt>
      <trkpt lat="35.751517" lon="127.940583"><ele>295.6</ele><time>2026-04-18T05:38:31.000Z</time></trkpt>
      <trkpt lat="35.751583" lon="127.940470"><ele>294.6</ele><time>2026-04-18T05:38:40.000Z</time></trkpt>
      <trkpt lat="35.751589" lon="127.940455"><ele>294.6</ele><time>2026-04-18T05:38:41.000Z</time></trkpt>
      <trkpt lat="35.751644" lon="127.940351"><ele>293.6</ele><time>2026-04-18T05:38:49.000Z</time></trkpt>
      <trkpt lat="35.751694" lon="127.940265"><ele>292.4</ele><time>2026-04-18T05:38:56.000Z</time></trkpt>
      <trkpt lat="35.751724" lon="127.940222"><ele>292.0</ele><time>2026-04-18T05:39:00.000Z</time></trkpt>
      <trkpt lat="35.751765" lon="127.940188"><ele>291.4</ele><time>2026-04-18T05:39:04.000Z</time></trkpt>
      <trkpt lat="35.751841" lon="127.940130"><ele>290.4</ele><time>2026-04-18T05:39:11.000Z</time></trkpt>
      <trkpt lat="35.751851" lon="127.940123"><ele>290.2</ele><time>2026-04-18T05:39:12.000Z</time></trkpt>
      <trkpt lat="35.751922" lon="127.940103"><ele>289.0</ele><time>2026-04-18T05:39:19.000Z</time></trkpt>
      <trkpt lat="35.751994" lon="127.940085"><ele>287.8</ele><time>2026-04-18T05:39:26.000Z</time></trkpt>
      <trkpt lat="35.752030" lon="127.940080"><ele>287.2</ele><time>2026-04-18T05:39:30.000Z</time></trkpt>
      <trkpt lat="35.752055" lon="127.940075"><ele>286.8</ele><time>2026-04-18T05:39:32.000Z</time></trkpt>
      <trkpt lat="35.752099" lon="127.940079"><ele>286.4</ele><time>2026-04-18T05:39:35.000Z</time></trkpt>
      <trkpt lat="35.752124" lon="127.940078"><ele>286.0</ele><time>2026-04-18T05:39:37.000Z</time></trkpt>
      <trkpt lat="35.752135" lon="127.940078"><ele>285.8</ele><time>2026-04-18T05:39:38.000Z</time></trkpt>
      <trkpt lat="35.752145" lon="127.940079"><ele>285.8</ele><time>2026-04-18T05:39:39.000Z</time></trkpt>
      <trkpt lat="35.752208" lon="127.940084"><ele>285.2</ele><time>2026-04-18T05:39:44.000Z</time></trkpt>
      <trkpt lat="35.752232" lon="127.940076"><ele>285.0</ele><time>2026-04-18T05:39:46.000Z</time></trkpt>
      <trkpt lat="35.752254" lon="127.940066"><ele>284.6</ele><time>2026-04-18T05:39:48.000Z</time></trkpt>
      <trkpt lat="35.752336" lon="127.940059"><ele>283.4</ele><time>2026-04-18T05:39:55.000Z</time></trkpt>
      <trkpt lat="35.752348" lon="127.940054"><ele>283.4</ele><time>2026-04-18T05:39:56.000Z</time></trkpt>
      <trkpt lat="35.752418" lon="127.940055"><ele>282.6</ele><time>2026-04-18T05:40:01.000Z</time></trkpt>
      <trkpt lat="35.752430" lon="127.940051"><ele>282.4</ele><time>2026-04-18T05:40:02.000Z</time></trkpt>
      <trkpt lat="35.752443" lon="127.940044"><ele>282.4</ele><time>2026-04-18T05:40:03.000Z</time></trkpt>
      <trkpt lat="35.752520" lon="127.940003"><ele>281.4</ele><time>2026-04-18T05:40:10.000Z</time></trkpt>
      <trkpt lat="35.752540" lon="127.939987"><ele>281.2</ele><time>2026-04-18T05:40:12.000Z</time></trkpt>
      <trkpt lat="35.752627" lon="127.939995"><ele>280.2</ele><time>2026-04-18T05:40:19.000Z</time></trkpt>
      <trkpt lat="35.752639" lon="127.940006"><ele>280.0</ele><time>2026-04-18T05:40:20.000Z</time></trkpt>
      <trkpt lat="35.752687" lon="127.940088"><ele>280.0</ele><time>2026-04-18T05:40:27.000Z</time></trkpt>
      <trkpt lat="35.752686" lon="127.940178"><ele>280.0</ele><time>2026-04-18T05:40:35.000Z</time></trkpt>
      <trkpt lat="35.752694" lon="127.940192"><ele>280.0</ele><time>2026-04-18T05:40:39.000Z</time></trkpt>
      <trkpt lat="35.752700" lon="127.940211"><ele>280.0</ele><time>2026-04-18T05:40:47.000Z</time></trkpt>
      <trkpt lat="35.752702" lon="127.940216"><ele>280.0</ele><time>2026-04-18T05:40:54.000Z</time></trkpt>
      <trkpt lat="35.752705" lon="127.940237"><ele>280.0</ele><time>2026-04-18T05:41:03.000Z</time></trkpt>
      <trkpt lat="35.752705" lon="127.940240"><ele>280.0</ele><time>2026-04-18T05:41:05.000Z</time></trkpt>
      <trkpt lat="35.752708" lon="127.940249"><ele>280.0</ele><time>2026-04-18T05:41:15.000Z</time></trkpt>
      <trkpt lat="35.752712" lon="127.940257"><ele>280.0</ele><time>2026-04-18T05:41:20.000Z</time></trkpt>
      <trkpt lat="35.752714" lon="127.940304"><ele>279.8</ele><time>2026-04-18T05:41:28.000Z</time></trkpt>
      <trkpt lat="35.752729" lon="127.940360"><ele>279.8</ele><time>2026-04-18T05:41:33.000Z</time></trkpt>
      <trkpt lat="35.752742" lon="127.940451"><ele>280.0</ele><time>2026-04-18T05:41:41.000Z</time></trkpt>
      <trkpt lat="35.752760" lon="127.940549"><ele>280.4</ele><time>2026-04-18T05:41:49.000Z</time></trkpt>
      <trkpt lat="35.752761" lon="127.940572"><ele>280.6</ele><time>2026-04-18T05:41:51.000Z</time></trkpt>
      <trkpt lat="35.752768" lon="127.940667"><ele>281.0</ele><time>2026-04-18T05:41:59.000Z</time></trkpt>
      <trkpt lat="35.752767" lon="127.940715"><ele>281.4</ele><time>2026-04-18T05:42:02.000Z</time></trkpt>
      <trkpt lat="35.752763" lon="127.940765"><ele>281.6</ele><time>2026-04-18T05:42:05.000Z</time></trkpt>
      <trkpt lat="35.752746" lon="127.940879"><ele>282.0</ele><time>2026-04-18T05:42:13.000Z</time></trkpt>
      <trkpt lat="35.752735" lon="127.940933"><ele>282.4</ele><time>2026-04-18T05:42:18.000Z</time></trkpt>
      <trkpt lat="35.752726" lon="127.940965"><ele>282.8</ele><time>2026-04-18T05:42:21.000Z</time></trkpt>
      <trkpt lat="35.752726" lon="127.940999"><ele>283.2</ele><time>2026-04-18T05:42:24.000Z</time></trkpt>
      <trkpt lat="35.752724" lon="127.941018"><ele>283.6</ele><time>2026-04-18T05:42:27.000Z</time></trkpt>
      <trkpt lat="35.752732" lon="127.941051"><ele>284.0</ele><time>2026-04-18T05:42:31.000Z</time></trkpt>
      <trkpt lat="35.752739" lon="127.941085"><ele>284.2</ele><time>2026-04-18T05:42:34.000Z</time></trkpt>
      <trkpt lat="35.752740" lon="127.941129"><ele>284.6</ele><time>2026-04-18T05:42:38.000Z</time></trkpt>
      <trkpt lat="35.752747" lon="127.941174"><ele>285.0</ele><time>2026-04-18T05:42:43.000Z</time></trkpt>
      <trkpt lat="35.752748" lon="127.941155"><ele>285.2</ele><time>2026-04-18T05:42:50.000Z</time></trkpt>
      <trkpt lat="35.752747" lon="127.941155"><ele>285.2</ele><time>2026-04-18T05:42:51.000Z</time></trkpt>
      <trkpt lat="35.752745" lon="127.941143"><ele>285.0</ele><time>2026-04-18T05:42:57.000Z</time></trkpt>
      <trkpt lat="35.752736" lon="127.941027"><ele>284.2</ele><time>2026-04-18T05:43:07.000Z</time></trkpt>
      <trkpt lat="35.752735" lon="127.941014"><ele>284.0</ele><time>2026-04-18T05:43:08.000Z</time></trkpt>
      <trkpt lat="35.752736" lon="127.940964"><ele>283.4</ele><time>2026-04-18T05:43:12.000Z</time></trkpt>
      <trkpt lat="35.752739" lon="127.940916"><ele>283.0</ele><time>2026-04-18T05:43:16.000Z</time></trkpt>
      <trkpt lat="35.752740" lon="127.940905"><ele>283.0</ele><time>2026-04-18T05:43:17.000Z</time></trkpt>
      <trkpt lat="35.752739" lon="127.940880"><ele>282.8</ele><time>2026-04-18T05:43:19.000Z</time></trkpt>
      <trkpt lat="35.752740" lon="127.940841"><ele>282.6</ele><time>2026-04-18T05:43:22.000Z</time></trkpt>
      <trkpt lat="35.752735" lon="127.940809"><ele>282.4</ele><time>2026-04-18T05:43:24.000Z</time></trkpt>
      <trkpt lat="35.752736" lon="127.940775"><ele>282.4</ele><time>2026-04-18T05:43:26.000Z</time></trkpt>
      <trkpt lat="35.752743" lon="127.940758"><ele>282.4</ele><time>2026-04-18T05:43:27.000Z</time></trkpt>
      <trkpt lat="35.752752" lon="127.940697"><ele>282.2</ele><time>2026-04-18T05:43:31.000Z</time></trkpt>
      <trkpt lat="35.752737" lon="127.940541"><ele>281.4</ele><time>2026-04-18T05:43:41.000Z</time></trkpt>
      <trkpt lat="35.752730" lon="127.940484"><ele>281.0</ele><time>2026-04-18T05:43:45.000Z</time></trkpt>
      <trkpt lat="35.752712" lon="127.940417"><ele>280.4</ele><time>2026-04-18T05:43:50.000Z</time></trkpt>
      <trkpt lat="35.752701" lon="127.940376"><ele>280.0</ele><time>2026-04-18T05:43:53.000Z</time></trkpt>
      <trkpt lat="35.752674" lon="127.940272"><ele>279.2</ele><time>2026-04-18T05:44:00.000Z</time></trkpt>
      <trkpt lat="35.752666" lon="127.940191"><ele>279.0</ele><time>2026-04-18T05:44:05.000Z</time></trkpt>
      <trkpt lat="35.752657" lon="127.940128"><ele>279.0</ele><time>2026-04-18T05:44:09.000Z</time></trkpt>
      <trkpt lat="35.752643" lon="127.940055"><ele>279.0</ele><time>2026-04-18T05:44:14.000Z</time></trkpt>
      <trkpt lat="35.752647" lon="127.940037"><ele>279.0</ele><time>2026-04-18T05:44:15.000Z</time></trkpt>
      <trkpt lat="35.752668" lon="127.939913"><ele>278.2</ele><time>2026-04-18T05:44:23.000Z</time></trkpt>
      <trkpt lat="35.752680" lon="127.939885"><ele>278.0</ele><time>2026-04-18T05:44:25.000Z</time></trkpt>
      <trkpt lat="35.752713" lon="127.939829"><ele>276.8</ele><time>2026-04-18T05:44:30.000Z</time></trkpt>
      <trkpt lat="35.752722" lon="127.939789"><ele>276.2</ele><time>2026-04-18T05:44:33.000Z</time></trkpt>
      <trkpt lat="35.752751" lon="127.939732"><ele>275.8</ele><time>2026-04-18T05:44:38.000Z</time></trkpt>
      <trkpt lat="35.752767" lon="127.939707"><ele>275.6</ele><time>2026-04-18T05:44:41.000Z</time></trkpt>
      <trkpt lat="35.752785" lon="127.939667"><ele>275.2</ele><time>2026-04-18T05:44:47.000Z</time></trkpt>
      <trkpt lat="35.752810" lon="127.939624"><ele>274.6</ele><time>2026-04-18T05:44:52.000Z</time></trkpt>
      <trkpt lat="35.752825" lon="127.939595"><ele>274.2</ele><time>2026-04-18T05:44:55.000Z</time></trkpt>
      <trkpt lat="35.752848" lon="127.939543"><ele>274.0</ele><time>2026-04-18T05:44:58.000Z</time></trkpt>
      <trkpt lat="35.752857" lon="127.939516"><ele>273.8</ele><time>2026-04-18T05:45:00.000Z</time></trkpt>
      <trkpt lat="35.752865" lon="127.939501"><ele>273.6</ele><time>2026-04-18T05:45:01.000Z</time></trkpt>
      <trkpt lat="35.752890" lon="127.939442"><ele>273.2</ele><time>2026-04-18T05:45:05.000Z</time></trkpt>
      <trkpt lat="35.752898" lon="127.939414"><ele>273.0</ele><time>2026-04-18T05:45:07.000Z</time></trkpt>
      <trkpt lat="35.752902" lon="127.939387"><ele>272.8</ele><time>2026-04-18T05:45:09.000Z</time></trkpt>
      <trkpt lat="35.752915" lon="127.939360"><ele>272.4</ele><time>2026-04-18T05:45:11.000Z</time></trkpt>
      <trkpt lat="35.752939" lon="127.939316"><ele>271.2</ele><time>2026-04-18T05:45:15.000Z</time></trkpt>
      <trkpt lat="35.752954" lon="127.939240"><ele>271.2</ele><time>2026-04-18T05:45:21.000Z</time></trkpt>
      <trkpt lat="35.752950" lon="127.939202"><ele>271.0</ele><time>2026-04-18T05:45:24.000Z</time></trkpt>
      <trkpt lat="35.752968" lon="127.939149"><ele>270.4</ele><time>2026-04-18T05:45:28.000Z</time></trkpt>
      <trkpt lat="35.752973" lon="127.939137"><ele>270.2</ele><time>2026-04-18T05:45:29.000Z</time></trkpt>
      <trkpt lat="35.752996" lon="127.939052"><ele>269.0</ele><time>2026-04-18T05:45:35.000Z</time></trkpt>
      <trkpt lat="35.753001" lon="127.938995"><ele>267.8</ele><time>2026-04-18T05:45:39.000Z</time></trkpt>
      <trkpt lat="35.753000" lon="127.938970"><ele>267.4</ele><time>2026-04-18T05:45:41.000Z</time></trkpt>
    </trkseg>
  </trk>
</gpx>