<?xml version="1.0" encoding="UTF-8"?>
<gpx version="1.1" creator="gajago-nav" xmlns="http://www.topografix.com/GPX/1/1">
  <metadata><name>상모봉-상학봉-묘봉암릉-묘봉_20231008</name></metadata>
  <wpt lat="36.594924" lon="127.814298">
    <name>들머리 (묘봉두부마을)</name>
    <ele>310</ele>
  </wpt>
  <wpt lat="36.580024" lon="127.810539">
    <name>갈림길</name>
  </wpt>
  <wpt lat="36.578020" lon="127.816100">
    <name>상모봉</name>
    <ele>774</ele>
  </wpt>
  <wpt lat="36.575790" lon="127.817580">
    <name>비로봉</name>
    <ele>830</ele>
  </wpt>
  <wpt lat="36.574030" lon="127.820990">
    <name>상학봉</name>
    <ele>863</ele>
  </wpt>
  <wpt lat="36.570704" lon="127.824408">
    <name>갈림길</name>
  </wpt>
  <wpt lat="36.571420" lon="127.826700">
    <name>묘봉</name>
    <ele>875</ele>
  </wpt>
  <wpt lat="36.573940" lon="127.829210">
    <name>북가치</name>
    <ele>791</ele>
  </wpt>
  <wpt lat="36.587457" lon="127.829321">
    <name>갈림길</name>
  </wpt>
  <wpt lat="36.601112" lon="127.827483">
    <name>날머리 (용화정공원)</name>
    <ele>315</ele>
  </wpt>
  <trk>
    <name>상모봉-상학봉-묘봉암릉-묘봉_20231008</name>
    <trkseg>
      <trkpt lat="36.594924" lon="127.814298"><ele>309.7</ele><time>2023-10-08T00:10:03.000Z</time></trkpt>
      <trkpt lat="36.594945" lon="127.814347"><ele>309.7</ele><time>2023-10-08T00:10:09.000Z</time></trkpt>
      <trkpt lat="36.594967" lon="127.814396"><ele>309.8</ele><time>2023-10-08T00:10:09.000Z</time></trkpt>
      <trkpt lat="36.594992" lon="127.814443"><ele>309.8</ele><time>2023-10-08T00:10:16.000Z</time></trkpt>
      <trkpt lat="36.595016" lon="127.814490"><ele>309.8</ele><time>2023-10-08T00:10:16.000Z</time></trkpt>
      <trkpt lat="36.595038" lon="127.814539"><ele>309.8</ele><time>2023-10-08T00:10:25.000Z</time></trkpt>
      <trkpt lat="36.595061" lon="127.814587"><ele>309.8</ele><time>2023-10-08T00:10:25.000Z</time></trkpt>
      <trkpt lat="36.595083" lon="127.814636"><ele>309.6</ele><time>2023-10-08T00:10:28.000Z</time></trkpt>
      <trkpt lat="36.595104" lon="127.814685"><ele>309.6</ele><time>2023-10-08T00:10:28.000Z</time></trkpt>
      <trkpt lat="36.595125" lon="127.814735"><ele>309.5</ele><time>2023-10-08T00:10:41.000Z</time></trkpt>
      <trkpt lat="36.595133" lon="127.814783"><ele>309.4</ele><time>2023-10-08T00:10:41.000Z</time></trkpt>
      <trkpt lat="36.595103" lon="127.814826"><ele>309.3</ele><time>2023-10-08T00:10:48.000Z</time></trkpt>
      <trkpt lat="36.595068" lon="127.814858"><ele>309.2</ele><time>2023-10-08T00:10:48.000Z</time></trkpt>
      <trkpt lat="36.595026" lon="127.814878"><ele>309.2</ele><time>2023-10-08T00:10:58.000Z</time></trkpt>
      <trkpt lat="36.594989" lon="127.814907"><ele>309.2</ele><time>2023-10-08T00:10:58.000Z</time></trkpt>
      <trkpt lat="36.594958" lon="127.814948"><ele>309.3</ele><time>2023-10-08T00:11:06.000Z</time></trkpt>
      <trkpt lat="36.594934" lon="127.814994"><ele>309.4</ele><time>2023-10-08T00:11:06.000Z</time></trkpt>
      <trkpt lat="36.594915" lon="127.815045"><ele>309.4</ele><time>2023-10-08T00:11:14.000Z</time></trkpt>
      <trkpt lat="36.594899" lon="127.815097"><ele>309.4</ele><time>2023-10-08T00:11:14.000Z</time></trkpt>
      <trkpt lat="36.594887" lon="127.815151"><ele>309.6</ele><time>2023-10-08T00:11:22.000Z</time></trkpt>
      <trkpt lat="36.594854" lon="127.815159"><ele>309.7</ele><time>2023-10-08T00:11:22.000Z</time></trkpt>
      <trkpt lat="36.594811" lon="127.815143"><ele>309.8</ele><time>2023-10-08T00:11:30.000Z</time></trkpt>
      <trkpt lat="36.594768" lon="127.815128"><ele>310.0</ele><time>2023-10-08T00:11:30.000Z</time></trkpt>
      <trkpt lat="36.594723" lon="127.815119"><ele>310.1</ele><time>2023-10-08T00:11:30.000Z</time></trkpt>
      <trkpt lat="36.594679" lon="127.815112"><ele>310.2</ele><time>2023-10-08T00:11:39.000Z</time></trkpt>
      <trkpt lat="36.594634" lon="127.815103"><ele>310.3</ele><time>2023-10-08T00:11:39.000Z</time></trkpt>
      <trkpt lat="36.594590" lon="127.815094"><ele>310.4</ele><time>2023-10-08T00:11:47.000Z</time></trkpt>
      <trkpt lat="36.594546" lon="127.815083"><ele>310.6</ele><time>2023-10-08T00:11:47.000Z</time></trkpt>
      <trkpt lat="36.594502" lon="127.815073"><ele>310.8</ele><time>2023-10-08T00:11:51.000Z</time></trkpt>
      <trkpt lat="36.594457" lon="127.815064"><ele>310.9</ele><time>2023-10-08T00:11:51.000Z</time></trkpt>
      <trkpt lat="36.594413" lon="127.815056"><ele>311.0</ele><time>2023-10-08T00:12:03.000Z</time></trkpt>
      <trkpt lat="36.594370" lon="127.815040"><ele>311.0</ele><time>2023-10-08T00:12:03.000Z</time></trkpt>
      <trkpt lat="36.594328" lon="127.815020"><ele>311.0</ele><time>2023-10-08T00:12:10.000Z</time></trkpt>
      <trkpt lat="36.594286" lon="127.815000"><ele>311.0</ele><time>2023-10-08T00:12:10.000Z</time></trkpt>
      <trkpt lat="36.594244" lon="127.814981"><ele>310.9</ele><time>2023-10-08T00:12:10.000Z</time></trkpt>
      <trkpt lat="36.594201" lon="127.814962"><ele>310.8</ele><time>2023-10-08T00:12:20.000Z</time></trkpt>
      <trkpt lat="36.594158" lon="127.814945"><ele>310.8</ele><time>2023-10-08T00:12:20.000Z</time></trkpt>
      <trkpt lat="36.594116" lon="127.814928"><ele>310.8</ele><time>2023-10-08T00:12:28.000Z</time></trkpt>
      <trkpt lat="36.594076" lon="127.814902"><ele>310.8</ele><time>2023-10-08T00:12:28.000Z</time></trkpt>
      <trkpt lat="36.594036" lon="127.814875"><ele>310.8</ele><time>2023-10-08T00:12:32.000Z</time></trkpt>
      <trkpt lat="36.593997" lon="127.814847"><ele>310.9</ele><time>2023-10-08T00:12:40.000Z</time></trkpt>
      <trkpt lat="36.593958" lon="127.814837"><ele>311.0</ele><time>2023-10-08T00:12:40.000Z</time></trkpt>
      <trkpt lat="36.593917" lon="127.814860"><ele>311.1</ele><time>2023-10-08T00:13:09.000Z</time></trkpt>
      <trkpt lat="36.593874" lon="127.814869"><ele>311.3</ele><time>2023-10-08T00:13:09.000Z</time></trkpt>
      <trkpt lat="36.593829" lon="127.814863"><ele>311.6</ele><time>2023-10-08T00:13:12.000Z</time></trkpt>
      <trkpt lat="36.593785" lon="127.814857"><ele>311.8</ele><time>2023-10-08T00:13:12.000Z</time></trkpt>
      <trkpt lat="36.593740" lon="127.814861"><ele>311.9</ele><time>2023-10-08T00:13:12.000Z</time></trkpt>
      <trkpt lat="36.593695" lon="127.814864"><ele>312.1</ele><time>2023-10-08T00:13:26.000Z</time></trkpt>
      <trkpt lat="36.593650" lon="127.814868"><ele>312.2</ele><time>2023-10-08T00:13:26.000Z</time></trkpt>
      <trkpt lat="36.593605" lon="127.814874"><ele>312.4</ele><time>2023-10-08T00:13:26.000Z</time></trkpt>
      <trkpt lat="36.593561" lon="127.814880"><ele>312.5</ele><time>2023-10-08T00:13:33.000Z</time></trkpt>
      <trkpt lat="36.593516" lon="127.814888"><ele>312.7</ele><time>2023-10-08T00:13:33.000Z</time></trkpt>
      <trkpt lat="36.593472" lon="127.814895"><ele>312.8</ele><time>2023-10-08T00:13:42.000Z</time></trkpt>
      <trkpt lat="36.593427" lon="127.814901"><ele>312.9</ele><time>2023-10-08T00:13:42.000Z</time></trkpt>
      <trkpt lat="36.593382" lon="127.814906"><ele>313.1</ele><time>2023-10-08T00:13:50.000Z</time></trkpt>
      <trkpt lat="36.593337" lon="127.814911"><ele>313.2</ele><time>2023-10-08T00:13:50.000Z</time></trkpt>
      <trkpt lat="36.593293" lon="127.814917"><ele>313.4</ele><time>2023-10-08T00:13:53.000Z</time></trkpt>
      <trkpt lat="36.593248" lon="127.814925"><ele>313.5</ele><time>2023-10-08T00:13:53.000Z</time></trkpt>
      <trkpt lat="36.593204" lon="127.814935"><ele>313.6</ele><time>2023-10-08T00:14:07.000Z</time></trkpt>
      <trkpt lat="36.593159" lon="127.814944"><ele>313.8</ele><time>2023-10-08T00:14:07.000Z</time></trkpt>
      <trkpt lat="36.593116" lon="127.814959"><ele>314.0</ele><time>2023-10-08T00:14:07.000Z</time></trkpt>
      <trkpt lat="36.593073" lon="127.814974"><ele>314.2</ele><time>2023-10-08T00:14:15.000Z</time></trkpt>
      <trkpt lat="36.593029" lon="127.814989"><ele>314.4</ele><time>2023-10-08T00:14:15.000Z</time></trkpt>
      <trkpt lat="36.592985" lon="127.815000"><ele>314.6</ele><time>2023-10-08T00:14:15.000Z</time></trkpt>
      <trkpt lat="36.592941" lon="127.815012"><ele>314.9</ele><time>2023-10-08T00:14:28.000Z</time></trkpt>
      <trkpt lat="36.592897" lon="127.815023"><ele>315.0</ele><time>2023-10-08T00:14:28.000Z</time></trkpt>
      <trkpt lat="36.592853" lon="127.815034"><ele>315.1</ele><time>2023-10-08T00:14:35.000Z</time></trkpt>
      <trkpt lat="36.592809" lon="127.815045"><ele>315.2</ele><time>2023-10-08T00:14:35.000Z</time></trkpt>
      <trkpt lat="36.592767" lon="127.815063"><ele>315.4</ele><time>2023-10-08T00:14:43.000Z</time></trkpt>
      <trkpt lat="36.592725" lon="127.815083"><ele>315.6</ele><time>2023-10-08T00:14:43.000Z</time></trkpt>
      <trkpt lat="36.592685" lon="127.815110"><ele>315.8</ele><time>2023-10-08T00:14:51.000Z</time></trkpt>
      <trkpt lat="36.592645" lon="127.815133"><ele>316.0</ele><time>2023-10-08T00:14:51.000Z</time></trkpt>
      <trkpt lat="36.592601" lon="127.815124"><ele>316.2</ele><time>2023-10-08T00:14:51.000Z</time></trkpt>
      <trkpt lat="36.592556" lon="127.815115"><ele>316.3</ele><time>2023-10-08T00:15:02.000Z</time></trkpt>
      <trkpt lat="36.592514" lon="127.815099"><ele>316.5</ele><time>2023-10-08T00:15:02.000Z</time></trkpt>
      <trkpt lat="36.592473" lon="127.815074"><ele>316.7</ele><time>2023-10-08T00:15:10.000Z</time></trkpt>
      <trkpt lat="36.592431" lon="127.815055"><ele>317.0</ele><time>2023-10-08T00:15:10.000Z</time></trkpt>
      <trkpt lat="36.592388" lon="127.815041"><ele>317.2</ele><time>2023-10-08T00:15:19.000Z</time></trkpt>
      <trkpt lat="36.592344" lon="127.815028"><ele>317.5</ele><time>2023-10-08T00:15:19.000Z</time></trkpt>
      <trkpt lat="36.592300" lon="127.815020"><ele>317.7</ele><time>2023-10-08T00:15:19.000Z</time></trkpt>
      <trkpt lat="36.592255" lon="127.815013"><ele>317.9</ele><time>2023-10-08T00:15:25.000Z</time></trkpt>
      <trkpt lat="36.592211" lon="127.815000"><ele>318.1</ele><time>2023-10-08T00:15:25.000Z</time></trkpt>
      <trkpt lat="36.592169" lon="127.814982"><ele>318.3</ele><time>2023-10-08T00:15:40.000Z</time></trkpt>
      <trkpt lat="36.592126" lon="127.814964"><ele>318.6</ele><time>2023-10-08T00:15:40.000Z</time></trkpt>
      <trkpt lat="36.592085" lon="127.814942"><ele>318.8</ele><time>2023-10-08T00:15:40.000Z</time></trkpt>
      <trkpt lat="36.592044" lon="127.814919"><ele>319.1</ele><time>2023-10-08T00:15:47.000Z</time></trkpt>
      <trkpt lat="36.592005" lon="127.814926"><ele>319.5</ele><time>2023-10-08T00:15:47.000Z</time></trkpt>
      <trkpt lat="36.591966" lon="127.814954"><ele>319.9</ele><time>2023-10-08T00:15:59.000Z</time></trkpt>
      <trkpt lat="36.591927" lon="127.814983"><ele>320.3</ele><time>2023-10-08T00:15:59.000Z</time></trkpt>
      <trkpt lat="36.591883" lon="127.814989"><ele>320.7</ele><time>2023-10-08T00:15:59.000Z</time></trkpt>
      <trkpt lat="36.591838" lon="127.814991"><ele>321.2</ele><time>2023-10-08T00:16:07.000Z</time></trkpt>
      <trkpt lat="36.591793" lon="127.814994"><ele>321.6</ele><time>2023-10-08T00:16:07.000Z</time></trkpt>
      <trkpt lat="36.591749" lon="127.815003"><ele>322.2</ele><time>2023-10-08T00:16:07.000Z</time></trkpt>
      <trkpt lat="36.591705" lon="127.815013"><ele>322.8</ele><time>2023-10-08T00:16:20.000Z</time></trkpt>
      <trkpt lat="36.591660" lon="127.815014"><ele>323.4</ele><time>2023-10-08T00:16:20.000Z</time></trkpt>
      <trkpt lat="36.591615" lon="127.815015"><ele>324.1</ele><time>2023-10-08T00:16:27.000Z</time></trkpt>
      <trkpt lat="36.591575" lon="127.814996"><ele>324.8</ele><time>2023-10-08T00:16:27.000Z</time></trkpt>
      <trkpt lat="36.591538" lon="127.814963"><ele>325.5</ele><time>2023-10-08T00:16:41.000Z</time></trkpt>
      <trkpt lat="36.591503" lon="127.814929"><ele>326.2</ele><time>2023-10-08T00:16:41.000Z</time></trkpt>
      <trkpt lat="36.591468" lon="127.814893"><ele>326.8</ele><time>2023-10-08T00:16:48.000Z</time></trkpt>
      <trkpt lat="36.591429" lon="127.814867"><ele>327.2</ele><time>2023-10-08T00:16:48.000Z</time></trkpt>
      <trkpt lat="36.591389" lon="127.814841"><ele>327.6</ele><time>2023-10-08T00:17:02.000Z</time></trkpt>
      <trkpt lat="36.591347" lon="127.814820"><ele>328.1</ele><time>2023-10-08T00:17:02.000Z</time></trkpt>
      <trkpt lat="36.591305" lon="127.814802"><ele>328.6</ele><time>2023-10-08T00:17:09.000Z</time></trkpt>
      <trkpt lat="36.591263" lon="127.814782"><ele>329.1</ele><time>2023-10-08T00:17:09.000Z</time></trkpt>
      <trkpt lat="36.591224" lon="127.814754"><ele>329.4</ele><time>2023-10-08T00:17:09.000Z</time></trkpt>
      <trkpt lat="36.591185" lon="127.814726"><ele>329.7</ele><time>2023-10-08T00:17:22.000Z</time></trkpt>
      <trkpt lat="36.591145" lon="127.814701"><ele>330.3</ele><time>2023-10-08T00:17:22.000Z</time></trkpt>
      <trkpt lat="36.591103" lon="127.814679"><ele>331.1</ele><time>2023-10-08T00:17:29.000Z</time></trkpt>
      <trkpt lat="36.591059" lon="127.814667"><ele>331.8</ele><time>2023-10-08T00:17:58.000Z</time></trkpt>
      <trkpt lat="36.591017" lon="127.814649"><ele>332.4</ele><time>2023-10-08T00:17:58.000Z</time></trkpt>
      <trkpt lat="36.590978" lon="127.814623"><ele>332.8</ele><time>2023-10-08T00:17:58.000Z</time></trkpt>
      <trkpt lat="36.590938" lon="127.814596"><ele>333.2</ele><time>2023-10-08T00:18:10.000Z</time></trkpt>
      <trkpt lat="36.590898" lon="127.814570"><ele>333.6</ele><time>2023-10-08T00:18:10.000Z</time></trkpt>
      <trkpt lat="36.590858" lon="127.814545"><ele>334.0</ele><time>2023-10-08T00:18:24.000Z</time></trkpt>
      <trkpt lat="36.590818" lon="127.814519"><ele>334.4</ele><time>2023-10-08T00:18:24.000Z</time></trkpt>
      <trkpt lat="36.590780" lon="127.814489"><ele>334.8</ele><time>2023-10-08T00:18:24.000Z</time></trkpt>
      <trkpt lat="36.590742" lon="127.814459"><ele>335.2</ele><time>2023-10-08T00:18:31.000Z</time></trkpt>
      <trkpt lat="36.590704" lon="127.814429"><ele>335.3</ele><time>2023-10-08T00:18:31.000Z</time></trkpt>
      <trkpt lat="36.590666" lon="127.814399"><ele>335.4</ele><time>2023-10-08T00:18:43.000Z</time></trkpt>
      <trkpt lat="36.590628" lon="127.814370"><ele>335.4</ele><time>2023-10-08T00:18:43.000Z</time></trkpt>
      <trkpt lat="36.590589" lon="127.814341"><ele>335.5</ele><time>2023-10-08T00:18:52.000Z</time></trkpt>
      <trkpt lat="36.590551" lon="127.814312"><ele>335.6</ele><time>2023-10-08T00:18:52.000Z</time></trkpt>
      <trkpt lat="36.590516" lon="127.814277"><ele>335.6</ele><time>2023-10-08T00:18:52.000Z</time></trkpt>
      <trkpt lat="36.590481" lon="127.814242"><ele>335.6</ele><time>2023-10-08T00:19:05.000Z</time></trkpt>
      <trkpt lat="36.590453" lon="127.814200"><ele>335.6</ele><time>2023-10-08T00:19:05.000Z</time></trkpt>
      <trkpt lat="36.590440" lon="127.814147"><ele>335.8</ele><time>2023-10-08T00:19:05.000Z</time></trkpt>
      <trkpt lat="36.590427" lon="127.814093"><ele>335.9</ele><time>2023-10-08T00:19:11.000Z</time></trkpt>
      <trkpt lat="36.590411" lon="127.814041"><ele>336.2</ele><time>2023-10-08T00:19:11.000Z</time></trkpt>
      <trkpt lat="36.590393" lon="127.813990"><ele>336.4</ele><time>2023-10-08T00:19:24.000Z</time></trkpt>
      <trkpt lat="36.590369" lon="127.813943"><ele>336.7</ele><time>2023-10-08T00:19:24.000Z</time></trkpt>
      <trkpt lat="36.590337" lon="127.813904"><ele>337.0</ele><time>2023-10-08T00:19:33.000Z</time></trkpt>
      <trkpt lat="36.590305" lon="127.813865"><ele>337.3</ele><time>2023-10-08T00:19:33.000Z</time></trkpt>
      <trkpt lat="36.590273" lon="127.813826"><ele>337.7</ele><time>2023-10-08T00:19:33.000Z</time></trkpt>
      <trkpt lat="36.590240" lon="127.813787"><ele>338.1</ele><time>2023-10-08T00:19:46.000Z</time></trkpt>
      <trkpt lat="36.590209" lon="127.813747"><ele>338.5</ele><time>2023-10-08T00:19:46.000Z</time></trkpt>
      <trkpt lat="36.590183" lon="127.813702"><ele>339.0</ele><time>2023-10-08T00:19:46.000Z</time></trkpt>
      <trkpt lat="36.590157" lon="127.813656"><ele>339.5</ele><time>2023-10-08T00:19:53.000Z</time></trkpt>
      <trkpt lat="36.590130" lon="127.813611"><ele>339.8</ele><time>2023-10-08T00:19:53.000Z</time></trkpt>
      <trkpt lat="36.590103" lon="127.813566"><ele>340.0</ele><time>2023-10-08T00:20:04.000Z</time></trkpt>
      <trkpt lat="36.590079" lon="127.813519"><ele>340.3</ele><time>2023-10-08T00:20:04.000Z</time></trkpt>
      <trkpt lat="36.590056" lon="127.813471"><ele>340.6</ele><time>2023-10-08T00:20:12.000Z</time></trkpt>
      <trkpt lat="36.590015" lon="127.813454"><ele>341.1</ele><time>2023-10-08T00:20:12.000Z</time></trkpt>
      <trkpt lat="36.589971" lon="127.813440"><ele>341.6</ele><time>2023-10-08T00:20:21.000Z</time></trkpt>
      <trkpt lat="36.589927" lon="127.813451"><ele>342.1</ele><time>2023-10-08T00:20:29.000Z</time></trkpt>
      <trkpt lat="36.589884" lon="127.813466"><ele>342.7</ele><time>2023-10-08T00:20:29.000Z</time></trkpt>
      <trkpt lat="36.589845" lon="127.813493"><ele>343.3</ele><time>2023-10-08T00:20:29.000Z</time></trkpt>
      <trkpt lat="36.589806" lon="127.813521"><ele>343.8</ele><time>2023-10-08T00:20:41.000Z</time></trkpt>
      <trkpt lat="36.589768" lon="127.813552"><ele>344.6</ele><time>2023-10-08T00:20:41.000Z</time></trkpt>
      <trkpt lat="36.589732" lon="127.813584"><ele>345.3</ele><time>2023-10-08T00:20:53.000Z</time></trkpt>
      <trkpt lat="36.589696" lon="127.813618"><ele>346.2</ele><time>2023-10-08T00:20:53.000Z</time></trkpt>
      <trkpt lat="36.589663" lon="127.813656"><ele>347.1</ele><time>2023-10-08T00:21:02.000Z</time></trkpt>
      <trkpt lat="36.589625" lon="127.813685"><ele>347.8</ele><time>2023-10-08T00:21:02.000Z</time></trkpt>
      <trkpt lat="36.589585" lon="127.813711"><ele>348.5</ele><time>2023-10-08T00:21:12.000Z</time></trkpt>
      <trkpt lat="36.589543" lon="127.813730"><ele>349.0</ele><time>2023-10-08T00:21:12.000Z</time></trkpt>
      <trkpt lat="36.589500" lon="127.813748"><ele>349.4</ele><time>2023-10-08T00:21:23.000Z</time></trkpt>
      <trkpt lat="36.589458" lon="127.813768"><ele>349.9</ele><time>2023-10-08T00:21:23.000Z</time></trkpt>
      <trkpt lat="36.589416" lon="127.813788"><ele>350.4</ele><time>2023-10-08T00:21:31.000Z</time></trkpt>
      <trkpt lat="36.589373" lon="127.813803"><ele>350.9</ele><time>2023-10-08T00:21:39.000Z</time></trkpt>
      <trkpt lat="36.589329" lon="127.813818"><ele>351.3</ele><time>2023-10-08T00:21:39.000Z</time></trkpt>
      <trkpt lat="36.589286" lon="127.813834"><ele>351.8</ele><time>2023-10-08T00:21:46.000Z</time></trkpt>
      <trkpt lat="36.589243" lon="127.813849"><ele>352.2</ele><time>2023-10-08T00:21:46.000Z</time></trkpt>
      <trkpt lat="36.589198" lon="127.813855"><ele>352.7</ele><time>2023-10-08T00:21:46.000Z</time></trkpt>
      <trkpt lat="36.589154" lon="127.813861"><ele>353.2</ele><time>2023-10-08T00:21:58.000Z</time></trkpt>
      <trkpt lat="36.589109" lon="127.813870"><ele>353.5</ele><time>2023-10-08T00:21:58.000Z</time></trkpt>
      <trkpt lat="36.589065" lon="127.813880"><ele>353.9</ele><time>2023-10-08T00:22:07.000Z</time></trkpt>
      <trkpt lat="36.589020" lon="127.813889"><ele>354.2</ele><time>2023-10-08T00:22:07.000Z</time></trkpt>
      <trkpt lat="36.588976" lon="127.813897"><ele>354.6</ele><time>2023-10-08T00:22:20.000Z</time></trkpt>
      <trkpt lat="36.588932" lon="127.813906"><ele>355.0</ele><time>2023-10-08T00:22:20.000Z</time></trkpt>
      <trkpt lat="36.588887" lon="127.813910"><ele>355.5</ele><time>2023-10-08T00:22:20.000Z</time></trkpt>
      <trkpt lat="36.588842" lon="127.813913"><ele>356.1</ele><time>2023-10-08T00:22:26.000Z</time></trkpt>
      <trkpt lat="36.588797" lon="127.813915"><ele>356.6</ele><time>2023-10-08T00:22:26.000Z</time></trkpt>
      <trkpt lat="36.588752" lon="127.813917"><ele>357.1</ele><time>2023-10-08T00:22:40.000Z</time></trkpt>
      <trkpt lat="36.588707" lon="127.813921"><ele>357.6</ele><time>2023-10-08T00:22:40.000Z</time></trkpt>
      <trkpt lat="36.588662" lon="127.813926"><ele>358.2</ele><time>2023-10-08T00:22:48.000Z</time></trkpt>
      <trkpt lat="36.588618" lon="127.813929"><ele>358.8</ele><time>2023-10-08T00:22:48.000Z</time></trkpt>
      <trkpt lat="36.588573" lon="127.813930"><ele>359.5</ele><time>2023-10-08T00:23:01.000Z</time></trkpt>
      <trkpt lat="36.588531" lon="127.813911"><ele>360.0</ele><time>2023-10-08T00:23:01.000Z</time></trkpt>
      <trkpt lat="36.588490" lon="127.813888"><ele>360.5</ele><time>2023-10-08T00:23:07.000Z</time></trkpt>
      <trkpt lat="36.588452" lon="127.813859"><ele>361.0</ele><time>2023-10-08T00:23:07.000Z</time></trkpt>
      <trkpt lat="36.588414" lon="127.813828"><ele>361.4</ele><time>2023-10-08T00:23:22.000Z</time></trkpt>
      <trkpt lat="36.588373" lon="127.813806"><ele>361.9</ele><time>2023-10-08T00:23:22.000Z</time></trkpt>
      <trkpt lat="36.588330" lon="127.813788"><ele>362.4</ele><time>2023-10-08T00:23:29.000Z</time></trkpt>
      <trkpt lat="36.588286" lon="127.813791"><ele>362.8</ele><time>2023-10-08T00:23:29.000Z</time></trkpt>
      <trkpt lat="36.588241" lon="127.813796"><ele>363.3</ele><time>2023-10-08T00:23:42.000Z</time></trkpt>
      <trkpt lat="36.588197" lon="127.813804"><ele>363.8</ele><time>2023-10-08T00:23:42.000Z</time></trkpt>
      <trkpt lat="36.588152" lon="127.813813"><ele>364.4</ele><time>2023-10-08T00:23:48.000Z</time></trkpt>
      <trkpt lat="36.588113" lon="127.813838"><ele>364.9</ele><time>2023-10-08T00:23:48.000Z</time></trkpt>
      <trkpt lat="36.588075" lon="127.813869"><ele>365.2</ele><time>2023-10-08T00:24:03.000Z</time></trkpt>
      <trkpt lat="36.588037" lon="127.813899"><ele>365.5</ele><time>2023-10-08T00:24:03.000Z</time></trkpt>
      <trkpt lat="36.588000" lon="127.813930"><ele>365.7</ele><time>2023-10-08T00:24:15.000Z</time></trkpt>
      <trkpt lat="36.587959" lon="127.813953"><ele>365.9</ele><time>2023-10-08T00:24:15.000Z</time></trkpt>
      <trkpt lat="36.587916" lon="127.813970"><ele>366.1</ele><time>2023-10-08T00:24:26.000Z</time></trkpt>
      <trkpt lat="36.587893" lon="127.813947"><ele>366.4</ele><time>2023-10-08T00:24:26.000Z</time></trkpt>
      <trkpt lat="36.587886" lon="127.813891"><ele>366.6</ele><time>2023-10-08T00:25:24.000Z</time></trkpt>
      <trkpt lat="36.587882" lon="127.813836"><ele>366.9</ele><time>2023-10-08T00:25:24.000Z</time></trkpt>
      <trkpt lat="36.587887" lon="127.813780"><ele>367.3</ele><time>2023-10-08T00:25:31.000Z</time></trkpt>
      <trkpt lat="36.587902" lon="127.813729"><ele>367.6</ele><time>2023-10-08T00:25:31.000Z</time></trkpt>
      <trkpt lat="36.587923" lon="127.813679"><ele>367.9</ele><time>2023-10-08T00:25:49.000Z</time></trkpt>
      <trkpt lat="36.587935" lon="127.813630"><ele>368.3</ele><time>2023-10-08T00:25:49.000Z</time></trkpt>
      <trkpt lat="36.587909" lon="127.813585"><ele>368.7</ele><time>2023-10-08T00:25:53.000Z</time></trkpt>
      <trkpt lat="36.587878" lon="127.813547"><ele>369.1</ele><time>2023-10-08T00:25:53.000Z</time></trkpt>
      <trkpt lat="36.587836" lon="127.813525"><ele>369.5</ele><time>2023-10-08T00:25:53.000Z</time></trkpt>
      <trkpt lat="36.587795" lon="127.813503"><ele>369.9</ele><time>2023-10-08T00:26:06.000Z</time></trkpt>
      <trkpt lat="36.587755" lon="127.813477"><ele>370.2</ele><time>2023-10-08T00:26:06.000Z</time></trkpt>
      <trkpt lat="36.587717" lon="127.813449"><ele>370.4</ele><time>2023-10-08T00:26:13.000Z</time></trkpt>
      <trkpt lat="36.587681" lon="127.813415"><ele>370.7</ele><time>2023-10-08T00:26:13.000Z</time></trkpt>
      <trkpt lat="36.587650" lon="127.813375"><ele>371.0</ele><time>2023-10-08T00:26:25.000Z</time></trkpt>
      <trkpt lat="36.587618" lon="127.813336"><ele>371.2</ele><time>2023-10-08T00:26:25.000Z</time></trkpt>
      <trkpt lat="36.587579" lon="127.813307"><ele>371.4</ele><time>2023-10-08T00:26:25.000Z</time></trkpt>
      <trkpt lat="36.587541" lon="127.813277"><ele>371.6</ele><time>2023-10-08T00:26:34.000Z</time></trkpt>
      <trkpt lat="36.587502" lon="127.813249"><ele>371.8</ele><time>2023-10-08T00:26:34.000Z</time></trkpt>
      <trkpt lat="36.587461" lon="127.813227"><ele>372.2</ele><time>2023-10-08T00:26:34.000Z</time></trkpt>
      <trkpt lat="36.587420" lon="127.813205"><ele>372.5</ele><time>2023-10-08T00:26:47.000Z</time></trkpt>
      <trkpt lat="36.587382" lon="127.813176"><ele>372.8</ele><time>2023-10-08T00:26:47.000Z</time></trkpt>
      <trkpt lat="36.587346" lon="127.813141"><ele>373.0</ele><time>2023-10-08T00:26:54.000Z</time></trkpt>
      <trkpt lat="36.587310" lon="127.813108"><ele>373.3</ele><time>2023-10-08T00:26:54.000Z</time></trkpt>
      <trkpt lat="36.587273" lon="127.813077"><ele>373.7</ele><time>2023-10-08T00:27:07.000Z</time></trkpt>
      <trkpt lat="36.587239" lon="127.813043"><ele>374.0</ele><time>2023-10-08T00:27:07.000Z</time></trkpt>
      <trkpt lat="36.587237" lon="127.812987"><ele>374.2</ele><time>2023-10-08T00:27:15.000Z</time></trkpt>
      <trkpt lat="36.587236" lon="127.812931"><ele>374.4</ele><time>2023-10-08T00:27:15.000Z</time></trkpt>
      <trkpt lat="36.587211" lon="127.812885"><ele>374.8</ele><time>2023-10-08T00:27:15.000Z</time></trkpt>
      <trkpt lat="36.587185" lon="127.812840"><ele>375.2</ele><time>2023-10-08T00:27:28.000Z</time></trkpt>
      <trkpt lat="36.587153" lon="127.812802"><ele>375.6</ele><time>2023-10-08T00:27:28.000Z</time></trkpt>
      <trkpt lat="36.587115" lon="127.812772"><ele>376.0</ele><time>2023-10-08T00:27:35.000Z</time></trkpt>
      <trkpt lat="36.587076" lon="127.812745"><ele>376.4</ele><time>2023-10-08T00:27:35.000Z</time></trkpt>
      <trkpt lat="36.587031" lon="127.812741"><ele>376.8</ele><time>2023-10-08T00:27:35.000Z</time></trkpt>
      <trkpt lat="36.586987" lon="127.812738"><ele>377.2</ele><time>2023-10-08T00:27:49.000Z</time></trkpt>
      <trkpt lat="36.586942" lon="127.812730"><ele>377.5</ele><time>2023-10-08T00:27:49.000Z</time></trkpt>
      <trkpt lat="36.586898" lon="127.812719"><ele>377.8</ele><time>2023-10-08T00:27:56.000Z</time></trkpt>
      <trkpt lat="36.586854" lon="127.812706"><ele>378.1</ele><time>2023-10-08T00:27:56.000Z</time></trkpt>
      <trkpt lat="36.586812" lon="127.812687"><ele>378.8</ele><time>2023-10-08T00:28:09.000Z</time></trkpt>
      <trkpt lat="36.586770" lon="127.812669"><ele>379.4</ele><time>2023-10-08T00:28:09.000Z</time></trkpt>
      <trkpt lat="36.586729" lon="127.812645"><ele>379.7</ele><time>2023-10-08T00:28:09.000Z</time></trkpt>
      <trkpt lat="36.586688" lon="127.812622"><ele>380.0</ele><time>2023-10-08T00:28:19.000Z</time></trkpt>
      <trkpt lat="36.586649" lon="127.812626"><ele>380.3</ele><time>2023-10-08T00:28:19.000Z</time></trkpt>
      <trkpt lat="36.586614" lon="127.812661"><ele>380.5</ele><time>2023-10-08T00:28:19.000Z</time></trkpt>
      <trkpt lat="36.586578" lon="127.812695"><ele>380.7</ele><time>2023-10-08T00:28:30.000Z</time></trkpt>
      <trkpt lat="36.586538" lon="127.812707"><ele>381.0</ele><time>2023-10-08T00:28:30.000Z</time></trkpt>
      <trkpt lat="36.586494" lon="127.812698"><ele>381.3</ele><time>2023-10-08T00:28:37.000Z</time></trkpt>
      <trkpt lat="36.586459" lon="127.812666"><ele>381.8</ele><time>2023-10-08T00:28:37.000Z</time></trkpt>
      <trkpt lat="36.586425" lon="127.812629"><ele>382.3</ele><time>2023-10-08T00:28:50.000Z</time></trkpt>
      <trkpt lat="36.586389" lon="127.812595"><ele>382.7</ele><time>2023-10-08T00:28:50.000Z</time></trkpt>
      <trkpt lat="36.586350" lon="127.812568"><ele>383.0</ele><time>2023-10-08T00:28:57.000Z</time></trkpt>
      <trkpt lat="36.586310" lon="127.812541"><ele>383.3</ele><time>2023-10-08T00:28:57.000Z</time></trkpt>
      <trkpt lat="36.586267" lon="127.812535"><ele>383.8</ele><time>2023-10-08T00:28:57.000Z</time></trkpt>
      <trkpt lat="36.586222" lon="127.812534"><ele>384.2</ele><time>2023-10-08T00:29:11.000Z</time></trkpt>
      <trkpt lat="36.586179" lon="127.812521"><ele>384.8</ele><time>2023-10-08T00:29:11.000Z</time></trkpt>
      <trkpt lat="36.586137" lon="127.812499"><ele>385.5</ele><time>2023-10-08T00:29:18.000Z</time></trkpt>
      <trkpt lat="36.586096" lon="127.812476"><ele>386.4</ele><time>2023-10-08T00:29:18.000Z</time></trkpt>
      <trkpt lat="36.586054" lon="127.812457"><ele>387.3</ele><time>2023-10-08T00:29:30.000Z</time></trkpt>
      <trkpt lat="36.586009" lon="127.812455"><ele>387.9</ele><time>2023-10-08T00:29:38.000Z</time></trkpt>
      <trkpt lat="36.585965" lon="127.812451"><ele>388.5</ele><time>2023-10-08T00:29:38.000Z</time></trkpt>
      <trkpt lat="36.585921" lon="127.812438"><ele>389.2</ele><time>2023-10-08T00:29:38.000Z</time></trkpt>
      <trkpt lat="36.585877" lon="127.812424"><ele>389.8</ele><time>2023-10-08T00:29:52.000Z</time></trkpt>
      <trkpt lat="36.585833" lon="127.812417"><ele>390.6</ele><time>2023-10-08T00:29:52.000Z</time></trkpt>
      <trkpt lat="36.585788" lon="127.812413"><ele>391.5</ele><time>2023-10-08T00:29:59.000Z</time></trkpt>
      <trkpt lat="36.585744" lon="127.812405"><ele>392.5</ele><time>2023-10-08T00:29:59.000Z</time></trkpt>
      <trkpt lat="36.585699" lon="127.812395"><ele>393.6</ele><time>2023-10-08T00:30:12.000Z</time></trkpt>
      <trkpt lat="36.585655" lon="127.812391"><ele>394.4</ele><time>2023-10-08T00:30:12.000Z</time></trkpt>
      <trkpt lat="36.585610" lon="127.812389"><ele>395.1</ele><time>2023-10-08T00:30:25.000Z</time></trkpt>
      <trkpt lat="36.585565" lon="127.812382"><ele>395.8</ele><time>2023-10-08T00:30:25.000Z</time></trkpt>
      <trkpt lat="36.585522" lon="127.812365"><ele>396.5</ele><time>2023-10-08T00:30:37.000Z</time></trkpt>
      <trkpt lat="36.585479" lon="127.812348"><ele>397.3</ele><time>2023-10-08T00:30:37.000Z</time></trkpt>
      <trkpt lat="36.585437" lon="127.812330"><ele>397.9</ele><time>2023-10-08T00:30:45.000Z</time></trkpt>
      <trkpt lat="36.585395" lon="127.812311"><ele>398.2</ele><time>2023-10-08T00:30:45.000Z</time></trkpt>
      <trkpt lat="36.585353" lon="127.812290"><ele>398.3</ele><time>2023-10-08T00:30:58.000Z</time></trkpt>
      <trkpt lat="36.585312" lon="127.812268"><ele>398.4</ele><time>2023-10-08T00:30:58.000Z</time></trkpt>
      <trkpt lat="36.585275" lon="127.812236"><ele>398.2</ele><time>2023-10-08T00:30:58.000Z</time></trkpt>
      <trkpt lat="36.585241" lon="127.812201"><ele>398.0</ele><time>2023-10-08T00:31:06.000Z</time></trkpt>
      <trkpt lat="36.585221" lon="127.812152"><ele>397.9</ele><time>2023-10-08T00:31:06.000Z</time></trkpt>
      <trkpt lat="36.585204" lon="127.812100"><ele>397.9</ele><time>2023-10-08T00:31:14.000Z</time></trkpt>
      <trkpt lat="36.585188" lon="127.812047"><ele>398.2</ele><time>2023-10-08T00:31:21.000Z</time></trkpt>
      <trkpt lat="36.585172" lon="127.811995"><ele>398.6</ele><time>2023-10-08T00:31:21.000Z</time></trkpt>
      <trkpt lat="36.585197" lon="127.811951"><ele>399.3</ele><time>2023-10-08T00:31:35.000Z</time></trkpt>
      <trkpt lat="36.585205" lon="127.811912"><ele>400.1</ele><time>2023-10-08T00:31:35.000Z</time></trkpt>
      <trkpt lat="36.585165" lon="127.811887"><ele>401.0</ele><time>2023-10-08T00:31:55.000Z</time></trkpt>
      <trkpt lat="36.585125" lon="127.811863"><ele>401.9</ele><time>2023-10-08T00:31:55.000Z</time></trkpt>
      <trkpt lat="36.585080" lon="127.811856"><ele>403.4</ele><time>2023-10-08T00:32:06.000Z</time></trkpt>
      <trkpt lat="36.585038" lon="127.811841"><ele>404.7</ele><time>2023-10-08T00:32:06.000Z</time></trkpt>
      <trkpt lat="36.584998" lon="127.811813"><ele>405.9</ele><time>2023-10-08T00:32:20.000Z</time></trkpt>
      <trkpt lat="36.584957" lon="127.811801"><ele>407.1</ele><time>2023-10-08T00:32:20.000Z</time></trkpt>
      <trkpt lat="36.584912" lon="127.811808"><ele>408.3</ele><time>2023-10-08T00:32:28.000Z</time></trkpt>
      <trkpt lat="36.584868" lon="127.811803"><ele>409.2</ele><time>2023-10-08T00:32:28.000Z</time></trkpt>
      <trkpt lat="36.584823" lon="127.811793"><ele>410.1</ele><time>2023-10-08T00:32:40.000Z</time></trkpt>
      <trkpt lat="36.584790" lon="127.811762"><ele>411.0</ele><time>2023-10-08T00:32:40.000Z</time></trkpt>
      <trkpt lat="36.584765" lon="127.811716"><ele>412.1</ele><time>2023-10-08T00:32:51.000Z</time></trkpt>
      <trkpt lat="36.584751" lon="127.811663"><ele>413.2</ele><time>2023-10-08T00:33:01.000Z</time></trkpt>
      <trkpt lat="36.584730" lon="127.811618"><ele>414.2</ele><time>2023-10-08T00:33:01.000Z</time></trkpt>
      <trkpt lat="36.584689" lon="127.811596"><ele>414.9</ele><time>2023-10-08T00:33:12.000Z</time></trkpt>
      <trkpt lat="36.584647" lon="127.811574"><ele>415.6</ele><time>2023-10-08T00:33:12.000Z</time></trkpt>
      <trkpt lat="36.584605" lon="127.811556"><ele>416.1</ele><time>2023-10-08T00:33:12.000Z</time></trkpt>
      <trkpt lat="36.584562" lon="127.811538"><ele>416.5</ele><time>2023-10-08T00:33:24.000Z</time></trkpt>
      <trkpt lat="36.584519" lon="127.811522"><ele>417.0</ele><time>2023-10-08T00:33:24.000Z</time></trkpt>
      <trkpt lat="36.584475" lon="127.811511"><ele>417.6</ele><time>2023-10-08T00:33:38.000Z</time></trkpt>
      <trkpt lat="36.584431" lon="127.811500"><ele>418.1</ele><time>2023-10-08T00:33:38.000Z</time></trkpt>
      <trkpt lat="36.584389" lon="127.811481"><ele>418.7</ele><time>2023-10-08T00:33:38.000Z</time></trkpt>
      <trkpt lat="36.584347" lon="127.811460"><ele>419.2</ele><time>2023-10-08T00:33:45.000Z</time></trkpt>
      <trkpt lat="36.584308" lon="127.811433"><ele>420.0</ele><time>2023-10-08T00:33:45.000Z</time></trkpt>
      <trkpt lat="36.584269" lon="127.811405"><ele>420.8</ele><time>2023-10-08T00:33:57.000Z</time></trkpt>
      <trkpt lat="36.584227" lon="127.811384"><ele>421.4</ele><time>2023-10-08T00:33:57.000Z</time></trkpt>
      <trkpt lat="36.584186" lon="127.811363"><ele>422.0</ele><time>2023-10-08T00:34:06.000Z</time></trkpt>
      <trkpt lat="36.584143" lon="127.811345"><ele>422.7</ele><time>2023-10-08T00:34:06.000Z</time></trkpt>
      <trkpt lat="36.584100" lon="127.811328"><ele>423.5</ele><time>2023-10-08T00:34:19.000Z</time></trkpt>
      <trkpt lat="36.584057" lon="127.811312"><ele>424.2</ele><time>2023-10-08T00:34:19.000Z</time></trkpt>
      <trkpt lat="36.584014" lon="127.811297"><ele>425.1</ele><time>2023-10-08T00:34:26.000Z</time></trkpt>
      <trkpt lat="36.583974" lon="127.811272"><ele>425.9</ele><time>2023-10-08T00:34:26.000Z</time></trkpt>
      <trkpt lat="36.583938" lon="127.811239"><ele>426.9</ele><time>2023-10-08T00:34:38.000Z</time></trkpt>
      <trkpt lat="36.583912" lon="127.811195"><ele>427.8</ele><time>2023-10-08T00:34:38.000Z</time></trkpt>
      <trkpt lat="36.583893" lon="127.811144"><ele>428.6</ele><time>2023-10-08T00:34:46.000Z</time></trkpt>
      <trkpt lat="36.583856" lon="127.811118"><ele>429.6</ele><time>2023-10-08T00:34:46.000Z</time></trkpt>
      <trkpt lat="36.583813" lon="127.811102"><ele>430.6</ele><time>2023-10-08T00:34:59.000Z</time></trkpt>
      <trkpt lat="36.583769" lon="127.811091"><ele>431.6</ele><time>2023-10-08T00:34:59.000Z</time></trkpt>
      <trkpt lat="36.583725" lon="127.811081"><ele>432.5</ele><time>2023-10-08T00:35:06.000Z</time></trkpt>
      <trkpt lat="36.583689" lon="127.811051"><ele>433.5</ele><time>2023-10-08T00:35:06.000Z</time></trkpt>
      <trkpt lat="36.583658" lon="127.811011"><ele>434.6</ele><time>2023-10-08T00:35:21.000Z</time></trkpt>
      <trkpt lat="36.583623" lon="127.810976"><ele>435.7</ele><time>2023-10-08T00:35:21.000Z</time></trkpt>
      <trkpt lat="36.583588" lon="127.810941"><ele>436.8</ele><time>2023-10-08T00:35:33.000Z</time></trkpt>
      <trkpt lat="36.583552" lon="127.810907"><ele>437.9</ele><time>2023-10-08T00:35:33.000Z</time></trkpt>
      <trkpt lat="36.583516" lon="127.810873"><ele>439.0</ele><time>2023-10-08T00:35:45.000Z</time></trkpt>
      <trkpt lat="36.583476" lon="127.810850"><ele>440.3</ele><time>2023-10-08T00:35:45.000Z</time></trkpt>
      <trkpt lat="36.583434" lon="127.810829"><ele>441.6</ele><time>2023-10-08T00:35:56.000Z</time></trkpt>
      <trkpt lat="36.583393" lon="127.810805"><ele>442.9</ele><time>2023-10-08T00:36:06.000Z</time></trkpt>
      <trkpt lat="36.583355" lon="127.810775"><ele>444.1</ele><time>2023-10-08T00:36:06.000Z</time></trkpt>
      <trkpt lat="36.583321" lon="127.810739"><ele>445.2</ele><time>2023-10-08T00:36:17.000Z</time></trkpt>
      <trkpt lat="36.583283" lon="127.810711"><ele>446.2</ele><time>2023-10-08T00:36:17.000Z</time></trkpt>
      <trkpt lat="36.583242" lon="127.810687"><ele>447.0</ele><time>2023-10-08T00:36:29.000Z</time></trkpt>
      <trkpt lat="36.583200" lon="127.810669"><ele>447.9</ele><time>2023-10-08T00:36:29.000Z</time></trkpt>
      <trkpt lat="36.583156" lon="127.810658"><ele>448.8</ele><time>2023-10-08T00:36:43.000Z</time></trkpt>
      <trkpt lat="36.583112" lon="127.810647"><ele>449.8</ele><time>2023-10-08T00:36:43.000Z</time></trkpt>
      <trkpt lat="36.583068" lon="127.810636"><ele>450.9</ele><time>2023-10-08T00:36:54.000Z</time></trkpt>
      <trkpt lat="36.583027" lon="127.810614"><ele>451.9</ele><time>2023-10-08T00:36:54.000Z</time></trkpt>
      <trkpt lat="36.582988" lon="127.810587"><ele>453.0</ele><time>2023-10-08T00:37:06.000Z</time></trkpt>
      <trkpt lat="36.582957" lon="127.810626"><ele>454.2</ele><time>2023-10-08T00:37:15.000Z</time></trkpt>
      <trkpt lat="36.582922" lon="127.810660"><ele>455.5</ele><time>2023-10-08T00:37:15.000Z</time></trkpt>
      <trkpt lat="36.582880" lon="127.810682"><ele>457.1</ele><time>2023-10-08T00:37:24.000Z</time></trkpt>
      <trkpt lat="36.582843" lon="127.810666"><ele>458.6</ele><time>2023-10-08T00:37:24.000Z</time></trkpt>
      <trkpt lat="36.582808" lon="127.810631"><ele>460.2</ele><time>2023-10-08T00:37:36.000Z</time></trkpt>
      <trkpt lat="36.582777" lon="127.810590"><ele>461.5</ele><time>2023-10-08T00:37:36.000Z</time></trkpt>
      <trkpt lat="36.582746" lon="127.810549"><ele>462.8</ele><time>2023-10-08T00:37:51.000Z</time></trkpt>
      <trkpt lat="36.582713" lon="127.810511"><ele>464.4</ele><time>2023-10-08T00:38:08.000Z</time></trkpt>
      <trkpt lat="36.582679" lon="127.810474"><ele>466.0</ele><time>2023-10-08T00:38:08.000Z</time></trkpt>
      <trkpt lat="36.582643" lon="127.810442"><ele>467.7</ele><time>2023-10-08T00:38:17.000Z</time></trkpt>
      <trkpt lat="36.582602" lon="127.810419"><ele>469.1</ele><time>2023-10-08T00:38:17.000Z</time></trkpt>
      <trkpt lat="36.582559" lon="127.810403"><ele>470.4</ele><time>2023-10-08T00:38:29.000Z</time></trkpt>
      <trkpt lat="36.582520" lon="127.810376"><ele>471.6</ele><time>2023-10-08T00:38:29.000Z</time></trkpt>
      <trkpt lat="36.582483" lon="127.810345"><ele>472.8</ele><time>2023-10-08T00:38:45.000Z</time></trkpt>
      <trkpt lat="36.582441" lon="127.810328"><ele>474.2</ele><time>2023-10-08T00:38:45.000Z</time></trkpt>
      <trkpt lat="36.582397" lon="127.810317"><ele>475.6</ele><time>2023-10-08T00:39:00.000Z</time></trkpt>
      <trkpt lat="36.582359" lon="127.810288"><ele>477.0</ele><time>2023-10-08T00:39:14.000Z</time></trkpt>
      <trkpt lat="36.582320" lon="127.810264"><ele>478.4</ele><time>2023-10-08T00:39:14.000Z</time></trkpt>
      <trkpt lat="36.582275" lon="127.810271"><ele>479.8</ele><time>2023-10-08T00:39:27.000Z</time></trkpt>
      <trkpt lat="36.582233" lon="127.810264"><ele>481.1</ele><time>2023-10-08T00:39:27.000Z</time></trkpt>
      <trkpt lat="36.582194" lon="127.810236"><ele>482.4</ele><time>2023-10-08T00:39:41.000Z</time></trkpt>
      <trkpt lat="36.582153" lon="127.810214"><ele>483.8</ele><time>2023-10-08T00:39:41.000Z</time></trkpt>
      <trkpt lat="36.582111" lon="127.810194"><ele>485.1</ele><time>2023-10-08T00:39:55.000Z</time></trkpt>
      <trkpt lat="36.582067" lon="127.810207"><ele>486.6</ele><time>2023-10-08T00:41:10.000Z</time></trkpt>
      <trkpt lat="36.582025" lon="127.810214"><ele>488.0</ele><time>2023-10-08T00:41:10.000Z</time></trkpt>
      <trkpt lat="36.581986" lon="127.810185"><ele>489.0</ele><time>2023-10-08T00:41:25.000Z</time></trkpt>
      <trkpt lat="36.581946" lon="127.810165"><ele>490.1</ele><time>2023-10-08T00:41:25.000Z</time></trkpt>
      <trkpt lat="36.581901" lon="127.810167"><ele>491.4</ele><time>2023-10-08T00:41:36.000Z</time></trkpt>
      <trkpt lat="36.581858" lon="127.810155"><ele>492.9</ele><time>2023-10-08T00:41:36.000Z</time></trkpt>
      <trkpt lat="36.581817" lon="127.810132"><ele>494.5</ele><time>2023-10-08T00:41:54.000Z</time></trkpt>
      <trkpt lat="36.581778" lon="127.810104"><ele>496.2</ele><time>2023-10-08T00:42:05.000Z</time></trkpt>
      <trkpt lat="36.581739" lon="127.810077"><ele>497.7</ele><time>2023-10-08T00:42:05.000Z</time></trkpt>
      <trkpt lat="36.581698" lon="127.810053"><ele>498.9</ele><time>2023-10-08T00:42:18.000Z</time></trkpt>
      <trkpt lat="36.581658" lon="127.810044"><ele>500.3</ele><time>2023-10-08T00:42:18.000Z</time></trkpt>
      <trkpt lat="36.581618" lon="127.810070"><ele>501.9</ele><time>2023-10-08T00:42:36.000Z</time></trkpt>
      <trkpt lat="36.581582" lon="127.810102"><ele>503.7</ele><time>2023-10-08T00:42:36.000Z</time></trkpt>
      <trkpt lat="36.581550" lon="127.810142"><ele>505.7</ele><time>2023-10-08T00:42:52.000Z</time></trkpt>
      <trkpt lat="36.581511" lon="127.810157"><ele>507.8</ele><time>2023-10-08T00:42:52.000Z</time></trkpt>
      <trkpt lat="36.581467" lon="127.810153"><ele>509.9</ele><time>2023-10-08T00:43:07.000Z</time></trkpt>
      <trkpt lat="36.581422" lon="127.810160"><ele>511.6</ele><time>2023-10-08T00:43:07.000Z</time></trkpt>
      <trkpt lat="36.581378" lon="127.810170"><ele>513.3</ele><time>2023-10-08T00:43:33.000Z</time></trkpt>
      <trkpt lat="36.581334" lon="127.810182"><ele>515.0</ele><time>2023-10-08T00:43:48.000Z</time></trkpt>
      <trkpt lat="36.581292" lon="127.810198"><ele>516.7</ele><time>2023-10-08T00:43:48.000Z</time></trkpt>
      <trkpt lat="36.581255" lon="127.810231"><ele>518.1</ele><time>2023-10-08T00:44:00.000Z</time></trkpt>
      <trkpt lat="36.581219" lon="127.810265"><ele>519.5</ele><time>2023-10-08T00:44:00.000Z</time></trkpt>
      <trkpt lat="36.581187" lon="127.810303"><ele>520.8</ele><time>2023-10-08T00:44:17.000Z</time></trkpt>
      <trkpt lat="36.581151" lon="127.810333"><ele>522.2</ele><time>2023-10-08T00:44:17.000Z</time></trkpt>
      <trkpt lat="36.581106" lon="127.810337"><ele>523.6</ele><time>2023-10-08T00:44:34.000Z</time></trkpt>
      <trkpt lat="36.581062" lon="127.810346"><ele>525.3</ele><time>2023-10-08T00:44:34.000Z</time></trkpt>
      <trkpt lat="36.581018" lon="127.810360"><ele>527.0</ele><time>2023-10-08T00:44:47.000Z</time></trkpt>
      <trkpt lat="36.580974" lon="127.810368"><ele>528.7</ele><time>2023-10-08T00:44:47.000Z</time></trkpt>
      <trkpt lat="36.580929" lon="127.810375"><ele>530.4</ele><time>2023-10-08T00:45:02.000Z</time></trkpt>
      <trkpt lat="36.580884" lon="127.810369"><ele>532.3</ele><time>2023-10-08T00:45:22.000Z</time></trkpt>
      <trkpt lat="36.580843" lon="127.810378"><ele>534.4</ele><time>2023-10-08T00:45:22.000Z</time></trkpt>
      <trkpt lat="36.580808" lon="127.810413"><ele>536.6</ele><time>2023-10-08T00:45:40.000Z</time></trkpt>
      <trkpt lat="36.580769" lon="127.810439"><ele>538.9</ele><time>2023-10-08T00:45:40.000Z</time></trkpt>
      <trkpt lat="36.580729" lon="127.810464"><ele>541.1</ele><time>2023-10-08T00:46:00.000Z</time></trkpt>
      <trkpt lat="36.580699" lon="127.810506"><ele>543.2</ele><time>2023-10-08T00:46:18.000Z</time></trkpt>
      <trkpt lat="36.580669" lon="127.810547"><ele>545.3</ele><time>2023-10-08T00:46:18.000Z</time></trkpt>
      <trkpt lat="36.580638" lon="127.810587"><ele>547.6</ele><time>2023-10-08T00:46:37.000Z</time></trkpt>
      <trkpt lat="36.580599" lon="127.810614"><ele>549.7</ele><time>2023-10-08T00:46:37.000Z</time></trkpt>
      <trkpt lat="36.580558" lon="127.810635"><ele>551.8</ele><time>2023-10-08T00:46:59.000Z</time></trkpt>
      <trkpt lat="36.580514" lon="127.810651"><ele>553.9</ele><time>2023-10-08T00:47:18.000Z</time></trkpt>
      <trkpt lat="36.580472" lon="127.810655"><ele>556.1</ele><time>2023-10-08T00:47:18.000Z</time></trkpt>
      <trkpt lat="36.580431" lon="127.810632"><ele>558.5</ele><time>2023-10-08T00:47:40.000Z</time></trkpt>
      <trkpt lat="36.580411" lon="127.810589"><ele>560.9</ele><time>2023-10-08T00:47:40.000Z</time></trkpt>
      <trkpt lat="36.580405" lon="127.810534"><ele>563.4</ele><time>2023-10-08T00:48:00.000Z</time></trkpt>
      <trkpt lat="36.580381" lon="127.810486"><ele>566.3</ele><time>2023-10-08T00:48:21.000Z</time></trkpt>
      <trkpt lat="36.580347" lon="127.810461"><ele>569.1</ele><time>2023-10-08T00:48:21.000Z</time></trkpt>
      <trkpt lat="36.580302" lon="127.810458"><ele>571.6</ele><time>2023-10-08T00:48:48.000Z</time></trkpt>
      <trkpt lat="36.580258" lon="127.810471"><ele>573.8</ele><time>2023-10-08T00:49:08.000Z</time></trkpt>
      <trkpt lat="36.580215" lon="127.810485"><ele>576.0</ele><time>2023-10-08T00:49:08.000Z</time></trkpt>
      <trkpt lat="36.580171" lon="127.810497"><ele>578.0</ele><time>2023-10-08T00:49:26.000Z</time></trkpt>
      <trkpt lat="36.580128" lon="127.810514"><ele>580.2</ele><time>2023-10-08T00:49:26.000Z</time></trkpt>
      <trkpt lat="36.580088" lon="127.810538"><ele>582.4</ele><time>2023-10-08T00:49:38.000Z</time></trkpt>
      <trkpt lat="36.580048" lon="127.810564"><ele>584.6</ele><time>2023-10-08T00:49:38.000Z</time></trkpt>
      <trkpt lat="36.580008" lon="127.810591"><ele>586.7</ele><time>2023-10-08T00:52:07.000Z</time></trkpt>
      <trkpt lat="36.579985" lon="127.810639"><ele>589.6</ele><time>2023-10-08T00:52:27.000Z</time></trkpt>
      <trkpt lat="36.579964" lon="127.810688"><ele>592.3</ele><time>2023-10-08T00:52:27.000Z</time></trkpt>
      <trkpt lat="36.579946" lon="127.810739"><ele>594.9</ele><time>2023-10-08T00:52:48.000Z</time></trkpt>
      <trkpt lat="36.579920" lon="127.810785"><ele>597.3</ele><time>2023-10-08T00:52:48.000Z</time></trkpt>
      <trkpt lat="36.579892" lon="127.810828"><ele>599.5</ele><time>2023-10-08T00:53:15.000Z</time></trkpt>
      <trkpt lat="36.579855" lon="127.810860"><ele>601.6</ele><time>2023-10-08T00:53:15.000Z</time></trkpt>
      <trkpt lat="36.579816" lon="127.810888"><ele>603.7</ele><time>2023-10-08T00:53:35.000Z</time></trkpt>
      <trkpt lat="36.579788" lon="127.810930"><ele>606.0</ele><time>2023-10-08T00:53:35.000Z</time></trkpt>
      <trkpt lat="36.579764" lon="127.810977"><ele>608.4</ele><time>2023-10-08T00:53:55.000Z</time></trkpt>
      <trkpt lat="36.579751" lon="127.811031"><ele>610.2</ele><time>2023-10-08T00:54:17.000Z</time></trkpt>
      <trkpt lat="36.579742" lon="127.811085"><ele>612.1</ele><time>2023-10-08T00:54:17.000Z</time></trkpt>
      <trkpt lat="36.579746" lon="127.811141"><ele>614.1</ele><time>2023-10-08T00:54:38.000Z</time></trkpt>
      <trkpt lat="36.579750" lon="127.811196"><ele>616.1</ele><time>2023-10-08T00:54:38.000Z</time></trkpt>
      <trkpt lat="36.579735" lon="127.811249"><ele>619.0</ele><time>2023-10-08T00:55:05.000Z</time></trkpt>
      <trkpt lat="36.579728" lon="127.811303"><ele>621.4</ele><time>2023-10-08T00:55:05.000Z</time></trkpt>
      <trkpt lat="36.579727" lon="127.811359"><ele>623.6</ele><time>2023-10-08T00:55:27.000Z</time></trkpt>
      <trkpt lat="36.579725" lon="127.811415"><ele>625.8</ele><time>2023-10-08T00:55:46.000Z</time></trkpt>
      <trkpt lat="36.579721" lon="127.811471"><ele>627.9</ele><time>2023-10-08T00:55:46.000Z</time></trkpt>
      <trkpt lat="36.579713" lon="127.811526"><ele>630.1</ele><time>2023-10-08T00:56:01.000Z</time></trkpt>
      <trkpt lat="36.579696" lon="127.811577"><ele>632.3</ele><time>2023-10-08T00:56:01.000Z</time></trkpt>
      <trkpt lat="36.579674" lon="127.811625"><ele>634.4</ele><time>2023-10-08T00:56:20.000Z</time></trkpt>
      <trkpt lat="36.579678" lon="127.811678"><ele>636.9</ele><time>2023-10-08T00:56:37.000Z</time></trkpt>
      <trkpt lat="36.579686" lon="127.811733"><ele>639.6</ele><time>2023-10-08T00:56:37.000Z</time></trkpt>
      <trkpt lat="36.579683" lon="127.811789"><ele>642.5</ele><time>2023-10-08T00:57:00.000Z</time></trkpt>
      <trkpt lat="36.579666" lon="127.811840"><ele>645.2</ele><time>2023-10-08T00:57:27.000Z</time></trkpt>
      <trkpt lat="36.579657" lon="127.811891"><ele>647.8</ele><time>2023-10-08T00:57:27.000Z</time></trkpt>
      <trkpt lat="36.579672" lon="127.811945"><ele>650.4</ele><time>2023-10-08T00:57:47.000Z</time></trkpt>
      <trkpt lat="36.579694" lon="127.811993"><ele>652.9</ele><time>2023-10-08T00:58:08.000Z</time></trkpt>
      <trkpt lat="36.579725" lon="127.812031"><ele>655.1</ele><time>2023-10-08T00:58:08.000Z</time></trkpt>
      <trkpt lat="36.579765" lon="127.812055"><ele>656.8</ele><time>2023-10-08T00:58:24.000Z</time></trkpt>
      <trkpt lat="36.579756" lon="127.812098"><ele>659.1</ele><time>2023-10-08T00:58:44.000Z</time></trkpt>
      <trkpt lat="36.579757" lon="127.812138"><ele>661.4</ele><time>2023-10-08T00:58:44.000Z</time></trkpt>
      <trkpt lat="36.579796" lon="127.812166"><ele>663.5</ele><time>2023-10-08T00:58:57.000Z</time></trkpt>
      <trkpt lat="36.579810" lon="127.812219"><ele>665.3</ele><time>2023-10-08T00:59:25.000Z</time></trkpt>
      <trkpt lat="36.579825" lon="127.812270"><ele>667.0</ele><time>2023-10-08T00:59:25.000Z</time></trkpt>
      <trkpt lat="36.579865" lon="127.812295"><ele>668.5</ele><time>2023-10-08T00:59:43.000Z</time></trkpt>
      <trkpt lat="36.579905" lon="127.812320"><ele>670.2</ele><time>2023-10-08T00:59:43.000Z</time></trkpt>
      <trkpt lat="36.579945" lon="127.812346"><ele>672.2</ele><time>2023-10-08T00:59:58.000Z</time></trkpt>
      <trkpt lat="36.579985" lon="127.812371"><ele>674.3</ele><time>2023-10-08T00:59:58.000Z</time></trkpt>
      <trkpt lat="36.580026" lon="127.812394"><ele>676.5</ele><time>2023-10-08T01:00:18.000Z</time></trkpt>
      <trkpt lat="36.580040" lon="127.812446"><ele>678.6</ele><time>2023-10-08T01:00:18.000Z</time></trkpt>
      <trkpt lat="36.580052" lon="127.812500"><ele>680.8</ele><time>2023-10-08T01:02:30.000Z</time></trkpt>
      <trkpt lat="36.580063" lon="127.812554"><ele>683.9</ele><time>2023-10-08T01:02:47.000Z</time></trkpt>
      <trkpt lat="36.580067" lon="127.812609"><ele>687.2</ele><time>2023-10-08T01:02:47.000Z</time></trkpt>
      <trkpt lat="36.580061" lon="127.812660"><ele>690.4</ele><time>2023-10-08T01:03:16.000Z</time></trkpt>
      <trkpt lat="36.580018" lon="127.812673"><ele>693.2</ele><time>2023-10-08T01:03:48.000Z</time></trkpt>
      <trkpt lat="36.579976" lon="127.812667"><ele>695.9</ele><time>2023-10-08T01:03:48.000Z</time></trkpt>
      <trkpt lat="36.579936" lon="127.812640"><ele>698.4</ele><time>2023-10-08T01:04:08.000Z</time></trkpt>
      <trkpt lat="36.579893" lon="127.812629"><ele>701.1</ele><time>2023-10-08T01:04:08.000Z</time></trkpt>
      <trkpt lat="36.579848" lon="127.812626"><ele>703.8</ele><time>2023-10-08T01:04:26.000Z</time></trkpt>
      <trkpt lat="36.579803" lon="127.812624"><ele>706.3</ele><time>2023-10-08T01:04:50.000Z</time></trkpt>
      <trkpt lat="36.579760" lon="127.812635"><ele>708.9</ele><time>2023-10-08T01:04:50.000Z</time></trkpt>
      <trkpt lat="36.579716" lon="127.812649"><ele>711.4</ele><time>2023-10-08T01:05:10.000Z</time></trkpt>
      <trkpt lat="36.579671" lon="127.812651"><ele>713.5</ele><time>2023-10-08T01:05:31.000Z</time></trkpt>
      <trkpt lat="36.579627" lon="127.812655"><ele>715.5</ele><time>2023-10-08T01:05:31.000Z</time></trkpt>
      <trkpt lat="36.579582" lon="127.812662"><ele>717.6</ele><time>2023-10-08T01:05:52.000Z</time></trkpt>
      <trkpt lat="36.579540" lon="127.812680"><ele>719.7</ele><time>2023-10-08T01:05:52.000Z</time></trkpt>
      <trkpt lat="36.579500" lon="127.812705"><ele>721.7</ele><time>2023-10-08T01:06:08.000Z</time></trkpt>
      <trkpt lat="36.579460" lon="127.812732"><ele>723.5</ele><time>2023-10-08T01:06:28.000Z</time></trkpt>
      <trkpt lat="36.579445" lon="127.812764"><ele>725.2</ele><time>2023-10-08T01:06:28.000Z</time></trkpt>
      <trkpt lat="36.579474" lon="127.812807"><ele>726.9</ele><time>2023-10-08T01:07:05.000Z</time></trkpt>
      <trkpt lat="36.579506" lon="127.812847"><ele>728.3</ele><time>2023-10-08T01:07:05.000Z</time></trkpt>
      <trkpt lat="36.579531" lon="127.812887"><ele>729.5</ele><time>2023-10-08T01:07:17.000Z</time></trkpt>
      <trkpt lat="36.579508" lon="127.812935"><ele>729.8</ele><time>2023-10-08T01:07:38.000Z</time></trkpt>
      <trkpt lat="36.579473" lon="127.812958"><ele>729.9</ele><time>2023-10-08T01:07:38.000Z</time></trkpt>
      <trkpt lat="36.579430" lon="127.812962"><ele>729.8</ele><time>2023-10-08T01:08:12.000Z</time></trkpt>
      <trkpt lat="36.579459" lon="127.813005"><ele>729.1</ele><time>2023-10-08T01:10:27.000Z</time></trkpt>
      <trkpt lat="36.579448" lon="127.813030"><ele>728.4</ele><time>2023-10-08T01:10:27.000Z</time></trkpt>
      <trkpt lat="36.579404" lon="127.813040"><ele>727.8</ele><time>2023-10-08T01:10:42.000Z</time></trkpt>
      <trkpt lat="36.579359" lon="127.813051"><ele>727.1</ele><time>2023-10-08T01:10:42.000Z</time></trkpt>
      <trkpt lat="36.579321" lon="127.813076"><ele>726.1</ele><time>2023-10-08T01:10:42.000Z</time></trkpt>
      <trkpt lat="36.579286" lon="127.813112"><ele>724.8</ele><time>2023-10-08T01:10:56.000Z</time></trkpt>
      <trkpt lat="36.579251" lon="127.813147"><ele>723.1</ele><time>2023-10-08T01:10:56.000Z</time></trkpt>
      <trkpt lat="36.579218" lon="127.813184"><ele>721.4</ele><time>2023-10-08T01:11:03.000Z</time></trkpt>
      <trkpt lat="36.579193" lon="127.813231"><ele>720.0</ele><time>2023-10-08T01:11:20.000Z</time></trkpt>
      <trkpt lat="36.579168" lon="127.813277"><ele>718.7</ele><time>2023-10-08T01:11:20.000Z</time></trkpt>
      <trkpt lat="36.579136" lon="127.813316"><ele>717.4</ele><time>2023-10-08T01:11:41.000Z</time></trkpt>
      <trkpt lat="36.579101" lon="127.813351"><ele>716.2</ele><time>2023-10-08T01:11:41.000Z</time></trkpt>
      <trkpt lat="36.579062" lon="127.813379"><ele>715.2</ele><time>2023-10-08T01:11:57.000Z</time></trkpt>
      <trkpt lat="36.579026" lon="127.813371"><ele>714.2</ele><time>2023-10-08T01:11:57.000Z</time></trkpt>
      <trkpt lat="36.578991" lon="127.813335"><ele>713.3</ele><time>2023-10-08T01:12:12.000Z</time></trkpt>
      <trkpt lat="36.578955" lon="127.813364"><ele>713.2</ele><time>2023-10-08T01:12:12.000Z</time></trkpt>
      <trkpt lat="36.578918" lon="127.813397"><ele>713.2</ele><time>2023-10-08T01:12:24.000Z</time></trkpt>
      <trkpt lat="36.578878" lon="127.813421"><ele>713.6</ele><time>2023-10-08T01:12:24.000Z</time></trkpt>
      <trkpt lat="36.578837" lon="127.813444"><ele>714.0</ele><time>2023-10-08T01:12:39.000Z</time></trkpt>
      <trkpt lat="36.578806" lon="127.813482"><ele>714.6</ele><time>2023-10-08T01:12:39.000Z</time></trkpt>
      <trkpt lat="36.578779" lon="127.813527"><ele>715.2</ele><time>2023-10-08T01:12:46.000Z</time></trkpt>
      <trkpt lat="36.578740" lon="127.813554"><ele>715.8</ele><time>2023-10-08T01:12:46.000Z</time></trkpt>
      <trkpt lat="36.578700" lon="127.813581"><ele>716.3</ele><time>2023-10-08T01:13:06.000Z</time></trkpt>
      <trkpt lat="36.578657" lon="127.813597"><ele>716.9</ele><time>2023-10-08T01:13:06.000Z</time></trkpt>
      <trkpt lat="36.578614" lon="127.813610"><ele>717.4</ele><time>2023-10-08T01:13:24.000Z</time></trkpt>
      <trkpt lat="36.578575" lon="127.813637"><ele>717.9</ele><time>2023-10-08T01:13:24.000Z</time></trkpt>
      <trkpt lat="36.578539" lon="127.813670"><ele>718.2</ele><time>2023-10-08T01:13:39.000Z</time></trkpt>
      <trkpt lat="36.578500" lon="127.813671"><ele>718.6</ele><time>2023-10-08T01:13:39.000Z</time></trkpt>
      <trkpt lat="36.578459" lon="127.813648"><ele>719.0</ele><time>2023-10-08T01:13:56.000Z</time></trkpt>
      <trkpt lat="36.578419" lon="127.813656"><ele>719.5</ele><time>2023-10-08T01:13:56.000Z</time></trkpt>
      <trkpt lat="36.578380" lon="127.813683"><ele>719.9</ele><time>2023-10-08T01:14:08.000Z</time></trkpt>
      <trkpt lat="36.578348" lon="127.813722"><ele>720.2</ele><time>2023-10-08T01:14:08.000Z</time></trkpt>
      <trkpt lat="36.578318" lon="127.813764"><ele>720.3</ele><time>2023-10-08T01:14:28.000Z</time></trkpt>
      <trkpt lat="36.578289" lon="127.813807"><ele>720.9</ele><time>2023-10-08T01:14:28.000Z</time></trkpt>
      <trkpt lat="36.578262" lon="127.813851"><ele>721.5</ele><time>2023-10-08T01:14:46.000Z</time></trkpt>
      <trkpt lat="36.578223" lon="127.813878"><ele>722.4</ele><time>2023-10-08T01:14:46.000Z</time></trkpt>
      <trkpt lat="36.578182" lon="127.813902"><ele>723.4</ele><time>2023-10-08T01:14:56.000Z</time></trkpt>
      <trkpt lat="36.578139" lon="127.813915"><ele>724.4</ele><time>2023-10-08T01:14:56.000Z</time></trkpt>
      <trkpt lat="36.578094" lon="127.813925"><ele>725.5</ele><time>2023-10-08T01:15:09.000Z</time></trkpt>
      <trkpt lat="36.578075" lon="127.813957"><ele>726.8</ele><time>2023-10-08T01:15:09.000Z</time></trkpt>
      <trkpt lat="36.578082" lon="127.814013"><ele>728.3</ele><time>2023-10-08T01:15:30.000Z</time></trkpt>
      <trkpt lat="36.578070" lon="127.814065"><ele>730.3</ele><time>2023-10-08T01:15:30.000Z</time></trkpt>
      <trkpt lat="36.578058" lon="127.814117"><ele>732.5</ele><time>2023-10-08T01:15:50.000Z</time></trkpt>
      <trkpt lat="36.578082" lon="127.814164"><ele>735.0</ele><time>2023-10-08T01:16:11.000Z</time></trkpt>
      <trkpt lat="36.578104" lon="127.814212"><ele>737.3</ele><time>2023-10-08T01:16:11.000Z</time></trkpt>
      <trkpt lat="36.578124" lon="127.814263"><ele>739.4</ele><time>2023-10-08T01:16:36.000Z</time></trkpt>
      <trkpt lat="36.578152" lon="127.814306"><ele>741.3</ele><time>2023-10-08T01:16:36.000Z</time></trkpt>
      <trkpt lat="36.578178" lon="127.814348"><ele>743.2</ele><time>2023-10-08T01:16:56.000Z</time></trkpt>
      <trkpt lat="36.578151" lon="127.814393"><ele>745.0</ele><time>2023-10-08T01:17:13.000Z</time></trkpt>
      <trkpt lat="36.578132" lon="127.814442"><ele>747.0</ele><time>2023-10-08T01:17:13.000Z</time></trkpt>
      <trkpt lat="36.578124" lon="127.814497"><ele>749.1</ele><time>2023-10-08T01:17:26.000Z</time></trkpt>
      <trkpt lat="36.578088" lon="127.814507"><ele>750.7</ele><time>2023-10-08T01:17:26.000Z</time></trkpt>
      <trkpt lat="36.578048" lon="127.814508"><ele>752.1</ele><time>2023-10-08T01:17:50.000Z</time></trkpt>
      <trkpt lat="36.578064" lon="127.814561"><ele>753.0</ele><time>2023-10-08T01:18:14.000Z</time></trkpt>
      <trkpt lat="36.578079" lon="127.814613"><ele>754.0</ele><time>2023-10-08T01:18:14.000Z</time></trkpt>
      <trkpt lat="36.578078" lon="127.814669"><ele>754.7</ele><time>2023-10-08T01:21:16.000Z</time></trkpt>
      <trkpt lat="36.578076" lon="127.814725"><ele>755.1</ele><time>2023-10-08T01:21:16.000Z</time></trkpt>
      <trkpt lat="36.578068" lon="127.814780"><ele>754.8</ele><time>2023-10-08T01:21:27.000Z</time></trkpt>
      <trkpt lat="36.578045" lon="127.814820"><ele>754.2</ele><time>2023-10-08T01:21:27.000Z</time></trkpt>
      <trkpt lat="36.578003" lon="127.814839"><ele>753.4</ele><time>2023-10-08T01:21:48.000Z</time></trkpt>
      <trkpt lat="36.577966" lon="127.814866"><ele>752.6</ele><time>2023-10-08T01:21:48.000Z</time></trkpt>
      <trkpt lat="36.577943" lon="127.814914"><ele>752.0</ele><time>2023-10-08T01:22:13.000Z</time></trkpt>
      <trkpt lat="36.577936" lon="127.814963"><ele>751.5</ele><time>2023-10-08T01:22:13.000Z</time></trkpt>
      <trkpt lat="36.577951" lon="127.815016"><ele>751.4</ele><time>2023-10-08T01:22:26.000Z</time></trkpt>
      <trkpt lat="36.577949" lon="127.815071"><ele>751.5</ele><time>2023-10-08T01:22:26.000Z</time></trkpt>
      <trkpt lat="36.577940" lon="127.815121"><ele>751.7</ele><time>2023-10-08T01:22:46.000Z</time></trkpt>
      <trkpt lat="36.577896" lon="127.815111"><ele>752.4</ele><time>2023-10-08T01:23:02.000Z</time></trkpt>
      <trkpt lat="36.577854" lon="127.815120"><ele>753.4</ele><time>2023-10-08T01:23:02.000Z</time></trkpt>
      <trkpt lat="36.577815" lon="127.815146"><ele>754.7</ele><time>2023-10-08T01:23:15.000Z</time></trkpt>
      <trkpt lat="36.577797" lon="127.815196"><ele>755.8</ele><time>2023-10-08T01:23:15.000Z</time></trkpt>
      <trkpt lat="36.577783" lon="127.815249"><ele>756.8</ele><time>2023-10-08T01:23:22.000Z</time></trkpt>
      <trkpt lat="36.577802" lon="127.815299"><ele>757.5</ele><time>2023-10-08T01:23:36.000Z</time></trkpt>
      <trkpt lat="36.577814" lon="127.815349"><ele>758.1</ele><time>2023-10-08T01:23:36.000Z</time></trkpt>
      <trkpt lat="36.577791" lon="127.815398"><ele>758.8</ele><time>2023-10-08T01:23:51.000Z</time></trkpt>
      <trkpt lat="36.577778" lon="127.815449"><ele>759.4</ele><time>2023-10-08T01:23:51.000Z</time></trkpt>
      <trkpt lat="36.577785" lon="127.815504"><ele>760.0</ele><time>2023-10-08T01:24:00.000Z</time></trkpt>
      <trkpt lat="36.577779" lon="127.815558"><ele>760.4</ele><time>2023-10-08T01:24:00.000Z</time></trkpt>
      <trkpt lat="36.577768" lon="127.815613"><ele>760.6</ele><time>2023-10-08T01:24:17.000Z</time></trkpt>
      <trkpt lat="36.577758" lon="127.815667"><ele>760.7</ele><time>2023-10-08T01:24:23.000Z</time></trkpt>
      <trkpt lat="36.577746" lon="127.815721"><ele>760.9</ele><time>2023-10-08T01:24:23.000Z</time></trkpt>
      <trkpt lat="36.577726" lon="127.815771"><ele>761.2</ele><time>2023-10-08T01:24:37.000Z</time></trkpt>
      <trkpt lat="36.577702" lon="127.815818"><ele>761.8</ele><time>2023-10-08T01:24:37.000Z</time></trkpt>
      <trkpt lat="36.577674" lon="127.815862"><ele>762.5</ele><time>2023-10-08T01:24:43.000Z</time></trkpt>
      <trkpt lat="36.577647" lon="127.815906"><ele>763.5</ele><time>2023-10-08T01:24:43.000Z</time></trkpt>
      <trkpt lat="36.577620" lon="127.815951"><ele>764.7</ele><time>2023-10-08T01:25:02.000Z</time></trkpt>
      <trkpt lat="36.577588" lon="127.815990"><ele>766.3</ele><time>2023-10-08T01:25:02.000Z</time></trkpt>
      <trkpt lat="36.577555" lon="127.816029"><ele>768.0</ele><time>2023-10-08T01:25:22.000Z</time></trkpt>
      <trkpt lat="36.577534" lon="127.816078"><ele>770.1</ele><time>2023-10-08T01:25:43.000Z</time></trkpt>
      <trkpt lat="36.577513" lon="127.816128"><ele>772.2</ele><time>2023-10-08T01:25:43.000Z</time></trkpt>
      <trkpt lat="36.577494" lon="127.816178"><ele>774.3</ele><time>2023-10-08T01:26:07.000Z</time></trkpt>
      <trkpt lat="36.577492" lon="127.816232"><ele>776.2</ele><time>2023-10-08T01:26:07.000Z</time></trkpt>
      <trkpt lat="36.577497" lon="127.816288"><ele>778.0</ele><time>2023-10-08T01:26:32.000Z</time></trkpt>
      <trkpt lat="36.577490" lon="127.816343"><ele>779.8</ele><time>2023-10-08T01:26:32.000Z</time></trkpt>
      <trkpt lat="36.577479" lon="127.816397"><ele>781.5</ele><time>2023-10-08T01:26:45.000Z</time></trkpt>
      <trkpt lat="36.577449" lon="127.816438"><ele>783.0</ele><time>2023-10-08T01:26:45.000Z</time></trkpt>
      <trkpt lat="36.577418" lon="127.816479"><ele>784.4</ele><time>2023-10-08T01:27:01.000Z</time></trkpt>
      <trkpt lat="36.577403" lon="127.816531"><ele>785.6</ele><time>2023-10-08T01:27:01.000Z</time></trkpt>
      <trkpt lat="36.577390" lon="127.816584"><ele>786.9</ele><time>2023-10-08T01:27:21.000Z</time></trkpt>
      <trkpt lat="36.577351" lon="127.816606"><ele>788.1</ele><time>2023-10-08T01:27:21.000Z</time></trkpt>
      <trkpt lat="36.577308" lon="127.816623"><ele>789.3</ele><time>2023-10-08T01:28:46.000Z</time></trkpt>
      <trkpt lat="36.577265" lon="127.816639"><ele>790.8</ele><time>2023-10-08T01:28:59.000Z</time></trkpt>
      <trkpt lat="36.577221" lon="127.816653"><ele>792.1</ele><time>2023-10-08T01:28:59.000Z</time></trkpt>
      <trkpt lat="36.577177" lon="127.816659"><ele>793.0</ele><time>2023-10-08T01:28:59.000Z</time></trkpt>
      <trkpt lat="36.577132" lon="127.816666"><ele>794.0</ele><time>2023-10-08T01:29:11.000Z</time></trkpt>
      <trkpt lat="36.577087" lon="127.816672"><ele>794.9</ele><time>2023-10-08T01:29:11.000Z</time></trkpt>
      <trkpt lat="36.577043" lon="127.816678"><ele>795.9</ele><time>2023-10-08T01:29:28.000Z</time></trkpt>
      <trkpt lat="36.576998" lon="127.816682"><ele>796.8</ele><time>2023-10-08T01:29:28.000Z</time></trkpt>
      <trkpt lat="36.576953" lon="127.816684"><ele>797.6</ele><time>2023-10-08T01:29:45.000Z</time></trkpt>
      <trkpt lat="36.576910" lon="127.816674"><ele>798.5</ele><time>2023-10-08T01:29:45.000Z</time></trkpt>
      <trkpt lat="36.576871" lon="127.816647"><ele>799.7</ele><time>2023-10-08T01:29:57.000Z</time></trkpt>
      <trkpt lat="36.576827" lon="127.816636"><ele>800.5</ele><time>2023-10-08T01:30:05.000Z</time></trkpt>
      <trkpt lat="36.576783" lon="127.816628"><ele>801.3</ele><time>2023-10-08T01:30:05.000Z</time></trkpt>
      <trkpt lat="36.576738" lon="127.816635"><ele>801.9</ele><time>2023-10-08T01:30:11.000Z</time></trkpt>
      <trkpt lat="36.576694" lon="127.816643"><ele>802.6</ele><time>2023-10-08T01:30:11.000Z</time></trkpt>
      <trkpt lat="36.576649" lon="127.816639"><ele>803.5</ele><time>2023-10-08T01:30:25.000Z</time></trkpt>
      <trkpt lat="36.576604" lon="127.816633"><ele>804.4</ele><time>2023-10-08T01:30:25.000Z</time></trkpt>
      <trkpt lat="36.576560" lon="127.816623"><ele>805.8</ele><time>2023-10-08T01:30:41.000Z</time></trkpt>
      <trkpt lat="36.576517" lon="127.816626"><ele>807.0</ele><time>2023-10-08T01:30:41.000Z</time></trkpt>
      <trkpt lat="36.576476" lon="127.816649"><ele>807.9</ele><time>2023-10-08T01:31:31.000Z</time></trkpt>
      <trkpt lat="36.576434" lon="127.816670"><ele>809.0</ele><time>2023-10-08T01:31:31.000Z</time></trkpt>
      <trkpt lat="36.576391" lon="127.816686"><ele>810.5</ele><time>2023-10-08T01:31:46.000Z</time></trkpt>
      <trkpt lat="36.576349" lon="127.816706"><ele>812.3</ele><time>2023-10-08T01:31:46.000Z</time></trkpt>
      <trkpt lat="36.576308" lon="127.816729"><ele>814.1</ele><time>2023-10-08T01:31:59.000Z</time></trkpt>
      <trkpt lat="36.576275" lon="127.816766"><ele>815.7</ele><time>2023-10-08T01:31:59.000Z</time></trkpt>
      <trkpt lat="36.576243" lon="127.816806"><ele>817.3</ele><time>2023-10-08T01:32:27.000Z</time></trkpt>
      <trkpt lat="36.576205" lon="127.816832"><ele>819.1</ele><time>2023-10-08T01:32:27.000Z</time></trkpt>
      <trkpt lat="36.576162" lon="127.816849"><ele>821.2</ele><time>2023-10-08T01:32:43.000Z</time></trkpt>
      <trkpt lat="36.576138" lon="127.816888"><ele>823.6</ele><time>2023-10-08T01:32:43.000Z</time></trkpt>
      <trkpt lat="36.576126" lon="127.816942"><ele>826.2</ele><time>2023-10-08T01:33:00.000Z</time></trkpt>
      <trkpt lat="36.576100" lon="127.816988"><ele>828.5</ele><time>2023-10-08T01:33:00.000Z</time></trkpt>
      <trkpt lat="36.576072" lon="127.817031"><ele>830.7</ele><time>2023-10-08T01:33:29.000Z</time></trkpt>
      <trkpt lat="36.576057" lon="127.817083"><ele>833.2</ele><time>2023-10-08T01:33:49.000Z</time></trkpt>
      <trkpt lat="36.576054" lon="127.817136"><ele>835.5</ele><time>2023-10-08T01:33:49.000Z</time></trkpt>
      <trkpt lat="36.576076" lon="127.817184"><ele>837.6</ele><time>2023-10-08T01:34:09.000Z</time></trkpt>
      <trkpt lat="36.576102" lon="127.817230"><ele>839.6</ele><time>2023-10-08T01:34:09.000Z</time></trkpt>
      <trkpt lat="36.576129" lon="127.817274"><ele>841.4</ele><time>2023-10-08T01:35:25.000Z</time></trkpt>
      <trkpt lat="36.576138" lon="127.817328"><ele>842.8</ele><time>2023-10-08T01:35:38.000Z</time></trkpt>
      <trkpt lat="36.576142" lon="127.817384"><ele>844.2</ele><time>2023-10-08T01:35:38.000Z</time></trkpt>
      <trkpt lat="36.576139" lon="127.817440"><ele>845.6</ele><time>2023-10-08T01:35:57.000Z</time></trkpt>
      <trkpt lat="36.576136" lon="127.817496"><ele>847.0</ele><time>2023-10-08T01:35:57.000Z</time></trkpt>
      <trkpt lat="36.576134" lon="127.817552"><ele>848.5</ele><time>2023-10-08T01:36:19.000Z</time></trkpt>
      <trkpt lat="36.576106" lon="127.817552"><ele>849.5</ele><time>2023-10-08T01:36:19.000Z</time></trkpt>
      <trkpt lat="36.576067" lon="127.817525"><ele>850.2</ele><time>2023-10-08T01:38:22.000Z</time></trkpt>
      <trkpt lat="36.576026" lon="127.817511"><ele>850.8</ele><time>2023-10-08T01:38:22.000Z</time></trkpt>
      <trkpt lat="36.575981" lon="127.817520"><ele>851.3</ele><time>2023-10-08T01:38:34.000Z</time></trkpt>
      <trkpt lat="36.575938" lon="127.817510"><ele>851.8</ele><time>2023-10-08T01:38:34.000Z</time></trkpt>
      <trkpt lat="36.575894" lon="127.817496"><ele>852.4</ele><time>2023-10-08T01:38:41.000Z</time></trkpt>
      <trkpt lat="36.575850" lon="127.817506"><ele>852.7</ele><time>2023-10-08T01:38:41.000Z</time></trkpt>
      <trkpt lat="36.575806" lon="127.817518"><ele>853.0</ele><time>2023-10-08T01:38:56.000Z</time></trkpt>
      <trkpt lat="36.575762" lon="127.817515"><ele>853.0</ele><time>2023-10-08T01:39:07.000Z</time></trkpt>
      <trkpt lat="36.575737" lon="127.817533"><ele>852.9</ele><time>2023-10-08T01:39:07.000Z</time></trkpt>
      <trkpt lat="36.575746" lon="127.817588"><ele>852.5</ele><time>2023-10-08T01:39:20.000Z</time></trkpt>
      <trkpt lat="36.575713" lon="127.817617"><ele>852.2</ele><time>2023-10-08T01:39:37.000Z</time></trkpt>
      <trkpt lat="36.575671" lon="127.817631"><ele>851.8</ele><time>2023-10-08T01:39:37.000Z</time></trkpt>
      <trkpt lat="36.575627" lon="127.817623"><ele>851.2</ele><time>2023-10-08T01:39:57.000Z</time></trkpt>
      <trkpt lat="36.575582" lon="127.817616"><ele>850.2</ele><time>2023-10-08T01:39:57.000Z</time></trkpt>
      <trkpt lat="36.575537" lon="127.817613"><ele>848.7</ele><time>2023-10-08T01:40:04.000Z</time></trkpt>
      <trkpt lat="36.575521" lon="127.817634"><ele>847.1</ele><time>2023-10-08T01:40:04.000Z</time></trkpt>
      <trkpt lat="36.575538" lon="127.817686"><ele>845.5</ele><time>2023-10-08T01:40:22.000Z</time></trkpt>
      <trkpt lat="36.575547" lon="127.817737"><ele>843.8</ele><time>2023-10-08T01:40:22.000Z</time></trkpt>
      <trkpt lat="36.575522" lon="127.817784"><ele>841.9</ele><time>2023-10-08T01:40:46.000Z</time></trkpt>
      <trkpt lat="36.575496" lon="127.817795"><ele>840.0</ele><time>2023-10-08T01:40:46.000Z</time></trkpt>
      <trkpt lat="36.575465" lon="127.817755"><ele>838.1</ele><time>2023-10-08T01:41:06.000Z</time></trkpt>
      <trkpt lat="36.575431" lon="127.817718"><ele>835.9</ele><time>2023-10-08T01:41:06.000Z</time></trkpt>
      <trkpt lat="36.575394" lon="127.817686"><ele>833.3</ele><time>2023-10-08T01:41:23.000Z</time></trkpt>
      <trkpt lat="36.575351" lon="127.817681"><ele>831.1</ele><time>2023-10-08T01:41:23.000Z</time></trkpt>
      <trkpt lat="36.575306" lon="127.817684"><ele>829.0</ele><time>2023-10-08T01:41:35.000Z</time></trkpt>
      <trkpt lat="36.575263" lon="127.817671"><ele>826.8</ele><time>2023-10-08T01:41:35.000Z</time></trkpt>
      <trkpt lat="36.575220" lon="127.817654"><ele>824.6</ele><time>2023-10-08T01:41:51.000Z</time></trkpt>
      <trkpt lat="36.575181" lon="127.817627"><ele>822.3</ele><time>2023-10-08T01:42:05.000Z</time></trkpt>
      <trkpt lat="36.575141" lon="127.817601"><ele>820.0</ele><time>2023-10-08T01:42:05.000Z</time></trkpt>
      <trkpt lat="36.575096" lon="127.817606"><ele>817.7</ele><time>2023-10-08T01:42:25.000Z</time></trkpt>
      <trkpt lat="36.575056" lon="127.817620"><ele>815.5</ele><time>2023-10-08T01:42:25.000Z</time></trkpt>
      <trkpt lat="36.575029" lon="127.817665"><ele>813.7</ele><time>2023-10-08T01:42:49.000Z</time></trkpt>
      <trkpt lat="36.575024" lon="127.817713"><ele>812.3</ele><time>2023-10-08T01:42:49.000Z</time></trkpt>
      <trkpt lat="36.575043" lon="127.817763"><ele>811.3</ele><time>2023-10-08T01:43:02.000Z</time></trkpt>
      <trkpt lat="36.575063" lon="127.817813"><ele>810.4</ele><time>2023-10-08T01:43:02.000Z</time></trkpt>
      <trkpt lat="36.575095" lon="127.817853"><ele>810.0</ele><time>2023-10-08T01:43:09.000Z</time></trkpt>
      <trkpt lat="36.575128" lon="127.817889"><ele>809.7</ele><time>2023-10-08T01:43:09.000Z</time></trkpt>
      <trkpt lat="36.575172" lon="127.817905"><ele>810.1</ele><time>2023-10-08T01:43:23.000Z</time></trkpt>
      <trkpt lat="36.575214" lon="127.817922"><ele>810.4</ele><time>2023-10-08T01:43:23.000Z</time></trkpt>
      <trkpt lat="36.575256" lon="127.817942"><ele>810.4</ele><time>2023-10-08T01:43:47.000Z</time></trkpt>
      <trkpt lat="36.575299" lon="127.817958"><ele>810.4</ele><time>2023-10-08T01:43:47.000Z</time></trkpt>
      <trkpt lat="36.575344" lon="127.817964"><ele>810.2</ele><time>2023-10-08T01:44:04.000Z</time></trkpt>
      <trkpt lat="36.575386" lon="127.817981"><ele>810.0</ele><time>2023-10-08T01:44:04.000Z</time></trkpt>
      <trkpt lat="36.575425" lon="127.818005"><ele>809.8</ele><time>2023-10-08T01:44:16.000Z</time></trkpt>
      <trkpt lat="36.575424" lon="127.818061"><ele>809.0</ele><time>2023-10-08T01:44:27.000Z</time></trkpt>
      <trkpt lat="36.575426" lon="127.818117"><ele>808.2</ele><time>2023-10-08T01:44:27.000Z</time></trkpt>
      <trkpt lat="36.575433" lon="127.818172"><ele>807.1</ele><time>2023-10-08T01:44:36.000Z</time></trkpt>
      <trkpt lat="36.575445" lon="127.818226"><ele>806.4</ele><time>2023-10-08T01:44:36.000Z</time></trkpt>
      <trkpt lat="36.575459" lon="127.818279"><ele>805.8</ele><time>2023-10-08T01:44:45.000Z</time></trkpt>
      <trkpt lat="36.575466" lon="127.818335"><ele>805.7</ele><time>2023-10-08T01:44:52.000Z</time></trkpt>
      <trkpt lat="36.575452" lon="127.818379"><ele>805.5</ele><time>2023-10-08T01:44:52.000Z</time></trkpt>
      <trkpt lat="36.575415" lon="127.818411"><ele>805.4</ele><time>2023-10-08T01:45:05.000Z</time></trkpt>
      <trkpt lat="36.575410" lon="127.818462"><ele>805.3</ele><time>2023-10-08T01:45:05.000Z</time></trkpt>
      <trkpt lat="36.575413" lon="127.818518"><ele>805.2</ele><time>2023-10-08T01:45:18.000Z</time></trkpt>
      <trkpt lat="36.575400" lon="127.818572"><ele>804.9</ele><time>2023-10-08T01:45:18.000Z</time></trkpt>
      <trkpt lat="36.575387" lon="127.818625"><ele>804.6</ele><time>2023-10-08T01:45:30.000Z</time></trkpt>
      <trkpt lat="36.575416" lon="127.818668"><ele>803.5</ele><time>2023-10-08T01:45:41.000Z</time></trkpt>
      <trkpt lat="36.575445" lon="127.818710"><ele>802.6</ele><time>2023-10-08T01:45:41.000Z</time></trkpt>
      <trkpt lat="36.575477" lon="127.818749"><ele>802.1</ele><time>2023-10-08T01:45:53.000Z</time></trkpt>
      <trkpt lat="36.575512" lon="127.818783"><ele>801.6</ele><time>2023-10-08T01:45:53.000Z</time></trkpt>
      <trkpt lat="36.575556" lon="127.818791"><ele>801.6</ele><time>2023-10-08T01:46:14.000Z</time></trkpt>
      <trkpt lat="36.575593" lon="127.818810"><ele>801.7</ele><time>2023-10-08T01:46:14.000Z</time></trkpt>
      <trkpt lat="36.575606" lon="127.818863"><ele>802.1</ele><time>2023-10-08T01:46:14.000Z</time></trkpt>
      <trkpt lat="36.575620" lon="127.818917"><ele>802.6</ele><time>2023-10-08T01:46:34.000Z</time></trkpt>
      <trkpt lat="36.575630" lon="127.818971"><ele>803.9</ele><time>2023-10-08T01:46:34.000Z</time></trkpt>
      <trkpt lat="36.575639" lon="127.819026"><ele>806.1</ele><time>2023-10-08T01:46:55.000Z</time></trkpt>
      <trkpt lat="36.575641" lon="127.819082"><ele>809.0</ele><time>2023-10-08T01:46:55.000Z</time></trkpt>
      <trkpt lat="36.575642" lon="127.819138"><ele>812.0</ele><time>2023-10-08T01:47:17.000Z</time></trkpt>
      <trkpt lat="36.575605" lon="127.819116"><ele>815.3</ele><time>2023-10-08T01:48:17.000Z</time></trkpt>
      <trkpt lat="36.575564" lon="127.819095"><ele>818.6</ele><time>2023-10-08T01:48:17.000Z</time></trkpt>
      <trkpt lat="36.575519" lon="127.819089"><ele>822.0</ele><time>2023-10-08T01:48:43.000Z</time></trkpt>
      <trkpt lat="36.575478" lon="127.819105"><ele>825.7</ele><time>2023-10-08T01:48:43.000Z</time></trkpt>
      <trkpt lat="36.575441" lon="127.819136"><ele>829.4</ele><time>2023-10-08T01:49:02.000Z</time></trkpt>
      <trkpt lat="36.575419" lon="127.819090"><ele>831.8</ele><time>2023-10-08T01:49:39.000Z</time></trkpt>
      <trkpt lat="36.575396" lon="127.819041"><ele>834.1</ele><time>2023-10-08T01:49:39.000Z</time></trkpt>
      <trkpt lat="36.575365" lon="127.819002"><ele>835.9</ele><time>2023-10-08T01:50:07.000Z</time></trkpt>
      <trkpt lat="36.575332" lon="127.818964"><ele>837.6</ele><time>2023-10-08T01:50:07.000Z</time></trkpt>
      <trkpt lat="36.575298" lon="127.818927"><ele>839.2</ele><time>2023-10-08T01:50:20.000Z</time></trkpt>
      <trkpt lat="36.575258" lon="127.818904"><ele>840.7</ele><time>2023-10-08T01:50:20.000Z</time></trkpt>
      <trkpt lat="36.575215" lon="127.818886"><ele>842.0</ele><time>2023-10-08T01:50:38.000Z</time></trkpt>
      <trkpt lat="36.575170" lon="127.818886"><ele>843.1</ele><time>2023-10-08T01:51:01.000Z</time></trkpt>
      <trkpt lat="36.575125" lon="127.818887"><ele>844.1</ele><time>2023-10-08T01:51:01.000Z</time></trkpt>
      <trkpt lat="36.575081" lon="127.818897"><ele>845.5</ele><time>2023-10-08T01:51:01.000Z</time></trkpt>
      <trkpt lat="36.575037" lon="127.818908"><ele>846.9</ele><time>2023-10-08T01:53:02.000Z</time></trkpt>
      <trkpt lat="36.575046" lon="127.818957"><ele>848.7</ele><time>2023-10-08T01:53:02.000Z</time></trkpt>
      <trkpt lat="36.575061" lon="127.819010"><ele>850.5</ele><time>2023-10-08T01:53:17.000Z</time></trkpt>
      <trkpt lat="36.575096" lon="127.819042"><ele>852.9</ele><time>2023-10-08T01:53:17.000Z</time></trkpt>
      <trkpt lat="36.575135" lon="127.819068"><ele>855.3</ele><time>2023-10-08T01:53:33.000Z</time></trkpt>
      <trkpt lat="36.575177" lon="127.819088"><ele>857.4</ele><time>2023-10-08T01:53:50.000Z</time></trkpt>
      <trkpt lat="36.575194" lon="127.819127"><ele>859.1</ele><time>2023-10-08T01:53:50.000Z</time></trkpt>
      <trkpt lat="36.575189" lon="127.819182"><ele>860.5</ele><time>2023-10-08T01:54:13.000Z</time></trkpt>
      <trkpt lat="36.575164" lon="127.819227"><ele>861.5</ele><time>2023-10-08T01:54:13.000Z</time></trkpt>
      <trkpt lat="36.575133" lon="127.819268"><ele>862.3</ele><time>2023-10-08T01:54:26.000Z</time></trkpt>
      <trkpt lat="36.575095" lon="127.819294"><ele>863.0</ele><time>2023-10-08T01:54:26.000Z</time></trkpt>
      <trkpt lat="36.575053" lon="127.819315"><ele>863.3</ele><time>2023-10-08T01:54:39.000Z</time></trkpt>
      <trkpt lat="36.575019" lon="127.819350"><ele>862.8</ele><time>2023-10-08T01:54:46.000Z</time></trkpt>
      <trkpt lat="36.574995" lon="127.819388"><ele>862.1</ele><time>2023-10-08T01:54:46.000Z</time></trkpt>
      <trkpt lat="36.575014" lon="127.819439"><ele>860.8</ele><time>2023-10-08T01:56:09.000Z</time></trkpt>
      <trkpt lat="36.575008" lon="127.819471"><ele>859.4</ele><time>2023-10-08T01:56:09.000Z</time></trkpt>
      <trkpt lat="36.574963" lon="127.819476"><ele>857.8</ele><time>2023-10-08T01:56:30.000Z</time></trkpt>
      <trkpt lat="36.574926" lon="127.819504"><ele>856.4</ele><time>2023-10-08T01:56:30.000Z</time></trkpt>
      <trkpt lat="36.574892" lon="127.819541"><ele>855.1</ele><time>2023-10-08T01:57:02.000Z</time></trkpt>
      <trkpt lat="36.574853" lon="127.819527"><ele>854.1</ele><time>2023-10-08T01:57:02.000Z</time></trkpt>
      <trkpt lat="36.574813" lon="127.819502"><ele>853.3</ele><time>2023-10-08T01:57:11.000Z</time></trkpt>
      <trkpt lat="36.574770" lon="127.819492"><ele>852.9</ele><time>2023-10-08T01:57:11.000Z</time></trkpt>
      <trkpt lat="36.574725" lon="127.819490"><ele>852.7</ele><time>2023-10-08T01:57:23.000Z</time></trkpt>
      <trkpt lat="36.574688" lon="127.819515"><ele>852.5</ele><time>2023-10-08T01:57:23.000Z</time></trkpt>
      <trkpt lat="36.574654" lon="127.819551"><ele>852.4</ele><time>2023-10-08T01:57:36.000Z</time></trkpt>
      <trkpt lat="36.574615" lon="127.819579"><ele>852.5</ele><time>2023-10-08T01:57:36.000Z</time></trkpt>
      <trkpt lat="36.574575" lon="127.819606"><ele>852.6</ele><time>2023-10-08T01:57:52.000Z</time></trkpt>
      <trkpt lat="36.574534" lon="127.819583"><ele>852.7</ele><time>2023-10-08T01:57:52.000Z</time></trkpt>
      <trkpt lat="36.574493" lon="127.819561"><ele>852.8</ele><time>2023-10-08T01:58:12.000Z</time></trkpt>
      <trkpt lat="36.574458" lon="127.819592"><ele>852.5</ele><time>2023-10-08T01:58:12.000Z</time></trkpt>
      <trkpt lat="36.574423" lon="127.819627"><ele>852.3</ele><time>2023-10-08T01:58:26.000Z</time></trkpt>
      <trkpt lat="36.574412" lon="127.819679"><ele>851.9</ele><time>2023-10-08T01:58:26.000Z</time></trkpt>
      <trkpt lat="36.574407" lon="127.819734"><ele>851.4</ele><time>2023-10-08T01:58:33.000Z</time></trkpt>
      <trkpt lat="36.574390" lon="127.819783"><ele>851.1</ele><time>2023-10-08T01:58:33.000Z</time></trkpt>
      <trkpt lat="36.574360" lon="127.819825"><ele>850.9</ele><time>2023-10-08T01:58:46.000Z</time></trkpt>
      <trkpt lat="36.574321" lon="127.819848"><ele>850.2</ele><time>2023-10-08T01:58:46.000Z</time></trkpt>
      <trkpt lat="36.574278" lon="127.819864"><ele>849.3</ele><time>2023-10-08T01:59:00.000Z</time></trkpt>
      <trkpt lat="36.574245" lon="127.819902"><ele>848.8</ele><time>2023-10-08T01:59:00.000Z</time></trkpt>
      <trkpt lat="36.574215" lon="127.819943"><ele>848.3</ele><time>2023-10-08T01:59:14.000Z</time></trkpt>
      <trkpt lat="36.574176" lon="127.819972"><ele>848.4</ele><time>2023-10-08T01:59:14.000Z</time></trkpt>
      <trkpt lat="36.574137" lon="127.819998"><ele>848.5</ele><time>2023-10-08T01:59:48.000Z</time></trkpt>
      <trkpt lat="36.574111" lon="127.820041"><ele>849.1</ele><time>2023-10-08T01:59:48.000Z</time></trkpt>
      <trkpt lat="36.574090" lon="127.820091"><ele>849.7</ele><time>2023-10-08T02:00:08.000Z</time></trkpt>
      <trkpt lat="36.574089" lon="127.820143"><ele>850.5</ele><time>2023-10-08T02:00:08.000Z</time></trkpt>
      <trkpt lat="36.574104" lon="127.820195"><ele>851.5</ele><time>2023-10-08T02:00:33.000Z</time></trkpt>
      <trkpt lat="36.574092" lon="127.820244"><ele>852.9</ele><time>2023-10-08T02:00:33.000Z</time></trkpt>
      <trkpt lat="36.574068" lon="127.820292"><ele>854.4</ele><time>2023-10-08T02:00:55.000Z</time></trkpt>
      <trkpt lat="36.574043" lon="127.820338"><ele>855.9</ele><time>2023-10-08T02:00:55.000Z</time></trkpt>
      <trkpt lat="36.574016" lon="127.820383"><ele>857.5</ele><time>2023-10-08T02:01:22.000Z</time></trkpt>
      <trkpt lat="36.573980" lon="127.820413"><ele>858.8</ele><time>2023-10-08T02:01:22.000Z</time></trkpt>
      <trkpt lat="36.573939" lon="127.820437"><ele>860.0</ele><time>2023-10-08T02:01:34.000Z</time></trkpt>
      <trkpt lat="36.573914" lon="127.820479"><ele>861.1</ele><time>2023-10-08T02:01:34.000Z</time></trkpt>
      <trkpt lat="36.573898" lon="127.820532"><ele>862.1</ele><time>2023-10-08T02:01:51.000Z</time></trkpt>
      <trkpt lat="36.573886" lon="127.820585"><ele>863.4</ele><time>2023-10-08T02:01:51.000Z</time></trkpt>
      <trkpt lat="36.573879" lon="127.820640"><ele>865.2</ele><time>2023-10-08T02:02:11.000Z</time></trkpt>
      <trkpt lat="36.573892" lon="127.820687"><ele>867.2</ele><time>2023-10-08T02:02:11.000Z</time></trkpt>
      <trkpt lat="36.573925" lon="127.820726"><ele>869.4</ele><time>2023-10-08T02:02:36.000Z</time></trkpt>
      <trkpt lat="36.573949" lon="127.820772"><ele>872.3</ele><time>2023-10-08T02:02:36.000Z</time></trkpt>
      <trkpt lat="36.573969" lon="127.820822"><ele>875.4</ele><time>2023-10-08T02:03:13.000Z</time></trkpt>
      <trkpt lat="36.574007" lon="127.820852"><ele>876.9</ele><time>2023-10-08T02:03:13.000Z</time></trkpt>
      <trkpt lat="36.574045" lon="127.820882"><ele>878.4</ele><time>2023-10-08T02:03:37.000Z</time></trkpt>
      <trkpt lat="36.574048" lon="127.820930"><ele>879.4</ele><time>2023-10-08T02:03:37.000Z</time></trkpt>
      <trkpt lat="36.574039" lon="127.820985"><ele>880.3</ele><time>2023-10-08T02:05:11.000Z</time></trkpt>
      <trkpt lat="36.574006" lon="127.821020"><ele>880.4</ele><time>2023-10-08T02:05:11.000Z</time></trkpt>
      <trkpt lat="36.573969" lon="127.821050"><ele>880.4</ele><time>2023-10-08T02:05:40.000Z</time></trkpt>
      <trkpt lat="36.573928" lon="127.821029"><ele>880.0</ele><time>2023-10-08T02:05:40.000Z</time></trkpt>
      <trkpt lat="36.573888" lon="127.821005"><ele>879.7</ele><time>2023-10-08T02:05:56.000Z</time></trkpt>
      <trkpt lat="36.573844" lon="127.821006"><ele>878.4</ele><time>2023-10-08T02:05:56.000Z</time></trkpt>
      <trkpt lat="36.573806" lon="127.821004"><ele>877.1</ele><time>2023-10-08T02:06:10.000Z</time></trkpt>
      <trkpt lat="36.573798" lon="127.820949"><ele>876.5</ele><time>2023-10-08T02:06:25.000Z</time></trkpt>
      <trkpt lat="36.573820" lon="127.820919"><ele>874.9</ele><time>2023-10-08T02:09:26.000Z</time></trkpt>
      <trkpt lat="36.573831" lon="127.820926"><ele>874.0</ele><time>2023-10-08T02:19:59.000Z</time></trkpt>
      <trkpt lat="36.573793" lon="127.820957"><ele>872.9</ele><time>2023-10-08T02:20:23.000Z</time></trkpt>
      <trkpt lat="36.573755" lon="127.820948"><ele>871.5</ele><time>2023-10-08T02:20:23.000Z</time></trkpt>
      <trkpt lat="36.573715" lon="127.820923"><ele>869.9</ele><time>2023-10-08T02:20:34.000Z</time></trkpt>
      <trkpt lat="36.573672" lon="127.820938"><ele>868.1</ele><time>2023-10-08T02:20:47.000Z</time></trkpt>
      <trkpt lat="36.573629" lon="127.820947"><ele>866.2</ele><time>2023-10-08T02:20:47.000Z</time></trkpt>
      <trkpt lat="36.573585" lon="127.820932"><ele>864.6</ele><time>2023-10-08T02:21:05.000Z</time></trkpt>
      <trkpt lat="36.573541" lon="127.820925"><ele>862.9</ele><time>2023-10-08T02:21:05.000Z</time></trkpt>
      <trkpt lat="36.573497" lon="127.820929"><ele>861.0</ele><time>2023-10-08T02:21:16.000Z</time></trkpt>
      <trkpt lat="36.573461" lon="127.820959"><ele>859.6</ele><time>2023-10-08T02:21:16.000Z</time></trkpt>
      <trkpt lat="36.573428" lon="127.820998"><ele>858.2</ele><time>2023-10-08T02:21:29.000Z</time></trkpt>
      <trkpt lat="36.573389" lon="127.821023"><ele>857.1</ele><time>2023-10-08T02:21:29.000Z</time></trkpt>
      <trkpt lat="36.573347" lon="127.821041"><ele>856.1</ele><time>2023-10-08T02:21:45.000Z</time></trkpt>
      <trkpt lat="36.573305" lon="127.821062"><ele>854.9</ele><time>2023-10-08T02:21:45.000Z</time></trkpt>
      <trkpt lat="36.573264" lon="127.821086"><ele>853.5</ele><time>2023-10-08T02:21:54.000Z</time></trkpt>
      <trkpt lat="36.573233" lon="127.821120"><ele>852.1</ele><time>2023-10-08T02:21:54.000Z</time></trkpt>
      <trkpt lat="36.573221" lon="127.821174"><ele>850.6</ele><time>2023-10-08T02:22:07.000Z</time></trkpt>
      <trkpt lat="36.573205" lon="127.821226"><ele>848.9</ele><time>2023-10-08T02:22:07.000Z</time></trkpt>
      <trkpt lat="36.573184" lon="127.821275"><ele>847.0</ele><time>2023-10-08T02:22:23.000Z</time></trkpt>
      <trkpt lat="36.573169" lon="127.821328"><ele>845.0</ele><time>2023-10-08T02:22:23.000Z</time></trkpt>
      <trkpt lat="36.573158" lon="127.821382"><ele>842.9</ele><time>2023-10-08T02:22:35.000Z</time></trkpt>
      <trkpt lat="36.573115" lon="127.821382"><ele>841.8</ele><time>2023-10-08T02:22:35.000Z</time></trkpt>
      <trkpt lat="36.573070" lon="127.821379"><ele>840.7</ele><time>2023-10-08T02:22:51.000Z</time></trkpt>
      <trkpt lat="36.573025" lon="127.821379"><ele>839.7</ele><time>2023-10-08T02:22:51.000Z</time></trkpt>
      <trkpt lat="36.572981" lon="127.821392"><ele>839.2</ele><time>2023-10-08T02:23:04.000Z</time></trkpt>
      <trkpt lat="36.572938" lon="127.821405"><ele>838.6</ele><time>2023-10-08T02:23:04.000Z</time></trkpt>
      <trkpt lat="36.572908" lon="127.821446"><ele>838.6</ele><time>2023-10-08T02:23:11.000Z</time></trkpt>
      <trkpt lat="36.572880" lon="127.821490"><ele>838.8</ele><time>2023-10-08T02:23:11.000Z</time></trkpt>
      <trkpt lat="36.572856" lon="127.821537"><ele>839.6</ele><time>2023-10-08T02:23:25.000Z</time></trkpt>
      <trkpt lat="36.572838" lon="127.821586"><ele>840.5</ele><time>2023-10-08T02:23:25.000Z</time></trkpt>
      <trkpt lat="36.572842" lon="127.821642"><ele>842.2</ele><time>2023-10-08T02:23:40.000Z</time></trkpt>
      <trkpt lat="36.572822" lon="127.821686"><ele>844.0</ele><time>2023-10-08T02:23:40.000Z</time></trkpt>
      <trkpt lat="36.572788" lon="127.821723"><ele>846.0</ele><time>2023-10-08T02:23:57.000Z</time></trkpt>
      <trkpt lat="36.572762" lon="127.821769"><ele>847.3</ele><time>2023-10-08T02:23:57.000Z</time></trkpt>
      <trkpt lat="36.572737" lon="127.821815"><ele>848.6</ele><time>2023-10-08T02:24:13.000Z</time></trkpt>
      <trkpt lat="36.572709" lon="127.821859"><ele>849.9</ele><time>2023-10-08T02:24:13.000Z</time></trkpt>
      <trkpt lat="36.572681" lon="127.821903"><ele>851.1</ele><time>2023-10-08T02:24:33.000Z</time></trkpt>
      <trkpt lat="36.572652" lon="127.821946"><ele>852.6</ele><time>2023-10-08T02:24:33.000Z</time></trkpt>
      <trkpt lat="36.572623" lon="127.821988"><ele>854.3</ele><time>2023-10-08T02:24:47.000Z</time></trkpt>
      <trkpt lat="36.572604" lon="127.822039"><ele>855.4</ele><time>2023-10-08T02:24:47.000Z</time></trkpt>
      <trkpt lat="36.572585" lon="127.822090"><ele>856.5</ele><time>2023-10-08T02:25:07.000Z</time></trkpt>
      <trkpt lat="36.572574" lon="127.822144"><ele>856.9</ele><time>2023-10-08T02:25:07.000Z</time></trkpt>
      <trkpt lat="36.572564" lon="127.822198"><ele>857.2</ele><time>2023-10-08T02:25:39.000Z</time></trkpt>
      <trkpt lat="36.572578" lon="127.822252"><ele>857.0</ele><time>2023-10-08T02:25:51.000Z</time></trkpt>
      <trkpt lat="36.572587" lon="127.822304"><ele>856.8</ele><time>2023-10-08T02:25:51.000Z</time></trkpt>
      <trkpt lat="36.572560" lon="127.822349"><ele>856.5</ele><time>2023-10-08T02:26:08.000Z</time></trkpt>
      <trkpt lat="36.572533" lon="127.822394"><ele>856.2</ele><time>2023-10-08T02:26:08.000Z</time></trkpt>
      <trkpt lat="36.572506" lon="127.822438"><ele>855.8</ele><time>2023-10-08T02:26:08.000Z</time></trkpt>
      <trkpt lat="36.572478" lon="127.822482"><ele>855.3</ele><time>2023-10-08T02:26:33.000Z</time></trkpt>
      <trkpt lat="36.572483" lon="127.822531"><ele>855.2</ele><time>2023-10-08T02:26:33.000Z</time></trkpt>
      <trkpt lat="36.572502" lon="127.822582"><ele>855.2</ele><time>2023-10-08T02:26:42.000Z</time></trkpt>
      <trkpt lat="36.572540" lon="127.822607"><ele>856.2</ele><time>2023-10-08T02:26:42.000Z</time></trkpt>
      <trkpt lat="36.572581" lon="127.822629"><ele>857.3</ele><time>2023-10-08T02:26:54.000Z</time></trkpt>
      <trkpt lat="36.572608" lon="127.822674"><ele>859.1</ele><time>2023-10-08T02:27:11.000Z</time></trkpt>
      <trkpt lat="36.572606" lon="127.822703"><ele>860.9</ele><time>2023-10-08T02:27:11.000Z</time></trkpt>
      <trkpt lat="36.572561" lon="127.822710"><ele>862.7</ele><time>2023-10-08T02:27:37.000Z</time></trkpt>
      <trkpt lat="36.572516" lon="127.822717"><ele>864.3</ele><time>2023-10-08T02:27:37.000Z</time></trkpt>
      <trkpt lat="36.572472" lon="127.822726"><ele>865.9</ele><time>2023-10-08T02:28:16.000Z</time></trkpt>
      <trkpt lat="36.572435" lon="127.822755"><ele>867.2</ele><time>2023-10-08T02:28:16.000Z</time></trkpt>
      <trkpt lat="36.572403" lon="127.822793"><ele>868.3</ele><time>2023-10-08T02:28:32.000Z</time></trkpt>
      <trkpt lat="36.572361" lon="127.822813"><ele>868.7</ele><time>2023-10-08T02:28:44.000Z</time></trkpt>
      <trkpt lat="36.572318" lon="127.822829"><ele>869.1</ele><time>2023-10-08T02:28:44.000Z</time></trkpt>
      <trkpt lat="36.572273" lon="127.822834"><ele>869.3</ele><time>2023-10-08T02:28:53.000Z</time></trkpt>
      <trkpt lat="36.572229" lon="127.822833"><ele>869.4</ele><time>2023-10-08T02:28:53.000Z</time></trkpt>
      <trkpt lat="36.572184" lon="127.822825"><ele>869.2</ele><time>2023-10-08T02:29:05.000Z</time></trkpt>
      <trkpt lat="36.572147" lon="127.822844"><ele>869.4</ele><time>2023-10-08T02:29:05.000Z</time></trkpt>
      <trkpt lat="36.572115" lon="127.822883"><ele>869.6</ele><time>2023-10-08T02:29:18.000Z</time></trkpt>
      <trkpt lat="36.572082" lon="127.822921"><ele>870.0</ele><time>2023-10-08T02:29:18.000Z</time></trkpt>
      <trkpt lat="36.572049" lon="127.822960"><ele>870.7</ele><time>2023-10-08T02:29:33.000Z</time></trkpt>
      <trkpt lat="36.572019" lon="127.823000"><ele>871.5</ele><time>2023-10-08T02:29:33.000Z</time></trkpt>
      <trkpt lat="36.572007" lon="127.823054"><ele>872.9</ele><time>2023-10-08T02:29:49.000Z</time></trkpt>
      <trkpt lat="36.571993" lon="127.823107"><ele>874.2</ele><time>2023-10-08T02:29:49.000Z</time></trkpt>
      <trkpt lat="36.571974" lon="127.823158"><ele>875.1</ele><time>2023-10-08T02:30:10.000Z</time></trkpt>
      <trkpt lat="36.571953" lon="127.823207"><ele>876.0</ele><time>2023-10-08T02:30:10.000Z</time></trkpt>
      <trkpt lat="36.571930" lon="127.823255"><ele>876.8</ele><time>2023-10-08T02:30:35.000Z</time></trkpt>
      <trkpt lat="36.571894" lon="127.823285"><ele>877.1</ele><time>2023-10-08T02:30:35.000Z</time></trkpt>
      <trkpt lat="36.571853" lon="127.823307"><ele>877.3</ele><time>2023-10-08T02:31:00.000Z</time></trkpt>
      <trkpt lat="36.571813" lon="127.823335"><ele>876.8</ele><time>2023-10-08T02:31:00.000Z</time></trkpt>
      <trkpt lat="36.571777" lon="127.823366"><ele>875.9</ele><time>2023-10-08T02:31:16.000Z</time></trkpt>
      <trkpt lat="36.571755" lon="127.823415"><ele>874.5</ele><time>2023-10-08T02:31:16.000Z</time></trkpt>
      <trkpt lat="36.571733" lon="127.823464"><ele>873.1</ele><time>2023-10-08T02:31:23.000Z</time></trkpt>
      <trkpt lat="36.571709" lon="127.823511"><ele>871.6</ele><time>2023-10-08T02:31:23.000Z</time></trkpt>
      <trkpt lat="36.571683" lon="127.823557"><ele>870.1</ele><time>2023-10-08T02:32:02.000Z</time></trkpt>
      <trkpt lat="36.571646" lon="127.823588"><ele>869.1</ele><time>2023-10-08T02:32:02.000Z</time></trkpt>
      <trkpt lat="36.571609" lon="127.823619"><ele>868.0</ele><time>2023-10-08T02:32:26.000Z</time></trkpt>
      <trkpt lat="36.571566" lon="127.823635"><ele>867.0</ele><time>2023-10-08T02:32:26.000Z</time></trkpt>
      <trkpt lat="36.571522" lon="127.823648"><ele>866.0</ele><time>2023-10-08T02:32:43.000Z</time></trkpt>
      <trkpt lat="36.571480" lon="127.823667"><ele>865.1</ele><time>2023-10-08T02:32:43.000Z</time></trkpt>
      <trkpt lat="36.571440" lon="127.823691"><ele>864.4</ele><time>2023-10-08T02:32:50.000Z</time></trkpt>
      <trkpt lat="36.571398" lon="127.823713"><ele>864.6</ele><time>2023-10-08T02:32:59.000Z</time></trkpt>
      <trkpt lat="36.571357" lon="127.823736"><ele>864.9</ele><time>2023-10-08T02:32:59.000Z</time></trkpt>
      <trkpt lat="36.571321" lon="127.823769"><ele>865.6</ele><time>2023-10-08T02:33:07.000Z</time></trkpt>
      <trkpt lat="36.571285" lon="127.823803"><ele>866.2</ele><time>2023-10-08T02:33:07.000Z</time></trkpt>
      <trkpt lat="36.571251" lon="127.823839"><ele>867.1</ele><time>2023-10-08T02:33:19.000Z</time></trkpt>
      <trkpt lat="36.571220" lon="127.823878"><ele>867.8</ele><time>2023-10-08T02:33:19.000Z</time></trkpt>
      <trkpt lat="36.571196" lon="127.823926"><ele>868.4</ele><time>2023-10-08T02:33:32.000Z</time></trkpt>
      <trkpt lat="36.571171" lon="127.823973"><ele>869.0</ele><time>2023-10-08T02:33:32.000Z</time></trkpt>
      <trkpt lat="36.571137" lon="127.824009"><ele>870.1</ele><time>2023-10-08T02:33:41.000Z</time></trkpt>
      <trkpt lat="36.571099" lon="127.824037"><ele>871.2</ele><time>2023-10-08T02:33:41.000Z</time></trkpt>
      <trkpt lat="36.571055" lon="127.824049"><ele>872.3</ele><time>2023-10-08T02:33:53.000Z</time></trkpt>
      <trkpt lat="36.571014" lon="127.824068"><ele>873.3</ele><time>2023-10-08T02:33:53.000Z</time></trkpt>
      <trkpt lat="36.570978" lon="127.824102"><ele>874.3</ele><time>2023-10-08T02:34:05.000Z</time></trkpt>
      <trkpt lat="36.570943" lon="127.824136"><ele>875.4</ele><time>2023-10-08T02:34:05.000Z</time></trkpt>
      <trkpt lat="36.570921" lon="127.824186"><ele>876.8</ele><time>2023-10-08T02:34:22.000Z</time></trkpt>
      <trkpt lat="36.570897" lon="127.824221"><ele>878.3</ele><time>2023-10-08T02:34:22.000Z</time></trkpt>
      <trkpt lat="36.570858" lon="127.824193"><ele>880.1</ele><time>2023-10-08T02:34:41.000Z</time></trkpt>
      <trkpt lat="36.570819" lon="127.824186"><ele>881.8</ele><time>2023-10-08T02:34:41.000Z</time></trkpt>
      <trkpt lat="36.570780" lon="127.824214"><ele>883.3</ele><time>2023-10-08T02:34:49.000Z</time></trkpt>
      <trkpt lat="36.570745" lon="127.824248"><ele>884.7</ele><time>2023-10-08T02:34:49.000Z</time></trkpt>
      <trkpt lat="36.570713" lon="127.824287"><ele>886.0</ele><time>2023-10-08T02:35:03.000Z</time></trkpt>
      <trkpt lat="36.570693" lon="127.824337"><ele>886.7</ele><time>2023-10-08T02:35:09.000Z</time></trkpt>
      <trkpt lat="36.570677" lon="127.824389"><ele>887.2</ele><time>2023-10-08T02:35:09.000Z</time></trkpt>
      <trkpt lat="36.570672" lon="127.824444"><ele>887.3</ele><time>2023-10-08T02:35:27.000Z</time></trkpt>
      <trkpt lat="36.570671" lon="127.824500"><ele>887.1</ele><time>2023-10-08T02:35:27.000Z</time></trkpt>
      <trkpt lat="36.570674" lon="127.824556"><ele>886.6</ele><time>2023-10-08T02:35:50.000Z</time></trkpt>
      <trkpt lat="36.570689" lon="127.824606"><ele>885.9</ele><time>2023-10-08T02:35:50.000Z</time></trkpt>
      <trkpt lat="36.570714" lon="127.824652"><ele>884.9</ele><time>2023-10-08T02:36:03.000Z</time></trkpt>
      <trkpt lat="36.570745" lon="127.824692"><ele>883.6</ele><time>2023-10-08T02:36:03.000Z</time></trkpt>
      <trkpt lat="36.570781" lon="127.824726"><ele>882.1</ele><time>2023-10-08T02:36:17.000Z</time></trkpt>
      <trkpt lat="36.570802" lon="127.824774"><ele>881.0</ele><time>2023-10-08T02:36:17.000Z</time></trkpt>
      <trkpt lat="36.570818" lon="127.824826"><ele>880.0</ele><time>2023-10-08T02:36:32.000Z</time></trkpt>
      <trkpt lat="36.570831" lon="127.824880"><ele>878.7</ele><time>2023-10-08T02:36:32.000Z</time></trkpt>
      <trkpt lat="36.570842" lon="127.824934"><ele>877.3</ele><time>2023-10-08T02:36:44.000Z</time></trkpt>
      <trkpt lat="36.570874" lon="127.824973"><ele>875.6</ele><time>2023-10-08T02:37:21.000Z</time></trkpt>
      <trkpt lat="36.570904" lon="127.825013"><ele>873.8</ele><time>2023-10-08T02:37:21.000Z</time></trkpt>
      <trkpt lat="36.570921" lon="127.825065"><ele>871.8</ele><time>2023-10-08T02:37:34.000Z</time></trkpt>
      <trkpt lat="36.570928" lon="127.825119"><ele>869.5</ele><time>2023-10-08T02:37:34.000Z</time></trkpt>
      <trkpt lat="36.570922" lon="127.825174"><ele>866.9</ele><time>2023-10-08T02:37:53.000Z</time></trkpt>
      <trkpt lat="36.570927" lon="127.825229"><ele>865.0</ele><time>2023-10-08T02:37:53.000Z</time></trkpt>
      <trkpt lat="36.570934" lon="127.825285"><ele>863.3</ele><time>2023-10-08T02:38:23.000Z</time></trkpt>
      <trkpt lat="36.570941" lon="127.825340"><ele>861.7</ele><time>2023-10-08T02:38:23.000Z</time></trkpt>
      <trkpt lat="36.570948" lon="127.825395"><ele>860.2</ele><time>2023-10-08T02:38:43.000Z</time></trkpt>
      <trkpt lat="36.570966" lon="127.825447"><ele>859.2</ele><time>2023-10-08T02:39:01.000Z</time></trkpt>
      <trkpt lat="36.570984" lon="127.825498"><ele>858.2</ele><time>2023-10-08T02:39:01.000Z</time></trkpt>
      <trkpt lat="36.570988" lon="127.825554"><ele>857.6</ele><time>2023-10-08T02:39:09.000Z</time></trkpt>
      <trkpt lat="36.570996" lon="127.825609"><ele>857.2</ele><time>2023-10-08T02:39:09.000Z</time></trkpt>
      <trkpt lat="36.571009" lon="127.825662"><ele>857.3</ele><time>2023-10-08T02:39:15.000Z</time></trkpt>
      <trkpt lat="36.571022" lon="127.825716"><ele>857.4</ele><time>2023-10-08T02:39:15.000Z</time></trkpt>
      <trkpt lat="36.571037" lon="127.825768"><ele>857.4</ele><time>2023-10-08T02:39:29.000Z</time></trkpt>
      <trkpt lat="36.571053" lon="127.825821"><ele>857.5</ele><time>2023-10-08T02:39:29.000Z</time></trkpt>
      <trkpt lat="36.571080" lon="127.825866"><ele>858.5</ele><time>2023-10-08T02:39:37.000Z</time></trkpt>
      <trkpt lat="36.571106" lon="127.825911"><ele>859.5</ele><time>2023-10-08T02:39:37.000Z</time></trkpt>
      <trkpt lat="36.571127" lon="127.825961"><ele>861.2</ele><time>2023-10-08T02:39:50.000Z</time></trkpt>
      <trkpt lat="36.571140" lon="127.826012"><ele>863.4</ele><time>2023-10-08T02:39:50.000Z</time></trkpt>
      <trkpt lat="36.571132" lon="127.826067"><ele>866.5</ele><time>2023-10-08T02:40:31.000Z</time></trkpt>
      <trkpt lat="36.571142" lon="127.826116"><ele>869.8</ele><time>2023-10-08T02:40:31.000Z</time></trkpt>
      <trkpt lat="36.571173" lon="127.826157"><ele>873.3</ele><time>2023-10-08T02:40:47.000Z</time></trkpt>
      <trkpt lat="36.571188" lon="127.826208"><ele>876.4</ele><time>2023-10-08T02:40:47.000Z</time></trkpt>
      <trkpt lat="36.571198" lon="127.826262"><ele>879.3</ele><time>2023-10-08T02:42:01.000Z</time></trkpt>
      <trkpt lat="36.571182" lon="127.826315"><ele>881.4</ele><time>2023-10-08T02:42:41.000Z</time></trkpt>
      <trkpt lat="36.571167" lon="127.826367"><ele>883.5</ele><time>2023-10-08T02:42:41.000Z</time></trkpt>
      <trkpt lat="36.571165" lon="127.826423"><ele>886.2</ele><time>2023-10-08T02:43:16.000Z</time></trkpt>
      <trkpt lat="36.571164" lon="127.826479"><ele>888.7</ele><time>2023-10-08T02:43:16.000Z</time></trkpt>
      <trkpt lat="36.571166" lon="127.826535"><ele>890.6</ele><time>2023-10-08T02:43:36.000Z</time></trkpt>
      <trkpt lat="36.571168" lon="127.826591"><ele>892.2</ele><time>2023-10-08T02:43:36.000Z</time></trkpt>
      <trkpt lat="36.571169" lon="127.826647"><ele>893.8</ele><time>2023-10-08T02:44:00.000Z</time></trkpt>
      <trkpt lat="36.571185" lon="127.826697"><ele>895.4</ele><time>2023-10-08T02:44:00.000Z</time></trkpt>
      <trkpt lat="36.571211" lon="127.826743"><ele>897.1</ele><time>2023-10-08T02:44:38.000Z</time></trkpt>
      <trkpt lat="36.571245" lon="127.826776"><ele>898.7</ele><time>2023-10-08T02:44:38.000Z</time></trkpt>
      <trkpt lat="36.571285" lon="127.826801"><ele>900.2</ele><time>2023-10-08T02:44:50.000Z</time></trkpt>
      <trkpt lat="36.571325" lon="127.826776"><ele>900.6</ele><time>2023-10-08T02:45:03.000Z</time></trkpt>
      <trkpt lat="36.571365" lon="127.826749"><ele>901.0</ele><time>2023-10-08T02:45:03.000Z</time></trkpt>
      <trkpt lat="36.571402" lon="127.826718"><ele>901.2</ele><time>2023-10-08T02:47:06.000Z</time></trkpt>
      <trkpt lat="36.571439" lon="127.826689"><ele>901.4</ele><time>2023-10-08T02:47:06.000Z</time></trkpt>
      <trkpt lat="36.571420" lon="127.826740"><ele>901.2</ele><time>2023-10-08T02:50:27.000Z</time></trkpt>
      <trkpt lat="36.571393" lon="127.826780"><ele>898.8</ele><time>2023-10-08T02:53:27.000Z</time></trkpt>
      <trkpt lat="36.571350" lon="127.826797"><ele>898.0</ele><time>2023-10-08T02:53:27.000Z</time></trkpt>
      <trkpt lat="36.571307" lon="127.826814"><ele>897.3</ele><time>2023-10-08T02:54:20.000Z</time></trkpt>
      <trkpt lat="36.571267" lon="127.826834"><ele>896.5</ele><time>2023-10-08T02:54:20.000Z</time></trkpt>
      <trkpt lat="36.571256" lon="127.826889"><ele>895.1</ele><time>2023-10-08T02:54:38.000Z</time></trkpt>
      <trkpt lat="36.571253" lon="127.826937"><ele>893.7</ele><time>2023-10-08T02:54:38.000Z</time></trkpt>
      <trkpt lat="36.571296" lon="127.826953"><ele>892.0</ele><time>2023-10-08T02:54:49.000Z</time></trkpt>
      <trkpt lat="36.571340" lon="127.826969"><ele>890.4</ele><time>2023-10-08T02:54:49.000Z</time></trkpt>
      <trkpt lat="36.571383" lon="127.826982"><ele>888.9</ele><time>2023-10-08T02:55:06.000Z</time></trkpt>
      <trkpt lat="36.571427" lon="127.826989"><ele>887.5</ele><time>2023-10-08T02:55:06.000Z</time></trkpt>
      <trkpt lat="36.571471" lon="127.826979"><ele>886.6</ele><time>2023-10-08T02:55:14.000Z</time></trkpt>
      <trkpt lat="36.571516" lon="127.826970"><ele>885.7</ele><time>2023-10-08T02:55:14.000Z</time></trkpt>
      <trkpt lat="36.571560" lon="127.826975"><ele>884.9</ele><time>2023-10-08T02:55:14.000Z</time></trkpt>
      <trkpt lat="36.571605" lon="127.826979"><ele>884.1</ele><time>2023-10-08T02:55:35.000Z</time></trkpt>
      <trkpt lat="36.571650" lon="127.826982"><ele>883.0</ele><time>2023-10-08T02:55:35.000Z</time></trkpt>
      <trkpt lat="36.571695" lon="127.826983"><ele>881.7</ele><time>2023-10-08T02:55:42.000Z</time></trkpt>
      <trkpt lat="36.571739" lon="127.826992"><ele>880.3</ele><time>2023-10-08T02:55:42.000Z</time></trkpt>
      <trkpt lat="36.571783" lon="127.827005"><ele>878.7</ele><time>2023-10-08T02:55:56.000Z</time></trkpt>
      <trkpt lat="36.571825" lon="127.827026"><ele>876.7</ele><time>2023-10-08T02:55:56.000Z</time></trkpt>
      <trkpt lat="36.571865" lon="127.827050"><ele>874.6</ele><time>2023-10-08T02:56:16.000Z</time></trkpt>
      <trkpt lat="36.571905" lon="127.827077"><ele>872.3</ele><time>2023-10-08T02:56:22.000Z</time></trkpt>
      <trkpt lat="36.571910" lon="127.827105"><ele>869.7</ele><time>2023-10-08T02:56:22.000Z</time></trkpt>
      <trkpt lat="36.571938" lon="127.827113"><ele>861.6</ele><time>2023-10-08T02:56:57.000Z</time></trkpt>
      <trkpt lat="36.571962" lon="127.827148"><ele>859.1</ele><time>2023-10-08T02:56:57.000Z</time></trkpt>
      <trkpt lat="36.571979" lon="127.827200"><ele>856.5</ele><time>2023-10-08T02:57:22.000Z</time></trkpt>
      <trkpt lat="36.571993" lon="127.827253"><ele>854.1</ele><time>2023-10-08T02:57:38.000Z</time></trkpt>
      <trkpt lat="36.572012" lon="127.827299"><ele>852.0</ele><time>2023-10-08T02:57:38.000Z</time></trkpt>
      <trkpt lat="36.572055" lon="127.827314"><ele>850.9</ele><time>2023-10-08T02:57:38.000Z</time></trkpt>
      <trkpt lat="36.572099" lon="127.827329"><ele>849.9</ele><time>2023-10-08T02:57:46.000Z</time></trkpt>
      <trkpt lat="36.572143" lon="127.827336"><ele>849.2</ele><time>2023-10-08T02:57:46.000Z</time></trkpt>
      <trkpt lat="36.572188" lon="127.827337"><ele>848.6</ele><time>2023-10-08T02:58:11.000Z</time></trkpt>
      <trkpt lat="36.572230" lon="127.827317"><ele>848.7</ele><time>2023-10-08T02:58:27.000Z</time></trkpt>
      <trkpt lat="36.572273" lon="127.827302"><ele>848.7</ele><time>2023-10-08T02:58:27.000Z</time></trkpt>
      <trkpt lat="36.572317" lon="127.827293"><ele>848.6</ele><time>2023-10-08T02:58:40.000Z</time></trkpt>
      <trkpt lat="36.572356" lon="127.827314"><ele>848.4</ele><time>2023-10-08T02:58:40.000Z</time></trkpt>
      <trkpt lat="36.572393" lon="127.827345"><ele>848.2</ele><time>2023-10-08T02:58:47.000Z</time></trkpt>
      <trkpt lat="36.572438" lon="127.827352"><ele>847.8</ele><time>2023-10-08T02:59:00.000Z</time></trkpt>
      <trkpt lat="36.572483" lon="127.827358"><ele>847.4</ele><time>2023-10-08T02:59:00.000Z</time></trkpt>
      <trkpt lat="36.572523" lon="127.827384"><ele>846.9</ele><time>2023-10-08T02:59:00.000Z</time></trkpt>
      <trkpt lat="36.572563" lon="127.827409"><ele>846.5</ele><time>2023-10-08T02:59:13.000Z</time></trkpt>
      <trkpt lat="36.572604" lon="127.827430"><ele>845.7</ele><time>2023-10-08T02:59:13.000Z</time></trkpt>
      <trkpt lat="36.572647" lon="127.827449"><ele>844.9</ele><time>2023-10-08T02:59:25.000Z</time></trkpt>
      <trkpt lat="36.572690" lon="127.827455"><ele>843.6</ele><time>2023-10-08T02:59:25.000Z</time></trkpt>
      <trkpt lat="36.572735" lon="127.827452"><ele>842.0</ele><time>2023-10-08T02:59:35.000Z</time></trkpt>
      <trkpt lat="36.572777" lon="127.827432"><ele>840.6</ele><time>2023-10-08T02:59:35.000Z</time></trkpt>
      <trkpt lat="36.572818" lon="127.827410"><ele>839.2</ele><time>2023-10-08T02:59:49.000Z</time></trkpt>
      <trkpt lat="36.572837" lon="127.827444"><ele>837.9</ele><time>2023-10-08T02:59:49.000Z</time></trkpt>
      <trkpt lat="36.572847" lon="127.827499"><ele>836.6</ele><time>2023-10-08T03:00:23.000Z</time></trkpt>
      <trkpt lat="36.572869" lon="127.827539"><ele>835.3</ele><time>2023-10-08T03:00:23.000Z</time></trkpt>
      <trkpt lat="36.572913" lon="127.827551"><ele>834.0</ele><time>2023-10-08T03:00:30.000Z</time></trkpt>
      <trkpt lat="36.572956" lon="127.827564"><ele>832.6</ele><time>2023-10-08T03:00:30.000Z</time></trkpt>
      <trkpt lat="36.572998" lon="127.827585"><ele>831.3</ele><time>2023-10-08T03:00:42.000Z</time></trkpt>
      <trkpt lat="36.573040" lon="127.827604"><ele>830.1</ele><time>2023-10-08T03:00:42.000Z</time></trkpt>
      <trkpt lat="36.573085" lon="127.827605"><ele>829.6</ele><time>2023-10-08T03:00:42.000Z</time></trkpt>
      <trkpt lat="36.573130" lon="127.827606"><ele>829.1</ele><time>2023-10-08T03:00:50.000Z</time></trkpt>
      <trkpt lat="36.573175" lon="127.827603"><ele>828.7</ele><time>2023-10-08T03:00:50.000Z</time></trkpt>
      <trkpt lat="36.573219" lon="127.827599"><ele>828.2</ele><time>2023-10-08T03:01:03.000Z</time></trkpt>
      <trkpt lat="36.573263" lon="127.827587"><ele>827.7</ele><time>2023-10-08T03:01:03.000Z</time></trkpt>
      <trkpt lat="36.573305" lon="127.827568"><ele>827.0</ele><time>2023-10-08T03:01:11.000Z</time></trkpt>
      <trkpt lat="36.573348" lon="127.827550"><ele>826.2</ele><time>2023-10-08T03:01:11.000Z</time></trkpt>
      <trkpt lat="36.573391" lon="127.827535"><ele>824.9</ele><time>2023-10-08T03:01:24.000Z</time></trkpt>
      <trkpt lat="36.573431" lon="127.827540"><ele>823.7</ele><time>2023-10-08T03:01:24.000Z</time></trkpt>
      <trkpt lat="36.573467" lon="127.827574"><ele>822.4</ele><time>2023-10-08T03:01:36.000Z</time></trkpt>
      <trkpt lat="36.573506" lon="127.827602"><ele>820.8</ele><time>2023-10-08T03:01:36.000Z</time></trkpt>
      <trkpt lat="36.573546" lon="127.827627"><ele>819.1</ele><time>2023-10-08T03:01:49.000Z</time></trkpt>
      <trkpt lat="36.573551" lon="127.827681"><ele>817.1</ele><time>2023-10-08T03:02:00.000Z</time></trkpt>
      <trkpt lat="36.573559" lon="127.827736"><ele>815.3</ele><time>2023-10-08T03:02:00.000Z</time></trkpt>
      <trkpt lat="36.573578" lon="127.827787"><ele>814.0</ele><time>2023-10-08T03:02:00.000Z</time></trkpt>
      <trkpt lat="36.573596" lon="127.827838"><ele>812.8</ele><time>2023-10-08T03:02:11.000Z</time></trkpt>
      <trkpt lat="36.573612" lon="127.827890"><ele>811.5</ele><time>2023-10-08T03:02:11.000Z</time></trkpt>
      <trkpt lat="36.573620" lon="127.827945"><ele>810.0</ele><time>2023-10-08T03:02:53.000Z</time></trkpt>
      <trkpt lat="36.573628" lon="127.828000"><ele>808.4</ele><time>2023-10-08T03:02:53.000Z</time></trkpt>
      <trkpt lat="36.573626" lon="127.828056"><ele>806.5</ele><time>2023-10-08T03:02:53.000Z</time></trkpt>
      <trkpt lat="36.573624" lon="127.828112"><ele>804.6</ele><time>2023-10-08T03:03:10.000Z</time></trkpt>
      <trkpt lat="36.573632" lon="127.828167"><ele>802.7</ele><time>2023-10-08T03:03:26.000Z</time></trkpt>
      <trkpt lat="36.573645" lon="127.828220"><ele>800.8</ele><time>2023-10-08T03:03:26.000Z</time></trkpt>
      <trkpt lat="36.573670" lon="127.828267"><ele>799.3</ele><time>2023-10-08T03:03:34.000Z</time></trkpt>
      <trkpt lat="36.573690" lon="127.828316"><ele>797.7</ele><time>2023-10-08T03:03:34.000Z</time></trkpt>
      <trkpt lat="36.573702" lon="127.828370"><ele>796.3</ele><time>2023-10-08T03:03:48.000Z</time></trkpt>
      <trkpt lat="36.573719" lon="127.828421"><ele>794.9</ele><time>2023-10-08T03:03:48.000Z</time></trkpt>
      <trkpt lat="36.573750" lon="127.828461"><ele>793.3</ele><time>2023-10-08T03:03:59.000Z</time></trkpt>
      <trkpt lat="36.573770" lon="127.828509"><ele>791.9</ele><time>2023-10-08T03:03:59.000Z</time></trkpt>
      <trkpt lat="36.573779" lon="127.828563"><ele>790.6</ele><time>2023-10-08T03:04:16.000Z</time></trkpt>
      <trkpt lat="36.573803" lon="127.828609"><ele>789.2</ele><time>2023-10-08T03:04:16.000Z</time></trkpt>
      <trkpt lat="36.573835" lon="127.828649"><ele>787.6</ele><time>2023-10-08T03:04:24.000Z</time></trkpt>
      <trkpt lat="36.573864" lon="127.828691"><ele>785.9</ele><time>2023-10-08T03:04:33.000Z</time></trkpt>
      <trkpt lat="36.573893" lon="127.828734"><ele>784.4</ele><time>2023-10-08T03:04:33.000Z</time></trkpt>
      <trkpt lat="36.573918" lon="127.828781"><ele>783.1</ele><time>2023-10-08T03:04:44.000Z</time></trkpt>
      <trkpt lat="36.573938" lon="127.828828"><ele>781.8</ele><time>2023-10-08T03:04:44.000Z</time></trkpt>
      <trkpt lat="36.573932" lon="127.828884"><ele>780.4</ele><time>2023-10-08T03:04:56.000Z</time></trkpt>
      <trkpt lat="36.573925" lon="127.828939"><ele>779.1</ele><time>2023-10-08T03:04:56.000Z</time></trkpt>
      <trkpt lat="36.573924" lon="127.828995"><ele>777.9</ele><time>2023-10-08T03:04:56.000Z</time></trkpt>
      <trkpt lat="36.573923" lon="127.829051"><ele>776.7</ele><time>2023-10-08T03:05:10.000Z</time></trkpt>
      <trkpt lat="36.573910" lon="127.829104"><ele>775.4</ele><time>2023-10-08T03:05:10.000Z</time></trkpt>
      <trkpt lat="36.573892" lon="127.829155"><ele>774.0</ele><time>2023-10-08T03:05:22.000Z</time></trkpt>
      <trkpt lat="36.573898" lon="127.829211"><ele>772.8</ele><time>2023-10-08T03:05:30.000Z</time></trkpt>
      <trkpt lat="36.573907" lon="127.829262"><ele>771.7</ele><time>2023-10-08T03:05:30.000Z</time></trkpt>
      <trkpt lat="36.573952" lon="127.829271"><ele>771.0</ele><time>2023-10-08T03:05:30.000Z</time></trkpt>
      <trkpt lat="36.573996" lon="127.829280"><ele>770.3</ele><time>2023-10-08T03:06:38.000Z</time></trkpt>
      <trkpt lat="36.574041" lon="127.829279"><ele>769.2</ele><time>2023-10-08T03:06:38.000Z</time></trkpt>
      <trkpt lat="36.574086" lon="127.829277"><ele>768.1</ele><time>2023-10-08T03:06:51.000Z</time></trkpt>
      <trkpt lat="36.574106" lon="127.829231"><ele>766.7</ele><time>2023-10-08T03:06:59.000Z</time></trkpt>
      <trkpt lat="36.574128" lon="127.829191"><ele>765.3</ele><time>2023-10-08T03:06:59.000Z</time></trkpt>
      <trkpt lat="36.574173" lon="127.829201"><ele>764.0</ele><time>2023-10-08T03:07:13.000Z</time></trkpt>
      <trkpt lat="36.574217" lon="127.829212"><ele>762.6</ele><time>2023-10-08T03:07:13.000Z</time></trkpt>
      <trkpt lat="36.574259" lon="127.829229"><ele>761.3</ele><time>2023-10-08T03:07:25.000Z</time></trkpt>
      <trkpt lat="36.574301" lon="127.829241"><ele>760.0</ele><time>2023-10-08T03:07:25.000Z</time></trkpt>
      <trkpt lat="36.574336" lon="127.829206"><ele>758.5</ele><time>2023-10-08T03:07:33.000Z</time></trkpt>
      <trkpt lat="36.574371" lon="127.829171"><ele>757.0</ele><time>2023-10-08T03:07:33.000Z</time></trkpt>
      <trkpt lat="36.574408" lon="127.829139"><ele>755.8</ele><time>2023-10-08T03:07:41.000Z</time></trkpt>
      <trkpt lat="36.574446" lon="127.829108"><ele>754.6</ele><time>2023-10-08T03:07:41.000Z</time></trkpt>
      <trkpt lat="36.574487" lon="127.829088"><ele>753.1</ele><time>2023-10-08T03:07:54.000Z</time></trkpt>
      <trkpt lat="36.574530" lon="127.829071"><ele>751.5</ele><time>2023-10-08T03:07:54.000Z</time></trkpt>
      <trkpt lat="36.574575" lon="127.829068"><ele>750.0</ele><time>2023-10-08T03:08:06.000Z</time></trkpt>
      <trkpt lat="36.574612" lon="127.829046"><ele>748.4</ele><time>2023-10-08T03:08:06.000Z</time></trkpt>
      <trkpt lat="36.574641" lon="127.829003"><ele>746.8</ele><time>2023-10-08T03:08:14.000Z</time></trkpt>
      <trkpt lat="36.574678" lon="127.828972"><ele>745.1</ele><time>2023-10-08T03:08:14.000Z</time></trkpt>
      <trkpt lat="36.574716" lon="127.828945"><ele>743.4</ele><time>2023-10-08T03:08:22.000Z</time></trkpt>
      <trkpt lat="36.574727" lon="127.828891"><ele>741.9</ele><time>2023-10-08T03:08:34.000Z</time></trkpt>
      <trkpt lat="36.574738" lon="127.828837"><ele>740.4</ele><time>2023-10-08T03:08:34.000Z</time></trkpt>
      <trkpt lat="36.574782" lon="127.828831"><ele>738.4</ele><time>2023-10-08T03:08:49.000Z</time></trkpt>
      <trkpt lat="36.574822" lon="127.828813"><ele>736.7</ele><time>2023-10-08T03:08:49.000Z</time></trkpt>
      <trkpt lat="36.574853" lon="127.828772"><ele>735.5</ele><time>2023-10-08T03:09:03.000Z</time></trkpt>
      <trkpt lat="36.574884" lon="127.828732"><ele>734.2</ele><time>2023-10-08T03:09:03.000Z</time></trkpt>
      <trkpt lat="36.574917" lon="127.828693"><ele>732.3</ele><time>2023-10-08T03:09:03.000Z</time></trkpt>
      <trkpt lat="36.574948" lon="127.828654"><ele>730.3</ele><time>2023-10-08T03:09:20.000Z</time></trkpt>
      <trkpt lat="36.574958" lon="127.828599"><ele>728.3</ele><time>2023-10-08T03:09:31.000Z</time></trkpt>
      <trkpt lat="36.574969" lon="127.828546"><ele>726.2</ele><time>2023-10-08T03:09:31.000Z</time></trkpt>
      <trkpt lat="36.575005" lon="127.828513"><ele>723.3</ele><time>2023-10-08T03:09:49.000Z</time></trkpt>
      <trkpt lat="36.575045" lon="127.828507"><ele>720.8</ele><time>2023-10-08T03:09:49.000Z</time></trkpt>
      <trkpt lat="36.575088" lon="127.828522"><ele>718.6</ele><time>2023-10-08T03:10:18.000Z</time></trkpt>
      <trkpt lat="36.575130" lon="127.828521"><ele>716.0</ele><time>2023-10-08T03:10:18.000Z</time></trkpt>
      <trkpt lat="36.575172" lon="127.828498"><ele>712.8</ele><time>2023-10-08T03:10:41.000Z</time></trkpt>
      <trkpt lat="36.575216" lon="127.828495"><ele>710.5</ele><time>2023-10-08T03:10:41.000Z</time></trkpt>
      <trkpt lat="36.575261" lon="127.828491"><ele>708.4</ele><time>2023-10-08T03:11:03.000Z</time></trkpt>
      <trkpt lat="36.575298" lon="127.828459"><ele>706.9</ele><time>2023-10-08T03:11:03.000Z</time></trkpt>
      <trkpt lat="36.575334" lon="127.828426"><ele>705.4</ele><time>2023-10-08T03:11:19.000Z</time></trkpt>
      <trkpt lat="36.575361" lon="127.828445"><ele>703.5</ele><time>2023-10-08T03:11:19.000Z</time></trkpt>
      <trkpt lat="36.575382" lon="127.828495"><ele>701.5</ele><time>2023-10-08T03:11:35.000Z</time></trkpt>
      <trkpt lat="36.575422" lon="127.828509"><ele>700.2</ele><time>2023-10-08T03:11:35.000Z</time></trkpt>
      <trkpt lat="36.575467" lon="127.828516"><ele>698.9</ele><time>2023-10-08T03:11:47.000Z</time></trkpt>
      <trkpt lat="36.575503" lon="127.828539"><ele>697.6</ele><time>2023-10-08T03:11:47.000Z</time></trkpt>
      <trkpt lat="36.575526" lon="127.828587"><ele>696.0</ele><time>2023-10-08T03:12:07.000Z</time></trkpt>
      <trkpt lat="36.575563" lon="127.828605"><ele>694.5</ele><time>2023-10-08T03:12:07.000Z</time></trkpt>
      <trkpt lat="36.575608" lon="127.828604"><ele>693.1</ele><time>2023-10-08T03:12:20.000Z</time></trkpt>
      <trkpt lat="36.575641" lon="127.828580"><ele>691.6</ele><time>2023-10-08T03:12:20.000Z</time></trkpt>
      <trkpt lat="36.575660" lon="127.828530"><ele>689.9</ele><time>2023-10-08T03:12:27.000Z</time></trkpt>
      <trkpt lat="36.575698" lon="127.828519"><ele>688.2</ele><time>2023-10-08T03:12:27.000Z</time></trkpt>
      <trkpt lat="36.575742" lon="127.828522"><ele>686.5</ele><time>2023-10-08T03:12:45.000Z</time></trkpt>
      <trkpt lat="36.575787" lon="127.828513"><ele>684.9</ele><time>2023-10-08T03:12:57.000Z</time></trkpt>
      <trkpt lat="36.575831" lon="127.828503"><ele>683.2</ele><time>2023-10-08T03:12:57.000Z</time></trkpt>
      <trkpt lat="36.575874" lon="127.828487"><ele>681.3</ele><time>2023-10-08T03:13:17.000Z</time></trkpt>
      <trkpt lat="36.575918" lon="127.828483"><ele>679.3</ele><time>2023-10-08T03:13:17.000Z</time></trkpt>
      <trkpt lat="36.575962" lon="127.828490"><ele>677.3</ele><time>2023-10-08T03:13:29.000Z</time></trkpt>
      <trkpt lat="36.576007" lon="127.828489"><ele>675.3</ele><time>2023-10-08T03:13:29.000Z</time></trkpt>
      <trkpt lat="36.576052" lon="127.828487"><ele>673.4</ele><time>2023-10-08T03:13:47.000Z</time></trkpt>
      <trkpt lat="36.576097" lon="127.828483"><ele>671.4</ele><time>2023-10-08T03:14:03.000Z</time></trkpt>
      <trkpt lat="36.576141" lon="127.828485"><ele>669.5</ele><time>2023-10-08T03:14:03.000Z</time></trkpt>
      <trkpt lat="36.576185" lon="127.828500"><ele>667.6</ele><time>2023-10-08T03:14:23.000Z</time></trkpt>
      <trkpt lat="36.576227" lon="127.828488"><ele>665.8</ele><time>2023-10-08T03:14:23.000Z</time></trkpt>
      <trkpt lat="36.576266" lon="127.828463"><ele>664.0</ele><time>2023-10-08T03:14:32.000Z</time></trkpt>
      <trkpt lat="36.576281" lon="127.828411"><ele>662.5</ele><time>2023-10-08T03:14:39.000Z</time></trkpt>
      <trkpt lat="36.576304" lon="127.828365"><ele>661.0</ele><time>2023-10-08T03:14:39.000Z</time></trkpt>
      <trkpt lat="36.576337" lon="127.828327"><ele>659.5</ele><time>2023-10-08T03:14:52.000Z</time></trkpt>
      <trkpt lat="36.576338" lon="127.828276"><ele>657.7</ele><time>2023-10-08T03:14:52.000Z</time></trkpt>
      <trkpt lat="36.576340" lon="127.828237"><ele>655.8</ele><time>2023-10-08T03:15:04.000Z</time></trkpt>
      <trkpt lat="36.576383" lon="127.828252"><ele>654.1</ele><time>2023-10-08T03:15:21.000Z</time></trkpt>
      <trkpt lat="36.576427" lon="127.828260"><ele>652.4</ele><time>2023-10-08T03:15:21.000Z</time></trkpt>
      <trkpt lat="36.576472" lon="127.828259"><ele>650.7</ele><time>2023-10-08T03:15:33.000Z</time></trkpt>
      <trkpt lat="36.576512" lon="127.828238"><ele>648.8</ele><time>2023-10-08T03:15:33.000Z</time></trkpt>
      <trkpt lat="36.576551" lon="127.828211"><ele>646.7</ele><time>2023-10-08T03:15:45.000Z</time></trkpt>
      <trkpt lat="36.576595" lon="127.828198"><ele>644.9</ele><time>2023-10-08T03:16:01.000Z</time></trkpt>
      <trkpt lat="36.576637" lon="127.828180"><ele>643.5</ele><time>2023-10-08T03:16:01.000Z</time></trkpt>
      <trkpt lat="36.576678" lon="127.828157"><ele>642.4</ele><time>2023-10-08T03:16:13.000Z</time></trkpt>
      <trkpt lat="36.576710" lon="127.828127"><ele>641.2</ele><time>2023-10-08T03:16:13.000Z</time></trkpt>
      <trkpt lat="36.576708" lon="127.828071"><ele>639.3</ele><time>2023-10-08T03:16:27.000Z</time></trkpt>
      <trkpt lat="36.576708" lon="127.828015"><ele>637.9</ele><time>2023-10-08T03:16:27.000Z</time></trkpt>
      <trkpt lat="36.576709" lon="127.827959"><ele>636.8</ele><time>2023-10-08T03:16:43.000Z</time></trkpt>
      <trkpt lat="36.576723" lon="127.827909"><ele>635.5</ele><time>2023-10-08T03:16:43.000Z</time></trkpt>
      <trkpt lat="36.576750" lon="127.827865"><ele>634.1</ele><time>2023-10-08T03:16:54.000Z</time></trkpt>
      <trkpt lat="36.576787" lon="127.827863"><ele>632.8</ele><time>2023-10-08T03:16:54.000Z</time></trkpt>
      <trkpt lat="36.576829" lon="127.827883"><ele>631.5</ele><time>2023-10-08T03:17:08.000Z</time></trkpt>
      <trkpt lat="36.576871" lon="127.827876"><ele>630.2</ele><time>2023-10-08T03:17:08.000Z</time></trkpt>
      <trkpt lat="36.576914" lon="127.827857"><ele>628.8</ele><time>2023-10-08T03:17:20.000Z</time></trkpt>
      <trkpt lat="36.576958" lon="127.827848"><ele>627.8</ele><time>2023-10-08T03:17:20.000Z</time></trkpt>
      <trkpt lat="36.577003" lon="127.827839"><ele>626.9</ele><time>2023-10-08T03:17:36.000Z</time></trkpt>
      <trkpt lat="36.577040" lon="127.827815"><ele>625.6</ele><time>2023-10-08T03:17:36.000Z</time></trkpt>
      <trkpt lat="36.577072" lon="127.827775"><ele>624.1</ele><time>2023-10-08T03:17:56.000Z</time></trkpt>
      <trkpt lat="36.577110" lon="127.827746"><ele>622.9</ele><time>2023-10-08T03:18:14.000Z</time></trkpt>
      <trkpt lat="36.577149" lon="127.827717"><ele>621.7</ele><time>2023-10-08T03:18:14.000Z</time></trkpt>
      <trkpt lat="36.577187" lon="127.827687"><ele>620.3</ele><time>2023-10-08T03:18:25.000Z</time></trkpt>
      <trkpt lat="36.577217" lon="127.827649"><ele>618.9</ele><time>2023-10-08T03:18:25.000Z</time></trkpt>
      <trkpt lat="36.577233" lon="127.827597"><ele>617.4</ele><time>2023-10-08T03:18:34.000Z</time></trkpt>
      <trkpt lat="36.577265" lon="127.827566"><ele>616.2</ele><time>2023-10-08T03:18:34.000Z</time></trkpt>
      <trkpt lat="36.577308" lon="127.827553"><ele>615.2</ele><time>2023-10-08T03:18:50.000Z</time></trkpt>
      <trkpt lat="36.577350" lon="127.827533"><ele>614.1</ele><time>2023-10-08T03:18:50.000Z</time></trkpt>
      <trkpt lat="36.577386" lon="127.827501"><ele>612.9</ele><time>2023-10-08T03:19:02.000Z</time></trkpt>
      <trkpt lat="36.577421" lon="127.827465"><ele>611.5</ele><time>2023-10-08T03:19:02.000Z</time></trkpt>
      <trkpt lat="36.577454" lon="127.827427"><ele>610.0</ele><time>2023-10-08T03:19:11.000Z</time></trkpt>
      <trkpt lat="36.577464" lon="127.827374"><ele>608.4</ele><time>2023-10-08T03:19:11.000Z</time></trkpt>
      <trkpt lat="36.577472" lon="127.827319"><ele>606.9</ele><time>2023-10-08T03:19:27.000Z</time></trkpt>
      <trkpt lat="36.577499" lon="127.827275"><ele>605.2</ele><time>2023-10-08T03:19:39.000Z</time></trkpt>
      <trkpt lat="36.577530" lon="127.827233"><ele>603.6</ele><time>2023-10-08T03:19:39.000Z</time></trkpt>
      <trkpt lat="36.577562" lon="127.827195"><ele>602.0</ele><time>2023-10-08T03:19:52.000Z</time></trkpt>
      <trkpt lat="36.577583" lon="127.827146"><ele>600.2</ele><time>2023-10-08T03:19:52.000Z</time></trkpt>
      <trkpt lat="36.577599" lon="127.827094"><ele>598.5</ele><time>2023-10-08T03:19:59.000Z</time></trkpt>
      <trkpt lat="36.577608" lon="127.827039"><ele>597.3</ele><time>2023-10-08T03:20:12.000Z</time></trkpt>
      <trkpt lat="36.577631" lon="127.827003"><ele>596.1</ele><time>2023-10-08T03:20:12.000Z</time></trkpt>
      <trkpt lat="36.577676" lon="127.826998"><ele>594.9</ele><time>2023-10-08T03:20:25.000Z</time></trkpt>
      <trkpt lat="36.577719" lon="127.826985"><ele>593.6</ele><time>2023-10-08T03:20:25.000Z</time></trkpt>
      <trkpt lat="36.577762" lon="127.826968"><ele>592.3</ele><time>2023-10-08T03:20:32.000Z</time></trkpt>
      <trkpt lat="36.577785" lon="127.826922"><ele>591.3</ele><time>2023-10-08T03:20:32.000Z</time></trkpt>
      <trkpt lat="36.577807" lon="127.826873"><ele>590.4</ele><time>2023-10-08T03:20:39.000Z</time></trkpt>
      <trkpt lat="36.577828" lon="127.826823"><ele>589.2</ele><time>2023-10-08T03:20:39.000Z</time></trkpt>
      <trkpt lat="36.577849" lon="127.826773"><ele>588.0</ele><time>2023-10-08T03:20:53.000Z</time></trkpt>
      <trkpt lat="36.577878" lon="127.826731"><ele>586.5</ele><time>2023-10-08T03:21:01.000Z</time></trkpt>
      <trkpt lat="36.577910" lon="127.826693"><ele>585.0</ele><time>2023-10-08T03:21:01.000Z</time></trkpt>
      <trkpt lat="36.577949" lon="127.826665"><ele>583.5</ele><time>2023-10-08T03:21:14.000Z</time></trkpt>
      <trkpt lat="36.577979" lon="127.826625"><ele>582.4</ele><time>2023-10-08T03:21:14.000Z</time></trkpt>
      <trkpt lat="36.578004" lon="127.826578"><ele>581.4</ele><time>2023-10-08T03:21:21.000Z</time></trkpt>
      <trkpt lat="36.578026" lon="127.826530"><ele>580.4</ele><time>2023-10-08T03:21:21.000Z</time></trkpt>
      <trkpt lat="36.578040" lon="127.826477"><ele>579.0</ele><time>2023-10-08T03:21:34.000Z</time></trkpt>
      <trkpt lat="36.578070" lon="127.826461"><ele>577.8</ele><time>2023-10-08T03:21:34.000Z</time></trkpt>
      <trkpt lat="36.578113" lon="127.826477"><ele>576.8</ele><time>2023-10-08T03:21:49.000Z</time></trkpt>
      <trkpt lat="36.578155" lon="127.826469"><ele>575.9</ele><time>2023-10-08T03:21:49.000Z</time></trkpt>
      <trkpt lat="36.578197" lon="127.826448"><ele>575.2</ele><time>2023-10-08T03:22:02.000Z</time></trkpt>
      <trkpt lat="36.578238" lon="127.826427"><ele>574.5</ele><time>2023-10-08T03:22:02.000Z</time></trkpt>
      <trkpt lat="36.578282" lon="127.826433"><ele>573.3</ele><time>2023-10-08T03:22:16.000Z</time></trkpt>
      <trkpt lat="36.578326" lon="127.826440"><ele>572.0</ele><time>2023-10-08T03:22:16.000Z</time></trkpt>
      <trkpt lat="36.578370" lon="127.826429"><ele>570.9</ele><time>2023-10-08T03:22:23.000Z</time></trkpt>
      <trkpt lat="36.578414" lon="127.826418"><ele>570.1</ele><time>2023-10-08T03:22:23.000Z</time></trkpt>
      <trkpt lat="36.578458" lon="127.826407"><ele>569.5</ele><time>2023-10-08T03:22:40.000Z</time></trkpt>
      <trkpt lat="36.578502" lon="127.826394"><ele>568.9</ele><time>2023-10-08T03:22:40.000Z</time></trkpt>
      <trkpt lat="36.578543" lon="127.826371"><ele>568.3</ele><time>2023-10-08T03:22:49.000Z</time></trkpt>
      <trkpt lat="36.578585" lon="127.826358"><ele>567.9</ele><time>2023-10-08T03:22:49.000Z</time></trkpt>
      <trkpt lat="36.578630" lon="127.826360"><ele>567.5</ele><time>2023-10-08T03:23:00.000Z</time></trkpt>
      <trkpt lat="36.578675" lon="127.826359"><ele>567.3</ele><time>2023-10-08T03:23:00.000Z</time></trkpt>
      <trkpt lat="36.578720" lon="127.826357"><ele>567.1</ele><time>2023-10-08T03:23:03.000Z</time></trkpt>
      <trkpt lat="36.578765" lon="127.826352"><ele>566.7</ele><time>2023-10-08T03:23:03.000Z</time></trkpt>
      <trkpt lat="36.578810" lon="127.826346"><ele>566.3</ele><time>2023-10-08T03:23:18.000Z</time></trkpt>
      <trkpt lat="36.578854" lon="127.826349"><ele>565.6</ele><time>2023-10-08T03:23:18.000Z</time></trkpt>
      <trkpt lat="36.578898" lon="127.826358"><ele>564.7</ele><time>2023-10-08T03:23:25.000Z</time></trkpt>
      <trkpt lat="36.578940" lon="127.826379"><ele>563.9</ele><time>2023-10-08T03:23:41.000Z</time></trkpt>
      <trkpt lat="36.578982" lon="127.826398"><ele>563.1</ele><time>2023-10-08T03:23:41.000Z</time></trkpt>
      <trkpt lat="36.579027" lon="127.826395"><ele>562.2</ele><time>2023-10-08T03:23:53.000Z</time></trkpt>
      <trkpt lat="36.579072" lon="127.826393"><ele>561.3</ele><time>2023-10-08T03:23:53.000Z</time></trkpt>
      <trkpt lat="36.579117" lon="127.826397"><ele>560.3</ele><time>2023-10-08T03:24:02.000Z</time></trkpt>
      <trkpt lat="36.579159" lon="127.826386"><ele>559.4</ele><time>2023-10-08T03:24:02.000Z</time></trkpt>
      <trkpt lat="36.579198" lon="127.826358"><ele>558.6</ele><time>2023-10-08T03:24:11.000Z</time></trkpt>
      <trkpt lat="36.579237" lon="127.826330"><ele>557.8</ele><time>2023-10-08T03:24:11.000Z</time></trkpt>
      <trkpt lat="36.579276" lon="127.826303"><ele>557.0</ele><time>2023-10-08T03:24:19.000Z</time></trkpt>
      <trkpt lat="36.579317" lon="127.826280"><ele>556.5</ele><time>2023-10-08T03:24:19.000Z</time></trkpt>
      <trkpt lat="36.579358" lon="127.826258"><ele>555.9</ele><time>2023-10-08T03:24:26.000Z</time></trkpt>
      <trkpt lat="36.579397" lon="127.826229"><ele>555.2</ele><time>2023-10-08T03:24:26.000Z</time></trkpt>
      <trkpt lat="36.579431" lon="127.826193"><ele>554.3</ele><time>2023-10-08T03:24:39.000Z</time></trkpt>
      <trkpt lat="36.579468" lon="127.826162"><ele>553.3</ele><time>2023-10-08T03:24:39.000Z</time></trkpt>
      <trkpt lat="36.579509" lon="127.826140"><ele>552.1</ele><time>2023-10-08T03:24:52.000Z</time></trkpt>
      <trkpt lat="36.579545" lon="127.826108"><ele>550.9</ele><time>2023-10-08T03:24:52.000Z</time></trkpt>
      <trkpt lat="36.579578" lon="127.826069"><ele>549.8</ele><time>2023-10-08T03:25:04.000Z</time></trkpt>
      <trkpt lat="36.579617" lon="127.826050"><ele>548.6</ele><time>2023-10-08T03:25:04.000Z</time></trkpt>
      <trkpt lat="36.579662" lon="127.826048"><ele>547.5</ele><time>2023-10-08T03:25:16.000Z</time></trkpt>
      <trkpt lat="36.579707" lon="127.826053"><ele>546.4</ele><time>2023-10-08T03:25:16.000Z</time></trkpt>
      <trkpt lat="36.579751" lon="127.826064"><ele>545.3</ele><time>2023-10-08T03:25:28.000Z</time></trkpt>
      <trkpt lat="36.579793" lon="127.826060"><ele>544.2</ele><time>2023-10-08T03:25:28.000Z</time></trkpt>
      <trkpt lat="36.579831" lon="127.826030"><ele>543.1</ele><time>2023-10-08T03:25:42.000Z</time></trkpt>
      <trkpt lat="36.579868" lon="127.826000"><ele>542.0</ele><time>2023-10-08T03:25:42.000Z</time></trkpt>
      <trkpt lat="36.579905" lon="127.825967"><ele>540.8</ele><time>2023-10-08T03:25:48.000Z</time></trkpt>
      <trkpt lat="36.579937" lon="127.825929"><ele>539.9</ele><time>2023-10-08T03:25:48.000Z</time></trkpt>
      <trkpt lat="36.579962" lon="127.825883"><ele>539.0</ele><time>2023-10-08T03:26:01.000Z</time></trkpt>
      <trkpt lat="36.579955" lon="127.825834"><ele>538.3</ele><time>2023-10-08T03:26:01.000Z</time></trkpt>
      <trkpt lat="36.579934" lon="127.825785"><ele>537.7</ele><time>2023-10-08T03:26:35.000Z</time></trkpt>
      <trkpt lat="36.579950" lon="127.825825"><ele>537.2</ele><time>2023-10-08T03:26:35.000Z</time></trkpt>
      <trkpt lat="36.579971" lon="127.825875"><ele>536.7</ele><time>2023-10-08T03:27:19.000Z</time></trkpt>
      <trkpt lat="36.580012" lon="127.825871"><ele>535.9</ele><time>2023-10-08T03:27:27.000Z</time></trkpt>
      <trkpt lat="36.580056" lon="127.825858"><ele>535.2</ele><time>2023-10-08T03:27:27.000Z</time></trkpt>
      <trkpt lat="36.580099" lon="127.825839"><ele>534.2</ele><time>2023-10-08T03:27:31.000Z</time></trkpt>
      <trkpt lat="36.580139" lon="127.825815"><ele>533.3</ele><time>2023-10-08T03:27:31.000Z</time></trkpt>
      <trkpt lat="36.580177" lon="127.825786"><ele>532.5</ele><time>2023-10-08T03:27:45.000Z</time></trkpt>
      <trkpt lat="36.580218" lon="127.825776"><ele>531.6</ele><time>2023-10-08T03:27:45.000Z</time></trkpt>
      <trkpt lat="36.580261" lon="127.825791"><ele>530.8</ele><time>2023-10-08T03:28:00.000Z</time></trkpt>
      <trkpt lat="36.580300" lon="127.825817"><ele>529.8</ele><time>2023-10-08T03:28:00.000Z</time></trkpt>
      <trkpt lat="36.580336" lon="127.825851"><ele>528.7</ele><time>2023-10-08T03:28:09.000Z</time></trkpt>
      <trkpt lat="36.580376" lon="127.825878"><ele>528.1</ele><time>2023-10-08T03:28:09.000Z</time></trkpt>
      <trkpt lat="36.580415" lon="127.825903"><ele>527.6</ele><time>2023-10-08T03:28:30.000Z</time></trkpt>
      <trkpt lat="36.580456" lon="127.825927"><ele>527.1</ele><time>2023-10-08T03:28:30.000Z</time></trkpt>
      <trkpt lat="36.580499" lon="127.825942"><ele>526.4</ele><time>2023-10-08T03:28:33.000Z</time></trkpt>
      <trkpt lat="36.580543" lon="127.825951"><ele>525.6</ele><time>2023-10-08T03:28:33.000Z</time></trkpt>
      <trkpt lat="36.580588" lon="127.825950"><ele>524.8</ele><time>2023-10-08T03:28:41.000Z</time></trkpt>
      <trkpt lat="36.580632" lon="127.825938"><ele>523.9</ele><time>2023-10-08T03:28:41.000Z</time></trkpt>
      <trkpt lat="36.580675" lon="127.825922"><ele>522.9</ele><time>2023-10-08T03:28:51.000Z</time></trkpt>
      <trkpt lat="36.580716" lon="127.825899"><ele>522.0</ele><time>2023-10-08T03:28:51.000Z</time></trkpt>
      <trkpt lat="36.580757" lon="127.825876"><ele>521.0</ele><time>2023-10-08T03:28:59.000Z</time></trkpt>
      <trkpt lat="36.580798" lon="127.825853"><ele>520.0</ele><time>2023-10-08T03:28:59.000Z</time></trkpt>
      <trkpt lat="36.580838" lon="127.825828"><ele>518.9</ele><time>2023-10-08T03:29:11.000Z</time></trkpt>
      <trkpt lat="36.580883" lon="127.825829"><ele>517.9</ele><time>2023-10-08T03:29:11.000Z</time></trkpt>
      <trkpt lat="36.580927" lon="127.825833"><ele>517.0</ele><time>2023-10-08T03:29:21.000Z</time></trkpt>
      <trkpt lat="36.580971" lon="127.825823"><ele>516.3</ele><time>2023-10-08T03:29:21.000Z</time></trkpt>
      <trkpt lat="36.581016" lon="127.825812"><ele>515.7</ele><time>2023-10-08T03:29:32.000Z</time></trkpt>
      <trkpt lat="36.581060" lon="127.825810"><ele>514.9</ele><time>2023-10-08T03:29:32.000Z</time></trkpt>
      <trkpt lat="36.581104" lon="127.825805"><ele>514.1</ele><time>2023-10-08T03:29:43.000Z</time></trkpt>
      <trkpt lat="36.581143" lon="127.825776"><ele>513.5</ele><time>2023-10-08T03:29:52.000Z</time></trkpt>
      <trkpt lat="36.581182" lon="127.825748"><ele>512.9</ele><time>2023-10-08T03:29:52.000Z</time></trkpt>
      <trkpt lat="36.581221" lon="127.825720"><ele>512.3</ele><time>2023-10-08T03:30:03.000Z</time></trkpt>
      <trkpt lat="36.581262" lon="127.825702"><ele>511.8</ele><time>2023-10-08T03:30:03.000Z</time></trkpt>
      <trkpt lat="36.581307" lon="127.825699"><ele>511.4</ele><time>2023-10-08T03:30:16.000Z</time></trkpt>
      <trkpt lat="36.581352" lon="127.825697"><ele>510.9</ele><time>2023-10-08T03:30:16.000Z</time></trkpt>
      <trkpt lat="36.581397" lon="127.825691"><ele>510.2</ele><time>2023-10-08T03:30:16.000Z</time></trkpt>
      <trkpt lat="36.581441" lon="127.825684"><ele>509.5</ele><time>2023-10-08T03:30:29.000Z</time></trkpt>
      <trkpt lat="36.581479" lon="127.825659"><ele>508.8</ele><time>2023-10-08T03:30:29.000Z</time></trkpt>
      <trkpt lat="36.581515" lon="127.825623"><ele>508.1</ele><time>2023-10-08T03:30:36.000Z</time></trkpt>
      <trkpt lat="36.581551" lon="127.825592"><ele>507.3</ele><time>2023-10-08T03:30:36.000Z</time></trkpt>
      <trkpt lat="36.581593" lon="127.825570"><ele>506.2</ele><time>2023-10-08T03:30:50.000Z</time></trkpt>
      <trkpt lat="36.581635" lon="127.825554"><ele>505.1</ele><time>2023-10-08T03:30:50.000Z</time></trkpt>
      <trkpt lat="36.581680" lon="127.825547"><ele>504.0</ele><time>2023-10-08T03:31:02.000Z</time></trkpt>
      <trkpt lat="36.581718" lon="127.825521"><ele>503.0</ele><time>2023-10-08T03:31:02.000Z</time></trkpt>
      <trkpt lat="36.581750" lon="127.825483"><ele>502.0</ele><time>2023-10-08T03:31:14.000Z</time></trkpt>
      <trkpt lat="36.581785" lon="127.825448"><ele>501.0</ele><time>2023-10-08T03:31:14.000Z</time></trkpt>
      <trkpt lat="36.581823" lon="127.825419"><ele>500.0</ele><time>2023-10-08T03:31:26.000Z</time></trkpt>
      <trkpt lat="36.581862" lon="127.825389"><ele>498.9</ele><time>2023-10-08T03:31:26.000Z</time></trkpt>
      <trkpt lat="36.581898" lon="127.825356"><ele>497.8</ele><time>2023-10-08T03:31:26.000Z</time></trkpt>
      <trkpt lat="36.581934" lon="127.825323"><ele>496.8</ele><time>2023-10-08T03:31:38.000Z</time></trkpt>
      <trkpt lat="36.581974" lon="127.825296"><ele>495.7</ele><time>2023-10-08T03:31:38.000Z</time></trkpt>
      <trkpt lat="36.582013" lon="127.825270"><ele>494.7</ele><time>2023-10-08T03:31:55.000Z</time></trkpt>
      <trkpt lat="36.582053" lon="127.825244"><ele>493.5</ele><time>2023-10-08T03:31:55.000Z</time></trkpt>
      <trkpt lat="36.582093" lon="127.825218"><ele>492.0</ele><time>2023-10-08T03:32:04.000Z</time></trkpt>
      <trkpt lat="36.582136" lon="127.825233"><ele>490.9</ele><time>2023-10-08T03:32:19.000Z</time></trkpt>
      <trkpt lat="36.582174" lon="127.825259"><ele>490.0</ele><time>2023-10-08T03:32:19.000Z</time></trkpt>
      <trkpt lat="36.582199" lon="127.825305"><ele>489.3</ele><time>2023-10-08T03:32:36.000Z</time></trkpt>
      <trkpt lat="36.582231" lon="127.825341"><ele>488.7</ele><time>2023-10-08T03:32:36.000Z</time></trkpt>
      <trkpt lat="36.582273" lon="127.825360"><ele>488.4</ele><time>2023-10-08T03:32:45.000Z</time></trkpt>
      <trkpt lat="36.582317" lon="127.825369"><ele>488.3</ele><time>2023-10-08T03:32:45.000Z</time></trkpt>
      <trkpt lat="36.582362" lon="127.825370"><ele>488.3</ele><time>2023-10-08T03:32:56.000Z</time></trkpt>
      <trkpt lat="36.582407" lon="127.825367"><ele>488.6</ele><time>2023-10-08T03:32:56.000Z</time></trkpt>
      <trkpt lat="36.582451" lon="127.825361"><ele>489.1</ele><time>2023-10-08T03:33:05.000Z</time></trkpt>
      <trkpt lat="36.582494" lon="127.825344"><ele>489.3</ele><time>2023-10-08T03:33:05.000Z</time></trkpt>
      <trkpt lat="36.582535" lon="127.825322"><ele>489.5</ele><time>2023-10-08T03:33:18.000Z</time></trkpt>
      <trkpt lat="36.582577" lon="127.825301"><ele>489.6</ele><time>2023-10-08T03:33:18.000Z</time></trkpt>
      <trkpt lat="36.582620" lon="127.825284"><ele>489.5</ele><time>2023-10-08T03:33:18.000Z</time></trkpt>
      <trkpt lat="36.582663" lon="127.825267"><ele>489.5</ele><time>2023-10-08T03:33:34.000Z</time></trkpt>
      <trkpt lat="36.582705" lon="127.825251"><ele>489.4</ele><time>2023-10-08T03:33:34.000Z</time></trkpt>
      <trkpt lat="36.582746" lon="127.825228"><ele>488.8</ele><time>2023-10-08T03:33:41.000Z</time></trkpt>
      <trkpt lat="36.582788" lon="127.825206"><ele>488.0</ele><time>2023-10-08T03:33:41.000Z</time></trkpt>
      <trkpt lat="36.582832" lon="127.825197"><ele>486.6</ele><time>2023-10-08T03:33:55.000Z</time></trkpt>
      <trkpt lat="36.582874" lon="127.825183"><ele>485.2</ele><time>2023-10-08T03:33:55.000Z</time></trkpt>
      <trkpt lat="36.582900" lon="127.825138"><ele>483.7</ele><time>2023-10-08T03:34:07.000Z</time></trkpt>
      <trkpt lat="36.582924" lon="127.825091"><ele>482.2</ele><time>2023-10-08T03:34:07.000Z</time></trkpt>
      <trkpt lat="36.582929" lon="127.825035"><ele>480.9</ele><time>2023-10-08T03:34:07.000Z</time></trkpt>
      <trkpt lat="36.582934" lon="127.824980"><ele>479.6</ele><time>2023-10-08T03:34:31.000Z</time></trkpt>
      <trkpt lat="36.582967" lon="127.824961"><ele>478.1</ele><time>2023-10-08T03:34:31.000Z</time></trkpt>
      <trkpt lat="36.583012" lon="127.824960"><ele>476.4</ele><time>2023-10-08T03:34:36.000Z</time></trkpt>
      <trkpt lat="36.583056" lon="127.824951"><ele>474.7</ele><time>2023-10-08T03:34:36.000Z</time></trkpt>
      <trkpt lat="36.583100" lon="127.824939"><ele>472.9</ele><time>2023-10-08T03:34:43.000Z</time></trkpt>
      <trkpt lat="36.583129" lon="127.824900"><ele>471.7</ele><time>2023-10-08T03:34:43.000Z</time></trkpt>
      <trkpt lat="36.583155" lon="127.824854"><ele>470.6</ele><time>2023-10-08T03:35:03.000Z</time></trkpt>
      <trkpt lat="36.583198" lon="127.824846"><ele>469.2</ele><time>2023-10-08T03:35:12.000Z</time></trkpt>
      <trkpt lat="36.583242" lon="127.824840"><ele>467.9</ele><time>2023-10-08T03:35:12.000Z</time></trkpt>
      <trkpt lat="36.583283" lon="127.824817"><ele>466.5</ele><time>2023-10-08T03:35:23.000Z</time></trkpt>
      <trkpt lat="36.583322" lon="127.824828"><ele>465.4</ele><time>2023-10-08T03:35:23.000Z</time></trkpt>
      <trkpt lat="36.583360" lon="127.824858"><ele>464.6</ele><time>2023-10-08T03:35:50.000Z</time></trkpt>
      <trkpt lat="36.583402" lon="127.824880"><ele>464.2</ele><time>2023-10-08T03:35:50.000Z</time></trkpt>
      <trkpt lat="36.583443" lon="127.824902"><ele>463.9</ele><time>2023-10-08T03:36:05.000Z</time></trkpt>
      <trkpt lat="36.583483" lon="127.824928"><ele>463.6</ele><time>2023-10-08T03:36:05.000Z</time></trkpt>
      <trkpt lat="36.583522" lon="127.824955"><ele>463.3</ele><time>2023-10-08T03:36:18.000Z</time></trkpt>
      <trkpt lat="36.583564" lon="127.824973"><ele>462.9</ele><time>2023-10-08T03:36:18.000Z</time></trkpt>
      <trkpt lat="36.583608" lon="127.824987"><ele>462.4</ele><time>2023-10-08T03:36:25.000Z</time></trkpt>
      <trkpt lat="36.583643" lon="127.825022"><ele>462.0</ele><time>2023-10-08T03:36:38.000Z</time></trkpt>
      <trkpt lat="36.583678" lon="127.825058"><ele>461.6</ele><time>2023-10-08T03:36:38.000Z</time></trkpt>
      <trkpt lat="36.583711" lon="127.825095"><ele>461.1</ele><time>2023-10-08T03:36:46.000Z</time></trkpt>
      <trkpt lat="36.583741" lon="127.825136"><ele>460.6</ele><time>2023-10-08T03:36:46.000Z</time></trkpt>
      <trkpt lat="36.583762" lon="127.825186"><ele>459.9</ele><time>2023-10-08T03:36:59.000Z</time></trkpt>
      <trkpt lat="36.583784" lon="127.825234"><ele>459.3</ele><time>2023-10-08T03:36:59.000Z</time></trkpt>
      <trkpt lat="36.583810" lon="127.825280"><ele>458.8</ele><time>2023-10-08T03:36:59.000Z</time></trkpt>
      <trkpt lat="36.583835" lon="127.825326"><ele>458.2</ele><time>2023-10-08T03:37:07.000Z</time></trkpt>
      <trkpt lat="36.583858" lon="127.825375"><ele>457.7</ele><time>2023-10-08T03:37:07.000Z</time></trkpt>
      <trkpt lat="36.583877" lon="127.825425"><ele>457.2</ele><time>2023-10-08T03:37:20.000Z</time></trkpt>
      <trkpt lat="36.583897" lon="127.825475"><ele>456.7</ele><time>2023-10-08T03:37:20.000Z</time></trkpt>
      <trkpt lat="36.583919" lon="127.825524"><ele>456.2</ele><time>2023-10-08T03:37:26.000Z</time></trkpt>
      <trkpt lat="36.583941" lon="127.825573"><ele>455.7</ele><time>2023-10-08T03:37:26.000Z</time></trkpt>
      <trkpt lat="36.583970" lon="127.825616"><ele>455.2</ele><time>2023-10-08T03:37:26.000Z</time></trkpt>
      <trkpt lat="36.583999" lon="127.825659"><ele>454.7</ele><time>2023-10-08T03:37:41.000Z</time></trkpt>
      <trkpt lat="36.584029" lon="127.825701"><ele>454.2</ele><time>2023-10-08T03:37:41.000Z</time></trkpt>
      <trkpt lat="36.584054" lon="127.825747"><ele>453.5</ele><time>2023-10-08T03:37:47.000Z</time></trkpt>
      <trkpt lat="36.584079" lon="127.825793"><ele>452.7</ele><time>2023-10-08T03:37:47.000Z</time></trkpt>
      <trkpt lat="36.584101" lon="127.825843"><ele>451.8</ele><time>2023-10-08T03:38:00.000Z</time></trkpt>
      <trkpt lat="36.584120" lon="127.825893"><ele>450.9</ele><time>2023-10-08T03:38:00.000Z</time></trkpt>
      <trkpt lat="36.584119" lon="127.825949"><ele>449.8</ele><time>2023-10-08T03:38:08.000Z</time></trkpt>
      <trkpt lat="36.584119" lon="127.826004"><ele>448.9</ele><time>2023-10-08T03:38:08.000Z</time></trkpt>
      <trkpt lat="36.584127" lon="127.826060"><ele>448.1</ele><time>2023-10-08T03:38:08.000Z</time></trkpt>
      <trkpt lat="36.584134" lon="127.826115"><ele>447.4</ele><time>2023-10-08T03:38:22.000Z</time></trkpt>
      <trkpt lat="36.584144" lon="127.826170"><ele>446.6</ele><time>2023-10-08T03:38:22.000Z</time></trkpt>
      <trkpt lat="36.584155" lon="127.826224"><ele>445.7</ele><time>2023-10-08T03:38:28.000Z</time></trkpt>
      <trkpt lat="36.584183" lon="127.826267"><ele>445.0</ele><time>2023-10-08T03:38:28.000Z</time></trkpt>
      <trkpt lat="36.584212" lon="127.826310"><ele>444.3</ele><time>2023-10-08T03:38:42.000Z</time></trkpt>
      <trkpt lat="36.584244" lon="127.826348"><ele>443.7</ele><time>2023-10-08T03:38:42.000Z</time></trkpt>
      <trkpt lat="36.584280" lon="127.826382"><ele>443.0</ele><time>2023-10-08T03:38:48.000Z</time></trkpt>
      <trkpt lat="36.584318" lon="127.826412"><ele>442.4</ele><time>2023-10-08T03:38:48.000Z</time></trkpt>
      <trkpt lat="36.584361" lon="127.826429"><ele>441.6</ele><time>2023-10-08T03:38:58.000Z</time></trkpt>
      <trkpt lat="36.584402" lon="127.826449"><ele>440.8</ele><time>2023-10-08T03:38:58.000Z</time></trkpt>
      <trkpt lat="36.584443" lon="127.826474"><ele>440.0</ele><time>2023-10-08T03:39:07.000Z</time></trkpt>
      <trkpt lat="36.584484" lon="127.826497"><ele>439.4</ele><time>2023-10-08T03:39:07.000Z</time></trkpt>
      <trkpt lat="36.584525" lon="127.826520"><ele>438.8</ele><time>2023-10-08T03:39:18.000Z</time></trkpt>
      <trkpt lat="36.584567" lon="127.826538"><ele>438.2</ele><time>2023-10-08T03:39:18.000Z</time></trkpt>
      <trkpt lat="36.584610" lon="127.826554"><ele>437.6</ele><time>2023-10-08T03:39:26.000Z</time></trkpt>
      <trkpt lat="36.584653" lon="127.826569"><ele>437.0</ele><time>2023-10-08T03:39:30.000Z</time></trkpt>
      <trkpt lat="36.584697" lon="127.826584"><ele>436.4</ele><time>2023-10-08T03:39:30.000Z</time></trkpt>
      <trkpt lat="36.584741" lon="127.826595"><ele>435.8</ele><time>2023-10-08T03:39:39.000Z</time></trkpt>
      <trkpt lat="36.584784" lon="127.826612"><ele>435.2</ele><time>2023-10-08T03:39:39.000Z</time></trkpt>
      <trkpt lat="36.584826" lon="127.826631"><ele>434.6</ele><time>2023-10-08T03:39:48.000Z</time></trkpt>
      <trkpt lat="36.584870" lon="127.826641"><ele>433.8</ele><time>2023-10-08T03:39:59.000Z</time></trkpt>
      <trkpt lat="36.584912" lon="127.826658"><ele>433.0</ele><time>2023-10-08T03:39:59.000Z</time></trkpt>
      <trkpt lat="36.584948" lon="127.826692"><ele>432.5</ele><time>2023-10-08T03:40:08.000Z</time></trkpt>
      <trkpt lat="36.584983" lon="127.826726"><ele>432.0</ele><time>2023-10-08T03:40:08.000Z</time></trkpt>
      <trkpt lat="36.585022" lon="127.826754"><ele>431.2</ele><time>2023-10-08T03:40:16.000Z</time></trkpt>
      <trkpt lat="36.585062" lon="127.826781"><ele>430.4</ele><time>2023-10-08T03:40:16.000Z</time></trkpt>
      <trkpt lat="36.585102" lon="127.826806"><ele>429.5</ele><time>2023-10-08T03:40:24.000Z</time></trkpt>
      <trkpt lat="36.585140" lon="127.826836"><ele>428.6</ele><time>2023-10-08T03:40:24.000Z</time></trkpt>
      <trkpt lat="36.585176" lon="127.826869"><ele>427.8</ele><time>2023-10-08T03:40:32.000Z</time></trkpt>
      <trkpt lat="36.585205" lon="127.826909"><ele>427.0</ele><time>2023-10-08T03:40:32.000Z</time></trkpt>
      <trkpt lat="36.585222" lon="127.826961"><ele>426.4</ele><time>2023-10-08T03:40:49.000Z</time></trkpt>
      <trkpt lat="36.585242" lon="127.827010"><ele>425.7</ele><time>2023-10-08T03:40:49.000Z</time></trkpt>
      <trkpt lat="36.585279" lon="127.827041"><ele>424.8</ele><time>2023-10-08T03:41:10.000Z</time></trkpt>
      <trkpt lat="36.585317" lon="127.827072"><ele>424.0</ele><time>2023-10-08T03:41:10.000Z</time></trkpt>
      <trkpt lat="36.585353" lon="127.827105"><ele>422.8</ele><time>2023-10-08T03:41:10.000Z</time></trkpt>
      <trkpt lat="36.585389" lon="127.827139"><ele>421.6</ele><time>2023-10-08T03:41:20.000Z</time></trkpt>
      <trkpt lat="36.585430" lon="127.827161"><ele>420.9</ele><time>2023-10-08T03:41:20.000Z</time></trkpt>
      <trkpt lat="36.585472" lon="127.827182"><ele>420.3</ele><time>2023-10-08T03:41:31.000Z</time></trkpt>
      <trkpt lat="36.585511" lon="127.827209"><ele>419.6</ele><time>2023-10-08T03:41:31.000Z</time></trkpt>
      <trkpt lat="36.585549" lon="127.827239"><ele>418.8</ele><time>2023-10-08T03:41:47.000Z</time></trkpt>
      <trkpt lat="36.585587" lon="127.827270"><ele>418.1</ele><time>2023-10-08T03:41:47.000Z</time></trkpt>
      <trkpt lat="36.585625" lon="127.827300"><ele>416.8</ele><time>2023-10-08T03:41:54.000Z</time></trkpt>
      <trkpt lat="36.585660" lon="127.827333"><ele>415.5</ele><time>2023-10-08T03:41:54.000Z</time></trkpt>
      <trkpt lat="36.585692" lon="127.827373"><ele>414.7</ele><time>2023-10-08T03:42:12.000Z</time></trkpt>
      <trkpt lat="36.585723" lon="127.827413"><ele>413.8</ele><time>2023-10-08T03:42:12.000Z</time></trkpt>
      <trkpt lat="36.585765" lon="127.827425"><ele>413.0</ele><time>2023-10-08T03:42:12.000Z</time></trkpt>
      <trkpt lat="36.585810" lon="127.827428"><ele>412.1</ele><time>2023-10-08T03:42:20.000Z</time></trkpt>
      <trkpt lat="36.585854" lon="127.827437"><ele>411.6</ele><time>2023-10-08T03:42:20.000Z</time></trkpt>
      <trkpt lat="36.585898" lon="127.827447"><ele>411.1</ele><time>2023-10-08T03:42:32.000Z</time></trkpt>
      <trkpt lat="36.585939" lon="127.827466"><ele>410.6</ele><time>2023-10-08T03:42:32.000Z</time></trkpt>
      <trkpt lat="36.585974" lon="127.827501"><ele>410.2</ele><time>2023-10-08T03:42:53.000Z</time></trkpt>
      <trkpt lat="36.586012" lon="127.827528"><ele>409.7</ele><time>2023-10-08T03:42:53.000Z</time></trkpt>
      <trkpt lat="36.586056" lon="127.827525"><ele>409.4</ele><time>2023-10-08T03:42:53.000Z</time></trkpt>
      <trkpt lat="36.586101" lon="127.827521"><ele>409.1</ele><time>2023-10-08T03:43:04.000Z</time></trkpt>
      <trkpt lat="36.586142" lon="127.827502"><ele>408.8</ele><time>2023-10-08T03:43:04.000Z</time></trkpt>
      <trkpt lat="36.586180" lon="127.827472"><ele>408.6</ele><time>2023-10-08T03:43:15.000Z</time></trkpt>
      <trkpt lat="36.586221" lon="127.827452"><ele>408.2</ele><time>2023-10-08T03:43:15.000Z</time></trkpt>
      <trkpt lat="36.586265" lon="127.827444"><ele>407.9</ele><time>2023-10-08T03:43:29.000Z</time></trkpt>
      <trkpt lat="36.586302" lon="127.827472"><ele>407.4</ele><time>2023-10-08T03:43:29.000Z</time></trkpt>
      <trkpt lat="36.586338" lon="127.827506"><ele>406.9</ele><time>2023-10-08T03:43:36.000Z</time></trkpt>
      <trkpt lat="36.586376" lon="127.827535"><ele>406.7</ele><time>2023-10-08T03:43:36.000Z</time></trkpt>
      <trkpt lat="36.586415" lon="127.827563"><ele>406.6</ele><time>2023-10-08T03:43:50.000Z</time></trkpt>
      <trkpt lat="36.586454" lon="127.827592"><ele>406.4</ele><time>2023-10-08T03:43:50.000Z</time></trkpt>
      <trkpt lat="36.586492" lon="127.827621"><ele>406.2</ele><time>2023-10-08T03:43:56.000Z</time></trkpt>
      <trkpt lat="36.586530" lon="127.827650"><ele>405.9</ele><time>2023-10-08T03:43:56.000Z</time></trkpt>
      <trkpt lat="36.586568" lon="127.827681"><ele>405.4</ele><time>2023-10-08T03:44:11.000Z</time></trkpt>
      <trkpt lat="36.586607" lon="127.827709"><ele>405.0</ele><time>2023-10-08T03:44:11.000Z</time></trkpt>
      <trkpt lat="36.586647" lon="127.827735"><ele>404.7</ele><time>2023-10-08T03:44:17.000Z</time></trkpt>
      <trkpt lat="36.586686" lon="127.827763"><ele>404.3</ele><time>2023-10-08T03:44:17.000Z</time></trkpt>
      <trkpt lat="36.586721" lon="127.827797"><ele>403.9</ele><time>2023-10-08T03:44:30.000Z</time></trkpt>
      <trkpt lat="36.586757" lon="127.827832"><ele>403.4</ele><time>2023-10-08T03:44:30.000Z</time></trkpt>
      <trkpt lat="36.586782" lon="127.827878"><ele>402.8</ele><time>2023-10-08T03:44:30.000Z</time></trkpt>
      <trkpt lat="36.586807" lon="127.827924"><ele>402.2</ele><time>2023-10-08T03:44:38.000Z</time></trkpt>
      <trkpt lat="36.586832" lon="127.827971"><ele>401.6</ele><time>2023-10-08T03:44:38.000Z</time></trkpt>
      <trkpt lat="36.586857" lon="127.828017"><ele>400.9</ele><time>2023-10-08T03:44:52.000Z</time></trkpt>
      <trkpt lat="36.586881" lon="127.828064"><ele>400.3</ele><time>2023-10-08T03:44:52.000Z</time></trkpt>
      <trkpt lat="36.586901" lon="127.828115"><ele>400.0</ele><time>2023-10-08T03:44:59.000Z</time></trkpt>
      <trkpt lat="36.586918" lon="127.828166"><ele>399.7</ele><time>2023-10-08T03:44:59.000Z</time></trkpt>
      <trkpt lat="36.586930" lon="127.828220"><ele>399.5</ele><time>2023-10-08T03:45:12.000Z</time></trkpt>
      <trkpt lat="36.586942" lon="127.828274"><ele>399.3</ele><time>2023-10-08T03:45:12.000Z</time></trkpt>
      <trkpt lat="36.586969" lon="127.828317"><ele>399.0</ele><time>2023-10-08T03:45:12.000Z</time></trkpt>
      <trkpt lat="36.587001" lon="127.828356"><ele>398.7</ele><time>2023-10-08T03:45:20.000Z</time></trkpt>
      <trkpt lat="36.587034" lon="127.828395"><ele>398.3</ele><time>2023-10-08T03:45:20.000Z</time></trkpt>
      <trkpt lat="36.587066" lon="127.828434"><ele>397.8</ele><time>2023-10-08T03:45:28.000Z</time></trkpt>
      <trkpt lat="36.587095" lon="127.828476"><ele>397.1</ele><time>2023-10-08T03:45:28.000Z</time></trkpt>
      <trkpt lat="36.587123" lon="127.828520"><ele>396.4</ele><time>2023-10-08T03:45:37.000Z</time></trkpt>
      <trkpt lat="36.587161" lon="127.828548"><ele>395.4</ele><time>2023-10-08T03:45:37.000Z</time></trkpt>
      <trkpt lat="36.587202" lon="127.828569"><ele>394.3</ele><time>2023-10-08T03:45:48.000Z</time></trkpt>
      <trkpt lat="36.587243" lon="127.828593"><ele>393.1</ele><time>2023-10-08T03:45:48.000Z</time></trkpt>
      <trkpt lat="36.587282" lon="127.828621"><ele>391.9</ele><time>2023-10-08T03:46:00.000Z</time></trkpt>
      <trkpt lat="36.587289" lon="127.828664"><ele>390.8</ele><time>2023-10-08T03:46:00.000Z</time></trkpt>
      <trkpt lat="36.587276" lon="127.828718"><ele>389.7</ele><time>2023-10-08T03:46:21.000Z</time></trkpt>
      <trkpt lat="36.587290" lon="127.828753"><ele>388.8</ele><time>2023-10-08T03:46:21.000Z</time></trkpt>
      <trkpt lat="36.587333" lon="127.828767"><ele>387.9</ele><time>2023-10-08T03:46:33.000Z</time></trkpt>
      <trkpt lat="36.587375" lon="127.828785"><ele>387.0</ele><time>2023-10-08T03:46:33.000Z</time></trkpt>
      <trkpt lat="36.587415" lon="127.828811"><ele>386.3</ele><time>2023-10-08T03:46:42.000Z</time></trkpt>
      <trkpt lat="36.587451" lon="127.828843"><ele>385.7</ele><time>2023-10-08T03:46:42.000Z</time></trkpt>
      <trkpt lat="36.587481" lon="127.828885"><ele>385.3</ele><time>2023-10-08T03:46:59.000Z</time></trkpt>
      <trkpt lat="36.587514" lon="127.828922"><ele>385.0</ele><time>2023-10-08T03:46:59.000Z</time></trkpt>
      <trkpt lat="36.587556" lon="127.828941"><ele>385.1</ele><time>2023-10-08T03:47:10.000Z</time></trkpt>
      <trkpt lat="36.587598" lon="127.828959"><ele>385.2</ele><time>2023-10-08T03:47:10.000Z</time></trkpt>
      <trkpt lat="36.587643" lon="127.828964"><ele>385.3</ele><time>2023-10-08T03:47:18.000Z</time></trkpt>
      <trkpt lat="36.587672" lon="127.828990"><ele>385.5</ele><time>2023-10-08T03:47:18.000Z</time></trkpt>
      <trkpt lat="36.587681" lon="127.829045"><ele>385.7</ele><time>2023-10-08T03:47:35.000Z</time></trkpt>
      <trkpt lat="36.587698" lon="127.829093"><ele>385.8</ele><time>2023-10-08T03:47:35.000Z</time></trkpt>
      <trkpt lat="36.587733" lon="127.829128"><ele>385.9</ele><time>2023-10-08T03:47:42.000Z</time></trkpt>
      <trkpt lat="36.587769" lon="127.829162"><ele>386.0</ele><time>2023-10-08T03:47:42.000Z</time></trkpt>
      <trkpt lat="36.587810" lon="127.829185"><ele>385.9</ele><time>2023-10-08T03:48:00.000Z</time></trkpt>
      <trkpt lat="36.587851" lon="127.829206"><ele>385.8</ele><time>2023-10-08T03:48:00.000Z</time></trkpt>
      <trkpt lat="36.587888" lon="127.829174"><ele>385.0</ele><time>2023-10-08T03:48:09.000Z</time></trkpt>
      <trkpt lat="36.587928" lon="127.829156"><ele>384.4</ele><time>2023-10-08T03:48:09.000Z</time></trkpt>
      <trkpt lat="36.587973" lon="127.829159"><ele>383.9</ele><time>2023-10-08T03:48:21.000Z</time></trkpt>
      <trkpt lat="36.588018" lon="127.829161"><ele>383.4</ele><time>2023-10-08T03:48:21.000Z</time></trkpt>
      <trkpt lat="36.588062" lon="127.829170"><ele>382.6</ele><time>2023-10-08T03:48:29.000Z</time></trkpt>
      <trkpt lat="36.588106" lon="127.829179"><ele>381.8</ele><time>2023-10-08T03:48:29.000Z</time></trkpt>
      <trkpt lat="36.588150" lon="127.829192"><ele>380.9</ele><time>2023-10-08T03:48:38.000Z</time></trkpt>
      <trkpt lat="36.588188" lon="127.829218"><ele>380.2</ele><time>2023-10-08T03:48:38.000Z</time></trkpt>
      <trkpt lat="36.588218" lon="127.829259"><ele>379.6</ele><time>2023-10-08T03:48:45.000Z</time></trkpt>
      <trkpt lat="36.588248" lon="127.829300"><ele>379.0</ele><time>2023-10-08T03:48:45.000Z</time></trkpt>
      <trkpt lat="36.588277" lon="127.829344"><ele>378.6</ele><time>2023-10-08T03:48:45.000Z</time></trkpt>
      <trkpt lat="36.588305" lon="127.829388"><ele>378.1</ele><time>2023-10-08T03:48:58.000Z</time></trkpt>
      <trkpt lat="36.588337" lon="127.829424"><ele>377.7</ele><time>2023-10-08T03:48:58.000Z</time></trkpt>
      <trkpt lat="36.588381" lon="127.829437"><ele>377.3</ele><time>2023-10-08T03:48:58.000Z</time></trkpt>
      <trkpt lat="36.588424" lon="127.829450"><ele>376.9</ele><time>2023-10-08T03:49:05.000Z</time></trkpt>
      <trkpt lat="36.588468" lon="127.829461"><ele>376.4</ele><time>2023-10-08T03:49:05.000Z</time></trkpt>
      <trkpt lat="36.588513" lon="127.829466"><ele>375.7</ele><time>2023-10-08T03:49:14.000Z</time></trkpt>
      <trkpt lat="36.588557" lon="127.829475"><ele>375.1</ele><time>2023-10-08T03:49:14.000Z</time></trkpt>
      <trkpt lat="36.588601" lon="127.829487"><ele>374.5</ele><time>2023-10-08T03:49:22.000Z</time></trkpt>
      <trkpt lat="36.588645" lon="127.829500"><ele>373.9</ele><time>2023-10-08T03:49:22.000Z</time></trkpt>
      <trkpt lat="36.588688" lon="127.829517"><ele>373.3</ele><time>2023-10-08T03:49:25.000Z</time></trkpt>
      <trkpt lat="36.588731" lon="127.829534"><ele>372.8</ele><time>2023-10-08T03:49:25.000Z</time></trkpt>
      <trkpt lat="36.588776" lon="127.829533"><ele>372.4</ele><time>2023-10-08T03:49:25.000Z</time></trkpt>
      <trkpt lat="36.588820" lon="127.829532"><ele>372.0</ele><time>2023-10-08T03:49:39.000Z</time></trkpt>
      <trkpt lat="36.588865" lon="127.829531"><ele>371.6</ele><time>2023-10-08T03:49:39.000Z</time></trkpt>
      <trkpt lat="36.588910" lon="127.829529"><ele>371.2</ele><time>2023-10-08T03:49:39.000Z</time></trkpt>
      <trkpt lat="36.588955" lon="127.829527"><ele>370.8</ele><time>2023-10-08T03:49:46.000Z</time></trkpt>
      <trkpt lat="36.589000" lon="127.829525"><ele>370.5</ele><time>2023-10-08T03:49:46.000Z</time></trkpt>
      <trkpt lat="36.589045" lon="127.829521"><ele>370.1</ele><time>2023-10-08T03:50:00.000Z</time></trkpt>
      <trkpt lat="36.589090" lon="127.829517"><ele>369.8</ele><time>2023-10-08T03:50:00.000Z</time></trkpt>
      <trkpt lat="36.589134" lon="127.829505"><ele>369.6</ele><time>2023-10-08T03:50:00.000Z</time></trkpt>
      <trkpt lat="36.589178" lon="127.829494"><ele>369.5</ele><time>2023-10-08T03:50:07.000Z</time></trkpt>
      <trkpt lat="36.589222" lon="127.829486"><ele>369.3</ele><time>2023-10-08T03:50:07.000Z</time></trkpt>
      <trkpt lat="36.589267" lon="127.829488"><ele>369.1</ele><time>2023-10-08T03:50:15.000Z</time></trkpt>
      <trkpt lat="36.589312" lon="127.829490"><ele>368.8</ele><time>2023-10-08T03:50:15.000Z</time></trkpt>
      <trkpt lat="36.589357" lon="127.829494"><ele>368.6</ele><time>2023-10-08T03:50:24.000Z</time></trkpt>
      <trkpt lat="36.589402" lon="127.829500"><ele>368.2</ele><time>2023-10-08T03:50:24.000Z</time></trkpt>
      <trkpt lat="36.589446" lon="127.829510"><ele>367.5</ele><time>2023-10-08T03:50:31.000Z</time></trkpt>
      <trkpt lat="36.589490" lon="127.829501"><ele>367.2</ele><time>2023-10-08T03:50:31.000Z</time></trkpt>
      <trkpt lat="36.589533" lon="127.829488"><ele>366.9</ele><time>2023-10-08T03:50:41.000Z</time></trkpt>
      <trkpt lat="36.589577" lon="127.829474"><ele>366.6</ele><time>2023-10-08T03:50:41.000Z</time></trkpt>
      <trkpt lat="36.589621" lon="127.829462"><ele>366.2</ele><time>2023-10-08T03:50:41.000Z</time></trkpt>
      <trkpt lat="36.589664" lon="127.829449"><ele>365.9</ele><time>2023-10-08T03:50:47.000Z</time></trkpt>
      <trkpt lat="36.589709" lon="127.829439"><ele>365.5</ele><time>2023-10-08T03:50:47.000Z</time></trkpt>
      <trkpt lat="36.589753" lon="127.829437"><ele>365.1</ele><time>2023-10-08T03:50:47.000Z</time></trkpt>
      <trkpt lat="36.589798" lon="127.829435"><ele>364.7</ele><time>2023-10-08T03:51:01.000Z</time></trkpt>
      <trkpt lat="36.589843" lon="127.829436"><ele>364.3</ele><time>2023-10-08T03:51:01.000Z</time></trkpt>
      <trkpt lat="36.589887" lon="127.829449"><ele>363.7</ele><time>2023-10-08T03:51:08.000Z</time></trkpt>
      <trkpt lat="36.589930" lon="127.829462"><ele>363.1</ele><time>2023-10-08T03:51:08.000Z</time></trkpt>
      <trkpt lat="36.589975" lon="127.829470"><ele>362.7</ele><time>2023-10-08T03:51:08.000Z</time></trkpt>
      <trkpt lat="36.590020" lon="127.829476"><ele>362.2</ele><time>2023-10-08T03:51:21.000Z</time></trkpt>
      <trkpt lat="36.590064" lon="127.829482"><ele>361.8</ele><time>2023-10-08T03:51:21.000Z</time></trkpt>
      <trkpt lat="36.590109" lon="127.829475"><ele>361.4</ele><time>2023-10-08T03:51:21.000Z</time></trkpt>
      <trkpt lat="36.590154" lon="127.829467"><ele>360.9</ele><time>2023-10-08T03:51:29.000Z</time></trkpt>
      <trkpt lat="36.590198" lon="127.829460"><ele>360.5</ele><time>2023-10-08T03:51:29.000Z</time></trkpt>
      <trkpt lat="36.590241" lon="127.829443"><ele>359.9</ele><time>2023-10-08T03:51:29.000Z</time></trkpt>
      <trkpt lat="36.590283" lon="127.829425"><ele>359.3</ele><time>2023-10-08T03:51:42.000Z</time></trkpt>
      <trkpt lat="36.590326" lon="127.829406"><ele>358.7</ele><time>2023-10-08T03:51:42.000Z</time></trkpt>
      <trkpt lat="36.590366" lon="127.829381"><ele>358.1</ele><time>2023-10-08T03:51:42.000Z</time></trkpt>
      <trkpt lat="36.590407" lon="127.829357"><ele>357.5</ele><time>2023-10-08T03:51:49.000Z</time></trkpt>
      <trkpt lat="36.590448" lon="127.829336"><ele>356.9</ele><time>2023-10-08T03:51:49.000Z</time></trkpt>
      <trkpt lat="36.590490" lon="127.829316"><ele>356.4</ele><time>2023-10-08T03:52:03.000Z</time></trkpt>
      <trkpt lat="36.590533" lon="127.829297"><ele>355.9</ele><time>2023-10-08T03:52:03.000Z</time></trkpt>
      <trkpt lat="36.590577" lon="127.829290"><ele>355.3</ele><time>2023-10-08T03:52:03.000Z</time></trkpt>
      <trkpt lat="36.590622" lon="127.829288"><ele>354.7</ele><time>2023-10-08T03:52:10.000Z</time></trkpt>
      <trkpt lat="36.590666" lon="127.829282"><ele>354.0</ele><time>2023-10-08T03:52:10.000Z</time></trkpt>
      <trkpt lat="36.590710" lon="127.829271"><ele>353.2</ele><time>2023-10-08T03:52:18.000Z</time></trkpt>
      <trkpt lat="36.590754" lon="127.829256"><ele>352.8</ele><time>2023-10-08T03:52:18.000Z</time></trkpt>
      <trkpt lat="36.590797" lon="127.829240"><ele>352.4</ele><time>2023-10-08T03:52:27.000Z</time></trkpt>
      <trkpt lat="36.590840" lon="127.829224"><ele>352.1</ele><time>2023-10-08T03:52:27.000Z</time></trkpt>
      <trkpt lat="36.590883" lon="127.829209"><ele>351.7</ele><time>2023-10-08T03:52:31.000Z</time></trkpt>
      <trkpt lat="36.590927" lon="127.829199"><ele>351.3</ele><time>2023-10-08T03:52:31.000Z</time></trkpt>
      <trkpt lat="36.590972" lon="127.829202"><ele>351.0</ele><time>2023-10-08T03:52:43.000Z</time></trkpt>
      <trkpt lat="36.591017" lon="127.829206"><ele>350.6</ele><time>2023-10-08T03:52:43.000Z</time></trkpt>
      <trkpt lat="36.591061" lon="127.829212"><ele>350.4</ele><time>2023-10-08T03:52:43.000Z</time></trkpt>
      <trkpt lat="36.591106" lon="127.829220"><ele>350.2</ele><time>2023-10-08T03:52:50.000Z</time></trkpt>
      <trkpt lat="36.591150" lon="127.829228"><ele>350.0</ele><time>2023-10-08T03:52:50.000Z</time></trkpt>
      <trkpt lat="36.591190" lon="127.829253"><ele>349.8</ele><time>2023-10-08T03:52:50.000Z</time></trkpt>
      <trkpt lat="36.591231" lon="127.829278"><ele>349.7</ele><time>2023-10-08T03:53:03.000Z</time></trkpt>
      <trkpt lat="36.591270" lon="127.829305"><ele>349.6</ele><time>2023-10-08T03:53:03.000Z</time></trkpt>
      <trkpt lat="36.591307" lon="127.829336"><ele>349.5</ele><time>2023-10-08T03:53:03.000Z</time></trkpt>
      <trkpt lat="36.591345" lon="127.829367"><ele>349.4</ele><time>2023-10-08T03:53:10.000Z</time></trkpt>
      <trkpt lat="36.591381" lon="127.829400"><ele>349.4</ele><time>2023-10-08T03:53:10.000Z</time></trkpt>
      <trkpt lat="36.591413" lon="127.829439"><ele>349.4</ele><time>2023-10-08T03:53:20.000Z</time></trkpt>
      <trkpt lat="36.591445" lon="127.829478"><ele>349.5</ele><time>2023-10-08T03:53:20.000Z</time></trkpt>
      <trkpt lat="36.591476" lon="127.829519"><ele>349.6</ele><time>2023-10-08T03:53:29.000Z</time></trkpt>
      <trkpt lat="36.591509" lon="127.829558"><ele>349.6</ele><time>2023-10-08T03:53:29.000Z</time></trkpt>
      <trkpt lat="36.591541" lon="127.829596"><ele>349.6</ele><time>2023-10-08T03:53:37.000Z</time></trkpt>
      <trkpt lat="36.591582" lon="127.829619"><ele>349.5</ele><time>2023-10-08T03:53:37.000Z</time></trkpt>
      <trkpt lat="36.591624" lon="127.829640"><ele>349.4</ele><time>2023-10-08T03:53:45.000Z</time></trkpt>
      <trkpt lat="36.591666" lon="127.829656"><ele>349.3</ele><time>2023-10-08T03:53:45.000Z</time></trkpt>
      <trkpt lat="36.591711" lon="127.829665"><ele>349.1</ele><time>2023-10-08T03:53:45.000Z</time></trkpt>
      <trkpt lat="36.591755" lon="127.829675"><ele>348.9</ele><time>2023-10-08T03:53:53.000Z</time></trkpt>
      <trkpt lat="36.591799" lon="127.829684"><ele>348.7</ele><time>2023-10-08T03:53:53.000Z</time></trkpt>
      <trkpt lat="36.591844" lon="127.829692"><ele>348.5</ele><time>2023-10-08T03:54:05.000Z</time></trkpt>
      <trkpt lat="36.591889" lon="127.829699"><ele>348.2</ele><time>2023-10-08T03:54:05.000Z</time></trkpt>
      <trkpt lat="36.591933" lon="127.829702"><ele>348.0</ele><time>2023-10-08T03:54:05.000Z</time></trkpt>
      <trkpt lat="36.591978" lon="127.829704"><ele>347.8</ele><time>2023-10-08T03:54:12.000Z</time></trkpt>
      <trkpt lat="36.592023" lon="127.829707"><ele>347.6</ele><time>2023-10-08T03:54:12.000Z</time></trkpt>
      <trkpt lat="36.592068" lon="127.829705"><ele>347.5</ele><time>2023-10-08T03:54:12.000Z</time></trkpt>
      <trkpt lat="36.592113" lon="127.829702"><ele>347.3</ele><time>2023-10-08T03:54:26.000Z</time></trkpt>
      <trkpt lat="36.592158" lon="127.829699"><ele>347.2</ele><time>2023-10-08T03:54:26.000Z</time></trkpt>
      <trkpt lat="36.592203" lon="127.829695"><ele>347.1</ele><time>2023-10-08T03:54:26.000Z</time></trkpt>
      <trkpt lat="36.592248" lon="127.829691"><ele>347.1</ele><time>2023-10-08T03:54:34.000Z</time></trkpt>
      <trkpt lat="36.592293" lon="127.829687"><ele>347.0</ele><time>2023-10-08T03:54:34.000Z</time></trkpt>
      <trkpt lat="36.592336" lon="127.829700"><ele>347.1</ele><time>2023-10-08T03:54:34.000Z</time></trkpt>
      <trkpt lat="36.592380" lon="127.829713"><ele>347.2</ele><time>2023-10-08T03:54:46.000Z</time></trkpt>
      <trkpt lat="36.592421" lon="127.829734"><ele>347.2</ele><time>2023-10-08T03:54:46.000Z</time></trkpt>
      <trkpt lat="36.592460" lon="127.829762"><ele>347.3</ele><time>2023-10-08T03:54:46.000Z</time></trkpt>
      <trkpt lat="36.592499" lon="127.829791"><ele>347.4</ele><time>2023-10-08T03:54:54.000Z</time></trkpt>
      <trkpt lat="36.592538" lon="127.829818"><ele>347.4</ele><time>2023-10-08T03:54:54.000Z</time></trkpt>
      <trkpt lat="36.592578" lon="127.829844"><ele>347.5</ele><time>2023-10-08T03:55:06.000Z</time></trkpt>
      <trkpt lat="36.592619" lon="127.829867"><ele>347.6</ele><time>2023-10-08T03:55:06.000Z</time></trkpt>
      <trkpt lat="36.592663" lon="127.829876"><ele>347.7</ele><time>2023-10-08T03:55:06.000Z</time></trkpt>
      <trkpt lat="36.592707" lon="127.829886"><ele>347.7</ele><time>2023-10-08T03:55:15.000Z</time></trkpt>
      <trkpt lat="36.592752" lon="127.829895"><ele>347.8</ele><time>2023-10-08T03:55:15.000Z</time></trkpt>
      <trkpt lat="36.592796" lon="127.829900"><ele>347.9</ele><time>2023-10-08T03:55:15.000Z</time></trkpt>
      <trkpt lat="36.592841" lon="127.829904"><ele>348.1</ele><time>2023-10-08T03:55:28.000Z</time></trkpt>
      <trkpt lat="36.592886" lon="127.829907"><ele>348.2</ele><time>2023-10-08T03:55:28.000Z</time></trkpt>
      <trkpt lat="36.592931" lon="127.829903"><ele>348.3</ele><time>2023-10-08T03:55:35.000Z</time></trkpt>
      <trkpt lat="36.592976" lon="127.829903"><ele>348.4</ele><time>2023-10-08T03:55:35.000Z</time></trkpt>
      <trkpt lat="36.593020" lon="127.829911"><ele>348.4</ele><time>2023-10-08T03:55:43.000Z</time></trkpt>
      <trkpt lat="36.593065" lon="127.829917"><ele>348.4</ele><time>2023-10-08T03:55:43.000Z</time></trkpt>
      <trkpt lat="36.593110" lon="127.829915"><ele>348.4</ele><time>2023-10-08T03:55:43.000Z</time></trkpt>
      <trkpt lat="36.593154" lon="127.829913"><ele>348.4</ele><time>2023-10-08T03:55:53.000Z</time></trkpt>
      <trkpt lat="36.593199" lon="127.829907"><ele>348.3</ele><time>2023-10-08T03:55:53.000Z</time></trkpt>
      <trkpt lat="36.593243" lon="127.829898"><ele>348.2</ele><time>2023-10-08T03:55:56.000Z</time></trkpt>
      <trkpt lat="36.593286" lon="127.829879"><ele>348.0</ele><time>2023-10-08T03:55:56.000Z</time></trkpt>
      <trkpt lat="36.593328" lon="127.829859"><ele>347.9</ele><time>2023-10-08T03:56:09.000Z</time></trkpt>
      <trkpt lat="36.593371" lon="127.829843"><ele>347.7</ele><time>2023-10-08T03:56:09.000Z</time></trkpt>
      <trkpt lat="36.593415" lon="127.829830"><ele>347.6</ele><time>2023-10-08T03:56:16.000Z</time></trkpt>
      <trkpt lat="36.593458" lon="127.829817"><ele>347.4</ele><time>2023-10-08T03:56:16.000Z</time></trkpt>
      <trkpt lat="36.593502" lon="127.829802"><ele>347.2</ele><time>2023-10-08T03:56:16.000Z</time></trkpt>
      <trkpt lat="36.593545" lon="127.829786"><ele>347.0</ele><time>2023-10-08T03:56:25.000Z</time></trkpt>
      <trkpt lat="36.593588" lon="127.829771"><ele>346.7</ele><time>2023-10-08T03:56:25.000Z</time></trkpt>
      <trkpt lat="36.593631" lon="127.829756"><ele>346.5</ele><time>2023-10-08T03:56:34.000Z</time></trkpt>
      <trkpt lat="36.593675" lon="127.829741"><ele>346.2</ele><time>2023-10-08T03:56:34.000Z</time></trkpt>
      <trkpt lat="36.593718" lon="127.829727"><ele>345.9</ele><time>2023-10-08T03:56:41.000Z</time></trkpt>
      <trkpt lat="36.593761" lon="127.829709"><ele>345.6</ele><time>2023-10-08T03:56:41.000Z</time></trkpt>
      <trkpt lat="36.593802" lon="127.829688"><ele>345.2</ele><time>2023-10-08T03:56:50.000Z</time></trkpt>
      <trkpt lat="36.593845" lon="127.829670"><ele>344.9</ele><time>2023-10-08T03:56:50.000Z</time></trkpt>
      <trkpt lat="36.593889" lon="127.829658"><ele>344.6</ele><time>2023-10-08T03:56:50.000Z</time></trkpt>
      <trkpt lat="36.593933" lon="127.829646"><ele>344.2</ele><time>2023-10-08T03:56:57.000Z</time></trkpt>
      <trkpt lat="36.593977" lon="127.829638"><ele>343.9</ele><time>2023-10-08T03:56:57.000Z</time></trkpt>
      <trkpt lat="36.594022" lon="127.829635"><ele>343.5</ele><time>2023-10-08T03:57:11.000Z</time></trkpt>
      <trkpt lat="36.594067" lon="127.829633"><ele>343.1</ele><time>2023-10-08T03:57:11.000Z</time></trkpt>
      <trkpt lat="36.594112" lon="127.829635"><ele>342.7</ele><time>2023-10-08T03:57:11.000Z</time></trkpt>
      <trkpt lat="36.594156" lon="127.829640"><ele>342.3</ele><time>2023-10-08T03:57:18.000Z</time></trkpt>
      <trkpt lat="36.594201" lon="127.829645"><ele>341.8</ele><time>2023-10-08T03:57:18.000Z</time></trkpt>
      <trkpt lat="36.594246" lon="127.829648"><ele>341.5</ele><time>2023-10-08T03:57:18.000Z</time></trkpt>
      <trkpt lat="36.594291" lon="127.829652"><ele>341.1</ele><time>2023-10-08T03:57:31.000Z</time></trkpt>
      <trkpt lat="36.594336" lon="127.829654"><ele>340.6</ele><time>2023-10-08T03:57:31.000Z</time></trkpt>
      <trkpt lat="36.594381" lon="127.829651"><ele>340.2</ele><time>2023-10-08T03:57:38.000Z</time></trkpt>
      <trkpt lat="36.594426" lon="127.829648"><ele>339.7</ele><time>2023-10-08T03:57:38.000Z</time></trkpt>
      <trkpt lat="36.594470" lon="127.829639"><ele>339.2</ele><time>2023-10-08T03:57:38.000Z</time></trkpt>
      <trkpt lat="36.594514" lon="127.829627"><ele>338.6</ele><time>2023-10-08T03:57:47.000Z</time></trkpt>
      <trkpt lat="36.594557" lon="127.829609"><ele>338.2</ele><time>2023-10-08T03:57:55.000Z</time></trkpt>
      <trkpt lat="36.594599" lon="127.829592"><ele>337.8</ele><time>2023-10-08T03:57:55.000Z</time></trkpt>
      <trkpt lat="36.594643" lon="127.829579"><ele>337.5</ele><time>2023-10-08T03:57:58.000Z</time></trkpt>
      <trkpt lat="36.594687" lon="127.829572"><ele>337.2</ele><time>2023-10-08T03:57:58.000Z</time></trkpt>
      <trkpt lat="36.594730" lon="127.829589"><ele>337.0</ele><time>2023-10-08T03:58:11.000Z</time></trkpt>
      <trkpt lat="36.594772" lon="127.829606"><ele>336.8</ele><time>2023-10-08T03:58:11.000Z</time></trkpt>
      <trkpt lat="36.594813" lon="127.829631"><ele>336.5</ele><time>2023-10-08T03:58:17.000Z</time></trkpt>
      <trkpt lat="36.594855" lon="127.829650"><ele>336.3</ele><time>2023-10-08T03:58:17.000Z</time></trkpt>
      <trkpt lat="36.594899" lon="127.829661"><ele>335.9</ele><time>2023-10-08T03:58:20.000Z</time></trkpt>
      <trkpt lat="36.594944" lon="127.829664"><ele>335.6</ele><time>2023-10-08T03:58:20.000Z</time></trkpt>
      <trkpt lat="36.594988" lon="127.829663"><ele>335.3</ele><time>2023-10-08T03:58:33.000Z</time></trkpt>
      <trkpt lat="36.595033" lon="127.829662"><ele>335.0</ele><time>2023-10-08T03:58:33.000Z</time></trkpt>
      <trkpt lat="36.595078" lon="127.829655"><ele>334.7</ele><time>2023-10-08T03:58:33.000Z</time></trkpt>
      <trkpt lat="36.595122" lon="127.829647"><ele>334.3</ele><time>2023-10-08T03:58:40.000Z</time></trkpt>
      <trkpt lat="36.595167" lon="127.829639"><ele>333.9</ele><time>2023-10-08T03:58:40.000Z</time></trkpt>
      <trkpt lat="36.595212" lon="127.829634"><ele>333.3</ele><time>2023-10-08T03:58:49.000Z</time></trkpt>
      <trkpt lat="36.595255" lon="127.829620"><ele>332.7</ele><time>2023-10-08T03:58:49.000Z</time></trkpt>
      <trkpt lat="36.595296" lon="127.829599"><ele>332.1</ele><time>2023-10-08T03:58:58.000Z</time></trkpt>
      <trkpt lat="36.595337" lon="127.829575"><ele>331.4</ele><time>2023-10-08T03:58:58.000Z</time></trkpt>
      <trkpt lat="36.595373" lon="127.829542"><ele>330.5</ele><time>2023-10-08T03:59:01.000Z</time></trkpt>
      <trkpt lat="36.595413" lon="127.829517"><ele>329.9</ele><time>2023-10-08T03:59:01.000Z</time></trkpt>
      <trkpt lat="36.595455" lon="127.829497"><ele>329.3</ele><time>2023-10-08T03:59:13.000Z</time></trkpt>
      <trkpt lat="36.595497" lon="127.829478"><ele>328.8</ele><time>2023-10-08T03:59:13.000Z</time></trkpt>
      <trkpt lat="36.595540" lon="127.829459"><ele>328.4</ele><time>2023-10-08T03:59:21.000Z</time></trkpt>
      <trkpt lat="36.595582" lon="127.829441"><ele>328.1</ele><time>2023-10-08T03:59:21.000Z</time></trkpt>
      <trkpt lat="36.595626" lon="127.829430"><ele>327.7</ele><time>2023-10-08T03:59:21.000Z</time></trkpt>
      <trkpt lat="36.595671" lon="127.829422"><ele>327.4</ele><time>2023-10-08T03:59:30.000Z</time></trkpt>
      <trkpt lat="36.595715" lon="127.829432"><ele>327.3</ele><time>2023-10-08T03:59:30.000Z</time></trkpt>
      <trkpt lat="36.595759" lon="127.829442"><ele>327.2</ele><time>2023-10-08T03:59:39.000Z</time></trkpt>
      <trkpt lat="36.595804" lon="127.829446"><ele>326.9</ele><time>2023-10-08T03:59:39.000Z</time></trkpt>
      <trkpt lat="36.595849" lon="127.829449"><ele>326.5</ele><time>2023-10-08T03:59:47.000Z</time></trkpt>
      <trkpt lat="36.595893" lon="127.829443"><ele>326.4</ele><time>2023-10-08T03:59:47.000Z</time></trkpt>
      <trkpt lat="36.595938" lon="127.829433"><ele>326.4</ele><time>2023-10-08T03:59:55.000Z</time></trkpt>
      <trkpt lat="36.595981" lon="127.829418"><ele>326.4</ele><time>2023-10-08T03:59:55.000Z</time></trkpt>
      <trkpt lat="36.596022" lon="127.829396"><ele>326.3</ele><time>2023-10-08T04:00:02.000Z</time></trkpt>
      <trkpt lat="36.596063" lon="127.829374"><ele>326.2</ele><time>2023-10-08T04:00:02.000Z</time></trkpt>
      <trkpt lat="36.596103" lon="127.829348"><ele>325.9</ele><time>2023-10-08T04:00:02.000Z</time></trkpt>
      <trkpt lat="36.596143" lon="127.829322"><ele>325.6</ele><time>2023-10-08T04:00:11.000Z</time></trkpt>
      <trkpt lat="36.596186" lon="127.829307"><ele>325.4</ele><time>2023-10-08T04:00:11.000Z</time></trkpt>
      <trkpt lat="36.596230" lon="127.829293"><ele>325.3</ele><time>2023-10-08T04:00:20.000Z</time></trkpt>
      <trkpt lat="36.596273" lon="127.829281"><ele>325.3</ele><time>2023-10-08T04:00:20.000Z</time></trkpt>
      <trkpt lat="36.596318" lon="127.829272"><ele>325.5</ele><time>2023-10-08T04:00:22.000Z</time></trkpt>
      <trkpt lat="36.596363" lon="127.829269"><ele>325.5</ele><time>2023-10-08T04:00:22.000Z</time></trkpt>
      <trkpt lat="36.596408" lon="127.829268"><ele>325.3</ele><time>2023-10-08T04:00:36.000Z</time></trkpt>
      <trkpt lat="36.596453" lon="127.829266"><ele>325.2</ele><time>2023-10-08T04:00:36.000Z</time></trkpt>
      <trkpt lat="36.596497" lon="127.829260"><ele>325.1</ele><time>2023-10-08T04:00:43.000Z</time></trkpt>
      <trkpt lat="36.596541" lon="127.829250"><ele>325.0</ele><time>2023-10-08T04:00:43.000Z</time></trkpt>
      <trkpt lat="36.596582" lon="127.829227"><ele>325.0</ele><time>2023-10-08T04:00:43.000Z</time></trkpt>
      <trkpt lat="36.596623" lon="127.829204"><ele>325.0</ele><time>2023-10-08T04:00:52.000Z</time></trkpt>
      <trkpt lat="36.596661" lon="127.829173"><ele>325.0</ele><time>2023-10-08T04:00:52.000Z</time></trkpt>
      <trkpt lat="36.596697" lon="127.829140"><ele>325.0</ele><time>2023-10-08T04:01:01.000Z</time></trkpt>
      <trkpt lat="36.596734" lon="127.829109"><ele>325.0</ele><time>2023-10-08T04:01:01.000Z</time></trkpt>
      <trkpt lat="36.596773" lon="127.829081"><ele>325.0</ele><time>2023-10-08T04:01:08.000Z</time></trkpt>
      <trkpt lat="36.596812" lon="127.829053"><ele>325.0</ele><time>2023-10-08T04:01:08.000Z</time></trkpt>
      <trkpt lat="36.596850" lon="127.829023"><ele>324.9</ele><time>2023-10-08T04:01:16.000Z</time></trkpt>
      <trkpt lat="36.596888" lon="127.828994"><ele>324.8</ele><time>2023-10-08T04:01:16.000Z</time></trkpt>
      <trkpt lat="36.596930" lon="127.828972"><ele>324.7</ele><time>2023-10-08T04:01:16.000Z</time></trkpt>
      <trkpt lat="36.596971" lon="127.828950"><ele>324.7</ele><time>2023-10-08T04:01:23.000Z</time></trkpt>
      <trkpt lat="36.597013" lon="127.828931"><ele>324.6</ele><time>2023-10-08T04:01:23.000Z</time></trkpt>
      <trkpt lat="36.597057" lon="127.828919"><ele>324.5</ele><time>2023-10-08T04:01:33.000Z</time></trkpt>
      <trkpt lat="36.597101" lon="127.828909"><ele>324.4</ele><time>2023-10-08T04:01:33.000Z</time></trkpt>
      <trkpt lat="36.597146" lon="127.828903"><ele>324.3</ele><time>2023-10-08T04:01:33.000Z</time></trkpt>
      <trkpt lat="36.597191" lon="127.828896"><ele>324.2</ele><time>2023-10-08T04:01:42.000Z</time></trkpt>
      <trkpt lat="36.597236" lon="127.828892"><ele>324.1</ele><time>2023-10-08T04:01:42.000Z</time></trkpt>
      <trkpt lat="36.597280" lon="127.828889"><ele>323.8</ele><time>2023-10-08T04:01:44.000Z</time></trkpt>
      <trkpt lat="36.597325" lon="127.828884"><ele>323.7</ele><time>2023-10-08T04:01:44.000Z</time></trkpt>
      <trkpt lat="36.597370" lon="127.828879"><ele>323.6</ele><time>2023-10-08T04:01:58.000Z</time></trkpt>
      <trkpt lat="36.597415" lon="127.828872"><ele>323.6</ele><time>2023-10-08T04:01:58.000Z</time></trkpt>
      <trkpt lat="36.597459" lon="127.828863"><ele>323.5</ele><time>2023-10-08T04:02:04.000Z</time></trkpt>
      <trkpt lat="36.597503" lon="127.828853"><ele>323.4</ele><time>2023-10-08T04:02:04.000Z</time></trkpt>
      <trkpt lat="36.597545" lon="127.828833"><ele>323.3</ele><time>2023-10-08T04:02:04.000Z</time></trkpt>
      <trkpt lat="36.597587" lon="127.828812"><ele>323.2</ele><time>2023-10-08T04:02:13.000Z</time></trkpt>
      <trkpt lat="36.597627" lon="127.828788"><ele>323.1</ele><time>2023-10-08T04:02:19.000Z</time></trkpt>
      <trkpt lat="36.597668" lon="127.828764"><ele>323.0</ele><time>2023-10-08T04:02:19.000Z</time></trkpt>
      <trkpt lat="36.597709" lon="127.828741"><ele>323.0</ele><time>2023-10-08T04:02:19.000Z</time></trkpt>
      <trkpt lat="36.597750" lon="127.828717"><ele>323.0</ele><time>2023-10-08T04:02:26.000Z</time></trkpt>
      <trkpt lat="36.597791" lon="127.828695"><ele>323.0</ele><time>2023-10-08T04:02:26.000Z</time></trkpt>
      <trkpt lat="36.597833" lon="127.828675"><ele>322.9</ele><time>2023-10-08T04:02:39.000Z</time></trkpt>
      <trkpt lat="36.597875" lon="127.828655"><ele>322.8</ele><time>2023-10-08T04:02:39.000Z</time></trkpt>
      <trkpt lat="36.597918" lon="127.828639"><ele>322.7</ele><time>2023-10-08T04:02:39.000Z</time></trkpt>
      <trkpt lat="36.597961" lon="127.828624"><ele>322.6</ele><time>2023-10-08T04:02:46.000Z</time></trkpt>
      <trkpt lat="36.598005" lon="127.828610"><ele>322.4</ele><time>2023-10-08T04:02:46.000Z</time></trkpt>
      <trkpt lat="36.598049" lon="127.828607"><ele>322.3</ele><time>2023-10-08T04:02:46.000Z</time></trkpt>
      <trkpt lat="36.598094" lon="127.828613"><ele>322.2</ele><time>2023-10-08T04:02:59.000Z</time></trkpt>
      <trkpt lat="36.598138" lon="127.828618"><ele>322.0</ele><time>2023-10-08T04:02:59.000Z</time></trkpt>
      <trkpt lat="36.598183" lon="127.828626"><ele>321.9</ele><time>2023-10-08T04:02:59.000Z</time></trkpt>
      <trkpt lat="36.598227" lon="127.828635"><ele>321.7</ele><time>2023-10-08T04:03:06.000Z</time></trkpt>
      <trkpt lat="36.598272" lon="127.828643"><ele>321.6</ele><time>2023-10-08T04:03:06.000Z</time></trkpt>
      <trkpt lat="36.598317" lon="127.828646"><ele>321.4</ele><time>2023-10-08T04:03:06.000Z</time></trkpt>
      <trkpt lat="36.598362" lon="127.828649"><ele>321.2</ele><time>2023-10-08T04:03:20.000Z</time></trkpt>
      <trkpt lat="36.598407" lon="127.828651"><ele>321.0</ele><time>2023-10-08T04:03:20.000Z</time></trkpt>
      <trkpt lat="36.598451" lon="127.828654"><ele>320.9</ele><time>2023-10-08T04:03:20.000Z</time></trkpt>
      <trkpt lat="36.598496" lon="127.828656"><ele>320.7</ele><time>2023-10-08T04:03:27.000Z</time></trkpt>
      <trkpt lat="36.598541" lon="127.828659"><ele>320.6</ele><time>2023-10-08T04:03:27.000Z</time></trkpt>
      <trkpt lat="36.598586" lon="127.828656"><ele>320.5</ele><time>2023-10-08T04:03:27.000Z</time></trkpt>
      <trkpt lat="36.598631" lon="127.828654"><ele>320.5</ele><time>2023-10-08T04:03:41.000Z</time></trkpt>
      <trkpt lat="36.598676" lon="127.828651"><ele>320.4</ele><time>2023-10-08T04:03:41.000Z</time></trkpt>
      <trkpt lat="36.598721" lon="127.828644"><ele>320.3</ele><time>2023-10-08T04:03:41.000Z</time></trkpt>
      <trkpt lat="36.598765" lon="127.828637"><ele>320.3</ele><time>2023-10-08T04:03:48.000Z</time></trkpt>
      <trkpt lat="36.598809" lon="127.828627"><ele>320.2</ele><time>2023-10-08T04:03:48.000Z</time></trkpt>
      <trkpt lat="36.598852" lon="127.828609"><ele>320.0</ele><time>2023-10-08T04:03:48.000Z</time></trkpt>
      <trkpt lat="36.598895" lon="127.828591"><ele>319.9</ele><time>2023-10-08T04:04:01.000Z</time></trkpt>
      <trkpt lat="36.598936" lon="127.828569"><ele>319.8</ele><time>2023-10-08T04:04:01.000Z</time></trkpt>
      <trkpt lat="36.598973" lon="127.828537"><ele>319.7</ele><time>2023-10-08T04:04:01.000Z</time></trkpt>
      <trkpt lat="36.599010" lon="127.828505"><ele>319.6</ele><time>2023-10-08T04:04:09.000Z</time></trkpt>
      <trkpt lat="36.599046" lon="127.828473"><ele>319.6</ele><time>2023-10-08T04:04:09.000Z</time></trkpt>
      <trkpt lat="36.599082" lon="127.828439"><ele>319.5</ele><time>2023-10-08T04:04:22.000Z</time></trkpt>
      <trkpt lat="36.599117" lon="127.828404"><ele>319.4</ele><time>2023-10-08T04:04:22.000Z</time></trkpt>
      <trkpt lat="36.599152" lon="127.828369"><ele>319.3</ele><time>2023-10-08T04:04:22.000Z</time></trkpt>
      <trkpt lat="36.599187" lon="127.828333"><ele>319.2</ele><time>2023-10-08T04:04:28.000Z</time></trkpt>
      <trkpt lat="36.599223" lon="127.828300"><ele>319.1</ele><time>2023-10-08T04:04:28.000Z</time></trkpt>
      <trkpt lat="36.599260" lon="127.828268"><ele>319.0</ele><time>2023-10-08T04:04:42.000Z</time></trkpt>
      <trkpt lat="36.599297" lon="127.828237"><ele>318.8</ele><time>2023-10-08T04:04:42.000Z</time></trkpt>
      <trkpt lat="36.599339" lon="127.828215"><ele>318.7</ele><time>2023-10-08T04:04:42.000Z</time></trkpt>
      <trkpt lat="36.599380" lon="127.828195"><ele>318.6</ele><time>2023-10-08T04:04:49.000Z</time></trkpt>
      <trkpt lat="36.599423" lon="127.828176"><ele>318.6</ele><time>2023-10-08T04:04:49.000Z</time></trkpt>
      <trkpt lat="36.599466" lon="127.828160"><ele>318.5</ele><time>2023-10-08T04:04:49.000Z</time></trkpt>
      <trkpt lat="36.599509" lon="127.828144"><ele>318.4</ele><time>2023-10-08T04:05:03.000Z</time></trkpt>
      <trkpt lat="36.599552" lon="127.828128"><ele>318.4</ele><time>2023-10-08T04:05:03.000Z</time></trkpt>
      <trkpt lat="36.599595" lon="127.828111"><ele>318.3</ele><time>2023-10-08T04:05:10.000Z</time></trkpt>
      <trkpt lat="36.599638" lon="127.828095"><ele>318.2</ele><time>2023-10-08T04:05:10.000Z</time></trkpt>
      <trkpt lat="36.599681" lon="127.828080"><ele>318.0</ele><time>2023-10-08T04:05:18.000Z</time></trkpt>
      <trkpt lat="36.599725" lon="127.828065"><ele>318.0</ele><time>2023-10-08T04:05:18.000Z</time></trkpt>
      <trkpt lat="36.599768" lon="127.828050"><ele>318.0</ele><time>2023-10-08T04:05:27.000Z</time></trkpt>
      <trkpt lat="36.599811" lon="127.828034"><ele>318.0</ele><time>2023-10-08T04:05:27.000Z</time></trkpt>
      <trkpt lat="36.599853" lon="127.828015"><ele>318.1</ele><time>2023-10-08T04:05:31.000Z</time></trkpt>
      <trkpt lat="36.599895" lon="127.827995"><ele>318.1</ele><time>2023-10-08T04:05:31.000Z</time></trkpt>
      <trkpt lat="36.599937" lon="127.827976"><ele>318.0</ele><time>2023-10-08T04:05:44.000Z</time></trkpt>
      <trkpt lat="36.599979" lon="127.827956"><ele>317.8</ele><time>2023-10-08T04:05:44.000Z</time></trkpt>
      <trkpt lat="36.600018" lon="127.827927"><ele>317.6</ele><time>2023-10-08T04:05:51.000Z</time></trkpt>
      <trkpt lat="36.600057" lon="127.827898"><ele>317.4</ele><time>2023-10-08T04:05:51.000Z</time></trkpt>
      <trkpt lat="36.600093" lon="127.827866"><ele>317.3</ele><time>2023-10-08T04:06:00.000Z</time></trkpt>
      <trkpt lat="36.600130" lon="127.827834"><ele>317.2</ele><time>2023-10-08T04:06:00.000Z</time></trkpt>
      <trkpt lat="36.600169" lon="127.827806"><ele>317.0</ele><time>2023-10-08T04:06:00.000Z</time></trkpt>
      <trkpt lat="36.600209" lon="127.827779"><ele>316.8</ele><time>2023-10-08T04:06:09.000Z</time></trkpt>
      <trkpt lat="36.600240" lon="127.827739"><ele>316.7</ele><time>2023-10-08T04:06:09.000Z</time></trkpt>
      <trkpt lat="36.600268" lon="127.827696"><ele>316.6</ele><time>2023-10-08T04:06:11.000Z</time></trkpt>
      <trkpt lat="36.600305" lon="127.827664"><ele>316.5</ele><time>2023-10-08T04:06:11.000Z</time></trkpt>
      <trkpt lat="36.600342" lon="127.827631"><ele>316.4</ele><time>2023-10-08T04:06:24.000Z</time></trkpt>
      <trkpt lat="36.600382" lon="127.827609"><ele>316.4</ele><time>2023-10-08T04:06:24.000Z</time></trkpt>
      <trkpt lat="36.600426" lon="127.827594"><ele>316.5</ele><time>2023-10-08T04:06:32.000Z</time></trkpt>
      <trkpt lat="36.600469" lon="127.827580"><ele>316.6</ele><time>2023-10-08T04:06:32.000Z</time></trkpt>
      <trkpt lat="36.600512" lon="127.827585"><ele>316.0</ele><time>2023-10-08T04:06:32.000Z</time></trkpt>
      <trkpt lat="36.600554" lon="127.827603"><ele>315.1</ele><time>2023-10-08T04:06:41.000Z</time></trkpt>
      <trkpt lat="36.600599" lon="127.827608"><ele>315.0</ele><time>2023-10-08T04:06:41.000Z</time></trkpt>
      <trkpt lat="36.600644" lon="127.827612"><ele>315.0</ele><time>2023-10-08T04:06:49.000Z</time></trkpt>
      <trkpt lat="36.600688" lon="127.827602"><ele>314.8</ele><time>2023-10-08T04:06:49.000Z</time></trkpt>
      <trkpt lat="36.600731" lon="127.827585"><ele>314.5</ele><time>2023-10-08T04:06:53.000Z</time></trkpt>
      <trkpt lat="36.600775" lon="127.827575"><ele>314.4</ele><time>2023-10-08T04:06:53.000Z</time></trkpt>
      <trkpt lat="36.600819" lon="127.827567"><ele>314.4</ele><time>2023-10-08T04:07:06.000Z</time></trkpt>
      <trkpt lat="36.600864" lon="127.827559"><ele>314.4</ele><time>2023-10-08T04:07:06.000Z</time></trkpt>
      <trkpt lat="36.600908" lon="127.827552"><ele>314.2</ele><time>2023-10-08T04:07:06.000Z</time></trkpt>
      <trkpt lat="36.600953" lon="127.827546"><ele>314.0</ele><time>2023-10-08T04:07:13.000Z</time></trkpt>
      <trkpt lat="36.600998" lon="127.827540"><ele>313.8</ele><time>2023-10-08T04:07:13.000Z</time></trkpt>
      <trkpt lat="36.601039" lon="127.827520"><ele>314.3</ele><time>2023-10-08T04:07:13.000Z</time></trkpt>
      <trkpt lat="36.601081" lon="127.827499"><ele>314.9</ele><time>2023-10-08T04:07:26.000Z</time></trkpt>
      <trkpt lat="36.601112" lon="127.827483"><ele>315.3</ele><time>2023-10-08T04:07:26.000Z</time></trkpt>
    </trkseg>
  </trk>
</gpx>