<?xml version="1.0" encoding="UTF-8"?>
<gpx version="1.1" creator="gajago-nav" xmlns="http://www.topografix.com/GPX/1/1">
  <metadata><name>선자령_20200202</name></metadata>
  <wpt lat="37.685203" lon="128.754831">
    <name>들머리 (주차장)</name>
    <ele>844</ele>
  </wpt>
  <wpt lat="37.696673" lon="128.755935">
    <name>갈림길</name>
  </wpt>
  <wpt lat="37.702592" lon="128.754225">
    <name>갈림길</name>
  </wpt>
  <wpt lat="37.711070" lon="128.752090">
    <name>새봉</name>
    <ele>1071</ele>
  </wpt>
  <wpt lat="37.722420" lon="128.745160">
    <name>선자령</name>
    <ele>1157</ele>
  </wpt>
  <wpt lat="37.722543" lon="128.745153">
    <name>갈림길</name>
  </wpt>
  <wpt lat="37.697692" lon="128.747315">
    <name>갈림길</name>
  </wpt>
  <wpt lat="37.685531" lon="128.755412">
    <name>날머리 (원점회귀)</name>
    <ele>847</ele>
  </wpt>
  <trk>
    <name>선자령_20200202</name>
    <trkseg>
      <trkpt lat="37.685203" lon="128.754831"><ele>844.4</ele><time>2020-02-02T08:54:36.000Z</time></trkpt>
      <trkpt lat="37.685263" lon="128.754921"><ele>842.7</ele><time>2020-02-02T08:54:48.000Z</time></trkpt>
      <trkpt lat="37.685284" lon="128.755005"><ele>849.2</ele><time>2020-02-02T08:55:07.000Z</time></trkpt>
      <trkpt lat="37.685340" lon="128.755118"><ele>851.7</ele><time>2020-02-02T08:55:17.000Z</time></trkpt>
      <trkpt lat="37.685412" lon="128.755195"><ele>853.5</ele><time>2020-02-02T08:55:25.000Z</time></trkpt>
      <trkpt lat="37.685454" lon="128.755301"><ele>853.6</ele><time>2020-02-02T08:55:36.000Z</time></trkpt>
      <trkpt lat="37.685506" lon="128.755400"><ele>854.7</ele><time>2020-02-02T08:55:53.000Z</time></trkpt>
      <trkpt lat="37.685587" lon="128.755488"><ele>855.6</ele><time>2020-02-02T08:56:04.000Z</time></trkpt>
      <trkpt lat="37.685687" lon="128.755452"><ele>854.2</ele><time>2020-02-02T08:56:13.000Z</time></trkpt>
      <trkpt lat="37.685798" lon="128.755421"><ele>854.1</ele><time>2020-02-02T08:56:22.000Z</time></trkpt>
      <trkpt lat="37.685888" lon="128.755443"><ele>854.2</ele><time>2020-02-02T08:56:33.000Z</time></trkpt>
      <trkpt lat="37.685915" lon="128.755570"><ele>854.4</ele><time>2020-02-02T08:56:42.000Z</time></trkpt>
      <trkpt lat="37.685925" lon="128.755695"><ele>854.3</ele><time>2020-02-02T08:56:51.000Z</time></trkpt>
      <trkpt lat="37.685935" lon="128.755812"><ele>854.5</ele><time>2020-02-02T08:56:59.000Z</time></trkpt>
      <trkpt lat="37.685940" lon="128.755943"><ele>854.4</ele><time>2020-02-02T08:57:08.000Z</time></trkpt>
      <trkpt lat="37.685943" lon="128.756078"><ele>854.6</ele><time>2020-02-02T08:57:17.000Z</time></trkpt>
      <trkpt lat="37.685948" lon="128.756204"><ele>855.1</ele><time>2020-02-02T08:57:25.000Z</time></trkpt>
      <trkpt lat="37.685955" lon="128.756330"><ele>855.4</ele><time>2020-02-02T08:57:33.000Z</time></trkpt>
      <trkpt lat="37.685963" lon="128.756468"><ele>855.7</ele><time>2020-02-02T08:57:41.000Z</time></trkpt>
      <trkpt lat="37.685969" lon="128.756597"><ele>855.9</ele><time>2020-02-02T08:57:49.000Z</time></trkpt>
      <trkpt lat="37.685984" lon="128.756725"><ele>855.8</ele><time>2020-02-02T08:57:58.000Z</time></trkpt>
      <trkpt lat="37.686007" lon="128.756839"><ele>856.5</ele><time>2020-02-02T08:58:05.000Z</time></trkpt>
      <trkpt lat="37.686040" lon="128.756964"><ele>857.2</ele><time>2020-02-02T08:58:14.000Z</time></trkpt>
      <trkpt lat="37.686103" lon="128.757060"><ele>858.2</ele><time>2020-02-02T08:58:23.000Z</time></trkpt>
      <trkpt lat="37.686133" lon="128.757169"><ele>858.5</ele><time>2020-02-02T08:58:31.000Z</time></trkpt>
      <trkpt lat="37.686159" lon="128.757293"><ele>858.8</ele><time>2020-02-02T08:58:41.000Z</time></trkpt>
      <trkpt lat="37.686197" lon="128.757403"><ele>859.3</ele><time>2020-02-02T08:58:50.000Z</time></trkpt>
      <trkpt lat="37.686218" lon="128.757515"><ele>859.3</ele><time>2020-02-02T08:59:02.000Z</time></trkpt>
      <trkpt lat="37.686242" lon="128.757642"><ele>858.7</ele><time>2020-02-02T08:59:12.000Z</time></trkpt>
      <trkpt lat="37.686279" lon="128.757750"><ele>858.7</ele><time>2020-02-02T08:59:19.000Z</time></trkpt>
      <trkpt lat="37.686311" lon="128.757862"><ele>858.0</ele><time>2020-02-02T08:59:27.000Z</time></trkpt>
      <trkpt lat="37.686329" lon="128.757978"><ele>858.6</ele><time>2020-02-02T08:59:34.000Z</time></trkpt>
      <trkpt lat="37.686351" lon="128.758114"><ele>859.5</ele><time>2020-02-02T08:59:43.000Z</time></trkpt>
      <trkpt lat="37.686372" lon="128.758242"><ele>860.7</ele><time>2020-02-02T08:59:51.000Z</time></trkpt>
      <trkpt lat="37.686398" lon="128.758355"><ele>860.9</ele><time>2020-02-02T08:59:59.000Z</time></trkpt>
      <trkpt lat="37.686421" lon="128.758467"><ele>861.1</ele><time>2020-02-02T09:00:06.000Z</time></trkpt>
      <trkpt lat="37.686513" lon="128.758548"><ele>861.3</ele><time>2020-02-02T09:00:39.000Z</time></trkpt>
      <trkpt lat="37.686606" lon="128.758537"><ele>861.4</ele><time>2020-02-02T09:00:51.000Z</time></trkpt>
      <trkpt lat="37.686699" lon="128.758572"><ele>860.3</ele><time>2020-02-02T09:01:10.000Z</time></trkpt>
      <trkpt lat="37.686760" lon="128.758656"><ele>859.9</ele><time>2020-02-02T09:01:18.000Z</time></trkpt>
      <trkpt lat="37.686827" lon="128.758741"><ele>860.8</ele><time>2020-02-02T09:01:29.000Z</time></trkpt>
      <trkpt lat="37.686890" lon="128.758846"><ele>862.5</ele><time>2020-02-02T09:01:40.000Z</time></trkpt>
      <trkpt lat="37.686961" lon="128.758928"><ele>860.7</ele><time>2020-02-02T09:01:46.000Z</time></trkpt>
      <trkpt lat="37.687009" lon="128.758857"><ele>853.4</ele><time>2020-02-02T09:02:02.000Z</time></trkpt>
      <trkpt lat="37.687097" lon="128.758834"><ele>856.6</ele><time>2020-02-02T09:02:14.000Z</time></trkpt>
      <trkpt lat="37.687173" lon="128.758771"><ele>856.6</ele><time>2020-02-02T09:02:40.000Z</time></trkpt>
      <trkpt lat="37.687263" lon="128.758782"><ele>860.4</ele><time>2020-02-02T09:03:30.000Z</time></trkpt>
      <trkpt lat="37.687354" lon="128.758746"><ele>860.2</ele><time>2020-02-02T09:03:59.000Z</time></trkpt>
      <trkpt lat="37.687426" lon="128.758686"><ele>863.3</ele><time>2020-02-02T09:04:25.000Z</time></trkpt>
      <trkpt lat="37.687535" lon="128.758717"><ele>863.2</ele><time>2020-02-02T09:04:33.000Z</time></trkpt>
      <trkpt lat="37.687613" lon="128.758767"><ele>860.3</ele><time>2020-02-02T09:04:39.000Z</time></trkpt>
      <trkpt lat="37.687683" lon="128.758830"><ele>864.9</ele><time>2020-02-02T09:04:58.000Z</time></trkpt>
      <trkpt lat="37.687753" lon="128.758899"><ele>867.6</ele><time>2020-02-02T09:05:12.000Z</time></trkpt>
      <trkpt lat="37.687836" lon="128.758966"><ele>871.3</ele><time>2020-02-02T09:05:25.000Z</time></trkpt>
      <trkpt lat="37.687912" lon="128.759059"><ele>873.7</ele><time>2020-02-02T09:05:33.000Z</time></trkpt>
      <trkpt lat="37.687981" lon="128.759131"><ele>874.8</ele><time>2020-02-02T09:05:40.000Z</time></trkpt>
      <trkpt lat="37.688047" lon="128.759228"><ele>876.4</ele><time>2020-02-02T09:05:58.000Z</time></trkpt>
      <trkpt lat="37.688116" lon="128.759239"><ele>887.8</ele><time>2020-02-02T09:06:28.000Z</time></trkpt>
      <trkpt lat="37.688204" lon="128.759222"><ele>892.8</ele><time>2020-02-02T09:06:53.000Z</time></trkpt>
      <trkpt lat="37.688304" lon="128.759197"><ele>891.6</ele><time>2020-02-02T09:07:06.000Z</time></trkpt>
      <trkpt lat="37.688400" lon="128.759202"><ele>892.5</ele><time>2020-02-02T09:07:14.000Z</time></trkpt>
      <trkpt lat="37.688498" lon="128.759198"><ele>893.4</ele><time>2020-02-02T09:07:22.000Z</time></trkpt>
      <trkpt lat="37.688592" lon="128.759202"><ele>894.9</ele><time>2020-02-02T09:07:27.000Z</time></trkpt>
      <trkpt lat="37.688701" lon="128.759209"><ele>894.9</ele><time>2020-02-02T09:07:36.000Z</time></trkpt>
      <trkpt lat="37.688797" lon="128.759230"><ele>897.2</ele><time>2020-02-02T09:07:44.000Z</time></trkpt>
      <trkpt lat="37.688893" lon="128.759224"><ele>898.2</ele><time>2020-02-02T09:07:52.000Z</time></trkpt>
      <trkpt lat="37.688987" lon="128.759226"><ele>900.3</ele><time>2020-02-02T09:08:02.000Z</time></trkpt>
      <trkpt lat="37.689082" lon="128.759197"><ele>900.2</ele><time>2020-02-02T09:08:12.000Z</time></trkpt>
      <trkpt lat="37.689197" lon="128.759114"><ele>905.4</ele><time>2020-02-02T09:08:23.000Z</time></trkpt>
      <trkpt lat="37.689276" lon="128.759052"><ele>902.4</ele><time>2020-02-02T09:08:37.000Z</time></trkpt>
      <trkpt lat="37.689371" lon="128.759013"><ele>901.6</ele><time>2020-02-02T09:08:46.000Z</time></trkpt>
      <trkpt lat="37.689462" lon="128.758951"><ele>903.7</ele><time>2020-02-02T09:09:07.000Z</time></trkpt>
      <trkpt lat="37.689543" lon="128.758893"><ele>902.6</ele><time>2020-02-02T09:09:15.000Z</time></trkpt>
      <trkpt lat="37.689604" lon="128.758833"><ele>895.7</ele><time>2020-02-02T09:09:27.000Z</time></trkpt>
      <trkpt lat="37.689650" lon="128.758735"><ele>899.5</ele><time>2020-02-02T09:09:37.000Z</time></trkpt>
      <trkpt lat="37.689765" lon="128.758706"><ele>901.1</ele><time>2020-02-02T09:09:54.000Z</time></trkpt>
      <trkpt lat="37.689864" lon="128.758677"><ele>899.0</ele><time>2020-02-02T09:10:08.000Z</time></trkpt>
      <trkpt lat="37.689959" lon="128.758659"><ele>901.1</ele><time>2020-02-02T09:10:14.000Z</time></trkpt>
      <trkpt lat="37.690069" lon="128.758642"><ele>900.6</ele><time>2020-02-02T09:10:21.000Z</time></trkpt>
      <trkpt lat="37.690167" lon="128.758630"><ele>902.6</ele><time>2020-02-02T09:10:28.000Z</time></trkpt>
      <trkpt lat="37.690260" lon="128.758628"><ele>903.6</ele><time>2020-02-02T09:10:33.000Z</time></trkpt>
      <trkpt lat="37.690350" lon="128.758617"><ele>902.8</ele><time>2020-02-02T09:10:39.000Z</time></trkpt>
      <trkpt lat="37.690450" lon="128.758610"><ele>903.5</ele><time>2020-02-02T09:10:46.000Z</time></trkpt>
      <trkpt lat="37.690545" lon="128.758604"><ele>903.7</ele><time>2020-02-02T09:10:52.000Z</time></trkpt>
      <trkpt lat="37.690666" lon="128.758586"><ele>903.3</ele><time>2020-02-02T09:11:00.000Z</time></trkpt>
      <trkpt lat="37.690763" lon="128.758567"><ele>903.2</ele><time>2020-02-02T09:11:08.000Z</time></trkpt>
      <trkpt lat="37.690853" lon="128.758533"><ele>903.8</ele><time>2020-02-02T09:11:19.000Z</time></trkpt>
      <trkpt lat="37.690948" lon="128.758496"><ele>904.8</ele><time>2020-02-02T09:11:25.000Z</time></trkpt>
      <trkpt lat="37.691035" lon="128.758457"><ele>905.0</ele><time>2020-02-02T09:11:33.000Z</time></trkpt>
      <trkpt lat="37.691125" lon="128.758420"><ele>901.3</ele><time>2020-02-02T09:11:45.000Z</time></trkpt>
      <trkpt lat="37.691221" lon="128.758430"><ele>901.9</ele><time>2020-02-02T09:11:56.000Z</time></trkpt>
      <trkpt lat="37.691322" lon="128.758461"><ele>903.1</ele><time>2020-02-02T09:12:05.000Z</time></trkpt>
      <trkpt lat="37.691413" lon="128.758491"><ele>906.3</ele><time>2020-02-02T09:12:12.000Z</time></trkpt>
      <trkpt lat="37.691528" lon="128.758520"><ele>906.9</ele><time>2020-02-02T09:12:23.000Z</time></trkpt>
      <trkpt lat="37.691624" lon="128.758513"><ele>910.0</ele><time>2020-02-02T09:12:31.000Z</time></trkpt>
      <trkpt lat="37.691739" lon="128.758488"><ele>915.0</ele><time>2020-02-02T09:12:43.000Z</time></trkpt>
      <trkpt lat="37.691832" lon="128.758458"><ele>914.8</ele><time>2020-02-02T09:12:54.000Z</time></trkpt>
      <trkpt lat="37.691927" lon="128.758421"><ele>915.3</ele><time>2020-02-02T09:13:04.000Z</time></trkpt>
      <trkpt lat="37.692015" lon="128.758361"><ele>915.4</ele><time>2020-02-02T09:13:15.000Z</time></trkpt>
      <trkpt lat="37.692113" lon="128.758361"><ele>913.9</ele><time>2020-02-02T09:13:27.000Z</time></trkpt>
      <trkpt lat="37.692209" lon="128.758371"><ele>915.7</ele><time>2020-02-02T09:13:37.000Z</time></trkpt>
      <trkpt lat="37.692298" lon="128.758397"><ele>917.8</ele><time>2020-02-02T09:13:45.000Z</time></trkpt>
      <trkpt lat="37.692390" lon="128.758431"><ele>919.0</ele><time>2020-02-02T09:13:53.000Z</time></trkpt>
      <trkpt lat="37.692500" lon="128.758463"><ele>919.5</ele><time>2020-02-02T09:14:02.000Z</time></trkpt>
      <trkpt lat="37.692600" lon="128.758511"><ele>919.0</ele><time>2020-02-02T09:14:11.000Z</time></trkpt>
      <trkpt lat="37.692683" lon="128.758574"><ele>919.7</ele><time>2020-02-02T09:14:19.000Z</time></trkpt>
      <trkpt lat="37.692771" lon="128.758598"><ele>921.2</ele><time>2020-02-02T09:14:27.000Z</time></trkpt>
      <trkpt lat="37.692858" lon="128.758557"><ele>921.7</ele><time>2020-02-02T09:14:37.000Z</time></trkpt>
      <trkpt lat="37.692931" lon="128.758478"><ele>922.5</ele><time>2020-02-02T09:14:45.000Z</time></trkpt>
      <trkpt lat="37.693029" lon="128.758411"><ele>923.1</ele><time>2020-02-02T09:15:00.000Z</time></trkpt>
      <trkpt lat="37.693118" lon="128.758326"><ele>923.9</ele><time>2020-02-02T09:15:09.000Z</time></trkpt>
      <trkpt lat="37.693192" lon="128.758254"><ele>923.6</ele><time>2020-02-02T09:15:17.000Z</time></trkpt>
      <trkpt lat="37.693266" lon="128.758182"><ele>924.3</ele><time>2020-02-02T09:15:25.000Z</time></trkpt>
      <trkpt lat="37.693345" lon="128.758106"><ele>925.4</ele><time>2020-02-02T09:15:33.000Z</time></trkpt>
      <trkpt lat="37.693422" lon="128.758031"><ele>926.0</ele><time>2020-02-02T09:15:42.000Z</time></trkpt>
      <trkpt lat="37.693513" lon="128.757974"><ele>926.1</ele><time>2020-02-02T09:15:51.000Z</time></trkpt>
      <trkpt lat="37.693620" lon="128.757910"><ele>927.3</ele><time>2020-02-02T09:16:01.000Z</time></trkpt>
      <trkpt lat="37.693721" lon="128.757854"><ele>926.9</ele><time>2020-02-02T09:16:11.000Z</time></trkpt>
      <trkpt lat="37.693803" lon="128.757788"><ele>927.6</ele><time>2020-02-02T09:16:20.000Z</time></trkpt>
      <trkpt lat="37.693864" lon="128.757691"><ele>927.8</ele><time>2020-02-02T09:16:30.000Z</time></trkpt>
      <trkpt lat="37.693904" lon="128.757580"><ele>928.4</ele><time>2020-02-02T09:16:40.000Z</time></trkpt>
      <trkpt lat="37.693948" lon="128.757472"><ele>930.2</ele><time>2020-02-02T09:16:50.000Z</time></trkpt>
      <trkpt lat="37.693988" lon="128.757352"><ele>930.7</ele><time>2020-02-02T09:17:02.000Z</time></trkpt>
      <trkpt lat="37.694031" lon="128.757222"><ele>932.6</ele><time>2020-02-02T09:17:13.000Z</time></trkpt>
      <trkpt lat="37.694084" lon="128.757107"><ele>934.4</ele><time>2020-02-02T09:17:24.000Z</time></trkpt>
      <trkpt lat="37.694126" lon="128.757002"><ele>935.8</ele><time>2020-02-02T09:17:33.000Z</time></trkpt>
      <trkpt lat="37.694177" lon="128.756884"><ele>934.5</ele><time>2020-02-02T09:17:46.000Z</time></trkpt>
      <trkpt lat="37.694233" lon="128.756781"><ele>936.7</ele><time>2020-02-02T09:17:55.000Z</time></trkpt>
      <trkpt lat="37.694310" lon="128.756713"><ele>936.7</ele><time>2020-02-02T09:18:06.000Z</time></trkpt>
      <trkpt lat="37.694388" lon="128.756656"><ele>938.0</ele><time>2020-02-02T09:18:15.000Z</time></trkpt>
      <trkpt lat="37.694453" lon="128.756573"><ele>939.4</ele><time>2020-02-02T09:18:26.000Z</time></trkpt>
      <trkpt lat="37.694527" lon="128.756501"><ele>942.1</ele><time>2020-02-02T09:18:38.000Z</time></trkpt>
      <trkpt lat="37.694612" lon="128.756458"><ele>942.4</ele><time>2020-02-02T09:18:48.000Z</time></trkpt>
      <trkpt lat="37.694708" lon="128.756405"><ele>943.5</ele><time>2020-02-02T09:18:59.000Z</time></trkpt>
      <trkpt lat="37.694788" lon="128.756354"><ele>946.2</ele><time>2020-02-02T09:19:09.000Z</time></trkpt>
      <trkpt lat="37.694872" lon="128.756313"><ele>947.6</ele><time>2020-02-02T09:19:17.000Z</time></trkpt>
      <trkpt lat="37.694959" lon="128.756272"><ele>949.0</ele><time>2020-02-02T09:19:26.000Z</time></trkpt>
      <trkpt lat="37.695047" lon="128.756248"><ele>949.6</ele><time>2020-02-02T09:19:36.000Z</time></trkpt>
      <trkpt lat="37.695142" lon="128.756197"><ele>950.0</ele><time>2020-02-02T09:19:48.000Z</time></trkpt>
      <trkpt lat="37.695242" lon="128.756160"><ele>952.0</ele><time>2020-02-02T09:19:59.000Z</time></trkpt>
      <trkpt lat="37.695340" lon="128.756129"><ele>954.2</ele><time>2020-02-02T09:20:10.000Z</time></trkpt>
      <trkpt lat="37.695423" lon="128.756079"><ele>955.2</ele><time>2020-02-02T09:20:21.000Z</time></trkpt>
      <trkpt lat="37.695499" lon="128.756007"><ele>956.0</ele><time>2020-02-02T09:20:33.000Z</time></trkpt>
      <trkpt lat="37.695589" lon="128.755963"><ele>956.6</ele><time>2020-02-02T09:20:42.000Z</time></trkpt>
      <trkpt lat="37.695691" lon="128.755947"><ele>956.6</ele><time>2020-02-02T09:20:52.000Z</time></trkpt>
      <trkpt lat="37.695785" lon="128.755928"><ele>958.3</ele><time>2020-02-02T09:21:00.000Z</time></trkpt>
      <trkpt lat="37.695884" lon="128.755913"><ele>958.6</ele><time>2020-02-02T09:21:09.000Z</time></trkpt>
      <trkpt lat="37.695980" lon="128.755888"><ele>958.5</ele><time>2020-02-02T09:21:20.000Z</time></trkpt>
      <trkpt lat="37.696089" lon="128.755900"><ele>959.1</ele><time>2020-02-02T09:21:30.000Z</time></trkpt>
      <trkpt lat="37.696189" lon="128.755926"><ele>959.8</ele><time>2020-02-02T09:21:38.000Z</time></trkpt>
      <trkpt lat="37.696288" lon="128.755954"><ele>960.3</ele><time>2020-02-02T09:21:47.000Z</time></trkpt>
      <trkpt lat="37.696376" lon="128.755989"><ele>960.7</ele><time>2020-02-02T09:21:55.000Z</time></trkpt>
      <trkpt lat="37.696486" lon="128.755978"><ele>960.4</ele><time>2020-02-02T09:22:05.000Z</time></trkpt>
      <trkpt lat="37.696576" lon="128.755952"><ele>959.8</ele><time>2020-02-02T09:22:14.000Z</time></trkpt>
      <trkpt lat="37.696677" lon="128.755903"><ele>959.1</ele><time>2020-02-02T09:22:29.000Z</time></trkpt>
      <trkpt lat="37.696761" lon="128.755854"><ele>959.4</ele><time>2020-02-02T09:22:38.000Z</time></trkpt>
      <trkpt lat="37.696838" lon="128.755774"><ele>960.0</ele><time>2020-02-02T09:22:46.000Z</time></trkpt>
      <trkpt lat="37.696912" lon="128.755667"><ele>961.4</ele><time>2020-02-02T09:22:55.000Z</time></trkpt>
      <trkpt lat="37.696954" lon="128.755551"><ele>962.4</ele><time>2020-02-02T09:23:05.000Z</time></trkpt>
      <trkpt lat="37.696964" lon="128.755436"><ele>963.4</ele><time>2020-02-02T09:23:13.000Z</time></trkpt>
      <trkpt lat="37.697004" lon="128.755334"><ele>965.6</ele><time>2020-02-02T09:23:21.000Z</time></trkpt>
      <trkpt lat="37.697048" lon="128.755228"><ele>966.4</ele><time>2020-02-02T09:23:33.000Z</time></trkpt>
      <trkpt lat="37.697109" lon="128.755129"><ele>966.7</ele><time>2020-02-02T09:23:44.000Z</time></trkpt>
      <trkpt lat="37.697182" lon="128.755046"><ele>967.9</ele><time>2020-02-02T09:23:55.000Z</time></trkpt>
      <trkpt lat="37.697238" lon="128.754943"><ele>968.3</ele><time>2020-02-02T09:24:07.000Z</time></trkpt>
      <trkpt lat="37.697297" lon="128.754842"><ele>969.3</ele><time>2020-02-02T09:24:19.000Z</time></trkpt>
      <trkpt lat="37.697362" lon="128.754762"><ele>970.2</ele><time>2020-02-02T09:24:29.000Z</time></trkpt>
      <trkpt lat="37.697457" lon="128.754695"><ele>972.2</ele><time>2020-02-02T09:24:41.000Z</time></trkpt>
      <trkpt lat="37.697528" lon="128.754602"><ele>974.2</ele><time>2020-02-02T09:24:53.000Z</time></trkpt>
      <trkpt lat="37.697602" lon="128.754537"><ele>975.8</ele><time>2020-02-02T09:25:01.000Z</time></trkpt>
      <trkpt lat="37.697654" lon="128.754443"><ele>978.5</ele><time>2020-02-02T09:25:09.000Z</time></trkpt>
      <trkpt lat="37.697687" lon="128.754340"><ele>980.9</ele><time>2020-02-02T09:25:19.000Z</time></trkpt>
      <trkpt lat="37.697735" lon="128.754237"><ele>982.8</ele><time>2020-02-02T09:25:33.000Z</time></trkpt>
      <trkpt lat="37.697799" lon="128.754145"><ele>984.6</ele><time>2020-02-02T09:25:44.000Z</time></trkpt>
      <trkpt lat="37.697856" lon="128.754055"><ele>985.5</ele><time>2020-02-02T09:25:53.000Z</time></trkpt>
      <trkpt lat="37.697914" lon="128.753963"><ele>987.4</ele><time>2020-02-02T09:26:05.000Z</time></trkpt>
      <trkpt lat="37.697998" lon="128.753913"><ele>988.8</ele><time>2020-02-02T09:26:15.000Z</time></trkpt>
      <trkpt lat="37.698088" lon="128.753857"><ele>989.9</ele><time>2020-02-02T09:26:30.000Z</time></trkpt>
      <trkpt lat="37.698177" lon="128.753791"><ele>990.9</ele><time>2020-02-02T09:26:44.000Z</time></trkpt>
      <trkpt lat="37.698264" lon="128.753755"><ele>994.0</ele><time>2020-02-02T09:26:55.000Z</time></trkpt>
      <trkpt lat="37.698363" lon="128.753757"><ele>995.9</ele><time>2020-02-02T09:27:12.000Z</time></trkpt>
      <trkpt lat="37.698419" lon="128.753850"><ele>997.3</ele><time>2020-02-02T09:27:25.000Z</time></trkpt>
      <trkpt lat="37.698468" lon="128.753949"><ele>999.3</ele><time>2020-02-02T09:27:36.000Z</time></trkpt>
      <trkpt lat="37.698553" lon="128.754009"><ele>998.6</ele><time>2020-02-02T09:27:49.000Z</time></trkpt>
      <trkpt lat="37.698647" lon="128.753992"><ele>999.3</ele><time>2020-02-02T09:28:05.000Z</time></trkpt>
      <trkpt lat="37.698731" lon="128.753903"><ele>1001.3</ele><time>2020-02-02T09:28:24.000Z</time></trkpt>
      <trkpt lat="37.698787" lon="128.753813"><ele>1003.9</ele><time>2020-02-02T09:28:32.000Z</time></trkpt>
      <trkpt lat="37.698828" lon="128.753707"><ele>1005.1</ele><time>2020-02-02T09:28:45.000Z</time></trkpt>
      <trkpt lat="37.698834" lon="128.753597"><ele>1007.5</ele><time>2020-02-02T09:28:57.000Z</time></trkpt>
      <trkpt lat="37.698825" lon="128.753475"><ele>1009.4</ele><time>2020-02-02T09:29:09.000Z</time></trkpt>
      <trkpt lat="37.698814" lon="128.753361"><ele>1010.5</ele><time>2020-02-02T09:29:22.000Z</time></trkpt>
      <trkpt lat="37.698825" lon="128.753238"><ele>1012.6</ele><time>2020-02-02T09:29:33.000Z</time></trkpt>
      <trkpt lat="37.698889" lon="128.753134"><ele>1014.5</ele><time>2020-02-02T09:30:10.000Z</time></trkpt>
      <trkpt lat="37.698913" lon="128.753017"><ele>1014.9</ele><time>2020-02-02T09:31:10.000Z</time></trkpt>
      <trkpt lat="37.698979" lon="128.752937"><ele>1016.6</ele><time>2020-02-02T09:31:21.000Z</time></trkpt>
      <trkpt lat="37.699049" lon="128.752856"><ele>1017.0</ele><time>2020-02-02T09:31:32.000Z</time></trkpt>
      <trkpt lat="37.699116" lon="128.752778"><ele>1018.3</ele><time>2020-02-02T09:31:41.000Z</time></trkpt>
      <trkpt lat="37.699206" lon="128.752748"><ele>1019.2</ele><time>2020-02-02T09:31:52.000Z</time></trkpt>
      <trkpt lat="37.699299" lon="128.752753"><ele>1019.2</ele><time>2020-02-02T09:32:02.000Z</time></trkpt>
      <trkpt lat="37.699396" lon="128.752774"><ele>1020.9</ele><time>2020-02-02T09:32:12.000Z</time></trkpt>
      <trkpt lat="37.699484" lon="128.752751"><ele>1022.3</ele><time>2020-02-02T09:32:24.000Z</time></trkpt>
      <trkpt lat="37.699535" lon="128.752640"><ele>1021.9</ele><time>2020-02-02T09:32:42.000Z</time></trkpt>
      <trkpt lat="37.699616" lon="128.752560"><ele>1020.9</ele><time>2020-02-02T09:33:06.000Z</time></trkpt>
      <trkpt lat="37.699690" lon="128.752474"><ele>1019.9</ele><time>2020-02-02T09:33:16.000Z</time></trkpt>
      <trkpt lat="37.699792" lon="128.752480"><ele>1019.0</ele><time>2020-02-02T09:33:27.000Z</time></trkpt>
      <trkpt lat="37.699882" lon="128.752498"><ele>1018.4</ele><time>2020-02-02T09:33:35.000Z</time></trkpt>
      <trkpt lat="37.699977" lon="128.752532"><ele>1018.1</ele><time>2020-02-02T09:33:45.000Z</time></trkpt>
      <trkpt lat="37.700083" lon="128.752531"><ele>1018.6</ele><time>2020-02-02T09:33:58.000Z</time></trkpt>
      <trkpt lat="37.700171" lon="128.752483"><ele>1021.2</ele><time>2020-02-02T09:34:13.000Z</time></trkpt>
      <trkpt lat="37.700266" lon="128.752436"><ele>1024.0</ele><time>2020-02-02T09:34:35.000Z</time></trkpt>
      <trkpt lat="37.700359" lon="128.752381"><ele>1025.2</ele><time>2020-02-02T09:34:47.000Z</time></trkpt>
      <trkpt lat="37.700431" lon="128.752312"><ele>1026.9</ele><time>2020-02-02T09:34:56.000Z</time></trkpt>
      <trkpt lat="37.700507" lon="128.752254"><ele>1029.2</ele><time>2020-02-02T09:35:06.000Z</time></trkpt>
      <trkpt lat="37.700574" lon="128.752177"><ele>1031.5</ele><time>2020-02-02T09:35:15.000Z</time></trkpt>
      <trkpt lat="37.700660" lon="128.752121"><ele>1031.1</ele><time>2020-02-02T09:35:24.000Z</time></trkpt>
      <trkpt lat="37.700755" lon="128.752131"><ele>1031.2</ele><time>2020-02-02T09:35:32.000Z</time></trkpt>
      <trkpt lat="37.700843" lon="128.752178"><ele>1033.3</ele><time>2020-02-02T09:35:40.000Z</time></trkpt>
      <trkpt lat="37.700928" lon="128.752245"><ele>1032.5</ele><time>2020-02-02T09:35:48.000Z</time></trkpt>
      <trkpt lat="37.701016" lon="128.752322"><ele>1031.4</ele><time>2020-02-02T09:36:00.000Z</time></trkpt>
      <trkpt lat="37.701071" lon="128.752427"><ele>1033.8</ele><time>2020-02-02T09:36:11.000Z</time></trkpt>
      <trkpt lat="37.701122" lon="128.752522"><ele>1033.6</ele><time>2020-02-02T09:36:19.000Z</time></trkpt>
      <trkpt lat="37.701146" lon="128.752636"><ele>1032.3</ele><time>2020-02-02T09:36:30.000Z</time></trkpt>
      <trkpt lat="37.701164" lon="128.752760"><ele>1035.3</ele><time>2020-02-02T09:36:38.000Z</time></trkpt>
      <trkpt lat="37.701195" lon="128.752867"><ele>1034.3</ele><time>2020-02-02T09:37:04.000Z</time></trkpt>
      <trkpt lat="37.701222" lon="128.752988"><ele>1032.7</ele><time>2020-02-02T09:37:14.000Z</time></trkpt>
      <trkpt lat="37.701237" lon="128.753104"><ele>1031.9</ele><time>2020-02-02T09:37:24.000Z</time></trkpt>
      <trkpt lat="37.701263" lon="128.753213"><ele>1030.7</ele><time>2020-02-02T09:37:33.000Z</time></trkpt>
      <trkpt lat="37.701286" lon="128.753358"><ele>1035.9</ele><time>2020-02-02T09:37:40.000Z</time></trkpt>
      <trkpt lat="37.701314" lon="128.753471"><ele>1033.8</ele><time>2020-02-02T09:37:49.000Z</time></trkpt>
      <trkpt lat="37.701326" lon="128.753595"><ele>1030.7</ele><time>2020-02-02T09:38:02.000Z</time></trkpt>
      <trkpt lat="37.701339" lon="128.753727"><ele>1031.4</ele><time>2020-02-02T09:38:11.000Z</time></trkpt>
      <trkpt lat="37.701374" lon="128.753847"><ele>1032.8</ele><time>2020-02-02T09:38:21.000Z</time></trkpt>
      <trkpt lat="37.701402" lon="128.753974"><ele>1032.8</ele><time>2020-02-02T09:38:32.000Z</time></trkpt>
      <trkpt lat="37.701434" lon="128.754089"><ele>1032.9</ele><time>2020-02-02T09:38:40.000Z</time></trkpt>
      <trkpt lat="37.701369" lon="128.754170"><ele>1051.9</ele><time>2020-02-02T09:40:29.000Z</time></trkpt>
      <trkpt lat="37.701376" lon="128.754154"><ele>1033.4</ele><time>2020-02-02T09:41:12.000Z</time></trkpt>
      <trkpt lat="37.701467" lon="128.754163"><ele>1034.3</ele><time>2020-02-02T09:42:04.000Z</time></trkpt>
      <trkpt lat="37.701463" lon="128.754191"><ele>1034.7</ele><time>2020-02-02T09:44:04.000Z</time></trkpt>
      <trkpt lat="37.701565" lon="128.754168"><ele>1033.8</ele><time>2020-02-02T09:46:46.000Z</time></trkpt>
      <trkpt lat="37.701674" lon="128.754206"><ele>1034.5</ele><time>2020-02-02T09:46:56.000Z</time></trkpt>
      <trkpt lat="37.701777" lon="128.754215"><ele>1036.0</ele><time>2020-02-02T09:47:03.000Z</time></trkpt>
      <trkpt lat="37.701865" lon="128.754223"><ele>1037.7</ele><time>2020-02-02T09:47:10.000Z</time></trkpt>
      <trkpt lat="37.701967" lon="128.754227"><ele>1038.3</ele><time>2020-02-02T09:47:18.000Z</time></trkpt>
      <trkpt lat="37.702063" lon="128.754257"><ele>1038.4</ele><time>2020-02-02T09:47:26.000Z</time></trkpt>
      <trkpt lat="37.702167" lon="128.754227"><ele>1037.4</ele><time>2020-02-02T09:47:35.000Z</time></trkpt>
      <trkpt lat="37.702264" lon="128.754194"><ele>1037.6</ele><time>2020-02-02T09:47:44.000Z</time></trkpt>
      <trkpt lat="37.702380" lon="128.754196"><ele>1037.1</ele><time>2020-02-02T09:47:53.000Z</time></trkpt>
      <trkpt lat="37.702485" lon="128.754220"><ele>1038.1</ele><time>2020-02-02T09:48:07.000Z</time></trkpt>
      <trkpt lat="37.702559" lon="128.754146"><ele>1038.2</ele><time>2020-02-02T09:48:19.000Z</time></trkpt>
      <trkpt lat="37.702635" lon="128.754080"><ele>1036.5</ele><time>2020-02-02T09:48:30.000Z</time></trkpt>
      <trkpt lat="37.702699" lon="128.753982"><ele>1038.4</ele><time>2020-02-02T09:48:38.000Z</time></trkpt>
      <trkpt lat="37.702782" lon="128.753921"><ele>1036.9</ele><time>2020-02-02T09:49:02.000Z</time></trkpt>
      <trkpt lat="37.702815" lon="128.753800"><ele>1037.8</ele><time>2020-02-02T09:49:48.000Z</time></trkpt>
      <trkpt lat="37.702877" lon="128.753701"><ele>1037.5</ele><time>2020-02-02T09:49:56.000Z</time></trkpt>
      <trkpt lat="37.702960" lon="128.753627"><ele>1037.7</ele><time>2020-02-02T09:50:08.000Z</time></trkpt>
      <trkpt lat="37.703054" lon="128.753607"><ele>1039.6</ele><time>2020-02-02T09:50:24.000Z</time></trkpt>
      <trkpt lat="37.703149" lon="128.753604"><ele>1038.4</ele><time>2020-02-02T09:50:38.000Z</time></trkpt>
      <trkpt lat="37.703250" lon="128.753564"><ele>1038.6</ele><time>2020-02-02T09:50:48.000Z</time></trkpt>
      <trkpt lat="37.703338" lon="128.753498"><ele>1038.6</ele><time>2020-02-02T09:50:58.000Z</time></trkpt>
      <trkpt lat="37.703418" lon="128.753412"><ele>1037.3</ele><time>2020-02-02T09:51:08.000Z</time></trkpt>
      <trkpt lat="37.703509" lon="128.753345"><ele>1037.2</ele><time>2020-02-02T09:51:15.000Z</time></trkpt>
      <trkpt lat="37.703593" lon="128.753307"><ele>1035.9</ele><time>2020-02-02T09:51:23.000Z</time></trkpt>
      <trkpt lat="37.703686" lon="128.753260"><ele>1037.9</ele><time>2020-02-02T09:51:31.000Z</time></trkpt>
      <trkpt lat="37.703777" lon="128.753265"><ele>1038.8</ele><time>2020-02-02T09:51:37.000Z</time></trkpt>
      <trkpt lat="37.703868" lon="128.753225"><ele>1038.0</ele><time>2020-02-02T09:51:43.000Z</time></trkpt>
      <trkpt lat="37.703960" lon="128.753183"><ele>1037.5</ele><time>2020-02-02T09:51:52.000Z</time></trkpt>
      <trkpt lat="37.704061" lon="128.753147"><ele>1039.0</ele><time>2020-02-02T09:52:01.000Z</time></trkpt>
      <trkpt lat="37.704171" lon="128.753113"><ele>1038.2</ele><time>2020-02-02T09:52:10.000Z</time></trkpt>
      <trkpt lat="37.704263" lon="128.753107"><ele>1037.9</ele><time>2020-02-02T09:52:17.000Z</time></trkpt>
      <trkpt lat="37.704363" lon="128.753128"><ele>1037.7</ele><time>2020-02-02T09:52:29.000Z</time></trkpt>
      <trkpt lat="37.704466" lon="128.753145"><ele>1036.6</ele><time>2020-02-02T09:52:37.000Z</time></trkpt>
      <trkpt lat="37.704574" lon="128.753183"><ele>1040.3</ele><time>2020-02-02T09:52:48.000Z</time></trkpt>
      <trkpt lat="37.704684" lon="128.753162"><ele>1041.3</ele><time>2020-02-02T09:52:59.000Z</time></trkpt>
      <trkpt lat="37.704792" lon="128.753172"><ele>1041.3</ele><time>2020-02-02T09:53:07.000Z</time></trkpt>
      <trkpt lat="37.704905" lon="128.753205"><ele>1042.9</ele><time>2020-02-02T09:53:16.000Z</time></trkpt>
      <trkpt lat="37.705057" lon="128.753212"><ele>1045.1</ele><time>2020-02-02T09:53:26.000Z</time></trkpt>
      <trkpt lat="37.705145" lon="128.753262"><ele>1039.2</ele><time>2020-02-02T09:53:35.000Z</time></trkpt>
      <trkpt lat="37.705239" lon="128.753238"><ele>1039.9</ele><time>2020-02-02T09:53:50.000Z</time></trkpt>
      <trkpt lat="37.705360" lon="128.753230"><ele>1040.0</ele><time>2020-02-02T09:53:58.000Z</time></trkpt>
      <trkpt lat="37.705455" lon="128.753236"><ele>1040.9</ele><time>2020-02-02T09:54:05.000Z</time></trkpt>
      <trkpt lat="37.705548" lon="128.753244"><ele>1042.3</ele><time>2020-02-02T09:54:18.000Z</time></trkpt>
      <trkpt lat="37.705642" lon="128.753235"><ele>1041.8</ele><time>2020-02-02T09:54:27.000Z</time></trkpt>
      <trkpt lat="37.705741" lon="128.753212"><ele>1042.1</ele><time>2020-02-02T09:54:37.000Z</time></trkpt>
      <trkpt lat="37.705833" lon="128.753212"><ele>1042.8</ele><time>2020-02-02T09:54:46.000Z</time></trkpt>
      <trkpt lat="37.705941" lon="128.753196"><ele>1041.8</ele><time>2020-02-02T09:55:01.000Z</time></trkpt>
      <trkpt lat="37.706045" lon="128.753199"><ele>1044.1</ele><time>2020-02-02T09:55:14.000Z</time></trkpt>
      <trkpt lat="37.706136" lon="128.753210"><ele>1043.8</ele><time>2020-02-02T09:55:24.000Z</time></trkpt>
      <trkpt lat="37.706227" lon="128.753213"><ele>1042.9</ele><time>2020-02-02T09:55:32.000Z</time></trkpt>
      <trkpt lat="37.706329" lon="128.753214"><ele>1046.0</ele><time>2020-02-02T09:55:52.000Z</time></trkpt>
      <trkpt lat="37.706422" lon="128.753210"><ele>1046.2</ele><time>2020-02-02T09:56:00.000Z</time></trkpt>
      <trkpt lat="37.706507" lon="128.753249"><ele>1046.8</ele><time>2020-02-02T09:56:10.000Z</time></trkpt>
      <trkpt lat="37.706593" lon="128.753302"><ele>1047.7</ele><time>2020-02-02T09:56:19.000Z</time></trkpt>
      <trkpt lat="37.706679" lon="128.753376"><ele>1049.3</ele><time>2020-02-02T09:56:28.000Z</time></trkpt>
      <trkpt lat="37.706757" lon="128.753437"><ele>1048.9</ele><time>2020-02-02T09:56:37.000Z</time></trkpt>
      <trkpt lat="37.706839" lon="128.753500"><ele>1050.4</ele><time>2020-02-02T09:56:49.000Z</time></trkpt>
      <trkpt lat="37.706930" lon="128.753534"><ele>1050.1</ele><time>2020-02-02T09:56:56.000Z</time></trkpt>
      <trkpt lat="37.707037" lon="128.753529"><ele>1050.2</ele><time>2020-02-02T09:57:04.000Z</time></trkpt>
      <trkpt lat="37.707126" lon="128.753511"><ele>1052.5</ele><time>2020-02-02T09:57:11.000Z</time></trkpt>
      <trkpt lat="37.707217" lon="128.753471"><ele>1051.1</ele><time>2020-02-02T09:57:25.000Z</time></trkpt>
      <trkpt lat="37.707303" lon="128.753434"><ele>1050.3</ele><time>2020-02-02T09:57:33.000Z</time></trkpt>
      <trkpt lat="37.707388" lon="128.753392"><ele>1050.3</ele><time>2020-02-02T09:57:42.000Z</time></trkpt>
      <trkpt lat="37.707484" lon="128.753365"><ele>1050.7</ele><time>2020-02-02T09:57:50.000Z</time></trkpt>
      <trkpt lat="37.707576" lon="128.753331"><ele>1051.8</ele><time>2020-02-02T09:58:01.000Z</time></trkpt>
      <trkpt lat="37.707679" lon="128.753314"><ele>1053.0</ele><time>2020-02-02T09:58:15.000Z</time></trkpt>
      <trkpt lat="37.707775" lon="128.753297"><ele>1051.7</ele><time>2020-02-02T09:58:39.000Z</time></trkpt>
      <trkpt lat="37.707862" lon="128.753244"><ele>1053.1</ele><time>2020-02-02T09:58:52.000Z</time></trkpt>
      <trkpt lat="37.707936" lon="128.753168"><ele>1057.7</ele><time>2020-02-02T09:59:00.000Z</time></trkpt>
      <trkpt lat="37.708025" lon="128.753158"><ele>1055.4</ele><time>2020-02-02T09:59:07.000Z</time></trkpt>
      <trkpt lat="37.708112" lon="128.753090"><ele>1057.1</ele><time>2020-02-02T09:59:25.000Z</time></trkpt>
      <trkpt lat="37.708204" lon="128.753049"><ele>1057.7</ele><time>2020-02-02T09:59:36.000Z</time></trkpt>
      <trkpt lat="37.708285" lon="128.752993"><ele>1057.1</ele><time>2020-02-02T09:59:45.000Z</time></trkpt>
      <trkpt lat="37.708365" lon="128.752942"><ele>1060.1</ele><time>2020-02-02T09:59:58.000Z</time></trkpt>
      <trkpt lat="37.708445" lon="128.752892"><ele>1060.6</ele><time>2020-02-02T10:00:06.000Z</time></trkpt>
      <trkpt lat="37.708523" lon="128.752834"><ele>1060.6</ele><time>2020-02-02T10:00:14.000Z</time></trkpt>
      <trkpt lat="37.708618" lon="128.752785"><ele>1059.7</ele><time>2020-02-02T10:00:23.000Z</time></trkpt>
      <trkpt lat="37.708711" lon="128.752759"><ele>1059.0</ele><time>2020-02-02T10:00:33.000Z</time></trkpt>
      <trkpt lat="37.708800" lon="128.752743"><ele>1059.1</ele><time>2020-02-02T10:00:43.000Z</time></trkpt>
      <trkpt lat="37.708889" lon="128.752718"><ele>1060.7</ele><time>2020-02-02T10:00:50.000Z</time></trkpt>
      <trkpt lat="37.708976" lon="128.752681"><ele>1061.4</ele><time>2020-02-02T10:00:59.000Z</time></trkpt>
      <trkpt lat="37.709073" lon="128.752653"><ele>1063.6</ele><time>2020-02-02T10:01:07.000Z</time></trkpt>
      <trkpt lat="37.709155" lon="128.752597"><ele>1062.6</ele><time>2020-02-02T10:01:15.000Z</time></trkpt>
      <trkpt lat="37.709260" lon="128.752584"><ele>1061.8</ele><time>2020-02-02T10:01:28.000Z</time></trkpt>
      <trkpt lat="37.709359" lon="128.752575"><ele>1061.3</ele><time>2020-02-02T10:01:40.000Z</time></trkpt>
      <trkpt lat="37.709455" lon="128.752533"><ele>1062.0</ele><time>2020-02-02T10:01:51.000Z</time></trkpt>
      <trkpt lat="37.709549" lon="128.752549"><ele>1061.8</ele><time>2020-02-02T10:01:59.000Z</time></trkpt>
      <trkpt lat="37.709650" lon="128.752554"><ele>1062.1</ele><time>2020-02-02T10:02:14.000Z</time></trkpt>
      <trkpt lat="37.709752" lon="128.752540"><ele>1062.2</ele><time>2020-02-02T10:02:22.000Z</time></trkpt>
      <trkpt lat="37.709854" lon="128.752518"><ele>1061.6</ele><time>2020-02-02T10:02:31.000Z</time></trkpt>
      <trkpt lat="37.709940" lon="128.752484"><ele>1061.9</ele><time>2020-02-02T10:02:40.000Z</time></trkpt>
      <trkpt lat="37.710038" lon="128.752434"><ele>1062.5</ele><time>2020-02-02T10:02:49.000Z</time></trkpt>
      <trkpt lat="37.710129" lon="128.752382"><ele>1063.8</ele><time>2020-02-02T10:02:57.000Z</time></trkpt>
      <trkpt lat="37.710197" lon="128.752307"><ele>1064.7</ele><time>2020-02-02T10:03:04.000Z</time></trkpt>
      <trkpt lat="37.710260" lon="128.752192"><ele>1065.2</ele><time>2020-02-02T10:03:14.000Z</time></trkpt>
      <trkpt lat="37.710328" lon="128.752083"><ele>1064.4</ele><time>2020-02-02T10:03:25.000Z</time></trkpt>
      <trkpt lat="37.710389" lon="128.751997"><ele>1063.7</ele><time>2020-02-02T10:03:35.000Z</time></trkpt>
      <trkpt lat="37.710456" lon="128.751912"><ele>1061.5</ele><time>2020-02-02T10:03:44.000Z</time></trkpt>
      <trkpt lat="37.710477" lon="128.751798"><ele>1062.9</ele><time>2020-02-02T10:03:52.000Z</time></trkpt>
      <trkpt lat="37.710520" lon="128.751680"><ele>1061.6</ele><time>2020-02-02T10:04:02.000Z</time></trkpt>
      <trkpt lat="37.710567" lon="128.751582"><ele>1061.7</ele><time>2020-02-02T10:04:11.000Z</time></trkpt>
      <trkpt lat="37.710643" lon="128.751477"><ele>1061.9</ele><time>2020-02-02T10:04:20.000Z</time></trkpt>
      <trkpt lat="37.710734" lon="128.751411"><ele>1060.0</ele><time>2020-02-02T10:04:30.000Z</time></trkpt>
      <trkpt lat="37.710824" lon="128.751368"><ele>1060.0</ele><time>2020-02-02T10:04:38.000Z</time></trkpt>
      <trkpt lat="37.710903" lon="128.751298"><ele>1058.7</ele><time>2020-02-02T10:04:51.000Z</time></trkpt>
      <trkpt lat="37.710994" lon="128.751255"><ele>1058.7</ele><time>2020-02-02T10:05:00.000Z</time></trkpt>
      <trkpt lat="37.711083" lon="128.751221"><ele>1056.8</ele><time>2020-02-02T10:05:07.000Z</time></trkpt>
      <trkpt lat="37.711167" lon="128.751149"><ele>1057.6</ele><time>2020-02-02T10:05:14.000Z</time></trkpt>
      <trkpt lat="37.711235" lon="128.751056"><ele>1059.6</ele><time>2020-02-02T10:05:21.000Z</time></trkpt>
      <trkpt lat="37.711329" lon="128.751024"><ele>1055.7</ele><time>2020-02-02T10:05:32.000Z</time></trkpt>
      <trkpt lat="37.711415" lon="128.750981"><ele>1056.8</ele><time>2020-02-02T10:05:37.000Z</time></trkpt>
      <trkpt lat="37.711466" lon="128.750882"><ele>1055.3</ele><time>2020-02-02T10:05:47.000Z</time></trkpt>
      <trkpt lat="37.711528" lon="128.750786"><ele>1053.0</ele><time>2020-02-02T10:06:01.000Z</time></trkpt>
      <trkpt lat="37.711590" lon="128.750691"><ele>1051.3</ele><time>2020-02-02T10:06:10.000Z</time></trkpt>
      <trkpt lat="37.711666" lon="128.750601"><ele>1051.1</ele><time>2020-02-02T10:06:17.000Z</time></trkpt>
      <trkpt lat="37.711721" lon="128.750505"><ele>1049.9</ele><time>2020-02-02T10:06:25.000Z</time></trkpt>
      <trkpt lat="37.711780" lon="128.750411"><ele>1047.4</ele><time>2020-02-02T10:06:36.000Z</time></trkpt>
      <trkpt lat="37.711825" lon="128.750307"><ele>1047.9</ele><time>2020-02-02T10:06:47.000Z</time></trkpt>
      <trkpt lat="37.711893" lon="128.750224"><ele>1048.0</ele><time>2020-02-02T10:06:58.000Z</time></trkpt>
      <trkpt lat="37.711947" lon="128.750115"><ele>1049.4</ele><time>2020-02-02T10:07:06.000Z</time></trkpt>
      <trkpt lat="37.712030" lon="128.750036"><ele>1049.8</ele><time>2020-02-02T10:07:15.000Z</time></trkpt>
      <trkpt lat="37.712098" lon="128.749948"><ele>1051.1</ele><time>2020-02-02T10:07:21.000Z</time></trkpt>
      <trkpt lat="37.712150" lon="128.749840"><ele>1049.8</ele><time>2020-02-02T10:07:29.000Z</time></trkpt>
      <trkpt lat="37.712224" lon="128.749760"><ele>1051.8</ele><time>2020-02-02T10:07:39.000Z</time></trkpt>
      <trkpt lat="37.712298" lon="128.749661"><ele>1052.0</ele><time>2020-02-02T10:07:48.000Z</time></trkpt>
      <trkpt lat="37.712345" lon="128.749561"><ele>1051.7</ele><time>2020-02-02T10:08:06.000Z</time></trkpt>
      <trkpt lat="37.712410" lon="128.749452"><ele>1050.8</ele><time>2020-02-02T10:08:16.000Z</time></trkpt>
      <trkpt lat="37.712446" lon="128.749341"><ele>1050.8</ele><time>2020-02-02T10:08:26.000Z</time></trkpt>
      <trkpt lat="37.712464" lon="128.749215"><ele>1047.6</ele><time>2020-02-02T10:08:35.000Z</time></trkpt>
      <trkpt lat="37.712484" lon="128.749084"><ele>1050.1</ele><time>2020-02-02T10:08:48.000Z</time></trkpt>
      <trkpt lat="37.712480" lon="128.748951"><ele>1051.6</ele><time>2020-02-02T10:08:55.000Z</time></trkpt>
      <trkpt lat="37.712495" lon="128.748837"><ele>1052.1</ele><time>2020-02-02T10:09:03.000Z</time></trkpt>
      <trkpt lat="37.712522" lon="128.748718"><ele>1054.1</ele><time>2020-02-02T10:09:14.000Z</time></trkpt>
      <trkpt lat="37.712589" lon="128.748634"><ele>1057.6</ele><time>2020-02-02T10:09:22.000Z</time></trkpt>
      <trkpt lat="37.712639" lon="128.748524"><ele>1058.3</ele><time>2020-02-02T10:09:36.000Z</time></trkpt>
      <trkpt lat="37.712687" lon="128.748422"><ele>1060.3</ele><time>2020-02-02T10:09:52.000Z</time></trkpt>
      <trkpt lat="37.712689" lon="128.748309"><ele>1061.2</ele><time>2020-02-02T10:10:00.000Z</time></trkpt>
      <trkpt lat="37.712776" lon="128.748237"><ele>1062.6</ele><time>2020-02-02T10:10:34.000Z</time></trkpt>
      <trkpt lat="37.712855" lon="128.748181"><ele>1064.1</ele><time>2020-02-02T10:10:44.000Z</time></trkpt>
      <trkpt lat="37.712941" lon="128.748131"><ele>1065.0</ele><time>2020-02-02T10:11:00.000Z</time></trkpt>
      <trkpt lat="37.713017" lon="128.748064"><ele>1064.5</ele><time>2020-02-02T10:11:24.000Z</time></trkpt>
      <trkpt lat="37.713045" lon="128.747950"><ele>1064.4</ele><time>2020-02-02T10:11:34.000Z</time></trkpt>
      <trkpt lat="37.713067" lon="128.747836"><ele>1063.8</ele><time>2020-02-02T10:11:43.000Z</time></trkpt>
      <trkpt lat="37.713102" lon="128.747715"><ele>1063.6</ele><time>2020-02-02T10:11:53.000Z</time></trkpt>
      <trkpt lat="37.713133" lon="128.747594"><ele>1062.9</ele><time>2020-02-02T10:12:01.000Z</time></trkpt>
      <trkpt lat="37.713193" lon="128.747490"><ele>1062.7</ele><time>2020-02-02T10:12:11.000Z</time></trkpt>
      <trkpt lat="37.713261" lon="128.747406"><ele>1062.5</ele><time>2020-02-02T10:12:20.000Z</time></trkpt>
      <trkpt lat="37.713353" lon="128.747328"><ele>1062.5</ele><time>2020-02-02T10:12:31.000Z</time></trkpt>
      <trkpt lat="37.713424" lon="128.747258"><ele>1062.8</ele><time>2020-02-02T10:12:41.000Z</time></trkpt>
      <trkpt lat="37.713513" lon="128.747206"><ele>1062.8</ele><time>2020-02-02T10:12:54.000Z</time></trkpt>
      <trkpt lat="37.713602" lon="128.747159"><ele>1063.3</ele><time>2020-02-02T10:13:29.000Z</time></trkpt>
      <trkpt lat="37.713693" lon="128.747140"><ele>1063.1</ele><time>2020-02-02T10:13:37.000Z</time></trkpt>
      <trkpt lat="37.713777" lon="128.747066"><ele>1063.6</ele><time>2020-02-02T10:13:47.000Z</time></trkpt>
      <trkpt lat="37.713839" lon="128.746973"><ele>1064.0</ele><time>2020-02-02T10:13:56.000Z</time></trkpt>
      <trkpt lat="37.713903" lon="128.746895"><ele>1064.5</ele><time>2020-02-02T10:14:04.000Z</time></trkpt>
      <trkpt lat="37.713983" lon="128.746838"><ele>1066.0</ele><time>2020-02-02T10:14:18.000Z</time></trkpt>
      <trkpt lat="37.714089" lon="128.746814"><ele>1065.6</ele><time>2020-02-02T10:14:38.000Z</time></trkpt>
      <trkpt lat="37.714179" lon="128.746825"><ele>1066.2</ele><time>2020-02-02T10:14:53.000Z</time></trkpt>
      <trkpt lat="37.714277" lon="128.746839"><ele>1066.3</ele><time>2020-02-02T10:15:02.000Z</time></trkpt>
      <trkpt lat="37.714383" lon="128.746820"><ele>1068.2</ele><time>2020-02-02T10:15:10.000Z</time></trkpt>
      <trkpt lat="37.714478" lon="128.746802"><ele>1068.0</ele><time>2020-02-02T10:15:17.000Z</time></trkpt>
      <trkpt lat="37.714577" lon="128.746774"><ele>1067.4</ele><time>2020-02-02T10:15:26.000Z</time></trkpt>
      <trkpt lat="37.714678" lon="128.746765"><ele>1068.2</ele><time>2020-02-02T10:15:35.000Z</time></trkpt>
      <trkpt lat="37.714789" lon="128.746753"><ele>1070.1</ele><time>2020-02-02T10:15:45.000Z</time></trkpt>
      <trkpt lat="37.714882" lon="128.746707"><ele>1071.1</ele><time>2020-02-02T10:15:55.000Z</time></trkpt>
      <trkpt lat="37.714974" lon="128.746681"><ele>1073.3</ele><time>2020-02-02T10:16:03.000Z</time></trkpt>
      <trkpt lat="37.715054" lon="128.746624"><ele>1074.6</ele><time>2020-02-02T10:16:13.000Z</time></trkpt>
      <trkpt lat="37.715147" lon="128.746586"><ele>1076.2</ele><time>2020-02-02T10:16:25.000Z</time></trkpt>
      <trkpt lat="37.715233" lon="128.746544"><ele>1076.9</ele><time>2020-02-02T10:16:36.000Z</time></trkpt>
      <trkpt lat="37.715303" lon="128.746461"><ele>1078.3</ele><time>2020-02-02T10:16:51.000Z</time></trkpt>
      <trkpt lat="37.715399" lon="128.746430"><ele>1079.4</ele><time>2020-02-02T10:17:03.000Z</time></trkpt>
      <trkpt lat="37.715495" lon="128.746399"><ele>1080.4</ele><time>2020-02-02T10:17:13.000Z</time></trkpt>
      <trkpt lat="37.715600" lon="128.746385"><ele>1081.6</ele><time>2020-02-02T10:17:23.000Z</time></trkpt>
      <trkpt lat="37.715694" lon="128.746375"><ele>1082.8</ele><time>2020-02-02T10:17:33.000Z</time></trkpt>
      <trkpt lat="37.715782" lon="128.746400"><ele>1083.7</ele><time>2020-02-02T10:17:41.000Z</time></trkpt>
      <trkpt lat="37.715877" lon="128.746421"><ele>1083.3</ele><time>2020-02-02T10:17:52.000Z</time></trkpt>
      <trkpt lat="37.715960" lon="128.746388"><ele>1086.0</ele><time>2020-02-02T10:18:02.000Z</time></trkpt>
      <trkpt lat="37.716048" lon="128.746358"><ele>1088.1</ele><time>2020-02-02T10:18:13.000Z</time></trkpt>
      <trkpt lat="37.716125" lon="128.746286"><ele>1089.9</ele><time>2020-02-02T10:18:28.000Z</time></trkpt>
      <trkpt lat="37.716216" lon="128.746250"><ele>1090.3</ele><time>2020-02-02T10:18:36.000Z</time></trkpt>
      <trkpt lat="37.716296" lon="128.746194"><ele>1092.7</ele><time>2020-02-02T10:18:49.000Z</time></trkpt>
      <trkpt lat="37.716385" lon="128.746173"><ele>1094.0</ele><time>2020-02-02T10:18:59.000Z</time></trkpt>
      <trkpt lat="37.716474" lon="128.746147"><ele>1095.4</ele><time>2020-02-02T10:19:11.000Z</time></trkpt>
      <trkpt lat="37.716561" lon="128.746121"><ele>1097.8</ele><time>2020-02-02T10:19:20.000Z</time></trkpt>
      <trkpt lat="37.716654" lon="128.746076"><ele>1099.1</ele><time>2020-02-02T10:19:31.000Z</time></trkpt>
      <trkpt lat="37.716750" lon="128.746067"><ele>1100.3</ele><time>2020-02-02T10:19:41.000Z</time></trkpt>
      <trkpt lat="37.716835" lon="128.746016"><ele>1102.2</ele><time>2020-02-02T10:19:53.000Z</time></trkpt>
      <trkpt lat="37.716921" lon="128.745939"><ele>1104.3</ele><time>2020-02-02T10:20:03.000Z</time></trkpt>
      <trkpt lat="37.716983" lon="128.745836"><ele>1104.6</ele><time>2020-02-02T10:20:15.000Z</time></trkpt>
      <trkpt lat="37.717049" lon="128.745742"><ele>1105.8</ele><time>2020-02-02T10:20:25.000Z</time></trkpt>
      <trkpt lat="37.717130" lon="128.745662"><ele>1106.3</ele><time>2020-02-02T10:20:37.000Z</time></trkpt>
      <trkpt lat="37.717223" lon="128.745624"><ele>1107.5</ele><time>2020-02-02T10:20:46.000Z</time></trkpt>
      <trkpt lat="37.717325" lon="128.745611"><ele>1108.3</ele><time>2020-02-02T10:20:55.000Z</time></trkpt>
      <trkpt lat="37.717420" lon="128.745573"><ele>1108.7</ele><time>2020-02-02T10:21:06.000Z</time></trkpt>
      <trkpt lat="37.717503" lon="128.745526"><ele>1109.7</ele><time>2020-02-02T10:21:14.000Z</time></trkpt>
      <trkpt lat="37.717589" lon="128.745463"><ele>1110.6</ele><time>2020-02-02T10:21:24.000Z</time></trkpt>
      <trkpt lat="37.717676" lon="128.745417"><ele>1111.1</ele><time>2020-02-02T10:21:33.000Z</time></trkpt>
      <trkpt lat="37.717759" lon="128.745372"><ele>1110.9</ele><time>2020-02-02T10:21:43.000Z</time></trkpt>
      <trkpt lat="37.717862" lon="128.745314"><ele>1112.5</ele><time>2020-02-02T10:21:52.000Z</time></trkpt>
      <trkpt lat="37.717960" lon="128.745309"><ele>1112.1</ele><time>2020-02-02T10:22:02.000Z</time></trkpt>
      <trkpt lat="37.718052" lon="128.745300"><ele>1114.2</ele><time>2020-02-02T10:22:14.000Z</time></trkpt>
      <trkpt lat="37.718141" lon="128.745301"><ele>1115.6</ele><time>2020-02-02T10:22:27.000Z</time></trkpt>
      <trkpt lat="37.718255" lon="128.745308"><ele>1117.4</ele><time>2020-02-02T10:22:42.000Z</time></trkpt>
      <trkpt lat="37.718344" lon="128.745332"><ele>1120.2</ele><time>2020-02-02T10:23:13.000Z</time></trkpt>
      <trkpt lat="37.718433" lon="128.745358"><ele>1124.1</ele><time>2020-02-02T10:23:29.000Z</time></trkpt>
      <trkpt lat="37.718531" lon="128.745347"><ele>1125.8</ele><time>2020-02-02T10:23:45.000Z</time></trkpt>
      <trkpt lat="37.718625" lon="128.745379"><ele>1127.4</ele><time>2020-02-02T10:24:05.000Z</time></trkpt>
      <trkpt lat="37.718708" lon="128.745426"><ele>1129.8</ele><time>2020-02-02T10:24:22.000Z</time></trkpt>
      <trkpt lat="37.718796" lon="128.745488"><ele>1132.1</ele><time>2020-02-02T10:24:40.000Z</time></trkpt>
      <trkpt lat="37.718881" lon="128.745538"><ele>1133.6</ele><time>2020-02-02T10:24:54.000Z</time></trkpt>
      <trkpt lat="37.718984" lon="128.745546"><ele>1136.5</ele><time>2020-02-02T10:25:54.000Z</time></trkpt>
      <trkpt lat="37.719072" lon="128.745587"><ele>1137.4</ele><time>2020-02-02T10:26:05.000Z</time></trkpt>
      <trkpt lat="37.719146" lon="128.745650"><ele>1139.3</ele><time>2020-02-02T10:26:17.000Z</time></trkpt>
      <trkpt lat="37.719248" lon="128.745661"><ele>1141.3</ele><time>2020-02-02T10:26:31.000Z</time></trkpt>
      <trkpt lat="37.719335" lon="128.745699"><ele>1141.8</ele><time>2020-02-02T10:26:50.000Z</time></trkpt>
      <trkpt lat="37.719416" lon="128.745757"><ele>1142.6</ele><time>2020-02-02T10:27:00.000Z</time></trkpt>
      <trkpt lat="37.719501" lon="128.745798"><ele>1143.6</ele><time>2020-02-02T10:27:10.000Z</time></trkpt>
      <trkpt lat="37.719593" lon="128.745781"><ele>1144.0</ele><time>2020-02-02T10:27:32.000Z</time></trkpt>
      <trkpt lat="37.719647" lon="128.745770"><ele>1143.1</ele><time>2020-02-02T10:29:32.000Z</time></trkpt>
      <trkpt lat="37.719667" lon="128.745881"><ele>1143.7</ele><time>2020-02-02T10:39:32.000Z</time></trkpt>
      <trkpt lat="37.719759" lon="128.745905"><ele>1142.4</ele><time>2020-02-02T10:40:37.000Z</time></trkpt>
      <trkpt lat="37.719855" lon="128.745923"><ele>1142.7</ele><time>2020-02-02T10:40:47.000Z</time></trkpt>
      <trkpt lat="37.719951" lon="128.745970"><ele>1144.0</ele><time>2020-02-02T10:40:57.000Z</time></trkpt>
      <trkpt lat="37.720038" lon="128.746022"><ele>1144.2</ele><time>2020-02-02T10:41:07.000Z</time></trkpt>
      <trkpt lat="37.720133" lon="128.746051"><ele>1144.5</ele><time>2020-02-02T10:41:16.000Z</time></trkpt>
      <trkpt lat="37.720191" lon="128.746141"><ele>1144.9</ele><time>2020-02-02T10:41:30.000Z</time></trkpt>
      <trkpt lat="37.720182" lon="128.746254"><ele>1143.0</ele><time>2020-02-02T10:41:51.000Z</time></trkpt>
      <trkpt lat="37.720165" lon="128.746261"><ele>1141.1</ele><time>2020-02-02T10:43:31.000Z</time></trkpt>
      <trkpt lat="37.720231" lon="128.746183"><ele>1141.0</ele><time>2020-02-02T10:44:35.000Z</time></trkpt>
      <trkpt lat="37.720333" lon="128.746160"><ele>1144.3</ele><time>2020-02-02T10:44:49.000Z</time></trkpt>
      <trkpt lat="37.720429" lon="128.746162"><ele>1146.3</ele><time>2020-02-02T10:45:01.000Z</time></trkpt>
      <trkpt lat="37.720521" lon="128.746163"><ele>1148.3</ele><time>2020-02-02T10:45:09.000Z</time></trkpt>
      <trkpt lat="37.720630" lon="128.746177"><ele>1150.7</ele><time>2020-02-02T10:45:20.000Z</time></trkpt>
      <trkpt lat="37.720727" lon="128.746191"><ele>1152.5</ele><time>2020-02-02T10:45:35.000Z</time></trkpt>
      <trkpt lat="37.720823" lon="128.746196"><ele>1153.4</ele><time>2020-02-02T10:45:50.000Z</time></trkpt>
      <trkpt lat="37.720911" lon="128.746203"><ele>1155.8</ele><time>2020-02-02T10:46:02.000Z</time></trkpt>
      <trkpt lat="37.720999" lon="128.746203"><ele>1158.5</ele><time>2020-02-02T10:47:07.000Z</time></trkpt>
      <trkpt lat="37.721108" lon="128.746193"><ele>1158.6</ele><time>2020-02-02T10:47:17.000Z</time></trkpt>
      <trkpt lat="37.721200" lon="128.746204"><ele>1159.5</ele><time>2020-02-02T10:47:26.000Z</time></trkpt>
      <trkpt lat="37.721299" lon="128.746225"><ele>1160.3</ele><time>2020-02-02T10:47:36.000Z</time></trkpt>
      <trkpt lat="37.721383" lon="128.746168"><ele>1161.1</ele><time>2020-02-02T10:47:45.000Z</time></trkpt>
      <trkpt lat="37.721480" lon="128.746142"><ele>1161.6</ele><time>2020-02-02T10:47:55.000Z</time></trkpt>
      <trkpt lat="37.721574" lon="128.746120"><ele>1162.0</ele><time>2020-02-02T10:48:05.000Z</time></trkpt>
      <trkpt lat="37.721657" lon="128.746076"><ele>1162.4</ele><time>2020-02-02T10:48:15.000Z</time></trkpt>
      <trkpt lat="37.721735" lon="128.745996"><ele>1162.6</ele><time>2020-02-02T10:48:26.000Z</time></trkpt>
      <trkpt lat="37.721820" lon="128.745937"><ele>1165.3</ele><time>2020-02-02T10:48:46.000Z</time></trkpt>
      <trkpt lat="37.721894" lon="128.745866"><ele>1166.9</ele><time>2020-02-02T10:48:57.000Z</time></trkpt>
      <trkpt lat="37.721934" lon="128.745764"><ele>1166.6</ele><time>2020-02-02T10:49:09.000Z</time></trkpt>
      <trkpt lat="37.721970" lon="128.745652"><ele>1167.3</ele><time>2020-02-02T10:49:30.000Z</time></trkpt>
      <trkpt lat="37.721980" lon="128.745535"><ele>1168.7</ele><time>2020-02-02T10:49:42.000Z</time></trkpt>
      <trkpt lat="37.722040" lon="128.745426"><ele>1170.5</ele><time>2020-02-02T10:50:01.000Z</time></trkpt>
      <trkpt lat="37.722067" lon="128.745316"><ele>1171.3</ele><time>2020-02-02T10:50:17.000Z</time></trkpt>
      <trkpt lat="37.722126" lon="128.745222"><ele>1173.7</ele><time>2020-02-02T10:50:30.000Z</time></trkpt>
      <trkpt lat="37.722176" lon="128.745143"><ele>1178.6</ele><time>2020-02-02T10:50:53.000Z</time></trkpt>
      <trkpt lat="37.722260" lon="128.745150"><ele>1183.7</ele><time>2020-02-02T10:51:46.000Z</time></trkpt>
      <trkpt lat="37.722353" lon="128.745158"><ele>1183.3</ele><time>2020-02-02T10:52:03.000Z</time></trkpt>
      <trkpt lat="37.722443" lon="128.745110"><ele>1183.4</ele><time>2020-02-02T10:53:05.000Z</time></trkpt>
      <trkpt lat="37.722540" lon="128.745091"><ele>1183.7</ele><time>2020-02-02T10:53:56.000Z</time></trkpt>
      <trkpt lat="37.722638" lon="128.745072"><ele>1183.6</ele><time>2020-02-02T10:54:13.000Z</time></trkpt>
      <trkpt lat="37.722728" lon="128.745026"><ele>1183.3</ele><time>2020-02-02T10:54:27.000Z</time></trkpt>
      <trkpt lat="37.722817" lon="128.744988"><ele>1183.2</ele><time>2020-02-02T10:54:37.000Z</time></trkpt>
      <trkpt lat="37.722880" lon="128.744877"><ele>1182.0</ele><time>2020-02-02T10:54:53.000Z</time></trkpt>
      <trkpt lat="37.722905" lon="128.744752"><ele>1181.1</ele><time>2020-02-02T10:55:04.000Z</time></trkpt>
      <trkpt lat="37.722939" lon="128.744638"><ele>1180.6</ele><time>2020-02-02T10:55:14.000Z</time></trkpt>
      <trkpt lat="37.722991" lon="128.744535"><ele>1180.3</ele><time>2020-02-02T10:55:24.000Z</time></trkpt>
      <trkpt lat="37.723031" lon="128.744418"><ele>1179.0</ele><time>2020-02-02T10:55:34.000Z</time></trkpt>
      <trkpt lat="37.723104" lon="128.744338"><ele>1178.2</ele><time>2020-02-02T10:55:43.000Z</time></trkpt>
      <trkpt lat="37.723210" lon="128.744367"><ele>1177.2</ele><time>2020-02-02T10:56:00.000Z</time></trkpt>
      <trkpt lat="37.723302" lon="128.744325"><ele>1175.6</ele><time>2020-02-02T10:56:12.000Z</time></trkpt>
      <trkpt lat="37.723387" lon="128.744256"><ele>1173.3</ele><time>2020-02-02T10:56:25.000Z</time></trkpt>
      <trkpt lat="37.723420" lon="128.744127"><ele>1171.6</ele><time>2020-02-02T10:56:34.000Z</time></trkpt>
      <trkpt lat="37.723523" lon="128.744092"><ele>1169.6</ele><time>2020-02-02T10:57:02.000Z</time></trkpt>
      <trkpt lat="37.723562" lon="128.743987"><ele>1166.8</ele><time>2020-02-02T10:57:15.000Z</time></trkpt>
      <trkpt lat="37.723600" lon="128.743885"><ele>1161.6</ele><time>2020-02-02T10:57:33.000Z</time></trkpt>
      <trkpt lat="37.723646" lon="128.743807"><ele>1155.8</ele><time>2020-02-02T10:57:48.000Z</time></trkpt>
      <trkpt lat="37.723681" lon="128.743732"><ele>1146.8</ele><time>2020-02-02T10:58:22.000Z</time></trkpt>
      <trkpt lat="37.723733" lon="128.743682"><ele>1139.1</ele><time>2020-02-02T10:58:45.000Z</time></trkpt>
      <trkpt lat="37.723814" lon="128.743605"><ele>1135.8</ele><time>2020-02-02T10:58:55.000Z</time></trkpt>
      <trkpt lat="37.723942" lon="128.743506"><ele>1130.1</ele><time>2020-02-02T10:59:13.000Z</time></trkpt>
      <trkpt lat="37.724087" lon="128.743417"><ele>1129.0</ele><time>2020-02-02T10:59:16.000Z</time></trkpt>
      <trkpt lat="37.724184" lon="128.743457"><ele>1126.6</ele><time>2020-02-02T10:59:23.000Z</time></trkpt>
      <trkpt lat="37.724293" lon="128.743472"><ele>1124.8</ele><time>2020-02-02T10:59:29.000Z</time></trkpt>
      <trkpt lat="37.724442" lon="128.743422"><ele>1122.9</ele><time>2020-02-02T10:59:32.000Z</time></trkpt>
      <trkpt lat="37.724535" lon="128.743413"><ele>1121.6</ele><time>2020-02-02T10:59:36.000Z</time></trkpt>
      <trkpt lat="37.724559" lon="128.743293"><ele>1120.3</ele><time>2020-02-02T10:59:50.000Z</time></trkpt>
      <trkpt lat="37.724532" lon="128.743163"><ele>1119.7</ele><time>2020-02-02T11:00:01.000Z</time></trkpt>
      <trkpt lat="37.724511" lon="128.743038"><ele>1119.4</ele><time>2020-02-02T11:00:13.000Z</time></trkpt>
      <trkpt lat="37.724450" lon="128.742958"><ele>1121.6</ele><time>2020-02-02T11:00:29.000Z</time></trkpt>
      <trkpt lat="37.724366" lon="128.742909"><ele>1122.8</ele><time>2020-02-02T11:00:41.000Z</time></trkpt>
      <trkpt lat="37.724280" lon="128.742860"><ele>1124.7</ele><time>2020-02-02T11:00:51.000Z</time></trkpt>
      <trkpt lat="37.724183" lon="128.742814"><ele>1124.2</ele><time>2020-02-02T11:01:03.000Z</time></trkpt>
      <trkpt lat="37.724086" lon="128.742786"><ele>1124.1</ele><time>2020-02-02T11:01:14.000Z</time></trkpt>
      <trkpt lat="37.723999" lon="128.742747"><ele>1125.1</ele><time>2020-02-02T11:01:21.000Z</time></trkpt>
      <trkpt lat="37.723895" lon="128.742746"><ele>1125.3</ele><time>2020-02-02T11:01:33.000Z</time></trkpt>
      <trkpt lat="37.723804" lon="128.742770"><ele>1124.8</ele><time>2020-02-02T11:01:42.000Z</time></trkpt>
      <trkpt lat="37.723705" lon="128.742793"><ele>1123.3</ele><time>2020-02-02T11:01:53.000Z</time></trkpt>
      <trkpt lat="37.723622" lon="128.742779"><ele>1118.0</ele><time>2020-02-02T11:02:05.000Z</time></trkpt>
      <trkpt lat="37.723513" lon="128.742787"><ele>1118.7</ele><time>2020-02-02T11:02:13.000Z</time></trkpt>
      <trkpt lat="37.723420" lon="128.742778"><ele>1118.8</ele><time>2020-02-02T11:02:27.000Z</time></trkpt>
      <trkpt lat="37.723329" lon="128.742816"><ele>1118.9</ele><time>2020-02-02T11:02:34.000Z</time></trkpt>
      <trkpt lat="37.723225" lon="128.742825"><ele>1120.1</ele><time>2020-02-02T11:02:42.000Z</time></trkpt>
      <trkpt lat="37.723136" lon="128.742841"><ele>1119.5</ele><time>2020-02-02T11:02:51.000Z</time></trkpt>
      <trkpt lat="37.723047" lon="128.742876"><ele>1117.7</ele><time>2020-02-02T11:02:59.000Z</time></trkpt>
      <trkpt lat="37.722943" lon="128.742882"><ele>1118.9</ele><time>2020-02-02T11:03:07.000Z</time></trkpt>
      <trkpt lat="37.722854" lon="128.742896"><ele>1116.3</ele><time>2020-02-02T11:03:14.000Z</time></trkpt>
      <trkpt lat="37.722744" lon="128.742899"><ele>1116.6</ele><time>2020-02-02T11:03:24.000Z</time></trkpt>
      <trkpt lat="37.722652" lon="128.742918"><ele>1116.6</ele><time>2020-02-02T11:03:32.000Z</time></trkpt>
      <trkpt lat="37.722543" lon="128.742906"><ele>1117.7</ele><time>2020-02-02T11:03:40.000Z</time></trkpt>
      <trkpt lat="37.722437" lon="128.742896"><ele>1118.1</ele><time>2020-02-02T11:03:48.000Z</time></trkpt>
      <trkpt lat="37.722338" lon="128.742896"><ele>1118.8</ele><time>2020-02-02T11:03:57.000Z</time></trkpt>
      <trkpt lat="37.722229" lon="128.742913"><ele>1118.3</ele><time>2020-02-02T11:04:08.000Z</time></trkpt>
      <trkpt lat="37.722121" lon="128.742930"><ele>1117.5</ele><time>2020-02-02T11:04:17.000Z</time></trkpt>
      <trkpt lat="37.722028" lon="128.742959"><ele>1115.7</ele><time>2020-02-02T11:04:25.000Z</time></trkpt>
      <trkpt lat="37.721954" lon="128.742946"><ele>1122.0</ele><time>2020-02-02T11:04:32.000Z</time></trkpt>
      <trkpt lat="37.721850" lon="128.742944"><ele>1120.3</ele><time>2020-02-02T11:04:41.000Z</time></trkpt>
      <trkpt lat="37.721756" lon="128.742934"><ele>1120.3</ele><time>2020-02-02T11:04:49.000Z</time></trkpt>
      <trkpt lat="37.721661" lon="128.742940"><ele>1119.5</ele><time>2020-02-02T11:04:57.000Z</time></trkpt>
      <trkpt lat="37.721559" lon="128.742928"><ele>1120.6</ele><time>2020-02-02T11:05:07.000Z</time></trkpt>
      <trkpt lat="37.721443" lon="128.742921"><ele>1119.6</ele><time>2020-02-02T11:05:16.000Z</time></trkpt>
      <trkpt lat="37.721349" lon="128.742907"><ele>1119.2</ele><time>2020-02-02T11:05:23.000Z</time></trkpt>
      <trkpt lat="37.721245" lon="128.742865"><ele>1119.4</ele><time>2020-02-02T11:05:33.000Z</time></trkpt>
      <trkpt lat="37.721166" lon="128.742778"><ele>1118.0</ele><time>2020-02-02T11:05:48.000Z</time></trkpt>
      <trkpt lat="37.721080" lon="128.742718"><ele>1117.7</ele><time>2020-02-02T11:05:59.000Z</time></trkpt>
      <trkpt lat="37.720992" lon="128.742640"><ele>1118.4</ele><time>2020-02-02T11:06:12.000Z</time></trkpt>
      <trkpt lat="37.720899" lon="128.742634"><ele>1118.2</ele><time>2020-02-02T11:06:23.000Z</time></trkpt>
      <trkpt lat="37.720828" lon="128.742700"><ele>1115.5</ele><time>2020-02-02T11:06:33.000Z</time></trkpt>
      <trkpt lat="37.720748" lon="128.742771"><ele>1115.4</ele><time>2020-02-02T11:06:51.000Z</time></trkpt>
      <trkpt lat="37.720652" lon="128.742797"><ele>1114.3</ele><time>2020-02-02T11:06:58.000Z</time></trkpt>
      <trkpt lat="37.720565" lon="128.742871"><ele>1112.6</ele><time>2020-02-02T11:07:08.000Z</time></trkpt>
      <trkpt lat="37.720470" lon="128.742952"><ele>1111.2</ele><time>2020-02-02T11:07:21.000Z</time></trkpt>
      <trkpt lat="37.720405" lon="128.743054"><ele>1110.5</ele><time>2020-02-02T11:07:28.000Z</time></trkpt>
      <trkpt lat="37.720362" lon="128.743166"><ele>1109.7</ele><time>2020-02-02T11:07:34.000Z</time></trkpt>
      <trkpt lat="37.720284" lon="128.743280"><ele>1109.0</ele><time>2020-02-02T11:07:42.000Z</time></trkpt>
      <trkpt lat="37.720191" lon="128.743314"><ele>1108.9</ele><time>2020-02-02T11:07:49.000Z</time></trkpt>
      <trkpt lat="37.720092" lon="128.743318"><ele>1108.8</ele><time>2020-02-02T11:07:57.000Z</time></trkpt>
      <trkpt lat="37.719989" lon="128.743306"><ele>1108.5</ele><time>2020-02-02T11:08:05.000Z</time></trkpt>
      <trkpt lat="37.719895" lon="128.743303"><ele>1107.9</ele><time>2020-02-02T11:08:12.000Z</time></trkpt>
      <trkpt lat="37.719790" lon="128.743311"><ele>1107.0</ele><time>2020-02-02T11:08:23.000Z</time></trkpt>
      <trkpt lat="37.719696" lon="128.743343"><ele>1105.5</ele><time>2020-02-02T11:08:32.000Z</time></trkpt>
      <trkpt lat="37.719614" lon="128.743404"><ele>1106.3</ele><time>2020-02-02T11:08:39.000Z</time></trkpt>
      <trkpt lat="37.719512" lon="128.743452"><ele>1104.6</ele><time>2020-02-02T11:08:47.000Z</time></trkpt>
      <trkpt lat="37.719429" lon="128.743525"><ele>1102.6</ele><time>2020-02-02T11:08:56.000Z</time></trkpt>
      <trkpt lat="37.719337" lon="128.743583"><ele>1101.4</ele><time>2020-02-02T11:09:05.000Z</time></trkpt>
      <trkpt lat="37.719244" lon="128.743615"><ele>1100.6</ele><time>2020-02-02T11:09:13.000Z</time></trkpt>
      <trkpt lat="37.719150" lon="128.743641"><ele>1099.8</ele><time>2020-02-02T11:09:21.000Z</time></trkpt>
      <trkpt lat="37.719053" lon="128.743653"><ele>1098.4</ele><time>2020-02-02T11:09:27.000Z</time></trkpt>
      <trkpt lat="37.718944" lon="128.743670"><ele>1098.3</ele><time>2020-02-02T11:09:36.000Z</time></trkpt>
      <trkpt lat="37.718849" lon="128.743710"><ele>1094.7</ele><time>2020-02-02T11:09:46.000Z</time></trkpt>
      <trkpt lat="37.718761" lon="128.743747"><ele>1096.2</ele><time>2020-02-02T11:09:54.000Z</time></trkpt>
      <trkpt lat="37.718670" lon="128.743792"><ele>1095.9</ele><time>2020-02-02T11:10:05.000Z</time></trkpt>
      <trkpt lat="37.718569" lon="128.743780"><ele>1095.4</ele><time>2020-02-02T11:10:14.000Z</time></trkpt>
      <trkpt lat="37.718475" lon="128.743768"><ele>1093.9</ele><time>2020-02-02T11:10:21.000Z</time></trkpt>
      <trkpt lat="37.718375" lon="128.743754"><ele>1092.7</ele><time>2020-02-02T11:10:28.000Z</time></trkpt>
      <trkpt lat="37.718280" lon="128.743753"><ele>1089.9</ele><time>2020-02-02T11:10:36.000Z</time></trkpt>
      <trkpt lat="37.718172" lon="128.743762"><ele>1089.5</ele><time>2020-02-02T11:10:46.000Z</time></trkpt>
      <trkpt lat="37.718063" lon="128.743797"><ele>1087.8</ele><time>2020-02-02T11:10:55.000Z</time></trkpt>
      <trkpt lat="37.717975" lon="128.743812"><ele>1086.0</ele><time>2020-02-02T11:11:02.000Z</time></trkpt>
      <trkpt lat="37.717893" lon="128.743866"><ele>1085.6</ele><time>2020-02-02T11:11:10.000Z</time></trkpt>
      <trkpt lat="37.717808" lon="128.743914"><ele>1084.5</ele><time>2020-02-02T11:11:16.000Z</time></trkpt>
      <trkpt lat="37.717717" lon="128.743944"><ele>1083.3</ele><time>2020-02-02T11:11:23.000Z</time></trkpt>
      <trkpt lat="37.717617" lon="128.743924"><ele>1082.1</ele><time>2020-02-02T11:11:32.000Z</time></trkpt>
      <trkpt lat="37.717531" lon="128.743864"><ele>1080.8</ele><time>2020-02-02T11:11:41.000Z</time></trkpt>
      <trkpt lat="37.717437" lon="128.743819"><ele>1079.4</ele><time>2020-02-02T11:11:50.000Z</time></trkpt>
      <trkpt lat="37.717338" lon="128.743755"><ele>1078.5</ele><time>2020-02-02T11:11:58.000Z</time></trkpt>
      <trkpt lat="37.717242" lon="128.743691"><ele>1077.0</ele><time>2020-02-02T11:12:08.000Z</time></trkpt>
      <trkpt lat="37.717147" lon="128.743669"><ele>1074.1</ele><time>2020-02-02T11:12:29.000Z</time></trkpt>
      <trkpt lat="37.717069" lon="128.743760"><ele>1073.0</ele><time>2020-02-02T11:12:35.000Z</time></trkpt>
      <trkpt lat="37.717022" lon="128.743868"><ele>1070.8</ele><time>2020-02-02T11:12:42.000Z</time></trkpt>
      <trkpt lat="37.716968" lon="128.743975"><ele>1070.2</ele><time>2020-02-02T11:13:04.000Z</time></trkpt>
      <trkpt lat="37.716989" lon="128.744137"><ele>1069.2</ele><time>2020-02-02T11:13:30.000Z</time></trkpt>
      <trkpt lat="37.716971" lon="128.744258"><ele>1057.7</ele><time>2020-02-02T11:14:15.000Z</time></trkpt>
      <trkpt lat="37.717005" lon="128.744186"><ele>1064.5</ele><time>2020-02-02T11:14:39.000Z</time></trkpt>
      <trkpt lat="37.716917" lon="128.744182"><ele>1068.0</ele><time>2020-02-02T11:15:29.000Z</time></trkpt>
      <trkpt lat="37.716823" lon="128.744177"><ele>1067.3</ele><time>2020-02-02T11:15:39.000Z</time></trkpt>
      <trkpt lat="37.716744" lon="128.744120"><ele>1064.0</ele><time>2020-02-02T11:15:58.000Z</time></trkpt>
      <trkpt lat="37.716652" lon="128.744145"><ele>1064.4</ele><time>2020-02-02T11:16:21.000Z</time></trkpt>
      <trkpt lat="37.716551" lon="128.744161"><ele>1063.8</ele><time>2020-02-02T11:16:27.000Z</time></trkpt>
      <trkpt lat="37.716452" lon="128.744178"><ele>1061.1</ele><time>2020-02-02T11:16:35.000Z</time></trkpt>
      <trkpt lat="37.716341" lon="128.744238"><ele>1061.8</ele><time>2020-02-02T11:16:42.000Z</time></trkpt>
      <trkpt lat="37.716249" lon="128.744269"><ele>1059.5</ele><time>2020-02-02T11:16:49.000Z</time></trkpt>
      <trkpt lat="37.716196" lon="128.744157"><ele>1060.1</ele><time>2020-02-02T11:17:01.000Z</time></trkpt>
      <trkpt lat="37.716133" lon="128.744074"><ele>1057.7</ele><time>2020-02-02T11:17:08.000Z</time></trkpt>
      <trkpt lat="37.716028" lon="128.744019"><ele>1056.5</ele><time>2020-02-02T11:17:16.000Z</time></trkpt>
      <trkpt lat="37.715926" lon="128.744023"><ele>1058.7</ele><time>2020-02-02T11:17:22.000Z</time></trkpt>
      <trkpt lat="37.715835" lon="128.743988"><ele>1056.0</ele><time>2020-02-02T11:17:33.000Z</time></trkpt>
      <trkpt lat="37.715757" lon="128.744036"><ele>1052.9</ele><time>2020-02-02T11:17:45.000Z</time></trkpt>
      <trkpt lat="37.715666" lon="128.744060"><ele>1048.2</ele><time>2020-02-02T11:18:04.000Z</time></trkpt>
      <trkpt lat="37.715580" lon="128.744118"><ele>1046.3</ele><time>2020-02-02T11:18:11.000Z</time></trkpt>
      <trkpt lat="37.715492" lon="128.744139"><ele>1044.0</ele><time>2020-02-02T11:18:19.000Z</time></trkpt>
      <trkpt lat="37.715369" lon="128.744140"><ele>1043.7</ele><time>2020-02-02T11:18:25.000Z</time></trkpt>
      <trkpt lat="37.715256" lon="128.744176"><ele>1042.5</ele><time>2020-02-02T11:18:33.000Z</time></trkpt>
      <trkpt lat="37.715160" lon="128.744195"><ele>1040.3</ele><time>2020-02-02T11:18:43.000Z</time></trkpt>
      <trkpt lat="37.715063" lon="128.744233"><ele>1039.5</ele><time>2020-02-02T11:18:54.000Z</time></trkpt>
      <trkpt lat="37.714984" lon="128.744289"><ele>1037.0</ele><time>2020-02-02T11:19:03.000Z</time></trkpt>
      <trkpt lat="37.714888" lon="128.744307"><ele>1034.4</ele><time>2020-02-02T11:19:11.000Z</time></trkpt>
      <trkpt lat="37.714799" lon="128.744352"><ele>1031.5</ele><time>2020-02-02T11:19:21.000Z</time></trkpt>
      <trkpt lat="37.714707" lon="128.744375"><ele>1029.0</ele><time>2020-02-02T11:19:43.000Z</time></trkpt>
      <trkpt lat="37.714635" lon="128.744483"><ele>1029.2</ele><time>2020-02-02T11:19:52.000Z</time></trkpt>
      <trkpt lat="37.714572" lon="128.744578"><ele>1028.1</ele><time>2020-02-02T11:20:15.000Z</time></trkpt>
      <trkpt lat="37.714499" lon="128.744699"><ele>1027.8</ele><time>2020-02-02T11:20:23.000Z</time></trkpt>
      <trkpt lat="37.714417" lon="128.744756"><ele>1027.3</ele><time>2020-02-02T11:20:29.000Z</time></trkpt>
      <trkpt lat="37.714339" lon="128.744832"><ele>1026.6</ele><time>2020-02-02T11:20:35.000Z</time></trkpt>
      <trkpt lat="37.714278" lon="128.744918"><ele>1025.6</ele><time>2020-02-02T11:21:23.000Z</time></trkpt>
      <trkpt lat="37.714200" lon="128.744982"><ele>1025.2</ele><time>2020-02-02T11:21:38.000Z</time></trkpt>
      <trkpt lat="37.714130" lon="128.745060"><ele>1024.8</ele><time>2020-02-02T11:21:45.000Z</time></trkpt>
      <trkpt lat="37.714039" lon="128.745099"><ele>1024.8</ele><time>2020-02-02T11:21:55.000Z</time></trkpt>
      <trkpt lat="37.713932" lon="128.745070"><ele>1024.5</ele><time>2020-02-02T11:22:05.000Z</time></trkpt>
      <trkpt lat="37.713862" lon="128.744973"><ele>1026.1</ele><time>2020-02-02T11:22:20.000Z</time></trkpt>
      <trkpt lat="37.713840" lon="128.744856"><ele>1023.5</ele><time>2020-02-02T11:22:30.000Z</time></trkpt>
      <trkpt lat="37.713781" lon="128.744778"><ele>1019.8</ele><time>2020-02-02T11:22:40.000Z</time></trkpt>
      <trkpt lat="37.713691" lon="128.744734"><ele>1019.1</ele><time>2020-02-02T11:22:53.000Z</time></trkpt>
      <trkpt lat="37.713607" lon="128.744660"><ele>1017.4</ele><time>2020-02-02T11:23:00.000Z</time></trkpt>
      <trkpt lat="37.713499" lon="128.744595"><ele>1015.9</ele><time>2020-02-02T11:23:08.000Z</time></trkpt>
      <trkpt lat="37.713385" lon="128.744563"><ele>1015.2</ele><time>2020-02-02T11:23:16.000Z</time></trkpt>
      <trkpt lat="37.713293" lon="128.744543"><ele>1016.6</ele><time>2020-02-02T11:23:23.000Z</time></trkpt>
      <trkpt lat="37.713199" lon="128.744541"><ele>1014.8</ele><time>2020-02-02T11:23:30.000Z</time></trkpt>
      <trkpt lat="37.713104" lon="128.744554"><ele>1013.1</ele><time>2020-02-02T11:23:40.000Z</time></trkpt>
      <trkpt lat="37.713001" lon="128.744569"><ele>1011.8</ele><time>2020-02-02T11:23:54.000Z</time></trkpt>
      <trkpt lat="37.712897" lon="128.744589"><ele>1010.7</ele><time>2020-02-02T11:24:03.000Z</time></trkpt>
      <trkpt lat="37.712813" lon="128.744630"><ele>1009.7</ele><time>2020-02-02T11:24:15.000Z</time></trkpt>
      <trkpt lat="37.712721" lon="128.744665"><ele>1009.1</ele><time>2020-02-02T11:24:26.000Z</time></trkpt>
      <trkpt lat="37.712625" lon="128.744676"><ele>1009.1</ele><time>2020-02-02T11:24:37.000Z</time></trkpt>
      <trkpt lat="37.712533" lon="128.744746"><ele>1008.5</ele><time>2020-02-02T11:24:45.000Z</time></trkpt>
      <trkpt lat="37.712437" lon="128.744776"><ele>1008.2</ele><time>2020-02-02T11:24:53.000Z</time></trkpt>
      <trkpt lat="37.712345" lon="128.744810"><ele>1011.1</ele><time>2020-02-02T11:25:01.000Z</time></trkpt>
      <trkpt lat="37.712268" lon="128.744866"><ele>1008.4</ele><time>2020-02-02T11:25:17.000Z</time></trkpt>
      <trkpt lat="37.712171" lon="128.744871"><ele>1007.5</ele><time>2020-02-02T11:25:24.000Z</time></trkpt>
      <trkpt lat="37.712071" lon="128.744875"><ele>1005.8</ele><time>2020-02-02T11:25:32.000Z</time></trkpt>
      <trkpt lat="37.711981" lon="128.744859"><ele>1003.9</ele><time>2020-02-02T11:25:40.000Z</time></trkpt>
      <trkpt lat="37.711887" lon="128.744871"><ele>1003.2</ele><time>2020-02-02T11:25:46.000Z</time></trkpt>
      <trkpt lat="37.711810" lon="128.744954"><ele>1001.5</ele><time>2020-02-02T11:26:08.000Z</time></trkpt>
      <trkpt lat="37.711657" lon="128.744983"><ele>999.5</ele><time>2020-02-02T11:26:34.000Z</time></trkpt>
      <trkpt lat="37.711571" lon="128.745100"><ele>998.4</ele><time>2020-02-02T11:26:43.000Z</time></trkpt>
      <trkpt lat="37.711497" lon="128.745176"><ele>997.5</ele><time>2020-02-02T11:26:52.000Z</time></trkpt>
      <trkpt lat="37.711441" lon="128.745286"><ele>997.3</ele><time>2020-02-02T11:27:03.000Z</time></trkpt>
      <trkpt lat="37.711378" lon="128.745402"><ele>997.2</ele><time>2020-02-02T11:27:13.000Z</time></trkpt>
      <trkpt lat="37.711350" lon="128.745514"><ele>996.5</ele><time>2020-02-02T11:27:25.000Z</time></trkpt>
      <trkpt lat="37.711301" lon="128.745610"><ele>996.6</ele><time>2020-02-02T11:27:37.000Z</time></trkpt>
      <trkpt lat="37.711258" lon="128.745713"><ele>997.3</ele><time>2020-02-02T11:27:49.000Z</time></trkpt>
      <trkpt lat="37.711203" lon="128.745837"><ele>996.8</ele><time>2020-02-02T11:28:07.000Z</time></trkpt>
      <trkpt lat="37.711108" lon="128.745929"><ele>996.0</ele><time>2020-02-02T11:28:15.000Z</time></trkpt>
      <trkpt lat="37.711000" lon="128.745998"><ele>994.7</ele><time>2020-02-02T11:28:22.000Z</time></trkpt>
      <trkpt lat="37.710907" lon="128.746053"><ele>993.2</ele><time>2020-02-02T11:28:30.000Z</time></trkpt>
      <trkpt lat="37.710842" lon="128.746138"><ele>991.6</ele><time>2020-02-02T11:28:36.000Z</time></trkpt>
      <trkpt lat="37.710802" lon="128.746244"><ele>991.3</ele><time>2020-02-02T11:28:48.000Z</time></trkpt>
      <trkpt lat="37.710750" lon="128.746358"><ele>991.1</ele><time>2020-02-02T11:28:53.000Z</time></trkpt>
      <trkpt lat="37.710692" lon="128.746481"><ele>990.3</ele><time>2020-02-02T11:29:00.000Z</time></trkpt>
      <trkpt lat="37.710634" lon="128.746573"><ele>990.6</ele><time>2020-02-02T11:29:05.000Z</time></trkpt>
      <trkpt lat="37.710559" lon="128.746676"><ele>990.8</ele><time>2020-02-02T11:29:11.000Z</time></trkpt>
      <trkpt lat="37.710485" lon="128.746791"><ele>991.1</ele><time>2020-02-02T11:29:20.000Z</time></trkpt>
      <trkpt lat="37.710413" lon="128.746882"><ele>991.5</ele><time>2020-02-02T11:29:38.000Z</time></trkpt>
      <trkpt lat="37.710374" lon="128.747002"><ele>992.0</ele><time>2020-02-02T11:29:47.000Z</time></trkpt>
      <trkpt lat="37.710309" lon="128.747115"><ele>992.0</ele><time>2020-02-02T11:29:55.000Z</time></trkpt>
      <trkpt lat="37.710249" lon="128.747210"><ele>991.9</ele><time>2020-02-02T11:30:04.000Z</time></trkpt>
      <trkpt lat="37.710136" lon="128.747278"><ele>991.9</ele><time>2020-02-02T11:30:21.000Z</time></trkpt>
      <trkpt lat="37.710041" lon="128.747319"><ele>991.2</ele><time>2020-02-02T11:30:27.000Z</time></trkpt>
      <trkpt lat="37.709940" lon="128.747343"><ele>990.1</ele><time>2020-02-02T11:30:33.000Z</time></trkpt>
      <trkpt lat="37.709836" lon="128.747383"><ele>989.4</ele><time>2020-02-02T11:30:44.000Z</time></trkpt>
      <trkpt lat="37.709738" lon="128.747408"><ele>988.5</ele><time>2020-02-02T11:30:53.000Z</time></trkpt>
      <trkpt lat="37.709642" lon="128.747462"><ele>987.2</ele><time>2020-02-02T11:31:04.000Z</time></trkpt>
      <trkpt lat="37.709540" lon="128.747518"><ele>986.5</ele><time>2020-02-02T11:31:14.000Z</time></trkpt>
      <trkpt lat="37.709436" lon="128.747543"><ele>986.1</ele><time>2020-02-02T11:31:21.000Z</time></trkpt>
      <trkpt lat="37.709341" lon="128.747542"><ele>986.0</ele><time>2020-02-02T11:31:30.000Z</time></trkpt>
      <trkpt lat="37.709243" lon="128.747541"><ele>985.8</ele><time>2020-02-02T11:31:37.000Z</time></trkpt>
      <trkpt lat="37.709148" lon="128.747532"><ele>985.4</ele><time>2020-02-02T11:31:44.000Z</time></trkpt>
      <trkpt lat="37.709032" lon="128.747539"><ele>985.1</ele><time>2020-02-02T11:31:52.000Z</time></trkpt>
      <trkpt lat="37.708920" lon="128.747543"><ele>984.8</ele><time>2020-02-02T11:32:01.000Z</time></trkpt>
      <trkpt lat="37.708833" lon="128.747571"><ele>983.6</ele><time>2020-02-02T11:32:08.000Z</time></trkpt>
      <trkpt lat="37.708736" lon="128.747595"><ele>982.6</ele><time>2020-02-02T11:32:16.000Z</time></trkpt>
      <trkpt lat="37.708645" lon="128.747625"><ele>981.4</ele><time>2020-02-02T11:32:24.000Z</time></trkpt>
      <trkpt lat="37.708552" lon="128.747661"><ele>980.8</ele><time>2020-02-02T11:32:31.000Z</time></trkpt>
      <trkpt lat="37.708448" lon="128.747682"><ele>980.0</ele><time>2020-02-02T11:32:41.000Z</time></trkpt>
      <trkpt lat="37.708360" lon="128.747747"><ele>979.7</ele><time>2020-02-02T11:32:51.000Z</time></trkpt>
      <trkpt lat="37.708242" lon="128.747762"><ele>980.5</ele><time>2020-02-02T11:33:00.000Z</time></trkpt>
      <trkpt lat="37.708149" lon="128.747738"><ele>979.4</ele><time>2020-02-02T11:33:10.000Z</time></trkpt>
      <trkpt lat="37.708054" lon="128.747717"><ele>977.7</ele><time>2020-02-02T11:33:18.000Z</time></trkpt>
      <trkpt lat="37.707962" lon="128.747660"><ele>974.8</ele><time>2020-02-02T11:33:36.000Z</time></trkpt>
      <trkpt lat="37.707863" lon="128.747666"><ele>972.3</ele><time>2020-02-02T11:33:45.000Z</time></trkpt>
      <trkpt lat="37.707772" lon="128.747697"><ele>970.7</ele><time>2020-02-02T11:33:51.000Z</time></trkpt>
      <trkpt lat="37.707655" lon="128.747746"><ele>969.4</ele><time>2020-02-02T11:33:58.000Z</time></trkpt>
      <trkpt lat="37.707541" lon="128.747792"><ele>968.2</ele><time>2020-02-02T11:34:05.000Z</time></trkpt>
      <trkpt lat="37.707438" lon="128.747785"><ele>966.5</ele><time>2020-02-02T11:34:14.000Z</time></trkpt>
      <trkpt lat="37.707342" lon="128.747778"><ele>965.7</ele><time>2020-02-02T11:34:22.000Z</time></trkpt>
      <trkpt lat="37.707252" lon="128.747802"><ele>964.8</ele><time>2020-02-02T11:34:32.000Z</time></trkpt>
      <trkpt lat="37.707156" lon="128.747819"><ele>964.3</ele><time>2020-02-02T11:34:40.000Z</time></trkpt>
      <trkpt lat="37.707047" lon="128.747822"><ele>963.6</ele><time>2020-02-02T11:34:51.000Z</time></trkpt>
      <trkpt lat="37.706943" lon="128.747847"><ele>962.0</ele><time>2020-02-02T11:35:01.000Z</time></trkpt>
      <trkpt lat="37.706861" lon="128.747901"><ele>960.7</ele><time>2020-02-02T11:35:08.000Z</time></trkpt>
      <trkpt lat="37.706776" lon="128.747948"><ele>958.0</ele><time>2020-02-02T11:35:19.000Z</time></trkpt>
      <trkpt lat="37.706698" lon="128.748068"><ele>955.1</ele><time>2020-02-02T11:35:39.000Z</time></trkpt>
      <trkpt lat="37.706636" lon="128.748150"><ele>954.4</ele><time>2020-02-02T11:35:45.000Z</time></trkpt>
      <trkpt lat="37.706616" lon="128.748287"><ele>954.0</ele><time>2020-02-02T11:35:54.000Z</time></trkpt>
      <trkpt lat="37.706574" lon="128.748393"><ele>954.0</ele><time>2020-02-02T11:36:04.000Z</time></trkpt>
      <trkpt lat="37.706510" lon="128.748496"><ele>951.8</ele><time>2020-02-02T11:36:28.000Z</time></trkpt>
      <trkpt lat="37.706433" lon="128.748552"><ele>948.0</ele><time>2020-02-02T11:37:04.000Z</time></trkpt>
      <trkpt lat="37.706340" lon="128.748558"><ele>946.3</ele><time>2020-02-02T11:37:18.000Z</time></trkpt>
      <trkpt lat="37.706243" lon="128.748573"><ele>944.6</ele><time>2020-02-02T11:37:28.000Z</time></trkpt>
      <trkpt lat="37.706149" lon="128.748586"><ele>944.1</ele><time>2020-02-02T11:37:35.000Z</time></trkpt>
      <trkpt lat="37.706039" lon="128.748601"><ele>943.4</ele><time>2020-02-02T11:37:43.000Z</time></trkpt>
      <trkpt lat="37.705904" lon="128.748626"><ele>941.7</ele><time>2020-02-02T11:37:50.000Z</time></trkpt>
      <trkpt lat="37.705812" lon="128.748659"><ele>940.1</ele><time>2020-02-02T11:37:57.000Z</time></trkpt>
      <trkpt lat="37.705723" lon="128.748696"><ele>939.3</ele><time>2020-02-02T11:38:06.000Z</time></trkpt>
      <trkpt lat="37.705636" lon="128.748743"><ele>938.6</ele><time>2020-02-02T11:38:13.000Z</time></trkpt>
      <trkpt lat="37.705530" lon="128.748782"><ele>937.7</ele><time>2020-02-02T11:38:20.000Z</time></trkpt>
      <trkpt lat="37.705441" lon="128.748766"><ele>938.6</ele><time>2020-02-02T11:38:30.000Z</time></trkpt>
      <trkpt lat="37.705341" lon="128.748784"><ele>938.9</ele><time>2020-02-02T11:38:47.000Z</time></trkpt>
      <trkpt lat="37.705239" lon="128.748795"><ele>938.1</ele><time>2020-02-02T11:38:57.000Z</time></trkpt>
      <trkpt lat="37.705141" lon="128.748785"><ele>937.0</ele><time>2020-02-02T11:39:03.000Z</time></trkpt>
      <trkpt lat="37.705047" lon="128.748788"><ele>935.1</ele><time>2020-02-02T11:39:12.000Z</time></trkpt>
      <trkpt lat="37.704927" lon="128.748789"><ele>934.1</ele><time>2020-02-02T11:39:21.000Z</time></trkpt>
      <trkpt lat="37.704836" lon="128.748777"><ele>934.2</ele><time>2020-02-02T11:39:29.000Z</time></trkpt>
      <trkpt lat="37.704743" lon="128.748808"><ele>933.7</ele><time>2020-02-02T11:39:38.000Z</time></trkpt>
      <trkpt lat="37.704656" lon="128.748859"><ele>932.9</ele><time>2020-02-02T11:39:48.000Z</time></trkpt>
      <trkpt lat="37.704560" lon="128.748905"><ele>933.3</ele><time>2020-02-02T11:39:59.000Z</time></trkpt>
      <trkpt lat="37.704458" lon="128.748935"><ele>935.8</ele><time>2020-02-02T11:40:04.000Z</time></trkpt>
      <trkpt lat="37.704361" lon="128.748949"><ele>935.3</ele><time>2020-02-02T11:40:12.000Z</time></trkpt>
      <trkpt lat="37.704272" lon="128.748980"><ele>933.9</ele><time>2020-02-02T11:40:25.000Z</time></trkpt>
      <trkpt lat="37.704171" lon="128.748982"><ele>932.0</ele><time>2020-02-02T11:40:32.000Z</time></trkpt>
      <trkpt lat="37.704075" lon="128.748976"><ele>932.0</ele><time>2020-02-02T11:40:40.000Z</time></trkpt>
      <trkpt lat="37.703985" lon="128.748976"><ele>933.2</ele><time>2020-02-02T11:40:46.000Z</time></trkpt>
      <trkpt lat="37.703891" lon="128.748986"><ele>931.7</ele><time>2020-02-02T11:40:54.000Z</time></trkpt>
      <trkpt lat="37.703802" lon="128.749008"><ele>931.2</ele><time>2020-02-02T11:41:02.000Z</time></trkpt>
      <trkpt lat="37.703692" lon="128.748989"><ele>931.0</ele><time>2020-02-02T11:41:16.000Z</time></trkpt>
      <trkpt lat="37.703602" lon="128.748929"><ele>930.2</ele><time>2020-02-02T11:41:28.000Z</time></trkpt>
      <trkpt lat="37.703512" lon="128.748884"><ele>928.9</ele><time>2020-02-02T11:41:35.000Z</time></trkpt>
      <trkpt lat="37.703423" lon="128.748877"><ele>927.3</ele><time>2020-02-02T11:41:44.000Z</time></trkpt>
      <trkpt lat="37.703331" lon="128.748804"><ele>925.5</ele><time>2020-02-02T11:41:55.000Z</time></trkpt>
      <trkpt lat="37.703274" lon="128.748712"><ele>924.8</ele><time>2020-02-02T11:42:03.000Z</time></trkpt>
      <trkpt lat="37.703240" lon="128.748601"><ele>922.8</ele><time>2020-02-02T11:42:15.000Z</time></trkpt>
      <trkpt lat="37.703139" lon="128.748484"><ele>922.0</ele><time>2020-02-02T11:42:33.000Z</time></trkpt>
      <trkpt lat="37.703044" lon="128.748407"><ele>921.1</ele><time>2020-02-02T11:42:43.000Z</time></trkpt>
      <trkpt lat="37.702954" lon="128.748361"><ele>919.9</ele><time>2020-02-02T11:42:51.000Z</time></trkpt>
      <trkpt lat="37.702864" lon="128.748322"><ele>918.8</ele><time>2020-02-02T11:43:00.000Z</time></trkpt>
      <trkpt lat="37.702767" lon="128.748292"><ele>918.4</ele><time>2020-02-02T11:43:11.000Z</time></trkpt>
      <trkpt lat="37.702676" lon="128.748293"><ele>917.7</ele><time>2020-02-02T11:43:20.000Z</time></trkpt>
      <trkpt lat="37.702587" lon="128.748290"><ele>915.8</ele><time>2020-02-02T11:43:27.000Z</time></trkpt>
      <trkpt lat="37.702497" lon="128.748238"><ele>915.6</ele><time>2020-02-02T11:43:37.000Z</time></trkpt>
      <trkpt lat="37.702410" lon="128.748189"><ele>914.6</ele><time>2020-02-02T11:43:44.000Z</time></trkpt>
      <trkpt lat="37.702290" lon="128.748118"><ele>916.4</ele><time>2020-02-02T11:43:57.000Z</time></trkpt>
      <trkpt lat="37.702200" lon="128.748077"><ele>914.8</ele><time>2020-02-02T11:44:04.000Z</time></trkpt>
      <trkpt lat="37.702108" lon="128.748052"><ele>912.5</ele><time>2020-02-02T11:44:13.000Z</time></trkpt>
      <trkpt lat="37.702019" lon="128.748073"><ele>912.3</ele><time>2020-02-02T11:44:25.000Z</time></trkpt>
      <trkpt lat="37.701927" lon="128.748063"><ele>913.6</ele><time>2020-02-02T11:44:36.000Z</time></trkpt>
      <trkpt lat="37.701836" lon="128.747982"><ele>912.9</ele><time>2020-02-02T11:44:46.000Z</time></trkpt>
      <trkpt lat="37.701744" lon="128.747961"><ele>911.4</ele><time>2020-02-02T11:44:57.000Z</time></trkpt>
      <trkpt lat="37.701642" lon="128.747964"><ele>912.0</ele><time>2020-02-02T11:45:08.000Z</time></trkpt>
      <trkpt lat="37.701539" lon="128.747934"><ele>912.1</ele><time>2020-02-02T11:45:16.000Z</time></trkpt>
      <trkpt lat="37.701449" lon="128.747924"><ele>911.4</ele><time>2020-02-02T11:45:24.000Z</time></trkpt>
      <trkpt lat="37.701353" lon="128.747910"><ele>910.5</ele><time>2020-02-02T11:45:34.000Z</time></trkpt>
      <trkpt lat="37.701259" lon="128.747878"><ele>909.9</ele><time>2020-02-02T11:45:44.000Z</time></trkpt>
      <trkpt lat="37.701168" lon="128.747831"><ele>908.7</ele><time>2020-02-02T11:45:49.000Z</time></trkpt>
      <trkpt lat="37.701069" lon="128.747821"><ele>908.6</ele><time>2020-02-02T11:45:55.000Z</time></trkpt>
      <trkpt lat="37.700978" lon="128.747848"><ele>908.5</ele><time>2020-02-02T11:46:05.000Z</time></trkpt>
      <trkpt lat="37.700890" lon="128.747872"><ele>907.8</ele><time>2020-02-02T11:46:25.000Z</time></trkpt>
      <trkpt lat="37.700785" lon="128.747879"><ele>906.9</ele><time>2020-02-02T11:46:35.000Z</time></trkpt>
      <trkpt lat="37.700693" lon="128.747870"><ele>906.4</ele><time>2020-02-02T11:46:42.000Z</time></trkpt>
      <trkpt lat="37.700578" lon="128.747872"><ele>905.7</ele><time>2020-02-02T11:46:51.000Z</time></trkpt>
      <trkpt lat="37.700488" lon="128.747837"><ele>904.9</ele><time>2020-02-02T11:46:58.000Z</time></trkpt>
      <trkpt lat="37.700382" lon="128.747823"><ele>905.0</ele><time>2020-02-02T11:47:07.000Z</time></trkpt>
      <trkpt lat="37.700277" lon="128.747780"><ele>904.1</ele><time>2020-02-02T11:47:15.000Z</time></trkpt>
      <trkpt lat="37.700178" lon="128.747758"><ele>903.3</ele><time>2020-02-02T11:47:24.000Z</time></trkpt>
      <trkpt lat="37.700088" lon="128.747712"><ele>902.7</ele><time>2020-02-02T11:47:33.000Z</time></trkpt>
      <trkpt lat="37.699995" lon="128.747686"><ele>905.0</ele><time>2020-02-02T11:47:38.000Z</time></trkpt>
      <trkpt lat="37.699903" lon="128.747670"><ele>903.7</ele><time>2020-02-02T11:47:44.000Z</time></trkpt>
      <trkpt lat="37.699804" lon="128.747669"><ele>903.0</ele><time>2020-02-02T11:47:52.000Z</time></trkpt>
      <trkpt lat="37.699703" lon="128.747690"><ele>902.7</ele><time>2020-02-02T11:48:02.000Z</time></trkpt>
      <trkpt lat="37.699608" lon="128.747717"><ele>903.1</ele><time>2020-02-02T11:48:12.000Z</time></trkpt>
      <trkpt lat="37.699513" lon="128.747771"><ele>904.0</ele><time>2020-02-02T11:48:23.000Z</time></trkpt>
      <trkpt lat="37.699415" lon="128.747799"><ele>905.0</ele><time>2020-02-02T11:48:30.000Z</time></trkpt>
      <trkpt lat="37.699308" lon="128.747826"><ele>905.5</ele><time>2020-02-02T11:48:39.000Z</time></trkpt>
      <trkpt lat="37.699210" lon="128.747819"><ele>906.1</ele><time>2020-02-02T11:48:49.000Z</time></trkpt>
      <trkpt lat="37.699135" lon="128.747740"><ele>905.1</ele><time>2020-02-02T11:49:00.000Z</time></trkpt>
      <trkpt lat="37.699055" lon="128.747669"><ele>902.7</ele><time>2020-02-02T11:49:16.000Z</time></trkpt>
      <trkpt lat="37.698977" lon="128.747572"><ele>904.0</ele><time>2020-02-02T11:49:26.000Z</time></trkpt>
      <trkpt lat="37.698904" lon="128.747504"><ele>904.1</ele><time>2020-02-02T11:49:34.000Z</time></trkpt>
      <trkpt lat="37.698801" lon="128.747443"><ele>904.5</ele><time>2020-02-02T11:49:43.000Z</time></trkpt>
      <trkpt lat="37.698716" lon="128.747403"><ele>904.1</ele><time>2020-02-02T11:49:50.000Z</time></trkpt>
      <trkpt lat="37.698626" lon="128.747374"><ele>902.4</ele><time>2020-02-02T11:49:59.000Z</time></trkpt>
      <trkpt lat="37.698526" lon="128.747347"><ele>904.5</ele><time>2020-02-02T11:50:07.000Z</time></trkpt>
      <trkpt lat="37.698427" lon="128.747294"><ele>903.4</ele><time>2020-02-02T11:50:14.000Z</time></trkpt>
      <trkpt lat="37.698339" lon="128.747256"><ele>900.5</ele><time>2020-02-02T11:50:23.000Z</time></trkpt>
      <trkpt lat="37.698247" lon="128.747246"><ele>901.6</ele><time>2020-02-02T11:50:35.000Z</time></trkpt>
      <trkpt lat="37.698151" lon="128.747274"><ele>900.2</ele><time>2020-02-02T11:50:47.000Z</time></trkpt>
      <trkpt lat="37.698040" lon="128.747296"><ele>900.2</ele><time>2020-02-02T11:50:56.000Z</time></trkpt>
      <trkpt lat="37.697949" lon="128.747292"><ele>900.7</ele><time>2020-02-02T11:51:05.000Z</time></trkpt>
      <trkpt lat="37.697849" lon="128.747281"><ele>901.7</ele><time>2020-02-02T11:51:13.000Z</time></trkpt>
      <trkpt lat="37.697748" lon="128.747307"><ele>902.6</ele><time>2020-02-02T11:51:24.000Z</time></trkpt>
      <trkpt lat="37.697700" lon="128.747406"><ele>903.8</ele><time>2020-02-02T11:51:49.000Z</time></trkpt>
      <trkpt lat="37.697750" lon="128.747500"><ele>906.0</ele><time>2020-02-02T11:52:05.000Z</time></trkpt>
      <trkpt lat="37.697757" lon="128.747621"><ele>908.7</ele><time>2020-02-02T11:52:16.000Z</time></trkpt>
      <trkpt lat="37.697769" lon="128.747747"><ele>910.6</ele><time>2020-02-02T11:52:29.000Z</time></trkpt>
      <trkpt lat="37.697798" lon="128.747853"><ele>913.2</ele><time>2020-02-02T11:52:55.000Z</time></trkpt>
      <trkpt lat="37.697835" lon="128.747965"><ele>914.6</ele><time>2020-02-02T11:53:11.000Z</time></trkpt>
      <trkpt lat="37.697893" lon="128.748068"><ele>917.1</ele><time>2020-02-02T11:53:22.000Z</time></trkpt>
      <trkpt lat="37.697935" lon="128.748173"><ele>919.0</ele><time>2020-02-02T11:53:37.000Z</time></trkpt>
      <trkpt lat="37.698006" lon="128.748274"><ele>920.5</ele><time>2020-02-02T11:53:49.000Z</time></trkpt>
      <trkpt lat="37.698072" lon="128.748383"><ele>923.1</ele><time>2020-02-02T11:54:02.000Z</time></trkpt>
      <trkpt lat="37.698142" lon="128.748458"><ele>924.5</ele><time>2020-02-02T11:54:13.000Z</time></trkpt>
      <trkpt lat="37.698195" lon="128.748551"><ele>926.3</ele><time>2020-02-02T11:54:23.000Z</time></trkpt>
      <trkpt lat="37.698191" lon="128.748670"><ele>928.2</ele><time>2020-02-02T11:54:41.000Z</time></trkpt>
      <trkpt lat="37.698221" lon="128.748779"><ele>929.9</ele><time>2020-02-02T11:54:56.000Z</time></trkpt>
      <trkpt lat="37.698204" lon="128.748892"><ele>932.2</ele><time>2020-02-02T11:55:10.000Z</time></trkpt>
      <trkpt lat="37.698216" lon="128.749010"><ele>934.0</ele><time>2020-02-02T11:55:24.000Z</time></trkpt>
      <trkpt lat="37.698208" lon="128.749125"><ele>935.5</ele><time>2020-02-02T11:55:34.000Z</time></trkpt>
      <trkpt lat="37.698209" lon="128.749255"><ele>938.2</ele><time>2020-02-02T11:55:50.000Z</time></trkpt>
      <trkpt lat="37.698177" lon="128.749361"><ele>940.1</ele><time>2020-02-02T11:57:05.000Z</time></trkpt>
      <trkpt lat="37.698186" lon="128.749481"><ele>944.0</ele><time>2020-02-02T11:57:47.000Z</time></trkpt>
      <trkpt lat="37.698156" lon="128.749605"><ele>945.5</ele><time>2020-02-02T11:58:00.000Z</time></trkpt>
      <trkpt lat="37.698096" lon="128.749723"><ele>948.1</ele><time>2020-02-02T11:58:11.000Z</time></trkpt>
      <trkpt lat="37.698044" lon="128.749854"><ele>949.3</ele><time>2020-02-02T11:58:17.000Z</time></trkpt>
      <trkpt lat="37.697980" lon="128.749993"><ele>950.1</ele><time>2020-02-02T11:58:24.000Z</time></trkpt>
      <trkpt lat="37.697927" lon="128.750090"><ele>951.2</ele><time>2020-02-02T11:58:31.000Z</time></trkpt>
      <trkpt lat="37.697858" lon="128.750167"><ele>952.1</ele><time>2020-02-02T11:58:38.000Z</time></trkpt>
      <trkpt lat="37.697806" lon="128.750273"><ele>953.3</ele><time>2020-02-02T11:58:46.000Z</time></trkpt>
      <trkpt lat="37.697740" lon="128.750361"><ele>953.7</ele><time>2020-02-02T11:58:53.000Z</time></trkpt>
      <trkpt lat="37.697656" lon="128.750451"><ele>954.6</ele><time>2020-02-02T11:59:00.000Z</time></trkpt>
      <trkpt lat="37.697589" lon="128.750544"><ele>954.8</ele><time>2020-02-02T11:59:05.000Z</time></trkpt>
      <trkpt lat="37.697512" lon="128.750604"><ele>956.1</ele><time>2020-02-02T11:59:12.000Z</time></trkpt>
      <trkpt lat="37.697415" lon="128.750653"><ele>956.6</ele><time>2020-02-02T11:59:19.000Z</time></trkpt>
      <trkpt lat="37.697340" lon="128.750742"><ele>956.1</ele><time>2020-02-02T11:59:29.000Z</time></trkpt>
      <trkpt lat="37.697249" lon="128.750815"><ele>957.5</ele><time>2020-02-02T11:59:39.000Z</time></trkpt>
      <trkpt lat="37.697171" lon="128.750883"><ele>958.7</ele><time>2020-02-02T11:59:51.000Z</time></trkpt>
      <trkpt lat="37.697105" lon="128.750984"><ele>960.1</ele><time>2020-02-02T12:00:06.000Z</time></trkpt>
      <trkpt lat="37.697012" lon="128.750971"><ele>959.5</ele><time>2020-02-02T12:00:48.000Z</time></trkpt>
      <trkpt lat="37.696912" lon="128.750969"><ele>958.6</ele><time>2020-02-02T12:00:59.000Z</time></trkpt>
      <trkpt lat="37.696812" lon="128.750946"><ele>958.1</ele><time>2020-02-02T12:01:07.000Z</time></trkpt>
      <trkpt lat="37.696722" lon="128.750931"><ele>957.8</ele><time>2020-02-02T12:01:14.000Z</time></trkpt>
      <trkpt lat="37.696638" lon="128.750892"><ele>956.6</ele><time>2020-02-02T12:01:22.000Z</time></trkpt>
      <trkpt lat="37.696546" lon="128.750853"><ele>957.3</ele><time>2020-02-02T12:01:31.000Z</time></trkpt>
      <trkpt lat="37.696455" lon="128.750818"><ele>957.5</ele><time>2020-02-02T12:01:44.000Z</time></trkpt>
      <trkpt lat="37.696357" lon="128.750773"><ele>954.7</ele><time>2020-02-02T12:01:55.000Z</time></trkpt>
      <trkpt lat="37.696265" lon="128.750738"><ele>953.4</ele><time>2020-02-02T12:02:04.000Z</time></trkpt>
      <trkpt lat="37.696175" lon="128.750727"><ele>953.1</ele><time>2020-02-02T12:02:13.000Z</time></trkpt>
      <trkpt lat="37.696081" lon="128.750736"><ele>952.7</ele><time>2020-02-02T12:02:20.000Z</time></trkpt>
      <trkpt lat="37.695973" lon="128.750746"><ele>952.5</ele><time>2020-02-02T12:02:29.000Z</time></trkpt>
      <trkpt lat="37.695877" lon="128.750737"><ele>953.3</ele><time>2020-02-02T12:02:38.000Z</time></trkpt>
      <trkpt lat="37.695785" lon="128.750738"><ele>955.1</ele><time>2020-02-02T12:02:49.000Z</time></trkpt>
      <trkpt lat="37.695684" lon="128.750696"><ele>956.8</ele><time>2020-02-02T12:03:02.000Z</time></trkpt>
      <trkpt lat="37.695592" lon="128.750648"><ele>958.9</ele><time>2020-02-02T12:03:13.000Z</time></trkpt>
      <trkpt lat="37.695504" lon="128.750639"><ele>960.4</ele><time>2020-02-02T12:03:38.000Z</time></trkpt>
      <trkpt lat="37.695413" lon="128.750608"><ele>961.1</ele><time>2020-02-02T12:03:53.000Z</time></trkpt>
      <trkpt lat="37.695313" lon="128.750583"><ele>960.9</ele><time>2020-02-02T12:03:58.000Z</time></trkpt>
      <trkpt lat="37.695212" lon="128.750588"><ele>959.8</ele><time>2020-02-02T12:04:05.000Z</time></trkpt>
      <trkpt lat="37.695112" lon="128.750570"><ele>958.8</ele><time>2020-02-02T12:04:14.000Z</time></trkpt>
      <trkpt lat="37.695029" lon="128.750611"><ele>957.3</ele><time>2020-02-02T12:04:24.000Z</time></trkpt>
      <trkpt lat="37.694964" lon="128.750725"><ele>955.3</ele><time>2020-02-02T12:04:42.000Z</time></trkpt>
      <trkpt lat="37.694897" lon="128.750826"><ele>954.4</ele><time>2020-02-02T12:04:54.000Z</time></trkpt>
      <trkpt lat="37.694810" lon="128.750910"><ele>954.3</ele><time>2020-02-02T12:05:09.000Z</time></trkpt>
      <trkpt lat="37.694696" lon="128.750943"><ele>953.0</ele><time>2020-02-02T12:05:23.000Z</time></trkpt>
      <trkpt lat="37.694614" lon="128.751023"><ele>951.1</ele><time>2020-02-02T12:05:41.000Z</time></trkpt>
      <trkpt lat="37.694561" lon="128.751117"><ele>949.6</ele><time>2020-02-02T12:05:49.000Z</time></trkpt>
      <trkpt lat="37.694502" lon="128.751209"><ele>947.3</ele><time>2020-02-02T12:06:01.000Z</time></trkpt>
      <trkpt lat="37.694443" lon="128.751317"><ele>944.8</ele><time>2020-02-02T12:06:10.000Z</time></trkpt>
      <trkpt lat="37.694381" lon="128.751405"><ele>942.5</ele><time>2020-02-02T12:06:17.000Z</time></trkpt>
      <trkpt lat="37.694326" lon="128.751516"><ele>940.2</ele><time>2020-02-02T12:06:40.000Z</time></trkpt>
      <trkpt lat="37.694263" lon="128.751598"><ele>938.8</ele><time>2020-02-02T12:06:50.000Z</time></trkpt>
      <trkpt lat="37.694246" lon="128.751722"><ele>937.2</ele><time>2020-02-02T12:07:03.000Z</time></trkpt>
      <trkpt lat="37.694256" lon="128.751841"><ele>937.9</ele><time>2020-02-02T12:07:15.000Z</time></trkpt>
      <trkpt lat="37.694249" lon="128.751965"><ele>939.4</ele><time>2020-02-02T12:07:27.000Z</time></trkpt>
      <trkpt lat="37.694217" lon="128.752081"><ele>941.9</ele><time>2020-02-02T12:07:45.000Z</time></trkpt>
      <trkpt lat="37.694170" lon="128.752190"><ele>943.8</ele><time>2020-02-02T12:07:59.000Z</time></trkpt>
      <trkpt lat="37.694136" lon="128.752305"><ele>945.1</ele><time>2020-02-02T12:08:05.000Z</time></trkpt>
      <trkpt lat="37.694071" lon="128.752398"><ele>946.3</ele><time>2020-02-02T12:08:12.000Z</time></trkpt>
      <trkpt lat="37.694016" lon="128.752494"><ele>947.3</ele><time>2020-02-02T12:08:17.000Z</time></trkpt>
      <trkpt lat="37.693952" lon="128.752576"><ele>948.0</ele><time>2020-02-02T12:08:22.000Z</time></trkpt>
      <trkpt lat="37.693884" lon="128.752690"><ele>948.2</ele><time>2020-02-02T12:08:29.000Z</time></trkpt>
      <trkpt lat="37.693831" lon="128.752785"><ele>949.2</ele><time>2020-02-02T12:08:37.000Z</time></trkpt>
      <trkpt lat="37.693768" lon="128.752868"><ele>949.6</ele><time>2020-02-02T12:08:48.000Z</time></trkpt>
      <trkpt lat="37.693686" lon="128.752936"><ele>950.1</ele><time>2020-02-02T12:08:59.000Z</time></trkpt>
      <trkpt lat="37.693630" lon="128.753030"><ele>951.5</ele><time>2020-02-02T12:09:09.000Z</time></trkpt>
      <trkpt lat="37.693556" lon="128.753111"><ele>952.7</ele><time>2020-02-02T12:09:22.000Z</time></trkpt>
      <trkpt lat="37.693477" lon="128.753180"><ele>953.6</ele><time>2020-02-02T12:09:29.000Z</time></trkpt>
      <trkpt lat="37.693393" lon="128.753238"><ele>955.0</ele><time>2020-02-02T12:09:39.000Z</time></trkpt>
      <trkpt lat="37.693311" lon="128.753275"><ele>957.9</ele><time>2020-02-02T12:09:59.000Z</time></trkpt>
      <trkpt lat="37.693215" lon="128.753312"><ele>959.3</ele><time>2020-02-02T12:10:08.000Z</time></trkpt>
      <trkpt lat="37.693108" lon="128.753334"><ele>962.3</ele><time>2020-02-02T12:10:34.000Z</time></trkpt>
      <trkpt lat="37.693026" lon="128.753379"><ele>963.5</ele><time>2020-02-02T12:10:47.000Z</time></trkpt>
      <trkpt lat="37.692922" lon="128.753400"><ele>963.3</ele><time>2020-02-02T12:11:04.000Z</time></trkpt>
      <trkpt lat="37.692815" lon="128.753440"><ele>964.5</ele><time>2020-02-02T12:11:13.000Z</time></trkpt>
      <trkpt lat="37.692740" lon="128.753484"><ele>959.7</ele><time>2020-02-02T12:11:19.000Z</time></trkpt>
      <trkpt lat="37.692642" lon="128.753523"><ele>960.2</ele><time>2020-02-02T12:11:29.000Z</time></trkpt>
      <trkpt lat="37.692548" lon="128.753563"><ele>960.7</ele><time>2020-02-02T12:11:37.000Z</time></trkpt>
      <trkpt lat="37.692487" lon="128.753649"><ele>958.1</ele><time>2020-02-02T12:11:46.000Z</time></trkpt>
      <trkpt lat="37.692422" lon="128.753768"><ele>958.0</ele><time>2020-02-02T12:11:57.000Z</time></trkpt>
      <trkpt lat="37.692361" lon="128.753883"><ele>957.1</ele><time>2020-02-02T12:12:05.000Z</time></trkpt>
      <trkpt lat="37.692287" lon="128.753958"><ele>956.3</ele><time>2020-02-02T12:12:12.000Z</time></trkpt>
      <trkpt lat="37.692200" lon="128.753999"><ele>956.2</ele><time>2020-02-02T12:12:19.000Z</time></trkpt>
      <trkpt lat="37.692103" lon="128.754016"><ele>956.4</ele><time>2020-02-02T12:12:26.000Z</time></trkpt>
      <trkpt lat="37.691982" lon="128.754040"><ele>956.9</ele><time>2020-02-02T12:12:32.000Z</time></trkpt>
      <trkpt lat="37.691891" lon="128.754057"><ele>956.4</ele><time>2020-02-02T12:12:38.000Z</time></trkpt>
      <trkpt lat="37.691792" lon="128.754079"><ele>955.7</ele><time>2020-02-02T12:12:45.000Z</time></trkpt>
      <trkpt lat="37.691682" lon="128.754105"><ele>952.9</ele><time>2020-02-02T12:12:55.000Z</time></trkpt>
      <trkpt lat="37.691578" lon="128.754133"><ele>951.0</ele><time>2020-02-02T12:13:03.000Z</time></trkpt>
      <trkpt lat="37.691472" lon="128.754171"><ele>949.0</ele><time>2020-02-02T12:13:13.000Z</time></trkpt>
      <trkpt lat="37.691364" lon="128.754238"><ele>950.0</ele><time>2020-02-02T12:13:21.000Z</time></trkpt>
      <trkpt lat="37.691280" lon="128.754284"><ele>947.8</ele><time>2020-02-02T12:13:30.000Z</time></trkpt>
      <trkpt lat="37.691196" lon="128.754365"><ele>945.4</ele><time>2020-02-02T12:13:39.000Z</time></trkpt>
      <trkpt lat="37.691116" lon="128.754436"><ele>943.4</ele><time>2020-02-02T12:13:48.000Z</time></trkpt>
      <trkpt lat="37.691030" lon="128.754478"><ele>942.0</ele><time>2020-02-02T12:13:57.000Z</time></trkpt>
      <trkpt lat="37.690934" lon="128.754541"><ele>940.0</ele><time>2020-02-02T12:14:18.000Z</time></trkpt>
      <trkpt lat="37.690849" lon="128.754616"><ele>938.5</ele><time>2020-02-02T12:14:27.000Z</time></trkpt>
      <trkpt lat="37.690794" lon="128.754706"><ele>938.4</ele><time>2020-02-02T12:14:36.000Z</time></trkpt>
      <trkpt lat="37.690822" lon="128.754834"><ele>938.3</ele><time>2020-02-02T12:14:45.000Z</time></trkpt>
      <trkpt lat="37.690848" lon="128.754951"><ele>938.4</ele><time>2020-02-02T12:14:58.000Z</time></trkpt>
      <trkpt lat="37.690882" lon="128.755072"><ele>939.5</ele><time>2020-02-02T12:15:05.000Z</time></trkpt>
      <trkpt lat="37.690942" lon="128.755169"><ele>938.3</ele><time>2020-02-02T12:15:13.000Z</time></trkpt>
      <trkpt lat="37.691043" lon="128.755148"><ele>935.9</ele><time>2020-02-02T12:15:31.000Z</time></trkpt>
      <trkpt lat="37.691114" lon="128.755070"><ele>935.1</ele><time>2020-02-02T12:15:40.000Z</time></trkpt>
      <trkpt lat="37.691203" lon="128.755032"><ele>935.3</ele><time>2020-02-02T12:15:50.000Z</time></trkpt>
      <trkpt lat="37.691280" lon="128.755097"><ele>932.3</ele><time>2020-02-02T12:16:17.000Z</time></trkpt>
      <trkpt lat="37.691276" lon="128.755198"><ele>927.1</ele><time>2020-02-02T12:16:33.000Z</time></trkpt>
      <trkpt lat="37.691239" lon="128.755299"><ele>923.6</ele><time>2020-02-02T12:17:06.000Z</time></trkpt>
      <trkpt lat="37.691196" lon="128.755394"><ele>920.7</ele><time>2020-02-02T12:17:29.000Z</time></trkpt>
      <trkpt lat="37.691216" lon="128.755536"><ele>917.1</ele><time>2020-02-02T12:17:50.000Z</time></trkpt>
      <trkpt lat="37.691246" lon="128.755649"><ele>915.9</ele><time>2020-02-02T12:17:59.000Z</time></trkpt>
      <trkpt lat="37.691164" lon="128.755715"><ele>915.6</ele><time>2020-02-02T12:18:06.000Z</time></trkpt>
      <trkpt lat="37.691084" lon="128.755790"><ele>912.4</ele><time>2020-02-02T12:18:17.000Z</time></trkpt>
      <trkpt lat="37.691000" lon="128.755861"><ele>910.2</ele><time>2020-02-02T12:18:25.000Z</time></trkpt>
      <trkpt lat="37.690929" lon="128.755934"><ele>909.3</ele><time>2020-02-02T12:18:33.000Z</time></trkpt>
      <trkpt lat="37.690853" lon="128.755987"><ele>906.7</ele><time>2020-02-02T12:18:46.000Z</time></trkpt>
      <trkpt lat="37.690771" lon="128.756024"><ele>902.8</ele><time>2020-02-02T12:18:59.000Z</time></trkpt>
      <trkpt lat="37.690716" lon="128.756116"><ele>898.2</ele><time>2020-02-02T12:19:08.000Z</time></trkpt>
      <trkpt lat="37.690704" lon="128.756232"><ele>895.7</ele><time>2020-02-02T12:19:23.000Z</time></trkpt>
      <trkpt lat="37.690681" lon="128.756344"><ele>893.4</ele><time>2020-02-02T12:19:34.000Z</time></trkpt>
      <trkpt lat="37.690613" lon="128.756465"><ele>890.0</ele><time>2020-02-02T12:19:57.000Z</time></trkpt>
      <trkpt lat="37.690577" lon="128.756572"><ele>888.6</ele><time>2020-02-02T12:20:05.000Z</time></trkpt>
      <trkpt lat="37.690490" lon="128.756634"><ele>886.0</ele><time>2020-02-02T12:20:22.000Z</time></trkpt>
      <trkpt lat="37.690408" lon="128.756688"><ele>885.2</ele><time>2020-02-02T12:20:28.000Z</time></trkpt>
      <trkpt lat="37.690309" lon="128.756724"><ele>883.6</ele><time>2020-02-02T12:20:35.000Z</time></trkpt>
      <trkpt lat="37.690204" lon="128.756782"><ele>881.4</ele><time>2020-02-02T12:20:42.000Z</time></trkpt>
      <trkpt lat="37.690112" lon="128.756810"><ele>880.4</ele><time>2020-02-02T12:20:48.000Z</time></trkpt>
      <trkpt lat="37.690008" lon="128.756881"><ele>879.7</ele><time>2020-02-02T12:21:01.000Z</time></trkpt>
      <trkpt lat="37.689927" lon="128.756945"><ele>879.2</ele><time>2020-02-02T12:21:09.000Z</time></trkpt>
      <trkpt lat="37.689833" lon="128.757009"><ele>878.4</ele><time>2020-02-02T12:21:17.000Z</time></trkpt>
      <trkpt lat="37.689712" lon="128.757036"><ele>876.5</ele><time>2020-02-02T12:21:34.000Z</time></trkpt>
      <trkpt lat="37.689613" lon="128.757065"><ele>875.1</ele><time>2020-02-02T12:21:40.000Z</time></trkpt>
      <trkpt lat="37.689504" lon="128.757076"><ele>872.7</ele><time>2020-02-02T12:21:47.000Z</time></trkpt>
      <trkpt lat="37.689411" lon="128.757096"><ele>872.8</ele><time>2020-02-02T12:21:57.000Z</time></trkpt>
      <trkpt lat="37.689316" lon="128.757122"><ele>872.0</ele><time>2020-02-02T12:22:06.000Z</time></trkpt>
      <trkpt lat="37.689226" lon="128.757164"><ele>870.5</ele><time>2020-02-02T12:22:15.000Z</time></trkpt>
      <trkpt lat="37.689133" lon="128.757198"><ele>869.0</ele><time>2020-02-02T12:22:22.000Z</time></trkpt>
      <trkpt lat="37.689037" lon="128.757226"><ele>867.9</ele><time>2020-02-02T12:22:30.000Z</time></trkpt>
      <trkpt lat="37.688946" lon="128.757208"><ele>867.8</ele><time>2020-02-02T12:22:43.000Z</time></trkpt>
      <trkpt lat="37.688887" lon="128.757121"><ele>868.2</ele><time>2020-02-02T12:23:12.000Z</time></trkpt>
      <trkpt lat="37.688797" lon="128.757120"><ele>868.1</ele><time>2020-02-02T12:23:56.000Z</time></trkpt>
      <trkpt lat="37.688701" lon="128.757127"><ele>867.6</ele><time>2020-02-02T12:24:03.000Z</time></trkpt>
      <trkpt lat="37.688608" lon="128.757152"><ele>866.1</ele><time>2020-02-02T12:24:18.000Z</time></trkpt>
      <trkpt lat="37.688494" lon="128.757125"><ele>865.1</ele><time>2020-02-02T12:24:25.000Z</time></trkpt>
      <trkpt lat="37.688405" lon="128.757106"><ele>864.0</ele><time>2020-02-02T12:24:32.000Z</time></trkpt>
      <trkpt lat="37.688305" lon="128.757113"><ele>863.4</ele><time>2020-02-02T12:24:42.000Z</time></trkpt>
      <trkpt lat="37.688207" lon="128.757098"><ele>862.5</ele><time>2020-02-02T12:24:51.000Z</time></trkpt>
      <trkpt lat="37.688116" lon="128.757084"><ele>862.5</ele><time>2020-02-02T12:25:01.000Z</time></trkpt>
      <trkpt lat="37.688032" lon="128.757041"><ele>862.1</ele><time>2020-02-02T12:25:10.000Z</time></trkpt>
      <trkpt lat="37.687934" lon="128.757035"><ele>861.1</ele><time>2020-02-02T12:25:18.000Z</time></trkpt>
      <trkpt lat="37.687817" lon="128.757056"><ele>860.5</ele><time>2020-02-02T12:25:25.000Z</time></trkpt>
      <trkpt lat="37.687709" lon="128.757087"><ele>860.4</ele><time>2020-02-02T12:25:32.000Z</time></trkpt>
      <trkpt lat="37.687617" lon="128.757123"><ele>859.6</ele><time>2020-02-02T12:25:40.000Z</time></trkpt>
      <trkpt lat="37.687502" lon="128.757153"><ele>858.3</ele><time>2020-02-02T12:25:49.000Z</time></trkpt>
      <trkpt lat="37.687407" lon="128.757172"><ele>857.8</ele><time>2020-02-02T12:26:00.000Z</time></trkpt>
      <trkpt lat="37.687297" lon="128.757187"><ele>857.2</ele><time>2020-02-02T12:26:08.000Z</time></trkpt>
      <trkpt lat="37.687195" lon="128.757196"><ele>857.1</ele><time>2020-02-02T12:26:16.000Z</time></trkpt>
      <trkpt lat="37.687085" lon="128.757204"><ele>856.9</ele><time>2020-02-02T12:26:23.000Z</time></trkpt>
      <trkpt lat="37.686986" lon="128.757215"><ele>855.4</ele><time>2020-02-02T12:26:29.000Z</time></trkpt>
      <trkpt lat="37.686889" lon="128.757219"><ele>854.7</ele><time>2020-02-02T12:26:37.000Z</time></trkpt>
      <trkpt lat="37.686790" lon="128.757242"><ele>854.5</ele><time>2020-02-02T12:26:45.000Z</time></trkpt>
      <trkpt lat="37.686702" lon="128.757271"><ele>854.2</ele><time>2020-02-02T12:26:52.000Z</time></trkpt>
      <trkpt lat="37.686615" lon="128.757302"><ele>853.6</ele><time>2020-02-02T12:26:59.000Z</time></trkpt>
      <trkpt lat="37.686512" lon="128.757310"><ele>851.4</ele><time>2020-02-02T12:27:09.000Z</time></trkpt>
      <trkpt lat="37.686419" lon="128.757279"><ele>851.5</ele><time>2020-02-02T12:27:16.000Z</time></trkpt>
      <trkpt lat="37.686322" lon="128.757239"><ele>850.7</ele><time>2020-02-02T12:27:26.000Z</time></trkpt>
      <trkpt lat="37.686225" lon="128.757211"><ele>851.1</ele><time>2020-02-02T12:27:36.000Z</time></trkpt>
      <trkpt lat="37.686144" lon="128.757151"><ele>850.2</ele><time>2020-02-02T12:27:45.000Z</time></trkpt>
      <trkpt lat="37.686077" lon="128.757069"><ele>850.1</ele><time>2020-02-02T12:27:53.000Z</time></trkpt>
      <trkpt lat="37.686049" lon="128.756949"><ele>849.0</ele><time>2020-02-02T12:28:03.000Z</time></trkpt>
      <trkpt lat="37.686025" lon="128.756832"><ele>852.4</ele><time>2020-02-02T12:28:10.000Z</time></trkpt>
      <trkpt lat="37.686008" lon="128.756706"><ele>852.1</ele><time>2020-02-02T12:28:18.000Z</time></trkpt>
      <trkpt lat="37.685997" lon="128.756571"><ele>850.8</ele><time>2020-02-02T12:28:26.000Z</time></trkpt>
      <trkpt lat="37.685988" lon="128.756449"><ele>848.1</ele><time>2020-02-02T12:28:35.000Z</time></trkpt>
      <trkpt lat="37.685986" lon="128.756336"><ele>850.6</ele><time>2020-02-02T12:28:41.000Z</time></trkpt>
      <trkpt lat="37.685976" lon="128.756209"><ele>847.8</ele><time>2020-02-02T12:28:53.000Z</time></trkpt>
      <trkpt lat="37.685961" lon="128.756086"><ele>848.1</ele><time>2020-02-02T12:29:02.000Z</time></trkpt>
      <trkpt lat="37.685956" lon="128.755951"><ele>848.0</ele><time>2020-02-02T12:29:11.000Z</time></trkpt>
      <trkpt lat="37.685952" lon="128.755824"><ele>848.0</ele><time>2020-02-02T12:29:20.000Z</time></trkpt>
      <trkpt lat="37.685934" lon="128.755702"><ele>851.4</ele><time>2020-02-02T12:29:26.000Z</time></trkpt>
      <trkpt lat="37.685928" lon="128.755582"><ele>849.2</ele><time>2020-02-02T12:29:37.000Z</time></trkpt>
      <trkpt lat="37.685886" lon="128.755463"><ele>848.2</ele><time>2020-02-02T12:29:46.000Z</time></trkpt>
      <trkpt lat="37.685826" lon="128.755373"><ele>849.0</ele><time>2020-02-02T12:29:56.000Z</time></trkpt>
      <trkpt lat="37.685722" lon="128.755405"><ele>848.5</ele><time>2020-02-02T12:30:05.000Z</time></trkpt>
      <trkpt lat="37.685630" lon="128.755417"><ele>848.3</ele><time>2020-02-02T12:30:28.000Z</time></trkpt>
      <trkpt lat="37.685531" lon="128.755412"><ele>847.1</ele><time>2020-02-02T12:30:37.000Z</time></trkpt>
    </trkseg>
  </trk>
</gpx>