<?xml version="1.0" encoding="UTF-8"?>
<gpx version="1.1" creator="gajago-nav" xmlns="http://www.topografix.com/GPX/1/1">
  <metadata><name>설악산대청봉_20240125 (1)</name><extensions><gajago:roundtrip xmlns:gajago="https://hjwpro1971.github.io/gaja">true</gajago:roundtrip></extensions></metadata>
  <wpt lat="38.084957" lon="128.448983">
    <name>들머리 (남설악탐방 - 원점회귀)</name>
    <ele>425</ele>
  </wpt>
  <wpt lat="38.119170" lon="128.465310">
    <name>대청봉</name>
    <ele>1708</ele>
  </wpt>
  <trk>
    <name>설악산대청봉_20240125 (1)</name>
    <trkseg>
      <trkpt lat="38.084957" lon="128.448983"><ele>425.0</ele><time>2024-01-24T23:45:38.000Z</time></trkpt>
      <trkpt lat="38.085034" lon="128.448979"><ele>426.0</ele><time>2024-01-24T23:45:54.000Z</time></trkpt>
      <trkpt lat="38.085132" lon="128.448991"><ele>427.0</ele><time>2024-01-24T23:46:01.000Z</time></trkpt>
      <trkpt lat="38.085218" lon="128.448954"><ele>430.0</ele><time>2024-01-24T23:46:13.000Z</time></trkpt>
      <trkpt lat="38.085332" lon="128.448925"><ele>430.0</ele><time>2024-01-24T23:46:21.000Z</time></trkpt>
      <trkpt lat="38.085404" lon="128.448939"><ele>430.0</ele><time>2024-01-24T23:46:30.000Z</time></trkpt>
      <trkpt lat="38.085481" lon="128.448901"><ele>431.0</ele><time>2024-01-24T23:46:38.000Z</time></trkpt>
      <trkpt lat="38.085549" lon="128.448854"><ele>433.0</ele><time>2024-01-24T23:46:46.000Z</time></trkpt>
      <trkpt lat="38.085624" lon="128.448828"><ele>433.0</ele><time>2024-01-24T23:46:57.000Z</time></trkpt>
      <trkpt lat="38.085710" lon="128.448836"><ele>433.0</ele><time>2024-01-24T23:47:03.000Z</time></trkpt>
      <trkpt lat="38.085843" lon="128.448894"><ele>432.0</ele><time>2024-01-24T23:47:16.000Z</time></trkpt>
      <trkpt lat="38.085951" lon="128.448966"><ele>434.0</ele><time>2024-01-24T23:47:23.000Z</time></trkpt>
      <trkpt lat="38.086022" lon="128.449063"><ele>434.0</ele><time>2024-01-24T23:47:37.000Z</time></trkpt>
      <trkpt lat="38.086113" lon="128.449056"><ele>434.0</ele><time>2024-01-24T23:47:44.000Z</time></trkpt>
      <trkpt lat="38.086173" lon="128.448956"><ele>436.0</ele><time>2024-01-24T23:48:01.000Z</time></trkpt>
      <trkpt lat="38.086240" lon="128.448821"><ele>437.0</ele><time>2024-01-24T23:48:18.000Z</time></trkpt>
      <trkpt lat="38.086302" lon="128.448708"><ele>438.0</ele><time>2024-01-24T23:48:25.000Z</time></trkpt>
      <trkpt lat="38.086384" lon="128.448693"><ele>439.0</ele><time>2024-01-24T23:48:38.000Z</time></trkpt>
      <trkpt lat="38.086493" lon="128.448763"><ele>440.0</ele><time>2024-01-24T23:48:45.000Z</time></trkpt>
      <trkpt lat="38.086571" lon="128.448724"><ele>444.0</ele><time>2024-01-24T23:49:03.000Z</time></trkpt>
      <trkpt lat="38.086653" lon="128.448658"><ele>447.0</ele><time>2024-01-24T23:49:18.000Z</time></trkpt>
      <trkpt lat="38.086755" lon="128.448659"><ele>448.0</ele><time>2024-01-24T23:49:26.000Z</time></trkpt>
      <trkpt lat="38.086836" lon="128.448660"><ele>449.0</ele><time>2024-01-24T23:49:39.000Z</time></trkpt>
      <trkpt lat="38.086915" lon="128.448647"><ele>450.0</ele><time>2024-01-24T23:49:46.000Z</time></trkpt>
      <trkpt lat="38.087017" lon="128.448692"><ele>451.0</ele><time>2024-01-24T23:50:04.000Z</time></trkpt>
      <trkpt lat="38.087126" lon="128.448675"><ele>455.0</ele><time>2024-01-24T23:50:20.000Z</time></trkpt>
      <trkpt lat="38.087209" lon="128.448699"><ele>457.0</ele><time>2024-01-24T23:50:33.000Z</time></trkpt>
      <trkpt lat="38.087299" lon="128.448704"><ele>458.0</ele><time>2024-01-24T23:50:44.000Z</time></trkpt>
      <trkpt lat="38.087386" lon="128.448674"><ele>461.0</ele><time>2024-01-24T23:50:57.000Z</time></trkpt>
      <trkpt lat="38.087473" lon="128.448735"><ele>463.0</ele><time>2024-01-24T23:51:09.000Z</time></trkpt>
      <trkpt lat="38.087547" lon="128.448775"><ele>463.0</ele><time>2024-01-24T23:51:22.000Z</time></trkpt>
      <trkpt lat="38.087636" lon="128.448730"><ele>466.0</ele><time>2024-01-24T23:51:37.000Z</time></trkpt>
      <trkpt lat="38.087694" lon="128.448642"><ele>466.0</ele><time>2024-01-24T23:51:47.000Z</time></trkpt>
      <trkpt lat="38.087780" lon="128.448615"><ele>468.0</ele><time>2024-01-24T23:51:58.000Z</time></trkpt>
      <trkpt lat="38.087860" lon="128.448595"><ele>469.0</ele><time>2024-01-24T23:52:10.000Z</time></trkpt>
      <trkpt lat="38.087935" lon="128.448608"><ele>474.0</ele><time>2024-01-24T23:52:31.000Z</time></trkpt>
      <trkpt lat="38.088021" lon="128.448589"><ele>482.0</ele><time>2024-01-24T23:53:08.000Z</time></trkpt>
      <trkpt lat="38.088092" lon="128.448631"><ele>485.0</ele><time>2024-01-24T23:53:28.000Z</time></trkpt>
      <trkpt lat="38.088177" lon="128.448626"><ele>488.0</ele><time>2024-01-24T23:53:46.000Z</time></trkpt>
      <trkpt lat="38.088247" lon="128.448570"><ele>492.0</ele><time>2024-01-24T23:54:06.000Z</time></trkpt>
      <trkpt lat="38.088320" lon="128.448584"><ele>496.0</ele><time>2024-01-24T23:54:27.000Z</time></trkpt>
      <trkpt lat="38.088395" lon="128.448565"><ele>500.0</ele><time>2024-01-24T23:55:20.000Z</time></trkpt>
      <trkpt lat="38.088465" lon="128.448590"><ele>502.0</ele><time>2024-01-24T23:55:33.000Z</time></trkpt>
      <trkpt lat="38.088530" lon="128.448635"><ele>505.0</ele><time>2024-01-24T23:55:49.000Z</time></trkpt>
      <trkpt lat="38.088581" lon="128.448693"><ele>507.0</ele><time>2024-01-24T23:56:04.000Z</time></trkpt>
      <trkpt lat="38.088671" lon="128.448673"><ele>511.0</ele><time>2024-01-24T23:56:17.000Z</time></trkpt>
      <trkpt lat="38.088744" lon="128.448676"><ele>514.0</ele><time>2024-01-24T23:56:34.000Z</time></trkpt>
      <trkpt lat="38.088815" lon="128.448694"><ele>515.0</ele><time>2024-01-24T23:56:45.000Z</time></trkpt>
      <trkpt lat="38.088914" lon="128.448773"><ele>517.0</ele><time>2024-01-24T23:56:57.000Z</time></trkpt>
      <trkpt lat="38.088975" lon="128.448828"><ele>516.0</ele><time>2024-01-24T23:57:14.000Z</time></trkpt>
      <trkpt lat="38.089050" lon="128.448820"><ele>515.0</ele><time>2024-01-24T23:57:17.000Z</time></trkpt>
      <trkpt lat="38.089124" lon="128.448798"><ele>512.0</ele><time>2024-01-24T23:57:31.000Z</time></trkpt>
      <trkpt lat="38.089196" lon="128.448849"><ele>510.0</ele><time>2024-01-24T23:57:39.000Z</time></trkpt>
      <trkpt lat="38.089260" lon="128.448901"><ele>512.0</ele><time>2024-01-24T23:57:52.000Z</time></trkpt>
      <trkpt lat="38.089323" lon="128.448953"><ele>515.0</ele><time>2024-01-24T23:58:07.000Z</time></trkpt>
      <trkpt lat="38.089410" lon="128.449003"><ele>519.0</ele><time>2024-01-24T23:58:33.000Z</time></trkpt>
      <trkpt lat="38.089450" lon="128.449093"><ele>523.0</ele><time>2024-01-24T23:58:49.000Z</time></trkpt>
      <trkpt lat="38.089497" lon="128.449162"><ele>525.0</ele><time>2024-01-24T23:59:00.000Z</time></trkpt>
      <trkpt lat="38.089552" lon="128.449247"><ele>529.0</ele><time>2024-01-24T23:59:20.000Z</time></trkpt>
      <trkpt lat="38.089646" lon="128.449254"><ele>534.0</ele><time>2024-01-24T23:59:47.000Z</time></trkpt>
      <trkpt lat="38.089723" lon="128.449217"><ele>538.0</ele><time>2024-01-25T00:00:15.000Z</time></trkpt>
      <trkpt lat="38.089805" lon="128.449235"><ele>540.0</ele><time>2024-01-25T00:00:31.000Z</time></trkpt>
      <trkpt lat="38.089877" lon="128.449251"><ele>545.0</ele><time>2024-01-25T00:00:51.000Z</time></trkpt>
      <trkpt lat="38.089952" lon="128.449232"><ele>547.0</ele><time>2024-01-25T00:01:12.000Z</time></trkpt>
      <trkpt lat="38.090030" lon="128.449268"><ele>553.0</ele><time>2024-01-25T00:01:38.000Z</time></trkpt>
      <trkpt lat="38.090117" lon="128.449287"><ele>556.0</ele><time>2024-01-25T00:02:02.000Z</time></trkpt>
      <trkpt lat="38.090209" lon="128.449291"><ele>561.0</ele><time>2024-01-25T00:02:34.000Z</time></trkpt>
      <trkpt lat="38.090257" lon="128.449216"><ele>564.0</ele><time>2024-01-25T00:02:55.000Z</time></trkpt>
      <trkpt lat="38.090344" lon="128.449233"><ele>569.0</ele><time>2024-01-25T00:03:21.000Z</time></trkpt>
      <trkpt lat="38.090414" lon="128.449254"><ele>573.0</ele><time>2024-01-25T00:03:45.000Z</time></trkpt>
      <trkpt lat="38.090483" lon="128.449258"><ele>577.0</ele><time>2024-01-25T00:04:22.000Z</time></trkpt>
      <trkpt lat="38.090523" lon="128.449338"><ele>582.0</ele><time>2024-01-25T00:04:50.000Z</time></trkpt>
      <trkpt lat="38.090592" lon="128.449333"><ele>589.0</ele><time>2024-01-25T00:05:18.000Z</time></trkpt>
      <trkpt lat="38.090654" lon="128.449265"><ele>591.0</ele><time>2024-01-25T00:05:39.000Z</time></trkpt>
      <trkpt lat="38.090731" lon="128.449293"><ele>597.0</ele><time>2024-01-25T00:06:12.000Z</time></trkpt>
      <trkpt lat="38.090833" lon="128.449332"><ele>604.0</ele><time>2024-01-25T00:06:50.000Z</time></trkpt>
      <trkpt lat="38.090833" lon="128.449332"><ele>608.0</ele><time>2024-01-25T00:09:51.000Z</time></trkpt>
      <trkpt lat="38.090878" lon="128.449296"><ele>609.0</ele><time>2024-01-25T00:10:15.000Z</time></trkpt>
      <trkpt lat="38.090944" lon="128.449334"><ele>611.0</ele><time>2024-01-25T00:10:27.000Z</time></trkpt>
      <trkpt lat="38.090986" lon="128.449413"><ele>615.0</ele><time>2024-01-25T00:10:44.000Z</time></trkpt>
      <trkpt lat="38.091039" lon="128.449459"><ele>618.0</ele><time>2024-01-25T00:11:01.000Z</time></trkpt>
      <trkpt lat="38.091102" lon="128.449465"><ele>621.0</ele><time>2024-01-25T00:11:13.000Z</time></trkpt>
      <trkpt lat="38.091154" lon="128.449523"><ele>625.0</ele><time>2024-01-25T00:11:38.000Z</time></trkpt>
      <trkpt lat="38.091229" lon="128.449539"><ele>628.0</ele><time>2024-01-25T00:11:58.000Z</time></trkpt>
      <trkpt lat="38.091286" lon="128.449589"><ele>634.0</ele><time>2024-01-25T00:12:30.000Z</time></trkpt>
      <trkpt lat="38.091309" lon="128.449661"><ele>639.0</ele><time>2024-01-25T00:12:56.000Z</time></trkpt>
      <trkpt lat="38.091321" lon="128.449752"><ele>643.0</ele><time>2024-01-25T00:13:24.000Z</time></trkpt>
      <trkpt lat="38.091394" lon="128.449783"><ele>647.0</ele><time>2024-01-25T00:13:40.000Z</time></trkpt>
      <trkpt lat="38.091502" lon="128.449741"><ele>650.0</ele><time>2024-01-25T00:13:57.000Z</time></trkpt>
      <trkpt lat="38.091560" lon="128.449774"><ele>657.0</ele><time>2024-01-25T00:14:43.000Z</time></trkpt>
      <trkpt lat="38.091617" lon="128.449827"><ele>662.0</ele><time>2024-01-25T00:15:06.000Z</time></trkpt>
      <trkpt lat="38.091654" lon="128.449898"><ele>667.0</ele><time>2024-01-25T00:15:35.000Z</time></trkpt>
      <trkpt lat="38.091718" lon="128.449898"><ele>672.0</ele><time>2024-01-25T00:16:04.000Z</time></trkpt>
      <trkpt lat="38.091779" lon="128.449919"><ele>676.0</ele><time>2024-01-25T00:16:27.000Z</time></trkpt>
      <trkpt lat="38.091860" lon="128.449912"><ele>681.0</ele><time>2024-01-25T00:16:57.000Z</time></trkpt>
      <trkpt lat="38.091909" lon="128.449973"><ele>685.0</ele><time>2024-01-25T00:17:26.000Z</time></trkpt>
      <trkpt lat="38.091936" lon="128.450048"><ele>688.0</ele><time>2024-01-25T00:17:48.000Z</time></trkpt>
      <trkpt lat="38.091999" lon="128.450073"><ele>691.0</ele><time>2024-01-25T00:18:03.000Z</time></trkpt>
      <trkpt lat="38.092074" lon="128.450113"><ele>695.0</ele><time>2024-01-25T00:18:31.000Z</time></trkpt>
      <trkpt lat="38.092137" lon="128.450135"><ele>699.0</ele><time>2024-01-25T00:18:56.000Z</time></trkpt>
      <trkpt lat="38.092211" lon="128.450133"><ele>701.0</ele><time>2024-01-25T00:19:13.000Z</time></trkpt>
      <trkpt lat="38.092286" lon="128.450114"><ele>704.0</ele><time>2024-01-25T00:19:33.000Z</time></trkpt>
      <trkpt lat="38.092350" lon="128.450098"><ele>706.0</ele><time>2024-01-25T00:19:51.000Z</time></trkpt>
      <trkpt lat="38.092418" lon="128.450134"><ele>710.0</ele><time>2024-01-25T00:20:11.000Z</time></trkpt>
      <trkpt lat="38.092483" lon="128.450123"><ele>713.0</ele><time>2024-01-25T00:20:32.000Z</time></trkpt>
      <trkpt lat="38.092527" lon="128.450181"><ele>716.0</ele><time>2024-01-25T00:20:51.000Z</time></trkpt>
      <trkpt lat="38.092590" lon="128.450229"><ele>718.0</ele><time>2024-01-25T00:21:09.000Z</time></trkpt>
      <trkpt lat="38.092673" lon="128.450252"><ele>722.0</ele><time>2024-01-25T00:21:33.000Z</time></trkpt>
      <trkpt lat="38.092738" lon="128.450297"><ele>725.0</ele><time>2024-01-25T00:21:54.000Z</time></trkpt>
      <trkpt lat="38.092815" lon="128.450286"><ele>729.0</ele><time>2024-01-25T00:22:14.000Z</time></trkpt>
      <trkpt lat="38.092888" lon="128.450316"><ele>733.0</ele><time>2024-01-25T00:22:42.000Z</time></trkpt>
      <trkpt lat="38.092926" lon="128.450384"><ele>736.0</ele><time>2024-01-25T00:22:59.000Z</time></trkpt>
      <trkpt lat="38.092994" lon="128.450409"><ele>739.0</ele><time>2024-01-25T00:23:19.000Z</time></trkpt>
      <trkpt lat="38.093067" lon="128.450407"><ele>743.0</ele><time>2024-01-25T00:23:40.000Z</time></trkpt>
      <trkpt lat="38.093147" lon="128.450435"><ele>747.0</ele><time>2024-01-25T00:24:13.000Z</time></trkpt>
      <trkpt lat="38.093231" lon="128.450451"><ele>751.0</ele><time>2024-01-25T00:24:40.000Z</time></trkpt>
      <trkpt lat="38.093262" lon="128.450530"><ele>754.0</ele><time>2024-01-25T00:25:07.000Z</time></trkpt>
      <trkpt lat="38.093323" lon="128.450572"><ele>757.0</ele><time>2024-01-25T00:25:21.000Z</time></trkpt>
      <trkpt lat="38.093413" lon="128.450584"><ele>760.0</ele><time>2024-01-25T00:25:43.000Z</time></trkpt>
      <trkpt lat="38.093462" lon="128.450511"><ele>763.0</ele><time>2024-01-25T00:26:03.000Z</time></trkpt>
      <trkpt lat="38.093527" lon="128.450496"><ele>766.0</ele><time>2024-01-25T00:26:24.000Z</time></trkpt>
      <trkpt lat="38.093589" lon="128.450541"><ele>769.0</ele><time>2024-01-25T00:26:41.000Z</time></trkpt>
      <trkpt lat="38.093653" lon="128.450579"><ele>772.0</ele><time>2024-01-25T00:27:04.000Z</time></trkpt>
      <trkpt lat="38.093732" lon="128.450638"><ele>776.0</ele><time>2024-01-25T00:27:25.000Z</time></trkpt>
      <trkpt lat="38.093795" lon="128.450666"><ele>779.0</ele><time>2024-01-25T00:27:50.000Z</time></trkpt>
      <trkpt lat="38.093866" lon="128.450731"><ele>782.0</ele><time>2024-01-25T00:28:07.000Z</time></trkpt>
      <trkpt lat="38.093918" lon="128.450789"><ele>783.0</ele><time>2024-01-25T00:28:23.000Z</time></trkpt>
      <trkpt lat="38.093959" lon="128.450864"><ele>786.0</ele><time>2024-01-25T00:28:40.000Z</time></trkpt>
      <trkpt lat="38.094049" lon="128.450870"><ele>789.0</ele><time>2024-01-25T00:29:00.000Z</time></trkpt>
      <trkpt lat="38.094108" lon="128.450807"><ele>792.0</ele><time>2024-01-25T00:29:26.000Z</time></trkpt>
      <trkpt lat="38.094179" lon="128.450792"><ele>794.0</ele><time>2024-01-25T00:29:57.000Z</time></trkpt>
      <trkpt lat="38.094247" lon="128.450801"><ele>794.0</ele><time>2024-01-25T00:30:07.000Z</time></trkpt>
      <trkpt lat="38.094327" lon="128.450813"><ele>797.0</ele><time>2024-01-25T00:30:23.000Z</time></trkpt>
      <trkpt lat="38.094401" lon="128.450788"><ele>799.0</ele><time>2024-01-25T00:30:39.000Z</time></trkpt>
      <trkpt lat="38.094460" lon="128.450746"><ele>803.0</ele><time>2024-01-25T00:30:56.000Z</time></trkpt>
      <trkpt lat="38.094473" lon="128.450662"><ele>807.0</ele><time>2024-01-25T00:31:25.000Z</time></trkpt>
      <trkpt lat="38.094549" lon="128.450688"><ele>809.0</ele><time>2024-01-25T00:31:45.000Z</time></trkpt>
      <trkpt lat="38.094616" lon="128.450659"><ele>813.0</ele><time>2024-01-25T00:32:06.000Z</time></trkpt>
      <trkpt lat="38.094673" lon="128.450599"><ele>818.0</ele><time>2024-01-25T00:32:38.000Z</time></trkpt>
      <trkpt lat="38.094750" lon="128.450584"><ele>820.0</ele><time>2024-01-25T00:32:53.000Z</time></trkpt>
      <trkpt lat="38.094816" lon="128.450537"><ele>823.0</ele><time>2024-01-25T00:33:20.000Z</time></trkpt>
      <trkpt lat="38.094894" lon="128.450528"><ele>827.0</ele><time>2024-01-25T00:33:40.000Z</time></trkpt>
      <trkpt lat="38.094983" lon="128.450501"><ele>832.0</ele><time>2024-01-25T00:34:16.000Z</time></trkpt>
      <trkpt lat="38.095054" lon="128.450468"><ele>835.0</ele><time>2024-01-25T00:34:36.000Z</time></trkpt>
      <trkpt lat="38.095139" lon="128.450472"><ele>839.0</ele><time>2024-01-25T00:35:02.000Z</time></trkpt>
      <trkpt lat="38.095213" lon="128.450450"><ele>841.0</ele><time>2024-01-25T00:35:18.000Z</time></trkpt>
      <trkpt lat="38.095276" lon="128.450410"><ele>845.0</ele><time>2024-01-25T00:35:46.000Z</time></trkpt>
      <trkpt lat="38.095214" lon="128.450340"><ele>845.0</ele><time>2024-01-25T00:35:58.000Z</time></trkpt>
      <trkpt lat="38.095300" lon="128.450414"><ele>845.0</ele><time>2024-01-25T00:36:57.000Z</time></trkpt>
      <trkpt lat="38.095356" lon="128.450485"><ele>847.0</ele><time>2024-01-25T00:37:09.000Z</time></trkpt>
      <trkpt lat="38.095452" lon="128.450564"><ele>848.0</ele><time>2024-01-25T00:38:22.000Z</time></trkpt>
      <trkpt lat="38.095530" lon="128.450633"><ele>851.0</ele><time>2024-01-25T00:38:39.000Z</time></trkpt>
      <trkpt lat="38.095600" lon="128.450668"><ele>853.0</ele><time>2024-01-25T00:38:50.000Z</time></trkpt>
      <trkpt lat="38.095699" lon="128.450714"><ele>854.0</ele><time>2024-01-25T00:39:03.000Z</time></trkpt>
      <trkpt lat="38.095778" lon="128.450741"><ele>856.0</ele><time>2024-01-25T00:39:17.000Z</time></trkpt>
      <trkpt lat="38.095846" lon="128.450799"><ele>856.0</ele><time>2024-01-25T00:39:24.000Z</time></trkpt>
      <trkpt lat="38.095897" lon="128.450917"><ele>856.0</ele><time>2024-01-25T00:39:38.000Z</time></trkpt>
      <trkpt lat="38.095970" lon="128.450994"><ele>861.0</ele><time>2024-01-25T00:39:58.000Z</time></trkpt>
      <trkpt lat="38.096041" lon="128.451022"><ele>865.0</ele><time>2024-01-25T00:40:23.000Z</time></trkpt>
      <trkpt lat="38.096115" lon="128.451098"><ele>868.0</ele><time>2024-01-25T00:40:43.000Z</time></trkpt>
      <trkpt lat="38.096165" lon="128.451190"><ele>869.0</ele><time>2024-01-25T00:40:55.000Z</time></trkpt>
      <trkpt lat="38.096213" lon="128.451260"><ele>871.0</ele><time>2024-01-25T00:41:12.000Z</time></trkpt>
      <trkpt lat="38.096276" lon="128.451352"><ele>870.0</ele><time>2024-01-25T00:41:24.000Z</time></trkpt>
      <trkpt lat="38.096325" lon="128.451453"><ele>871.0</ele><time>2024-01-25T00:41:36.000Z</time></trkpt>
      <trkpt lat="38.096366" lon="128.451540"><ele>873.0</ele><time>2024-01-25T00:41:49.000Z</time></trkpt>
      <trkpt lat="38.096415" lon="128.451611"><ele>876.0</ele><time>2024-01-25T00:42:01.000Z</time></trkpt>
      <trkpt lat="38.096468" lon="128.451691"><ele>877.0</ele><time>2024-01-25T00:42:16.000Z</time></trkpt>
      <trkpt lat="38.096506" lon="128.451766"><ele>878.0</ele><time>2024-01-25T00:42:26.000Z</time></trkpt>
      <trkpt lat="38.096571" lon="128.451857"><ele>880.0</ele><time>2024-01-25T00:42:42.000Z</time></trkpt>
      <trkpt lat="38.096604" lon="128.451969"><ele>880.0</ele><time>2024-01-25T00:42:48.000Z</time></trkpt>
      <trkpt lat="38.096647" lon="128.452061"><ele>882.0</ele><time>2024-01-25T00:43:03.000Z</time></trkpt>
      <trkpt lat="38.096715" lon="128.452020"><ele>886.0</ele><time>2024-01-25T00:43:17.000Z</time></trkpt>
      <trkpt lat="38.096734" lon="128.452107"><ele>888.0</ele><time>2024-01-25T00:43:39.000Z</time></trkpt>
      <trkpt lat="38.096692" lon="128.452201"><ele>890.0</ele><time>2024-01-25T00:43:50.000Z</time></trkpt>
      <trkpt lat="38.096657" lon="128.452291"><ele>892.0</ele><time>2024-01-25T00:44:07.000Z</time></trkpt>
      <trkpt lat="38.096622" lon="128.452411"><ele>895.0</ele><time>2024-01-25T00:44:25.000Z</time></trkpt>
      <trkpt lat="38.096638" lon="128.452502"><ele>897.0</ele><time>2024-01-25T00:44:38.000Z</time></trkpt>
      <trkpt lat="38.096652" lon="128.452619"><ele>896.0</ele><time>2024-01-25T00:44:50.000Z</time></trkpt>
      <trkpt lat="38.096702" lon="128.452697"><ele>896.0</ele><time>2024-01-25T00:44:58.000Z</time></trkpt>
      <trkpt lat="38.096780" lon="128.452762"><ele>898.0</ele><time>2024-01-25T00:45:11.000Z</time></trkpt>
      <trkpt lat="38.096842" lon="128.452831"><ele>901.0</ele><time>2024-01-25T00:45:26.000Z</time></trkpt>
      <trkpt lat="38.096885" lon="128.452906"><ele>902.0</ele><time>2024-01-25T00:45:34.000Z</time></trkpt>
      <trkpt lat="38.096920" lon="128.452999"><ele>904.0</ele><time>2024-01-25T00:45:52.000Z</time></trkpt>
      <trkpt lat="38.096940" lon="128.453114"><ele>906.0</ele><time>2024-01-25T00:46:07.000Z</time></trkpt>
      <trkpt lat="38.096955" lon="128.453210"><ele>908.0</ele><time>2024-01-25T00:46:20.000Z</time></trkpt>
      <trkpt lat="38.096946" lon="128.453343"><ele>910.0</ele><time>2024-01-25T00:46:36.000Z</time></trkpt>
      <trkpt lat="38.096952" lon="128.453467"><ele>912.0</ele><time>2024-01-25T00:46:53.000Z</time></trkpt>
      <trkpt lat="38.096940" lon="128.453567"><ele>913.0</ele><time>2024-01-25T00:47:05.000Z</time></trkpt>
      <trkpt lat="38.096913" lon="128.453691"><ele>915.0</ele><time>2024-01-25T00:47:16.000Z</time></trkpt>
      <trkpt lat="38.096887" lon="128.453789"><ele>917.0</ele><time>2024-01-25T00:47:34.000Z</time></trkpt>
      <trkpt lat="38.096865" lon="128.453932"><ele>918.0</ele><time>2024-01-25T00:47:50.000Z</time></trkpt>
      <trkpt lat="38.096861" lon="128.454030"><ele>916.0</ele><time>2024-01-25T00:48:39.000Z</time></trkpt>
      <trkpt lat="38.096932" lon="128.454081"><ele>913.0</ele><time>2024-01-25T00:48:56.000Z</time></trkpt>
      <trkpt lat="38.096994" lon="128.454151"><ele>911.0</ele><time>2024-01-25T00:49:05.000Z</time></trkpt>
      <trkpt lat="38.097049" lon="128.454079"><ele>909.0</ele><time>2024-01-25T00:49:13.000Z</time></trkpt>
      <trkpt lat="38.097106" lon="128.453977"><ele>908.0</ele><time>2024-01-25T00:49:20.000Z</time></trkpt>
      <trkpt lat="38.097202" lon="128.453921"><ele>904.0</ele><time>2024-01-25T00:49:41.000Z</time></trkpt>
      <trkpt lat="38.097296" lon="128.453943"><ele>901.0</ele><time>2024-01-25T00:49:58.000Z</time></trkpt>
      <trkpt lat="38.097365" lon="128.453914"><ele>898.0</ele><time>2024-01-25T00:50:06.000Z</time></trkpt>
      <trkpt lat="38.097387" lon="128.454037"><ele>895.0</ele><time>2024-01-25T00:50:21.000Z</time></trkpt>
      <trkpt lat="38.097468" lon="128.454063"><ele>893.0</ele><time>2024-01-25T00:50:30.000Z</time></trkpt>
      <trkpt lat="38.097566" lon="128.454102"><ele>892.0</ele><time>2024-01-25T00:50:38.000Z</time></trkpt>
      <trkpt lat="38.097569" lon="128.454243"><ele>893.0</ele><time>2024-01-25T00:50:42.000Z</time></trkpt>
      <trkpt lat="38.097596" lon="128.454348"><ele>896.0</ele><time>2024-01-25T00:51:00.000Z</time></trkpt>
      <trkpt lat="38.097669" lon="128.454354"><ele>902.0</ele><time>2024-01-25T00:51:27.000Z</time></trkpt>
      <trkpt lat="38.097689" lon="128.454447"><ele>905.0</ele><time>2024-01-25T00:51:52.000Z</time></trkpt>
      <trkpt lat="38.097756" lon="128.454492"><ele>906.0</ele><time>2024-01-25T00:52:04.000Z</time></trkpt>
      <trkpt lat="38.097843" lon="128.454541"><ele>902.0</ele><time>2024-01-25T00:52:22.000Z</time></trkpt>
      <trkpt lat="38.097876" lon="128.454622"><ele>899.0</ele><time>2024-01-25T00:52:41.000Z</time></trkpt>
      <trkpt lat="38.097911" lon="128.454712"><ele>896.0</ele><time>2024-01-25T00:52:54.000Z</time></trkpt>
      <trkpt lat="38.097988" lon="128.454783"><ele>898.0</ele><time>2024-01-25T00:53:06.000Z</time></trkpt>
      <trkpt lat="38.098062" lon="128.454769"><ele>901.0</ele><time>2024-01-25T00:53:22.000Z</time></trkpt>
      <trkpt lat="38.098137" lon="128.454736"><ele>904.0</ele><time>2024-01-25T00:53:35.000Z</time></trkpt>
      <trkpt lat="38.098146" lon="128.454849"><ele>911.0</ele><time>2024-01-25T00:54:21.000Z</time></trkpt>
      <trkpt lat="38.098122" lon="128.454972"><ele>916.0</ele><time>2024-01-25T00:54:56.000Z</time></trkpt>
      <trkpt lat="38.098181" lon="128.455051"><ele>920.0</ele><time>2024-01-25T00:55:26.000Z</time></trkpt>
      <trkpt lat="38.098271" lon="128.454988"><ele>922.0</ele><time>2024-01-25T00:55:43.000Z</time></trkpt>
      <trkpt lat="38.098271" lon="128.454988"><ele>922.0</ele><time>2024-01-25T00:58:48.000Z</time></trkpt>
      <trkpt lat="38.098341" lon="128.454988"><ele>922.0</ele><time>2024-01-25T00:59:52.000Z</time></trkpt>
      <trkpt lat="38.098384" lon="128.454915"><ele>923.0</ele><time>2024-01-25T01:00:01.000Z</time></trkpt>
      <trkpt lat="38.098443" lon="128.454853"><ele>925.0</ele><time>2024-01-25T01:00:10.000Z</time></trkpt>
      <trkpt lat="38.098520" lon="128.454840"><ele>925.0</ele><time>2024-01-25T01:00:16.000Z</time></trkpt>
      <trkpt lat="38.098587" lon="128.454880"><ele>924.0</ele><time>2024-01-25T01:00:29.000Z</time></trkpt>
      <trkpt lat="38.098652" lon="128.454834"><ele>927.0</ele><time>2024-01-25T01:00:42.000Z</time></trkpt>
      <trkpt lat="38.098721" lon="128.454886"><ele>928.0</ele><time>2024-01-25T01:00:55.000Z</time></trkpt>
      <trkpt lat="38.098768" lon="128.454955"><ele>929.0</ele><time>2024-01-25T01:01:05.000Z</time></trkpt>
      <trkpt lat="38.098789" lon="128.455053"><ele>928.0</ele><time>2024-01-25T01:01:15.000Z</time></trkpt>
      <trkpt lat="38.098868" lon="128.455063"><ele>930.0</ele><time>2024-01-25T01:01:27.000Z</time></trkpt>
      <trkpt lat="38.098933" lon="128.455104"><ele>930.0</ele><time>2024-01-25T01:01:36.000Z</time></trkpt>
      <trkpt lat="38.099013" lon="128.455085"><ele>934.0</ele><time>2024-01-25T01:01:52.000Z</time></trkpt>
      <trkpt lat="38.099089" lon="128.455148"><ele>936.0</ele><time>2024-01-25T01:02:13.000Z</time></trkpt>
      <trkpt lat="38.099162" lon="128.455216"><ele>940.0</ele><time>2024-01-25T01:02:33.000Z</time></trkpt>
      <trkpt lat="38.099251" lon="128.455249"><ele>943.0</ele><time>2024-01-25T01:02:54.000Z</time></trkpt>
      <trkpt lat="38.099329" lon="128.455341"><ele>945.0</ele><time>2024-01-25T01:03:14.000Z</time></trkpt>
      <trkpt lat="38.099367" lon="128.455434"><ele>945.0</ele><time>2024-01-25T01:03:21.000Z</time></trkpt>
      <trkpt lat="38.099398" lon="128.455554"><ele>944.0</ele><time>2024-01-25T01:03:35.000Z</time></trkpt>
      <trkpt lat="38.099448" lon="128.455640"><ele>944.0</ele><time>2024-01-25T01:03:42.000Z</time></trkpt>
      <trkpt lat="38.099481" lon="128.455728"><ele>945.0</ele><time>2024-01-25T01:03:56.000Z</time></trkpt>
      <trkpt lat="38.099542" lon="128.455790"><ele>944.0</ele><time>2024-01-25T01:04:03.000Z</time></trkpt>
      <trkpt lat="38.099600" lon="128.455886"><ele>943.0</ele><time>2024-01-25T01:04:15.000Z</time></trkpt>
      <trkpt lat="38.099671" lon="128.455968"><ele>943.0</ele><time>2024-01-25T01:04:23.000Z</time></trkpt>
      <trkpt lat="38.099744" lon="128.455988"><ele>945.0</ele><time>2024-01-25T01:04:37.000Z</time></trkpt>
      <trkpt lat="38.099828" lon="128.456019"><ele>947.0</ele><time>2024-01-25T01:04:52.000Z</time></trkpt>
      <trkpt lat="38.099926" lon="128.456008"><ele>950.0</ele><time>2024-01-25T01:05:04.000Z</time></trkpt>
      <trkpt lat="38.099995" lon="128.456081"><ele>952.0</ele><time>2024-01-25T01:05:22.000Z</time></trkpt>
      <trkpt lat="38.100078" lon="128.456097"><ele>956.0</ele><time>2024-01-25T01:05:45.000Z</time></trkpt>
      <trkpt lat="38.100154" lon="128.456059"><ele>960.0</ele><time>2024-01-25T01:06:06.000Z</time></trkpt>
      <trkpt lat="38.100235" lon="128.455931"><ele>960.0</ele><time>2024-01-25T01:06:27.000Z</time></trkpt>
      <trkpt lat="38.100286" lon="128.456010"><ele>958.0</ele><time>2024-01-25T01:06:40.000Z</time></trkpt>
      <trkpt lat="38.100370" lon="128.456033"><ele>958.0</ele><time>2024-01-25T01:06:52.000Z</time></trkpt>
      <trkpt lat="38.100446" lon="128.456014"><ele>959.0</ele><time>2024-01-25T01:07:08.000Z</time></trkpt>
      <trkpt lat="38.100514" lon="128.456102"><ele>957.0</ele><time>2024-01-25T01:07:21.000Z</time></trkpt>
      <trkpt lat="38.100579" lon="128.456145"><ele>959.0</ele><time>2024-01-25T01:07:33.000Z</time></trkpt>
      <trkpt lat="38.100642" lon="128.456205"><ele>962.0</ele><time>2024-01-25T01:07:48.000Z</time></trkpt>
      <trkpt lat="38.100672" lon="128.456321"><ele>965.0</ele><time>2024-01-25T01:08:09.000Z</time></trkpt>
      <trkpt lat="38.100740" lon="128.456381"><ele>967.0</ele><time>2024-01-25T01:08:25.000Z</time></trkpt>
      <trkpt lat="38.100816" lon="128.456377"><ele>968.0</ele><time>2024-01-25T01:08:35.000Z</time></trkpt>
      <trkpt lat="38.100911" lon="128.456415"><ele>969.0</ele><time>2024-01-25T01:08:47.000Z</time></trkpt>
      <trkpt lat="38.101008" lon="128.456449"><ele>970.0</ele><time>2024-01-25T01:08:58.000Z</time></trkpt>
      <trkpt lat="38.101126" lon="128.456504"><ele>971.0</ele><time>2024-01-25T01:09:11.000Z</time></trkpt>
      <trkpt lat="38.101203" lon="128.456595"><ele>971.0</ele><time>2024-01-25T01:09:24.000Z</time></trkpt>
      <trkpt lat="38.101291" lon="128.456564"><ele>974.0</ele><time>2024-01-25T01:09:36.000Z</time></trkpt>
      <trkpt lat="38.101408" lon="128.456611"><ele>976.0</ele><time>2024-01-25T01:09:51.000Z</time></trkpt>
      <trkpt lat="38.101509" lon="128.456633"><ele>977.0</ele><time>2024-01-25T01:10:09.000Z</time></trkpt>
      <trkpt lat="38.101597" lon="128.456654"><ele>979.0</ele><time>2024-01-25T01:10:20.000Z</time></trkpt>
      <trkpt lat="38.101686" lon="128.456593"><ele>980.0</ele><time>2024-01-25T01:10:32.000Z</time></trkpt>
      <trkpt lat="38.101745" lon="128.456531"><ele>981.0</ele><time>2024-01-25T01:10:46.000Z</time></trkpt>
      <trkpt lat="38.101825" lon="128.456505"><ele>982.0</ele><time>2024-01-25T01:10:53.000Z</time></trkpt>
      <trkpt lat="38.101882" lon="128.456447"><ele>984.0</ele><time>2024-01-25T01:11:06.000Z</time></trkpt>
      <trkpt lat="38.101995" lon="128.456484"><ele>983.0</ele><time>2024-01-25T01:11:34.000Z</time></trkpt>
      <trkpt lat="38.102098" lon="128.456548"><ele>979.0</ele><time>2024-01-25T01:11:54.000Z</time></trkpt>
      <trkpt lat="38.102232" lon="128.456638"><ele>977.0</ele><time>2024-01-25T01:12:08.000Z</time></trkpt>
      <trkpt lat="38.102320" lon="128.456730"><ele>977.0</ele><time>2024-01-25T01:12:14.000Z</time></trkpt>
      <trkpt lat="38.102407" lon="128.456710"><ele>981.0</ele><time>2024-01-25T01:12:40.000Z</time></trkpt>
      <trkpt lat="38.102482" lon="128.456676"><ele>982.0</ele><time>2024-01-25T01:12:52.000Z</time></trkpt>
      <trkpt lat="38.102562" lon="128.456651"><ele>984.0</ele><time>2024-01-25T01:13:02.000Z</time></trkpt>
      <trkpt lat="38.102642" lon="128.456661"><ele>987.0</ele><time>2024-01-25T01:13:17.000Z</time></trkpt>
      <trkpt lat="38.102713" lon="128.456707"><ele>994.0</ele><time>2024-01-25T01:14:06.000Z</time></trkpt>
      <trkpt lat="38.102808" lon="128.456680"><ele>998.0</ele><time>2024-01-25T01:14:39.000Z</time></trkpt>
      <trkpt lat="38.102886" lon="128.456654"><ele>1003.0</ele><time>2024-01-25T01:15:13.000Z</time></trkpt>
      <trkpt lat="38.102940" lon="128.456732"><ele>1005.0</ele><time>2024-01-25T01:15:34.000Z</time></trkpt>
      <trkpt lat="38.103047" lon="128.456740"><ele>1001.0</ele><time>2024-01-25T01:15:54.000Z</time></trkpt>
      <trkpt lat="38.103123" lon="128.456710"><ele>1001.0</ele><time>2024-01-25T01:15:58.000Z</time></trkpt>
      <trkpt lat="38.103211" lon="128.456750"><ele>1003.0</ele><time>2024-01-25T01:16:15.000Z</time></trkpt>
      <trkpt lat="38.103289" lon="128.456729"><ele>1006.0</ele><time>2024-01-25T01:16:34.000Z</time></trkpt>
      <trkpt lat="38.103371" lon="128.456704"><ele>1009.0</ele><time>2024-01-25T01:17:00.000Z</time></trkpt>
      <trkpt lat="38.103448" lon="128.456645"><ele>1013.0</ele><time>2024-01-25T01:17:44.000Z</time></trkpt>
      <trkpt lat="38.103535" lon="128.456650"><ele>1013.0</ele><time>2024-01-25T01:17:57.000Z</time></trkpt>
      <trkpt lat="38.103625" lon="128.456667"><ele>1012.0</ele><time>2024-01-25T01:18:04.000Z</time></trkpt>
      <trkpt lat="38.103696" lon="128.456731"><ele>1012.0</ele><time>2024-01-25T01:18:21.000Z</time></trkpt>
      <trkpt lat="38.103791" lon="128.456753"><ele>1013.0</ele><time>2024-01-25T01:18:32.000Z</time></trkpt>
      <trkpt lat="38.103889" lon="128.456772"><ele>1014.0</ele><time>2024-01-25T01:18:44.000Z</time></trkpt>
      <trkpt lat="38.103981" lon="128.456837"><ele>1015.0</ele><time>2024-01-25T01:18:59.000Z</time></trkpt>
      <trkpt lat="38.104028" lon="128.456928"><ele>1017.0</ele><time>2024-01-25T01:19:14.000Z</time></trkpt>
      <trkpt lat="38.104093" lon="128.457009"><ele>1018.0</ele><time>2024-01-25T01:19:27.000Z</time></trkpt>
      <trkpt lat="38.104109" lon="128.457116"><ele>1020.0</ele><time>2024-01-25T01:19:44.000Z</time></trkpt>
      <trkpt lat="38.104212" lon="128.457068"><ele>1024.0</ele><time>2024-01-25T01:20:08.000Z</time></trkpt>
      <trkpt lat="38.104263" lon="128.457138"><ele>1029.0</ele><time>2024-01-25T01:20:41.000Z</time></trkpt>
      <trkpt lat="38.104305" lon="128.457218"><ele>1030.0</ele><time>2024-01-25T01:20:57.000Z</time></trkpt>
      <trkpt lat="38.104295" lon="128.457320"><ele>1029.0</ele><time>2024-01-25T01:21:06.000Z</time></trkpt>
      <trkpt lat="38.104311" lon="128.457414"><ele>1029.0</ele><time>2024-01-25T01:21:14.000Z</time></trkpt>
      <trkpt lat="38.104337" lon="128.457504"><ele>1030.0</ele><time>2024-01-25T01:21:22.000Z</time></trkpt>
      <trkpt lat="38.104366" lon="128.457591"><ele>1032.0</ele><time>2024-01-25T01:21:34.000Z</time></trkpt>
      <trkpt lat="38.104424" lon="128.457661"><ele>1035.0</ele><time>2024-01-25T01:21:49.000Z</time></trkpt>
      <trkpt lat="38.104446" lon="128.457772"><ele>1037.0</ele><time>2024-01-25T01:22:10.000Z</time></trkpt>
      <trkpt lat="38.104519" lon="128.457840"><ele>1041.0</ele><time>2024-01-25T01:22:31.000Z</time></trkpt>
      <trkpt lat="38.104553" lon="128.457932"><ele>1042.0</ele><time>2024-01-25T01:22:53.000Z</time></trkpt>
      <trkpt lat="38.104635" lon="128.457952"><ele>1044.0</ele><time>2024-01-25T01:23:08.000Z</time></trkpt>
      <trkpt lat="38.104680" lon="128.458030"><ele>1045.0</ele><time>2024-01-25T01:23:20.000Z</time></trkpt>
      <trkpt lat="38.104767" lon="128.458064"><ele>1046.0</ele><time>2024-01-25T01:23:32.000Z</time></trkpt>
      <trkpt lat="38.104845" lon="128.458215"><ele>1047.0</ele><time>2024-01-25T01:23:53.000Z</time></trkpt>
      <trkpt lat="38.104893" lon="128.458299"><ele>1050.0</ele><time>2024-01-25T01:24:19.000Z</time></trkpt>
      <trkpt lat="38.104971" lon="128.458368"><ele>1053.0</ele><time>2024-01-25T01:24:34.000Z</time></trkpt>
      <trkpt lat="38.105047" lon="128.458439"><ele>1054.0</ele><time>2024-01-25T01:24:52.000Z</time></trkpt>
      <trkpt lat="38.105125" lon="128.458424"><ele>1058.0</ele><time>2024-01-25T01:25:12.000Z</time></trkpt>
      <trkpt lat="38.105202" lon="128.458486"><ele>1062.0</ele><time>2024-01-25T01:25:33.000Z</time></trkpt>
      <trkpt lat="38.105272" lon="128.458540"><ele>1059.0</ele><time>2024-01-25T01:25:48.000Z</time></trkpt>
      <trkpt lat="38.105342" lon="128.458580"><ele>1056.0</ele><time>2024-01-25T01:26:05.000Z</time></trkpt>
      <trkpt lat="38.105340" lon="128.458688"><ele>1058.0</ele><time>2024-01-25T01:26:16.000Z</time></trkpt>
      <trkpt lat="38.105364" lon="128.458798"><ele>1060.0</ele><time>2024-01-25T01:26:33.000Z</time></trkpt>
      <trkpt lat="38.105386" lon="128.458883"><ele>1061.0</ele><time>2024-01-25T01:26:45.000Z</time></trkpt>
      <trkpt lat="38.105383" lon="128.458982"><ele>1063.0</ele><time>2024-01-25T01:26:58.000Z</time></trkpt>
      <trkpt lat="38.105440" lon="128.458910"><ele>1065.0</ele><time>2024-01-25T01:27:10.000Z</time></trkpt>
      <trkpt lat="38.105509" lon="128.458875"><ele>1067.0</ele><time>2024-01-25T01:27:23.000Z</time></trkpt>
      <trkpt lat="38.105580" lon="128.458906"><ele>1069.0</ele><time>2024-01-25T01:27:51.000Z</time></trkpt>
      <trkpt lat="38.105580" lon="128.458906"><ele>1069.0</ele><time>2024-01-25T01:30:52.000Z</time></trkpt>
      <trkpt lat="38.105545" lon="128.458914"><ele>1069.0</ele><time>2024-01-25T01:31:13.000Z</time></trkpt>
      <trkpt lat="38.105524" lon="128.459003"><ele>1071.0</ele><time>2024-01-25T01:32:23.000Z</time></trkpt>
      <trkpt lat="38.105612" lon="128.459001"><ele>1073.0</ele><time>2024-01-25T01:32:35.000Z</time></trkpt>
      <trkpt lat="38.105621" lon="128.459094"><ele>1080.0</ele><time>2024-01-25T01:33:16.000Z</time></trkpt>
      <trkpt lat="38.105651" lon="128.459187"><ele>1084.0</ele><time>2024-01-25T01:33:41.000Z</time></trkpt>
      <trkpt lat="38.105718" lon="128.459235"><ele>1090.0</ele><time>2024-01-25T01:34:21.000Z</time></trkpt>
      <trkpt lat="38.105741" lon="128.459338"><ele>1096.0</ele><time>2024-01-25T01:35:11.000Z</time></trkpt>
      <trkpt lat="38.105782" lon="128.459426"><ele>1100.0</ele><time>2024-01-25T01:35:48.000Z</time></trkpt>
      <trkpt lat="38.105846" lon="128.459475"><ele>1109.0</ele><time>2024-01-25T01:36:49.000Z</time></trkpt>
      <trkpt lat="38.105902" lon="128.459540"><ele>1115.0</ele><time>2024-01-25T01:37:35.000Z</time></trkpt>
      <trkpt lat="38.105827" lon="128.459766"><ele>1129.0</ele><time>2024-01-25T01:39:16.000Z</time></trkpt>
      <trkpt lat="38.105877" lon="128.459845"><ele>1135.0</ele><time>2024-01-25T01:39:51.000Z</time></trkpt>
      <trkpt lat="38.105944" lon="128.459934"><ele>1142.0</ele><time>2024-01-25T01:40:32.000Z</time></trkpt>
      <trkpt lat="38.106020" lon="128.459920"><ele>1144.0</ele><time>2024-01-25T01:40:52.000Z</time></trkpt>
      <trkpt lat="38.106103" lon="128.459896"><ele>1148.0</ele><time>2024-01-25T01:41:34.000Z</time></trkpt>
      <trkpt lat="38.106163" lon="128.459809"><ele>1154.0</ele><time>2024-01-25T01:42:15.000Z</time></trkpt>
      <trkpt lat="38.106218" lon="128.459797"><ele>1155.0</ele><time>2024-01-25T01:42:21.000Z</time></trkpt>
      <trkpt lat="38.106272" lon="128.459763"><ele>1158.0</ele><time>2024-01-25T01:42:35.000Z</time></trkpt>
      <trkpt lat="38.106358" lon="128.459844"><ele>1165.0</ele><time>2024-01-25T01:43:28.000Z</time></trkpt>
      <trkpt lat="38.106414" lon="128.459830"><ele>1168.0</ele><time>2024-01-25T01:43:49.000Z</time></trkpt>
      <trkpt lat="38.106451" lon="128.459905"><ele>1170.0</ele><time>2024-01-25T01:44:05.000Z</time></trkpt>
      <trkpt lat="38.106512" lon="128.459947"><ele>1176.0</ele><time>2024-01-25T01:44:24.000Z</time></trkpt>
      <trkpt lat="38.106577" lon="128.459915"><ele>1178.0</ele><time>2024-01-25T01:44:59.000Z</time></trkpt>
      <trkpt lat="38.106620" lon="128.460016"><ele>1186.0</ele><time>2024-01-25T01:45:43.000Z</time></trkpt>
      <trkpt lat="38.106624" lon="128.460089"><ele>1190.0</ele><time>2024-01-25T01:46:08.000Z</time></trkpt>
      <trkpt lat="38.106697" lon="128.460116"><ele>1191.0</ele><time>2024-01-25T01:46:25.000Z</time></trkpt>
      <trkpt lat="38.106764" lon="128.460162"><ele>1193.0</ele><time>2024-01-25T01:46:42.000Z</time></trkpt>
      <trkpt lat="38.106829" lon="128.460214"><ele>1197.0</ele><time>2024-01-25T01:47:10.000Z</time></trkpt>
      <trkpt lat="38.106881" lon="128.460150"><ele>1200.0</ele><time>2024-01-25T01:47:30.000Z</time></trkpt>
      <trkpt lat="38.106915" lon="128.460229"><ele>1202.0</ele><time>2024-01-25T01:47:51.000Z</time></trkpt>
      <trkpt lat="38.106990" lon="128.460227"><ele>1207.0</ele><time>2024-01-25T01:48:10.000Z</time></trkpt>
      <trkpt lat="38.107051" lon="128.460150"><ele>1213.0</ele><time>2024-01-25T01:49:13.000Z</time></trkpt>
      <trkpt lat="38.107147" lon="128.460143"><ele>1217.0</ele><time>2024-01-25T01:49:33.000Z</time></trkpt>
      <trkpt lat="38.107208" lon="128.460096"><ele>1218.0</ele><time>2024-01-25T01:49:58.000Z</time></trkpt>
      <trkpt lat="38.107250" lon="128.460178"><ele>1219.0</ele><time>2024-01-25T01:50:15.000Z</time></trkpt>
      <trkpt lat="38.107294" lon="128.460104"><ele>1224.0</ele><time>2024-01-25T01:50:35.000Z</time></trkpt>
      <trkpt lat="38.107360" lon="128.460093"><ele>1228.0</ele><time>2024-01-25T01:51:01.000Z</time></trkpt>
      <trkpt lat="38.107473" lon="128.460051"><ele>1238.0</ele><time>2024-01-25T01:52:34.000Z</time></trkpt>
      <trkpt lat="38.107546" lon="128.460050"><ele>1243.0</ele><time>2024-01-25T01:53:06.000Z</time></trkpt>
      <trkpt lat="38.107614" lon="128.460028"><ele>1246.0</ele><time>2024-01-25T01:53:40.000Z</time></trkpt>
      <trkpt lat="38.107681" lon="128.460079"><ele>1249.0</ele><time>2024-01-25T01:53:53.000Z</time></trkpt>
      <trkpt lat="38.107768" lon="128.460054"><ele>1260.0</ele><time>2024-01-25T01:55:06.000Z</time></trkpt>
      <trkpt lat="38.107850" lon="128.459975"><ele>1267.0</ele><time>2024-01-25T01:55:56.000Z</time></trkpt>
      <trkpt lat="38.107935" lon="128.460001"><ele>1270.0</ele><time>2024-01-25T01:56:45.000Z</time></trkpt>
      <trkpt lat="38.108015" lon="128.459979"><ele>1272.0</ele><time>2024-01-25T01:56:57.000Z</time></trkpt>
      <trkpt lat="38.108091" lon="128.460021"><ele>1272.0</ele><time>2024-01-25T01:57:05.000Z</time></trkpt>
      <trkpt lat="38.108166" lon="128.460037"><ele>1273.0</ele><time>2024-01-25T01:57:18.000Z</time></trkpt>
      <trkpt lat="38.108221" lon="128.460012"><ele>1274.0</ele><time>2024-01-25T01:57:25.000Z</time></trkpt>
      <trkpt lat="38.108281" lon="128.460000"><ele>1277.0</ele><time>2024-01-25T01:57:39.000Z</time></trkpt>
      <trkpt lat="38.108352" lon="128.460000"><ele>1279.0</ele><time>2024-01-25T01:58:03.000Z</time></trkpt>
      <trkpt lat="38.108420" lon="128.459997"><ele>1284.0</ele><time>2024-01-25T01:58:26.000Z</time></trkpt>
      <trkpt lat="38.108489" lon="128.460041"><ele>1286.0</ele><time>2024-01-25T01:58:49.000Z</time></trkpt>
      <trkpt lat="38.108577" lon="128.460071"><ele>1288.0</ele><time>2024-01-25T01:59:05.000Z</time></trkpt>
      <trkpt lat="38.108643" lon="128.460084"><ele>1288.0</ele><time>2024-01-25T01:59:14.000Z</time></trkpt>
      <trkpt lat="38.108721" lon="128.460063"><ele>1290.0</ele><time>2024-01-25T01:59:26.000Z</time></trkpt>
      <trkpt lat="38.108800" lon="128.460081"><ele>1292.0</ele><time>2024-01-25T01:59:41.000Z</time></trkpt>
      <trkpt lat="38.108833" lon="128.460166"><ele>1295.0</ele><time>2024-01-25T01:59:55.000Z</time></trkpt>
      <trkpt lat="38.108927" lon="128.460153"><ele>1297.0</ele><time>2024-01-25T02:00:10.000Z</time></trkpt>
      <trkpt lat="38.109002" lon="128.460146"><ele>1299.0</ele><time>2024-01-25T02:00:31.000Z</time></trkpt>
      <trkpt lat="38.109092" lon="128.460164"><ele>1301.0</ele><time>2024-01-25T02:00:51.000Z</time></trkpt>
      <trkpt lat="38.109192" lon="128.460161"><ele>1306.0</ele><time>2024-01-25T02:01:12.000Z</time></trkpt>
      <trkpt lat="38.109268" lon="128.460114"><ele>1308.0</ele><time>2024-01-25T02:01:40.000Z</time></trkpt>
      <trkpt lat="38.109339" lon="128.460133"><ele>1311.0</ele><time>2024-01-25T02:02:06.000Z</time></trkpt>
      <trkpt lat="38.109417" lon="128.460149"><ele>1313.0</ele><time>2024-01-25T02:02:20.000Z</time></trkpt>
      <trkpt lat="38.109483" lon="128.460096"><ele>1316.0</ele><time>2024-01-25T02:02:41.000Z</time></trkpt>
      <trkpt lat="38.109568" lon="128.460109"><ele>1322.0</ele><time>2024-01-25T02:03:12.000Z</time></trkpt>
      <trkpt lat="38.109641" lon="128.460131"><ele>1326.0</ele><time>2024-01-25T02:03:35.000Z</time></trkpt>
      <trkpt lat="38.109715" lon="128.460167"><ele>1328.0</ele><time>2024-01-25T02:04:08.000Z</time></trkpt>
      <trkpt lat="38.109780" lon="128.460213"><ele>1330.0</ele><time>2024-01-25T02:04:34.000Z</time></trkpt>
      <trkpt lat="38.109849" lon="128.460153"><ele>1334.0</ele><time>2024-01-25T02:04:54.000Z</time></trkpt>
      <trkpt lat="38.109917" lon="128.460180"><ele>1336.0</ele><time>2024-01-25T02:05:15.000Z</time></trkpt>
      <trkpt lat="38.110013" lon="128.460173"><ele>1340.0</ele><time>2024-01-25T02:05:38.000Z</time></trkpt>
      <trkpt lat="38.110081" lon="128.460214"><ele>1343.0</ele><time>2024-01-25T02:06:07.000Z</time></trkpt>
      <trkpt lat="38.110164" lon="128.460228"><ele>1346.0</ele><time>2024-01-25T02:06:33.000Z</time></trkpt>
      <trkpt lat="38.110221" lon="128.460171"><ele>1349.0</ele><time>2024-01-25T02:06:56.000Z</time></trkpt>
      <trkpt lat="38.110291" lon="128.460213"><ele>1351.0</ele><time>2024-01-25T02:07:14.000Z</time></trkpt>
      <trkpt lat="38.110371" lon="128.460209"><ele>1354.0</ele><time>2024-01-25T02:07:34.000Z</time></trkpt>
      <trkpt lat="38.110443" lon="128.460224"><ele>1358.0</ele><time>2024-01-25T02:07:59.000Z</time></trkpt>
      <trkpt lat="38.110509" lon="128.460188"><ele>1362.0</ele><time>2024-01-25T02:08:31.000Z</time></trkpt>
      <trkpt lat="38.110509" lon="128.460188"><ele>1364.0</ele><time>2024-01-25T02:11:32.000Z</time></trkpt>
      <trkpt lat="38.110559" lon="128.460205"><ele>1365.0</ele><time>2024-01-25T02:13:56.000Z</time></trkpt>
      <trkpt lat="38.110626" lon="128.460269"><ele>1369.0</ele><time>2024-01-25T02:14:28.000Z</time></trkpt>
      <trkpt lat="38.110657" lon="128.460344"><ele>1372.0</ele><time>2024-01-25T02:14:46.000Z</time></trkpt>
      <trkpt lat="38.110735" lon="128.460336"><ele>1376.0</ele><time>2024-01-25T02:15:12.000Z</time></trkpt>
      <trkpt lat="38.110789" lon="128.460395"><ele>1378.0</ele><time>2024-01-25T02:15:39.000Z</time></trkpt>
      <trkpt lat="38.110816" lon="128.460505"><ele>1383.0</ele><time>2024-01-25T02:16:08.000Z</time></trkpt>
      <trkpt lat="38.110867" lon="128.460566"><ele>1385.0</ele><time>2024-01-25T02:16:32.000Z</time></trkpt>
      <trkpt lat="38.110937" lon="128.460607"><ele>1386.0</ele><time>2024-01-25T02:16:49.000Z</time></trkpt>
      <trkpt lat="38.110937" lon="128.460700"><ele>1390.0</ele><time>2024-01-25T02:17:08.000Z</time></trkpt>
      <trkpt lat="38.111012" lon="128.460639"><ele>1395.0</ele><time>2024-01-25T02:17:44.000Z</time></trkpt>
      <trkpt lat="38.111073" lon="128.460568"><ele>1399.0</ele><time>2024-01-25T02:18:18.000Z</time></trkpt>
      <trkpt lat="38.111145" lon="128.460554"><ele>1404.0</ele><time>2024-01-25T02:19:06.000Z</time></trkpt>
      <trkpt lat="38.111226" lon="128.460588"><ele>1410.0</ele><time>2024-01-25T02:19:37.000Z</time></trkpt>
      <trkpt lat="38.111277" lon="128.460532"><ele>1412.0</ele><time>2024-01-25T02:20:05.000Z</time></trkpt>
      <trkpt lat="38.111286" lon="128.460625"><ele>1415.0</ele><time>2024-01-25T02:20:26.000Z</time></trkpt>
      <trkpt lat="38.111417" lon="128.460662"><ele>1424.0</ele><time>2024-01-25T02:21:35.000Z</time></trkpt>
      <trkpt lat="38.111474" lon="128.460708"><ele>1426.0</ele><time>2024-01-25T02:22:03.000Z</time></trkpt>
      <trkpt lat="38.111512" lon="128.460801"><ele>1430.0</ele><time>2024-01-25T02:22:30.000Z</time></trkpt>
      <trkpt lat="38.111562" lon="128.460875"><ele>1436.0</ele><time>2024-01-25T02:23:10.000Z</time></trkpt>
      <trkpt lat="38.111622" lon="128.460833"><ele>1439.0</ele><time>2024-01-25T02:23:30.000Z</time></trkpt>
      <trkpt lat="38.111695" lon="128.460821"><ele>1442.0</ele><time>2024-01-25T02:24:00.000Z</time></trkpt>
      <trkpt lat="38.111761" lon="128.460780"><ele>1446.0</ele><time>2024-01-25T02:24:35.000Z</time></trkpt>
      <trkpt lat="38.111880" lon="128.460716"><ele>1458.0</ele><time>2024-01-25T02:25:57.000Z</time></trkpt>
      <trkpt lat="38.111944" lon="128.460690"><ele>1460.0</ele><time>2024-01-25T02:26:18.000Z</time></trkpt>
      <trkpt lat="38.111989" lon="128.460742"><ele>1463.0</ele><time>2024-01-25T02:26:39.000Z</time></trkpt>
      <trkpt lat="38.112087" lon="128.460773"><ele>1468.0</ele><time>2024-01-25T02:27:33.000Z</time></trkpt>
      <trkpt lat="38.112117" lon="128.460667"><ele>1471.0</ele><time>2024-01-25T02:27:53.000Z</time></trkpt>
      <trkpt lat="38.112189" lon="128.460667"><ele>1473.0</ele><time>2024-01-25T02:28:11.000Z</time></trkpt>
      <trkpt lat="38.112267" lon="128.460671"><ele>1475.0</ele><time>2024-01-25T02:28:27.000Z</time></trkpt>
      <trkpt lat="38.112341" lon="128.460702"><ele>1477.0</ele><time>2024-01-25T02:28:48.000Z</time></trkpt>
      <trkpt lat="38.112360" lon="128.460610"><ele>1479.0</ele><time>2024-01-25T02:29:07.000Z</time></trkpt>
      <trkpt lat="38.112399" lon="128.460537"><ele>1482.0</ele><time>2024-01-25T02:29:24.000Z</time></trkpt>
      <trkpt lat="38.112391" lon="128.460446"><ele>1484.0</ele><time>2024-01-25T02:29:40.000Z</time></trkpt>
      <trkpt lat="38.112471" lon="128.460429"><ele>1490.0</ele><time>2024-01-25T02:30:09.000Z</time></trkpt>
      <trkpt lat="38.112524" lon="128.460489"><ele>1491.0</ele><time>2024-01-25T02:30:24.000Z</time></trkpt>
      <trkpt lat="38.112583" lon="128.460554"><ele>1493.0</ele><time>2024-01-25T02:30:37.000Z</time></trkpt>
      <trkpt lat="38.112661" lon="128.460576"><ele>1496.0</ele><time>2024-01-25T02:30:55.000Z</time></trkpt>
      <trkpt lat="38.112738" lon="128.460558"><ele>1499.0</ele><time>2024-01-25T02:31:15.000Z</time></trkpt>
      <trkpt lat="38.112800" lon="128.460635"><ele>1503.0</ele><time>2024-01-25T02:32:07.000Z</time></trkpt>
      <trkpt lat="38.112868" lon="128.460618"><ele>1507.0</ele><time>2024-01-25T02:32:46.000Z</time></trkpt>
      <trkpt lat="38.112922" lon="128.460688"><ele>1511.0</ele><time>2024-01-25T02:33:22.000Z</time></trkpt>
      <trkpt lat="38.112994" lon="128.460620"><ele>1516.0</ele><time>2024-01-25T02:34:23.000Z</time></trkpt>
      <trkpt lat="38.113072" lon="128.460602"><ele>1519.0</ele><time>2024-01-25T02:34:49.000Z</time></trkpt>
      <trkpt lat="38.113167" lon="128.460578"><ele>1528.0</ele><time>2024-01-25T02:35:50.000Z</time></trkpt>
      <trkpt lat="38.113248" lon="128.460568"><ele>1535.0</ele><time>2024-01-25T02:36:32.000Z</time></trkpt>
      <trkpt lat="38.113323" lon="128.460580"><ele>1536.0</ele><time>2024-01-25T02:36:54.000Z</time></trkpt>
      <trkpt lat="38.113419" lon="128.460600"><ele>1536.0</ele><time>2024-01-25T02:37:25.000Z</time></trkpt>
      <trkpt lat="38.113461" lon="128.460685"><ele>1538.0</ele><time>2024-01-25T02:37:49.000Z</time></trkpt>
      <trkpt lat="38.113511" lon="128.460767"><ele>1539.0</ele><time>2024-01-25T02:38:02.000Z</time></trkpt>
      <trkpt lat="38.113513" lon="128.460865"><ele>1541.0</ele><time>2024-01-25T02:38:08.000Z</time></trkpt>
      <trkpt lat="38.113562" lon="128.460937"><ele>1542.0</ele><time>2024-01-25T02:38:23.000Z</time></trkpt>
      <trkpt lat="38.113607" lon="128.461003"><ele>1543.0</ele><time>2024-01-25T02:38:35.000Z</time></trkpt>
      <trkpt lat="38.113627" lon="128.461096"><ele>1545.0</ele><time>2024-01-25T02:38:46.000Z</time></trkpt>
      <trkpt lat="38.113650" lon="128.461189"><ele>1546.0</ele><time>2024-01-25T02:38:58.000Z</time></trkpt>
      <trkpt lat="38.113714" lon="128.461300"><ele>1548.0</ele><time>2024-01-25T02:39:11.000Z</time></trkpt>
      <trkpt lat="38.113764" lon="128.461398"><ele>1549.0</ele><time>2024-01-25T02:39:28.000Z</time></trkpt>
      <trkpt lat="38.113803" lon="128.461485"><ele>1550.0</ele><time>2024-01-25T02:39:38.000Z</time></trkpt>
      <trkpt lat="38.113838" lon="128.461580"><ele>1552.0</ele><time>2024-01-25T02:39:53.000Z</time></trkpt>
      <trkpt lat="38.113868" lon="128.461668"><ele>1554.0</ele><time>2024-01-25T02:40:09.000Z</time></trkpt>
      <trkpt lat="38.113900" lon="128.461751"><ele>1556.0</ele><time>2024-01-25T02:40:25.000Z</time></trkpt>
      <trkpt lat="38.113937" lon="128.461856"><ele>1558.0</ele><time>2024-01-25T02:40:41.000Z</time></trkpt>
      <trkpt lat="38.113996" lon="128.461925"><ele>1560.0</ele><time>2024-01-25T02:41:02.000Z</time></trkpt>
      <trkpt lat="38.114057" lon="128.462006"><ele>1561.0</ele><time>2024-01-25T02:41:14.000Z</time></trkpt>
      <trkpt lat="38.114115" lon="128.462076"><ele>1562.0</ele><time>2024-01-25T02:41:27.000Z</time></trkpt>
      <trkpt lat="38.114146" lon="128.462184"><ele>1563.0</ele><time>2024-01-25T02:41:34.000Z</time></trkpt>
      <trkpt lat="38.114206" lon="128.462286"><ele>1564.0</ele><time>2024-01-25T02:41:48.000Z</time></trkpt>
      <trkpt lat="38.114272" lon="128.462339"><ele>1564.0</ele><time>2024-01-25T02:41:55.000Z</time></trkpt>
      <trkpt lat="38.114354" lon="128.462322"><ele>1566.0</ele><time>2024-01-25T02:42:08.000Z</time></trkpt>
      <trkpt lat="38.114431" lon="128.462299"><ele>1566.0</ele><time>2024-01-25T02:42:16.000Z</time></trkpt>
      <trkpt lat="38.114509" lon="128.462286"><ele>1567.0</ele><time>2024-01-25T02:42:29.000Z</time></trkpt>
      <trkpt lat="38.114583" lon="128.462279"><ele>1568.0</ele><time>2024-01-25T02:42:35.000Z</time></trkpt>
      <trkpt lat="38.114660" lon="128.462330"><ele>1571.0</ele><time>2024-01-25T02:42:52.000Z</time></trkpt>
      <trkpt lat="38.114732" lon="128.462344"><ele>1572.0</ele><time>2024-01-25T02:43:01.000Z</time></trkpt>
      <trkpt lat="38.114801" lon="128.462412"><ele>1573.0</ele><time>2024-01-25T02:43:14.000Z</time></trkpt>
      <trkpt lat="38.114871" lon="128.462467"><ele>1576.0</ele><time>2024-01-25T02:43:29.000Z</time></trkpt>
      <trkpt lat="38.114958" lon="128.462501"><ele>1578.0</ele><time>2024-01-25T02:43:46.000Z</time></trkpt>
      <trkpt lat="38.115021" lon="128.462547"><ele>1579.0</ele><time>2024-01-25T02:43:58.000Z</time></trkpt>
      <trkpt lat="38.115091" lon="128.462563"><ele>1581.0</ele><time>2024-01-25T02:44:15.000Z</time></trkpt>
      <trkpt lat="38.115170" lon="128.462563"><ele>1584.0</ele><time>2024-01-25T02:44:43.000Z</time></trkpt>
      <trkpt lat="38.115217" lon="128.462640"><ele>1587.0</ele><time>2024-01-25T02:45:12.000Z</time></trkpt>
      <trkpt lat="38.115285" lon="128.462707"><ele>1589.0</ele><time>2024-01-25T02:45:33.000Z</time></trkpt>
      <trkpt lat="38.115336" lon="128.462782"><ele>1591.0</ele><time>2024-01-25T02:45:49.000Z</time></trkpt>
      <trkpt lat="38.115411" lon="128.462812"><ele>1593.0</ele><time>2024-01-25T02:46:00.000Z</time></trkpt>
      <trkpt lat="38.115458" lon="128.462879"><ele>1596.0</ele><time>2024-01-25T02:46:21.000Z</time></trkpt>
      <trkpt lat="38.115556" lon="128.462955"><ele>1602.0</ele><time>2024-01-25T02:47:08.000Z</time></trkpt>
      <trkpt lat="38.115609" lon="128.463017"><ele>1606.0</ele><time>2024-01-25T02:47:37.000Z</time></trkpt>
      <trkpt lat="38.115677" lon="128.463062"><ele>1607.0</ele><time>2024-01-25T02:47:51.000Z</time></trkpt>
      <trkpt lat="38.115753" lon="128.463065"><ele>1610.0</ele><time>2024-01-25T02:48:18.000Z</time></trkpt>
      <trkpt lat="38.115836" lon="128.463065"><ele>1613.0</ele><time>2024-01-25T02:48:42.000Z</time></trkpt>
      <trkpt lat="38.115893" lon="128.463121"><ele>1618.0</ele><time>2024-01-25T02:49:27.000Z</time></trkpt>
      <trkpt lat="38.115957" lon="128.463155"><ele>1622.0</ele><time>2024-01-25T02:49:48.000Z</time></trkpt>
      <trkpt lat="38.116019" lon="128.463229"><ele>1626.0</ele><time>2024-01-25T02:50:21.000Z</time></trkpt>
      <trkpt lat="38.116100" lon="128.463232"><ele>1629.0</ele><time>2024-01-25T02:50:49.000Z</time></trkpt>
      <trkpt lat="38.116181" lon="128.463260"><ele>1631.0</ele><time>2024-01-25T02:51:10.000Z</time></trkpt>
      <trkpt lat="38.116304" lon="128.463262"><ele>1634.0</ele><time>2024-01-25T02:51:50.000Z</time></trkpt>
      <trkpt lat="38.116338" lon="128.463381"><ele>1638.0</ele><time>2024-01-25T02:52:12.000Z</time></trkpt>
      <trkpt lat="38.116411" lon="128.463451"><ele>1641.0</ele><time>2024-01-25T02:52:32.000Z</time></trkpt>
      <trkpt lat="38.116461" lon="128.463520"><ele>1642.0</ele><time>2024-01-25T02:52:50.000Z</time></trkpt>
      <trkpt lat="38.116481" lon="128.463610"><ele>1645.0</ele><time>2024-01-25T02:53:09.000Z</time></trkpt>
      <trkpt lat="38.116493" lon="128.463698"><ele>1646.0</ele><time>2024-01-25T02:53:22.000Z</time></trkpt>
      <trkpt lat="38.116548" lon="128.463758"><ele>1648.0</ele><time>2024-01-25T02:53:34.000Z</time></trkpt>
      <trkpt lat="38.116623" lon="128.463786"><ele>1652.0</ele><time>2024-01-25T02:54:00.000Z</time></trkpt>
      <trkpt lat="38.116641" lon="128.463873"><ele>1655.0</ele><time>2024-01-25T02:54:23.000Z</time></trkpt>
      <trkpt lat="38.116687" lon="128.463939"><ele>1657.0</ele><time>2024-01-25T02:54:43.000Z</time></trkpt>
      <trkpt lat="38.116757" lon="128.463936"><ele>1661.0</ele><time>2024-01-25T02:55:37.000Z</time></trkpt>
      <trkpt lat="38.116821" lon="128.463897"><ele>1664.0</ele><time>2024-01-25T02:55:54.000Z</time></trkpt>
      <trkpt lat="38.116892" lon="128.463862"><ele>1669.0</ele><time>2024-01-25T02:56:18.000Z</time></trkpt>
      <trkpt lat="38.116937" lon="128.463942"><ele>1672.0</ele><time>2024-01-25T02:58:01.000Z</time></trkpt>
      <trkpt lat="38.117011" lon="128.463944"><ele>1673.0</ele><time>2024-01-25T02:58:47.000Z</time></trkpt>
      <trkpt lat="38.117068" lon="128.463991"><ele>1677.0</ele><time>2024-01-25T02:58:59.000Z</time></trkpt>
      <trkpt lat="38.117155" lon="128.463988"><ele>1679.0</ele><time>2024-01-25T02:59:15.000Z</time></trkpt>
      <trkpt lat="38.117211" lon="128.464055"><ele>1680.0</ele><time>2024-01-25T02:59:36.000Z</time></trkpt>
      <trkpt lat="38.117281" lon="128.464096"><ele>1683.0</ele><time>2024-01-25T03:00:01.000Z</time></trkpt>
      <trkpt lat="38.117358" lon="128.464137"><ele>1686.0</ele><time>2024-01-25T03:00:33.000Z</time></trkpt>
      <trkpt lat="38.117392" lon="128.464225"><ele>1692.0</ele><time>2024-01-25T03:00:58.000Z</time></trkpt>
      <trkpt lat="38.117433" lon="128.464294"><ele>1693.0</ele><time>2024-01-25T03:01:19.000Z</time></trkpt>
      <trkpt lat="38.117449" lon="128.464387"><ele>1696.0</ele><time>2024-01-25T03:01:43.000Z</time></trkpt>
      <trkpt lat="38.117467" lon="128.464482"><ele>1701.0</ele><time>2024-01-25T03:02:07.000Z</time></trkpt>
      <trkpt lat="38.117480" lon="128.464590"><ele>1704.0</ele><time>2024-01-25T03:03:29.000Z</time></trkpt>
      <trkpt lat="38.117541" lon="128.464654"><ele>1705.0</ele><time>2024-01-25T03:03:43.000Z</time></trkpt>
      <trkpt lat="38.117609" lon="128.464675"><ele>1708.0</ele><time>2024-01-25T03:03:58.000Z</time></trkpt>
      <trkpt lat="38.117652" lon="128.464752"><ele>1709.0</ele><time>2024-01-25T03:04:09.000Z</time></trkpt>
      <trkpt lat="38.117734" lon="128.464774"><ele>1713.0</ele><time>2024-01-25T03:04:48.000Z</time></trkpt>
      <trkpt lat="38.117797" lon="128.464808"><ele>1718.0</ele><time>2024-01-25T03:05:11.000Z</time></trkpt>
      <trkpt lat="38.117847" lon="128.464872"><ele>1721.0</ele><time>2024-01-25T03:05:41.000Z</time></trkpt>
      <trkpt lat="38.117906" lon="128.464948"><ele>1724.0</ele><time>2024-01-25T03:06:01.000Z</time></trkpt>
      <trkpt lat="38.117934" lon="128.465038"><ele>1725.0</ele><time>2024-01-25T03:06:18.000Z</time></trkpt>
      <trkpt lat="38.117975" lon="128.465148"><ele>1726.0</ele><time>2024-01-25T03:06:34.000Z</time></trkpt>
      <trkpt lat="38.118010" lon="128.465241"><ele>1727.0</ele><time>2024-01-25T03:06:47.000Z</time></trkpt>
      <trkpt lat="38.118062" lon="128.465303"><ele>1729.0</ele><time>2024-01-25T03:07:00.000Z</time></trkpt>
      <trkpt lat="38.118107" lon="128.465388"><ele>1731.0</ele><time>2024-01-25T03:07:12.000Z</time></trkpt>
      <trkpt lat="38.118151" lon="128.465472"><ele>1732.0</ele><time>2024-01-25T03:07:23.000Z</time></trkpt>
      <trkpt lat="38.118200" lon="128.465547"><ele>1732.0</ele><time>2024-01-25T03:09:23.000Z</time></trkpt>
      <trkpt lat="38.118253" lon="128.465612"><ele>1733.0</ele><time>2024-01-25T03:09:32.000Z</time></trkpt>
      <trkpt lat="38.118316" lon="128.465675"><ele>1734.0</ele><time>2024-01-25T03:09:43.000Z</time></trkpt>
      <trkpt lat="38.118392" lon="128.465761"><ele>1736.0</ele><time>2024-01-25T03:09:56.000Z</time></trkpt>
      <trkpt lat="38.118483" lon="128.465789"><ele>1740.0</ele><time>2024-01-25T03:10:13.000Z</time></trkpt>
      <trkpt lat="38.118552" lon="128.465765"><ele>1744.0</ele><time>2024-01-25T03:10:36.000Z</time></trkpt>
      <trkpt lat="38.118634" lon="128.465757"><ele>1745.0</ele><time>2024-01-25T03:10:58.000Z</time></trkpt>
      <trkpt lat="38.118707" lon="128.465781"><ele>1748.0</ele><time>2024-01-25T03:11:18.000Z</time></trkpt>
      <trkpt lat="38.118791" lon="128.465775"><ele>1751.0</ele><time>2024-01-25T03:11:39.000Z</time></trkpt>
      <trkpt lat="38.118863" lon="128.465716"><ele>1754.0</ele><time>2024-01-25T03:12:02.000Z</time></trkpt>
      <trkpt lat="38.118923" lon="128.465656"><ele>1757.0</ele><time>2024-01-25T03:12:22.000Z</time></trkpt>
      <trkpt lat="38.118983" lon="128.465570"><ele>1760.0</ele><time>2024-01-25T03:12:44.000Z</time></trkpt>
      <trkpt lat="38.119007" lon="128.465464"><ele>1762.0</ele><time>2024-01-25T03:13:00.000Z</time></trkpt>
      <trkpt lat="38.119067" lon="128.465380"><ele>1764.0</ele><time>2024-01-25T03:13:18.000Z</time></trkpt>
      <trkpt lat="38.119137" lon="128.465329"><ele>1767.0</ele><time>2024-01-25T03:13:38.000Z</time></trkpt>
      <trkpt lat="38.119201" lon="128.465241"><ele>1765.0</ele><time>2024-01-25T03:16:43.000Z</time></trkpt>
      <trkpt lat="38.119280" lon="128.465261"><ele>1766.0</ele><time>2024-01-25T03:16:49.000Z</time></trkpt>
      <trkpt lat="38.119197" lon="128.465247"><ele>1765.0</ele><time>2024-01-25T03:18:05.000Z</time></trkpt>
      <trkpt lat="38.119127" lon="128.465236"><ele>1764.0</ele><time>2024-01-25T03:18:11.000Z</time></trkpt>
      <trkpt lat="38.119052" lon="128.465274"><ele>1762.0</ele><time>2024-01-25T03:18:24.000Z</time></trkpt>
      <trkpt lat="38.119036" lon="128.465368"><ele>1764.0</ele><time>2024-01-25T03:18:45.000Z</time></trkpt>
      <trkpt lat="38.119010" lon="128.465471"><ele>1761.0</ele><time>2024-01-25T03:19:01.000Z</time></trkpt>
      <trkpt lat="38.118991" lon="128.465572"><ele>1760.0</ele><time>2024-01-25T03:19:10.000Z</time></trkpt>
      <trkpt lat="38.118949" lon="128.465646"><ele>1760.0</ele><time>2024-01-25T03:19:18.000Z</time></trkpt>
      <trkpt lat="38.118979" lon="128.465541"><ele>1760.0</ele><time>2024-01-25T03:19:34.000Z</time></trkpt>
      <trkpt lat="38.118979" lon="128.465541"><ele>1760.0</ele><time>2024-01-25T03:22:35.000Z</time></trkpt>
      <trkpt lat="38.119011" lon="128.465515"><ele>1762.0</ele><time>2024-01-25T03:29:46.000Z</time></trkpt>
      <trkpt lat="38.119042" lon="128.465405"><ele>1764.0</ele><time>2024-01-25T03:30:03.000Z</time></trkpt>
      <trkpt lat="38.119085" lon="128.465324"><ele>1765.0</ele><time>2024-01-25T03:30:16.000Z</time></trkpt>
      <trkpt lat="38.119132" lon="128.465398"><ele>1767.0</ele><time>2024-01-25T03:30:44.000Z</time></trkpt>
      <trkpt lat="38.119132" lon="128.465398"><ele>1768.0</ele><time>2024-01-25T03:33:49.000Z</time></trkpt>
      <trkpt lat="38.119091" lon="128.465380"><ele>1767.0</ele><time>2024-01-25T03:33:57.000Z</time></trkpt>
      <trkpt lat="38.119025" lon="128.465456"><ele>1764.0</ele><time>2024-01-25T03:34:13.000Z</time></trkpt>
      <trkpt lat="38.118979" lon="128.465528"><ele>1763.0</ele><time>2024-01-25T03:35:47.000Z</time></trkpt>
      <trkpt lat="38.118979" lon="128.465528"><ele>1762.0</ele><time>2024-01-25T03:38:49.000Z</time></trkpt>
      <trkpt lat="38.118983" lon="128.465514"><ele>1762.0</ele><time>2024-01-25T03:53:55.000Z</time></trkpt>
      <trkpt lat="38.118964" lon="128.465620"><ele>1760.0</ele><time>2024-01-25T03:55:03.000Z</time></trkpt>
      <trkpt lat="38.118891" lon="128.465696"><ele>1756.0</ele><time>2024-01-25T03:55:23.000Z</time></trkpt>
      <trkpt lat="38.118814" lon="128.465745"><ele>1753.0</ele><time>2024-01-25T03:55:36.000Z</time></trkpt>
      <trkpt lat="38.118694" lon="128.465754"><ele>1749.0</ele><time>2024-01-25T03:55:51.000Z</time></trkpt>
      <trkpt lat="38.118607" lon="128.465749"><ele>1746.0</ele><time>2024-01-25T03:56:19.000Z</time></trkpt>
      <trkpt lat="38.118527" lon="128.465767"><ele>1743.0</ele><time>2024-01-25T03:56:49.000Z</time></trkpt>
      <trkpt lat="38.118421" lon="128.465767"><ele>1738.0</ele><time>2024-01-25T03:57:06.000Z</time></trkpt>
      <trkpt lat="38.118360" lon="128.465702"><ele>1736.0</ele><time>2024-01-25T03:57:13.000Z</time></trkpt>
      <trkpt lat="38.118272" lon="128.465593"><ele>1733.0</ele><time>2024-01-25T03:57:26.000Z</time></trkpt>
      <trkpt lat="38.118205" lon="128.465553"><ele>1733.0</ele><time>2024-01-25T03:57:33.000Z</time></trkpt>
      <trkpt lat="38.118167" lon="128.465463"><ele>1732.0</ele><time>2024-01-25T03:58:01.000Z</time></trkpt>
      <trkpt lat="38.118119" lon="128.465381"><ele>1730.0</ele><time>2024-01-25T03:58:08.000Z</time></trkpt>
      <trkpt lat="38.118082" lon="128.465301"><ele>1730.0</ele><time>2024-01-25T03:58:15.000Z</time></trkpt>
      <trkpt lat="38.118029" lon="128.465220"><ele>1728.0</ele><time>2024-01-25T03:58:53.000Z</time></trkpt>
      <trkpt lat="38.117986" lon="128.465136"><ele>1727.0</ele><time>2024-01-25T03:59:01.000Z</time></trkpt>
      <trkpt lat="38.117950" lon="128.465056"><ele>1727.0</ele><time>2024-01-25T03:59:09.000Z</time></trkpt>
      <trkpt lat="38.117907" lon="128.464950"><ele>1723.0</ele><time>2024-01-25T03:59:45.000Z</time></trkpt>
      <trkpt lat="38.117866" lon="128.464866"><ele>1723.0</ele><time>2024-01-25T03:59:54.000Z</time></trkpt>
      <trkpt lat="38.117791" lon="128.464816"><ele>1720.0</ele><time>2024-01-25T04:00:06.000Z</time></trkpt>
      <trkpt lat="38.117732" lon="128.464727"><ele>1716.0</ele><time>2024-01-25T04:00:30.000Z</time></trkpt>
      <trkpt lat="38.117654" lon="128.464692"><ele>1711.0</ele><time>2024-01-25T04:01:12.000Z</time></trkpt>
      <trkpt lat="38.117557" lon="128.464653"><ele>1707.0</ele><time>2024-01-25T04:01:39.000Z</time></trkpt>
      <trkpt lat="38.117502" lon="128.464594"><ele>1704.0</ele><time>2024-01-25T04:01:53.000Z</time></trkpt>
      <trkpt lat="38.117452" lon="128.464506"><ele>1703.0</ele><time>2024-01-25T04:02:06.000Z</time></trkpt>
      <trkpt lat="38.117465" lon="128.464400"><ele>1699.0</ele><time>2024-01-25T04:02:18.000Z</time></trkpt>
      <trkpt lat="38.117436" lon="128.464288"><ele>1694.0</ele><time>2024-01-25T04:02:34.000Z</time></trkpt>
      <trkpt lat="38.117401" lon="128.464201"><ele>1692.0</ele><time>2024-01-25T04:02:42.000Z</time></trkpt>
      <trkpt lat="38.117362" lon="128.464114"><ele>1689.0</ele><time>2024-01-25T04:02:55.000Z</time></trkpt>
      <trkpt lat="38.117282" lon="128.464087"><ele>1686.0</ele><time>2024-01-25T04:03:10.000Z</time></trkpt>
      <trkpt lat="38.117218" lon="128.464038"><ele>1682.0</ele><time>2024-01-25T04:03:23.000Z</time></trkpt>
      <trkpt lat="38.117157" lon="128.463974"><ele>1680.0</ele><time>2024-01-25T04:03:35.000Z</time></trkpt>
      <trkpt lat="38.117078" lon="128.463954"><ele>1678.0</ele><time>2024-01-25T04:03:43.000Z</time></trkpt>
      <trkpt lat="38.117012" lon="128.463935"><ele>1675.0</ele><time>2024-01-25T04:03:55.000Z</time></trkpt>
      <trkpt lat="38.116934" lon="128.463908"><ele>1673.0</ele><time>2024-01-25T04:04:03.000Z</time></trkpt>
      <trkpt lat="38.116879" lon="128.463847"><ele>1670.0</ele><time>2024-01-25T04:04:17.000Z</time></trkpt>
      <trkpt lat="38.116801" lon="128.463900"><ele>1666.0</ele><time>2024-01-25T04:04:32.000Z</time></trkpt>
      <trkpt lat="38.116733" lon="128.463932"><ele>1662.0</ele><time>2024-01-25T04:05:25.000Z</time></trkpt>
      <trkpt lat="38.116668" lon="128.463898"><ele>1658.0</ele><time>2024-01-25T04:05:43.000Z</time></trkpt>
      <trkpt lat="38.116629" lon="128.463794"><ele>1654.0</ele><time>2024-01-25T04:05:54.000Z</time></trkpt>
      <trkpt lat="38.116558" lon="128.463734"><ele>1653.0</ele><time>2024-01-25T04:06:07.000Z</time></trkpt>
      <trkpt lat="38.116495" lon="128.463681"><ele>1648.0</ele><time>2024-01-25T04:06:20.000Z</time></trkpt>
      <trkpt lat="38.116474" lon="128.463569"><ele>1645.0</ele><time>2024-01-25T04:06:27.000Z</time></trkpt>
      <trkpt lat="38.116438" lon="128.463471"><ele>1644.0</ele><time>2024-01-25T04:06:39.000Z</time></trkpt>
      <trkpt lat="38.116356" lon="128.463365"><ele>1642.0</ele><time>2024-01-25T04:06:47.000Z</time></trkpt>
      <trkpt lat="38.116312" lon="128.463270"><ele>1639.0</ele><time>2024-01-25T04:07:01.000Z</time></trkpt>
      <trkpt lat="38.116221" lon="128.463231"><ele>1635.0</ele><time>2024-01-25T04:07:12.000Z</time></trkpt>
      <trkpt lat="38.116145" lon="128.463219"><ele>1634.0</ele><time>2024-01-25T04:07:21.000Z</time></trkpt>
      <trkpt lat="38.116061" lon="128.463202"><ele>1631.0</ele><time>2024-01-25T04:07:29.000Z</time></trkpt>
      <trkpt lat="38.115989" lon="128.463193"><ele>1627.0</ele><time>2024-01-25T04:07:41.000Z</time></trkpt>
      <trkpt lat="38.115939" lon="128.463103"><ele>1626.0</ele><time>2024-01-25T04:07:48.000Z</time></trkpt>
      <trkpt lat="38.115838" lon="128.463068"><ele>1619.0</ele><time>2024-01-25T04:08:10.000Z</time></trkpt>
      <trkpt lat="38.115764" lon="128.463038"><ele>1614.0</ele><time>2024-01-25T04:08:27.000Z</time></trkpt>
      <trkpt lat="38.115694" lon="128.463053"><ele>1611.0</ele><time>2024-01-25T04:08:38.000Z</time></trkpt>
      <trkpt lat="38.115615" lon="128.463017"><ele>1608.0</ele><time>2024-01-25T04:08:48.000Z</time></trkpt>
      <trkpt lat="38.115580" lon="128.462936"><ele>1606.0</ele><time>2024-01-25T04:08:59.000Z</time></trkpt>
      <trkpt lat="38.115495" lon="128.462902"><ele>1601.0</ele><time>2024-01-25T04:09:11.000Z</time></trkpt>
      <trkpt lat="38.115425" lon="128.462824"><ele>1598.0</ele><time>2024-01-25T04:09:24.000Z</time></trkpt>
      <trkpt lat="38.115365" lon="128.462771"><ele>1596.0</ele><time>2024-01-25T04:09:32.000Z</time></trkpt>
      <trkpt lat="38.115299" lon="128.462737"><ele>1593.0</ele><time>2024-01-25T04:09:49.000Z</time></trkpt>
      <trkpt lat="38.115240" lon="128.462656"><ele>1591.0</ele><time>2024-01-25T04:10:00.000Z</time></trkpt>
      <trkpt lat="38.115184" lon="128.462565"><ele>1589.0</ele><time>2024-01-25T04:10:10.000Z</time></trkpt>
      <trkpt lat="38.115125" lon="128.462525"><ele>1585.0</ele><time>2024-01-25T04:10:18.000Z</time></trkpt>
      <trkpt lat="38.115026" lon="128.462520"><ele>1582.0</ele><time>2024-01-25T04:10:30.000Z</time></trkpt>
      <trkpt lat="38.114935" lon="128.462463"><ele>1579.0</ele><time>2024-01-25T04:10:42.000Z</time></trkpt>
      <trkpt lat="38.114815" lon="128.462404"><ele>1577.0</ele><time>2024-01-25T04:10:54.000Z</time></trkpt>
      <trkpt lat="38.114730" lon="128.462314"><ele>1574.0</ele><time>2024-01-25T04:11:07.000Z</time></trkpt>
      <trkpt lat="38.114646" lon="128.462291"><ele>1573.0</ele><time>2024-01-25T04:11:14.000Z</time></trkpt>
      <trkpt lat="38.114584" lon="128.462256"><ele>1571.0</ele><time>2024-01-25T04:11:23.000Z</time></trkpt>
      <trkpt lat="38.114490" lon="128.462264"><ele>1570.0</ele><time>2024-01-25T04:11:32.000Z</time></trkpt>
      <trkpt lat="38.114406" lon="128.462282"><ele>1570.0</ele><time>2024-01-25T04:11:40.000Z</time></trkpt>
      <trkpt lat="38.114324" lon="128.462300"><ele>1569.0</ele><time>2024-01-25T04:11:48.000Z</time></trkpt>
      <trkpt lat="38.114229" lon="128.462277"><ele>1567.0</ele><time>2024-01-25T04:11:54.000Z</time></trkpt>
      <trkpt lat="38.114174" lon="128.462206"><ele>1566.0</ele><time>2024-01-25T04:12:04.000Z</time></trkpt>
      <trkpt lat="38.114119" lon="128.462106"><ele>1565.0</ele><time>2024-01-25T04:12:12.000Z</time></trkpt>
      <trkpt lat="38.114068" lon="128.462005"><ele>1564.0</ele><time>2024-01-25T04:12:21.000Z</time></trkpt>
      <trkpt lat="38.114009" lon="128.461940"><ele>1563.0</ele><time>2024-01-25T04:12:29.000Z</time></trkpt>
      <trkpt lat="38.113948" lon="128.461842"><ele>1561.0</ele><time>2024-01-25T04:12:36.000Z</time></trkpt>
      <trkpt lat="38.113899" lon="128.461713"><ele>1558.0</ele><time>2024-01-25T04:12:50.000Z</time></trkpt>
      <trkpt lat="38.113845" lon="128.461590"><ele>1557.0</ele><time>2024-01-25T04:12:57.000Z</time></trkpt>
      <trkpt lat="38.113808" lon="128.461462"><ele>1554.0</ele><time>2024-01-25T04:13:10.000Z</time></trkpt>
      <trkpt lat="38.113748" lon="128.461352"><ele>1553.0</ele><time>2024-01-25T04:13:17.000Z</time></trkpt>
      <trkpt lat="38.113691" lon="128.461218"><ele>1551.0</ele><time>2024-01-25T04:13:31.000Z</time></trkpt>
      <trkpt lat="38.113642" lon="128.461109"><ele>1549.0</ele><time>2024-01-25T04:13:38.000Z</time></trkpt>
      <trkpt lat="38.113602" lon="128.460971"><ele>1545.0</ele><time>2024-01-25T04:13:51.000Z</time></trkpt>
      <trkpt lat="38.113547" lon="128.460899"><ele>1545.0</ele><time>2024-01-25T04:13:58.000Z</time></trkpt>
      <trkpt lat="38.113498" lon="128.460778"><ele>1543.0</ele><time>2024-01-25T04:14:12.000Z</time></trkpt>
      <trkpt lat="38.113466" lon="128.460659"><ele>1543.0</ele><time>2024-01-25T04:14:18.000Z</time></trkpt>
      <trkpt lat="38.113384" lon="128.460570"><ele>1541.0</ele><time>2024-01-25T04:14:32.000Z</time></trkpt>
      <trkpt lat="38.113299" lon="128.460546"><ele>1541.0</ele><time>2024-01-25T04:14:38.000Z</time></trkpt>
      <trkpt lat="38.113215" lon="128.460539"><ele>1538.0</ele><time>2024-01-25T04:14:53.000Z</time></trkpt>
      <trkpt lat="38.113143" lon="128.460550"><ele>1535.0</ele><time>2024-01-25T04:15:08.000Z</time></trkpt>
      <trkpt lat="38.113067" lon="128.460581"><ele>1529.0</ele><time>2024-01-25T04:15:46.000Z</time></trkpt>
      <trkpt lat="38.112978" lon="128.460571"><ele>1522.0</ele><time>2024-01-25T04:16:10.000Z</time></trkpt>
      <trkpt lat="38.112943" lon="128.460662"><ele>1519.0</ele><time>2024-01-25T04:16:18.000Z</time></trkpt>
      <trkpt lat="38.112871" lon="128.460700"><ele>1517.0</ele><time>2024-01-25T04:16:30.000Z</time></trkpt>
      <trkpt lat="38.112830" lon="128.460615"><ele>1511.0</ele><time>2024-01-25T04:16:50.000Z</time></trkpt>
      <trkpt lat="38.112738" lon="128.460570"><ele>1507.0</ele><time>2024-01-25T04:17:03.000Z</time></trkpt>
      <trkpt lat="38.112677" lon="128.460531"><ele>1503.0</ele><time>2024-01-25T04:17:16.000Z</time></trkpt>
      <trkpt lat="38.112595" lon="128.460526"><ele>1498.0</ele><time>2024-01-25T04:17:32.000Z</time></trkpt>
      <trkpt lat="38.112534" lon="128.460482"><ele>1495.0</ele><time>2024-01-25T04:17:40.000Z</time></trkpt>
      <trkpt lat="38.112479" lon="128.460415"><ele>1494.0</ele><time>2024-01-25T04:17:45.000Z</time></trkpt>
      <trkpt lat="38.112391" lon="128.460403"><ele>1491.0</ele><time>2024-01-25T04:18:05.000Z</time></trkpt>
      <trkpt lat="38.112360" lon="128.460488"><ele>1487.0</ele><time>2024-01-25T04:18:17.000Z</time></trkpt>
      <trkpt lat="38.112321" lon="128.460574"><ele>1485.0</ele><time>2024-01-25T04:18:25.000Z</time></trkpt>
      <trkpt lat="38.112319" lon="128.460691"><ele>1483.0</ele><time>2024-01-25T04:18:39.000Z</time></trkpt>
      <trkpt lat="38.112234" lon="128.460642"><ele>1480.0</ele><time>2024-01-25T04:18:46.000Z</time></trkpt>
      <trkpt lat="38.112137" lon="128.460637"><ele>1478.0</ele><time>2024-01-25T04:18:59.000Z</time></trkpt>
      <trkpt lat="38.112096" lon="128.460712"><ele>1476.0</ele><time>2024-01-25T04:19:12.000Z</time></trkpt>
      <trkpt lat="38.112031" lon="128.460733"><ele>1472.0</ele><time>2024-01-25T04:19:23.000Z</time></trkpt>
      <trkpt lat="38.111955" lon="128.460680"><ele>1467.0</ele><time>2024-01-25T04:19:45.000Z</time></trkpt>
      <trkpt lat="38.111868" lon="128.460703"><ele>1463.0</ele><time>2024-01-25T04:20:00.000Z</time></trkpt>
      <trkpt lat="38.111803" lon="128.460746"><ele>1459.0</ele><time>2024-01-25T04:20:15.000Z</time></trkpt>
      <trkpt lat="38.111716" lon="128.460754"><ele>1455.0</ele><time>2024-01-25T04:20:46.000Z</time></trkpt>
      <trkpt lat="38.111647" lon="128.460806"><ele>1448.0</ele><time>2024-01-25T04:21:09.000Z</time></trkpt>
      <trkpt lat="38.111564" lon="128.460817"><ele>1440.0</ele><time>2024-01-25T04:21:43.000Z</time></trkpt>
      <trkpt lat="38.111521" lon="128.460728"><ele>1436.0</ele><time>2024-01-25T04:21:55.000Z</time></trkpt>
      <trkpt lat="38.111479" lon="128.460614"><ele>1432.0</ele><time>2024-01-25T04:22:10.000Z</time></trkpt>
      <trkpt lat="38.111387" lon="128.460626"><ele>1429.0</ele><time>2024-01-25T04:22:29.000Z</time></trkpt>
      <trkpt lat="38.111338" lon="128.460527"><ele>1425.0</ele><time>2024-01-25T04:22:44.000Z</time></trkpt>
      <trkpt lat="38.111272" lon="128.460542"><ele>1422.0</ele><time>2024-01-25T04:23:01.000Z</time></trkpt>
      <trkpt lat="38.111229" lon="128.460454"><ele>1415.0</ele><time>2024-01-25T04:23:25.000Z</time></trkpt>
      <trkpt lat="38.111156" lon="128.460524"><ele>1413.0</ele><time>2024-01-25T04:23:33.000Z</time></trkpt>
      <trkpt lat="38.111106" lon="128.460453"><ele>1409.0</ele><time>2024-01-25T04:23:51.000Z</time></trkpt>
      <trkpt lat="38.111049" lon="128.460508"><ele>1407.0</ele><time>2024-01-25T04:24:02.000Z</time></trkpt>
      <trkpt lat="38.111011" lon="128.460612"><ele>1402.0</ele><time>2024-01-25T04:24:32.000Z</time></trkpt>
      <trkpt lat="38.111035" lon="128.460709"><ele>1396.0</ele><time>2024-01-25T04:24:48.000Z</time></trkpt>
      <trkpt lat="38.110959" lon="128.460674"><ele>1393.0</ele><time>2024-01-25T04:25:01.000Z</time></trkpt>
      <trkpt lat="38.110924" lon="128.460572"><ele>1391.0</ele><time>2024-01-25T04:25:09.000Z</time></trkpt>
      <trkpt lat="38.110870" lon="128.460520"><ele>1390.0</ele><time>2024-01-25T04:25:16.000Z</time></trkpt>
      <trkpt lat="38.110811" lon="128.460438"><ele>1388.0</ele><time>2024-01-25T04:25:33.000Z</time></trkpt>
      <trkpt lat="38.110763" lon="128.460353"><ele>1384.0</ele><time>2024-01-25T04:25:54.000Z</time></trkpt>
      <trkpt lat="38.110746" lon="128.460258"><ele>1380.0</ele><time>2024-01-25T04:26:05.000Z</time></trkpt>
      <trkpt lat="38.110675" lon="128.460297"><ele>1378.0</ele><time>2024-01-25T04:26:14.000Z</time></trkpt>
      <trkpt lat="38.110628" lon="128.460230"><ele>1375.0</ele><time>2024-01-25T04:26:23.000Z</time></trkpt>
      <trkpt lat="38.110613" lon="128.460140"><ele>1370.0</ele><time>2024-01-25T04:26:37.000Z</time></trkpt>
      <trkpt lat="38.110535" lon="128.460187"><ele>1369.0</ele><time>2024-01-25T04:27:06.000Z</time></trkpt>
      <trkpt lat="38.110535" lon="128.460187"><ele>1368.0</ele><time>2024-01-25T04:30:09.000Z</time></trkpt>
      <trkpt lat="38.110512" lon="128.460185"><ele>1366.0</ele><time>2024-01-25T04:31:33.000Z</time></trkpt>
      <trkpt lat="38.110393" lon="128.460200"><ele>1361.0</ele><time>2024-01-25T04:31:45.000Z</time></trkpt>
      <trkpt lat="38.110336" lon="128.460152"><ele>1357.0</ele><time>2024-01-25T04:32:00.000Z</time></trkpt>
      <trkpt lat="38.110250" lon="128.460171"><ele>1355.0</ele><time>2024-01-25T04:32:07.000Z</time></trkpt>
      <trkpt lat="38.110171" lon="128.460170"><ele>1351.0</ele><time>2024-01-25T04:32:19.000Z</time></trkpt>
      <trkpt lat="38.110101" lon="128.460175"><ele>1349.0</ele><time>2024-01-25T04:32:27.000Z</time></trkpt>
      <trkpt lat="38.110011" lon="128.460128"><ele>1345.0</ele><time>2024-01-25T04:32:41.000Z</time></trkpt>
      <trkpt lat="38.109940" lon="128.460140"><ele>1343.0</ele><time>2024-01-25T04:32:49.000Z</time></trkpt>
      <trkpt lat="38.109870" lon="128.460125"><ele>1340.0</ele><time>2024-01-25T04:32:56.000Z</time></trkpt>
      <trkpt lat="38.109756" lon="128.460147"><ele>1336.0</ele><time>2024-01-25T04:33:08.000Z</time></trkpt>
      <trkpt lat="38.109677" lon="128.460107"><ele>1332.0</ele><time>2024-01-25T04:33:22.000Z</time></trkpt>
      <trkpt lat="38.109606" lon="128.460097"><ele>1328.0</ele><time>2024-01-25T04:33:33.000Z</time></trkpt>
      <trkpt lat="38.109536" lon="128.460075"><ele>1325.0</ele><time>2024-01-25T04:33:45.000Z</time></trkpt>
      <trkpt lat="38.109460" lon="128.460073"><ele>1320.0</ele><time>2024-01-25T04:33:57.000Z</time></trkpt>
      <trkpt lat="38.109352" lon="128.460121"><ele>1316.0</ele><time>2024-01-25T04:34:10.000Z</time></trkpt>
      <trkpt lat="38.109251" lon="128.460097"><ele>1312.0</ele><time>2024-01-25T04:34:23.000Z</time></trkpt>
      <trkpt lat="38.109180" lon="128.460149"><ele>1310.0</ele><time>2024-01-25T04:34:29.000Z</time></trkpt>
      <trkpt lat="38.109105" lon="128.460130"><ele>1306.0</ele><time>2024-01-25T04:34:44.000Z</time></trkpt>
      <trkpt lat="38.109021" lon="128.460160"><ele>1304.0</ele><time>2024-01-25T04:34:51.000Z</time></trkpt>
      <trkpt lat="38.108920" lon="128.460142"><ele>1300.0</ele><time>2024-01-25T04:35:07.000Z</time></trkpt>
      <trkpt lat="38.108845" lon="128.460120"><ele>1297.0</ele><time>2024-01-25T04:35:15.000Z</time></trkpt>
      <trkpt lat="38.108781" lon="128.460040"><ele>1294.0</ele><time>2024-01-25T04:35:25.000Z</time></trkpt>
      <trkpt lat="38.108680" lon="128.460037"><ele>1293.0</ele><time>2024-01-25T04:35:32.000Z</time></trkpt>
      <trkpt lat="38.108563" lon="128.460047"><ele>1291.0</ele><time>2024-01-25T04:35:45.000Z</time></trkpt>
      <trkpt lat="38.108453" lon="128.460012"><ele>1289.0</ele><time>2024-01-25T04:35:52.000Z</time></trkpt>
      <trkpt lat="38.108349" lon="128.459986"><ele>1286.0</ele><time>2024-01-25T04:36:06.000Z</time></trkpt>
      <trkpt lat="38.108284" lon="128.459967"><ele>1284.0</ele><time>2024-01-25T04:36:12.000Z</time></trkpt>
      <trkpt lat="38.108188" lon="128.459989"><ele>1278.0</ele><time>2024-01-25T04:36:32.000Z</time></trkpt>
      <trkpt lat="38.108084" lon="128.460000"><ele>1274.0</ele><time>2024-01-25T04:36:47.000Z</time></trkpt>
      <trkpt lat="38.107994" lon="128.459960"><ele>1273.0</ele><time>2024-01-25T04:36:54.000Z</time></trkpt>
      <trkpt lat="38.107892" lon="128.459959"><ele>1272.0</ele><time>2024-01-25T04:37:07.000Z</time></trkpt>
      <trkpt lat="38.107816" lon="128.459969"><ele>1271.0</ele><time>2024-01-25T04:37:14.000Z</time></trkpt>
      <trkpt lat="38.107775" lon="128.460064"><ele>1269.0</ele><time>2024-01-25T04:37:28.000Z</time></trkpt>
      <trkpt lat="38.107702" lon="128.460044"><ele>1264.0</ele><time>2024-01-25T04:37:48.000Z</time></trkpt>
      <trkpt lat="38.107634" lon="128.460053"><ele>1255.0</ele><time>2024-01-25T04:38:15.000Z</time></trkpt>
      <trkpt lat="38.107547" lon="128.460032"><ele>1252.0</ele><time>2024-01-25T04:38:29.000Z</time></trkpt>
      <trkpt lat="38.107473" lon="128.460038"><ele>1247.0</ele><time>2024-01-25T04:38:44.000Z</time></trkpt>
      <trkpt lat="38.107397" lon="128.460042"><ele>1241.0</ele><time>2024-01-25T04:39:04.000Z</time></trkpt>
      <trkpt lat="38.107316" lon="128.460023"><ele>1233.0</ele><time>2024-01-25T04:39:34.000Z</time></trkpt>
      <trkpt lat="38.107239" lon="128.460109"><ele>1226.0</ele><time>2024-01-25T04:39:56.000Z</time></trkpt>
      <trkpt lat="38.107147" lon="128.460091"><ele>1222.0</ele><time>2024-01-25T04:40:12.000Z</time></trkpt>
      <trkpt lat="38.107074" lon="128.460137"><ele>1220.0</ele><time>2024-01-25T04:40:27.000Z</time></trkpt>
      <trkpt lat="38.106987" lon="128.460140"><ele>1217.0</ele><time>2024-01-25T04:40:40.000Z</time></trkpt>
      <trkpt lat="38.106919" lon="128.460186"><ele>1212.0</ele><time>2024-01-25T04:40:57.000Z</time></trkpt>
      <trkpt lat="38.106964" lon="128.460246"><ele>1211.0</ele><time>2024-01-25T04:41:00.000Z</time></trkpt>
      <trkpt lat="38.106866" lon="128.460184"><ele>1207.0</ele><time>2024-01-25T04:41:18.000Z</time></trkpt>
      <trkpt lat="38.106827" lon="128.460127"><ele>1205.0</ele><time>2024-01-25T04:41:25.000Z</time></trkpt>
      <trkpt lat="38.106760" lon="128.460110"><ele>1200.0</ele><time>2024-01-25T04:41:40.000Z</time></trkpt>
      <trkpt lat="38.106691" lon="128.460078"><ele>1196.0</ele><time>2024-01-25T04:41:58.000Z</time></trkpt>
      <trkpt lat="38.106632" lon="128.460055"><ele>1194.0</ele><time>2024-01-25T04:42:09.000Z</time></trkpt>
      <trkpt lat="38.106621" lon="128.459964"><ele>1188.0</ele><time>2024-01-25T04:42:40.000Z</time></trkpt>
      <trkpt lat="38.106610" lon="128.459872"><ele>1183.0</ele><time>2024-01-25T04:43:00.000Z</time></trkpt>
      <trkpt lat="38.106535" lon="128.459887"><ele>1180.0</ele><time>2024-01-25T04:43:11.000Z</time></trkpt>
      <trkpt lat="38.106453" lon="128.459885"><ele>1176.0</ele><time>2024-01-25T04:43:24.000Z</time></trkpt>
      <trkpt lat="38.106395" lon="128.459825"><ele>1173.0</ele><time>2024-01-25T04:43:36.000Z</time></trkpt>
      <trkpt lat="38.106331" lon="128.459777"><ele>1169.0</ele><time>2024-01-25T04:43:49.000Z</time></trkpt>
      <trkpt lat="38.106297" lon="128.459702"><ele>1165.0</ele><time>2024-01-25T04:44:05.000Z</time></trkpt>
      <trkpt lat="38.106201" lon="128.459742"><ele>1160.0</ele><time>2024-01-25T04:44:25.000Z</time></trkpt>
      <trkpt lat="38.106122" lon="128.459816"><ele>1157.0</ele><time>2024-01-25T04:44:38.000Z</time></trkpt>
      <trkpt lat="38.106069" lon="128.459876"><ele>1154.0</ele><time>2024-01-25T04:44:51.000Z</time></trkpt>
      <trkpt lat="38.106006" lon="128.459911"><ele>1149.0</ele><time>2024-01-25T04:45:05.000Z</time></trkpt>
      <trkpt lat="38.105930" lon="128.459889"><ele>1144.0</ele><time>2024-01-25T04:45:24.000Z</time></trkpt>
      <trkpt lat="38.105883" lon="128.459820"><ele>1142.0</ele><time>2024-01-25T04:45:35.000Z</time></trkpt>
      <trkpt lat="38.105832" lon="128.459752"><ele>1139.0</ele><time>2024-01-25T04:45:55.000Z</time></trkpt>
      <trkpt lat="38.105775" lon="128.459699"><ele>1135.0</ele><time>2024-01-25T04:46:13.000Z</time></trkpt>
      <trkpt lat="38.105825" lon="128.459647"><ele>1132.0</ele><time>2024-01-25T04:46:20.000Z</time></trkpt>
      <trkpt lat="38.105882" lon="128.459572"><ele>1128.0</ele><time>2024-01-25T04:46:37.000Z</time></trkpt>
      <trkpt lat="38.105908" lon="128.459489"><ele>1125.0</ele><time>2024-01-25T04:46:49.000Z</time></trkpt>
      <trkpt lat="38.105932" lon="128.459376"><ele>1120.0</ele><time>2024-01-25T04:47:10.000Z</time></trkpt>
      <trkpt lat="38.105870" lon="128.459453"><ele>1118.0</ele><time>2024-01-25T04:47:18.000Z</time></trkpt>
      <trkpt lat="38.105781" lon="128.459447"><ele>1116.0</ele><time>2024-01-25T04:47:26.000Z</time></trkpt>
      <trkpt lat="38.105757" lon="128.459350"><ele>1106.0</ele><time>2024-01-25T04:48:07.000Z</time></trkpt>
      <trkpt lat="38.105726" lon="128.459277"><ele>1101.0</ele><time>2024-01-25T04:48:29.000Z</time></trkpt>
      <trkpt lat="38.105771" lon="128.459201"><ele>1098.0</ele><time>2024-01-25T04:48:40.000Z</time></trkpt>
      <trkpt lat="38.105700" lon="128.459126"><ele>1095.0</ele><time>2024-01-25T04:48:52.000Z</time></trkpt>
      <trkpt lat="38.105629" lon="128.459092"><ele>1091.0</ele><time>2024-01-25T04:49:04.000Z</time></trkpt>
      <trkpt lat="38.105610" lon="128.459015"><ele>1088.0</ele><time>2024-01-25T04:49:18.000Z</time></trkpt>
      <trkpt lat="38.105585" lon="128.458922"><ele>1080.0</ele><time>2024-01-25T04:49:51.000Z</time></trkpt>
      <trkpt lat="38.105518" lon="128.458858"><ele>1076.0</ele><time>2024-01-25T04:50:07.000Z</time></trkpt>
      <trkpt lat="38.105444" lon="128.458809"><ele>1071.0</ele><time>2024-01-25T04:50:55.000Z</time></trkpt>
      <trkpt lat="38.105350" lon="128.458850"><ele>1068.0</ele><time>2024-01-25T04:51:09.000Z</time></trkpt>
      <trkpt lat="38.105351" lon="128.458768"><ele>1067.0</ele><time>2024-01-25T04:51:16.000Z</time></trkpt>
      <trkpt lat="38.105377" lon="128.458684"><ele>1064.0</ele><time>2024-01-25T04:51:24.000Z</time></trkpt>
      <trkpt lat="38.105341" lon="128.458589"><ele>1064.0</ele><time>2024-01-25T04:51:32.000Z</time></trkpt>
      <trkpt lat="38.105306" lon="128.458523"><ele>1063.0</ele><time>2024-01-25T04:51:35.000Z</time></trkpt>
      <trkpt lat="38.105259" lon="128.458471"><ele>1063.0</ele><time>2024-01-25T04:51:45.000Z</time></trkpt>
      <trkpt lat="38.105182" lon="128.458457"><ele>1065.0</ele><time>2024-01-25T04:51:54.000Z</time></trkpt>
      <trkpt lat="38.105128" lon="128.458410"><ele>1067.0</ele><time>2024-01-25T04:52:10.000Z</time></trkpt>
      <trkpt lat="38.105062" lon="128.458352"><ele>1063.0</ele><time>2024-01-25T04:54:29.000Z</time></trkpt>
      <trkpt lat="38.104969" lon="128.458363"><ele>1059.0</ele><time>2024-01-25T04:54:40.000Z</time></trkpt>
      <trkpt lat="38.104913" lon="128.458283"><ele>1057.0</ele><time>2024-01-25T04:54:53.000Z</time></trkpt>
      <trkpt lat="38.104848" lon="128.458176"><ele>1054.0</ele><time>2024-01-25T04:55:02.000Z</time></trkpt>
      <trkpt lat="38.104795" lon="128.458064"><ele>1052.0</ele><time>2024-01-25T04:55:19.000Z</time></trkpt>
      <trkpt lat="38.104719" lon="128.458003"><ele>1050.0</ele><time>2024-01-25T04:55:29.000Z</time></trkpt>
      <trkpt lat="38.104645" lon="128.457979"><ele>1049.0</ele><time>2024-01-25T04:55:36.000Z</time></trkpt>
      <trkpt lat="38.104596" lon="128.457894"><ele>1047.0</ele><time>2024-01-25T04:55:43.000Z</time></trkpt>
      <trkpt lat="38.104505" lon="128.457822"><ele>1046.0</ele><time>2024-01-25T04:55:56.000Z</time></trkpt>
      <trkpt lat="38.104463" lon="128.457738"><ele>1042.0</ele><time>2024-01-25T04:56:08.000Z</time></trkpt>
      <trkpt lat="38.104430" lon="128.457630"><ele>1040.0</ele><time>2024-01-25T04:56:17.000Z</time></trkpt>
      <trkpt lat="38.104355" lon="128.457547"><ele>1038.0</ele><time>2024-01-25T04:56:23.000Z</time></trkpt>
      <trkpt lat="38.104340" lon="128.457456"><ele>1034.0</ele><time>2024-01-25T04:56:37.000Z</time></trkpt>
      <trkpt lat="38.104305" lon="128.457329"><ele>1033.0</ele><time>2024-01-25T04:56:44.000Z</time></trkpt>
      <trkpt lat="38.104295" lon="128.457239"><ele>1034.0</ele><time>2024-01-25T04:56:53.000Z</time></trkpt>
      <trkpt lat="38.104305" lon="128.457146"><ele>1035.0</ele><time>2024-01-25T04:57:02.000Z</time></trkpt>
      <trkpt lat="38.104232" lon="128.457084"><ele>1032.0</ele><time>2024-01-25T04:57:10.000Z</time></trkpt>
      <trkpt lat="38.104167" lon="128.457031"><ele>1029.0</ele><time>2024-01-25T04:57:21.000Z</time></trkpt>
      <trkpt lat="38.104107" lon="128.457099"><ele>1025.0</ele><time>2024-01-25T04:57:34.000Z</time></trkpt>
      <trkpt lat="38.104076" lon="128.456969"><ele>1021.0</ele><time>2024-01-25T04:57:46.000Z</time></trkpt>
      <trkpt lat="38.103999" lon="128.456868"><ele>1020.0</ele><time>2024-01-25T04:57:58.000Z</time></trkpt>
      <trkpt lat="38.103902" lon="128.456749"><ele>1019.0</ele><time>2024-01-25T04:58:06.000Z</time></trkpt>
      <trkpt lat="38.103813" lon="128.456746"><ele>1019.0</ele><time>2024-01-25T04:58:23.000Z</time></trkpt>
      <trkpt lat="38.103737" lon="128.456722"><ele>1017.0</ele><time>2024-01-25T04:58:32.000Z</time></trkpt>
      <trkpt lat="38.103639" lon="128.456674"><ele>1017.0</ele><time>2024-01-25T04:58:43.000Z</time></trkpt>
      <trkpt lat="38.103569" lon="128.456649"><ele>1018.0</ele><time>2024-01-25T04:58:53.000Z</time></trkpt>
      <trkpt lat="38.103481" lon="128.456615"><ele>1019.0</ele><time>2024-01-25T04:59:04.000Z</time></trkpt>
      <trkpt lat="38.103408" lon="128.456618"><ele>1018.0</ele><time>2024-01-25T04:59:08.000Z</time></trkpt>
      <trkpt lat="38.103324" lon="128.456690"><ele>1015.0</ele><time>2024-01-25T04:59:21.000Z</time></trkpt>
      <trkpt lat="38.103264" lon="128.456738"><ele>1012.0</ele><time>2024-01-25T04:59:29.000Z</time></trkpt>
      <trkpt lat="38.103198" lon="128.456697"><ele>1009.0</ele><time>2024-01-25T04:59:46.000Z</time></trkpt>
      <trkpt lat="38.103114" lon="128.456687"><ele>1006.0</ele><time>2024-01-25T04:59:57.000Z</time></trkpt>
      <trkpt lat="38.103044" lon="128.456705"><ele>1006.0</ele><time>2024-01-25T05:00:05.000Z</time></trkpt>
      <trkpt lat="38.102960" lon="128.456719"><ele>1008.0</ele><time>2024-01-25T05:00:15.000Z</time></trkpt>
      <trkpt lat="38.102889" lon="128.456682"><ele>1009.0</ele><time>2024-01-25T05:00:30.000Z</time></trkpt>
      <trkpt lat="38.102786" lon="128.456669"><ele>1003.0</ele><time>2024-01-25T05:00:50.000Z</time></trkpt>
      <trkpt lat="38.102720" lon="128.456737"><ele>998.0</ele><time>2024-01-25T05:01:11.000Z</time></trkpt>
      <trkpt lat="38.102636" lon="128.456683"><ele>993.0</ele><time>2024-01-25T05:01:29.000Z</time></trkpt>
      <trkpt lat="38.102547" lon="128.456645"><ele>988.0</ele><time>2024-01-25T05:01:44.000Z</time></trkpt>
      <trkpt lat="38.102460" lon="128.456642"><ele>986.0</ele><time>2024-01-25T05:01:51.000Z</time></trkpt>
      <trkpt lat="38.102371" lon="128.456718"><ele>983.0</ele><time>2024-01-25T05:02:05.000Z</time></trkpt>
      <trkpt lat="38.102295" lon="128.456723"><ele>982.0</ele><time>2024-01-25T05:02:13.000Z</time></trkpt>
      <trkpt lat="38.102209" lon="128.456612"><ele>981.0</ele><time>2024-01-25T05:02:26.000Z</time></trkpt>
      <trkpt lat="38.102144" lon="128.456562"><ele>982.0</ele><time>2024-01-25T05:02:32.000Z</time></trkpt>
      <trkpt lat="38.102047" lon="128.456524"><ele>985.0</ele><time>2024-01-25T05:02:46.000Z</time></trkpt>
      <trkpt lat="38.101954" lon="128.456490"><ele>987.0</ele><time>2024-01-25T05:03:01.000Z</time></trkpt>
      <trkpt lat="38.101880" lon="128.456454"><ele>988.0</ele><time>2024-01-25T05:03:11.000Z</time></trkpt>
      <trkpt lat="38.101811" lon="128.456507"><ele>986.0</ele><time>2024-01-25T05:03:22.000Z</time></trkpt>
      <trkpt lat="38.101715" lon="128.456558"><ele>985.0</ele><time>2024-01-25T05:03:31.000Z</time></trkpt>
      <trkpt lat="38.101636" lon="128.456636"><ele>984.0</ele><time>2024-01-25T05:03:40.000Z</time></trkpt>
      <trkpt lat="38.101548" lon="128.456668"><ele>983.0</ele><time>2024-01-25T05:03:51.000Z</time></trkpt>
      <trkpt lat="38.101477" lon="128.456650"><ele>981.0</ele><time>2024-01-25T05:03:55.000Z</time></trkpt>
      <trkpt lat="38.101353" lon="128.456610"><ele>980.0</ele><time>2024-01-25T05:04:09.000Z</time></trkpt>
      <trkpt lat="38.101243" lon="128.456556"><ele>978.0</ele><time>2024-01-25T05:04:16.000Z</time></trkpt>
      <trkpt lat="38.101144" lon="128.456583"><ele>976.0</ele><time>2024-01-25T05:04:29.000Z</time></trkpt>
      <trkpt lat="38.101078" lon="128.456495"><ele>976.0</ele><time>2024-01-25T05:04:36.000Z</time></trkpt>
      <trkpt lat="38.100974" lon="128.456444"><ele>974.0</ele><time>2024-01-25T05:04:50.000Z</time></trkpt>
      <trkpt lat="38.100881" lon="128.456395"><ele>973.0</ele><time>2024-01-25T05:04:56.000Z</time></trkpt>
      <trkpt lat="38.100759" lon="128.456322"><ele>972.0</ele><time>2024-01-25T05:05:10.000Z</time></trkpt>
      <trkpt lat="38.100668" lon="128.456251"><ele>971.0</ele><time>2024-01-25T05:05:17.000Z</time></trkpt>
      <trkpt lat="38.100624" lon="128.456150"><ele>968.0</ele><time>2024-01-25T05:05:30.000Z</time></trkpt>
      <trkpt lat="38.100544" lon="128.456100"><ele>965.0</ele><time>2024-01-25T05:05:38.000Z</time></trkpt>
      <trkpt lat="38.100452" lon="128.456125"><ele>962.0</ele><time>2024-01-25T05:05:51.000Z</time></trkpt>
      <trkpt lat="38.100409" lon="128.456027"><ele>963.0</ele><time>2024-01-25T05:05:59.000Z</time></trkpt>
      <trkpt lat="38.100327" lon="128.456020"><ele>962.0</ele><time>2024-01-25T05:06:15.000Z</time></trkpt>
      <trkpt lat="38.100254" lon="128.456020"><ele>962.0</ele><time>2024-01-25T05:06:24.000Z</time></trkpt>
      <trkpt lat="38.100204" lon="128.455945"><ele>964.0</ele><time>2024-01-25T05:06:32.000Z</time></trkpt>
      <trkpt lat="38.100139" lon="128.455999"><ele>966.0</ele><time>2024-01-25T05:06:45.000Z</time></trkpt>
      <trkpt lat="38.100085" lon="128.456088"><ele>964.0</ele><time>2024-01-25T05:06:57.000Z</time></trkpt>
      <trkpt lat="38.100013" lon="128.456042"><ele>961.0</ele><time>2024-01-25T05:07:08.000Z</time></trkpt>
      <trkpt lat="38.099925" lon="128.456052"><ele>957.0</ele><time>2024-01-25T05:07:20.000Z</time></trkpt>
      <trkpt lat="38.099863" lon="128.455995"><ele>953.0</ele><time>2024-01-25T05:07:41.000Z</time></trkpt>
      <trkpt lat="38.099755" lon="128.455940"><ele>950.0</ele><time>2024-01-25T05:07:53.000Z</time></trkpt>
      <trkpt lat="38.099685" lon="128.455912"><ele>948.0</ele><time>2024-01-25T05:07:59.000Z</time></trkpt>
      <trkpt lat="38.099603" lon="128.455839"><ele>948.0</ele><time>2024-01-25T05:08:07.000Z</time></trkpt>
      <trkpt lat="38.099574" lon="128.455748"><ele>950.0</ele><time>2024-01-25T05:08:15.000Z</time></trkpt>
      <trkpt lat="38.099504" lon="128.455667"><ele>950.0</ele><time>2024-01-25T05:08:22.000Z</time></trkpt>
      <trkpt lat="38.099440" lon="128.455529"><ele>949.0</ele><time>2024-01-25T05:08:36.000Z</time></trkpt>
      <trkpt lat="38.099386" lon="128.455449"><ele>949.0</ele><time>2024-01-25T05:08:44.000Z</time></trkpt>
      <trkpt lat="38.099364" lon="128.455362"><ele>949.0</ele><time>2024-01-25T05:08:51.000Z</time></trkpt>
      <trkpt lat="38.099301" lon="128.455286"><ele>949.0</ele><time>2024-01-25T05:09:00.000Z</time></trkpt>
      <trkpt lat="38.099241" lon="128.455225"><ele>949.0</ele><time>2024-01-25T05:09:03.000Z</time></trkpt>
      <trkpt lat="38.099182" lon="128.455169"><ele>946.0</ele><time>2024-01-25T05:09:17.000Z</time></trkpt>
      <trkpt lat="38.099104" lon="128.455149"><ele>943.0</ele><time>2024-01-25T05:09:24.000Z</time></trkpt>
      <trkpt lat="38.099020" lon="128.455079"><ele>940.0</ele><time>2024-01-25T05:09:41.000Z</time></trkpt>
      <trkpt lat="38.098911" lon="128.455083"><ele>935.0</ele><time>2024-01-25T05:09:58.000Z</time></trkpt>
      <trkpt lat="38.098829" lon="128.455030"><ele>934.0</ele><time>2024-01-25T05:10:05.000Z</time></trkpt>
      <trkpt lat="38.098755" lon="128.454986"><ele>932.0</ele><time>2024-01-25T05:10:17.000Z</time></trkpt>
      <trkpt lat="38.098799" lon="128.454913"><ele>933.0</ele><time>2024-01-25T05:10:22.000Z</time></trkpt>
      <trkpt lat="38.098733" lon="128.454824"><ele>933.0</ele><time>2024-01-25T05:10:34.000Z</time></trkpt>
      <trkpt lat="38.098617" lon="128.454814"><ele>930.0</ele><time>2024-01-25T05:10:43.000Z</time></trkpt>
      <trkpt lat="38.098551" lon="128.454850"><ele>929.0</ele><time>2024-01-25T05:10:46.000Z</time></trkpt>
      <trkpt lat="38.098441" lon="128.454818"><ele>929.0</ele><time>2024-01-25T05:10:59.000Z</time></trkpt>
      <trkpt lat="38.098362" lon="128.454905"><ele>927.0</ele><time>2024-01-25T05:11:05.000Z</time></trkpt>
      <trkpt lat="38.098278" lon="128.454978"><ele>924.0</ele><time>2024-01-25T05:11:19.000Z</time></trkpt>
      <trkpt lat="38.098179" lon="128.455013"><ele>923.0</ele><time>2024-01-25T05:11:27.000Z</time></trkpt>
      <trkpt lat="38.098179" lon="128.455013"><ele>922.0</ele><time>2024-01-25T05:14:29.000Z</time></trkpt>
      <trkpt lat="38.098170" lon="128.454992"><ele>920.0</ele><time>2024-01-25T05:14:45.000Z</time></trkpt>
      <trkpt lat="38.098133" lon="128.454889"><ele>918.0</ele><time>2024-01-25T05:14:52.000Z</time></trkpt>
      <trkpt lat="38.098178" lon="128.454796"><ele>914.0</ele><time>2024-01-25T05:15:06.000Z</time></trkpt>
      <trkpt lat="38.098119" lon="128.454715"><ele>910.0</ele><time>2024-01-25T05:15:21.000Z</time></trkpt>
      <trkpt lat="38.098045" lon="128.454685"><ele>906.0</ele><time>2024-01-25T05:15:32.000Z</time></trkpt>
      <trkpt lat="38.097967" lon="128.454709"><ele>902.0</ele><time>2024-01-25T05:15:47.000Z</time></trkpt>
      <trkpt lat="38.097874" lon="128.454708"><ele>899.0</ele><time>2024-01-25T05:15:54.000Z</time></trkpt>
      <trkpt lat="38.097834" lon="128.454610"><ele>900.0</ele><time>2024-01-25T05:16:07.000Z</time></trkpt>
      <trkpt lat="38.097850" lon="128.454515"><ele>903.0</ele><time>2024-01-25T05:16:20.000Z</time></trkpt>
      <trkpt lat="38.097778" lon="128.454497"><ele>907.0</ele><time>2024-01-25T05:16:40.000Z</time></trkpt>
      <trkpt lat="38.097696" lon="128.454418"><ele>907.0</ele><time>2024-01-25T05:16:52.000Z</time></trkpt>
      <trkpt lat="38.097642" lon="128.454350"><ele>905.0</ele><time>2024-01-25T05:16:56.000Z</time></trkpt>
      <trkpt lat="38.097676" lon="128.454249"><ele>903.0</ele><time>2024-01-25T05:17:13.000Z</time></trkpt>
      <trkpt lat="38.097594" lon="128.454213"><ele>899.0</ele><time>2024-01-25T05:17:23.000Z</time></trkpt>
      <trkpt lat="38.097519" lon="128.454147"><ele>894.0</ele><time>2024-01-25T05:17:50.000Z</time></trkpt>
      <trkpt lat="38.097483" lon="128.454065"><ele>896.0</ele><time>2024-01-25T05:17:57.000Z</time></trkpt>
      <trkpt lat="38.097388" lon="128.454051"><ele>898.0</ele><time>2024-01-25T05:18:09.000Z</time></trkpt>
      <trkpt lat="38.097300" lon="128.454014"><ele>899.0</ele><time>2024-01-25T05:18:17.000Z</time></trkpt>
      <trkpt lat="38.097209" lon="128.453973"><ele>903.0</ele><time>2024-01-25T05:18:38.000Z</time></trkpt>
      <trkpt lat="38.097123" lon="128.453973"><ele>907.0</ele><time>2024-01-25T05:18:55.000Z</time></trkpt>
      <trkpt lat="38.097051" lon="128.454002"><ele>909.0</ele><time>2024-01-25T05:19:11.000Z</time></trkpt>
      <trkpt lat="38.096983" lon="128.454063"><ele>911.0</ele><time>2024-01-25T05:19:24.000Z</time></trkpt>
      <trkpt lat="38.096914" lon="128.454024"><ele>916.0</ele><time>2024-01-25T05:19:47.000Z</time></trkpt>
      <trkpt lat="38.096902" lon="128.453929"><ele>920.0</ele><time>2024-01-25T05:20:09.000Z</time></trkpt>
      <trkpt lat="38.096935" lon="128.453819"><ele>919.0</ele><time>2024-01-25T05:21:31.000Z</time></trkpt>
      <trkpt lat="38.096945" lon="128.453721"><ele>917.0</ele><time>2024-01-25T05:21:40.000Z</time></trkpt>
      <trkpt lat="38.096965" lon="128.453630"><ele>915.0</ele><time>2024-01-25T05:21:47.000Z</time></trkpt>
      <trkpt lat="38.096984" lon="128.453508"><ele>913.0</ele><time>2024-01-25T05:21:56.000Z</time></trkpt>
      <trkpt lat="38.096983" lon="128.453381"><ele>911.0</ele><time>2024-01-25T05:22:04.000Z</time></trkpt>
      <trkpt lat="38.096970" lon="128.453288"><ele>910.0</ele><time>2024-01-25T05:22:12.000Z</time></trkpt>
      <trkpt lat="38.096980" lon="128.453169"><ele>908.0</ele><time>2024-01-25T05:22:20.000Z</time></trkpt>
      <trkpt lat="38.096964" lon="128.453075"><ele>906.0</ele><time>2024-01-25T05:22:23.000Z</time></trkpt>
      <trkpt lat="38.096923" lon="128.452926"><ele>904.0</ele><time>2024-01-25T05:22:37.000Z</time></trkpt>
      <trkpt lat="38.096867" lon="128.452813"><ele>902.0</ele><time>2024-01-25T05:22:45.000Z</time></trkpt>
      <trkpt lat="38.096799" lon="128.452720"><ele>898.0</ele><time>2024-01-25T05:22:58.000Z</time></trkpt>
      <trkpt lat="38.096715" lon="128.452648"><ele>897.0</ele><time>2024-01-25T05:23:05.000Z</time></trkpt>
      <trkpt lat="38.096672" lon="128.452516"><ele>898.0</ele><time>2024-01-25T05:23:18.000Z</time></trkpt>
      <trkpt lat="38.096667" lon="128.452389"><ele>896.0</ele><time>2024-01-25T05:23:26.000Z</time></trkpt>
      <trkpt lat="38.096696" lon="128.452295"><ele>892.0</ele><time>2024-01-25T05:23:39.000Z</time></trkpt>
      <trkpt lat="38.096738" lon="128.452173"><ele>888.0</ele><time>2024-01-25T05:23:45.000Z</time></trkpt>
      <trkpt lat="38.096767" lon="128.452060"><ele>888.0</ele><time>2024-01-25T05:23:59.000Z</time></trkpt>
      <trkpt lat="38.096719" lon="128.451981"><ele>887.0</ele><time>2024-01-25T05:24:04.000Z</time></trkpt>
      <trkpt lat="38.096634" lon="128.451998"><ele>883.0</ele><time>2024-01-25T05:24:20.000Z</time></trkpt>
      <trkpt lat="38.096576" lon="128.451913"><ele>881.0</ele><time>2024-01-25T05:24:26.000Z</time></trkpt>
      <trkpt lat="38.096568" lon="128.451799"><ele>879.0</ele><time>2024-01-25T05:24:39.000Z</time></trkpt>
      <trkpt lat="38.096487" lon="128.451666"><ele>878.0</ele><time>2024-01-25T05:24:48.000Z</time></trkpt>
      <trkpt lat="38.096450" lon="128.451570"><ele>875.0</ele><time>2024-01-25T05:25:00.000Z</time></trkpt>
      <trkpt lat="38.096360" lon="128.451476"><ele>873.0</ele><time>2024-01-25T05:25:07.000Z</time></trkpt>
      <trkpt lat="38.096300" lon="128.451380"><ele>871.0</ele><time>2024-01-25T05:25:20.000Z</time></trkpt>
      <trkpt lat="38.096228" lon="128.451252"><ele>872.0</ele><time>2024-01-25T05:25:28.000Z</time></trkpt>
      <trkpt lat="38.096181" lon="128.451165"><ele>870.0</ele><time>2024-01-25T05:25:42.000Z</time></trkpt>
      <trkpt lat="38.096115" lon="128.451085"><ele>869.0</ele><time>2024-01-25T05:25:49.000Z</time></trkpt>
      <trkpt lat="38.096040" lon="128.450989"><ele>866.0</ele><time>2024-01-25T05:26:02.000Z</time></trkpt>
      <trkpt lat="38.095959" lon="128.450935"><ele>864.0</ele><time>2024-01-25T05:26:09.000Z</time></trkpt>
      <trkpt lat="38.095882" lon="128.450904"><ele>858.0</ele><time>2024-01-25T05:26:30.000Z</time></trkpt>
      <trkpt lat="38.095837" lon="128.450763"><ele>857.0</ele><time>2024-01-25T05:26:48.000Z</time></trkpt>
      <trkpt lat="38.095774" lon="128.450718"><ele>856.0</ele><time>2024-01-25T05:26:56.000Z</time></trkpt>
      <trkpt lat="38.095692" lon="128.450676"><ele>855.0</ele><time>2024-01-25T05:27:04.000Z</time></trkpt>
      <trkpt lat="38.095581" lon="128.450612"><ele>852.0</ele><time>2024-01-25T05:27:10.000Z</time></trkpt>
      <trkpt lat="38.095514" lon="128.450576"><ele>850.0</ele><time>2024-01-25T05:27:20.000Z</time></trkpt>
      <trkpt lat="38.095430" lon="128.450499"><ele>848.0</ele><time>2024-01-25T05:27:29.000Z</time></trkpt>
      <trkpt lat="38.095360" lon="128.450437"><ele>846.0</ele><time>2024-01-25T05:27:37.000Z</time></trkpt>
      <trkpt lat="38.095288" lon="128.450388"><ele>846.0</ele><time>2024-01-25T05:27:44.000Z</time></trkpt>
      <trkpt lat="38.095211" lon="128.450417"><ele>844.0</ele><time>2024-01-25T05:27:51.000Z</time></trkpt>
      <trkpt lat="38.095117" lon="128.450450"><ele>840.0</ele><time>2024-01-25T05:28:10.000Z</time></trkpt>
      <trkpt lat="38.095031" lon="128.450454"><ele>835.0</ele><time>2024-01-25T05:28:20.000Z</time></trkpt>
      <trkpt lat="38.094956" lon="128.450472"><ele>832.0</ele><time>2024-01-25T05:28:30.000Z</time></trkpt>
      <trkpt lat="38.094854" lon="128.450470"><ele>828.0</ele><time>2024-01-25T05:28:42.000Z</time></trkpt>
      <trkpt lat="38.094787" lon="128.450530"><ele>824.0</ele><time>2024-01-25T05:28:54.000Z</time></trkpt>
      <trkpt lat="38.094714" lon="128.450577"><ele>822.0</ele><time>2024-01-25T05:29:10.000Z</time></trkpt>
      <trkpt lat="38.094629" lon="128.450592"><ele>816.0</ele><time>2024-01-25T05:29:23.000Z</time></trkpt>
      <trkpt lat="38.094568" lon="128.450669"><ele>812.0</ele><time>2024-01-25T05:29:35.000Z</time></trkpt>
      <trkpt lat="38.094499" lon="128.450690"><ele>809.0</ele><time>2024-01-25T05:29:47.000Z</time></trkpt>
      <trkpt lat="38.094425" lon="128.450686"><ele>806.0</ele><time>2024-01-25T05:29:55.000Z</time></trkpt>
      <trkpt lat="38.094397" lon="128.450781"><ele>802.0</ele><time>2024-01-25T05:30:09.000Z</time></trkpt>
      <trkpt lat="38.094319" lon="128.450802"><ele>799.0</ele><time>2024-01-25T05:30:24.000Z</time></trkpt>
      <trkpt lat="38.094212" lon="128.450836"><ele>795.0</ele><time>2024-01-25T05:30:36.000Z</time></trkpt>
      <trkpt lat="38.094131" lon="128.450813"><ele>793.0</ele><time>2024-01-25T05:30:50.000Z</time></trkpt>
      <trkpt lat="38.094044" lon="128.450829"><ele>792.0</ele><time>2024-01-25T05:30:56.000Z</time></trkpt>
      <trkpt lat="38.093971" lon="128.450886"><ele>787.0</ele><time>2024-01-25T05:31:17.000Z</time></trkpt>
      <trkpt lat="38.093911" lon="128.450814"><ele>784.0</ele><time>2024-01-25T05:31:30.000Z</time></trkpt>
      <trkpt lat="38.093858" lon="128.450767"><ele>783.0</ele><time>2024-01-25T05:31:35.000Z</time></trkpt>
      <trkpt lat="38.093812" lon="128.450705"><ele>781.0</ele><time>2024-01-25T05:31:37.000Z</time></trkpt>
      <trkpt lat="38.093740" lon="128.450623"><ele>778.0</ele><time>2024-01-25T05:31:52.000Z</time></trkpt>
      <trkpt lat="38.093668" lon="128.450602"><ele>775.0</ele><time>2024-01-25T05:31:59.000Z</time></trkpt>
      <trkpt lat="38.093595" lon="128.450532"><ele>771.0</ele><time>2024-01-25T05:32:12.000Z</time></trkpt>
      <trkpt lat="38.093518" lon="128.450520"><ele>766.0</ele><time>2024-01-25T05:32:24.000Z</time></trkpt>
      <trkpt lat="38.093435" lon="128.450487"><ele>763.0</ele><time>2024-01-25T05:32:37.000Z</time></trkpt>
      <trkpt lat="38.093373" lon="128.450567"><ele>758.0</ele><time>2024-01-25T05:32:48.000Z</time></trkpt>
      <trkpt lat="38.093271" lon="128.450519"><ele>755.0</ele><time>2024-01-25T05:33:00.000Z</time></trkpt>
      <trkpt lat="38.093226" lon="128.450416"><ele>751.0</ele><time>2024-01-25T05:33:14.000Z</time></trkpt>
      <trkpt lat="38.093146" lon="128.450410"><ele>749.0</ele><time>2024-01-25T05:33:21.000Z</time></trkpt>
      <trkpt lat="38.093052" lon="128.450373"><ele>742.0</ele><time>2024-01-25T05:33:38.000Z</time></trkpt>
      <trkpt lat="38.092972" lon="128.450386"><ele>739.0</ele><time>2024-01-25T05:33:49.000Z</time></trkpt>
      <trkpt lat="38.092903" lon="128.450379"><ele>737.0</ele><time>2024-01-25T05:33:59.000Z</time></trkpt>
      <trkpt lat="38.092853" lon="128.450318"><ele>733.0</ele><time>2024-01-25T05:34:10.000Z</time></trkpt>
      <trkpt lat="38.092812" lon="128.450217"><ele>730.0</ele><time>2024-01-25T05:34:24.000Z</time></trkpt>
      <trkpt lat="38.092747" lon="128.450262"><ele>727.0</ele><time>2024-01-25T05:34:35.000Z</time></trkpt>
      <trkpt lat="38.092659" lon="128.450217"><ele>721.0</ele><time>2024-01-25T05:34:51.000Z</time></trkpt>
      <trkpt lat="38.092555" lon="128.450173"><ele>716.0</ele><time>2024-01-25T05:35:04.000Z</time></trkpt>
      <trkpt lat="38.092491" lon="128.450098"><ele>713.0</ele><time>2024-01-25T05:35:17.000Z</time></trkpt>
      <trkpt lat="38.092416" lon="128.450114"><ele>709.0</ele><time>2024-01-25T05:35:29.000Z</time></trkpt>
      <trkpt lat="38.092352" lon="128.450087"><ele>706.0</ele><time>2024-01-25T05:35:41.000Z</time></trkpt>
      <trkpt lat="38.092280" lon="128.450098"><ele>703.0</ele><time>2024-01-25T05:35:49.000Z</time></trkpt>
      <trkpt lat="38.092215" lon="128.450129"><ele>701.0</ele><time>2024-01-25T05:35:58.000Z</time></trkpt>
      <trkpt lat="38.092140" lon="128.450121"><ele>699.0</ele><time>2024-01-25T05:36:04.000Z</time></trkpt>
      <trkpt lat="38.092046" lon="128.450092"><ele>695.0</ele><time>2024-01-25T05:36:23.000Z</time></trkpt>
      <trkpt lat="38.091972" lon="128.450059"><ele>689.0</ele><time>2024-01-25T05:36:38.000Z</time></trkpt>
      <trkpt lat="38.091918" lon="128.449993"><ele>686.0</ele><time>2024-01-25T05:36:50.000Z</time></trkpt>
      <trkpt lat="38.091888" lon="128.449902"><ele>682.0</ele><time>2024-01-25T05:37:07.000Z</time></trkpt>
      <trkpt lat="38.091824" lon="128.449870"><ele>678.0</ele><time>2024-01-25T05:37:23.000Z</time></trkpt>
      <trkpt lat="38.091755" lon="128.449887"><ele>676.0</ele><time>2024-01-25T05:37:35.000Z</time></trkpt>
      <trkpt lat="38.091680" lon="128.449856"><ele>670.0</ele><time>2024-01-25T05:38:01.000Z</time></trkpt>
      <trkpt lat="38.091613" lon="128.449800"><ele>664.0</ele><time>2024-01-25T05:38:21.000Z</time></trkpt>
      <trkpt lat="38.091566" lon="128.449731"><ele>658.0</ele><time>2024-01-25T05:38:42.000Z</time></trkpt>
      <trkpt lat="38.091496" lon="128.449739"><ele>655.0</ele><time>2024-01-25T05:38:54.000Z</time></trkpt>
      <trkpt lat="38.091424" lon="128.449783"><ele>653.0</ele><time>2024-01-25T05:39:07.000Z</time></trkpt>
      <trkpt lat="38.091366" lon="128.449738"><ele>647.0</ele><time>2024-01-25T05:39:31.000Z</time></trkpt>
      <trkpt lat="38.091325" lon="128.449652"><ele>644.0</ele><time>2024-01-25T05:39:48.000Z</time></trkpt>
      <trkpt lat="38.091344" lon="128.449561"><ele>638.0</ele><time>2024-01-25T05:40:07.000Z</time></trkpt>
      <trkpt lat="38.091284" lon="128.449528"><ele>634.0</ele><time>2024-01-25T05:40:20.000Z</time></trkpt>
      <trkpt lat="38.091227" lon="128.449563"><ele>633.0</ele><time>2024-01-25T05:40:29.000Z</time></trkpt>
      <trkpt lat="38.091227" lon="128.449563"><ele>633.0</ele><time>2024-01-25T05:43:33.000Z</time></trkpt>
      <trkpt lat="38.091225" lon="128.449588"><ele>635.0</ele><time>2024-01-25T05:44:55.000Z</time></trkpt>
      <trkpt lat="38.091225" lon="128.449588"><ele>634.0</ele><time>2024-01-25T05:47:56.000Z</time></trkpt>
      <trkpt lat="38.091232" lon="128.449528"><ele>633.0</ele><time>2024-01-25T05:48:24.000Z</time></trkpt>
      <trkpt lat="38.091169" lon="128.449487"><ele>629.0</ele><time>2024-01-25T05:48:37.000Z</time></trkpt>
      <trkpt lat="38.091104" lon="128.449508"><ele>626.0</ele><time>2024-01-25T05:48:43.000Z</time></trkpt>
      <trkpt lat="38.091063" lon="128.449415"><ele>622.0</ele><time>2024-01-25T05:48:58.000Z</time></trkpt>
      <trkpt lat="38.090997" lon="128.449413"><ele>620.0</ele><time>2024-01-25T05:49:04.000Z</time></trkpt>
      <trkpt lat="38.090960" lon="128.449342"><ele>615.0</ele><time>2024-01-25T05:49:17.000Z</time></trkpt>
      <trkpt lat="38.090904" lon="128.449279"><ele>613.0</ele><time>2024-01-25T05:49:31.000Z</time></trkpt>
      <trkpt lat="38.090829" lon="128.449274"><ele>608.0</ele><time>2024-01-25T05:49:43.000Z</time></trkpt>
      <trkpt lat="38.090760" lon="128.449297"><ele>604.0</ele><time>2024-01-25T05:50:06.000Z</time></trkpt>
      <trkpt lat="38.090718" lon="128.449228"><ele>599.0</ele><time>2024-01-25T05:50:23.000Z</time></trkpt>
      <trkpt lat="38.090640" lon="128.449186"><ele>595.0</ele><time>2024-01-25T05:50:40.000Z</time></trkpt>
      <trkpt lat="38.090562" lon="128.449290"><ele>592.0</ele><time>2024-01-25T05:50:53.000Z</time></trkpt>
      <trkpt lat="38.090496" lon="128.449324"><ele>589.0</ele><time>2024-01-25T05:51:07.000Z</time></trkpt>
      <trkpt lat="38.090480" lon="128.449194"><ele>582.0</ele><time>2024-01-25T05:51:29.000Z</time></trkpt>
      <trkpt lat="38.090401" lon="128.449176"><ele>576.0</ele><time>2024-01-25T05:51:48.000Z</time></trkpt>
      <trkpt lat="38.090328" lon="128.449186"><ele>573.0</ele><time>2024-01-25T05:52:02.000Z</time></trkpt>
      <trkpt lat="38.090248" lon="128.449180"><ele>570.0</ele><time>2024-01-25T05:52:22.000Z</time></trkpt>
      <trkpt lat="38.090171" lon="128.449204"><ele>566.0</ele><time>2024-01-25T05:52:39.000Z</time></trkpt>
      <trkpt lat="38.090105" lon="128.449223"><ele>562.0</ele><time>2024-01-25T05:52:51.000Z</time></trkpt>
      <trkpt lat="38.090042" lon="128.449232"><ele>559.0</ele><time>2024-01-25T05:53:10.000Z</time></trkpt>
      <trkpt lat="38.089978" lon="128.449229"><ele>554.0</ele><time>2024-01-25T05:53:40.000Z</time></trkpt>
      <trkpt lat="38.089897" lon="128.449223"><ele>549.0</ele><time>2024-01-25T05:54:05.000Z</time></trkpt>
      <trkpt lat="38.089836" lon="128.449229"><ele>547.0</ele><time>2024-01-25T05:54:13.000Z</time></trkpt>
      <trkpt lat="38.089764" lon="128.449247"><ele>543.0</ele><time>2024-01-25T05:54:29.000Z</time></trkpt>
      <trkpt lat="38.089708" lon="128.449197"><ele>541.0</ele><time>2024-01-25T05:54:38.000Z</time></trkpt>
      <trkpt lat="38.089667" lon="128.449264"><ele>539.0</ele><time>2024-01-25T05:54:47.000Z</time></trkpt>
      <trkpt lat="38.089603" lon="128.449262"><ele>535.0</ele><time>2024-01-25T05:55:01.000Z</time></trkpt>
      <trkpt lat="38.089527" lon="128.449207"><ele>532.0</ele><time>2024-01-25T05:55:15.000Z</time></trkpt>
      <trkpt lat="38.089468" lon="128.449115"><ele>529.0</ele><time>2024-01-25T05:55:31.000Z</time></trkpt>
      <trkpt lat="38.089415" lon="128.449029"><ele>526.0</ele><time>2024-01-25T05:55:40.000Z</time></trkpt>
      <trkpt lat="38.089371" lon="128.448932"><ele>523.0</ele><time>2024-01-25T05:55:53.000Z</time></trkpt>
      <trkpt lat="38.089294" lon="128.448908"><ele>519.0</ele><time>2024-01-25T05:56:09.000Z</time></trkpt>
      <trkpt lat="38.089232" lon="128.448839"><ele>515.0</ele><time>2024-01-25T05:56:21.000Z</time></trkpt>
      <trkpt lat="38.089135" lon="128.448819"><ele>514.0</ele><time>2024-01-25T05:56:29.000Z</time></trkpt>
      <trkpt lat="38.089048" lon="128.448778"><ele>516.0</ele><time>2024-01-25T05:56:37.000Z</time></trkpt>
      <trkpt lat="38.088978" lon="128.448813"><ele>519.0</ele><time>2024-01-25T05:56:50.000Z</time></trkpt>
      <trkpt lat="38.088901" lon="128.448802"><ele>520.0</ele><time>2024-01-25T05:57:06.000Z</time></trkpt>
      <trkpt lat="38.088845" lon="128.448711"><ele>519.0</ele><time>2024-01-25T05:57:14.000Z</time></trkpt>
      <trkpt lat="38.088777" lon="128.448667"><ele>518.0</ele><time>2024-01-25T05:57:18.000Z</time></trkpt>
      <trkpt lat="38.088688" lon="128.448645"><ele>516.0</ele><time>2024-01-25T05:57:30.000Z</time></trkpt>
      <trkpt lat="38.088600" lon="128.448687"><ele>514.0</ele><time>2024-01-25T05:57:39.000Z</time></trkpt>
      <trkpt lat="38.088524" lon="128.448578"><ele>510.0</ele><time>2024-01-25T05:57:59.000Z</time></trkpt>
      <trkpt lat="38.088439" lon="128.448557"><ele>507.0</ele><time>2024-01-25T05:58:12.000Z</time></trkpt>
      <trkpt lat="38.088353" lon="128.448548"><ele>504.0</ele><time>2024-01-25T05:58:20.000Z</time></trkpt>
      <trkpt lat="38.088271" lon="128.448573"><ele>499.0</ele><time>2024-01-25T05:58:48.000Z</time></trkpt>
      <trkpt lat="38.088197" lon="128.448612"><ele>495.0</ele><time>2024-01-25T05:59:01.000Z</time></trkpt>
      <trkpt lat="38.088104" lon="128.448599"><ele>491.0</ele><time>2024-01-25T05:59:18.000Z</time></trkpt>
      <trkpt lat="38.088001" lon="128.448570"><ele>486.0</ele><time>2024-01-25T05:59:34.000Z</time></trkpt>
      <trkpt lat="38.087919" lon="128.448640"><ele>481.0</ele><time>2024-01-25T05:59:59.000Z</time></trkpt>
      <trkpt lat="38.087849" lon="128.448564"><ele>478.0</ele><time>2024-01-25T06:00:15.000Z</time></trkpt>
      <trkpt lat="38.087769" lon="128.448654"><ele>474.0</ele><time>2024-01-25T06:00:36.000Z</time></trkpt>
      <trkpt lat="38.087681" lon="128.448627"><ele>471.0</ele><time>2024-01-25T06:00:43.000Z</time></trkpt>
      <trkpt lat="38.087601" lon="128.448727"><ele>470.0</ele><time>2024-01-25T06:00:56.000Z</time></trkpt>
      <trkpt lat="38.087505" lon="128.448771"><ele>468.0</ele><time>2024-01-25T06:01:03.000Z</time></trkpt>
      <trkpt lat="38.087438" lon="128.448770"><ele>467.0</ele><time>2024-01-25T06:01:12.000Z</time></trkpt>
      <trkpt lat="38.087370" lon="128.448682"><ele>466.0</ele><time>2024-01-25T06:01:20.000Z</time></trkpt>
      <trkpt lat="38.087317" lon="128.448767"><ele>464.0</ele><time>2024-01-25T06:01:41.000Z</time></trkpt>
      <trkpt lat="38.087221" lon="128.448746"><ele>463.0</ele><time>2024-01-25T06:01:45.000Z</time></trkpt>
      <trkpt lat="38.087118" lon="128.448720"><ele>463.0</ele><time>2024-01-25T06:01:58.000Z</time></trkpt>
      <trkpt lat="38.087039" lon="128.448670"><ele>461.0</ele><time>2024-01-25T06:02:05.000Z</time></trkpt>
      <trkpt lat="38.086957" lon="128.448652"><ele>458.0</ele><time>2024-01-25T06:02:18.000Z</time></trkpt>
      <trkpt lat="38.086877" lon="128.448646"><ele>457.0</ele><time>2024-01-25T06:02:26.000Z</time></trkpt>
      <trkpt lat="38.086795" lon="128.448645"><ele>454.0</ele><time>2024-01-25T06:02:38.000Z</time></trkpt>
      <trkpt lat="38.086683" lon="128.448657"><ele>453.0</ele><time>2024-01-25T06:02:46.000Z</time></trkpt>
      <trkpt lat="38.086577" lon="128.448682"><ele>451.0</ele><time>2024-01-25T06:03:00.000Z</time></trkpt>
      <trkpt lat="38.086503" lon="128.448759"><ele>449.0</ele><time>2024-01-25T06:03:07.000Z</time></trkpt>
      <trkpt lat="38.086428" lon="128.448777"><ele>445.0</ele><time>2024-01-25T06:03:23.000Z</time></trkpt>
      <trkpt lat="38.086369" lon="128.448708"><ele>445.0</ele><time>2024-01-25T06:03:32.000Z</time></trkpt>
      <trkpt lat="38.086305" lon="128.448800"><ele>444.0</ele><time>2024-01-25T06:03:44.000Z</time></trkpt>
      <trkpt lat="38.086240" lon="128.448902"><ele>444.0</ele><time>2024-01-25T06:03:53.000Z</time></trkpt>
      <trkpt lat="38.086164" lon="128.448961"><ele>443.0</ele><time>2024-01-25T06:04:01.000Z</time></trkpt>
      <trkpt lat="38.086064" lon="128.449011"><ele>442.0</ele><time>2024-01-25T06:04:09.000Z</time></trkpt>
      <trkpt lat="38.085958" lon="128.449021"><ele>439.0</ele><time>2024-01-25T06:04:22.000Z</time></trkpt>
      <trkpt lat="38.085871" lon="128.448930"><ele>438.0</ele><time>2024-01-25T06:04:28.000Z</time></trkpt>
      <trkpt lat="38.085775" lon="128.448883"><ele>439.0</ele><time>2024-01-25T06:04:41.000Z</time></trkpt>
      <trkpt lat="38.085655" lon="128.448829"><ele>440.0</ele><time>2024-01-25T06:04:49.000Z</time></trkpt>
      <trkpt lat="38.085565" lon="128.448836"><ele>439.0</ele><time>2024-01-25T06:05:02.000Z</time></trkpt>
      <trkpt lat="38.085479" lon="128.448877"><ele>437.0</ele><time>2024-01-25T06:05:10.000Z</time></trkpt>
      <trkpt lat="38.085403" lon="128.448912"><ele>437.0</ele><time>2024-01-25T06:05:17.000Z</time></trkpt>
      <trkpt lat="38.085327" lon="128.448918"><ele>436.0</ele><time>2024-01-25T06:05:24.000Z</time></trkpt>
      <trkpt lat="38.085231" lon="128.448931"><ele>435.0</ele><time>2024-01-25T06:05:31.000Z</time></trkpt>
      <trkpt lat="38.085134" lon="128.448975"><ele>433.0</ele><time>2024-01-25T06:05:43.000Z</time></trkpt>
      <trkpt lat="38.085025" lon="128.448998"><ele>433.0</ele><time>2024-01-25T06:05:51.000Z</time></trkpt>
      <trkpt lat="38.084918" lon="128.449016"><ele>431.0</ele><time>2024-01-25T06:06:05.000Z</time></trkpt>
      <trkpt lat="38.084838" lon="128.449025"><ele>431.0</ele><time>2024-01-25T06:06:12.000Z</time></trkpt>
      <trkpt lat="38.084781" lon="128.448952"><ele>431.0</ele><time>2024-01-25T06:06:24.000Z</time></trkpt>
      <trkpt lat="38.084859" lon="128.448900"><ele>433.0</ele><time>2024-01-25T06:06:37.000Z</time></trkpt>
      <trkpt lat="38.084936" lon="128.448895"><ele>433.0</ele><time>2024-01-25T06:06:45.000Z</time></trkpt>
      <trkpt lat="38.085038" lon="128.448912"><ele>432.0</ele><time>2024-01-25T06:07:06.000Z</time></trkpt>
      <trkpt lat="38.085080" lon="128.448990"><ele>431.0</ele><time>2024-01-25T06:07:39.000Z</time></trkpt>
      <trkpt lat="38.084857" lon="128.448965"><ele>431.0</ele><time>2024-01-25T06:07:47.000Z</time></trkpt>
      <trkpt lat="38.084772" lon="128.448970"><ele>429.0</ele><time>2024-01-25T06:08:27.000Z</time></trkpt>
      <trkpt lat="38.084814" lon="128.449071"><ele>429.0</ele><time>2024-01-25T06:08:36.000Z</time></trkpt>
      <trkpt lat="38.084732" lon="128.449070"><ele>429.0</ele><time>2024-01-25T06:09:41.000Z</time></trkpt>
      <trkpt lat="38.084628" lon="128.449050"><ele>429.0</ele><time>2024-01-25T06:09:50.000Z</time></trkpt>
      <trkpt lat="38.084511" lon="128.449014"><ele>428.0</ele><time>2024-01-25T06:09:58.000Z</time></trkpt>
      <trkpt lat="38.084435" lon="128.448993"><ele>425.0</ele><time>2024-01-25T06:10:06.000Z</time></trkpt>
      <trkpt lat="38.084350" lon="128.448958"><ele>426.0</ele><time>2024-01-25T06:10:14.000Z</time></trkpt>
    </trkseg>
  </trk>
</gpx>