<?xml version="1.0" encoding="UTF-8" ?>
<gpx
  version="1.1"
  creator="Tranggle Track 1.1.0 - http://www.beaglemap.com"
  xmlns:xsi="http://www.w3.org/2001/XMLSchema-instance"
  xmlns="http://www.topografix.com/GPX/1/1"
  xsi:schemaLocation="http://www.topografix.com/GPX/1/1 http://www.topografix.com/GPX/1/1/gpx.xsd">
  <metadata>
    <link href="http://www.beaglemap.com">
      <text>Tranggle 3.3.3</text>
    </link>
    <time>2016-02-21T10:10:56Z</time>
    <bounds minlat="35.522699" minlon="128.971629" maxlat="35.584680" maxlon="129.056072"/>
    <desc><![CDATA[CREATOR: 64B15C3327AC322D, MODEL: LG-F350K, FIRMWARE: 4.4.2, PRODUCT: GOOGLE, CONSTANT: M48, CATEGORY: Hiking, NETWORK: olleh(LTE)]]></desc>
  </metadata>
  <wpt lat="35.548740" lon="129.045016">
    <ele>965.000000</ele>
    <name><![CDATA[GPS 연결됨(1)]]></name>
    <time>2016-02-21T07:17:12Z</time>
    <extensions>
      <description><![CDATA[GPS 상태 안내]]></description>
      <maneuver>GPS status</maneuver>
    </extensions>
  </wpt>

  <trk>
    <trkseg>
    <trkpt lat="35.533402" lon="129.009867">
      <ele>353.000000</ele>
      <time>2016-02-20T06:10:26Z</time>
    </trkpt>
    <trkpt lat="35.533401" lon="129.009939">
      <ele>353.000000</ele>
      <time>2016-02-20T06:10:54Z</time>
      <extensions>
        <dbm>-91</dbm>
      </extensions>
    </trkpt>
    <trkpt lat="35.533397" lon="129.009978">
      <ele>355.000000</ele>
      <time>2016-02-20T06:15:27Z</time>
      <extensions>
        <pause>start</pause>
        <type>auto</type>
        <dbm>-96</dbm>
      </extensions>
    </trkpt>
    <trkpt lat="35.533628" lon="129.009986">
      <ele>338.000000</ele>
      <time>2016-02-20T06:30:28Z</time>
      <extensions>
        <pause>end</pause>
        <type>auto</type>
        <dbm>-96</dbm>
      </extensions>
    </trkpt>
    <trkpt lat="35.533724" lon="129.009990">
      <ele>348.666667</ele>
      <time>2016-02-20T06:30:36Z</time>
      <extensions>
        <dbm>-96</dbm>
      </extensions>
    </trkpt>
    <trkpt lat="35.533820" lon="129.009993">
      <ele>346.000000</ele>
      <time>2016-02-20T06:30:45Z</time>
      <extensions>
        <dbm>-96</dbm>
      </extensions>
    </trkpt>
    <trkpt lat="35.533877" lon="129.009954">
      <ele>344.800000</ele>
      <time>2016-02-20T06:30:53Z</time>
      <extensions>
        <dbm>-96</dbm>
      </extensions>
    </trkpt>
    <trkpt lat="35.533880" lon="129.009880">
      <ele>342.500000</ele>
      <time>2016-02-20T06:31:03Z</time>
      <extensions>
        <dbm>-96</dbm>
      </extensions>
    </trkpt>
    <trkpt lat="35.533837" lon="129.009781">
      <ele>341.600000</ele>
      <time>2016-02-20T06:31:13Z</time>
      <extensions>
        <dbm>-96</dbm>
      </extensions>
    </trkpt>
    <trkpt lat="35.533787" lon="129.009695">
      <ele>341.833333</ele>
      <time>2016-02-20T06:31:24Z</time>
      <extensions>
        <dbm>-96</dbm>
      </extensions>
    </trkpt>
    <trkpt lat="35.533753" lon="129.009609">
      <ele>341.285714</ele>
      <time>2016-02-20T06:31:35Z</time>
      <extensions>
        <dbm>-96</dbm>
      </extensions>
    </trkpt>
    <trkpt lat="35.533737" lon="129.009518">
      <ele>340.666667</ele>
      <time>2016-02-20T06:31:46Z</time>
      <extensions>
        <dbm>-96</dbm>
      </extensions>
    </trkpt>
    <trkpt lat="35.533747" lon="129.009418">
      <ele>342.285714</ele>
      <time>2016-02-20T06:31:57Z</time>
      <extensions>
        <dbm>-96</dbm>
      </extensions>
    </trkpt>
    <trkpt lat="35.533787" lon="129.009333">
      <ele>343.625000</ele>
      <time>2016-02-20T06:32:13Z</time>
      <extensions>
        <dbm>-96</dbm>
      </extensions>
    </trkpt>
    <trkpt lat="35.533856" lon="129.009286">
      <ele>344.888889</ele>
      <time>2016-02-20T06:32:28Z</time>
      <extensions>
        <dbm>-96</dbm>
      </extensions>
    </trkpt>
    <trkpt lat="35.533945" lon="129.009272">
      <ele>345.750000</ele>
      <time>2016-02-20T06:32:38Z</time>
      <extensions>
        <dbm>-96</dbm>
      </extensions>
    </trkpt>
    <trkpt lat="35.534037" lon="129.009275">
      <ele>346.777778</ele>
      <time>2016-02-20T06:32:49Z</time>
      <extensions>
        <dbm>-96</dbm>
      </extensions>
    </trkpt>
    <trkpt lat="35.534118" lon="129.009245">
      <ele>347.800000</ele>
      <time>2016-02-20T06:33:02Z</time>
      <extensions>
        <dbm>-96</dbm>
      </extensions>
    </trkpt>
    <trkpt lat="35.534181" lon="129.009184">
      <ele>348.818182</ele>
      <time>2016-02-20T06:33:12Z</time>
      <extensions>
        <dbm>-96</dbm>
      </extensions>
    </trkpt>
    <trkpt lat="35.534223" lon="129.009083">
      <ele>349.454545</ele>
      <time>2016-02-20T06:33:26Z</time>
      <extensions>
        <dbm>-96</dbm>
      </extensions>
    </trkpt>
    <trkpt lat="35.534257" lon="129.008975">
      <ele>350.000000</ele>
      <time>2016-02-20T06:33:37Z</time>
      <extensions>
        <dbm>-96</dbm>
      </extensions>
    </trkpt>
    <trkpt lat="35.534296" lon="129.008869">
      <ele>351.200000</ele>
      <time>2016-02-20T06:33:52Z</time>
      <extensions>
        <dbm>-96</dbm>
      </extensions>
    </trkpt>
    <trkpt lat="35.534337" lon="129.008775">
      <ele>352.200000</ele>
      <time>2016-02-20T06:34:19Z</time>
      <extensions>
        <dbm>-96</dbm>
      </extensions>
    </trkpt>
    <trkpt lat="35.534386" lon="129.008691">
      <ele>353.454545</ele>
      <time>2016-02-20T06:34:51Z</time>
      <extensions>
        <dbm>-96</dbm>
      </extensions>
    </trkpt>
    <trkpt lat="35.534436" lon="129.008611">
      <ele>356.000000</ele>
      <time>2016-02-20T06:35:57Z</time>
      <extensions>
        <dbm>-96</dbm>
      </extensions>
    </trkpt>
    <trkpt lat="35.534483" lon="129.008523">
      <ele>358.636364</ele>
      <time>2016-02-20T06:36:35Z</time>
      <extensions>
        <dbm>-96</dbm>
      </extensions>
    </trkpt>
    <trkpt lat="35.534507" lon="129.008433">
      <ele>361.000000</ele>
      <time>2016-02-20T06:36:49Z</time>
      <extensions>
        <dbm>-96</dbm>
      </extensions>
    </trkpt>
    <trkpt lat="35.534505" lon="129.008339">
      <ele>363.090909</ele>
      <time>2016-02-20T06:37:09Z</time>
      <extensions>
        <dbm>-96</dbm>
      </extensions>
    </trkpt>
    <trkpt lat="35.534499" lon="129.008236">
      <ele>365.363636</ele>
      <time>2016-02-20T06:37:19Z</time>
      <extensions>
        <dbm>-96</dbm>
      </extensions>
    </trkpt>
    <trkpt lat="35.534500" lon="129.008124">
      <ele>367.909091</ele>
      <time>2016-02-20T06:37:40Z</time>
      <extensions>
        <dbm>-96</dbm>
      </extensions>
    </trkpt>
    <trkpt lat="35.534519" lon="129.008015">
      <ele>370.818182</ele>
      <time>2016-02-20T06:37:54Z</time>
      <extensions>
        <dbm>-96</dbm>
      </extensions>
    </trkpt>
    <trkpt lat="35.534527" lon="129.007910">
      <ele>374.363636</ele>
      <time>2016-02-20T06:38:04Z</time>
      <extensions>
        <dbm>-96</dbm>
      </extensions>
    </trkpt>
    <trkpt lat="35.534532" lon="129.007808">
      <ele>379.600000</ele>
      <time>2016-02-20T06:38:24Z</time>
      <extensions>
        <dbm>-96</dbm>
      </extensions>
    </trkpt>
    <trkpt lat="35.534536" lon="129.007700">
      <ele>383.800000</ele>
      <time>2016-02-20T06:38:41Z</time>
      <extensions>
        <dbm>-96</dbm>
      </extensions>
    </trkpt>
    <trkpt lat="35.534567" lon="129.007597">
      <ele>388.000000</ele>
      <time>2016-02-20T06:39:11Z</time>
      <extensions>
        <dbm>-96</dbm>
      </extensions>
    </trkpt>
    <trkpt lat="35.534626" lon="129.007516">
      <ele>392.100000</ele>
      <time>2016-02-20T06:39:38Z</time>
      <extensions>
        <dbm>-96</dbm>
      </extensions>
    </trkpt>
    <trkpt lat="35.534691" lon="129.007439">
      <ele>396.600000</ele>
      <time>2016-02-20T06:40:37Z</time>
      <extensions>
        <dbm>-96</dbm>
      </extensions>
    </trkpt>
    <trkpt lat="35.534750" lon="129.007368">
      <ele>401.300000</ele>
      <time>2016-02-20T06:40:49Z</time>
      <extensions>
        <dbm>-96</dbm>
      </extensions>
    </trkpt>
    <trkpt lat="35.534792" lon="129.007278">
      <ele>405.800000</ele>
      <time>2016-02-20T06:41:02Z</time>
      <extensions>
        <dbm>-96</dbm>
      </extensions>
    </trkpt>
    <trkpt lat="35.534829" lon="129.007194">
      <ele>409.900000</ele>
      <time>2016-02-20T06:41:23Z</time>
      <extensions>
        <dbm>-96</dbm>
      </extensions>
    </trkpt>
    <trkpt lat="35.534863" lon="129.007110">
      <ele>413.400000</ele>
      <time>2016-02-20T06:41:48Z</time>
      <extensions>
        <dbm>-96</dbm>
      </extensions>
    </trkpt>
    <trkpt lat="35.534887" lon="129.007020">
      <ele>416.600000</ele>
      <time>2016-02-20T06:42:27Z</time>
      <extensions>
        <dbm>-96</dbm>
      </extensions>
    </trkpt>
    <trkpt lat="35.534927" lon="129.006937">
      <ele>419.400000</ele>
      <time>2016-02-20T06:42:39Z</time>
      <extensions>
        <dbm>-96</dbm>
      </extensions>
    </trkpt>
    <trkpt lat="35.534977" lon="129.006864">
      <ele>422.500000</ele>
      <time>2016-02-20T06:43:24Z</time>
      <extensions>
        <dbm>-96</dbm>
      </extensions>
    </trkpt>
    <trkpt lat="35.535056" lon="129.006830">
      <ele>426.200000</ele>
      <time>2016-02-20T06:43:55Z</time>
      <extensions>
        <dbm>-96</dbm>
      </extensions>
    </trkpt>
    <trkpt lat="35.535132" lon="129.006797">
      <ele>430.800000</ele>
      <time>2016-02-20T06:44:43Z</time>
      <extensions>
        <dbm>-96</dbm>
      </extensions>
    </trkpt>
    <trkpt lat="35.535209" lon="129.006774">
      <ele>435.400000</ele>
      <time>2016-02-20T06:45:03Z</time>
      <extensions>
        <dbm>-96</dbm>
      </extensions>
    </trkpt>
    <trkpt lat="35.535276" lon="129.006737">
      <ele>440.200000</ele>
      <time>2016-02-20T06:45:26Z</time>
      <extensions>
        <dbm>-96</dbm>
      </extensions>
    </trkpt>
    <trkpt lat="35.535350" lon="129.006723">
      <ele>444.900000</ele>
      <time>2016-02-20T06:45:55Z</time>
      <extensions>
        <dbm>-96</dbm>
      </extensions>
    </trkpt>
    <trkpt lat="35.535422" lon="129.006669">
      <ele>449.800000</ele>
      <time>2016-02-20T06:46:44Z</time>
      <extensions>
        <dbm>-96</dbm>
      </extensions>
    </trkpt>
    <trkpt lat="35.535481" lon="129.006587">
      <ele>455.400000</ele>
      <time>2016-02-20T06:47:26Z</time>
      <extensions>
        <dbm>-96</dbm>
      </extensions>
    </trkpt>
    <trkpt lat="35.535506" lon="129.006472">
      <ele>460.700000</ele>
      <time>2016-02-20T06:47:46Z</time>
      <extensions>
        <dbm>-96</dbm>
      </extensions>
    </trkpt>
    <trkpt lat="35.535520" lon="129.006366">
      <ele>466.200000</ele>
      <time>2016-02-20T06:48:10Z</time>
      <extensions>
        <dbm>-96</dbm>
      </extensions>
    </trkpt>
    <trkpt lat="35.535536" lon="129.006258">
      <ele>471.800000</ele>
      <time>2016-02-20T06:48:39Z</time>
      <extensions>
        <dbm>-96</dbm>
      </extensions>
    </trkpt>
    <trkpt lat="35.535566" lon="129.006153">
      <ele>477.300000</ele>
      <time>2016-02-20T06:48:59Z</time>
      <extensions>
        <dbm>-96</dbm>
      </extensions>
    </trkpt>
    <trkpt lat="35.535591" lon="129.006057">
      <ele>482.200000</ele>
      <time>2016-02-20T06:49:16Z</time>
      <extensions>
        <dbm>-96</dbm>
      </extensions>
    </trkpt>
    <trkpt lat="35.535629" lon="129.005978">
      <ele>487.000000</ele>
      <time>2016-02-20T06:49:56Z</time>
      <extensions>
        <dbm>-96</dbm>
      </extensions>
    </trkpt>
    <trkpt lat="35.535679" lon="129.005917">
      <ele>492.100000</ele>
      <time>2016-02-20T06:50:21Z</time>
      <extensions>
        <dbm>-96</dbm>
      </extensions>
    </trkpt>
    <trkpt lat="35.535747" lon="129.005870">
      <ele>496.900000</ele>
      <time>2016-02-20T06:50:46Z</time>
      <extensions>
        <dbm>-96</dbm>
      </extensions>
    </trkpt>
    <trkpt lat="35.535801" lon="129.005815">
      <ele>501.400000</ele>
      <time>2016-02-20T06:51:27Z</time>
      <extensions>
        <dbm>-96</dbm>
      </extensions>
    </trkpt>
    <trkpt lat="35.535844" lon="129.005735">
      <ele>501.400000</ele>
      <time>2016-02-20T06:51:54Z</time>
      <extensions>
        <dbm>-96</dbm>
      </extensions>
    </trkpt>
    <trkpt lat="35.535872" lon="129.005642">
      <ele>550.000000</ele>
      <time>2016-02-20T06:55:47Z</time>
      <extensions>
        <pause>start</pause>
        <type>auto</type>
        <dbm>-96</dbm>
      </extensions>
    </trkpt>
    <trkpt lat="35.536019" lon="129.005391">
      <ele>563.000000</ele>
      <time>2016-02-20T06:57:14Z</time>
      <extensions>
        <pause>end</pause>
        <type>auto</type>
        <dbm>-96</dbm>
      </extensions>
    </trkpt>
    <trkpt lat="35.536080" lon="129.005312">
      <ele>523.500000</ele>
      <time>2016-02-20T06:57:25Z</time>
      <extensions>
        <dbm>-96</dbm>
      </extensions>
    </trkpt>
    <trkpt lat="35.536118" lon="129.005228">
      <ele>530.222222</ele>
      <time>2016-02-20T06:57:36Z</time>
      <extensions>
        <dbm>-96</dbm>
      </extensions>
    </trkpt>
    <trkpt lat="35.536159" lon="129.005157">
      <ele>534.111111</ele>
      <time>2016-02-20T06:57:59Z</time>
      <extensions>
        <dbm>-96</dbm>
      </extensions>
    </trkpt>
    <trkpt lat="35.536203" lon="129.005075">
      <ele>538.888889</ele>
      <time>2016-02-20T06:58:31Z</time>
      <extensions>
        <dbm>-96</dbm>
      </extensions>
    </trkpt>
    <trkpt lat="35.536251" lon="129.004994">
      <ele>543.888889</ele>
      <time>2016-02-20T06:58:45Z</time>
      <extensions>
        <dbm>-96</dbm>
      </extensions>
    </trkpt>
    <trkpt lat="35.536278" lon="129.004895">
      <ele>548.444444</ele>
      <time>2016-02-20T06:59:14Z</time>
      <extensions>
        <dbm>-96</dbm>
      </extensions>
    </trkpt>
    <trkpt lat="35.536284" lon="129.004780">
      <ele>552.333333</ele>
      <time>2016-02-20T06:59:33Z</time>
      <extensions>
        <dbm>-96</dbm>
      </extensions>
    </trkpt>
    <trkpt lat="35.536303" lon="129.004677">
      <ele>556.444444</ele>
      <time>2016-02-20T06:59:54Z</time>
      <extensions>
        <dbm>-96</dbm>
      </extensions>
    </trkpt>
    <trkpt lat="35.536339" lon="129.004602">
      <ele>558.000000</ele>
      <time>2016-02-20T07:00:15Z</time>
      <extensions>
        <dbm>-96</dbm>
      </extensions>
    </trkpt>
    <trkpt lat="35.536398" lon="129.004538">
      <ele>561.800000</ele>
      <time>2016-02-20T07:00:45Z</time>
      <extensions>
        <dbm>-96</dbm>
      </extensions>
    </trkpt>
    <trkpt lat="35.536458" lon="129.004477">
      <ele>566.888889</ele>
      <time>2016-02-20T07:01:07Z</time>
      <extensions>
        <dbm>-96</dbm>
      </extensions>
    </trkpt>
    <trkpt lat="35.536506" lon="129.004392">
      <ele>568.200000</ele>
      <time>2016-02-20T07:01:18Z</time>
      <extensions>
        <dbm>-96</dbm>
      </extensions>
    </trkpt>
    <trkpt lat="35.536561" lon="129.004327">
      <ele>571.800000</ele>
      <time>2016-02-20T07:01:31Z</time>
      <extensions>
        <dbm>-96</dbm>
      </extensions>
    </trkpt>
    <trkpt lat="35.536631" lon="129.004272">
      <ele>576.777778</ele>
      <time>2016-02-20T07:02:22Z</time>
      <extensions>
        <dbm>-96</dbm>
      </extensions>
    </trkpt>
    <trkpt lat="35.536699" lon="129.004215">
      <ele>578.700000</ele>
      <time>2016-02-20T07:02:37Z</time>
      <extensions>
        <dbm>-96</dbm>
      </extensions>
    </trkpt>
    <trkpt lat="35.536767" lon="129.004170">
      <ele>582.800000</ele>
      <time>2016-02-20T07:03:07Z</time>
      <extensions>
        <dbm>-96</dbm>
      </extensions>
    </trkpt>
    <trkpt lat="35.536815" lon="129.004104">
      <ele>585.272727</ele>
      <time>2016-02-20T07:03:40Z</time>
      <extensions>
        <dbm>-96</dbm>
      </extensions>
    </trkpt>
    <trkpt lat="35.536874" lon="129.004057">
      <ele>587.200000</ele>
      <time>2016-02-20T07:03:57Z</time>
      <extensions>
        <dbm>-96</dbm>
      </extensions>
    </trkpt>
    <trkpt lat="35.536919" lon="129.003984">
      <ele>591.400000</ele>
      <time>2016-02-20T07:04:48Z</time>
      <extensions>
        <dbm>-96</dbm>
      </extensions>
    </trkpt>
    <trkpt lat="35.536973" lon="129.003919">
      <ele>593.545455</ele>
      <time>2016-02-20T07:05:15Z</time>
      <extensions>
        <dbm>-96</dbm>
      </extensions>
    </trkpt>
    <trkpt lat="35.537030" lon="129.003852">
      <ele>597.909091</ele>
      <time>2016-02-20T07:05:53Z</time>
      <extensions>
        <dbm>-96</dbm>
      </extensions>
    </trkpt>
    <trkpt lat="35.537082" lon="129.003777">
      <ele>601.727273</ele>
      <time>2016-02-20T07:06:20Z</time>
      <extensions>
        <dbm>-96</dbm>
      </extensions>
    </trkpt>
    <trkpt lat="35.537133" lon="129.003714">
      <ele>605.818182</ele>
      <time>2016-02-20T07:06:49Z</time>
      <extensions>
        <dbm>-96</dbm>
      </extensions>
    </trkpt>
    <trkpt lat="35.537179" lon="129.003644">
      <ele>611.090909</ele>
      <time>2016-02-20T07:07:23Z</time>
      <extensions>
        <dbm>-96</dbm>
      </extensions>
    </trkpt>
    <trkpt lat="35.537226" lon="129.003569">
      <ele>616.454545</ele>
      <time>2016-02-20T07:07:43Z</time>
      <extensions>
        <dbm>-96</dbm>
      </extensions>
    </trkpt>
    <trkpt lat="35.537252" lon="129.003483">
      <ele>621.272727</ele>
      <time>2016-02-20T07:08:15Z</time>
      <extensions>
        <dbm>-96</dbm>
      </extensions>
    </trkpt>
    <trkpt lat="35.537289" lon="129.003408">
      <ele>623.916667</ele>
      <time>2016-02-20T07:08:53Z</time>
      <extensions>
        <dbm>-96</dbm>
      </extensions>
    </trkpt>
    <trkpt lat="35.537327" lon="129.003341">
      <ele>629.000000</ele>
      <time>2016-02-20T07:09:17Z</time>
      <extensions>
        <dbm>-96</dbm>
      </extensions>
    </trkpt>
    <trkpt lat="35.537386" lon="129.003274">
      <ele>635.909091</ele>
      <time>2016-02-20T07:09:53Z</time>
      <extensions>
        <dbm>-96</dbm>
      </extensions>
    </trkpt>
    <trkpt lat="35.537439" lon="129.003193">
      <ele>640.909091</ele>
      <time>2016-02-20T07:10:27Z</time>
      <extensions>
        <dbm>-96</dbm>
      </extensions>
    </trkpt>
    <trkpt lat="35.537492" lon="129.003110">
      <ele>645.727273</ele>
      <time>2016-02-20T07:10:45Z</time>
      <extensions>
        <dbm>-96</dbm>
      </extensions>
    </trkpt>
    <trkpt lat="35.537505" lon="129.003028">
      <ele>650.909091</ele>
      <time>2016-02-20T07:11:17Z</time>
      <extensions>
        <dbm>-96</dbm>
      </extensions>
    </trkpt>
    <trkpt lat="35.537511" lon="129.002951">
      <ele>656.272727</ele>
      <time>2016-02-20T07:11:39Z</time>
      <extensions>
        <dbm>-96</dbm>
      </extensions>
    </trkpt>
    <trkpt lat="35.537503" lon="129.002868">
      <ele>658.583333</ele>
      <time>2016-02-20T07:12:10Z</time>
      <extensions>
        <dbm>-96</dbm>
      </extensions>
    </trkpt>
    <trkpt lat="35.537522" lon="129.002777">
      <ele>666.454545</ele>
      <time>2016-02-20T07:12:39Z</time>
      <extensions>
        <dbm>-96</dbm>
      </extensions>
    </trkpt>
    <trkpt lat="35.537526" lon="129.002670">
      <ele>670.545455</ele>
      <time>2016-02-20T07:13:12Z</time>
      <extensions>
        <dbm>-96</dbm>
      </extensions>
    </trkpt>
    <trkpt lat="35.537532" lon="129.002566">
      <ele>674.636364</ele>
      <time>2016-02-20T07:13:31Z</time>
      <extensions>
        <dbm>-96</dbm>
      </extensions>
    </trkpt>
    <trkpt lat="35.537530" lon="129.002457">
      <ele>678.818182</ele>
      <time>2016-02-20T07:13:43Z</time>
      <extensions>
        <dbm>-96</dbm>
      </extensions>
    </trkpt>
    <trkpt lat="35.537521" lon="129.002348">
      <ele>685.400000</ele>
      <time>2016-02-20T07:13:53Z</time>
      <extensions>
        <dbm>-96</dbm>
      </extensions>
    </trkpt>
    <trkpt lat="35.537510" lon="129.002232">
      <ele>690.000000</ele>
      <time>2016-02-20T07:16:02Z</time>
      <extensions>
        <dbm>-96</dbm>
      </extensions>
    </trkpt>
    <trkpt lat="35.537506" lon="129.002120">
      <ele>695.000000</ele>
      <time>2016-02-20T07:16:22Z</time>
      <extensions>
        <dbm>-96</dbm>
      </extensions>
    </trkpt>
    <trkpt lat="35.537510" lon="129.002009">
      <ele>699.300000</ele>
      <time>2016-02-20T07:16:45Z</time>
      <extensions>
        <dbm>-96</dbm>
      </extensions>
    </trkpt>
    <trkpt lat="35.537509" lon="129.001903">
      <ele>703.900000</ele>
      <time>2016-02-20T07:17:08Z</time>
      <extensions>
        <dbm>-96</dbm>
      </extensions>
    </trkpt>
    <trkpt lat="35.537489" lon="129.001797">
      <ele>709.636364</ele>
      <time>2016-02-20T07:17:24Z</time>
      <extensions>
        <dbm>-96</dbm>
      </extensions>
    </trkpt>
    <trkpt lat="35.537473" lon="129.001689">
      <ele>713.090909</ele>
      <time>2016-02-20T07:17:40Z</time>
      <extensions>
        <dbm>-96</dbm>
      </extensions>
    </trkpt>
    <trkpt lat="35.537456" lon="129.001580">
      <ele>716.909091</ele>
      <time>2016-02-20T07:18:01Z</time>
      <extensions>
        <dbm>-96</dbm>
      </extensions>
    </trkpt>
    <trkpt lat="35.537464" lon="129.001463">
      <ele>720.909091</ele>
      <time>2016-02-20T07:18:15Z</time>
      <extensions>
        <dbm>-96</dbm>
      </extensions>
    </trkpt>
    <trkpt lat="35.537469" lon="129.001345">
      <ele>724.636364</ele>
      <time>2016-02-20T07:18:30Z</time>
      <extensions>
        <dbm>-96</dbm>
      </extensions>
    </trkpt>
    <trkpt lat="35.537496" lon="129.001229">
      <ele>727.727273</ele>
      <time>2016-02-20T07:18:39Z</time>
      <extensions>
        <dbm>-96</dbm>
      </extensions>
    </trkpt>
    <trkpt lat="35.537517" lon="129.001124">
      <ele>730.545455</ele>
      <time>2016-02-20T07:18:49Z</time>
      <extensions>
        <dbm>-96</dbm>
      </extensions>
    </trkpt>
    <trkpt lat="35.537535" lon="129.001020">
      <ele>732.818182</ele>
      <time>2016-02-20T07:19:00Z</time>
      <extensions>
        <dbm>-96</dbm>
      </extensions>
    </trkpt>
    <trkpt lat="35.537549" lon="129.000914">
      <ele>735.000000</ele>
      <time>2016-02-20T07:19:13Z</time>
      <extensions>
        <dbm>-96</dbm>
      </extensions>
    </trkpt>
    <trkpt lat="35.537552" lon="129.000802">
      <ele>736.818182</ele>
      <time>2016-02-20T07:19:26Z</time>
      <extensions>
        <dbm>-96</dbm>
      </extensions>
    </trkpt>
    <trkpt lat="35.537565" lon="129.000693">
      <ele>738.636364</ele>
      <time>2016-02-20T07:19:35Z</time>
      <extensions>
        <dbm>-96</dbm>
      </extensions>
    </trkpt>
    <trkpt lat="35.537591" lon="129.000600">
      <ele>740.727273</ele>
      <time>2016-02-20T07:20:04Z</time>
      <extensions>
        <dbm>-96</dbm>
      </extensions>
    </trkpt>
    <trkpt lat="35.537626" lon="129.000512">
      <ele>742.727273</ele>
      <time>2016-02-20T07:20:25Z</time>
      <extensions>
        <dbm>-96</dbm>
      </extensions>
    </trkpt>
    <trkpt lat="35.537670" lon="129.000428">
      <ele>744.545455</ele>
      <time>2016-02-20T07:20:39Z</time>
      <extensions>
        <dbm>-96</dbm>
      </extensions>
    </trkpt>
    <trkpt lat="35.537692" lon="129.000326">
      <ele>745.909091</ele>
      <time>2016-02-20T07:21:07Z</time>
      <extensions>
        <dbm>-96</dbm>
      </extensions>
    </trkpt>
    <trkpt lat="35.537722" lon="129.000226">
      <ele>747.454545</ele>
      <time>2016-02-20T07:21:23Z</time>
      <extensions>
        <dbm>-96</dbm>
      </extensions>
    </trkpt>
    <trkpt lat="35.537736" lon="129.000121">
      <ele>748.100000</ele>
      <time>2016-02-20T07:21:45Z</time>
      <extensions>
        <dbm>-96</dbm>
      </extensions>
    </trkpt>
    <trkpt lat="35.537757" lon="129.000013">
      <ele>749.900000</ele>
      <time>2016-02-20T07:21:55Z</time>
      <extensions>
        <dbm>-96</dbm>
      </extensions>
    </trkpt>
    <trkpt lat="35.537774" lon="128.999900">
      <ele>752.400000</ele>
      <time>2016-02-20T07:22:07Z</time>
      <extensions>
        <dbm>-96</dbm>
      </extensions>
    </trkpt>
    <trkpt lat="35.537798" lon="128.999791">
      <ele>754.800000</ele>
      <time>2016-02-20T07:22:20Z</time>
      <extensions>
        <dbm>-96</dbm>
      </extensions>
    </trkpt>
    <trkpt lat="35.537824" lon="128.999698">
      <ele>757.300000</ele>
      <time>2016-02-20T07:22:38Z</time>
      <extensions>
        <dbm>-96</dbm>
      </extensions>
    </trkpt>
    <trkpt lat="35.537862" lon="128.999613">
      <ele>760.000000</ele>
      <time>2016-02-20T07:22:53Z</time>
      <extensions>
        <dbm>-96</dbm>
      </extensions>
    </trkpt>
    <trkpt lat="35.537908" lon="128.999536">
      <ele>762.400000</ele>
      <time>2016-02-20T07:23:10Z</time>
      <extensions>
        <dbm>-96</dbm>
      </extensions>
    </trkpt>
    <trkpt lat="35.537967" lon="128.999464">
      <ele>764.900000</ele>
      <time>2016-02-20T07:23:44Z</time>
      <extensions>
        <dbm>-96</dbm>
      </extensions>
    </trkpt>
    <trkpt lat="35.538024" lon="128.999397">
      <ele>765.909091</ele>
      <time>2016-02-20T07:24:29Z</time>
      <extensions>
        <dbm>-96</dbm>
      </extensions>
    </trkpt>
    <trkpt lat="35.538080" lon="128.999327">
      <ele>768.454545</ele>
      <time>2016-02-20T07:24:50Z</time>
      <extensions>
        <dbm>-96</dbm>
      </extensions>
    </trkpt>
    <trkpt lat="35.538128" lon="128.999251">
      <ele>771.909091</ele>
      <time>2016-02-20T07:25:05Z</time>
      <extensions>
        <dbm>-96</dbm>
      </extensions>
    </trkpt>
    <trkpt lat="35.538181" lon="128.999209">
      <ele>775.181818</ele>
      <time>2016-02-20T07:25:23Z</time>
      <extensions>
        <dbm>-96</dbm>
      </extensions>
    </trkpt>
    <trkpt lat="35.538245" lon="128.999170">
      <ele>778.454545</ele>
      <time>2016-02-20T07:26:02Z</time>
      <extensions>
        <dbm>-96</dbm>
      </extensions>
    </trkpt>
    <trkpt lat="35.538310" lon="128.999129">
      <ele>781.454545</ele>
      <time>2016-02-20T07:26:27Z</time>
      <extensions>
        <dbm>-96</dbm>
      </extensions>
    </trkpt>
    <trkpt lat="35.538372" lon="128.999049">
      <ele>784.545455</ele>
      <time>2016-02-20T07:26:40Z</time>
      <extensions>
        <dbm>-96</dbm>
      </extensions>
    </trkpt>
    <trkpt lat="35.538414" lon="128.998951">
      <ele>788.000000</ele>
      <time>2016-02-20T07:26:53Z</time>
      <extensions>
        <dbm>-96</dbm>
      </extensions>
    </trkpt>
    <trkpt lat="35.538452" lon="128.998849">
      <ele>791.272727</ele>
      <time>2016-02-20T07:27:14Z</time>
      <extensions>
        <dbm>-96</dbm>
      </extensions>
    </trkpt>
    <trkpt lat="35.538496" lon="128.998752">
      <ele>794.818182</ele>
      <time>2016-02-20T07:27:31Z</time>
      <extensions>
        <dbm>-96</dbm>
      </extensions>
    </trkpt>
    <trkpt lat="35.538539" lon="128.998667">
      <ele>798.363636</ele>
      <time>2016-02-20T07:27:45Z</time>
      <extensions>
        <dbm>-96</dbm>
      </extensions>
    </trkpt>
    <trkpt lat="35.538581" lon="128.998580">
      <ele>801.909091</ele>
      <time>2016-02-20T07:28:17Z</time>
      <extensions>
        <dbm>-96</dbm>
      </extensions>
    </trkpt>
    <trkpt lat="35.538609" lon="128.998483">
      <ele>805.090909</ele>
      <time>2016-02-20T07:28:25Z</time>
      <extensions>
        <dbm>-96</dbm>
      </extensions>
    </trkpt>
    <trkpt lat="35.538637" lon="128.998372">
      <ele>807.454545</ele>
      <time>2016-02-20T07:28:38Z</time>
      <extensions>
        <dbm>-96</dbm>
      </extensions>
    </trkpt>
    <trkpt lat="35.538644" lon="128.998263">
      <ele>809.727273</ele>
      <time>2016-02-20T07:28:48Z</time>
      <extensions>
        <dbm>-96</dbm>
      </extensions>
    </trkpt>
    <trkpt lat="35.538631" lon="128.998153">
      <ele>811.727273</ele>
      <time>2016-02-20T07:29:00Z</time>
      <extensions>
        <dbm>-96</dbm>
      </extensions>
    </trkpt>
    <trkpt lat="35.538604" lon="128.998046">
      <ele>814.181818</ele>
      <time>2016-02-20T07:29:26Z</time>
      <extensions>
        <dbm>-96</dbm>
      </extensions>
    </trkpt>
    <trkpt lat="35.538569" lon="128.997944">
      <ele>817.500000</ele>
      <time>2016-02-20T07:29:40Z</time>
      <extensions>
        <dbm>-96</dbm>
      </extensions>
    </trkpt>
    <trkpt lat="35.538521" lon="128.997850">
      <ele>819.600000</ele>
      <time>2016-02-20T07:29:54Z</time>
      <extensions>
        <dbm>-96</dbm>
      </extensions>
    </trkpt>
    <trkpt lat="35.538469" lon="128.997760">
      <ele>822.000000</ele>
      <time>2016-02-20T07:30:17Z</time>
      <extensions>
        <dbm>-96</dbm>
      </extensions>
    </trkpt>
    <trkpt lat="35.538422" lon="128.997661">
      <ele>824.500000</ele>
      <time>2016-02-20T07:30:29Z</time>
      <extensions>
        <dbm>-96</dbm>
      </extensions>
    </trkpt>
    <trkpt lat="35.538375" lon="128.997565">
      <ele>827.100000</ele>
      <time>2016-02-20T07:30:39Z</time>
      <extensions>
        <dbm>-96</dbm>
      </extensions>
    </trkpt>
    <trkpt lat="35.538340" lon="128.997467">
      <ele>829.900000</ele>
      <time>2016-02-20T07:30:54Z</time>
      <extensions>
        <dbm>-96</dbm>
      </extensions>
    </trkpt>
    <trkpt lat="35.538303" lon="128.997372">
      <ele>834.000000</ele>
      <time>2016-02-20T07:31:10Z</time>
      <extensions>
        <dbm>-96</dbm>
      </extensions>
    </trkpt>
    <trkpt lat="35.538304" lon="128.997331">
      <ele>836.636364</ele>
      <time>2016-02-20T07:34:07Z</time>
      <extensions>
        <dbm>-96</dbm>
      </extensions>
    </trkpt>
    <trkpt lat="35.538339" lon="128.997343">
      <ele>836.636364</ele>
      <time>2016-02-20T07:34:18Z</time>
      <extensions>
        <dbm>-96</dbm>
      </extensions>
    </trkpt>
    <trkpt lat="35.538414" lon="128.997406">
      <ele>839.181818</ele>
      <time>2016-02-20T07:34:31Z</time>
      <extensions>
        <dbm>-96</dbm>
      </extensions>
    </trkpt>
    <trkpt lat="35.538498" lon="128.997458">
      <ele>840.909091</ele>
      <time>2016-02-20T07:34:42Z</time>
      <extensions>
        <dbm>-96</dbm>
      </extensions>
    </trkpt>
    <trkpt lat="35.538583" lon="128.997495">
      <ele>842.909091</ele>
      <time>2016-02-20T07:34:53Z</time>
      <extensions>
        <dbm>-96</dbm>
      </extensions>
    </trkpt>
    <trkpt lat="35.538667" lon="128.997525">
      <ele>845.636364</ele>
      <time>2016-02-20T07:35:04Z</time>
      <extensions>
        <dbm>-96</dbm>
      </extensions>
    </trkpt>
    <trkpt lat="35.538755" lon="128.997547">
      <ele>847.727273</ele>
      <time>2016-02-20T07:35:15Z</time>
      <extensions>
        <dbm>-96</dbm>
      </extensions>
    </trkpt>
    <trkpt lat="35.538843" lon="128.997577">
      <ele>849.545455</ele>
      <time>2016-02-20T07:35:33Z</time>
      <extensions>
        <dbm>-96</dbm>
      </extensions>
    </trkpt>
    <trkpt lat="35.538932" lon="128.997605">
      <ele>851.272727</ele>
      <time>2016-02-20T07:35:43Z</time>
      <extensions>
        <dbm>-96</dbm>
      </extensions>
    </trkpt>
    <trkpt lat="35.539021" lon="128.997637">
      <ele>853.000000</ele>
      <time>2016-02-20T07:35:51Z</time>
      <extensions>
        <dbm>-96</dbm>
      </extensions>
    </trkpt>
    <trkpt lat="35.539113" lon="128.997667">
      <ele>855.400000</ele>
      <time>2016-02-20T07:36:02Z</time>
      <extensions>
        <dbm>-96</dbm>
      </extensions>
    </trkpt>
    <trkpt lat="35.539210" lon="128.997691">
      <ele>857.000000</ele>
      <time>2016-02-20T07:36:11Z</time>
      <extensions>
        <dbm>-96</dbm>
      </extensions>
    </trkpt>
    <trkpt lat="35.539311" lon="128.997699">
      <ele>858.700000</ele>
      <time>2016-02-20T07:36:23Z</time>
      <extensions>
        <dbm>-96</dbm>
      </extensions>
    </trkpt>
    <trkpt lat="35.539412" lon="128.997705">
      <ele>858.818182</ele>
      <time>2016-02-20T07:36:33Z</time>
      <extensions>
        <dbm>-96</dbm>
      </extensions>
    </trkpt>
    <trkpt lat="35.539505" lon="128.997713">
      <ele>861.100000</ele>
      <time>2016-02-20T07:36:42Z</time>
      <extensions>
        <dbm>-96</dbm>
      </extensions>
    </trkpt>
    <trkpt lat="35.539593" lon="128.997716">
      <ele>861.600000</ele>
      <time>2016-02-20T07:36:49Z</time>
      <extensions>
        <dbm>-96</dbm>
      </extensions>
    </trkpt>
    <trkpt lat="35.539667" lon="128.997701">
      <ele>861.909091</ele>
      <time>2016-02-20T07:37:07Z</time>
      <extensions>
        <dbm>-96</dbm>
      </extensions>
    </trkpt>
    <trkpt lat="35.539748" lon="128.997690">
      <ele>862.545455</ele>
      <time>2016-02-20T07:37:20Z</time>
      <extensions>
        <dbm>-96</dbm>
      </extensions>
    </trkpt>
    <trkpt lat="35.539833" lon="128.997685">
      <ele>863.272727</ele>
      <time>2016-02-20T07:37:31Z</time>
      <extensions>
        <dbm>-96</dbm>
      </extensions>
    </trkpt>
    <trkpt lat="35.539926" lon="128.997706">
      <ele>864.300000</ele>
      <time>2016-02-20T07:37:40Z</time>
      <extensions>
        <dbm>-96</dbm>
      </extensions>
    </trkpt>
    <trkpt lat="35.540019" lon="128.997734">
      <ele>865.000000</ele>
      <time>2016-02-20T07:37:53Z</time>
      <extensions>
        <dbm>-96</dbm>
      </extensions>
    </trkpt>
    <trkpt lat="35.540113" lon="128.997779">
      <ele>865.600000</ele>
      <time>2016-02-20T07:38:09Z</time>
      <extensions>
        <dbm>-96</dbm>
      </extensions>
    </trkpt>
    <trkpt lat="35.540207" lon="128.997812">
      <ele>866.500000</ele>
      <time>2016-02-20T07:38:18Z</time>
      <extensions>
        <dbm>-96</dbm>
      </extensions>
    </trkpt>
    <trkpt lat="35.540304" lon="128.997838">
      <ele>867.300000</ele>
      <time>2016-02-20T07:38:26Z</time>
      <extensions>
        <dbm>-96</dbm>
      </extensions>
    </trkpt>
    <trkpt lat="35.540403" lon="128.997854">
      <ele>868.363636</ele>
      <time>2016-02-20T07:38:35Z</time>
      <extensions>
        <dbm>-96</dbm>
      </extensions>
    </trkpt>
    <trkpt lat="35.540504" lon="128.997866">
      <ele>869.000000</ele>
      <time>2016-02-20T07:38:44Z</time>
      <extensions>
        <dbm>-96</dbm>
      </extensions>
    </trkpt>
    <trkpt lat="35.540601" lon="128.997867">
      <ele>869.454545</ele>
      <time>2016-02-20T07:38:52Z</time>
      <extensions>
        <dbm>-96</dbm>
      </extensions>
    </trkpt>
    <trkpt lat="35.540691" lon="128.997871">
      <ele>869.818182</ele>
      <time>2016-02-20T07:39:05Z</time>
      <extensions>
        <dbm>-96</dbm>
      </extensions>
    </trkpt>
    <trkpt lat="35.540779" lon="128.997885">
      <ele>869.800000</ele>
      <time>2016-02-20T07:39:12Z</time>
      <extensions>
        <dbm>-96</dbm>
      </extensions>
    </trkpt>
    <trkpt lat="35.540872" lon="128.997896">
      <ele>870.000000</ele>
      <time>2016-02-20T07:39:20Z</time>
      <extensions>
        <dbm>-96</dbm>
      </extensions>
    </trkpt>
    <trkpt lat="35.540969" lon="128.997890">
      <ele>870.100000</ele>
      <time>2016-02-20T07:39:29Z</time>
      <extensions>
        <dbm>-96</dbm>
      </extensions>
    </trkpt>
    <trkpt lat="35.541065" lon="128.997863">
      <ele>870.100000</ele>
      <time>2016-02-20T07:39:36Z</time>
      <extensions>
        <dbm>-96</dbm>
      </extensions>
    </trkpt>
    <trkpt lat="35.541155" lon="128.997834">
      <ele>870.100000</ele>
      <time>2016-02-20T07:39:44Z</time>
      <extensions>
        <dbm>-96</dbm>
      </extensions>
    </trkpt>
    <trkpt lat="35.541235" lon="128.997792">
      <ele>870.100000</ele>
      <time>2016-02-20T07:39:53Z</time>
      <extensions>
        <dbm>-96</dbm>
      </extensions>
    </trkpt>
    <trkpt lat="35.541315" lon="128.997738">
      <ele>870.181818</ele>
      <time>2016-02-20T07:40:08Z</time>
      <extensions>
        <dbm>-96</dbm>
      </extensions>
    </trkpt>
    <trkpt lat="35.541398" lon="128.997689">
      <ele>870.181818</ele>
      <time>2016-02-20T07:40:19Z</time>
      <extensions>
        <dbm>-96</dbm>
      </extensions>
    </trkpt>
    <trkpt lat="35.541493" lon="128.997658">
      <ele>869.545455</ele>
      <time>2016-02-20T07:40:29Z</time>
      <extensions>
        <dbm>-96</dbm>
      </extensions>
    </trkpt>
    <trkpt lat="35.541586" lon="128.997630">
      <ele>868.909091</ele>
      <time>2016-02-20T07:40:39Z</time>
      <extensions>
        <dbm>-96</dbm>
      </extensions>
    </trkpt>
    <trkpt lat="35.541678" lon="128.997617">
      <ele>867.909091</ele>
      <time>2016-02-20T07:41:00Z</time>
      <extensions>
        <dbm>-96</dbm>
      </extensions>
    </trkpt>
    <trkpt lat="35.541763" lon="128.997604">
      <ele>866.818182</ele>
      <time>2016-02-20T07:41:08Z</time>
      <extensions>
        <dbm>-96</dbm>
      </extensions>
    </trkpt>
    <trkpt lat="35.541853" lon="128.997608">
      <ele>865.636364</ele>
      <time>2016-02-20T07:41:17Z</time>
      <extensions>
        <dbm>-96</dbm>
      </extensions>
    </trkpt>
    <trkpt lat="35.541941" lon="128.997597">
      <ele>864.090909</ele>
      <time>2016-02-20T07:41:26Z</time>
      <extensions>
        <dbm>-96</dbm>
      </extensions>
    </trkpt>
    <trkpt lat="35.542033" lon="128.997582">
      <ele>862.454545</ele>
      <time>2016-02-20T07:41:38Z</time>
      <extensions>
        <dbm>-96</dbm>
      </extensions>
    </trkpt>
    <trkpt lat="35.542127" lon="128.997551">
      <ele>861.000000</ele>
      <time>2016-02-20T07:41:49Z</time>
      <extensions>
        <dbm>-96</dbm>
      </extensions>
    </trkpt>
    <trkpt lat="35.542226" lon="128.997515">
      <ele>859.272727</ele>
      <time>2016-02-20T07:42:00Z</time>
      <extensions>
        <dbm>-96</dbm>
      </extensions>
    </trkpt>
    <trkpt lat="35.542323" lon="128.997466">
      <ele>857.454545</ele>
      <time>2016-02-20T07:42:08Z</time>
      <extensions>
        <dbm>-96</dbm>
      </extensions>
    </trkpt>
    <trkpt lat="35.542408" lon="128.997396">
      <ele>855.545455</ele>
      <time>2016-02-20T07:42:16Z</time>
      <extensions>
        <dbm>-98</dbm>
      </extensions>
    </trkpt>
    <trkpt lat="35.542478" lon="128.997313">
      <ele>853.272727</ele>
      <time>2016-02-20T07:42:24Z</time>
      <extensions>
        <dbm>-97</dbm>
      </extensions>
    </trkpt>
    <trkpt lat="35.542528" lon="128.997214">
      <ele>851.000000</ele>
      <time>2016-02-20T07:42:31Z</time>
      <extensions>
        <dbm>-97</dbm>
      </extensions>
    </trkpt>
    <trkpt lat="35.542573" lon="128.997120">
      <ele>849.090909</ele>
      <time>2016-02-20T07:42:39Z</time>
      <extensions>
        <dbm>-97</dbm>
      </extensions>
    </trkpt>
    <trkpt lat="35.542610" lon="128.997016">
      <ele>847.090909</ele>
      <time>2016-02-20T07:42:48Z</time>
      <extensions>
        <dbm>-97</dbm>
      </extensions>
    </trkpt>
    <trkpt lat="35.542653" lon="128.996915">
      <ele>845.272727</ele>
      <time>2016-02-20T07:42:57Z</time>
      <extensions>
        <dbm>-97</dbm>
      </extensions>
    </trkpt>
    <trkpt lat="35.542695" lon="128.996810">
      <ele>843.545455</ele>
      <time>2016-02-20T07:43:05Z</time>
      <extensions>
        <dbm>-97</dbm>
      </extensions>
    </trkpt>
    <trkpt lat="35.542743" lon="128.996710">
      <ele>841.727273</ele>
      <time>2016-02-20T07:43:13Z</time>
      <extensions>
        <dbm>-97</dbm>
      </extensions>
    </trkpt>
    <trkpt lat="35.542794" lon="128.996612">
      <ele>839.727273</ele>
      <time>2016-02-20T07:43:21Z</time>
      <extensions>
        <dbm>-97</dbm>
      </extensions>
    </trkpt>
    <trkpt lat="35.542847" lon="128.996518">
      <ele>837.909091</ele>
      <time>2016-02-20T07:43:30Z</time>
      <extensions>
        <dbm>-97</dbm>
      </extensions>
    </trkpt>
    <trkpt lat="35.542905" lon="128.996419">
      <ele>836.181818</ele>
      <time>2016-02-20T07:43:40Z</time>
      <extensions>
        <dbm>-97</dbm>
      </extensions>
    </trkpt>
    <trkpt lat="35.542969" lon="128.996326">
      <ele>834.545455</ele>
      <time>2016-02-20T07:43:50Z</time>
      <extensions>
        <dbm>-97</dbm>
      </extensions>
    </trkpt>
    <trkpt lat="35.542990" lon="128.996273">
      <ele>833.363636</ele>
      <time>2016-02-20T07:43:59Z</time>
      <extensions>
        <dbm>-97</dbm>
      </extensions>
    </trkpt>
    <trkpt lat="35.543013" lon="128.996228">
      <ele>832.700000</ele>
      <time>2016-02-20T07:46:01Z</time>
      <extensions>
        <dbm>-83</dbm>
      </extensions>
    </trkpt>
    <trkpt lat="35.543017" lon="128.996202">
      <ele>832.181818</ele>
      <time>2016-02-20T07:46:25Z</time>
      <extensions>
        <dbm>-84</dbm>
      </extensions>
    </trkpt>
    <trkpt lat="35.543047" lon="128.996155">
      <ele>827.000000</ele>
      <time>2016-02-20T07:48:40Z</time>
      <extensions>
        <pause>start</pause>
        <type>auto</type>
        <dbm>-88</dbm>
      </extensions>
    </trkpt>
    <trkpt lat="35.543317" lon="128.996038">
      <ele>830.000000</ele>
      <time>2016-02-20T07:52:49Z</time>
      <extensions>
        <pause>end</pause>
        <type>auto</type>
        <dbm>-77</dbm>
      </extensions>
    </trkpt>
    <trkpt lat="35.543401" lon="128.995984">
      <ele>829.181818</ele>
      <time>2016-02-20T07:53:00Z</time>
      <extensions>
        <dbm>-77</dbm>
      </extensions>
    </trkpt>
    <trkpt lat="35.543486" lon="128.995940">
      <ele>829.181818</ele>
      <time>2016-02-20T07:53:12Z</time>
      <extensions>
        <dbm>-77</dbm>
      </extensions>
    </trkpt>
    <trkpt lat="35.543573" lon="128.995895">
      <ele>829.090909</ele>
      <time>2016-02-20T07:53:23Z</time>
      <extensions>
        <dbm>-77</dbm>
      </extensions>
    </trkpt>
    <trkpt lat="35.543658" lon="128.995850">
      <ele>829.090909</ele>
      <time>2016-02-20T07:53:35Z</time>
      <extensions>
        <dbm>-77</dbm>
      </extensions>
    </trkpt>
    <trkpt lat="35.543740" lon="128.995789">
      <ele>829.090909</ele>
      <time>2016-02-20T07:53:47Z</time>
      <extensions>
        <dbm>-77</dbm>
      </extensions>
    </trkpt>
    <trkpt lat="35.543826" lon="128.995728">
      <ele>829.090909</ele>
      <time>2016-02-20T07:54:04Z</time>
      <extensions>
        <dbm>-77</dbm>
      </extensions>
    </trkpt>
    <trkpt lat="35.543916" lon="128.995686">
      <ele>829.545455</ele>
      <time>2016-02-20T07:54:18Z</time>
      <extensions>
        <dbm>-77</dbm>
      </extensions>
    </trkpt>
    <trkpt lat="35.544008" lon="128.995659">
      <ele>830.454545</ele>
      <time>2016-02-20T07:54:29Z</time>
      <extensions>
        <dbm>-77</dbm>
      </extensions>
    </trkpt>
    <trkpt lat="35.544095" lon="128.995643">
      <ele>831.454545</ele>
      <time>2016-02-20T07:54:39Z</time>
      <extensions>
        <dbm>-77</dbm>
      </extensions>
    </trkpt>
    <trkpt lat="35.544185" lon="128.995620">
      <ele>832.545455</ele>
      <time>2016-02-20T07:54:49Z</time>
      <extensions>
        <dbm>-77</dbm>
      </extensions>
    </trkpt>
    <trkpt lat="35.544277" lon="128.995601">
      <ele>833.909091</ele>
      <time>2016-02-20T07:55:06Z</time>
      <extensions>
        <dbm>-77</dbm>
      </extensions>
    </trkpt>
    <trkpt lat="35.544366" lon="128.995575">
      <ele>835.636364</ele>
      <time>2016-02-20T07:55:18Z</time>
      <extensions>
        <dbm>-77</dbm>
      </extensions>
    </trkpt>
    <trkpt lat="35.544455" lon="128.995553">
      <ele>837.636364</ele>
      <time>2016-02-20T07:55:29Z</time>
      <extensions>
        <dbm>-77</dbm>
      </extensions>
    </trkpt>
    <trkpt lat="35.544547" lon="128.995533">
      <ele>841.777778</ele>
      <time>2016-02-20T07:55:41Z</time>
      <extensions>
        <dbm>-77</dbm>
      </extensions>
    </trkpt>
    <trkpt lat="35.544640" lon="128.995531">
      <ele>844.000000</ele>
      <time>2016-02-20T07:55:52Z</time>
      <extensions>
        <dbm>-77</dbm>
      </extensions>
    </trkpt>
    <trkpt lat="35.544733" lon="128.995551">
      <ele>845.100000</ele>
      <time>2016-02-20T07:56:03Z</time>
      <extensions>
        <dbm>-77</dbm>
      </extensions>
    </trkpt>
    <trkpt lat="35.544821" lon="128.995590">
      <ele>846.090909</ele>
      <time>2016-02-20T07:56:17Z</time>
      <extensions>
        <dbm>-77</dbm>
      </extensions>
    </trkpt>
    <trkpt lat="35.544910" lon="128.995645">
      <ele>848.181818</ele>
      <time>2016-02-20T07:56:29Z</time>
      <extensions>
        <dbm>-77</dbm>
      </extensions>
    </trkpt>
    <trkpt lat="35.544995" lon="128.995702">
      <ele>850.000000</ele>
      <time>2016-02-20T07:56:39Z</time>
      <extensions>
        <dbm>-77</dbm>
      </extensions>
    </trkpt>
    <trkpt lat="35.545079" lon="128.995760">
      <ele>851.636364</ele>
      <time>2016-02-20T07:56:47Z</time>
      <extensions>
        <dbm>-77</dbm>
      </extensions>
    </trkpt>
    <trkpt lat="35.545165" lon="128.995807">
      <ele>853.090909</ele>
      <time>2016-02-20T07:56:56Z</time>
      <extensions>
        <dbm>-77</dbm>
      </extensions>
    </trkpt>
    <trkpt lat="35.545255" lon="128.995829">
      <ele>854.545455</ele>
      <time>2016-02-20T07:57:05Z</time>
      <extensions>
        <dbm>-77</dbm>
      </extensions>
    </trkpt>
    <trkpt lat="35.545346" lon="128.995816">
      <ele>856.000000</ele>
      <time>2016-02-20T07:57:14Z</time>
      <extensions>
        <dbm>-77</dbm>
      </extensions>
    </trkpt>
    <trkpt lat="35.545435" lon="128.995767">
      <ele>857.090909</ele>
      <time>2016-02-20T07:57:23Z</time>
      <extensions>
        <dbm>-77</dbm>
      </extensions>
    </trkpt>
    <trkpt lat="35.545526" lon="128.995712">
      <ele>858.090909</ele>
      <time>2016-02-20T07:57:32Z</time>
      <extensions>
        <dbm>-77</dbm>
      </extensions>
    </trkpt>
    <trkpt lat="35.545610" lon="128.995649">
      <ele>859.000000</ele>
      <time>2016-02-20T07:57:41Z</time>
      <extensions>
        <dbm>-77</dbm>
      </extensions>
    </trkpt>
    <trkpt lat="35.545694" lon="128.995595">
      <ele>859.636364</ele>
      <time>2016-02-20T07:57:48Z</time>
      <extensions>
        <dbm>-77</dbm>
      </extensions>
    </trkpt>
    <trkpt lat="35.545764" lon="128.995522">
      <ele>860.272727</ele>
      <time>2016-02-20T07:57:56Z</time>
      <extensions>
        <dbm>-77</dbm>
      </extensions>
    </trkpt>
    <trkpt lat="35.545823" lon="128.995436">
      <ele>860.909091</ele>
      <time>2016-02-20T07:58:05Z</time>
      <extensions>
        <dbm>-77</dbm>
      </extensions>
    </trkpt>
    <trkpt lat="35.545865" lon="128.995325">
      <ele>861.545455</ele>
      <time>2016-02-20T07:58:13Z</time>
      <extensions>
        <dbm>-77</dbm>
      </extensions>
    </trkpt>
    <trkpt lat="35.545905" lon="128.995217">
      <ele>862.090909</ele>
      <time>2016-02-20T07:58:22Z</time>
      <extensions>
        <dbm>-77</dbm>
      </extensions>
    </trkpt>
    <trkpt lat="35.545939" lon="128.995107">
      <ele>862.727273</ele>
      <time>2016-02-20T07:58:31Z</time>
      <extensions>
        <dbm>-77</dbm>
      </extensions>
    </trkpt>
    <trkpt lat="35.545965" lon="128.994998">
      <ele>863.545455</ele>
      <time>2016-02-20T07:58:41Z</time>
      <extensions>
        <dbm>-77</dbm>
      </extensions>
    </trkpt>
    <trkpt lat="35.545980" lon="128.994880">
      <ele>864.000000</ele>
      <time>2016-02-20T07:58:51Z</time>
      <extensions>
        <dbm>-77</dbm>
      </extensions>
    </trkpt>
    <trkpt lat="35.545996" lon="128.994756">
      <ele>864.454545</ele>
      <time>2016-02-20T07:59:00Z</time>
      <extensions>
        <dbm>-77</dbm>
      </extensions>
    </trkpt>
    <trkpt lat="35.546019" lon="128.994636">
      <ele>865.181818</ele>
      <time>2016-02-20T07:59:11Z</time>
      <extensions>
        <dbm>-77</dbm>
      </extensions>
    </trkpt>
    <trkpt lat="35.546042" lon="128.994515">
      <ele>865.818182</ele>
      <time>2016-02-20T07:59:22Z</time>
      <extensions>
        <dbm>-77</dbm>
      </extensions>
    </trkpt>
    <trkpt lat="35.546057" lon="128.994400">
      <ele>866.545455</ele>
      <time>2016-02-20T07:59:31Z</time>
      <extensions>
        <dbm>-77</dbm>
      </extensions>
    </trkpt>
    <trkpt lat="35.546070" lon="128.994283">
      <ele>867.272727</ele>
      <time>2016-02-20T07:59:39Z</time>
      <extensions>
        <dbm>-77</dbm>
      </extensions>
    </trkpt>
    <trkpt lat="35.546085" lon="128.994166">
      <ele>868.000000</ele>
      <time>2016-02-20T07:59:48Z</time>
      <extensions>
        <dbm>-77</dbm>
      </extensions>
    </trkpt>
    <trkpt lat="35.546117" lon="128.994054">
      <ele>868.818182</ele>
      <time>2016-02-20T07:59:57Z</time>
      <extensions>
        <dbm>-77</dbm>
      </extensions>
    </trkpt>
    <trkpt lat="35.546154" lon="128.993950">
      <ele>869.363636</ele>
      <time>2016-02-20T08:00:11Z</time>
      <extensions>
        <dbm>-77</dbm>
      </extensions>
    </trkpt>
    <trkpt lat="35.546189" lon="128.993853">
      <ele>870.363636</ele>
      <time>2016-02-20T08:00:35Z</time>
      <extensions>
        <dbm>-77</dbm>
      </extensions>
    </trkpt>
    <trkpt lat="35.546221" lon="128.993750">
      <ele>871.272727</ele>
      <time>2016-02-20T08:00:47Z</time>
      <extensions>
        <dbm>-77</dbm>
      </extensions>
    </trkpt>
    <trkpt lat="35.546248" lon="128.993648">
      <ele>872.090909</ele>
      <time>2016-02-20T08:01:05Z</time>
      <extensions>
        <dbm>-77</dbm>
      </extensions>
    </trkpt>
    <trkpt lat="35.546281" lon="128.993545">
      <ele>873.090909</ele>
      <time>2016-02-20T08:01:23Z</time>
      <extensions>
        <dbm>-77</dbm>
      </extensions>
    </trkpt>
    <trkpt lat="35.546314" lon="128.993457">
      <ele>874.090909</ele>
      <time>2016-02-20T08:01:39Z</time>
      <extensions>
        <dbm>-77</dbm>
      </extensions>
    </trkpt>
    <trkpt lat="35.546368" lon="128.993386">
      <ele>875.545455</ele>
      <time>2016-02-20T08:01:57Z</time>
      <extensions>
        <dbm>-77</dbm>
      </extensions>
    </trkpt>
    <trkpt lat="35.546441" lon="128.993336">
      <ele>876.909091</ele>
      <time>2016-02-20T08:02:07Z</time>
      <extensions>
        <dbm>-77</dbm>
      </extensions>
    </trkpt>
    <trkpt lat="35.546529" lon="128.993298">
      <ele>878.636364</ele>
      <time>2016-02-20T08:02:17Z</time>
      <extensions>
        <dbm>-77</dbm>
      </extensions>
    </trkpt>
    <trkpt lat="35.546618" lon="128.993270">
      <ele>879.300000</ele>
      <time>2016-02-20T08:02:26Z</time>
      <extensions>
        <dbm>-77</dbm>
      </extensions>
    </trkpt>
    <trkpt lat="35.546709" lon="128.993228">
      <ele>882.909091</ele>
      <time>2016-02-20T08:02:35Z</time>
      <extensions>
        <dbm>-77</dbm>
      </extensions>
    </trkpt>
    <trkpt lat="35.546792" lon="128.993170">
      <ele>885.181818</ele>
      <time>2016-02-20T08:02:47Z</time>
      <extensions>
        <dbm>-77</dbm>
      </extensions>
    </trkpt>
    <trkpt lat="35.546864" lon="128.993088">
      <ele>885.700000</ele>
      <time>2016-02-20T08:02:53Z</time>
      <extensions>
        <dbm>-77</dbm>
      </extensions>
    </trkpt>
    <trkpt lat="35.546932" lon="128.993017">
      <ele>887.300000</ele>
      <time>2016-02-20T08:03:01Z</time>
      <extensions>
        <dbm>-77</dbm>
      </extensions>
    </trkpt>
    <trkpt lat="35.547009" lon="128.992958">
      <ele>888.800000</ele>
      <time>2016-02-20T08:03:10Z</time>
      <extensions>
        <dbm>-77</dbm>
      </extensions>
    </trkpt>
    <trkpt lat="35.547094" lon="128.992911">
      <ele>890.000000</ele>
      <time>2016-02-20T08:03:22Z</time>
      <extensions>
        <dbm>-77</dbm>
      </extensions>
    </trkpt>
    <trkpt lat="35.547170" lon="128.992847">
      <ele>891.300000</ele>
      <time>2016-02-20T08:03:31Z</time>
      <extensions>
        <dbm>-77</dbm>
      </extensions>
    </trkpt>
    <trkpt lat="35.547231" lon="128.992761">
      <ele>891.800000</ele>
      <time>2016-02-20T08:03:41Z</time>
      <extensions>
        <dbm>-77</dbm>
      </extensions>
    </trkpt>
    <trkpt lat="35.547278" lon="128.992659">
      <ele>892.400000</ele>
      <time>2016-02-20T08:03:53Z</time>
      <extensions>
        <dbm>-77</dbm>
      </extensions>
    </trkpt>
    <trkpt lat="35.547320" lon="128.992556">
      <ele>892.400000</ele>
      <time>2016-02-20T08:04:05Z</time>
      <extensions>
        <dbm>-77</dbm>
      </extensions>
    </trkpt>
    <trkpt lat="35.547350" lon="128.992446">
      <ele>892.400000</ele>
      <time>2016-02-20T08:04:18Z</time>
      <extensions>
        <dbm>-109</dbm>
      </extensions>
    </trkpt>
    <trkpt lat="35.547371" lon="128.992330">
      <ele>892.400000</ele>
      <time>2016-02-20T08:04:29Z</time>
      <extensions>
        <dbm>-111</dbm>
      </extensions>
    </trkpt>
    <trkpt lat="35.547398" lon="128.992215">
      <ele>892.909091</ele>
      <time>2016-02-20T08:04:37Z</time>
      <extensions>
        <dbm>-113</dbm>
      </extensions>
    </trkpt>
    <trkpt lat="35.547444" lon="128.992124">
      <ele>892.818182</ele>
      <time>2016-02-20T08:04:46Z</time>
      <extensions>
        <dbm>-113</dbm>
      </extensions>
    </trkpt>
    <trkpt lat="35.547511" lon="128.992050">
      <ele>892.090909</ele>
      <time>2016-02-20T08:04:54Z</time>
      <extensions>
        <dbm>-111</dbm>
      </extensions>
    </trkpt>
    <trkpt lat="35.547570" lon="128.991972">
      <ele>890.909091</ele>
      <time>2016-02-20T08:05:01Z</time>
      <extensions>
        <dbm>-111</dbm>
      </extensions>
    </trkpt>
    <trkpt lat="35.547609" lon="128.991873">
      <ele>889.636364</ele>
      <time>2016-02-20T08:05:07Z</time>
      <extensions>
        <dbm>-111</dbm>
      </extensions>
    </trkpt>
    <trkpt lat="35.547631" lon="128.991760">
      <ele>888.545455</ele>
      <time>2016-02-20T08:05:15Z</time>
      <extensions>
        <dbm>-111</dbm>
      </extensions>
    </trkpt>
    <trkpt lat="35.547655" lon="128.991642">
      <ele>887.545455</ele>
      <time>2016-02-20T08:05:23Z</time>
      <extensions>
        <dbm>-111</dbm>
      </extensions>
    </trkpt>
    <trkpt lat="35.547694" lon="128.991530">
      <ele>886.545455</ele>
      <time>2016-02-20T08:05:31Z</time>
      <extensions>
        <dbm>-111</dbm>
      </extensions>
    </trkpt>
    <trkpt lat="35.547755" lon="128.991438">
      <ele>886.100000</ele>
      <time>2016-02-20T08:05:41Z</time>
      <extensions>
        <dbm>-111</dbm>
      </extensions>
    </trkpt>
    <trkpt lat="35.547818" lon="128.991350">
      <ele>884.727273</ele>
      <time>2016-02-20T08:05:53Z</time>
      <extensions>
        <dbm>-111</dbm>
      </extensions>
    </trkpt>
    <trkpt lat="35.547885" lon="128.991271">
      <ele>883.727273</ele>
      <time>2016-02-20T08:06:06Z</time>
      <extensions>
        <dbm>-111</dbm>
      </extensions>
    </trkpt>
    <trkpt lat="35.547943" lon="128.991183">
      <ele>883.100000</ele>
      <time>2016-02-20T08:06:17Z</time>
      <extensions>
        <dbm>-111</dbm>
      </extensions>
    </trkpt>
    <trkpt lat="35.547998" lon="128.991095">
      <ele>882.300000</ele>
      <time>2016-02-20T08:06:26Z</time>
      <extensions>
        <dbm>-111</dbm>
      </extensions>
    </trkpt>
    <trkpt lat="35.548058" lon="128.991023">
      <ele>882.000000</ele>
      <time>2016-02-20T08:06:36Z</time>
      <extensions>
        <dbm>-111</dbm>
      </extensions>
    </trkpt>
    <trkpt lat="35.548123" lon="128.990953">
      <ele>882.000000</ele>
      <time>2016-02-20T08:06:49Z</time>
      <extensions>
        <dbm>-111</dbm>
      </extensions>
    </trkpt>
    <trkpt lat="35.548192" lon="128.990886">
      <ele>882.000000</ele>
      <time>2016-02-20T08:06:59Z</time>
      <extensions>
        <dbm>-111</dbm>
      </extensions>
    </trkpt>
    <trkpt lat="35.548250" lon="128.990792">
      <ele>882.000000</ele>
      <time>2016-02-20T08:07:07Z</time>
      <extensions>
        <dbm>-111</dbm>
      </extensions>
    </trkpt>
    <trkpt lat="35.548301" lon="128.990692">
      <ele>881.900000</ele>
      <time>2016-02-20T08:07:15Z</time>
      <extensions>
        <dbm>-111</dbm>
      </extensions>
    </trkpt>
    <trkpt lat="35.548354" lon="128.990595">
      <ele>881.900000</ele>
      <time>2016-02-20T08:07:24Z</time>
      <extensions>
        <dbm>-111</dbm>
      </extensions>
    </trkpt>
    <trkpt lat="35.548407" lon="128.990503">
      <ele>881.900000</ele>
      <time>2016-02-20T08:07:33Z</time>
      <extensions>
        <dbm>-111</dbm>
      </extensions>
    </trkpt>
    <trkpt lat="35.548467" lon="128.990419">
      <ele>882.100000</ele>
      <time>2016-02-20T08:07:42Z</time>
      <extensions>
        <dbm>-111</dbm>
      </extensions>
    </trkpt>
    <trkpt lat="35.548530" lon="128.990334">
      <ele>882.500000</ele>
      <time>2016-02-20T08:07:51Z</time>
      <extensions>
        <dbm>-111</dbm>
      </extensions>
    </trkpt>
    <trkpt lat="35.548600" lon="128.990248">
      <ele>882.818182</ele>
      <time>2016-02-20T08:08:03Z</time>
      <extensions>
        <dbm>-111</dbm>
      </extensions>
    </trkpt>
    <trkpt lat="35.548665" lon="128.990155">
      <ele>883.454545</ele>
      <time>2016-02-20T08:08:13Z</time>
      <extensions>
        <dbm>-111</dbm>
      </extensions>
    </trkpt>
    <trkpt lat="35.548722" lon="128.990061">
      <ele>884.181818</ele>
      <time>2016-02-20T08:08:22Z</time>
      <extensions>
        <dbm>-111</dbm>
      </extensions>
    </trkpt>
    <trkpt lat="35.548770" lon="128.989964">
      <ele>884.909091</ele>
      <time>2016-02-20T08:08:31Z</time>
      <extensions>
        <dbm>-111</dbm>
      </extensions>
    </trkpt>
    <trkpt lat="35.548812" lon="128.989864">
      <ele>885.300000</ele>
      <time>2016-02-20T08:08:42Z</time>
      <extensions>
        <dbm>-111</dbm>
      </extensions>
    </trkpt>
    <trkpt lat="35.548868" lon="128.989784">
      <ele>886.200000</ele>
      <time>2016-02-20T08:09:10Z</time>
      <extensions>
        <dbm>-111</dbm>
      </extensions>
    </trkpt>
    <trkpt lat="35.548939" lon="128.989725">
      <ele>887.100000</ele>
      <time>2016-02-20T08:09:48Z</time>
      <extensions>
        <dbm>-121</dbm>
      </extensions>
    </trkpt>
    <trkpt lat="35.549028" lon="128.989690">
      <ele>888.000000</ele>
      <time>2016-02-20T08:09:58Z</time>
      <extensions>
        <dbm>-121</dbm>
      </extensions>
    </trkpt>
    <trkpt lat="35.549123" lon="128.989654">
      <ele>889.454545</ele>
      <time>2016-02-20T08:10:08Z</time>
      <extensions>
        <dbm>-121</dbm>
      </extensions>
    </trkpt>
    <trkpt lat="35.549218" lon="128.989620">
      <ele>890.363636</ele>
      <time>2016-02-20T08:10:18Z</time>
      <extensions>
        <dbm>-121</dbm>
      </extensions>
    </trkpt>
    <trkpt lat="35.549311" lon="128.989585">
      <ele>891.181818</ele>
      <time>2016-02-20T08:10:27Z</time>
      <extensions>
        <dbm>-121</dbm>
      </extensions>
    </trkpt>
    <trkpt lat="35.549399" lon="128.989551">
      <ele>892.181818</ele>
      <time>2016-02-20T08:10:36Z</time>
      <extensions>
        <dbm>-121</dbm>
      </extensions>
    </trkpt>
    <trkpt lat="35.549484" lon="128.989510">
      <ele>893.454545</ele>
      <time>2016-02-20T08:10:46Z</time>
      <extensions>
        <dbm>-121</dbm>
      </extensions>
    </trkpt>
    <trkpt lat="35.549572" lon="128.989458">
      <ele>894.818182</ele>
      <time>2016-02-20T08:10:55Z</time>
      <extensions>
        <dbm>-121</dbm>
      </extensions>
    </trkpt>
    <trkpt lat="35.549659" lon="128.989410">
      <ele>896.181818</ele>
      <time>2016-02-20T08:11:05Z</time>
      <extensions>
        <dbm>-121</dbm>
      </extensions>
    </trkpt>
    <trkpt lat="35.549752" lon="128.989366">
      <ele>897.545455</ele>
      <time>2016-02-20T08:11:15Z</time>
      <extensions>
        <dbm>-121</dbm>
      </extensions>
    </trkpt>
    <trkpt lat="35.549842" lon="128.989322">
      <ele>898.818182</ele>
      <time>2016-02-20T08:11:25Z</time>
      <extensions>
        <dbm>-121</dbm>
      </extensions>
    </trkpt>
    <trkpt lat="35.549925" lon="128.989256">
      <ele>900.090909</ele>
      <time>2016-02-20T08:11:35Z</time>
      <extensions>
        <dbm>-121</dbm>
      </extensions>
    </trkpt>
    <trkpt lat="35.550000" lon="128.989196">
      <ele>901.545455</ele>
      <time>2016-02-20T08:11:45Z</time>
      <extensions>
        <dbm>-121</dbm>
      </extensions>
    </trkpt>
    <trkpt lat="35.550077" lon="128.989148">
      <ele>902.818182</ele>
      <time>2016-02-20T08:11:53Z</time>
      <extensions>
        <dbm>-121</dbm>
      </extensions>
    </trkpt>
    <trkpt lat="35.550156" lon="128.989115">
      <ele>904.090909</ele>
      <time>2016-02-20T08:12:02Z</time>
      <extensions>
        <dbm>-121</dbm>
      </extensions>
    </trkpt>
    <trkpt lat="35.550231" lon="128.989068">
      <ele>905.000000</ele>
      <time>2016-02-20T08:12:11Z</time>
      <extensions>
        <dbm>-121</dbm>
      </extensions>
    </trkpt>
    <trkpt lat="35.550300" lon="128.989008">
      <ele>906.100000</ele>
      <time>2016-02-20T08:12:20Z</time>
      <extensions>
        <dbm>-121</dbm>
      </extensions>
    </trkpt>
    <trkpt lat="35.550376" lon="128.988942">
      <ele>907.454545</ele>
      <time>2016-02-20T08:12:31Z</time>
      <extensions>
        <dbm>-121</dbm>
      </extensions>
    </trkpt>
    <trkpt lat="35.550462" lon="128.988885">
      <ele>908.636364</ele>
      <time>2016-02-20T08:12:43Z</time>
      <extensions>
        <dbm>-121</dbm>
      </extensions>
    </trkpt>
    <trkpt lat="35.550556" lon="128.988843">
      <ele>909.818182</ele>
      <time>2016-02-20T08:12:54Z</time>
      <extensions>
        <dbm>-121</dbm>
      </extensions>
    </trkpt>
    <trkpt lat="35.550648" lon="128.988802">
      <ele>910.909091</ele>
      <time>2016-02-20T08:13:05Z</time>
      <extensions>
        <dbm>-121</dbm>
      </extensions>
    </trkpt>
    <trkpt lat="35.550739" lon="128.988761">
      <ele>912.000000</ele>
      <time>2016-02-20T08:13:14Z</time>
      <extensions>
        <dbm>-121</dbm>
      </extensions>
    </trkpt>
    <trkpt lat="35.550831" lon="128.988714">
      <ele>913.000000</ele>
      <time>2016-02-20T08:13:24Z</time>
      <extensions>
        <dbm>-121</dbm>
      </extensions>
    </trkpt>
    <trkpt lat="35.550919" lon="128.988670">
      <ele>913.818182</ele>
      <time>2016-02-20T08:13:35Z</time>
      <extensions>
        <dbm>-121</dbm>
      </extensions>
    </trkpt>
    <trkpt lat="35.551006" lon="128.988622">
      <ele>914.727273</ele>
      <time>2016-02-20T08:13:48Z</time>
      <extensions>
        <dbm>-121</dbm>
      </extensions>
    </trkpt>
    <trkpt lat="35.551087" lon="128.988568">
      <ele>915.727273</ele>
      <time>2016-02-20T08:13:59Z</time>
      <extensions>
        <dbm>-121</dbm>
      </extensions>
    </trkpt>
    <trkpt lat="35.551172" lon="128.988513">
      <ele>916.818182</ele>
      <time>2016-02-20T08:14:08Z</time>
      <extensions>
        <dbm>-121</dbm>
      </extensions>
    </trkpt>
    <trkpt lat="35.551253" lon="128.988456">
      <ele>918.000000</ele>
      <time>2016-02-20T08:14:19Z</time>
      <extensions>
        <dbm>-121</dbm>
      </extensions>
    </trkpt>
    <trkpt lat="35.551338" lon="128.988399">
      <ele>919.000000</ele>
      <time>2016-02-20T08:14:30Z</time>
      <extensions>
        <dbm>-121</dbm>
      </extensions>
    </trkpt>
    <trkpt lat="35.551423" lon="128.988349">
      <ele>919.300000</ele>
      <time>2016-02-20T08:14:42Z</time>
      <extensions>
        <dbm>-113</dbm>
      </extensions>
    </trkpt>
    <trkpt lat="35.551512" lon="128.988305">
      <ele>920.454545</ele>
      <time>2016-02-20T08:14:51Z</time>
      <extensions>
        <dbm>-113</dbm>
      </extensions>
    </trkpt>
    <trkpt lat="35.551594" lon="128.988260">
      <ele>921.181818</ele>
      <time>2016-02-20T08:15:00Z</time>
      <extensions>
        <dbm>-113</dbm>
      </extensions>
    </trkpt>
    <trkpt lat="35.551672" lon="128.988205">
      <ele>921.818182</ele>
      <time>2016-02-20T08:15:10Z</time>
      <extensions>
        <dbm>-113</dbm>
      </extensions>
    </trkpt>
    <trkpt lat="35.551754" lon="128.988148">
      <ele>922.363636</ele>
      <time>2016-02-20T08:15:20Z</time>
      <extensions>
        <dbm>-113</dbm>
      </extensions>
    </trkpt>
    <trkpt lat="35.551839" lon="128.988090">
      <ele>923.090909</ele>
      <time>2016-02-20T08:15:29Z</time>
      <extensions>
        <dbm>-113</dbm>
      </extensions>
    </trkpt>
    <trkpt lat="35.551926" lon="128.988032">
      <ele>923.909091</ele>
      <time>2016-02-20T08:15:39Z</time>
      <extensions>
        <dbm>-113</dbm>
      </extensions>
    </trkpt>
    <trkpt lat="35.552012" lon="128.987986">
      <ele>924.545455</ele>
      <time>2016-02-20T08:15:49Z</time>
      <extensions>
        <dbm>-120</dbm>
      </extensions>
    </trkpt>
    <trkpt lat="35.552100" lon="128.987940">
      <ele>925.181818</ele>
      <time>2016-02-20T08:15:58Z</time>
      <extensions>
        <dbm>-113</dbm>
      </extensions>
    </trkpt>
    <trkpt lat="35.552185" lon="128.987892">
      <ele>925.909091</ele>
      <time>2016-02-20T08:16:09Z</time>
      <extensions>
        <dbm>-113</dbm>
      </extensions>
    </trkpt>
    <trkpt lat="35.552268" lon="128.987837">
      <ele>926.545455</ele>
      <time>2016-02-20T08:16:20Z</time>
      <extensions>
        <dbm>-120</dbm>
      </extensions>
    </trkpt>
    <trkpt lat="35.552348" lon="128.987783">
      <ele>927.090909</ele>
      <time>2016-02-20T08:16:32Z</time>
      <extensions>
        <dbm>-113</dbm>
      </extensions>
    </trkpt>
    <trkpt lat="35.552431" lon="128.987737">
      <ele>927.300000</ele>
      <time>2016-02-20T08:16:40Z</time>
      <extensions>
        <dbm>-113</dbm>
      </extensions>
    </trkpt>
    <trkpt lat="35.552515" lon="128.987694">
      <ele>928.090909</ele>
      <time>2016-02-20T08:16:48Z</time>
      <extensions>
        <dbm>-113</dbm>
      </extensions>
    </trkpt>
    <trkpt lat="35.552604" lon="128.987677">
      <ele>928.400000</ele>
      <time>2016-02-20T08:16:58Z</time>
      <extensions>
        <dbm>-113</dbm>
      </extensions>
    </trkpt>
    <trkpt lat="35.552696" lon="128.987681">
      <ele>929.000000</ele>
      <time>2016-02-20T08:17:08Z</time>
      <extensions>
        <dbm>-113</dbm>
      </extensions>
    </trkpt>
    <trkpt lat="35.552793" lon="128.987695">
      <ele>929.727273</ele>
      <time>2016-02-20T08:17:20Z</time>
      <extensions>
        <dbm>-113</dbm>
      </extensions>
    </trkpt>
    <trkpt lat="35.552886" lon="128.987686">
      <ele>930.181818</ele>
      <time>2016-02-20T08:17:31Z</time>
      <extensions>
        <dbm>-113</dbm>
      </extensions>
    </trkpt>
    <trkpt lat="35.552976" lon="128.987647">
      <ele>930.727273</ele>
      <time>2016-02-20T08:17:42Z</time>
      <extensions>
        <dbm>-140</dbm>
      </extensions>
    </trkpt>
    <trkpt lat="35.553017" lon="128.987575">
      <ele>931.000000</ele>
      <time>2016-02-20T08:18:43Z</time>
      <extensions>
        <dbm>-140</dbm>
      </extensions>
    </trkpt>
    <trkpt lat="35.553012" lon="128.987485">
      <ele>931.300000</ele>
      <time>2016-02-20T08:18:53Z</time>
      <extensions>
        <dbm>-140</dbm>
      </extensions>
    </trkpt>
    <trkpt lat="35.552956" lon="128.987387">
      <ele>931.700000</ele>
      <time>2016-02-20T08:19:07Z</time>
      <extensions>
        <dbm>-140</dbm>
      </extensions>
    </trkpt>
    <trkpt lat="35.552898" lon="128.987294">
      <ele>932.100000</ele>
      <time>2016-02-20T08:19:16Z</time>
      <extensions>
        <dbm>-140</dbm>
      </extensions>
    </trkpt>
    <trkpt lat="35.552832" lon="128.987214">
      <ele>932.100000</ele>
      <time>2016-02-20T08:19:24Z</time>
      <extensions>
        <dbm>-140</dbm>
      </extensions>
    </trkpt>
    <trkpt lat="35.552765" lon="128.987135">
      <ele>932.100000</ele>
      <time>2016-02-20T08:19:32Z</time>
      <extensions>
        <dbm>-140</dbm>
      </extensions>
    </trkpt>
    <trkpt lat="35.552699" lon="128.987051">
      <ele>932.100000</ele>
      <time>2016-02-20T08:19:43Z</time>
      <extensions>
        <dbm>-140</dbm>
      </extensions>
    </trkpt>
    <trkpt lat="35.552650" lon="128.986952">
      <ele>932.100000</ele>
      <time>2016-02-20T08:19:52Z</time>
      <extensions>
        <dbm>-140</dbm>
      </extensions>
    </trkpt>
    <trkpt lat="35.552619" lon="128.986842">
      <ele>932.200000</ele>
      <time>2016-02-20T08:20:02Z</time>
      <extensions>
        <dbm>-140</dbm>
      </extensions>
    </trkpt>
    <trkpt lat="35.552603" lon="128.986729">
      <ele>932.200000</ele>
      <time>2016-02-20T08:20:14Z</time>
      <extensions>
        <dbm>-140</dbm>
      </extensions>
    </trkpt>
    <trkpt lat="35.552593" lon="128.986611">
      <ele>932.600000</ele>
      <time>2016-02-20T08:20:21Z</time>
      <extensions>
        <dbm>-140</dbm>
      </extensions>
    </trkpt>
    <trkpt lat="35.552572" lon="128.986500">
      <ele>933.100000</ele>
      <time>2016-02-20T08:20:29Z</time>
      <extensions>
        <dbm>-140</dbm>
      </extensions>
    </trkpt>
    <trkpt lat="35.552535" lon="128.986391">
      <ele>933.600000</ele>
      <time>2016-02-20T08:20:38Z</time>
      <extensions>
        <dbm>-140</dbm>
      </extensions>
    </trkpt>
    <trkpt lat="35.552484" lon="128.986292">
      <ele>934.000000</ele>
      <time>2016-02-20T08:20:49Z</time>
      <extensions>
        <dbm>-140</dbm>
      </extensions>
    </trkpt>
    <trkpt lat="35.552430" lon="128.986191">
      <ele>934.400000</ele>
      <time>2016-02-20T08:20:58Z</time>
      <extensions>
        <dbm>-140</dbm>
      </extensions>
    </trkpt>
    <trkpt lat="35.552373" lon="128.986097">
      <ele>935.100000</ele>
      <time>2016-02-20T08:21:08Z</time>
      <extensions>
        <dbm>-140</dbm>
      </extensions>
    </trkpt>
    <trkpt lat="35.552314" lon="128.986010">
      <ele>935.800000</ele>
      <time>2016-02-20T08:21:18Z</time>
      <extensions>
        <dbm>-140</dbm>
      </extensions>
    </trkpt>
    <trkpt lat="35.552260" lon="128.985925">
      <ele>936.200000</ele>
      <time>2016-02-20T08:21:28Z</time>
      <extensions>
        <dbm>-140</dbm>
      </extensions>
    </trkpt>
    <trkpt lat="35.552225" lon="128.985829">
      <ele>936.500000</ele>
      <time>2016-02-20T08:21:38Z</time>
      <extensions>
        <dbm>-140</dbm>
      </extensions>
    </trkpt>
    <trkpt lat="35.552186" lon="128.985736">
      <ele>936.700000</ele>
      <time>2016-02-20T08:21:50Z</time>
      <extensions>
        <dbm>-140</dbm>
      </extensions>
    </trkpt>
    <trkpt lat="35.552142" lon="128.985646">
      <ele>937.200000</ele>
      <time>2016-02-20T08:22:01Z</time>
      <extensions>
        <dbm>-140</dbm>
      </extensions>
    </trkpt>
    <trkpt lat="35.552098" lon="128.985565">
      <ele>937.800000</ele>
      <time>2016-02-20T08:22:13Z</time>
      <extensions>
        <dbm>-140</dbm>
      </extensions>
    </trkpt>
    <trkpt lat="35.552063" lon="128.985475">
      <ele>938.700000</ele>
      <time>2016-02-20T08:22:22Z</time>
      <extensions>
        <dbm>-140</dbm>
      </extensions>
    </trkpt>
    <trkpt lat="35.552029" lon="128.985383">
      <ele>939.600000</ele>
      <time>2016-02-20T08:22:31Z</time>
      <extensions>
        <dbm>-140</dbm>
      </extensions>
    </trkpt>
    <trkpt lat="35.551989" lon="128.985283">
      <ele>940.800000</ele>
      <time>2016-02-20T08:22:40Z</time>
      <extensions>
        <dbm>-140</dbm>
      </extensions>
    </trkpt>
    <trkpt lat="35.551946" lon="128.985176">
      <ele>941.700000</ele>
      <time>2016-02-20T08:22:50Z</time>
      <extensions>
        <dbm>-140</dbm>
      </extensions>
    </trkpt>
    <trkpt lat="35.551918" lon="128.985066">
      <ele>942.200000</ele>
      <time>2016-02-20T08:23:00Z</time>
      <extensions>
        <dbm>-140</dbm>
      </extensions>
    </trkpt>
    <trkpt lat="35.551863" lon="128.984976">
      <ele>943.000000</ele>
      <time>2016-02-20T08:23:09Z</time>
      <extensions>
        <dbm>-140</dbm>
      </extensions>
    </trkpt>
    <trkpt lat="35.551799" lon="128.984902">
      <ele>943.900000</ele>
      <time>2016-02-20T08:23:18Z</time>
      <extensions>
        <dbm>-140</dbm>
      </extensions>
    </trkpt>
    <trkpt lat="35.551720" lon="128.984837">
      <ele>945.000000</ele>
      <time>2016-02-20T08:23:27Z</time>
      <extensions>
        <dbm>-140</dbm>
      </extensions>
    </trkpt>
    <trkpt lat="35.551647" lon="128.984763">
      <ele>945.900000</ele>
      <time>2016-02-20T08:23:37Z</time>
      <extensions>
        <dbm>-140</dbm>
      </extensions>
    </trkpt>
    <trkpt lat="35.551570" lon="128.984703">
      <ele>946.900000</ele>
      <time>2016-02-20T08:23:46Z</time>
      <extensions>
        <dbm>-140</dbm>
      </extensions>
    </trkpt>
    <trkpt lat="35.551488" lon="128.984661">
      <ele>947.800000</ele>
      <time>2016-02-20T08:23:58Z</time>
      <extensions>
        <dbm>-140</dbm>
      </extensions>
    </trkpt>
    <trkpt lat="35.551405" lon="128.984632">
      <ele>948.700000</ele>
      <time>2016-02-20T08:24:08Z</time>
      <extensions>
        <dbm>-140</dbm>
      </extensions>
    </trkpt>
    <trkpt lat="35.551322" lon="128.984608">
      <ele>949.600000</ele>
      <time>2016-02-20T08:24:20Z</time>
      <extensions>
        <dbm>-140</dbm>
      </extensions>
    </trkpt>
    <trkpt lat="35.551238" lon="128.984569">
      <ele>950.400000</ele>
      <time>2016-02-20T08:24:31Z</time>
      <extensions>
        <dbm>-140</dbm>
      </extensions>
    </trkpt>
    <trkpt lat="35.551163" lon="128.984514">
      <ele>951.200000</ele>
      <time>2016-02-20T08:24:51Z</time>
      <extensions>
        <dbm>-140</dbm>
      </extensions>
    </trkpt>
    <trkpt lat="35.551094" lon="128.984431">
      <ele>951.700000</ele>
      <time>2016-02-20T08:25:03Z</time>
      <extensions>
        <dbm>-140</dbm>
      </extensions>
    </trkpt>
    <trkpt lat="35.551030" lon="128.984346">
      <ele>952.700000</ele>
      <time>2016-02-20T08:25:14Z</time>
      <extensions>
        <dbm>-140</dbm>
      </extensions>
    </trkpt>
    <trkpt lat="35.550963" lon="128.984275">
      <ele>953.900000</ele>
      <time>2016-02-20T08:25:24Z</time>
      <extensions>
        <dbm>-140</dbm>
      </extensions>
    </trkpt>
    <trkpt lat="35.550895" lon="128.984214">
      <ele>955.000000</ele>
      <time>2016-02-20T08:25:33Z</time>
      <extensions>
        <dbm>-140</dbm>
      </extensions>
    </trkpt>
    <trkpt lat="35.550830" lon="128.984152">
      <ele>956.100000</ele>
      <time>2016-02-20T08:25:51Z</time>
      <extensions>
        <dbm>-140</dbm>
      </extensions>
    </trkpt>
    <trkpt lat="35.550761" lon="128.984086">
      <ele>957.300000</ele>
      <time>2016-02-20T08:26:13Z</time>
      <extensions>
        <dbm>-140</dbm>
      </extensions>
    </trkpt>
    <trkpt lat="35.550702" lon="128.984008">
      <ele>958.700000</ele>
      <time>2016-02-20T08:26:29Z</time>
      <extensions>
        <dbm>-140</dbm>
      </extensions>
    </trkpt>
    <trkpt lat="35.550635" lon="128.983938">
      <ele>960.300000</ele>
      <time>2016-02-20T08:26:50Z</time>
      <extensions>
        <dbm>-140</dbm>
      </extensions>
    </trkpt>
    <trkpt lat="35.550573" lon="128.983861">
      <ele>962.500000</ele>
      <time>2016-02-20T08:27:00Z</time>
      <extensions>
        <dbm>-140</dbm>
      </extensions>
    </trkpt>
    <trkpt lat="35.550502" lon="128.983789">
      <ele>964.800000</ele>
      <time>2016-02-20T08:27:16Z</time>
      <extensions>
        <dbm>-140</dbm>
      </extensions>
    </trkpt>
    <trkpt lat="35.550434" lon="128.983721">
      <ele>967.300000</ele>
      <time>2016-02-20T08:27:29Z</time>
      <extensions>
        <dbm>-140</dbm>
      </extensions>
    </trkpt>
    <trkpt lat="35.550363" lon="128.983661">
      <ele>969.200000</ele>
      <time>2016-02-20T08:27:41Z</time>
      <extensions>
        <dbm>-140</dbm>
      </extensions>
    </trkpt>
    <trkpt lat="35.550279" lon="128.983629">
      <ele>971.000000</ele>
      <time>2016-02-20T08:27:50Z</time>
      <extensions>
        <dbm>-140</dbm>
      </extensions>
    </trkpt>
    <trkpt lat="35.550195" lon="128.983610">
      <ele>972.700000</ele>
      <time>2016-02-20T08:28:02Z</time>
      <extensions>
        <dbm>-140</dbm>
      </extensions>
    </trkpt>
    <trkpt lat="35.550108" lon="128.983586">
      <ele>974.700000</ele>
      <time>2016-02-20T08:28:21Z</time>
      <extensions>
        <dbm>-140</dbm>
      </extensions>
    </trkpt>
    <trkpt lat="35.550038" lon="128.983544">
      <ele>976.500000</ele>
      <time>2016-02-20T08:28:49Z</time>
      <extensions>
        <dbm>-140</dbm>
      </extensions>
    </trkpt>
    <trkpt lat="35.549970" lon="128.983484">
      <ele>978.600000</ele>
      <time>2016-02-20T08:29:02Z</time>
      <extensions>
        <dbm>-140</dbm>
      </extensions>
    </trkpt>
    <trkpt lat="35.549894" lon="128.983431">
      <ele>980.500000</ele>
      <time>2016-02-20T08:29:19Z</time>
      <extensions>
        <dbm>-140</dbm>
      </extensions>
    </trkpt>
    <trkpt lat="35.549805" lon="128.983394">
      <ele>981.900000</ele>
      <time>2016-02-20T08:29:38Z</time>
      <extensions>
        <dbm>-140</dbm>
      </extensions>
    </trkpt>
    <trkpt lat="35.549740" lon="128.983377">
      <ele>981.900000</ele>
      <time>2016-02-20T08:32:40Z</time>
      <extensions>
        <dbm>-140</dbm>
      </extensions>
    </trkpt>
    <trkpt lat="35.549709" lon="128.983375">
      <ele>1009.000000</ele>
      <time>2016-02-20T08:34:20Z</time>
      <extensions>
        <pause>start</pause>
        <type>auto</type>
        <dbm>-140</dbm>
      </extensions>
    </trkpt>
    <trkpt lat="35.549540" lon="128.983134">
      <ele>1020.000000</ele>
      <time>2016-02-20T08:40:23Z</time>
      <extensions>
        <pause>end</pause>
        <type>auto</type>
        <dbm>-140</dbm>
      </extensions>
    </trkpt>
    <trkpt lat="35.549480" lon="128.983075">
      <ele>992.727273</ele>
      <time>2016-02-20T08:40:31Z</time>
      <extensions>
        <dbm>-140</dbm>
      </extensions>
    </trkpt>
    <trkpt lat="35.549414" lon="128.983015">
      <ele>995.272727</ele>
      <time>2016-02-20T08:40:45Z</time>
      <extensions>
        <dbm>-140</dbm>
      </extensions>
    </trkpt>
    <trkpt lat="35.549336" lon="128.982956">
      <ele>997.636364</ele>
      <time>2016-02-20T08:41:02Z</time>
      <extensions>
        <dbm>-140</dbm>
      </extensions>
    </trkpt>
    <trkpt lat="35.549253" lon="128.982924">
      <ele>1000.090909</ele>
      <time>2016-02-20T08:41:12Z</time>
      <extensions>
        <dbm>-140</dbm>
      </extensions>
    </trkpt>
    <trkpt lat="35.549162" lon="128.982914">
      <ele>1002.454545</ele>
      <time>2016-02-20T08:41:26Z</time>
      <extensions>
        <dbm>-140</dbm>
      </extensions>
    </trkpt>
    <trkpt lat="35.549074" lon="128.982912">
      <ele>1005.000000</ele>
      <time>2016-02-20T08:41:37Z</time>
      <extensions>
        <dbm>-140</dbm>
      </extensions>
    </trkpt>
    <trkpt lat="35.548995" lon="128.982901">
      <ele>1007.909091</ele>
      <time>2016-02-20T08:41:53Z</time>
      <extensions>
        <dbm>-140</dbm>
      </extensions>
    </trkpt>
    <trkpt lat="35.548925" lon="128.982864">
      <ele>1010.363636</ele>
      <time>2016-02-20T08:42:19Z</time>
      <extensions>
        <dbm>-140</dbm>
      </extensions>
    </trkpt>
    <trkpt lat="35.548849" lon="128.982816">
      <ele>1012.636364</ele>
      <time>2016-02-20T08:42:39Z</time>
      <extensions>
        <dbm>-140</dbm>
      </extensions>
    </trkpt>
    <trkpt lat="35.548769" lon="128.982754">
      <ele>1014.363636</ele>
      <time>2016-02-20T08:43:05Z</time>
      <extensions>
        <dbm>-140</dbm>
      </extensions>
    </trkpt>
    <trkpt lat="35.548686" lon="128.982697">
      <ele>1016.272727</ele>
      <time>2016-02-20T08:43:28Z</time>
      <extensions>
        <dbm>-140</dbm>
      </extensions>
    </trkpt>
    <trkpt lat="35.548605" lon="128.982656">
      <ele>1018.818182</ele>
      <time>2016-02-20T08:43:40Z</time>
      <extensions>
        <dbm>-140</dbm>
      </extensions>
    </trkpt>
    <trkpt lat="35.548524" lon="128.982620">
      <ele>1021.636364</ele>
      <time>2016-02-20T08:44:09Z</time>
      <extensions>
        <dbm>-140</dbm>
      </extensions>
    </trkpt>
    <trkpt lat="35.548443" lon="128.982581">
      <ele>1024.454545</ele>
      <time>2016-02-20T08:44:29Z</time>
      <extensions>
        <dbm>-140</dbm>
      </extensions>
    </trkpt>
    <trkpt lat="35.548371" lon="128.982520">
      <ele>1028.600000</ele>
      <time>2016-02-20T08:44:40Z</time>
      <extensions>
        <dbm>-140</dbm>
      </extensions>
    </trkpt>
    <trkpt lat="35.548312" lon="128.982439">
      <ele>1031.500000</ele>
      <time>2016-02-20T08:45:06Z</time>
      <extensions>
        <dbm>-140</dbm>
      </extensions>
    </trkpt>
    <trkpt lat="35.548254" lon="128.982353">
      <ele>1032.909091</ele>
      <time>2016-02-20T08:45:23Z</time>
      <extensions>
        <dbm>-140</dbm>
      </extensions>
    </trkpt>
    <trkpt lat="35.548205" lon="128.982272">
      <ele>1034.200000</ele>
      <time>2016-02-20T08:45:39Z</time>
      <extensions>
        <dbm>-140</dbm>
      </extensions>
    </trkpt>
    <trkpt lat="35.548143" lon="128.982208">
      <ele>1037.100000</ele>
      <time>2016-02-20T08:45:59Z</time>
      <extensions>
        <dbm>-140</dbm>
      </extensions>
    </trkpt>
    <trkpt lat="35.548075" lon="128.982162">
      <ele>1040.100000</ele>
      <time>2016-02-20T08:46:18Z</time>
      <extensions>
        <dbm>-140</dbm>
      </extensions>
    </trkpt>
    <trkpt lat="35.547995" lon="128.982109">
      <ele>1043.400000</ele>
      <time>2016-02-20T08:46:34Z</time>
      <extensions>
        <dbm>-140</dbm>
      </extensions>
    </trkpt>
    <trkpt lat="35.547915" lon="128.982066">
      <ele>1046.400000</ele>
      <time>2016-02-20T08:46:54Z</time>
      <extensions>
        <dbm>-140</dbm>
      </extensions>
    </trkpt>
    <trkpt lat="35.547835" lon="128.982009">
      <ele>1048.900000</ele>
      <time>2016-02-20T08:47:09Z</time>
      <extensions>
        <dbm>-140</dbm>
      </extensions>
    </trkpt>
    <trkpt lat="35.547759" lon="128.981954">
      <ele>1052.100000</ele>
      <time>2016-02-20T08:47:31Z</time>
      <extensions>
        <dbm>-140</dbm>
      </extensions>
    </trkpt>
    <trkpt lat="35.547688" lon="128.981879">
      <ele>1055.200000</ele>
      <time>2016-02-20T08:47:47Z</time>
      <extensions>
        <dbm>-140</dbm>
      </extensions>
    </trkpt>
    <trkpt lat="35.547620" lon="128.981809">
      <ele>1058.800000</ele>
      <time>2016-02-20T08:48:10Z</time>
      <extensions>
        <dbm>-140</dbm>
      </extensions>
    </trkpt>
    <trkpt lat="35.547545" lon="128.981768">
      <ele>1062.300000</ele>
      <time>2016-02-20T08:48:25Z</time>
      <extensions>
        <dbm>-140</dbm>
      </extensions>
    </trkpt>
    <trkpt lat="35.547475" lon="128.981733">
      <ele>1066.000000</ele>
      <time>2016-02-20T08:48:43Z</time>
      <extensions>
        <dbm>-140</dbm>
      </extensions>
    </trkpt>
    <trkpt lat="35.547407" lon="128.981692">
      <ele>1069.700000</ele>
      <time>2016-02-20T08:49:06Z</time>
      <extensions>
        <dbm>-140</dbm>
      </extensions>
    </trkpt>
    <trkpt lat="35.547331" lon="128.981643">
      <ele>1073.200000</ele>
      <time>2016-02-20T08:49:37Z</time>
      <extensions>
        <dbm>-140</dbm>
      </extensions>
    </trkpt>
    <trkpt lat="35.547243" lon="128.981594">
      <ele>1076.400000</ele>
      <time>2016-02-20T08:49:52Z</time>
      <extensions>
        <dbm>-140</dbm>
      </extensions>
    </trkpt>
    <trkpt lat="35.547151" lon="128.981556">
      <ele>1079.600000</ele>
      <time>2016-02-20T08:50:11Z</time>
      <extensions>
        <dbm>-140</dbm>
      </extensions>
    </trkpt>
    <trkpt lat="35.547069" lon="128.981500">
      <ele>1083.100000</ele>
      <time>2016-02-20T08:50:34Z</time>
      <extensions>
        <dbm>-140</dbm>
      </extensions>
    </trkpt>
    <trkpt lat="35.547000" lon="128.981430">
      <ele>1086.200000</ele>
      <time>2016-02-20T08:51:04Z</time>
      <extensions>
        <dbm>-140</dbm>
      </extensions>
    </trkpt>
    <trkpt lat="35.546943" lon="128.981347">
      <ele>1089.300000</ele>
      <time>2016-02-20T08:51:25Z</time>
      <extensions>
        <dbm>-140</dbm>
      </extensions>
    </trkpt>
    <trkpt lat="35.546881" lon="128.981274">
      <ele>1092.000000</ele>
      <time>2016-02-20T08:51:56Z</time>
      <extensions>
        <dbm>-140</dbm>
      </extensions>
    </trkpt>
    <trkpt lat="35.546811" lon="128.981210">
      <ele>1094.600000</ele>
      <time>2016-02-20T08:52:54Z</time>
      <extensions>
        <dbm>-140</dbm>
      </extensions>
    </trkpt>
    <trkpt lat="35.546727" lon="128.981155">
      <ele>1098.454545</ele>
      <time>2016-02-20T08:53:09Z</time>
      <extensions>
        <dbm>-140</dbm>
      </extensions>
    </trkpt>
    <trkpt lat="35.546653" lon="128.981095">
      <ele>1101.000000</ele>
      <time>2016-02-20T08:53:30Z</time>
      <extensions>
        <dbm>-140</dbm>
      </extensions>
    </trkpt>
    <trkpt lat="35.546576" lon="128.981038">
      <ele>1102.300000</ele>
      <time>2016-02-20T08:53:53Z</time>
      <extensions>
        <dbm>-140</dbm>
      </extensions>
    </trkpt>
    <trkpt lat="35.546514" lon="128.980964">
      <ele>1105.500000</ele>
      <time>2016-02-20T08:54:15Z</time>
      <extensions>
        <dbm>-140</dbm>
      </extensions>
    </trkpt>
    <trkpt lat="35.546447" lon="128.980888">
      <ele>1109.818182</ele>
      <time>2016-02-20T08:54:31Z</time>
      <extensions>
        <dbm>-140</dbm>
      </extensions>
    </trkpt>
    <trkpt lat="35.546377" lon="128.980819">
      <ele>1112.363636</ele>
      <time>2016-02-20T08:54:44Z</time>
      <extensions>
        <dbm>-140</dbm>
      </extensions>
    </trkpt>
    <trkpt lat="35.546294" lon="128.980773">
      <ele>1113.400000</ele>
      <time>2016-02-20T08:54:57Z</time>
      <extensions>
        <dbm>-140</dbm>
      </extensions>
    </trkpt>
    <trkpt lat="35.546214" lon="128.980735">
      <ele>1117.454545</ele>
      <time>2016-02-20T08:56:29Z</time>
      <extensions>
        <dbm>-140</dbm>
      </extensions>
    </trkpt>
    <trkpt lat="35.546133" lon="128.980714">
      <ele>1118.900000</ele>
      <time>2016-02-20T08:57:28Z</time>
      <extensions>
        <dbm>-140</dbm>
      </extensions>
    </trkpt>
    <trkpt lat="35.546052" lon="128.980698">
      <ele>1122.454545</ele>
      <time>2016-02-20T08:58:15Z</time>
      <extensions>
        <dbm>-140</dbm>
      </extensions>
    </trkpt>
    <trkpt lat="35.545960" lon="128.980695">
      <ele>1124.727273</ele>
      <time>2016-02-20T08:59:29Z</time>
      <extensions>
        <dbm>-140</dbm>
      </extensions>
    </trkpt>
    <trkpt lat="35.545867" lon="128.980693">
      <ele>1126.818182</ele>
      <time>2016-02-20T09:00:13Z</time>
      <extensions>
        <dbm>-140</dbm>
      </extensions>
    </trkpt>
    <trkpt lat="35.545775" lon="128.980691">
      <ele>1128.100000</ele>
      <time>2016-02-20T09:00:39Z</time>
      <extensions>
        <dbm>-140</dbm>
      </extensions>
    </trkpt>
    <trkpt lat="35.545686" lon="128.980686">
      <ele>1129.600000</ele>
      <time>2016-02-20T09:00:52Z</time>
      <extensions>
        <dbm>-140</dbm>
      </extensions>
    </trkpt>
    <trkpt lat="35.545601" lon="128.980656">
      <ele>1131.200000</ele>
      <time>2016-02-20T09:01:06Z</time>
      <extensions>
        <dbm>-140</dbm>
      </extensions>
    </trkpt>
    <trkpt lat="35.545517" lon="128.980620">
      <ele>1132.600000</ele>
      <time>2016-02-20T09:01:25Z</time>
      <extensions>
        <dbm>-140</dbm>
      </extensions>
    </trkpt>
    <trkpt lat="35.545446" lon="128.980579">
      <ele>1134.100000</ele>
      <time>2016-02-20T09:02:30Z</time>
      <extensions>
        <dbm>-140</dbm>
      </extensions>
    </trkpt>
    <trkpt lat="35.545382" lon="128.980551">
      <ele>1148.000000</ele>
      <time>2016-02-20T09:06:07Z</time>
      <extensions>
        <pause>start</pause>
        <type>auto</type>
        <dbm>-95</dbm>
      </extensions>
    </trkpt>
    <trkpt lat="35.545629" lon="128.980681">
      <ele>1143.000000</ele>
      <time>2016-02-20T09:09:02Z</time>
      <extensions>
        <pause>end</pause>
        <type>auto</type>
        <dbm>-95</dbm>
      </extensions>
    </trkpt>
    <trkpt lat="35.545725" lon="128.980682">
      <ele>1138.100000</ele>
      <time>2016-02-20T09:09:18Z</time>
      <extensions>
        <dbm>-95</dbm>
      </extensions>
    </trkpt>
    <trkpt lat="35.545814" lon="128.980703">
      <ele>1138.700000</ele>
      <time>2016-02-20T09:09:31Z</time>
      <extensions>
        <dbm>-95</dbm>
      </extensions>
    </trkpt>
    <trkpt lat="35.545893" lon="128.980743">
      <ele>1138.900000</ele>
      <time>2016-02-20T09:09:47Z</time>
      <extensions>
        <dbm>-95</dbm>
      </extensions>
    </trkpt>
    <trkpt lat="35.545971" lon="128.980802">
      <ele>1138.900000</ele>
      <time>2016-02-20T09:10:06Z</time>
      <extensions>
        <dbm>-95</dbm>
      </extensions>
    </trkpt>
    <trkpt lat="35.546054" lon="128.980863">
      <ele>1138.900000</ele>
      <time>2016-02-20T09:10:18Z</time>
      <extensions>
        <dbm>-95</dbm>
      </extensions>
    </trkpt>
    <trkpt lat="35.546142" lon="128.980922">
      <ele>1138.900000</ele>
      <time>2016-02-20T09:10:28Z</time>
      <extensions>
        <dbm>-95</dbm>
      </extensions>
    </trkpt>
    <trkpt lat="35.546231" lon="128.980982">
      <ele>1138.800000</ele>
      <time>2016-02-20T09:10:38Z</time>
      <extensions>
        <dbm>-95</dbm>
      </extensions>
    </trkpt>
    <trkpt lat="35.546321" lon="128.981016">
      <ele>1138.200000</ele>
      <time>2016-02-20T09:10:51Z</time>
      <extensions>
        <dbm>-95</dbm>
      </extensions>
    </trkpt>
    <trkpt lat="35.546413" lon="128.981039">
      <ele>1137.900000</ele>
      <time>2016-02-20T09:11:04Z</time>
      <extensions>
        <dbm>-95</dbm>
      </extensions>
    </trkpt>
    <trkpt lat="35.546484" lon="128.981080">
      <ele>1138.100000</ele>
      <time>2016-02-20T09:11:20Z</time>
      <extensions>
        <dbm>-95</dbm>
      </extensions>
    </trkpt>
    <trkpt lat="35.546537" lon="128.981156">
      <ele>1138.100000</ele>
      <time>2016-02-20T09:11:41Z</time>
      <extensions>
        <dbm>-95</dbm>
      </extensions>
    </trkpt>
    <trkpt lat="35.546593" lon="128.981234">
      <ele>1137.900000</ele>
      <time>2016-02-20T09:11:53Z</time>
      <extensions>
        <dbm>-95</dbm>
      </extensions>
    </trkpt>
    <trkpt lat="35.546668" lon="128.981272">
      <ele>1137.400000</ele>
      <time>2016-02-20T09:12:03Z</time>
      <extensions>
        <dbm>-95</dbm>
      </extensions>
    </trkpt>
    <trkpt lat="35.546760" lon="128.981261">
      <ele>1136.500000</ele>
      <time>2016-02-20T09:12:11Z</time>
      <extensions>
        <dbm>-95</dbm>
      </extensions>
    </trkpt>
    <trkpt lat="35.546845" lon="128.981222">
      <ele>1135.900000</ele>
      <time>2016-02-20T09:12:24Z</time>
      <extensions>
        <dbm>-95</dbm>
      </extensions>
    </trkpt>
    <trkpt lat="35.546934" lon="128.981171">
      <ele>1135.200000</ele>
      <time>2016-02-20T09:12:34Z</time>
      <extensions>
        <dbm>-95</dbm>
      </extensions>
    </trkpt>
    <trkpt lat="35.547020" lon="128.981140">
      <ele>1134.909091</ele>
      <time>2016-02-20T09:12:46Z</time>
      <extensions>
        <dbm>-95</dbm>
      </extensions>
    </trkpt>
    <trkpt lat="35.547106" lon="128.981154">
      <ele>1134.500000</ele>
      <time>2016-02-20T09:12:58Z</time>
      <extensions>
        <dbm>-95</dbm>
      </extensions>
    </trkpt>
    <trkpt lat="35.547187" lon="128.981195">
      <ele>1133.900000</ele>
      <time>2016-02-20T09:13:11Z</time>
      <extensions>
        <dbm>-95</dbm>
      </extensions>
    </trkpt>
    <trkpt lat="35.547275" lon="128.981231">
      <ele>1133.100000</ele>
      <time>2016-02-20T09:13:27Z</time>
      <extensions>
        <dbm>-95</dbm>
      </extensions>
    </trkpt>
    <trkpt lat="35.547369" lon="128.981256">
      <ele>1132.200000</ele>
      <time>2016-02-20T09:13:38Z</time>
      <extensions>
        <dbm>-95</dbm>
      </extensions>
    </trkpt>
    <trkpt lat="35.547466" lon="128.981271">
      <ele>1131.100000</ele>
      <time>2016-02-20T09:13:58Z</time>
      <extensions>
        <dbm>-95</dbm>
      </extensions>
    </trkpt>
    <trkpt lat="35.547552" lon="128.981307">
      <ele>1129.600000</ele>
      <time>2016-02-20T09:14:11Z</time>
      <extensions>
        <dbm>-95</dbm>
      </extensions>
    </trkpt>
    <trkpt lat="35.547635" lon="128.981317">
      <ele>1128.200000</ele>
      <time>2016-02-20T09:14:23Z</time>
      <extensions>
        <dbm>-95</dbm>
      </extensions>
    </trkpt>
    <trkpt lat="35.547713" lon="128.981301">
      <ele>1126.300000</ele>
      <time>2016-02-20T09:14:43Z</time>
      <extensions>
        <dbm>-95</dbm>
      </extensions>
    </trkpt>
    <trkpt lat="35.547783" lon="128.981231">
      <ele>1124.100000</ele>
      <time>2016-02-20T09:14:51Z</time>
      <extensions>
        <dbm>-95</dbm>
      </extensions>
    </trkpt>
    <trkpt lat="35.547846" lon="128.981146">
      <ele>1121.500000</ele>
      <time>2016-02-20T09:14:58Z</time>
      <extensions>
        <dbm>-95</dbm>
      </extensions>
    </trkpt>
    <trkpt lat="35.547911" lon="128.981060">
      <ele>1118.700000</ele>
      <time>2016-02-20T09:15:07Z</time>
      <extensions>
        <dbm>-95</dbm>
      </extensions>
    </trkpt>
    <trkpt lat="35.547974" lon="128.980971">
      <ele>1116.100000</ele>
      <time>2016-02-20T09:15:19Z</time>
      <extensions>
        <dbm>-95</dbm>
      </extensions>
    </trkpt>
    <trkpt lat="35.548021" lon="128.980873">
      <ele>1113.500000</ele>
      <time>2016-02-20T09:15:27Z</time>
      <extensions>
        <dbm>-95</dbm>
      </extensions>
    </trkpt>
    <trkpt lat="35.548051" lon="128.980768">
      <ele>1109.818182</ele>
      <time>2016-02-20T09:15:37Z</time>
      <extensions>
        <dbm>-95</dbm>
      </extensions>
    </trkpt>
    <trkpt lat="35.548079" lon="128.980661">
      <ele>1108.500000</ele>
      <time>2016-02-20T09:15:47Z</time>
      <extensions>
        <dbm>-95</dbm>
      </extensions>
    </trkpt>
    <trkpt lat="35.548112" lon="128.980556">
      <ele>1105.636364</ele>
      <time>2016-02-20T09:15:57Z</time>
      <extensions>
        <dbm>-95</dbm>
      </extensions>
    </trkpt>
    <trkpt lat="35.548147" lon="128.980449">
      <ele>1104.400000</ele>
      <time>2016-02-20T09:16:11Z</time>
      <extensions>
        <dbm>-95</dbm>
      </extensions>
    </trkpt>
    <trkpt lat="35.548181" lon="128.980340">
      <ele>1102.454545</ele>
      <time>2016-02-20T09:16:24Z</time>
      <extensions>
        <dbm>-95</dbm>
      </extensions>
    </trkpt>
    <trkpt lat="35.548231" lon="128.980250">
      <ele>1101.000000</ele>
      <time>2016-02-20T09:17:00Z</time>
      <extensions>
        <dbm>-95</dbm>
      </extensions>
    </trkpt>
    <trkpt lat="35.548301" lon="128.980191">
      <ele>1099.909091</ele>
      <time>2016-02-20T09:17:24Z</time>
      <extensions>
        <dbm>-95</dbm>
      </extensions>
    </trkpt>
    <trkpt lat="35.548387" lon="128.980188">
      <ele>1098.909091</ele>
      <time>2016-02-20T09:17:38Z</time>
      <extensions>
        <dbm>-95</dbm>
      </extensions>
    </trkpt>
    <trkpt lat="35.548465" lon="128.980232">
      <ele>1098.300000</ele>
      <time>2016-02-20T09:18:01Z</time>
      <extensions>
        <dbm>-95</dbm>
      </extensions>
    </trkpt>
    <trkpt lat="35.548542" lon="128.980291">
      <ele>1097.600000</ele>
      <time>2016-02-20T09:18:11Z</time>
      <extensions>
        <dbm>-95</dbm>
      </extensions>
    </trkpt>
    <trkpt lat="35.548612" lon="128.980319">
      <ele>1096.700000</ele>
      <time>2016-02-20T09:18:24Z</time>
      <extensions>
        <dbm>-95</dbm>
      </extensions>
    </trkpt>
    <trkpt lat="35.548688" lon="128.980288">
      <ele>1095.700000</ele>
      <time>2016-02-20T09:18:52Z</time>
      <extensions>
        <dbm>-95</dbm>
      </extensions>
    </trkpt>
    <trkpt lat="35.548759" lon="128.980216">
      <ele>1094.500000</ele>
      <time>2016-02-20T09:19:09Z</time>
      <extensions>
        <dbm>-95</dbm>
      </extensions>
    </trkpt>
    <trkpt lat="35.548822" lon="128.980126">
      <ele>1093.000000</ele>
      <time>2016-02-20T09:19:19Z</time>
      <extensions>
        <dbm>-95</dbm>
      </extensions>
    </trkpt>
    <trkpt lat="35.548866" lon="128.980024">
      <ele>1091.500000</ele>
      <time>2016-02-20T09:19:30Z</time>
      <extensions>
        <dbm>-95</dbm>
      </extensions>
    </trkpt>
    <trkpt lat="35.548906" lon="128.979931">
      <ele>1089.700000</ele>
      <time>2016-02-20T09:19:42Z</time>
      <extensions>
        <dbm>-95</dbm>
      </extensions>
    </trkpt>
    <trkpt lat="35.548963" lon="128.979851">
      <ele>1087.400000</ele>
      <time>2016-02-20T09:20:04Z</time>
      <extensions>
        <dbm>-95</dbm>
      </extensions>
    </trkpt>
    <trkpt lat="35.549029" lon="128.979777">
      <ele>1084.700000</ele>
      <time>2016-02-20T09:20:13Z</time>
      <extensions>
        <dbm>-95</dbm>
      </extensions>
    </trkpt>
    <trkpt lat="35.549095" lon="128.979684">
      <ele>1082.100000</ele>
      <time>2016-02-20T09:20:32Z</time>
      <extensions>
        <dbm>-95</dbm>
      </extensions>
    </trkpt>
    <trkpt lat="35.549147" lon="128.979582">
      <ele>1079.100000</ele>
      <time>2016-02-20T09:20:43Z</time>
      <extensions>
        <dbm>-95</dbm>
      </extensions>
    </trkpt>
    <trkpt lat="35.549204" lon="128.979478">
      <ele>1076.400000</ele>
      <time>2016-02-20T09:20:51Z</time>
      <extensions>
        <dbm>-95</dbm>
      </extensions>
    </trkpt>
    <trkpt lat="35.549262" lon="128.979387">
      <ele>1073.300000</ele>
      <time>2016-02-20T09:21:02Z</time>
      <extensions>
        <dbm>-95</dbm>
      </extensions>
    </trkpt>
    <trkpt lat="35.549319" lon="128.979290">
      <ele>1070.200000</ele>
      <time>2016-02-20T09:21:12Z</time>
      <extensions>
        <dbm>-95</dbm>
      </extensions>
    </trkpt>
    <trkpt lat="35.549368" lon="128.979191">
      <ele>1067.800000</ele>
      <time>2016-02-20T09:21:27Z</time>
      <extensions>
        <dbm>-95</dbm>
      </extensions>
    </trkpt>
    <trkpt lat="35.549419" lon="128.979092">
      <ele>1064.363636</ele>
      <time>2016-02-20T09:21:37Z</time>
      <extensions>
        <dbm>-95</dbm>
      </extensions>
    </trkpt>
    <trkpt lat="35.549476" lon="128.979005">
      <ele>1063.100000</ele>
      <time>2016-02-20T09:21:46Z</time>
      <extensions>
        <dbm>-95</dbm>
      </extensions>
    </trkpt>
    <trkpt lat="35.549548" lon="128.978968">
      <ele>1060.727273</ele>
      <time>2016-02-20T09:22:03Z</time>
      <extensions>
        <dbm>-95</dbm>
      </extensions>
    </trkpt>
    <trkpt lat="35.549631" lon="128.978958">
      <ele>1059.900000</ele>
      <time>2016-02-20T09:22:17Z</time>
      <extensions>
        <dbm>-95</dbm>
      </extensions>
    </trkpt>
    <trkpt lat="35.549726" lon="128.978963">
      <ele>1058.090909</ele>
      <time>2016-02-20T09:22:30Z</time>
      <extensions>
        <dbm>-95</dbm>
      </extensions>
    </trkpt>
    <trkpt lat="35.549823" lon="128.978945">
      <ele>1057.090909</ele>
      <time>2016-02-20T09:22:43Z</time>
      <extensions>
        <dbm>-95</dbm>
      </extensions>
    </trkpt>
    <trkpt lat="35.549915" lon="128.978919">
      <ele>1056.090909</ele>
      <time>2016-02-20T09:22:55Z</time>
      <extensions>
        <dbm>-95</dbm>
      </extensions>
    </trkpt>
    <trkpt lat="35.550006" lon="128.978890">
      <ele>1055.545455</ele>
      <time>2016-02-20T09:23:08Z</time>
      <extensions>
        <dbm>-95</dbm>
      </extensions>
    </trkpt>
    <trkpt lat="35.550090" lon="128.978850">
      <ele>1055.000000</ele>
      <time>2016-02-20T09:23:22Z</time>
      <extensions>
        <dbm>-95</dbm>
      </extensions>
    </trkpt>
    <trkpt lat="35.550176" lon="128.978802">
      <ele>1054.181818</ele>
      <time>2016-02-20T09:23:41Z</time>
      <extensions>
        <dbm>-95</dbm>
      </extensions>
    </trkpt>
    <trkpt lat="35.550258" lon="128.978750">
      <ele>1053.363636</ele>
      <time>2016-02-20T09:23:50Z</time>
      <extensions>
        <dbm>-95</dbm>
      </extensions>
    </trkpt>
    <trkpt lat="35.550340" lon="128.978704">
      <ele>1052.454545</ele>
      <time>2016-02-20T09:24:02Z</time>
      <extensions>
        <dbm>-95</dbm>
      </extensions>
    </trkpt>
    <trkpt lat="35.550427" lon="128.978660">
      <ele>1051.454545</ele>
      <time>2016-02-20T09:24:11Z</time>
      <extensions>
        <dbm>-95</dbm>
      </extensions>
    </trkpt>
    <trkpt lat="35.550513" lon="128.978614">
      <ele>1050.181818</ele>
      <time>2016-02-20T09:24:33Z</time>
      <extensions>
        <dbm>-95</dbm>
      </extensions>
    </trkpt>
    <trkpt lat="35.550604" lon="128.978556">
      <ele>1049.000000</ele>
      <time>2016-02-20T09:24:39Z</time>
      <extensions>
        <dbm>-95</dbm>
      </extensions>
    </trkpt>
    <trkpt lat="35.550682" lon="128.978485">
      <ele>1047.545455</ele>
      <time>2016-02-20T09:24:52Z</time>
      <extensions>
        <dbm>-95</dbm>
      </extensions>
    </trkpt>
    <trkpt lat="35.550765" lon="128.978409">
      <ele>1045.363636</ele>
      <time>2016-02-20T09:25:01Z</time>
      <extensions>
        <dbm>-95</dbm>
      </extensions>
    </trkpt>
    <trkpt lat="35.550841" lon="128.978331">
      <ele>1043.181818</ele>
      <time>2016-02-20T09:25:12Z</time>
      <extensions>
        <dbm>-95</dbm>
      </extensions>
    </trkpt>
    <trkpt lat="35.550912" lon="128.978252">
      <ele>1040.545455</ele>
      <time>2016-02-20T09:25:21Z</time>
      <extensions>
        <dbm>-95</dbm>
      </extensions>
    </trkpt>
    <trkpt lat="35.550970" lon="128.978167">
      <ele>1037.545455</ele>
      <time>2016-02-20T09:25:39Z</time>
      <extensions>
        <dbm>-95</dbm>
      </extensions>
    </trkpt>
    <trkpt lat="35.551031" lon="128.978079">
      <ele>1034.636364</ele>
      <time>2016-02-20T09:25:53Z</time>
      <extensions>
        <dbm>-95</dbm>
      </extensions>
    </trkpt>
    <trkpt lat="35.551095" lon="128.977988">
      <ele>1031.545455</ele>
      <time>2016-02-20T09:26:07Z</time>
      <extensions>
        <dbm>-95</dbm>
      </extensions>
    </trkpt>
    <trkpt lat="35.551162" lon="128.977897">
      <ele>1028.727273</ele>
      <time>2016-02-20T09:26:15Z</time>
      <extensions>
        <dbm>-95</dbm>
      </extensions>
    </trkpt>
    <trkpt lat="35.551222" lon="128.977805">
      <ele>1026.000000</ele>
      <time>2016-02-20T09:26:23Z</time>
      <extensions>
        <dbm>-95</dbm>
      </extensions>
    </trkpt>
    <trkpt lat="35.551281" lon="128.977715">
      <ele>1023.181818</ele>
      <time>2016-02-20T09:26:32Z</time>
      <extensions>
        <dbm>-95</dbm>
      </extensions>
    </trkpt>
    <trkpt lat="35.551345" lon="128.977627">
      <ele>1018.500000</ele>
      <time>2016-02-20T09:26:43Z</time>
      <extensions>
        <dbm>-95</dbm>
      </extensions>
    </trkpt>
    <trkpt lat="35.551397" lon="128.977527">
      <ele>1015.800000</ele>
      <time>2016-02-20T09:26:54Z</time>
      <extensions>
        <dbm>-95</dbm>
      </extensions>
    </trkpt>
    <trkpt lat="35.551417" lon="128.977423">
      <ele>1013.200000</ele>
      <time>2016-02-20T09:27:02Z</time>
      <extensions>
        <dbm>-95</dbm>
      </extensions>
    </trkpt>
    <trkpt lat="35.551395" lon="128.977309">
      <ele>1011.000000</ele>
      <time>2016-02-20T09:27:10Z</time>
      <extensions>
        <dbm>-95</dbm>
      </extensions>
    </trkpt>
    <trkpt lat="35.551374" lon="128.977201">
      <ele>1009.300000</ele>
      <time>2016-02-20T09:27:22Z</time>
      <extensions>
        <dbm>-95</dbm>
      </extensions>
    </trkpt>
    <trkpt lat="35.551372" lon="128.977093">
      <ele>1007.700000</ele>
      <time>2016-02-20T09:27:30Z</time>
      <extensions>
        <dbm>-95</dbm>
      </extensions>
    </trkpt>
    <trkpt lat="35.551405" lon="128.976989">
      <ele>1007.090909</ele>
      <time>2016-02-20T09:27:38Z</time>
      <extensions>
        <dbm>-95</dbm>
      </extensions>
    </trkpt>
    <trkpt lat="35.551440" lon="128.976882">
      <ele>1005.727273</ele>
      <time>2016-02-20T09:27:47Z</time>
      <extensions>
        <dbm>-95</dbm>
      </extensions>
    </trkpt>
    <trkpt lat="35.551477" lon="128.976772">
      <ele>1004.363636</ele>
      <time>2016-02-20T09:29:12Z</time>
      <extensions>
        <dbm>-95</dbm>
      </extensions>
    </trkpt>
    <trkpt lat="35.551500" lon="128.976654">
      <ele>1003.000000</ele>
      <time>2016-02-20T09:29:22Z</time>
      <extensions>
        <dbm>-95</dbm>
      </extensions>
    </trkpt>
    <trkpt lat="35.551522" lon="128.976540">
      <ele>1002.000000</ele>
      <time>2016-02-20T09:29:32Z</time>
      <extensions>
        <dbm>-95</dbm>
      </extensions>
    </trkpt>
    <trkpt lat="35.551549" lon="128.976429">
      <ele>1001.090909</ele>
      <time>2016-02-20T09:29:41Z</time>
      <extensions>
        <dbm>-95</dbm>
      </extensions>
    </trkpt>
    <trkpt lat="35.551595" lon="128.976329">
      <ele>1000.636364</ele>
      <time>2016-02-20T09:29:51Z</time>
      <extensions>
        <dbm>-95</dbm>
      </extensions>
    </trkpt>
    <trkpt lat="35.551644" lon="128.976231">
      <ele>1000.363636</ele>
      <time>2016-02-20T09:30:04Z</time>
      <extensions>
        <dbm>-95</dbm>
      </extensions>
    </trkpt>
    <trkpt lat="35.551696" lon="128.976131">
      <ele>1000.363636</ele>
      <time>2016-02-20T09:30:15Z</time>
      <extensions>
        <dbm>-95</dbm>
      </extensions>
    </trkpt>
    <trkpt lat="35.551744" lon="128.976027">
      <ele>1000.363636</ele>
      <time>2016-02-20T09:30:24Z</time>
      <extensions>
        <dbm>-95</dbm>
      </extensions>
    </trkpt>
    <trkpt lat="35.551780" lon="128.975919">
      <ele>1000.363636</ele>
      <time>2016-02-20T09:30:45Z</time>
      <extensions>
        <dbm>-95</dbm>
      </extensions>
    </trkpt>
    <trkpt lat="35.551806" lon="128.975804">
      <ele>1000.363636</ele>
      <time>2016-02-20T09:30:56Z</time>
      <extensions>
        <dbm>-95</dbm>
      </extensions>
    </trkpt>
    <trkpt lat="35.551828" lon="128.975698">
      <ele>1000.727273</ele>
      <time>2016-02-20T09:31:09Z</time>
      <extensions>
        <dbm>-95</dbm>
      </extensions>
    </trkpt>
    <trkpt lat="35.551860" lon="128.975600">
      <ele>1001.000000</ele>
      <time>2016-02-20T09:31:25Z</time>
      <extensions>
        <dbm>-95</dbm>
      </extensions>
    </trkpt>
    <trkpt lat="35.551912" lon="128.975531">
      <ele>1001.454545</ele>
      <time>2016-02-20T09:31:42Z</time>
      <extensions>
        <dbm>-95</dbm>
      </extensions>
    </trkpt>
    <trkpt lat="35.551971" lon="128.975461">
      <ele>1001.800000</ele>
      <time>2016-02-20T09:32:08Z</time>
      <extensions>
        <dbm>-95</dbm>
      </extensions>
    </trkpt>
    <trkpt lat="35.552040" lon="128.975395">
      <ele>1002.000000</ele>
      <time>2016-02-20T09:32:22Z</time>
      <extensions>
        <dbm>-95</dbm>
      </extensions>
    </trkpt>
    <trkpt lat="35.552111" lon="128.975324">
      <ele>1002.400000</ele>
      <time>2016-02-20T09:32:33Z</time>
      <extensions>
        <dbm>-95</dbm>
      </extensions>
    </trkpt>
    <trkpt lat="35.552197" lon="128.975261">
      <ele>1004.818182</ele>
      <time>2016-02-20T09:33:01Z</time>
      <extensions>
        <dbm>-95</dbm>
      </extensions>
    </trkpt>
    <trkpt lat="35.552286" lon="128.975195">
      <ele>1007.000000</ele>
      <time>2016-02-20T09:33:19Z</time>
      <extensions>
        <dbm>-95</dbm>
      </extensions>
    </trkpt>
    <trkpt lat="35.552363" lon="128.975116">
      <ele>1009.363636</ele>
      <time>2016-02-20T09:33:30Z</time>
      <extensions>
        <dbm>-95</dbm>
      </extensions>
    </trkpt>
    <trkpt lat="35.552420" lon="128.975021">
      <ele>1011.818182</ele>
      <time>2016-02-20T09:33:41Z</time>
      <extensions>
        <dbm>-95</dbm>
      </extensions>
    </trkpt>
    <trkpt lat="35.552457" lon="128.974917">
      <ele>1014.181818</ele>
      <time>2016-02-20T09:33:55Z</time>
      <extensions>
        <dbm>-95</dbm>
      </extensions>
    </trkpt>
    <trkpt lat="35.552487" lon="128.974804">
      <ele>1016.272727</ele>
      <time>2016-02-20T09:34:07Z</time>
      <extensions>
        <dbm>-95</dbm>
      </extensions>
    </trkpt>
    <trkpt lat="35.552525" lon="128.974701">
      <ele>1018.363636</ele>
      <time>2016-02-20T09:34:21Z</time>
      <extensions>
        <dbm>-95</dbm>
      </extensions>
    </trkpt>
    <trkpt lat="35.552583" lon="128.974611">
      <ele>1020.545455</ele>
      <time>2016-02-20T09:34:44Z</time>
      <extensions>
        <dbm>-95</dbm>
      </extensions>
    </trkpt>
    <trkpt lat="35.552653" lon="128.974538">
      <ele>1023.000000</ele>
      <time>2016-02-20T09:35:01Z</time>
      <extensions>
        <dbm>-95</dbm>
      </extensions>
    </trkpt>
    <trkpt lat="35.552725" lon="128.974465">
      <ele>1025.454545</ele>
      <time>2016-02-20T09:35:21Z</time>
      <extensions>
        <dbm>-95</dbm>
      </extensions>
    </trkpt>
    <trkpt lat="35.552793" lon="128.974398">
      <ele>1027.727273</ele>
      <time>2016-02-20T09:35:40Z</time>
      <extensions>
        <dbm>-95</dbm>
      </extensions>
    </trkpt>
    <trkpt lat="35.552863" lon="128.974321">
      <ele>1029.727273</ele>
      <time>2016-02-20T09:36:04Z</time>
      <extensions>
        <dbm>-95</dbm>
      </extensions>
    </trkpt>
    <trkpt lat="35.552926" lon="128.974237">
      <ele>1031.636364</ele>
      <time>2016-02-20T09:36:15Z</time>
      <extensions>
        <dbm>-95</dbm>
      </extensions>
    </trkpt>
    <trkpt lat="35.552982" lon="128.974151">
      <ele>1033.727273</ele>
      <time>2016-02-20T09:36:31Z</time>
      <extensions>
        <dbm>-95</dbm>
      </extensions>
    </trkpt>
    <trkpt lat="35.553033" lon="128.974073">
      <ele>1036.000000</ele>
      <time>2016-02-20T09:36:52Z</time>
      <extensions>
        <dbm>-95</dbm>
      </extensions>
    </trkpt>
    <trkpt lat="35.553105" lon="128.974020">
      <ele>1038.545455</ele>
      <time>2016-02-20T09:37:06Z</time>
      <extensions>
        <dbm>-95</dbm>
      </extensions>
    </trkpt>
    <trkpt lat="35.553190" lon="128.973972">
      <ele>1041.181818</ele>
      <time>2016-02-20T09:37:24Z</time>
      <extensions>
        <dbm>-95</dbm>
      </extensions>
    </trkpt>
    <trkpt lat="35.553282" lon="128.973943">
      <ele>1043.909091</ele>
      <time>2016-02-20T09:37:31Z</time>
      <extensions>
        <dbm>-95</dbm>
      </extensions>
    </trkpt>
    <trkpt lat="35.553372" lon="128.973920">
      <ele>1047.090909</ele>
      <time>2016-02-20T09:37:41Z</time>
      <extensions>
        <dbm>-95</dbm>
      </extensions>
    </trkpt>
    <trkpt lat="35.553461" lon="128.973902">
      <ele>1050.090909</ele>
      <time>2016-02-20T09:37:56Z</time>
      <extensions>
        <dbm>-95</dbm>
      </extensions>
    </trkpt>
    <trkpt lat="35.553549" lon="128.973883">
      <ele>1053.181818</ele>
      <time>2016-02-20T09:38:09Z</time>
      <extensions>
        <dbm>-95</dbm>
      </extensions>
    </trkpt>
    <trkpt lat="35.553625" lon="128.973856">
      <ele>1055.909091</ele>
      <time>2016-02-20T09:38:33Z</time>
      <extensions>
        <dbm>-95</dbm>
      </extensions>
    </trkpt>
    <trkpt lat="35.553696" lon="128.973811">
      <ele>1057.500000</ele>
      <time>2016-02-20T09:38:58Z</time>
      <extensions>
        <dbm>-95</dbm>
      </extensions>
    </trkpt>
    <trkpt lat="35.553764" lon="128.973752">
      <ele>1060.100000</ele>
      <time>2016-02-20T09:39:21Z</time>
      <extensions>
        <dbm>-95</dbm>
      </extensions>
    </trkpt>
    <trkpt lat="35.553844" lon="128.973693">
      <ele>1062.200000</ele>
      <time>2016-02-20T09:39:33Z</time>
      <extensions>
        <dbm>-95</dbm>
      </extensions>
    </trkpt>
    <trkpt lat="35.553934" lon="128.973662">
      <ele>1064.400000</ele>
      <time>2016-02-20T09:39:48Z</time>
      <extensions>
        <dbm>-95</dbm>
      </extensions>
    </trkpt>
    <trkpt lat="35.554025" lon="128.973639">
      <ele>1066.300000</ele>
      <time>2016-02-20T09:39:57Z</time>
      <extensions>
        <dbm>-95</dbm>
      </extensions>
    </trkpt>
    <trkpt lat="35.554114" lon="128.973608">
      <ele>1068.800000</ele>
      <time>2016-02-20T09:40:08Z</time>
      <extensions>
        <dbm>-95</dbm>
      </extensions>
    </trkpt>
    <trkpt lat="35.554204" lon="128.973577">
      <ele>1071.500000</ele>
      <time>2016-02-20T09:40:37Z</time>
      <extensions>
        <dbm>-95</dbm>
      </extensions>
    </trkpt>
    <trkpt lat="35.554296" lon="128.973558">
      <ele>1073.600000</ele>
      <time>2016-02-20T09:40:51Z</time>
      <extensions>
        <dbm>-95</dbm>
      </extensions>
    </trkpt>
    <trkpt lat="35.554393" lon="128.973567">
      <ele>1075.600000</ele>
      <time>2016-02-20T09:41:05Z</time>
      <extensions>
        <dbm>-95</dbm>
      </extensions>
    </trkpt>
    <trkpt lat="35.554493" lon="128.973568">
      <ele>1078.454545</ele>
      <time>2016-02-20T09:41:21Z</time>
      <extensions>
        <dbm>-95</dbm>
      </extensions>
    </trkpt>
    <trkpt lat="35.554591" lon="128.973558">
      <ele>1080.727273</ele>
      <time>2016-02-20T09:42:33Z</time>
      <extensions>
        <dbm>-95</dbm>
      </extensions>
    </trkpt>
    <trkpt lat="35.554682" lon="128.973528">
      <ele>1083.090909</ele>
      <time>2016-02-20T09:43:02Z</time>
      <extensions>
        <dbm>-95</dbm>
      </extensions>
    </trkpt>
    <trkpt lat="35.554763" lon="128.973490">
      <ele>1085.454545</ele>
      <time>2016-02-20T09:43:24Z</time>
      <extensions>
        <dbm>-95</dbm>
      </extensions>
    </trkpt>
    <trkpt lat="35.554841" lon="128.973452">
      <ele>1087.545455</ele>
      <time>2016-02-20T09:43:40Z</time>
      <extensions>
        <dbm>-95</dbm>
      </extensions>
    </trkpt>
    <trkpt lat="35.554927" lon="128.973429">
      <ele>1089.636364</ele>
      <time>2016-02-20T09:43:54Z</time>
      <extensions>
        <dbm>-95</dbm>
      </extensions>
    </trkpt>
    <trkpt lat="35.555016" lon="128.973413">
      <ele>1091.181818</ele>
      <time>2016-02-20T09:44:13Z</time>
      <extensions>
        <dbm>-95</dbm>
      </extensions>
    </trkpt>
    <trkpt lat="35.555105" lon="128.973393">
      <ele>1091.900000</ele>
      <time>2016-02-20T09:44:28Z</time>
      <extensions>
        <dbm>-95</dbm>
      </extensions>
    </trkpt>
    <trkpt lat="35.555189" lon="128.973365">
      <ele>1095.000000</ele>
      <time>2016-02-20T09:44:41Z</time>
      <extensions>
        <dbm>-95</dbm>
      </extensions>
    </trkpt>
    <trkpt lat="35.555273" lon="128.973329">
      <ele>1097.454545</ele>
      <time>2016-02-20T09:44:59Z</time>
      <extensions>
        <dbm>-95</dbm>
      </extensions>
    </trkpt>
    <trkpt lat="35.555355" lon="128.973289">
      <ele>1100.000000</ele>
      <time>2016-02-20T09:45:28Z</time>
      <extensions>
        <dbm>-95</dbm>
      </extensions>
    </trkpt>
    <trkpt lat="35.555435" lon="128.973237">
      <ele>1102.272727</ele>
      <time>2016-02-20T09:45:42Z</time>
      <extensions>
        <dbm>-95</dbm>
      </extensions>
    </trkpt>
    <trkpt lat="35.555510" lon="128.973182">
      <ele>1104.454545</ele>
      <time>2016-02-20T09:46:15Z</time>
      <extensions>
        <dbm>-95</dbm>
      </extensions>
    </trkpt>
    <trkpt lat="35.555582" lon="128.973118">
      <ele>1106.909091</ele>
      <time>2016-02-20T09:46:34Z</time>
      <extensions>
        <dbm>-95</dbm>
      </extensions>
    </trkpt>
    <trkpt lat="35.555652" lon="128.973047">
      <ele>1109.545455</ele>
      <time>2016-02-20T09:47:06Z</time>
      <extensions>
        <dbm>-95</dbm>
      </extensions>
    </trkpt>
    <trkpt lat="35.555710" lon="128.972961">
      <ele>1112.363636</ele>
      <time>2016-02-20T09:47:40Z</time>
      <extensions>
        <dbm>-95</dbm>
      </extensions>
    </trkpt>
    <trkpt lat="35.555761" lon="128.972873">
      <ele>1115.363636</ele>
      <time>2016-02-20T09:48:01Z</time>
      <extensions>
        <dbm>-95</dbm>
      </extensions>
    </trkpt>
    <trkpt lat="35.555802" lon="128.972785">
      <ele>1117.100000</ele>
      <time>2016-02-20T09:48:25Z</time>
      <extensions>
        <dbm>-95</dbm>
      </extensions>
    </trkpt>
    <trkpt lat="35.555843" lon="128.972703">
      <ele>1120.200000</ele>
      <time>2016-02-20T09:48:51Z</time>
      <extensions>
        <dbm>-95</dbm>
      </extensions>
    </trkpt>
    <trkpt lat="35.555897" lon="128.972631">
      <ele>1123.000000</ele>
      <time>2016-02-20T09:49:41Z</time>
      <extensions>
        <dbm>-95</dbm>
      </extensions>
    </trkpt>
    <trkpt lat="35.555962" lon="128.972577">
      <ele>1125.800000</ele>
      <time>2016-02-20T09:49:55Z</time>
      <extensions>
        <dbm>-95</dbm>
      </extensions>
    </trkpt>
    <trkpt lat="35.556045" lon="128.972551">
      <ele>1128.700000</ele>
      <time>2016-02-20T09:50:09Z</time>
      <extensions>
        <dbm>-95</dbm>
      </extensions>
    </trkpt>
    <trkpt lat="35.556112" lon="128.972526">
      <ele>1128.700000</ele>
      <time>2016-02-20T09:50:56Z</time>
      <extensions>
        <dbm>-95</dbm>
      </extensions>
    </trkpt>
    <trkpt lat="35.556167" lon="128.972490">
      <ele>1166.000000</ele>
      <time>2016-02-20T09:54:55Z</time>
      <extensions>
        <pause>start</pause>
        <type>auto</type>
        <dbm>-95</dbm>
      </extensions>
    </trkpt>
    <trkpt lat="35.556425" lon="128.972507">
      <ele>1175.000000</ele>
      <time>2016-02-20T09:59:07Z</time>
      <extensions>
        <pause>end</pause>
        <type>auto</type>
        <dbm>-95</dbm>
      </extensions>
    </trkpt>
    <trkpt lat="35.556515" lon="128.972529">
      <ele>1144.727273</ele>
      <time>2016-02-20T09:59:24Z</time>
      <extensions>
        <dbm>-95</dbm>
      </extensions>
    </trkpt>
    <trkpt lat="35.556602" lon="128.972532">
      <ele>1150.000000</ele>
      <time>2016-02-20T09:59:38Z</time>
      <extensions>
        <dbm>-95</dbm>
      </extensions>
    </trkpt>
    <trkpt lat="35.556688" lon="128.972517">
      <ele>1153.200000</ele>
      <time>2016-02-20T09:59:48Z</time>
      <extensions>
        <dbm>-95</dbm>
      </extensions>
    </trkpt>
    <trkpt lat="35.556777" lon="128.972496">
      <ele>1157.000000</ele>
      <time>2016-02-20T10:00:13Z</time>
      <extensions>
        <dbm>-95</dbm>
      </extensions>
    </trkpt>
    <trkpt lat="35.556865" lon="128.972478">
      <ele>1160.500000</ele>
      <time>2016-02-20T10:00:27Z</time>
      <extensions>
        <dbm>-95</dbm>
      </extensions>
    </trkpt>
    <trkpt lat="35.556953" lon="128.972449">
      <ele>1163.900000</ele>
      <time>2016-02-20T10:00:41Z</time>
      <extensions>
        <dbm>-95</dbm>
      </extensions>
    </trkpt>
    <trkpt lat="35.557036" lon="128.972410">
      <ele>1167.600000</ele>
      <time>2016-02-20T10:01:24Z</time>
      <extensions>
        <dbm>-95</dbm>
      </extensions>
    </trkpt>
    <trkpt lat="35.557121" lon="128.972366">
      <ele>1170.600000</ele>
      <time>2016-02-20T10:01:38Z</time>
      <extensions>
        <dbm>-95</dbm>
      </extensions>
    </trkpt>
    <trkpt lat="35.557207" lon="128.972338">
      <ele>1173.300000</ele>
      <time>2016-02-20T10:01:55Z</time>
      <extensions>
        <dbm>-93</dbm>
      </extensions>
    </trkpt>
    <trkpt lat="35.557296" lon="128.972320">
      <ele>1177.555556</ele>
      <time>2016-02-20T10:02:12Z</time>
      <extensions>
        <dbm>-92</dbm>
      </extensions>
    </trkpt>
    <trkpt lat="35.557389" lon="128.972310">
      <ele>1180.444444</ele>
      <time>2016-02-20T10:02:29Z</time>
      <extensions>
        <dbm>-92</dbm>
      </extensions>
    </trkpt>
    <trkpt lat="35.557483" lon="128.972311">
      <ele>1183.555556</ele>
      <time>2016-02-20T10:02:44Z</time>
      <extensions>
        <dbm>-92</dbm>
      </extensions>
    </trkpt>
    <trkpt lat="35.557578" lon="128.972305">
      <ele>1186.333333</ele>
      <time>2016-02-20T10:03:00Z</time>
      <extensions>
        <dbm>-92</dbm>
      </extensions>
    </trkpt>
    <trkpt lat="35.557668" lon="128.972302">
      <ele>1189.444444</ele>
      <time>2016-02-20T10:03:20Z</time>
      <extensions>
        <dbm>-92</dbm>
      </extensions>
    </trkpt>
    <trkpt lat="35.557755" lon="128.972276">
      <ele>1193.111111</ele>
      <time>2016-02-20T10:03:32Z</time>
      <extensions>
        <dbm>-92</dbm>
      </extensions>
    </trkpt>
    <trkpt lat="35.557840" lon="128.972255">
      <ele>1194.900000</ele>
      <time>2016-02-20T10:03:45Z</time>
      <extensions>
        <dbm>-92</dbm>
      </extensions>
    </trkpt>
    <trkpt lat="35.557911" lon="128.972250">
      <ele>1196.454545</ele>
      <time>2016-02-20T10:06:05Z</time>
      <extensions>
        <dbm>-92</dbm>
      </extensions>
    </trkpt>
    <trkpt lat="35.557967" lon="128.972274">
      <ele>1221.000000</ele>
      <time>2016-02-20T10:08:33Z</time>
      <extensions>
        <pause>start</pause>
        <type>auto</type>
        <dbm>-96</dbm>
      </extensions>
    </trkpt>
    <trkpt lat="35.558217" lon="128.972125">
      <ele>1216.000000</ele>
      <time>2016-02-20T10:17:16Z</time>
      <extensions>
        <pause>end</pause>
        <type>auto</type>
        <dbm>-107</dbm>
      </extensions>
    </trkpt>
    <trkpt lat="35.558300" lon="128.972088">
      <ele>1206.100000</ele>
      <time>2016-02-20T10:17:25Z</time>
      <extensions>
        <dbm>-107</dbm>
      </extensions>
    </trkpt>
    <trkpt lat="35.558388" lon="128.972052">
      <ele>1209.666667</ele>
      <time>2016-02-20T10:17:35Z</time>
      <extensions>
        <dbm>-107</dbm>
      </extensions>
    </trkpt>
    <trkpt lat="35.558486" lon="128.972025">
      <ele>1211.000000</ele>
      <time>2016-02-20T10:17:43Z</time>
      <extensions>
        <dbm>-107</dbm>
      </extensions>
    </trkpt>
    <trkpt lat="35.558585" lon="128.972009">
      <ele>1211.777778</ele>
      <time>2016-02-20T10:17:52Z</time>
      <extensions>
        <dbm>-107</dbm>
      </extensions>
    </trkpt>
    <trkpt lat="35.558682" lon="128.972001">
      <ele>1211.777778</ele>
      <time>2016-02-20T10:17:59Z</time>
      <extensions>
        <dbm>-107</dbm>
      </extensions>
    </trkpt>
    <trkpt lat="35.558772" lon="128.971997">
      <ele>1211.777778</ele>
      <time>2016-02-20T10:18:08Z</time>
      <extensions>
        <dbm>-107</dbm>
      </extensions>
    </trkpt>
    <trkpt lat="35.558865" lon="128.971986">
      <ele>1211.777778</ele>
      <time>2016-02-20T10:18:16Z</time>
      <extensions>
        <dbm>-107</dbm>
      </extensions>
    </trkpt>
    <trkpt lat="35.558950" lon="128.971963">
      <ele>1211.777778</ele>
      <time>2016-02-20T10:18:26Z</time>
      <extensions>
        <dbm>-107</dbm>
      </extensions>
    </trkpt>
    <trkpt lat="35.559032" lon="128.971919">
      <ele>1211.777778</ele>
      <time>2016-02-20T10:18:36Z</time>
      <extensions>
        <dbm>-107</dbm>
      </extensions>
    </trkpt>
    <trkpt lat="35.559111" lon="128.971866">
      <ele>1211.444444</ele>
      <time>2016-02-20T10:18:44Z</time>
      <extensions>
        <dbm>-107</dbm>
      </extensions>
    </trkpt>
    <trkpt lat="35.559195" lon="128.971817">
      <ele>1210.666667</ele>
      <time>2016-02-20T10:18:52Z</time>
      <extensions>
        <dbm>-107</dbm>
      </extensions>
    </trkpt>
    <trkpt lat="35.559284" lon="128.971782">
      <ele>1209.555556</ele>
      <time>2016-02-20T10:18:59Z</time>
      <extensions>
        <dbm>-107</dbm>
      </extensions>
    </trkpt>
    <trkpt lat="35.559379" lon="128.971764">
      <ele>1207.666667</ele>
      <time>2016-02-20T10:19:07Z</time>
      <extensions>
        <dbm>-107</dbm>
      </extensions>
    </trkpt>
    <trkpt lat="35.559477" lon="128.971750">
      <ele>1206.111111</ele>
      <time>2016-02-20T10:19:16Z</time>
      <extensions>
        <dbm>-107</dbm>
      </extensions>
    </trkpt>
    <trkpt lat="35.559579" lon="128.971732">
      <ele>1204.555556</ele>
      <time>2016-02-20T10:19:24Z</time>
      <extensions>
        <dbm>-107</dbm>
      </extensions>
    </trkpt>
    <trkpt lat="35.559673" lon="128.971699">
      <ele>1203.800000</ele>
      <time>2016-02-20T10:19:33Z</time>
      <extensions>
        <dbm>-107</dbm>
      </extensions>
    </trkpt>
    <trkpt lat="35.559768" lon="128.971665">
      <ele>1203.181818</ele>
      <time>2016-02-20T10:19:41Z</time>
      <extensions>
        <dbm>-107</dbm>
      </extensions>
    </trkpt>
    <trkpt lat="35.559859" lon="128.971635">
      <ele>1201.909091</ele>
      <time>2016-02-20T10:19:49Z</time>
      <extensions>
        <dbm>-107</dbm>
      </extensions>
    </trkpt>
    <trkpt lat="35.559974" lon="128.971629">
      <ele>1199.800000</ele>
      <time>2016-02-20T10:19:56Z</time>
      <extensions>
        <dbm>-107</dbm>
      </extensions>
    </trkpt>
    <trkpt lat="35.560092" lon="128.971633">
      <ele>1198.600000</ele>
      <time>2016-02-20T10:20:09Z</time>
      <extensions>
        <dbm>-107</dbm>
      </extensions>
    </trkpt>
    <trkpt lat="35.560219" lon="128.971648">
      <ele>1197.500000</ele>
      <time>2016-02-20T10:20:18Z</time>
      <extensions>
        <dbm>-107</dbm>
      </extensions>
    </trkpt>
    <trkpt lat="35.560335" lon="128.971651">
      <ele>1196.100000</ele>
      <time>2016-02-20T10:20:29Z</time>
      <extensions>
        <dbm>-107</dbm>
      </extensions>
    </trkpt>
    <trkpt lat="35.560450" lon="128.971655">
      <ele>1195.100000</ele>
      <time>2016-02-20T10:20:39Z</time>
      <extensions>
        <dbm>-107</dbm>
      </extensions>
    </trkpt>
    <trkpt lat="35.560559" lon="128.971650">
      <ele>1194.200000</ele>
      <time>2016-02-20T10:20:49Z</time>
      <extensions>
        <dbm>-104</dbm>
      </extensions>
    </trkpt>
    <trkpt lat="35.560657" lon="128.971646">
      <ele>1193.000000</ele>
      <time>2016-02-20T10:20:56Z</time>
      <extensions>
        <dbm>-103</dbm>
      </extensions>
    </trkpt>
    <trkpt lat="35.560752" lon="128.971642">
      <ele>1192.111111</ele>
      <time>2016-02-20T10:21:04Z</time>
      <extensions>
        <dbm>-104</dbm>
      </extensions>
    </trkpt>
    <trkpt lat="35.560850" lon="128.971656">
      <ele>1191.111111</ele>
      <time>2016-02-20T10:21:13Z</time>
      <extensions>
        <dbm>-104</dbm>
      </extensions>
    </trkpt>
    <trkpt lat="35.560947" lon="128.971684">
      <ele>1189.888889</ele>
      <time>2016-02-20T10:21:24Z</time>
      <extensions>
        <dbm>-104</dbm>
      </extensions>
    </trkpt>
    <trkpt lat="35.561038" lon="128.971727">
      <ele>1188.444444</ele>
      <time>2016-02-20T10:21:32Z</time>
      <extensions>
        <dbm>-104</dbm>
      </extensions>
    </trkpt>
    <trkpt lat="35.561123" lon="128.971775">
      <ele>1187.000000</ele>
      <time>2016-02-20T10:21:41Z</time>
      <extensions>
        <dbm>-104</dbm>
      </extensions>
    </trkpt>
    <trkpt lat="35.561206" lon="128.971837">
      <ele>1186.300000</ele>
      <time>2016-02-20T10:21:50Z</time>
      <extensions>
        <dbm>-104</dbm>
      </extensions>
    </trkpt>
    <trkpt lat="35.561289" lon="128.971912">
      <ele>1185.000000</ele>
      <time>2016-02-20T10:21:58Z</time>
      <extensions>
        <dbm>-104</dbm>
      </extensions>
    </trkpt>
    <trkpt lat="35.561373" lon="128.971994">
      <ele>1184.000000</ele>
      <time>2016-02-20T10:22:06Z</time>
      <extensions>
        <dbm>-104</dbm>
      </extensions>
    </trkpt>
    <trkpt lat="35.561449" lon="128.972082">
      <ele>1183.000000</ele>
      <time>2016-02-20T10:22:15Z</time>
      <extensions>
        <dbm>-104</dbm>
      </extensions>
    </trkpt>
    <trkpt lat="35.561515" lon="128.972172">
      <ele>1181.888889</ele>
      <time>2016-02-20T10:22:24Z</time>
      <extensions>
        <dbm>-104</dbm>
      </extensions>
    </trkpt>
    <trkpt lat="35.561569" lon="128.972270">
      <ele>1181.600000</ele>
      <time>2016-02-20T10:22:34Z</time>
      <extensions>
        <dbm>-104</dbm>
      </extensions>
    </trkpt>
    <trkpt lat="35.561626" lon="128.972363">
      <ele>1180.600000</ele>
      <time>2016-02-20T10:22:43Z</time>
      <extensions>
        <dbm>-104</dbm>
      </extensions>
    </trkpt>
    <trkpt lat="35.561690" lon="128.972452">
      <ele>1179.900000</ele>
      <time>2016-02-20T10:22:51Z</time>
      <extensions>
        <dbm>-104</dbm>
      </extensions>
    </trkpt>
    <trkpt lat="35.561758" lon="128.972542">
      <ele>1179.300000</ele>
      <time>2016-02-20T10:22:57Z</time>
      <extensions>
        <dbm>-104</dbm>
      </extensions>
    </trkpt>
    <trkpt lat="35.561825" lon="128.972636">
      <ele>1178.800000</ele>
      <time>2016-02-20T10:23:06Z</time>
      <extensions>
        <dbm>-104</dbm>
      </extensions>
    </trkpt>
    <trkpt lat="35.561873" lon="128.972745">
      <ele>1178.300000</ele>
      <time>2016-02-20T10:23:15Z</time>
      <extensions>
        <dbm>-104</dbm>
      </extensions>
    </trkpt>
    <trkpt lat="35.561914" lon="128.972858">
      <ele>1177.800000</ele>
      <time>2016-02-20T10:23:24Z</time>
      <extensions>
        <dbm>-114</dbm>
      </extensions>
    </trkpt>
    <trkpt lat="35.561946" lon="128.972971">
      <ele>1177.100000</ele>
      <time>2016-02-20T10:23:32Z</time>
      <extensions>
        <dbm>-114</dbm>
      </extensions>
    </trkpt>
    <trkpt lat="35.561991" lon="128.973075">
      <ele>1176.500000</ele>
      <time>2016-02-20T10:23:38Z</time>
      <extensions>
        <dbm>-114</dbm>
      </extensions>
    </trkpt>
    <trkpt lat="35.562039" lon="128.973172">
      <ele>1175.900000</ele>
      <time>2016-02-20T10:23:46Z</time>
      <extensions>
        <dbm>-114</dbm>
      </extensions>
    </trkpt>
    <trkpt lat="35.562082" lon="128.973275">
      <ele>1175.100000</ele>
      <time>2016-02-20T10:23:54Z</time>
      <extensions>
        <dbm>-114</dbm>
      </extensions>
    </trkpt>
    <trkpt lat="35.562114" lon="128.973377">
      <ele>1174.636364</ele>
      <time>2016-02-20T10:24:05Z</time>
      <extensions>
        <dbm>-114</dbm>
      </extensions>
    </trkpt>
    <trkpt lat="35.562138" lon="128.973486">
      <ele>1173.200000</ele>
      <time>2016-02-20T10:24:16Z</time>
      <extensions>
        <dbm>-114</dbm>
      </extensions>
    </trkpt>
    <trkpt lat="35.562158" lon="128.973600">
      <ele>1172.545455</ele>
      <time>2016-02-20T10:24:25Z</time>
      <extensions>
        <dbm>-114</dbm>
      </extensions>
    </trkpt>
    <trkpt lat="35.562177" lon="128.973715">
      <ele>1171.454545</ele>
      <time>2016-02-20T10:24:34Z</time>
      <extensions>
        <dbm>-114</dbm>
      </extensions>
    </trkpt>
    <trkpt lat="35.562191" lon="128.973831">
      <ele>1170.454545</ele>
      <time>2016-02-20T10:24:42Z</time>
      <extensions>
        <dbm>-114</dbm>
      </extensions>
    </trkpt>
    <trkpt lat="35.562210" lon="128.973943">
      <ele>1169.454545</ele>
      <time>2016-02-20T10:25:04Z</time>
      <extensions>
        <dbm>-114</dbm>
      </extensions>
    </trkpt>
    <trkpt lat="35.562228" lon="128.974055">
      <ele>1168.545455</ele>
      <time>2016-02-20T10:25:14Z</time>
      <extensions>
        <dbm>-114</dbm>
      </extensions>
    </trkpt>
    <trkpt lat="35.562241" lon="128.974168">
      <ele>1167.727273</ele>
      <time>2016-02-20T10:25:23Z</time>
      <extensions>
        <dbm>-114</dbm>
      </extensions>
    </trkpt>
    <trkpt lat="35.562255" lon="128.974282">
      <ele>1166.636364</ele>
      <time>2016-02-20T10:25:31Z</time>
      <extensions>
        <dbm>-114</dbm>
      </extensions>
    </trkpt>
    <trkpt lat="35.562271" lon="128.974390">
      <ele>1165.363636</ele>
      <time>2016-02-20T10:25:38Z</time>
      <extensions>
        <dbm>-114</dbm>
      </extensions>
    </trkpt>
    <trkpt lat="35.562297" lon="128.974495">
      <ele>1163.818182</ele>
      <time>2016-02-20T10:25:45Z</time>
      <extensions>
        <dbm>-114</dbm>
      </extensions>
    </trkpt>
    <trkpt lat="35.562334" lon="128.974592">
      <ele>1162.181818</ele>
      <time>2016-02-20T10:25:54Z</time>
      <extensions>
        <dbm>-114</dbm>
      </extensions>
    </trkpt>
    <trkpt lat="35.562379" lon="128.974685">
      <ele>1160.727273</ele>
      <time>2016-02-20T10:26:03Z</time>
      <extensions>
        <dbm>-114</dbm>
      </extensions>
    </trkpt>
    <trkpt lat="35.562437" lon="128.974770">
      <ele>1159.363636</ele>
      <time>2016-02-20T10:26:12Z</time>
      <extensions>
        <dbm>-114</dbm>
      </extensions>
    </trkpt>
    <trkpt lat="35.562500" lon="128.974852">
      <ele>1158.090909</ele>
      <time>2016-02-20T10:26:23Z</time>
      <extensions>
        <dbm>-114</dbm>
      </extensions>
    </trkpt>
    <trkpt lat="35.562569" lon="128.974939">
      <ele>1156.727273</ele>
      <time>2016-02-20T10:26:34Z</time>
      <extensions>
        <dbm>-114</dbm>
      </extensions>
    </trkpt>
    <trkpt lat="35.562635" lon="128.975026">
      <ele>1155.000000</ele>
      <time>2016-02-20T10:26:44Z</time>
      <extensions>
        <dbm>-114</dbm>
      </extensions>
    </trkpt>
    <trkpt lat="35.562698" lon="128.975120">
      <ele>1153.272727</ele>
      <time>2016-02-20T10:26:54Z</time>
      <extensions>
        <dbm>-114</dbm>
      </extensions>
    </trkpt>
    <trkpt lat="35.562764" lon="128.975211">
      <ele>1151.272727</ele>
      <time>2016-02-20T10:27:04Z</time>
      <extensions>
        <dbm>-114</dbm>
      </extensions>
    </trkpt>
    <trkpt lat="35.562839" lon="128.975303">
      <ele>1149.272727</ele>
      <time>2016-02-20T10:27:15Z</time>
      <extensions>
        <dbm>-114</dbm>
      </extensions>
    </trkpt>
    <trkpt lat="35.562921" lon="128.975390">
      <ele>1147.181818</ele>
      <time>2016-02-20T10:27:24Z</time>
      <extensions>
        <dbm>-114</dbm>
      </extensions>
    </trkpt>
    <trkpt lat="35.562994" lon="128.975472">
      <ele>1145.272727</ele>
      <time>2016-02-20T10:27:35Z</time>
      <extensions>
        <dbm>-101</dbm>
      </extensions>
    </trkpt>
    <trkpt lat="35.563055" lon="128.975562">
      <ele>1143.272727</ele>
      <time>2016-02-20T10:27:44Z</time>
      <extensions>
        <dbm>-101</dbm>
      </extensions>
    </trkpt>
    <trkpt lat="35.563103" lon="128.975658">
      <ele>1141.363636</ele>
      <time>2016-02-20T10:27:54Z</time>
      <extensions>
        <dbm>-101</dbm>
      </extensions>
    </trkpt>
    <trkpt lat="35.563153" lon="128.975764">
      <ele>1139.454545</ele>
      <time>2016-02-20T10:28:01Z</time>
      <extensions>
        <dbm>-101</dbm>
      </extensions>
    </trkpt>
    <trkpt lat="35.563209" lon="128.975861">
      <ele>1137.363636</ele>
      <time>2016-02-20T10:28:08Z</time>
      <extensions>
        <dbm>-101</dbm>
      </extensions>
    </trkpt>
    <trkpt lat="35.563270" lon="128.975950">
      <ele>1134.818182</ele>
      <time>2016-02-20T10:28:15Z</time>
      <extensions>
        <dbm>-101</dbm>
      </extensions>
    </trkpt>
    <trkpt lat="35.563339" lon="128.976029">
      <ele>1132.181818</ele>
      <time>2016-02-20T10:28:23Z</time>
      <extensions>
        <dbm>-101</dbm>
      </extensions>
    </trkpt>
    <trkpt lat="35.563397" lon="128.976115">
      <ele>1128.300000</ele>
      <time>2016-02-20T10:28:32Z</time>
      <extensions>
        <dbm>-101</dbm>
      </extensions>
    </trkpt>
    <trkpt lat="35.563450" lon="128.976202">
      <ele>1126.200000</ele>
      <time>2016-02-20T10:28:42Z</time>
      <extensions>
        <dbm>-105</dbm>
      </extensions>
    </trkpt>
    <trkpt lat="35.563492" lon="128.976301">
      <ele>1124.200000</ele>
      <time>2016-02-20T10:28:50Z</time>
      <extensions>
        <dbm>-105</dbm>
      </extensions>
    </trkpt>
    <trkpt lat="35.563538" lon="128.976403">
      <ele>1122.500000</ele>
      <time>2016-02-20T10:28:59Z</time>
      <extensions>
        <dbm>-103</dbm>
      </extensions>
    </trkpt>
    <trkpt lat="35.563578" lon="128.976510">
      <ele>1121.909091</ele>
      <time>2016-02-20T10:29:06Z</time>
      <extensions>
        <dbm>-103</dbm>
      </extensions>
    </trkpt>
    <trkpt lat="35.563614" lon="128.976621">
      <ele>1120.636364</ele>
      <time>2016-02-20T10:29:14Z</time>
      <extensions>
        <dbm>-103</dbm>
      </extensions>
    </trkpt>
    <trkpt lat="35.563638" lon="128.976732">
      <ele>1119.454545</ele>
      <time>2016-02-20T10:29:24Z</time>
      <extensions>
        <dbm>-103</dbm>
      </extensions>
    </trkpt>
    <trkpt lat="35.563651" lon="128.976845">
      <ele>1118.090909</ele>
      <time>2016-02-20T10:29:34Z</time>
      <extensions>
        <dbm>-103</dbm>
      </extensions>
    </trkpt>
    <trkpt lat="35.563662" lon="128.976957">
      <ele>1117.090909</ele>
      <time>2016-02-20T10:29:41Z</time>
      <extensions>
        <dbm>-103</dbm>
      </extensions>
    </trkpt>
    <trkpt lat="35.563674" lon="128.977069">
      <ele>1116.909091</ele>
      <time>2016-02-20T10:29:56Z</time>
      <extensions>
        <dbm>-120</dbm>
      </extensions>
    </trkpt>
    <trkpt lat="35.563694" lon="128.977175">
      <ele>1116.909091</ele>
      <time>2016-02-20T10:30:04Z</time>
      <extensions>
        <dbm>-109</dbm>
      </extensions>
    </trkpt>
    <trkpt lat="35.563706" lon="128.977286">
      <ele>1116.818182</ele>
      <time>2016-02-20T10:30:09Z</time>
      <extensions>
        <dbm>-109</dbm>
      </extensions>
    </trkpt>
    <trkpt lat="35.563709" lon="128.977392">
      <ele>1116.600000</ele>
      <time>2016-02-20T10:30:18Z</time>
      <extensions>
        <dbm>-109</dbm>
      </extensions>
    </trkpt>
    <trkpt lat="35.563690" lon="128.977505">
      <ele>1116.500000</ele>
      <time>2016-02-20T10:30:30Z</time>
      <extensions>
        <dbm>-109</dbm>
      </extensions>
    </trkpt>
    <trkpt lat="35.563685" lon="128.977618">
      <ele>1116.363636</ele>
      <time>2016-02-20T10:30:43Z</time>
      <extensions>
        <dbm>-109</dbm>
      </extensions>
    </trkpt>
    <trkpt lat="35.563686" lon="128.977735">
      <ele>1116.500000</ele>
      <time>2016-02-20T10:30:51Z</time>
      <extensions>
        <dbm>-109</dbm>
      </extensions>
    </trkpt>
    <trkpt lat="35.563704" lon="128.977842">
      <ele>1116.600000</ele>
      <time>2016-02-20T10:31:00Z</time>
      <extensions>
        <dbm>-109</dbm>
      </extensions>
    </trkpt>
    <trkpt lat="35.563732" lon="128.977937">
      <ele>1116.400000</ele>
      <time>2016-02-20T10:31:05Z</time>
      <extensions>
        <dbm>-109</dbm>
      </extensions>
    </trkpt>
    <trkpt lat="35.563783" lon="128.978026">
      <ele>1116.200000</ele>
      <time>2016-02-20T10:31:14Z</time>
      <extensions>
        <dbm>-109</dbm>
      </extensions>
    </trkpt>
    <trkpt lat="35.563838" lon="128.978118">
      <ele>1116.100000</ele>
      <time>2016-02-20T10:31:24Z</time>
      <extensions>
        <dbm>-109</dbm>
      </extensions>
    </trkpt>
    <trkpt lat="35.563886" lon="128.978212">
      <ele>1116.100000</ele>
      <time>2016-02-20T10:31:36Z</time>
      <extensions>
        <dbm>-109</dbm>
      </extensions>
    </trkpt>
    <trkpt lat="35.563910" lon="128.978312">
      <ele>1115.800000</ele>
      <time>2016-02-20T10:31:44Z</time>
      <extensions>
        <dbm>-109</dbm>
      </extensions>
    </trkpt>
    <trkpt lat="35.563932" lon="128.978418">
      <ele>1115.400000</ele>
      <time>2016-02-20T10:31:54Z</time>
      <extensions>
        <dbm>-109</dbm>
      </extensions>
    </trkpt>
    <trkpt lat="35.563943" lon="128.978535">
      <ele>1114.700000</ele>
      <time>2016-02-20T10:32:05Z</time>
      <extensions>
        <dbm>-109</dbm>
      </extensions>
    </trkpt>
    <trkpt lat="35.563961" lon="128.978648">
      <ele>1114.100000</ele>
      <time>2016-02-20T10:32:14Z</time>
      <extensions>
        <dbm>-113</dbm>
      </extensions>
    </trkpt>
    <trkpt lat="35.563986" lon="128.978759">
      <ele>1113.200000</ele>
      <time>2016-02-20T10:32:20Z</time>
      <extensions>
        <dbm>-113</dbm>
      </extensions>
    </trkpt>
    <trkpt lat="35.564012" lon="128.978861">
      <ele>1111.800000</ele>
      <time>2016-02-20T10:32:25Z</time>
      <extensions>
        <dbm>-113</dbm>
      </extensions>
    </trkpt>
    <trkpt lat="35.564040" lon="128.978962">
      <ele>1110.700000</ele>
      <time>2016-02-20T10:32:34Z</time>
      <extensions>
        <dbm>-113</dbm>
      </extensions>
    </trkpt>
    <trkpt lat="35.564071" lon="128.979068">
      <ele>1109.200000</ele>
      <time>2016-02-20T10:32:42Z</time>
      <extensions>
        <dbm>-113</dbm>
      </extensions>
    </trkpt>
    <trkpt lat="35.564109" lon="128.979178">
      <ele>1107.600000</ele>
      <time>2016-02-20T10:32:50Z</time>
      <extensions>
        <dbm>-113</dbm>
      </extensions>
    </trkpt>
    <trkpt lat="35.564135" lon="128.979294">
      <ele>1106.100000</ele>
      <time>2016-02-20T10:32:57Z</time>
      <extensions>
        <dbm>-113</dbm>
      </extensions>
    </trkpt>
    <trkpt lat="35.564146" lon="128.979409">
      <ele>1104.700000</ele>
      <time>2016-02-20T10:33:06Z</time>
      <extensions>
        <dbm>-113</dbm>
      </extensions>
    </trkpt>
    <trkpt lat="35.564149" lon="128.979523">
      <ele>1104.000000</ele>
      <time>2016-02-20T10:33:17Z</time>
      <extensions>
        <dbm>-113</dbm>
      </extensions>
    </trkpt>
    <trkpt lat="35.564163" lon="128.979629">
      <ele>1103.300000</ele>
      <time>2016-02-20T10:34:05Z</time>
      <extensions>
        <dbm>-113</dbm>
      </extensions>
    </trkpt>
    <trkpt lat="35.564177" lon="128.979741">
      <ele>1103.100000</ele>
      <time>2016-02-20T10:34:15Z</time>
      <extensions>
        <dbm>-120</dbm>
      </extensions>
    </trkpt>
    <trkpt lat="35.564186" lon="128.979850">
      <ele>1103.100000</ele>
      <time>2016-02-20T10:34:24Z</time>
      <extensions>
        <dbm>-107</dbm>
      </extensions>
    </trkpt>
    <trkpt lat="35.564192" lon="128.979963">
      <ele>1102.600000</ele>
      <time>2016-02-20T10:34:31Z</time>
      <extensions>
        <dbm>-111</dbm>
      </extensions>
    </trkpt>
    <trkpt lat="35.564211" lon="128.980069">
      <ele>1102.000000</ele>
      <time>2016-02-20T10:34:38Z</time>
      <extensions>
        <dbm>-109</dbm>
      </extensions>
    </trkpt>
    <trkpt lat="35.564234" lon="128.980174">
      <ele>1101.800000</ele>
      <time>2016-02-20T10:34:45Z</time>
      <extensions>
        <dbm>-109</dbm>
      </extensions>
    </trkpt>
    <trkpt lat="35.564264" lon="128.980270">
      <ele>1101.700000</ele>
      <time>2016-02-20T10:34:52Z</time>
      <extensions>
        <dbm>-109</dbm>
      </extensions>
    </trkpt>
    <trkpt lat="35.564302" lon="128.980369">
      <ele>1101.500000</ele>
      <time>2016-02-20T10:34:58Z</time>
      <extensions>
        <dbm>-105</dbm>
      </extensions>
    </trkpt>
    <trkpt lat="35.564360" lon="128.980461">
      <ele>1101.500000</ele>
      <time>2016-02-20T10:35:06Z</time>
      <extensions>
        <dbm>-105</dbm>
      </extensions>
    </trkpt>
    <trkpt lat="35.564415" lon="128.980560">
      <ele>1101.500000</ele>
      <time>2016-02-20T10:35:14Z</time>
      <extensions>
        <dbm>-105</dbm>
      </extensions>
    </trkpt>
    <trkpt lat="35.564477" lon="128.980643">
      <ele>1101.200000</ele>
      <time>2016-02-20T10:35:21Z</time>
      <extensions>
        <dbm>-105</dbm>
      </extensions>
    </trkpt>
    <trkpt lat="35.564535" lon="128.980724">
      <ele>1100.800000</ele>
      <time>2016-02-20T10:35:28Z</time>
      <extensions>
        <dbm>-120</dbm>
      </extensions>
    </trkpt>
    <trkpt lat="35.564601" lon="128.980801">
      <ele>1099.900000</ele>
      <time>2016-02-20T10:35:37Z</time>
      <extensions>
        <dbm>-120</dbm>
      </extensions>
    </trkpt>
    <trkpt lat="35.564667" lon="128.980893">
      <ele>1098.454545</ele>
      <time>2016-02-20T10:35:45Z</time>
      <extensions>
        <dbm>-120</dbm>
      </extensions>
    </trkpt>
    <trkpt lat="35.564733" lon="128.980987">
      <ele>1097.454545</ele>
      <time>2016-02-20T10:35:54Z</time>
      <extensions>
        <dbm>-120</dbm>
      </extensions>
    </trkpt>
    <trkpt lat="35.564788" lon="128.981094">
      <ele>1096.181818</ele>
      <time>2016-02-20T10:36:57Z</time>
      <extensions>
        <dbm>-113</dbm>
      </extensions>
    </trkpt>
    <trkpt lat="35.564843" lon="128.981191">
      <ele>1094.909091</ele>
      <time>2016-02-20T10:37:09Z</time>
      <extensions>
        <dbm>-107</dbm>
      </extensions>
    </trkpt>
    <trkpt lat="35.564903" lon="128.981281">
      <ele>1093.454545</ele>
      <time>2016-02-20T10:37:18Z</time>
      <extensions>
        <dbm>-111</dbm>
      </extensions>
    </trkpt>
    <trkpt lat="35.564962" lon="128.981364">
      <ele>1091.727273</ele>
      <time>2016-02-20T10:41:33Z</time>
      <extensions>
        <dbm>-113</dbm>
      </extensions>
    </trkpt>
    <trkpt lat="35.565019" lon="128.981452">
      <ele>1090.000000</ele>
      <time>2016-02-20T10:41:43Z</time>
      <extensions>
        <dbm>-113</dbm>
      </extensions>
    </trkpt>
    <trkpt lat="35.565068" lon="128.981550">
      <ele>1088.272727</ele>
      <time>2016-02-20T10:41:52Z</time>
      <extensions>
        <dbm>-113</dbm>
      </extensions>
    </trkpt>
    <trkpt lat="35.565125" lon="128.981644">
      <ele>1086.545455</ele>
      <time>2016-02-20T10:42:02Z</time>
      <extensions>
        <dbm>-113</dbm>
      </extensions>
    </trkpt>
    <trkpt lat="35.565174" lon="128.981735">
      <ele>1086.100000</ele>
      <time>2016-02-20T10:42:11Z</time>
      <extensions>
        <dbm>-113</dbm>
      </extensions>
    </trkpt>
    <trkpt lat="35.565211" lon="128.981830">
      <ele>1084.727273</ele>
      <time>2016-02-20T10:42:19Z</time>
      <extensions>
        <dbm>-113</dbm>
      </extensions>
    </trkpt>
    <trkpt lat="35.565235" lon="128.981935">
      <ele>1083.727273</ele>
      <time>2016-02-20T10:42:27Z</time>
      <extensions>
        <dbm>-113</dbm>
      </extensions>
    </trkpt>
    <trkpt lat="35.565255" lon="128.982048">
      <ele>1082.909091</ele>
      <time>2016-02-20T10:42:38Z</time>
      <extensions>
        <dbm>-113</dbm>
      </extensions>
    </trkpt>
    <trkpt lat="35.565276" lon="128.982164">
      <ele>1082.181818</ele>
      <time>2016-02-20T10:42:47Z</time>
      <extensions>
        <dbm>-113</dbm>
      </extensions>
    </trkpt>
    <trkpt lat="35.565298" lon="128.982267">
      <ele>1081.454545</ele>
      <time>2016-02-20T10:42:57Z</time>
      <extensions>
        <dbm>-113</dbm>
      </extensions>
    </trkpt>
    <trkpt lat="35.565318" lon="128.982362">
      <ele>1081.454545</ele>
      <time>2016-02-20T10:43:03Z</time>
      <extensions>
        <dbm>-113</dbm>
      </extensions>
    </trkpt>
    <trkpt lat="35.565330" lon="128.982451">
      <ele>1081.600000</ele>
      <time>2016-02-20T10:43:14Z</time>
      <extensions>
        <dbm>-113</dbm>
      </extensions>
    </trkpt>
    <trkpt lat="35.565338" lon="128.982554">
      <ele>1081.100000</ele>
      <time>2016-02-20T10:43:21Z</time>
      <extensions>
        <dbm>-113</dbm>
      </extensions>
    </trkpt>
    <trkpt lat="35.565334" lon="128.982664">
      <ele>1080.600000</ele>
      <time>2016-02-20T10:43:30Z</time>
      <extensions>
        <dbm>-113</dbm>
      </extensions>
    </trkpt>
    <trkpt lat="35.565327" lon="128.982775">
      <ele>1080.000000</ele>
      <time>2016-02-20T10:43:46Z</time>
      <extensions>
        <dbm>-113</dbm>
      </extensions>
    </trkpt>
    <trkpt lat="35.565313" lon="128.982873">
      <ele>1079.400000</ele>
      <time>2016-02-20T10:43:54Z</time>
      <extensions>
        <dbm>-113</dbm>
      </extensions>
    </trkpt>
    <trkpt lat="35.565294" lon="128.982963">
      <ele>1079.400000</ele>
      <time>2016-02-20T10:44:03Z</time>
      <extensions>
        <dbm>-113</dbm>
      </extensions>
    </trkpt>
    <trkpt lat="35.565271" lon="128.983059">
      <ele>1079.454545</ele>
      <time>2016-02-20T10:44:14Z</time>
      <extensions>
        <dbm>-113</dbm>
      </extensions>
    </trkpt>
    <trkpt lat="35.565249" lon="128.983173">
      <ele>1079.272727</ele>
      <time>2016-02-20T10:44:22Z</time>
      <extensions>
        <dbm>-113</dbm>
      </extensions>
    </trkpt>
    <trkpt lat="35.565231" lon="128.983298">
      <ele>1078.909091</ele>
      <time>2016-02-20T10:44:30Z</time>
      <extensions>
        <dbm>-113</dbm>
      </extensions>
    </trkpt>
    <trkpt lat="35.565218" lon="128.983423">
      <ele>1078.500000</ele>
      <time>2016-02-20T10:44:44Z</time>
      <extensions>
        <dbm>-113</dbm>
      </extensions>
    </trkpt>
    <trkpt lat="35.565213" lon="128.983540">
      <ele>1078.454545</ele>
      <time>2016-02-20T10:44:53Z</time>
      <extensions>
        <dbm>-113</dbm>
      </extensions>
    </trkpt>
    <trkpt lat="35.565217" lon="128.983660">
      <ele>1078.600000</ele>
      <time>2016-02-20T10:44:58Z</time>
      <extensions>
        <dbm>-113</dbm>
      </extensions>
    </trkpt>
    <trkpt lat="35.565218" lon="128.983774">
      <ele>1078.100000</ele>
      <time>2016-02-20T10:45:04Z</time>
      <extensions>
        <dbm>-113</dbm>
      </extensions>
    </trkpt>
    <trkpt lat="35.565216" lon="128.983890">
      <ele>1077.500000</ele>
      <time>2016-02-20T10:45:13Z</time>
      <extensions>
        <dbm>-113</dbm>
      </extensions>
    </trkpt>
    <trkpt lat="35.565207" lon="128.984000">
      <ele>1077.000000</ele>
      <time>2016-02-20T10:45:22Z</time>
      <extensions>
        <dbm>-113</dbm>
      </extensions>
    </trkpt>
    <trkpt lat="35.565210" lon="128.984117">
      <ele>1076.600000</ele>
      <time>2016-02-20T10:45:33Z</time>
      <extensions>
        <dbm>-113</dbm>
      </extensions>
    </trkpt>
    <trkpt lat="35.565220" lon="128.984226">
      <ele>1076.100000</ele>
      <time>2016-02-20T10:45:44Z</time>
      <extensions>
        <dbm>-113</dbm>
      </extensions>
    </trkpt>
    <trkpt lat="35.565255" lon="128.984328">
      <ele>1075.800000</ele>
      <time>2016-02-20T10:45:52Z</time>
      <extensions>
        <dbm>-107</dbm>
      </extensions>
    </trkpt>
    <trkpt lat="35.565304" lon="128.984418">
      <ele>1075.800000</ele>
      <time>2016-02-20T10:45:59Z</time>
      <extensions>
        <dbm>-107</dbm>
      </extensions>
    </trkpt>
    <trkpt lat="35.565361" lon="128.984513">
      <ele>1075.000000</ele>
      <time>2016-02-20T10:46:12Z</time>
      <extensions>
        <dbm>-107</dbm>
      </extensions>
    </trkpt>
    <trkpt lat="35.565409" lon="128.984621">
      <ele>1073.090909</ele>
      <time>2016-02-20T10:46:20Z</time>
      <extensions>
        <dbm>-107</dbm>
      </extensions>
    </trkpt>
    <trkpt lat="35.565437" lon="128.984740">
      <ele>1071.363636</ele>
      <time>2016-02-20T10:46:29Z</time>
      <extensions>
        <dbm>-107</dbm>
      </extensions>
    </trkpt>
    <trkpt lat="35.565470" lon="128.984853">
      <ele>1069.727273</ele>
      <time>2016-02-20T10:46:39Z</time>
      <extensions>
        <dbm>-107</dbm>
      </extensions>
    </trkpt>
    <trkpt lat="35.565519" lon="128.984953">
      <ele>1067.818182</ele>
      <time>2016-02-20T10:46:49Z</time>
      <extensions>
        <dbm>-107</dbm>
      </extensions>
    </trkpt>
    <trkpt lat="35.565577" lon="128.985044">
      <ele>1065.454545</ele>
      <time>2016-02-20T10:46:58Z</time>
      <extensions>
        <dbm>-107</dbm>
      </extensions>
    </trkpt>
    <trkpt lat="35.565604" lon="128.985145">
      <ele>1062.818182</ele>
      <time>2016-02-20T10:47:14Z</time>
      <extensions>
        <dbm>-107</dbm>
      </extensions>
    </trkpt>
    <trkpt lat="35.565600" lon="128.985256">
      <ele>1060.545455</ele>
      <time>2016-02-20T10:47:30Z</time>
      <extensions>
        <dbm>-107</dbm>
      </extensions>
    </trkpt>
    <trkpt lat="35.565578" lon="128.985371">
      <ele>1058.181818</ele>
      <time>2016-02-20T10:47:42Z</time>
      <extensions>
        <dbm>-107</dbm>
      </extensions>
    </trkpt>
    <trkpt lat="35.565559" lon="128.985488">
      <ele>1055.909091</ele>
      <time>2016-02-20T10:47:55Z</time>
      <extensions>
        <dbm>-107</dbm>
      </extensions>
    </trkpt>
    <trkpt lat="35.565540" lon="128.985603">
      <ele>1053.545455</ele>
      <time>2016-02-20T10:48:07Z</time>
      <extensions>
        <dbm>-107</dbm>
      </extensions>
    </trkpt>
    <trkpt lat="35.565520" lon="128.985718">
      <ele>1051.363636</ele>
      <time>2016-02-20T10:48:13Z</time>
      <extensions>
        <dbm>-107</dbm>
      </extensions>
    </trkpt>
    <trkpt lat="35.565493" lon="128.985830">
      <ele>1049.454545</ele>
      <time>2016-02-20T10:48:20Z</time>
      <extensions>
        <dbm>-107</dbm>
      </extensions>
    </trkpt>
    <trkpt lat="35.565478" lon="128.985947">
      <ele>1048.090909</ele>
      <time>2016-02-20T10:48:29Z</time>
      <extensions>
        <dbm>-107</dbm>
      </extensions>
    </trkpt>
    <trkpt lat="35.565477" lon="128.986060">
      <ele>1047.000000</ele>
      <time>2016-02-20T10:48:37Z</time>
      <extensions>
        <dbm>-107</dbm>
      </extensions>
    </trkpt>
    <trkpt lat="35.565470" lon="128.986165">
      <ele>1045.545455</ele>
      <time>2016-02-20T10:48:45Z</time>
      <extensions>
        <dbm>-107</dbm>
      </extensions>
    </trkpt>
    <trkpt lat="35.565440" lon="128.986258">
      <ele>1043.818182</ele>
      <time>2016-02-20T10:48:57Z</time>
      <extensions>
        <dbm>-107</dbm>
      </extensions>
    </trkpt>
    <trkpt lat="35.565377" lon="128.986331">
      <ele>1042.272727</ele>
      <time>2016-02-20T10:49:10Z</time>
      <extensions>
        <dbm>-107</dbm>
      </extensions>
    </trkpt>
    <trkpt lat="35.565289" lon="128.986394">
      <ele>1040.454545</ele>
      <time>2016-02-20T10:49:18Z</time>
      <extensions>
        <dbm>-107</dbm>
      </extensions>
    </trkpt>
    <trkpt lat="35.565214" lon="128.986433">
      <ele>1040.454545</ele>
      <time>2016-02-20T10:52:28Z</time>
      <extensions>
        <dbm>-140</dbm>
      </extensions>
    </trkpt>
    <trkpt lat="35.565161" lon="128.986464">
      <ele>1024.000000</ele>
      <time>2016-02-20T10:54:10Z</time>
      <extensions>
        <pause>start</pause>
        <type>auto</type>
        <dbm>-140</dbm>
      </extensions>
    </trkpt>
    <trkpt lat="35.565430" lon="128.986396">
      <ele>1033.000000</ele>
      <time>2016-02-20T11:01:39Z</time>
      <extensions>
        <pause>end</pause>
        <type>auto</type>
        <dbm>-107</dbm>
      </extensions>
    </trkpt>
    <trkpt lat="35.565480" lon="128.986483">
      <ele>1033.600000</ele>
      <time>2016-02-20T11:02:04Z</time>
      <extensions>
        <dbm>-107</dbm>
      </extensions>
    </trkpt>
    <trkpt lat="35.565507" lon="128.986581">
      <ele>1031.700000</ele>
      <time>2016-02-20T11:02:13Z</time>
      <extensions>
        <dbm>-107</dbm>
      </extensions>
    </trkpt>
    <trkpt lat="35.565510" lon="128.986689">
      <ele>1029.900000</ele>
      <time>2016-02-20T11:02:24Z</time>
      <extensions>
        <dbm>-107</dbm>
      </extensions>
    </trkpt>
    <trkpt lat="35.565512" lon="128.986804">
      <ele>1028.800000</ele>
      <time>2016-02-20T11:02:32Z</time>
      <extensions>
        <dbm>-107</dbm>
      </extensions>
    </trkpt>
    <trkpt lat="35.565516" lon="128.986917">
      <ele>1028.400000</ele>
      <time>2016-02-20T11:02:40Z</time>
      <extensions>
        <dbm>-107</dbm>
      </extensions>
    </trkpt>
    <trkpt lat="35.565518" lon="128.987032">
      <ele>1028.400000</ele>
      <time>2016-02-20T11:02:50Z</time>
      <extensions>
        <dbm>-107</dbm>
      </extensions>
    </trkpt>
    <trkpt lat="35.565506" lon="128.987143">
      <ele>1028.400000</ele>
      <time>2016-02-20T11:03:01Z</time>
      <extensions>
        <dbm>-107</dbm>
      </extensions>
    </trkpt>
    <trkpt lat="35.565480" lon="128.987250">
      <ele>1028.400000</ele>
      <time>2016-02-20T11:03:09Z</time>
      <extensions>
        <dbm>-107</dbm>
      </extensions>
    </trkpt>
    <trkpt lat="35.565442" lon="128.987355">
      <ele>1028.400000</ele>
      <time>2016-02-20T11:03:17Z</time>
      <extensions>
        <dbm>-107</dbm>
      </extensions>
    </trkpt>
    <trkpt lat="35.565413" lon="128.987464">
      <ele>1028.000000</ele>
      <time>2016-02-20T11:03:24Z</time>
      <extensions>
        <dbm>-107</dbm>
      </extensions>
    </trkpt>
    <trkpt lat="35.565402" lon="128.987575">
      <ele>1028.200000</ele>
      <time>2016-02-20T11:03:32Z</time>
      <extensions>
        <dbm>-107</dbm>
      </extensions>
    </trkpt>
    <trkpt lat="35.565399" lon="128.987689">
      <ele>1028.200000</ele>
      <time>2016-02-20T11:03:39Z</time>
      <extensions>
        <dbm>-107</dbm>
      </extensions>
    </trkpt>
    <trkpt lat="35.565396" lon="128.987803">
      <ele>1028.100000</ele>
      <time>2016-02-20T11:03:47Z</time>
      <extensions>
        <dbm>-107</dbm>
      </extensions>
    </trkpt>
    <trkpt lat="35.565389" lon="128.987920">
      <ele>1027.800000</ele>
      <time>2016-02-20T11:03:55Z</time>
      <extensions>
        <dbm>-107</dbm>
      </extensions>
    </trkpt>
    <trkpt lat="35.565386" lon="128.988033">
      <ele>1027.700000</ele>
      <time>2016-02-20T11:04:03Z</time>
      <extensions>
        <dbm>-107</dbm>
      </extensions>
    </trkpt>
    <trkpt lat="35.565385" lon="128.988144">
      <ele>1027.700000</ele>
      <time>2016-02-20T11:04:11Z</time>
      <extensions>
        <dbm>-107</dbm>
      </extensions>
    </trkpt>
    <trkpt lat="35.565388" lon="128.988249">
      <ele>1027.363636</ele>
      <time>2016-02-20T11:04:20Z</time>
      <extensions>
        <dbm>-107</dbm>
      </extensions>
    </trkpt>
    <trkpt lat="35.565406" lon="128.988347">
      <ele>1026.800000</ele>
      <time>2016-02-20T11:04:30Z</time>
      <extensions>
        <dbm>-107</dbm>
      </extensions>
    </trkpt>
    <trkpt lat="35.565442" lon="128.988436">
      <ele>1026.700000</ele>
      <time>2016-02-20T11:04:39Z</time>
      <extensions>
        <dbm>-107</dbm>
      </extensions>
    </trkpt>
    <trkpt lat="35.565487" lon="128.988523">
      <ele>1026.100000</ele>
      <time>2016-02-20T11:04:47Z</time>
      <extensions>
        <dbm>-107</dbm>
      </extensions>
    </trkpt>
    <trkpt lat="35.565537" lon="128.988616">
      <ele>1025.400000</ele>
      <time>2016-02-20T11:04:55Z</time>
      <extensions>
        <dbm>-107</dbm>
      </extensions>
    </trkpt>
    <trkpt lat="35.565592" lon="128.988709">
      <ele>1025.100000</ele>
      <time>2016-02-20T11:05:05Z</time>
      <extensions>
        <dbm>-107</dbm>
      </extensions>
    </trkpt>
    <trkpt lat="35.565665" lon="128.988789">
      <ele>1024.600000</ele>
      <time>2016-02-20T11:05:21Z</time>
      <extensions>
        <dbm>-107</dbm>
      </extensions>
    </trkpt>
    <trkpt lat="35.565756" lon="128.988853">
      <ele>1023.900000</ele>
      <time>2016-02-20T11:05:30Z</time>
      <extensions>
        <dbm>-107</dbm>
      </extensions>
    </trkpt>
    <trkpt lat="35.565855" lon="128.988910">
      <ele>1023.000000</ele>
      <time>2016-02-20T11:05:38Z</time>
      <extensions>
        <dbm>-107</dbm>
      </extensions>
    </trkpt>
    <trkpt lat="35.565940" lon="128.988976">
      <ele>1022.100000</ele>
      <time>2016-02-20T11:05:48Z</time>
      <extensions>
        <dbm>-107</dbm>
      </extensions>
    </trkpt>
    <trkpt lat="35.565997" lon="128.989063">
      <ele>1021.600000</ele>
      <time>2016-02-20T11:05:56Z</time>
      <extensions>
        <dbm>-107</dbm>
      </extensions>
    </trkpt>
    <trkpt lat="35.566036" lon="128.989168">
      <ele>1021.000000</ele>
      <time>2016-02-20T11:06:08Z</time>
      <extensions>
        <dbm>-107</dbm>
      </extensions>
    </trkpt>
    <trkpt lat="35.566069" lon="128.989278">
      <ele>1020.900000</ele>
      <time>2016-02-20T11:06:17Z</time>
      <extensions>
        <dbm>-107</dbm>
      </extensions>
    </trkpt>
    <trkpt lat="35.566106" lon="128.989386">
      <ele>1020.800000</ele>
      <time>2016-02-20T11:06:25Z</time>
      <extensions>
        <dbm>-107</dbm>
      </extensions>
    </trkpt>
    <trkpt lat="35.566136" lon="128.989493">
      <ele>1020.500000</ele>
      <time>2016-02-20T11:06:34Z</time>
      <extensions>
        <dbm>-107</dbm>
      </extensions>
    </trkpt>
    <trkpt lat="35.566144" lon="128.989604">
      <ele>1020.200000</ele>
      <time>2016-02-20T11:06:44Z</time>
      <extensions>
        <dbm>-107</dbm>
      </extensions>
    </trkpt>
    <trkpt lat="35.566143" lon="128.989721">
      <ele>1019.800000</ele>
      <time>2016-02-20T11:06:54Z</time>
      <extensions>
        <dbm>-107</dbm>
      </extensions>
    </trkpt>
    <trkpt lat="35.566137" lon="128.989833">
      <ele>1019.600000</ele>
      <time>2016-02-20T11:07:03Z</time>
      <extensions>
        <dbm>-107</dbm>
      </extensions>
    </trkpt>
    <trkpt lat="35.566138" lon="128.989932">
      <ele>1019.300000</ele>
      <time>2016-02-20T11:07:13Z</time>
      <extensions>
        <dbm>-107</dbm>
      </extensions>
    </trkpt>
    <trkpt lat="35.566149" lon="128.990029">
      <ele>1019.300000</ele>
      <time>2016-02-20T11:07:20Z</time>
      <extensions>
        <dbm>-107</dbm>
      </extensions>
    </trkpt>
    <trkpt lat="35.566170" lon="128.990131">
      <ele>1019.000000</ele>
      <time>2016-02-20T11:07:30Z</time>
      <extensions>
        <dbm>-107</dbm>
      </extensions>
    </trkpt>
    <trkpt lat="35.566222" lon="128.990236">
      <ele>1018.636364</ele>
      <time>2016-02-20T11:07:39Z</time>
      <extensions>
        <dbm>-107</dbm>
      </extensions>
    </trkpt>
    <trkpt lat="35.566280" lon="128.990272">
      <ele>1018.090909</ele>
      <time>2016-02-20T11:08:25Z</time>
      <extensions>
        <dbm>-107</dbm>
      </extensions>
    </trkpt>
    <trkpt lat="35.566306" lon="128.990296">
      <ele>1017.900000</ele>
      <time>2016-02-20T11:11:30Z</time>
      <extensions>
        <dbm>-107</dbm>
      </extensions>
    </trkpt>
    <trkpt lat="35.566295" lon="128.990325">
      <ele>1017.636364</ele>
      <time>2016-02-20T11:12:07Z</time>
      <extensions>
        <dbm>-107</dbm>
      </extensions>
    </trkpt>
    <trkpt lat="35.566267" lon="128.990418">
      <ele>1017.000000</ele>
      <time>2016-02-20T11:12:17Z</time>
      <extensions>
        <dbm>-107</dbm>
      </extensions>
    </trkpt>
    <trkpt lat="35.566266" lon="128.990520">
      <ele>1016.272727</ele>
      <time>2016-02-20T11:12:25Z</time>
      <extensions>
        <dbm>-107</dbm>
      </extensions>
    </trkpt>
    <trkpt lat="35.566295" lon="128.990620">
      <ele>1015.818182</ele>
      <time>2016-02-20T11:12:33Z</time>
      <extensions>
        <dbm>-107</dbm>
      </extensions>
    </trkpt>
    <trkpt lat="35.566343" lon="128.990718">
      <ele>1015.000000</ele>
      <time>2016-02-20T11:12:45Z</time>
      <extensions>
        <dbm>-107</dbm>
      </extensions>
    </trkpt>
    <trkpt lat="35.566406" lon="128.990801">
      <ele>1013.750000</ele>
      <time>2016-02-20T11:12:54Z</time>
      <extensions>
        <dbm>-107</dbm>
      </extensions>
    </trkpt>
    <trkpt lat="35.566465" lon="128.990882">
      <ele>1012.500000</ele>
      <time>2016-02-20T11:13:01Z</time>
      <extensions>
        <dbm>-107</dbm>
      </extensions>
    </trkpt>
    <trkpt lat="35.566521" lon="128.990968">
      <ele>1011.333333</ele>
      <time>2016-02-20T11:13:13Z</time>
      <extensions>
        <dbm>-107</dbm>
      </extensions>
    </trkpt>
    <trkpt lat="35.566571" lon="128.991075">
      <ele>1010.250000</ele>
      <time>2016-02-20T11:13:26Z</time>
      <extensions>
        <dbm>-107</dbm>
      </extensions>
    </trkpt>
    <trkpt lat="35.566623" lon="128.991183">
      <ele>1009.166667</ele>
      <time>2016-02-20T11:13:34Z</time>
      <extensions>
        <dbm>-107</dbm>
      </extensions>
    </trkpt>
    <trkpt lat="35.566666" lon="128.991287">
      <ele>1008.416667</ele>
      <time>2016-02-20T11:13:40Z</time>
      <extensions>
        <dbm>-107</dbm>
      </extensions>
    </trkpt>
    <trkpt lat="35.566717" lon="128.991376">
      <ele>1007.416667</ele>
      <time>2016-02-20T11:13:46Z</time>
      <extensions>
        <dbm>-107</dbm>
      </extensions>
    </trkpt>
    <trkpt lat="35.566775" lon="128.991461">
      <ele>1006.500000</ele>
      <time>2016-02-20T11:13:52Z</time>
      <extensions>
        <dbm>-107</dbm>
      </extensions>
    </trkpt>
    <trkpt lat="35.566840" lon="128.991557">
      <ele>1005.090909</ele>
      <time>2016-02-20T11:14:02Z</time>
      <extensions>
        <dbm>-107</dbm>
      </extensions>
    </trkpt>
    <trkpt lat="35.566899" lon="128.991650">
      <ele>1004.750000</ele>
      <time>2016-02-20T11:14:15Z</time>
      <extensions>
        <dbm>-107</dbm>
      </extensions>
    </trkpt>
    <trkpt lat="35.566965" lon="128.991746">
      <ele>1003.818182</ele>
      <time>2016-02-20T11:14:20Z</time>
      <extensions>
        <dbm>-107</dbm>
      </extensions>
    </trkpt>
    <trkpt lat="35.567035" lon="128.991821">
      <ele>1003.363636</ele>
      <time>2016-02-20T11:14:27Z</time>
      <extensions>
        <dbm>-107</dbm>
      </extensions>
    </trkpt>
    <trkpt lat="35.567111" lon="128.991901">
      <ele>1003.636364</ele>
      <time>2016-02-20T11:14:33Z</time>
      <extensions>
        <dbm>-107</dbm>
      </extensions>
    </trkpt>
    <trkpt lat="35.567181" lon="128.991976">
      <ele>1003.300000</ele>
      <time>2016-02-20T11:14:39Z</time>
      <extensions>
        <dbm>-103</dbm>
      </extensions>
    </trkpt>
    <trkpt lat="35.567249" lon="128.992067">
      <ele>1002.909091</ele>
      <time>2016-02-20T11:14:46Z</time>
      <extensions>
        <dbm>-96</dbm>
      </extensions>
    </trkpt>
    <trkpt lat="35.567293" lon="128.992175">
      <ele>1002.727273</ele>
      <time>2016-02-20T11:14:57Z</time>
      <extensions>
        <dbm>-96</dbm>
      </extensions>
    </trkpt>
    <trkpt lat="35.567325" lon="128.992294">
      <ele>1002.727273</ele>
      <time>2016-02-20T11:15:10Z</time>
      <extensions>
        <dbm>-96</dbm>
      </extensions>
    </trkpt>
    <trkpt lat="35.567350" lon="128.992415">
      <ele>1002.818182</ele>
      <time>2016-02-20T11:15:18Z</time>
      <extensions>
        <dbm>-96</dbm>
      </extensions>
    </trkpt>
    <trkpt lat="35.567384" lon="128.992532">
      <ele>1003.272727</ele>
      <time>2016-02-20T11:15:26Z</time>
      <extensions>
        <dbm>-96</dbm>
      </extensions>
    </trkpt>
    <trkpt lat="35.567425" lon="128.992643">
      <ele>1003.363636</ele>
      <time>2016-02-20T11:15:34Z</time>
      <extensions>
        <dbm>-96</dbm>
      </extensions>
    </trkpt>
    <trkpt lat="35.567466" lon="128.992747">
      <ele>1004.000000</ele>
      <time>2016-02-20T11:15:41Z</time>
      <extensions>
        <dbm>-96</dbm>
      </extensions>
    </trkpt>
    <trkpt lat="35.567506" lon="128.992837">
      <ele>1003.727273</ele>
      <time>2016-02-20T11:15:47Z</time>
      <extensions>
        <dbm>-96</dbm>
      </extensions>
    </trkpt>
    <trkpt lat="35.567547" lon="128.992921">
      <ele>1003.727273</ele>
      <time>2016-02-20T11:15:53Z</time>
      <extensions>
        <dbm>-96</dbm>
      </extensions>
    </trkpt>
    <trkpt lat="35.567591" lon="128.993004">
      <ele>1003.818182</ele>
      <time>2016-02-20T11:15:59Z</time>
      <extensions>
        <dbm>-96</dbm>
      </extensions>
    </trkpt>
    <trkpt lat="35.567637" lon="128.993095">
      <ele>1003.818182</ele>
      <time>2016-02-20T11:16:08Z</time>
      <extensions>
        <dbm>-96</dbm>
      </extensions>
    </trkpt>
    <trkpt lat="35.567678" lon="128.993199">
      <ele>1003.909091</ele>
      <time>2016-02-20T11:16:17Z</time>
      <extensions>
        <dbm>-96</dbm>
      </extensions>
    </trkpt>
    <trkpt lat="35.567722" lon="128.993303">
      <ele>1004.000000</ele>
      <time>2016-02-20T11:16:28Z</time>
      <extensions>
        <dbm>-96</dbm>
      </extensions>
    </trkpt>
    <trkpt lat="35.567761" lon="128.993404">
      <ele>1004.000000</ele>
      <time>2016-02-20T11:16:37Z</time>
      <extensions>
        <dbm>-96</dbm>
      </extensions>
    </trkpt>
    <trkpt lat="35.567811" lon="128.993500">
      <ele>1003.900000</ele>
      <time>2016-02-20T11:16:44Z</time>
      <extensions>
        <dbm>-96</dbm>
      </extensions>
    </trkpt>
    <trkpt lat="35.567872" lon="128.993591">
      <ele>1004.000000</ele>
      <time>2016-02-20T11:16:50Z</time>
      <extensions>
        <dbm>-96</dbm>
      </extensions>
    </trkpt>
    <trkpt lat="35.567959" lon="128.993669">
      <ele>1004.000000</ele>
      <time>2016-02-20T11:16:57Z</time>
      <extensions>
        <dbm>-96</dbm>
      </extensions>
    </trkpt>
    <trkpt lat="35.568054" lon="128.993731">
      <ele>1003.545455</ele>
      <time>2016-02-20T11:17:05Z</time>
      <extensions>
        <dbm>-96</dbm>
      </extensions>
    </trkpt>
    <trkpt lat="35.568155" lon="128.993776">
      <ele>1002.818182</ele>
      <time>2016-02-20T11:17:11Z</time>
      <extensions>
        <dbm>-96</dbm>
      </extensions>
    </trkpt>
    <trkpt lat="35.568238" lon="128.993830">
      <ele>1002.000000</ele>
      <time>2016-02-20T11:17:17Z</time>
      <extensions>
        <dbm>-96</dbm>
      </extensions>
    </trkpt>
    <trkpt lat="35.568314" lon="128.993898">
      <ele>1001.636364</ele>
      <time>2016-02-20T11:17:24Z</time>
      <extensions>
        <dbm>-96</dbm>
      </extensions>
    </trkpt>
    <trkpt lat="35.568387" lon="128.993974">
      <ele>1001.363636</ele>
      <time>2016-02-20T11:17:33Z</time>
      <extensions>
        <dbm>-96</dbm>
      </extensions>
    </trkpt>
    <trkpt lat="35.568464" lon="128.994024">
      <ele>1000.454545</ele>
      <time>2016-02-20T11:17:42Z</time>
      <extensions>
        <dbm>-96</dbm>
      </extensions>
    </trkpt>
    <trkpt lat="35.568542" lon="128.994083">
      <ele>1000.200000</ele>
      <time>2016-02-20T11:17:47Z</time>
      <extensions>
        <dbm>-96</dbm>
      </extensions>
    </trkpt>
    <trkpt lat="35.568606" lon="128.994160">
      <ele>999.500000</ele>
      <time>2016-02-20T11:17:55Z</time>
      <extensions>
        <dbm>-96</dbm>
      </extensions>
    </trkpt>
    <trkpt lat="35.568665" lon="128.994265">
      <ele>998.545455</ele>
      <time>2016-02-20T11:18:05Z</time>
      <extensions>
        <dbm>-96</dbm>
      </extensions>
    </trkpt>
    <trkpt lat="35.568702" lon="128.994370">
      <ele>998.181818</ele>
      <time>2016-02-20T11:18:13Z</time>
      <extensions>
        <dbm>-96</dbm>
      </extensions>
    </trkpt>
    <trkpt lat="35.568723" lon="128.994476">
      <ele>997.636364</ele>
      <time>2016-02-20T11:18:22Z</time>
      <extensions>
        <dbm>-96</dbm>
      </extensions>
    </trkpt>
    <trkpt lat="35.568728" lon="128.994590">
      <ele>997.000000</ele>
      <time>2016-02-20T11:18:30Z</time>
      <extensions>
        <dbm>-96</dbm>
      </extensions>
    </trkpt>
    <trkpt lat="35.568732" lon="128.994704">
      <ele>996.727273</ele>
      <time>2016-02-20T11:18:39Z</time>
      <extensions>
        <dbm>-96</dbm>
      </extensions>
    </trkpt>
    <trkpt lat="35.568730" lon="128.994822">
      <ele>996.272727</ele>
      <time>2016-02-20T11:18:46Z</time>
      <extensions>
        <dbm>-96</dbm>
      </extensions>
    </trkpt>
    <trkpt lat="35.568726" lon="128.994931">
      <ele>995.818182</ele>
      <time>2016-02-20T11:18:53Z</time>
      <extensions>
        <dbm>-96</dbm>
      </extensions>
    </trkpt>
    <trkpt lat="35.568705" lon="128.995038">
      <ele>996.000000</ele>
      <time>2016-02-20T11:18:59Z</time>
      <extensions>
        <dbm>-96</dbm>
      </extensions>
    </trkpt>
    <trkpt lat="35.568686" lon="128.995141">
      <ele>996.000000</ele>
      <time>2016-02-20T11:19:09Z</time>
      <extensions>
        <dbm>-96</dbm>
      </extensions>
    </trkpt>
    <trkpt lat="35.568663" lon="128.995251">
      <ele>996.181818</ele>
      <time>2016-02-20T11:19:16Z</time>
      <extensions>
        <dbm>-96</dbm>
      </extensions>
    </trkpt>
    <trkpt lat="35.568653" lon="128.995358">
      <ele>996.400000</ele>
      <time>2016-02-20T11:19:22Z</time>
      <extensions>
        <dbm>-96</dbm>
      </extensions>
    </trkpt>
    <trkpt lat="35.568654" lon="128.995465">
      <ele>996.800000</ele>
      <time>2016-02-20T11:19:28Z</time>
      <extensions>
        <dbm>-96</dbm>
      </extensions>
    </trkpt>
    <trkpt lat="35.568664" lon="128.995573">
      <ele>996.700000</ele>
      <time>2016-02-20T11:19:35Z</time>
      <extensions>
        <dbm>-96</dbm>
      </extensions>
    </trkpt>
    <trkpt lat="35.568678" lon="128.995682">
      <ele>996.500000</ele>
      <time>2016-02-20T11:19:43Z</time>
      <extensions>
        <dbm>-96</dbm>
      </extensions>
    </trkpt>
    <trkpt lat="35.568689" lon="128.995791">
      <ele>996.500000</ele>
      <time>2016-02-20T11:19:50Z</time>
      <extensions>
        <dbm>-96</dbm>
      </extensions>
    </trkpt>
    <trkpt lat="35.568720" lon="128.995903">
      <ele>995.545455</ele>
      <time>2016-02-20T11:19:57Z</time>
      <extensions>
        <dbm>-96</dbm>
      </extensions>
    </trkpt>
    <trkpt lat="35.568770" lon="128.996003">
      <ele>995.454545</ele>
      <time>2016-02-20T11:20:05Z</time>
      <extensions>
        <dbm>-96</dbm>
      </extensions>
    </trkpt>
    <trkpt lat="35.568844" lon="128.996085">
      <ele>995.100000</ele>
      <time>2016-02-20T11:20:11Z</time>
      <extensions>
        <dbm>-96</dbm>
      </extensions>
    </trkpt>
    <trkpt lat="35.568922" lon="128.996143">
      <ele>994.200000</ele>
      <time>2016-02-20T11:20:17Z</time>
      <extensions>
        <dbm>-96</dbm>
      </extensions>
    </trkpt>
    <trkpt lat="35.569009" lon="128.996192">
      <ele>993.000000</ele>
      <time>2016-02-20T11:20:23Z</time>
      <extensions>
        <dbm>-96</dbm>
      </extensions>
    </trkpt>
    <trkpt lat="35.569102" lon="128.996240">
      <ele>991.272727</ele>
      <time>2016-02-20T11:20:30Z</time>
      <extensions>
        <dbm>-96</dbm>
      </extensions>
    </trkpt>
    <trkpt lat="35.569204" lon="128.996285">
      <ele>990.272727</ele>
      <time>2016-02-20T11:20:40Z</time>
      <extensions>
        <dbm>-96</dbm>
      </extensions>
    </trkpt>
    <trkpt lat="35.569307" lon="128.996334">
      <ele>989.363636</ele>
      <time>2016-02-20T11:20:50Z</time>
      <extensions>
        <dbm>-96</dbm>
      </extensions>
    </trkpt>
    <trkpt lat="35.569402" lon="128.996375">
      <ele>987.909091</ele>
      <time>2016-02-20T11:21:00Z</time>
      <extensions>
        <dbm>-96</dbm>
      </extensions>
    </trkpt>
    <trkpt lat="35.569492" lon="128.996410">
      <ele>986.636364</ele>
      <time>2016-02-20T11:21:08Z</time>
      <extensions>
        <dbm>-96</dbm>
      </extensions>
    </trkpt>
    <trkpt lat="35.569582" lon="128.996442">
      <ele>985.454545</ele>
      <time>2016-02-20T11:21:16Z</time>
      <extensions>
        <dbm>-96</dbm>
      </extensions>
    </trkpt>
    <trkpt lat="35.569676" lon="128.996482">
      <ele>983.818182</ele>
      <time>2016-02-20T11:21:25Z</time>
      <extensions>
        <dbm>-96</dbm>
      </extensions>
    </trkpt>
    <trkpt lat="35.569762" lon="128.996527">
      <ele>982.818182</ele>
      <time>2016-02-20T11:21:34Z</time>
      <extensions>
        <dbm>-96</dbm>
      </extensions>
    </trkpt>
    <trkpt lat="35.569848" lon="128.996571">
      <ele>981.818182</ele>
      <time>2016-02-20T11:21:41Z</time>
      <extensions>
        <dbm>-96</dbm>
      </extensions>
    </trkpt>
    <trkpt lat="35.569934" lon="128.996628">
      <ele>980.800000</ele>
      <time>2016-02-20T11:21:53Z</time>
      <extensions>
        <dbm>-96</dbm>
      </extensions>
    </trkpt>
    <trkpt lat="35.570017" lon="128.996696">
      <ele>980.000000</ele>
      <time>2016-02-20T11:22:02Z</time>
      <extensions>
        <dbm>-96</dbm>
      </extensions>
    </trkpt>
    <trkpt lat="35.570092" lon="128.996772">
      <ele>979.300000</ele>
      <time>2016-02-20T11:22:11Z</time>
      <extensions>
        <dbm>-96</dbm>
      </extensions>
    </trkpt>
    <trkpt lat="35.570157" lon="128.996837">
      <ele>978.636364</ele>
      <time>2016-02-20T11:22:18Z</time>
      <extensions>
        <dbm>-96</dbm>
      </extensions>
    </trkpt>
    <trkpt lat="35.570225" lon="128.996902">
      <ele>977.636364</ele>
      <time>2016-02-20T11:22:53Z</time>
      <extensions>
        <dbm>-96</dbm>
      </extensions>
    </trkpt>
    <trkpt lat="35.570269" lon="128.996962">
      <ele>977.636364</ele>
      <time>2016-02-20T11:25:47Z</time>
      <extensions>
        <dbm>-96</dbm>
      </extensions>
    </trkpt>
    <trkpt lat="35.570292" lon="128.997021">
      <ele>975.000000</ele>
      <time>2016-02-20T11:27:19Z</time>
      <extensions>
        <pause>start</pause>
        <type>auto</type>
        <dbm>-113</dbm>
      </extensions>
    </trkpt>
    <trkpt lat="35.570496" lon="128.997223">
      <ele>963.000000</ele>
      <time>2016-02-20T11:28:05Z</time>
      <extensions>
        <pause>end</pause>
        <type>auto</type>
        <dbm>-113</dbm>
      </extensions>
    </trkpt>
    <trkpt lat="35.570552" lon="128.997337">
      <ele>973.300000</ele>
      <time>2016-02-20T11:28:18Z</time>
      <extensions>
        <dbm>-113</dbm>
      </extensions>
    </trkpt>
    <trkpt lat="35.570605" lon="128.997443">
      <ele>971.222222</ele>
      <time>2016-02-20T11:28:27Z</time>
      <extensions>
        <dbm>-113</dbm>
      </extensions>
    </trkpt>
    <trkpt lat="35.570657" lon="128.997541">
      <ele>969.777778</ele>
      <time>2016-02-20T11:28:35Z</time>
      <extensions>
        <dbm>-113</dbm>
      </extensions>
    </trkpt>
    <trkpt lat="35.570719" lon="128.997616">
      <ele>968.333333</ele>
      <time>2016-02-20T11:28:47Z</time>
      <extensions>
        <dbm>-113</dbm>
      </extensions>
    </trkpt>
    <trkpt lat="35.570802" lon="128.997679">
      <ele>966.666667</ele>
      <time>2016-02-20T11:28:55Z</time>
      <extensions>
        <dbm>-113</dbm>
      </extensions>
    </trkpt>
    <trkpt lat="35.570894" lon="128.997734">
      <ele>965.111111</ele>
      <time>2016-02-20T11:29:04Z</time>
      <extensions>
        <dbm>-113</dbm>
      </extensions>
    </trkpt>
    <trkpt lat="35.570973" lon="128.997807">
      <ele>963.444444</ele>
      <time>2016-02-20T11:29:10Z</time>
      <extensions>
        <dbm>-113</dbm>
      </extensions>
    </trkpt>
    <trkpt lat="35.571044" lon="128.997886">
      <ele>961.333333</ele>
      <time>2016-02-20T11:29:17Z</time>
      <extensions>
        <dbm>-113</dbm>
      </extensions>
    </trkpt>
    <trkpt lat="35.571112" lon="128.997967">
      <ele>959.111111</ele>
      <time>2016-02-20T11:29:25Z</time>
      <extensions>
        <dbm>-113</dbm>
      </extensions>
    </trkpt>
    <trkpt lat="35.571188" lon="128.998038">
      <ele>957.333333</ele>
      <time>2016-02-20T11:29:34Z</time>
      <extensions>
        <dbm>-113</dbm>
      </extensions>
    </trkpt>
    <trkpt lat="35.571264" lon="128.998106">
      <ele>955.555556</ele>
      <time>2016-02-20T11:29:42Z</time>
      <extensions>
        <dbm>-113</dbm>
      </extensions>
    </trkpt>
    <trkpt lat="35.571337" lon="128.998186">
      <ele>954.111111</ele>
      <time>2016-02-20T11:29:51Z</time>
      <extensions>
        <dbm>-113</dbm>
      </extensions>
    </trkpt>
    <trkpt lat="35.571402" lon="128.998279">
      <ele>951.625000</ele>
      <time>2016-02-20T11:30:04Z</time>
      <extensions>
        <dbm>-113</dbm>
      </extensions>
    </trkpt>
    <trkpt lat="35.571464" lon="128.998379">
      <ele>949.250000</ele>
      <time>2016-02-20T11:30:11Z</time>
      <extensions>
        <dbm>-113</dbm>
      </extensions>
    </trkpt>
    <trkpt lat="35.571538" lon="128.998460">
      <ele>948.555556</ele>
      <time>2016-02-20T11:30:17Z</time>
      <extensions>
        <dbm>-113</dbm>
      </extensions>
    </trkpt>
    <trkpt lat="35.571617" lon="128.998539">
      <ele>948.000000</ele>
      <time>2016-02-20T11:30:23Z</time>
      <extensions>
        <dbm>-113</dbm>
      </extensions>
    </trkpt>
    <trkpt lat="35.571688" lon="128.998631">
      <ele>946.600000</ele>
      <time>2016-02-20T11:30:30Z</time>
      <extensions>
        <dbm>-113</dbm>
      </extensions>
    </trkpt>
    <trkpt lat="35.571742" lon="128.998736">
      <ele>945.500000</ele>
      <time>2016-02-20T11:30:42Z</time>
      <extensions>
        <dbm>-113</dbm>
      </extensions>
    </trkpt>
    <trkpt lat="35.571783" lon="128.998850">
      <ele>944.600000</ele>
      <time>2016-02-20T11:30:50Z</time>
      <extensions>
        <dbm>-113</dbm>
      </extensions>
    </trkpt>
    <trkpt lat="35.571821" lon="128.998959">
      <ele>943.500000</ele>
      <time>2016-02-20T11:31:09Z</time>
      <extensions>
        <dbm>-113</dbm>
      </extensions>
    </trkpt>
    <trkpt lat="35.571867" lon="128.999061">
      <ele>942.200000</ele>
      <time>2016-02-20T11:31:16Z</time>
      <extensions>
        <dbm>-113</dbm>
      </extensions>
    </trkpt>
    <trkpt lat="35.571914" lon="128.999158">
      <ele>940.800000</ele>
      <time>2016-02-20T11:31:24Z</time>
      <extensions>
        <dbm>-113</dbm>
      </extensions>
    </trkpt>
    <trkpt lat="35.571957" lon="128.999256">
      <ele>939.400000</ele>
      <time>2016-02-20T11:31:32Z</time>
      <extensions>
        <dbm>-113</dbm>
      </extensions>
    </trkpt>
    <trkpt lat="35.571993" lon="128.999364">
      <ele>939.272727</ele>
      <time>2016-02-20T11:31:40Z</time>
      <extensions>
        <dbm>-113</dbm>
      </extensions>
    </trkpt>
    <trkpt lat="35.572030" lon="128.999476">
      <ele>938.727273</ele>
      <time>2016-02-20T11:31:47Z</time>
      <extensions>
        <dbm>-113</dbm>
      </extensions>
    </trkpt>
    <trkpt lat="35.572073" lon="128.999583">
      <ele>938.272727</ele>
      <time>2016-02-20T11:31:55Z</time>
      <extensions>
        <dbm>-113</dbm>
      </extensions>
    </trkpt>
    <trkpt lat="35.572113" lon="128.999687">
      <ele>937.636364</ele>
      <time>2016-02-20T11:32:01Z</time>
      <extensions>
        <dbm>-113</dbm>
      </extensions>
    </trkpt>
    <trkpt lat="35.572161" lon="128.999793">
      <ele>937.272727</ele>
      <time>2016-02-20T11:32:08Z</time>
      <extensions>
        <dbm>-113</dbm>
      </extensions>
    </trkpt>
    <trkpt lat="35.572215" lon="128.999894">
      <ele>937.090909</ele>
      <time>2016-02-20T11:32:17Z</time>
      <extensions>
        <dbm>-113</dbm>
      </extensions>
    </trkpt>
    <trkpt lat="35.572284" lon="128.999978">
      <ele>936.909091</ele>
      <time>2016-02-20T11:32:24Z</time>
      <extensions>
        <dbm>-113</dbm>
      </extensions>
    </trkpt>
    <trkpt lat="35.572358" lon="129.000046">
      <ele>936.454545</ele>
      <time>2016-02-20T11:32:29Z</time>
      <extensions>
        <dbm>-113</dbm>
      </extensions>
    </trkpt>
    <trkpt lat="35.572443" lon="129.000107">
      <ele>936.181818</ele>
      <time>2016-02-20T11:32:34Z</time>
      <extensions>
        <dbm>-113</dbm>
      </extensions>
    </trkpt>
    <trkpt lat="35.572532" lon="129.000149">
      <ele>935.818182</ele>
      <time>2016-02-20T11:32:41Z</time>
      <extensions>
        <dbm>-113</dbm>
      </extensions>
    </trkpt>
    <trkpt lat="35.572623" lon="129.000183">
      <ele>935.454545</ele>
      <time>2016-02-20T11:32:48Z</time>
      <extensions>
        <dbm>-113</dbm>
      </extensions>
    </trkpt>
    <trkpt lat="35.572700" lon="129.000235">
      <ele>935.181818</ele>
      <time>2016-02-20T11:32:56Z</time>
      <extensions>
        <dbm>-113</dbm>
      </extensions>
    </trkpt>
    <trkpt lat="35.572757" lon="129.000319">
      <ele>935.363636</ele>
      <time>2016-02-20T11:33:03Z</time>
      <extensions>
        <dbm>-113</dbm>
      </extensions>
    </trkpt>
    <trkpt lat="35.572798" lon="129.000427">
      <ele>935.363636</ele>
      <time>2016-02-20T11:33:11Z</time>
      <extensions>
        <dbm>-113</dbm>
      </extensions>
    </trkpt>
    <trkpt lat="35.572832" lon="129.000535">
      <ele>935.272727</ele>
      <time>2016-02-20T11:33:22Z</time>
      <extensions>
        <dbm>-113</dbm>
      </extensions>
    </trkpt>
    <trkpt lat="35.572858" lon="129.000650">
      <ele>935.272727</ele>
      <time>2016-02-20T11:33:30Z</time>
      <extensions>
        <dbm>-113</dbm>
      </extensions>
    </trkpt>
    <trkpt lat="35.572888" lon="129.000760">
      <ele>935.090909</ele>
      <time>2016-02-20T11:33:43Z</time>
      <extensions>
        <dbm>-113</dbm>
      </extensions>
    </trkpt>
    <trkpt lat="35.572921" lon="129.000866">
      <ele>935.272727</ele>
      <time>2016-02-20T11:33:51Z</time>
      <extensions>
        <dbm>-113</dbm>
      </extensions>
    </trkpt>
    <trkpt lat="35.572971" lon="129.000960">
      <ele>935.454545</ele>
      <time>2016-02-20T11:34:05Z</time>
      <extensions>
        <dbm>-113</dbm>
      </extensions>
    </trkpt>
    <trkpt lat="35.573024" lon="129.001052">
      <ele>935.090909</ele>
      <time>2016-02-20T11:34:10Z</time>
      <extensions>
        <dbm>-113</dbm>
      </extensions>
    </trkpt>
    <trkpt lat="35.573081" lon="129.001149">
      <ele>934.545455</ele>
      <time>2016-02-20T11:34:18Z</time>
      <extensions>
        <dbm>-113</dbm>
      </extensions>
    </trkpt>
    <trkpt lat="35.573137" lon="129.001250">
      <ele>934.181818</ele>
      <time>2016-02-20T11:34:27Z</time>
      <extensions>
        <dbm>-113</dbm>
      </extensions>
    </trkpt>
    <trkpt lat="35.573195" lon="129.001346">
      <ele>933.818182</ele>
      <time>2016-02-20T11:34:36Z</time>
      <extensions>
        <dbm>-113</dbm>
      </extensions>
    </trkpt>
    <trkpt lat="35.573263" lon="129.001428">
      <ele>933.636364</ele>
      <time>2016-02-20T11:34:43Z</time>
      <extensions>
        <dbm>-113</dbm>
      </extensions>
    </trkpt>
    <trkpt lat="35.573338" lon="129.001499">
      <ele>933.363636</ele>
      <time>2016-02-20T11:34:51Z</time>
      <extensions>
        <dbm>-113</dbm>
      </extensions>
    </trkpt>
    <trkpt lat="35.573419" lon="129.001570">
      <ele>933.181818</ele>
      <time>2016-02-20T11:34:57Z</time>
      <extensions>
        <dbm>-113</dbm>
      </extensions>
    </trkpt>
    <trkpt lat="35.573497" lon="129.001649">
      <ele>933.181818</ele>
      <time>2016-02-20T11:35:04Z</time>
      <extensions>
        <dbm>-113</dbm>
      </extensions>
    </trkpt>
    <trkpt lat="35.573567" lon="129.001737">
      <ele>933.181818</ele>
      <time>2016-02-20T11:35:14Z</time>
      <extensions>
        <dbm>-113</dbm>
      </extensions>
    </trkpt>
    <trkpt lat="35.573635" lon="129.001833">
      <ele>933.000000</ele>
      <time>2016-02-20T11:35:24Z</time>
      <extensions>
        <dbm>-113</dbm>
      </extensions>
    </trkpt>
    <trkpt lat="35.573698" lon="129.001929">
      <ele>932.909091</ele>
      <time>2016-02-20T11:35:33Z</time>
      <extensions>
        <dbm>-113</dbm>
      </extensions>
    </trkpt>
    <trkpt lat="35.573759" lon="129.002026">
      <ele>932.818182</ele>
      <time>2016-02-20T11:35:39Z</time>
      <extensions>
        <dbm>-113</dbm>
      </extensions>
    </trkpt>
    <trkpt lat="35.573821" lon="129.002122">
      <ele>932.545455</ele>
      <time>2016-02-20T11:35:48Z</time>
      <extensions>
        <dbm>-113</dbm>
      </extensions>
    </trkpt>
    <trkpt lat="35.573879" lon="129.002220">
      <ele>932.545455</ele>
      <time>2016-02-20T11:35:58Z</time>
      <extensions>
        <dbm>-113</dbm>
      </extensions>
    </trkpt>
    <trkpt lat="35.573929" lon="129.002320">
      <ele>932.727273</ele>
      <time>2016-02-20T11:36:05Z</time>
      <extensions>
        <dbm>-113</dbm>
      </extensions>
    </trkpt>
    <trkpt lat="35.573965" lon="129.002427">
      <ele>932.909091</ele>
      <time>2016-02-20T11:36:18Z</time>
      <extensions>
        <dbm>-113</dbm>
      </extensions>
    </trkpt>
    <trkpt lat="35.574007" lon="129.002532">
      <ele>933.090909</ele>
      <time>2016-02-20T11:36:27Z</time>
      <extensions>
        <dbm>-113</dbm>
      </extensions>
    </trkpt>
    <trkpt lat="35.574064" lon="129.002617">
      <ele>933.090909</ele>
      <time>2016-02-20T11:36:36Z</time>
      <extensions>
        <dbm>-113</dbm>
      </extensions>
    </trkpt>
    <trkpt lat="35.574146" lon="129.002673">
      <ele>933.090909</ele>
      <time>2016-02-20T11:36:42Z</time>
      <extensions>
        <dbm>-113</dbm>
      </extensions>
    </trkpt>
    <trkpt lat="35.574234" lon="129.002701">
      <ele>932.909091</ele>
      <time>2016-02-20T11:36:48Z</time>
      <extensions>
        <dbm>-113</dbm>
      </extensions>
    </trkpt>
    <trkpt lat="35.574332" lon="129.002730">
      <ele>932.909091</ele>
      <time>2016-02-20T11:36:53Z</time>
      <extensions>
        <dbm>-113</dbm>
      </extensions>
    </trkpt>
    <trkpt lat="35.574429" lon="129.002753">
      <ele>932.800000</ele>
      <time>2016-02-20T11:37:01Z</time>
      <extensions>
        <dbm>-113</dbm>
      </extensions>
    </trkpt>
    <trkpt lat="35.574530" lon="129.002788">
      <ele>932.500000</ele>
      <time>2016-02-20T11:37:11Z</time>
      <extensions>
        <dbm>-113</dbm>
      </extensions>
    </trkpt>
    <trkpt lat="35.574620" lon="129.002840">
      <ele>932.100000</ele>
      <time>2016-02-20T11:37:19Z</time>
      <extensions>
        <dbm>-113</dbm>
      </extensions>
    </trkpt>
    <trkpt lat="35.574702" lon="129.002904">
      <ele>931.363636</ele>
      <time>2016-02-20T11:37:29Z</time>
      <extensions>
        <dbm>-113</dbm>
      </extensions>
    </trkpt>
    <trkpt lat="35.574776" lon="129.002979">
      <ele>930.454545</ele>
      <time>2016-02-20T11:37:35Z</time>
      <extensions>
        <dbm>-113</dbm>
      </extensions>
    </trkpt>
    <trkpt lat="35.574852" lon="129.003051">
      <ele>929.363636</ele>
      <time>2016-02-20T11:37:42Z</time>
      <extensions>
        <dbm>-113</dbm>
      </extensions>
    </trkpt>
    <trkpt lat="35.574934" lon="129.003118">
      <ele>928.181818</ele>
      <time>2016-02-20T11:37:50Z</time>
      <extensions>
        <dbm>-113</dbm>
      </extensions>
    </trkpt>
    <trkpt lat="35.575021" lon="129.003174">
      <ele>927.363636</ele>
      <time>2016-02-20T11:37:58Z</time>
      <extensions>
        <dbm>-113</dbm>
      </extensions>
    </trkpt>
    <trkpt lat="35.575115" lon="129.003220">
      <ele>926.181818</ele>
      <time>2016-02-20T11:38:06Z</time>
      <extensions>
        <dbm>-113</dbm>
      </extensions>
    </trkpt>
    <trkpt lat="35.575206" lon="129.003272">
      <ele>925.000000</ele>
      <time>2016-02-20T11:38:15Z</time>
      <extensions>
        <dbm>-113</dbm>
      </extensions>
    </trkpt>
    <trkpt lat="35.575301" lon="129.003329">
      <ele>923.909091</ele>
      <time>2016-02-20T11:38:24Z</time>
      <extensions>
        <dbm>-113</dbm>
      </extensions>
    </trkpt>
    <trkpt lat="35.575382" lon="129.003399">
      <ele>922.727273</ele>
      <time>2016-02-20T11:38:33Z</time>
      <extensions>
        <dbm>-113</dbm>
      </extensions>
    </trkpt>
    <trkpt lat="35.575458" lon="129.003475">
      <ele>921.454545</ele>
      <time>2016-02-20T11:38:40Z</time>
      <extensions>
        <dbm>-113</dbm>
      </extensions>
    </trkpt>
    <trkpt lat="35.575525" lon="129.003551">
      <ele>920.818182</ele>
      <time>2016-02-20T11:38:53Z</time>
      <extensions>
        <dbm>-113</dbm>
      </extensions>
    </trkpt>
    <trkpt lat="35.575593" lon="129.003627">
      <ele>920.727273</ele>
      <time>2016-02-20T11:39:04Z</time>
      <extensions>
        <dbm>-113</dbm>
      </extensions>
    </trkpt>
    <trkpt lat="35.575658" lon="129.003708">
      <ele>920.727273</ele>
      <time>2016-02-20T11:39:16Z</time>
      <extensions>
        <dbm>-113</dbm>
      </extensions>
    </trkpt>
    <trkpt lat="35.575719" lon="129.003798">
      <ele>920.636364</ele>
      <time>2016-02-20T11:39:22Z</time>
      <extensions>
        <dbm>-113</dbm>
      </extensions>
    </trkpt>
    <trkpt lat="35.575785" lon="129.003883">
      <ele>920.545455</ele>
      <time>2016-02-20T11:39:29Z</time>
      <extensions>
        <dbm>-113</dbm>
      </extensions>
    </trkpt>
    <trkpt lat="35.575848" lon="129.003966">
      <ele>920.545455</ele>
      <time>2016-02-20T11:39:39Z</time>
      <extensions>
        <dbm>-113</dbm>
      </extensions>
    </trkpt>
    <trkpt lat="35.575914" lon="129.004049">
      <ele>920.636364</ele>
      <time>2016-02-20T11:39:48Z</time>
      <extensions>
        <dbm>-113</dbm>
      </extensions>
    </trkpt>
    <trkpt lat="35.575967" lon="129.004148">
      <ele>920.909091</ele>
      <time>2016-02-20T11:39:57Z</time>
      <extensions>
        <dbm>-113</dbm>
      </extensions>
    </trkpt>
    <trkpt lat="35.576016" lon="129.004259">
      <ele>920.900000</ele>
      <time>2016-02-20T11:40:10Z</time>
      <extensions>
        <dbm>-113</dbm>
      </extensions>
    </trkpt>
    <trkpt lat="35.576065" lon="129.004363">
      <ele>921.363636</ele>
      <time>2016-02-20T11:40:25Z</time>
      <extensions>
        <dbm>-113</dbm>
      </extensions>
    </trkpt>
    <trkpt lat="35.576126" lon="129.004458">
      <ele>922.300000</ele>
      <time>2016-02-20T11:40:34Z</time>
      <extensions>
        <dbm>-113</dbm>
      </extensions>
    </trkpt>
    <trkpt lat="35.576202" lon="129.004538">
      <ele>923.200000</ele>
      <time>2016-02-20T11:40:43Z</time>
      <extensions>
        <dbm>-113</dbm>
      </extensions>
    </trkpt>
    <trkpt lat="35.576283" lon="129.004619">
      <ele>924.400000</ele>
      <time>2016-02-20T11:40:52Z</time>
      <extensions>
        <dbm>-113</dbm>
      </extensions>
    </trkpt>
    <trkpt lat="35.576366" lon="129.004697">
      <ele>925.800000</ele>
      <time>2016-02-20T11:41:00Z</time>
      <extensions>
        <dbm>-113</dbm>
      </extensions>
    </trkpt>
    <trkpt lat="35.576445" lon="129.004772">
      <ele>926.545455</ele>
      <time>2016-02-20T11:41:09Z</time>
      <extensions>
        <dbm>-113</dbm>
      </extensions>
    </trkpt>
    <trkpt lat="35.576517" lon="129.004847">
      <ele>927.727273</ele>
      <time>2016-02-20T11:41:18Z</time>
      <extensions>
        <dbm>-113</dbm>
      </extensions>
    </trkpt>
    <trkpt lat="35.576608" lon="129.004908">
      <ele>929.500000</ele>
      <time>2016-02-20T11:41:31Z</time>
      <extensions>
        <dbm>-113</dbm>
      </extensions>
    </trkpt>
    <trkpt lat="35.576684" lon="129.004975">
      <ele>929.727273</ele>
      <time>2016-02-20T11:43:13Z</time>
      <extensions>
        <dbm>-113</dbm>
      </extensions>
    </trkpt>
    <trkpt lat="35.576758" lon="129.005045">
      <ele>930.818182</ele>
      <time>2016-02-20T11:44:22Z</time>
      <extensions>
        <dbm>-113</dbm>
      </extensions>
    </trkpt>
    <trkpt lat="35.576815" lon="129.005136">
      <ele>931.909091</ele>
      <time>2016-02-20T11:44:36Z</time>
      <extensions>
        <dbm>-113</dbm>
      </extensions>
    </trkpt>
    <trkpt lat="35.576889" lon="129.005217">
      <ele>933.500000</ele>
      <time>2016-02-20T11:44:45Z</time>
      <extensions>
        <dbm>-113</dbm>
      </extensions>
    </trkpt>
    <trkpt lat="35.576966" lon="129.005298">
      <ele>934.300000</ele>
      <time>2016-02-20T11:44:52Z</time>
      <extensions>
        <dbm>-113</dbm>
      </extensions>
    </trkpt>
    <trkpt lat="35.577041" lon="129.005369">
      <ele>935.000000</ele>
      <time>2016-02-20T11:45:01Z</time>
      <extensions>
        <dbm>-113</dbm>
      </extensions>
    </trkpt>
    <trkpt lat="35.577113" lon="129.005437">
      <ele>935.700000</ele>
      <time>2016-02-20T11:45:13Z</time>
      <extensions>
        <dbm>-113</dbm>
      </extensions>
    </trkpt>
    <trkpt lat="35.577181" lon="129.005504">
      <ele>936.181818</ele>
      <time>2016-02-20T11:45:26Z</time>
      <extensions>
        <dbm>-113</dbm>
      </extensions>
    </trkpt>
    <trkpt lat="35.577240" lon="129.005584">
      <ele>937.181818</ele>
      <time>2016-02-20T11:45:35Z</time>
      <extensions>
        <dbm>-113</dbm>
      </extensions>
    </trkpt>
    <trkpt lat="35.577289" lon="129.005675">
      <ele>938.090909</ele>
      <time>2016-02-20T11:45:53Z</time>
      <extensions>
        <dbm>-113</dbm>
      </extensions>
    </trkpt>
    <trkpt lat="35.577337" lon="129.005767">
      <ele>939.181818</ele>
      <time>2016-02-20T11:46:04Z</time>
      <extensions>
        <dbm>-113</dbm>
      </extensions>
    </trkpt>
    <trkpt lat="35.577391" lon="129.005853">
      <ele>940.545455</ele>
      <time>2016-02-20T11:46:27Z</time>
      <extensions>
        <dbm>-113</dbm>
      </extensions>
    </trkpt>
    <trkpt lat="35.577432" lon="129.005943">
      <ele>941.909091</ele>
      <time>2016-02-20T11:46:38Z</time>
      <extensions>
        <dbm>-113</dbm>
      </extensions>
    </trkpt>
    <trkpt lat="35.577455" lon="129.006041">
      <ele>942.909091</ele>
      <time>2016-02-20T11:46:50Z</time>
      <extensions>
        <dbm>-113</dbm>
      </extensions>
    </trkpt>
    <trkpt lat="35.577470" lon="129.006145">
      <ele>944.545455</ele>
      <time>2016-02-20T11:47:07Z</time>
      <extensions>
        <dbm>-113</dbm>
      </extensions>
    </trkpt>
    <trkpt lat="35.577482" lon="129.006243">
      <ele>945.300000</ele>
      <time>2016-02-20T11:47:17Z</time>
      <extensions>
        <dbm>-113</dbm>
      </extensions>
    </trkpt>
    <trkpt lat="35.577490" lon="129.006337">
      <ele>947.000000</ele>
      <time>2016-02-20T11:47:25Z</time>
      <extensions>
        <dbm>-113</dbm>
      </extensions>
    </trkpt>
    <trkpt lat="35.577472" lon="129.006432">
      <ele>948.700000</ele>
      <time>2016-02-20T11:47:37Z</time>
      <extensions>
        <dbm>-113</dbm>
      </extensions>
    </trkpt>
    <trkpt lat="35.577449" lon="129.006536">
      <ele>950.300000</ele>
      <time>2016-02-20T11:47:51Z</time>
      <extensions>
        <dbm>-113</dbm>
      </extensions>
    </trkpt>
    <trkpt lat="35.577418" lon="129.006644">
      <ele>951.800000</ele>
      <time>2016-02-20T11:48:04Z</time>
      <extensions>
        <dbm>-113</dbm>
      </extensions>
    </trkpt>
    <trkpt lat="35.577406" lon="129.006756">
      <ele>953.300000</ele>
      <time>2016-02-20T11:48:13Z</time>
      <extensions>
        <dbm>-113</dbm>
      </extensions>
    </trkpt>
    <trkpt lat="35.577413" lon="129.006860">
      <ele>954.600000</ele>
      <time>2016-02-20T11:48:23Z</time>
      <extensions>
        <dbm>-113</dbm>
      </extensions>
    </trkpt>
    <trkpt lat="35.577437" lon="129.006966">
      <ele>955.600000</ele>
      <time>2016-02-20T11:48:31Z</time>
      <extensions>
        <dbm>-113</dbm>
      </extensions>
    </trkpt>
    <trkpt lat="35.577468" lon="129.007066">
      <ele>956.700000</ele>
      <time>2016-02-20T11:48:44Z</time>
      <extensions>
        <dbm>-113</dbm>
      </extensions>
    </trkpt>
    <trkpt lat="35.577509" lon="129.007161">
      <ele>957.181818</ele>
      <time>2016-02-20T11:48:52Z</time>
      <extensions>
        <dbm>-113</dbm>
      </extensions>
    </trkpt>
    <trkpt lat="35.577551" lon="129.007254">
      <ele>958.272727</ele>
      <time>2016-02-20T11:49:00Z</time>
      <extensions>
        <dbm>-113</dbm>
      </extensions>
    </trkpt>
    <trkpt lat="35.577575" lon="129.007357">
      <ele>959.090909</ele>
      <time>2016-02-20T11:49:12Z</time>
      <extensions>
        <dbm>-113</dbm>
      </extensions>
    </trkpt>
    <trkpt lat="35.577580" lon="129.007472">
      <ele>960.000000</ele>
      <time>2016-02-20T11:49:23Z</time>
      <extensions>
        <dbm>-113</dbm>
      </extensions>
    </trkpt>
    <trkpt lat="35.577591" lon="129.007590">
      <ele>961.300000</ele>
      <time>2016-02-20T11:49:31Z</time>
      <extensions>
        <dbm>-113</dbm>
      </extensions>
    </trkpt>
    <trkpt lat="35.577628" lon="129.007703">
      <ele>962.100000</ele>
      <time>2016-02-20T11:49:40Z</time>
      <extensions>
        <dbm>-113</dbm>
      </extensions>
    </trkpt>
    <trkpt lat="35.577680" lon="129.007810">
      <ele>963.000000</ele>
      <time>2016-02-20T11:49:50Z</time>
      <extensions>
        <dbm>-113</dbm>
      </extensions>
    </trkpt>
    <trkpt lat="35.577737" lon="129.007911">
      <ele>963.900000</ele>
      <time>2016-02-20T11:49:57Z</time>
      <extensions>
        <dbm>-113</dbm>
      </extensions>
    </trkpt>
    <trkpt lat="35.577801" lon="129.007996">
      <ele>964.800000</ele>
      <time>2016-02-20T11:50:05Z</time>
      <extensions>
        <dbm>-113</dbm>
      </extensions>
    </trkpt>
    <trkpt lat="35.577881" lon="129.008069">
      <ele>965.500000</ele>
      <time>2016-02-20T11:50:12Z</time>
      <extensions>
        <dbm>-113</dbm>
      </extensions>
    </trkpt>
    <trkpt lat="35.577968" lon="129.008128">
      <ele>965.800000</ele>
      <time>2016-02-20T11:50:21Z</time>
      <extensions>
        <dbm>-113</dbm>
      </extensions>
    </trkpt>
    <trkpt lat="35.578055" lon="129.008185">
      <ele>966.000000</ele>
      <time>2016-02-20T11:50:28Z</time>
      <extensions>
        <dbm>-113</dbm>
      </extensions>
    </trkpt>
    <trkpt lat="35.578135" lon="129.008243">
      <ele>965.800000</ele>
      <time>2016-02-20T11:50:36Z</time>
      <extensions>
        <dbm>-113</dbm>
      </extensions>
    </trkpt>
    <trkpt lat="35.578213" lon="129.008309">
      <ele>966.090909</ele>
      <time>2016-02-20T11:50:46Z</time>
      <extensions>
        <dbm>-113</dbm>
      </extensions>
    </trkpt>
    <trkpt lat="35.578289" lon="129.008379">
      <ele>965.800000</ele>
      <time>2016-02-20T11:50:55Z</time>
      <extensions>
        <dbm>-113</dbm>
      </extensions>
    </trkpt>
    <trkpt lat="35.578366" lon="129.008446">
      <ele>966.090909</ele>
      <time>2016-02-20T11:51:04Z</time>
      <extensions>
        <dbm>-113</dbm>
      </extensions>
    </trkpt>
    <trkpt lat="35.578446" lon="129.008504">
      <ele>966.090909</ele>
      <time>2016-02-20T11:51:12Z</time>
      <extensions>
        <dbm>-113</dbm>
      </extensions>
    </trkpt>
    <trkpt lat="35.578533" lon="129.008557">
      <ele>965.454545</ele>
      <time>2016-02-20T11:51:20Z</time>
      <extensions>
        <dbm>-113</dbm>
      </extensions>
    </trkpt>
    <trkpt lat="35.578627" lon="129.008605">
      <ele>964.909091</ele>
      <time>2016-02-20T11:51:28Z</time>
      <extensions>
        <dbm>-105</dbm>
      </extensions>
    </trkpt>
    <trkpt lat="35.578716" lon="129.008658">
      <ele>964.454545</ele>
      <time>2016-02-20T11:51:37Z</time>
      <extensions>
        <dbm>-105</dbm>
      </extensions>
    </trkpt>
    <trkpt lat="35.578802" lon="129.008714">
      <ele>964.363636</ele>
      <time>2016-02-20T11:51:44Z</time>
      <extensions>
        <dbm>-105</dbm>
      </extensions>
    </trkpt>
    <trkpt lat="35.578883" lon="129.008763">
      <ele>964.090909</ele>
      <time>2016-02-20T11:51:54Z</time>
      <extensions>
        <dbm>-105</dbm>
      </extensions>
    </trkpt>
    <trkpt lat="35.578960" lon="129.008816">
      <ele>963.363636</ele>
      <time>2016-02-20T11:52:04Z</time>
      <extensions>
        <dbm>-105</dbm>
      </extensions>
    </trkpt>
    <trkpt lat="35.579040" lon="129.008876">
      <ele>962.636364</ele>
      <time>2016-02-20T11:52:12Z</time>
      <extensions>
        <dbm>-105</dbm>
      </extensions>
    </trkpt>
    <trkpt lat="35.579117" lon="129.008946">
      <ele>962.000000</ele>
      <time>2016-02-20T11:52:22Z</time>
      <extensions>
        <dbm>-105</dbm>
      </extensions>
    </trkpt>
    <trkpt lat="35.579205" lon="129.009007">
      <ele>961.545455</ele>
      <time>2016-02-20T11:52:31Z</time>
      <extensions>
        <dbm>-105</dbm>
      </extensions>
    </trkpt>
    <trkpt lat="35.579290" lon="129.009065">
      <ele>961.000000</ele>
      <time>2016-02-20T11:52:42Z</time>
      <extensions>
        <dbm>-105</dbm>
      </extensions>
    </trkpt>
    <trkpt lat="35.579373" lon="129.009137">
      <ele>960.545455</ele>
      <time>2016-02-20T11:52:49Z</time>
      <extensions>
        <dbm>-105</dbm>
      </extensions>
    </trkpt>
    <trkpt lat="35.579444" lon="129.009219">
      <ele>960.272727</ele>
      <time>2016-02-20T11:52:57Z</time>
      <extensions>
        <dbm>-105</dbm>
      </extensions>
    </trkpt>
    <trkpt lat="35.579510" lon="129.009314">
      <ele>960.090909</ele>
      <time>2016-02-20T11:53:05Z</time>
      <extensions>
        <dbm>-105</dbm>
      </extensions>
    </trkpt>
    <trkpt lat="35.579562" lon="129.009414">
      <ele>960.090909</ele>
      <time>2016-02-20T11:53:19Z</time>
      <extensions>
        <dbm>-105</dbm>
      </extensions>
    </trkpt>
    <trkpt lat="35.579610" lon="129.009517">
      <ele>960.090909</ele>
      <time>2016-02-20T11:53:29Z</time>
      <extensions>
        <dbm>-105</dbm>
      </extensions>
    </trkpt>
    <trkpt lat="35.579660" lon="129.009611">
      <ele>960.181818</ele>
      <time>2016-02-20T11:53:36Z</time>
      <extensions>
        <dbm>-105</dbm>
      </extensions>
    </trkpt>
    <trkpt lat="35.579711" lon="129.009701">
      <ele>960.181818</ele>
      <time>2016-02-20T11:53:44Z</time>
      <extensions>
        <dbm>-105</dbm>
      </extensions>
    </trkpt>
    <trkpt lat="35.579757" lon="129.009794">
      <ele>960.272727</ele>
      <time>2016-02-20T11:53:53Z</time>
      <extensions>
        <dbm>-105</dbm>
      </extensions>
    </trkpt>
    <trkpt lat="35.579791" lon="129.009902">
      <ele>960.090909</ele>
      <time>2016-02-20T11:54:04Z</time>
      <extensions>
        <dbm>-105</dbm>
      </extensions>
    </trkpt>
    <trkpt lat="35.579824" lon="129.010018">
      <ele>960.090909</ele>
      <time>2016-02-20T11:54:13Z</time>
      <extensions>
        <dbm>-105</dbm>
      </extensions>
    </trkpt>
    <trkpt lat="35.579857" lon="129.010130">
      <ele>960.363636</ele>
      <time>2016-02-20T11:54:23Z</time>
      <extensions>
        <dbm>-105</dbm>
      </extensions>
    </trkpt>
    <trkpt lat="35.579904" lon="129.010227">
      <ele>960.818182</ele>
      <time>2016-02-20T11:54:31Z</time>
      <extensions>
        <dbm>-105</dbm>
      </extensions>
    </trkpt>
    <trkpt lat="35.579954" lon="129.010313">
      <ele>961.181818</ele>
      <time>2016-02-20T11:54:38Z</time>
      <extensions>
        <dbm>-105</dbm>
      </extensions>
    </trkpt>
    <trkpt lat="35.580011" lon="129.010409">
      <ele>961.727273</ele>
      <time>2016-02-20T11:54:45Z</time>
      <extensions>
        <dbm>-105</dbm>
      </extensions>
    </trkpt>
    <trkpt lat="35.580060" lon="129.010511">
      <ele>961.727273</ele>
      <time>2016-02-20T11:54:55Z</time>
      <extensions>
        <dbm>-125</dbm>
      </extensions>
    </trkpt>
    <trkpt lat="35.580113" lon="129.010614">
      <ele>962.272727</ele>
      <time>2016-02-20T11:55:03Z</time>
      <extensions>
        <dbm>-125</dbm>
      </extensions>
    </trkpt>
    <trkpt lat="35.580178" lon="129.010680">
      <ele>962.727273</ele>
      <time>2016-02-20T11:55:11Z</time>
      <extensions>
        <dbm>-125</dbm>
      </extensions>
    </trkpt>
    <trkpt lat="35.580261" lon="129.010724">
      <ele>963.181818</ele>
      <time>2016-02-20T11:55:18Z</time>
      <extensions>
        <dbm>-125</dbm>
      </extensions>
    </trkpt>
    <trkpt lat="35.580353" lon="129.010749">
      <ele>963.100000</ele>
      <time>2016-02-20T11:55:25Z</time>
      <extensions>
        <dbm>-125</dbm>
      </extensions>
    </trkpt>
    <trkpt lat="35.580448" lon="129.010792">
      <ele>963.454545</ele>
      <time>2016-02-20T11:55:32Z</time>
      <extensions>
        <dbm>-125</dbm>
      </extensions>
    </trkpt>
    <trkpt lat="35.580535" lon="129.010853">
      <ele>963.636364</ele>
      <time>2016-02-20T11:55:41Z</time>
      <extensions>
        <dbm>-125</dbm>
      </extensions>
    </trkpt>
    <trkpt lat="35.580612" lon="129.010931">
      <ele>963.400000</ele>
      <time>2016-02-20T11:55:48Z</time>
      <extensions>
        <dbm>-125</dbm>
      </extensions>
    </trkpt>
    <trkpt lat="35.580672" lon="129.011018">
      <ele>963.400000</ele>
      <time>2016-02-20T11:55:55Z</time>
      <extensions>
        <dbm>-125</dbm>
      </extensions>
    </trkpt>
    <trkpt lat="35.580713" lon="129.011116">
      <ele>963.090909</ele>
      <time>2016-02-20T11:56:05Z</time>
      <extensions>
        <dbm>-125</dbm>
      </extensions>
    </trkpt>
    <trkpt lat="35.580752" lon="129.011220">
      <ele>963.090909</ele>
      <time>2016-02-20T11:56:15Z</time>
      <extensions>
        <dbm>-125</dbm>
      </extensions>
    </trkpt>
    <trkpt lat="35.580797" lon="129.011327">
      <ele>963.090909</ele>
      <time>2016-02-20T11:56:27Z</time>
      <extensions>
        <dbm>-125</dbm>
      </extensions>
    </trkpt>
    <trkpt lat="35.580852" lon="129.011432">
      <ele>963.363636</ele>
      <time>2016-02-20T11:56:36Z</time>
      <extensions>
        <dbm>-125</dbm>
      </extensions>
    </trkpt>
    <trkpt lat="35.580897" lon="129.011540">
      <ele>963.545455</ele>
      <time>2016-02-20T11:56:44Z</time>
      <extensions>
        <dbm>-125</dbm>
      </extensions>
    </trkpt>
    <trkpt lat="35.580926" lon="129.011647">
      <ele>963.909091</ele>
      <time>2016-02-20T11:56:52Z</time>
      <extensions>
        <dbm>-125</dbm>
      </extensions>
    </trkpt>
    <trkpt lat="35.580958" lon="129.011748">
      <ele>963.909091</ele>
      <time>2016-02-20T11:57:00Z</time>
      <extensions>
        <dbm>-125</dbm>
      </extensions>
    </trkpt>
    <trkpt lat="35.580985" lon="129.011852">
      <ele>963.454545</ele>
      <time>2016-02-20T11:57:06Z</time>
      <extensions>
        <dbm>-125</dbm>
      </extensions>
    </trkpt>
    <trkpt lat="35.581031" lon="129.011951">
      <ele>962.909091</ele>
      <time>2016-02-20T11:57:16Z</time>
      <extensions>
        <dbm>-125</dbm>
      </extensions>
    </trkpt>
    <trkpt lat="35.581078" lon="129.012049">
      <ele>962.272727</ele>
      <time>2016-02-20T11:57:30Z</time>
      <extensions>
        <dbm>-125</dbm>
      </extensions>
    </trkpt>
    <trkpt lat="35.581131" lon="129.012137">
      <ele>962.181818</ele>
      <time>2016-02-20T11:57:36Z</time>
      <extensions>
        <dbm>-125</dbm>
      </extensions>
    </trkpt>
    <trkpt lat="35.581183" lon="129.012217">
      <ele>961.272727</ele>
      <time>2016-02-20T11:57:45Z</time>
      <extensions>
        <dbm>-125</dbm>
      </extensions>
    </trkpt>
    <trkpt lat="35.581251" lon="129.012264">
      <ele>960.363636</ele>
      <time>2016-02-20T11:57:58Z</time>
      <extensions>
        <dbm>-113</dbm>
      </extensions>
    </trkpt>
    <trkpt lat="35.581339" lon="129.012269">
      <ele>959.090909</ele>
      <time>2016-02-20T11:58:07Z</time>
      <extensions>
        <dbm>-113</dbm>
      </extensions>
    </trkpt>
    <trkpt lat="35.581434" lon="129.012236">
      <ele>958.090909</ele>
      <time>2016-02-20T11:58:16Z</time>
      <extensions>
        <dbm>-113</dbm>
      </extensions>
    </trkpt>
    <trkpt lat="35.581528" lon="129.012208">
      <ele>956.909091</ele>
      <time>2016-02-20T11:58:24Z</time>
      <extensions>
        <dbm>-113</dbm>
      </extensions>
    </trkpt>
    <trkpt lat="35.581620" lon="129.012175">
      <ele>955.454545</ele>
      <time>2016-02-20T11:58:32Z</time>
      <extensions>
        <dbm>-113</dbm>
      </extensions>
    </trkpt>
    <trkpt lat="35.581712" lon="129.012146">
      <ele>954.090909</ele>
      <time>2016-02-20T11:59:02Z</time>
      <extensions>
        <dbm>-113</dbm>
      </extensions>
    </trkpt>
    <trkpt lat="35.581798" lon="129.012131">
      <ele>953.200000</ele>
      <time>2016-02-20T11:59:21Z</time>
      <extensions>
        <dbm>-113</dbm>
      </extensions>
    </trkpt>
    <trkpt lat="35.581884" lon="129.012135">
      <ele>951.600000</ele>
      <time>2016-02-20T11:59:32Z</time>
      <extensions>
        <dbm>-113</dbm>
      </extensions>
    </trkpt>
    <trkpt lat="35.581967" lon="129.012178">
      <ele>949.900000</ele>
      <time>2016-02-20T12:00:04Z</time>
      <extensions>
        <dbm>-113</dbm>
      </extensions>
    </trkpt>
    <trkpt lat="35.582050" lon="129.012233">
      <ele>948.400000</ele>
      <time>2016-02-20T12:00:15Z</time>
      <extensions>
        <dbm>-120</dbm>
      </extensions>
    </trkpt>
    <trkpt lat="35.582130" lon="129.012312">
      <ele>947.100000</ele>
      <time>2016-02-20T12:00:24Z</time>
      <extensions>
        <dbm>-113</dbm>
      </extensions>
    </trkpt>
    <trkpt lat="35.582211" lon="129.012386">
      <ele>945.272727</ele>
      <time>2016-02-20T12:00:35Z</time>
      <extensions>
        <dbm>-113</dbm>
      </extensions>
    </trkpt>
    <trkpt lat="35.582287" lon="129.012463">
      <ele>943.909091</ele>
      <time>2016-02-20T12:00:45Z</time>
      <extensions>
        <dbm>-113</dbm>
      </extensions>
    </trkpt>
    <trkpt lat="35.582340" lon="129.012554">
      <ele>942.454545</ele>
      <time>2016-02-20T12:00:53Z</time>
      <extensions>
        <dbm>-113</dbm>
      </extensions>
    </trkpt>
    <trkpt lat="35.582372" lon="129.012663">
      <ele>941.900000</ele>
      <time>2016-02-20T12:01:02Z</time>
      <extensions>
        <dbm>-113</dbm>
      </extensions>
    </trkpt>
    <trkpt lat="35.582389" lon="129.012777">
      <ele>940.800000</ele>
      <time>2016-02-20T12:01:10Z</time>
      <extensions>
        <dbm>-113</dbm>
      </extensions>
    </trkpt>
    <trkpt lat="35.582405" lon="129.012892">
      <ele>939.363636</ele>
      <time>2016-02-20T12:01:19Z</time>
      <extensions>
        <dbm>-113</dbm>
      </extensions>
    </trkpt>
    <trkpt lat="35.582414" lon="129.013004">
      <ele>938.363636</ele>
      <time>2016-02-20T12:01:28Z</time>
      <extensions>
        <dbm>-113</dbm>
      </extensions>
    </trkpt>
    <trkpt lat="35.582407" lon="129.013117">
      <ele>937.545455</ele>
      <time>2016-02-20T12:01:36Z</time>
      <extensions>
        <dbm>-113</dbm>
      </extensions>
    </trkpt>
    <trkpt lat="35.582393" lon="129.013225">
      <ele>937.500000</ele>
      <time>2016-02-20T12:01:49Z</time>
      <extensions>
        <dbm>-113</dbm>
      </extensions>
    </trkpt>
    <trkpt lat="35.582388" lon="129.013329">
      <ele>936.909091</ele>
      <time>2016-02-20T12:01:58Z</time>
      <extensions>
        <dbm>-113</dbm>
      </extensions>
    </trkpt>
    <trkpt lat="35.582385" lon="129.013437">
      <ele>936.500000</ele>
      <time>2016-02-20T12:02:04Z</time>
      <extensions>
        <dbm>-113</dbm>
      </extensions>
    </trkpt>
    <trkpt lat="35.582400" lon="129.013545">
      <ele>936.100000</ele>
      <time>2016-02-20T12:02:14Z</time>
      <extensions>
        <dbm>-113</dbm>
      </extensions>
    </trkpt>
    <trkpt lat="35.582410" lon="129.013659">
      <ele>935.600000</ele>
      <time>2016-02-20T12:02:20Z</time>
      <extensions>
        <dbm>-113</dbm>
      </extensions>
    </trkpt>
    <trkpt lat="35.582427" lon="129.013774">
      <ele>935.000000</ele>
      <time>2016-02-20T12:02:26Z</time>
      <extensions>
        <dbm>-113</dbm>
      </extensions>
    </trkpt>
    <trkpt lat="35.582429" lon="129.013892">
      <ele>934.181818</ele>
      <time>2016-02-20T12:02:33Z</time>
      <extensions>
        <dbm>-113</dbm>
      </extensions>
    </trkpt>
    <trkpt lat="35.582421" lon="129.014010">
      <ele>933.636364</ele>
      <time>2016-02-20T12:02:41Z</time>
      <extensions>
        <dbm>-113</dbm>
      </extensions>
    </trkpt>
    <trkpt lat="35.582404" lon="129.014115">
      <ele>933.181818</ele>
      <time>2016-02-20T12:02:47Z</time>
      <extensions>
        <dbm>-113</dbm>
      </extensions>
    </trkpt>
    <trkpt lat="35.582389" lon="129.014224">
      <ele>932.818182</ele>
      <time>2016-02-20T12:02:54Z</time>
      <extensions>
        <dbm>-113</dbm>
      </extensions>
    </trkpt>
    <trkpt lat="35.582391" lon="129.014332">
      <ele>932.272727</ele>
      <time>2016-02-20T12:03:25Z</time>
      <extensions>
        <dbm>-113</dbm>
      </extensions>
    </trkpt>
    <trkpt lat="35.582403" lon="129.014438">
      <ele>932.000000</ele>
      <time>2016-02-20T12:03:36Z</time>
      <extensions>
        <dbm>-113</dbm>
      </extensions>
    </trkpt>
    <trkpt lat="35.582424" lon="129.014534">
      <ele>931.100000</ele>
      <time>2016-02-20T12:03:56Z</time>
      <extensions>
        <dbm>-113</dbm>
      </extensions>
    </trkpt>
    <trkpt lat="35.582473" lon="129.014638">
      <ele>930.900000</ele>
      <time>2016-02-20T12:04:10Z</time>
      <extensions>
        <dbm>-113</dbm>
      </extensions>
    </trkpt>
    <trkpt lat="35.582519" lon="129.014749">
      <ele>931.200000</ele>
      <time>2016-02-20T12:04:42Z</time>
      <extensions>
        <dbm>-113</dbm>
      </extensions>
    </trkpt>
    <trkpt lat="35.582569" lon="129.014862">
      <ele>930.900000</ele>
      <time>2016-02-20T12:05:14Z</time>
      <extensions>
        <dbm>-113</dbm>
      </extensions>
    </trkpt>
    <trkpt lat="35.582588" lon="129.014972">
      <ele>930.900000</ele>
      <time>2016-02-20T12:05:34Z</time>
      <extensions>
        <dbm>-113</dbm>
      </extensions>
    </trkpt>
    <trkpt lat="35.582627" lon="129.015072">
      <ele>931.400000</ele>
      <time>2016-02-20T12:05:59Z</time>
      <extensions>
        <dbm>-113</dbm>
      </extensions>
    </trkpt>
    <trkpt lat="35.582664" lon="129.015162">
      <ele>931.900000</ele>
      <time>2016-02-20T12:06:10Z</time>
      <extensions>
        <dbm>-113</dbm>
      </extensions>
    </trkpt>
    <trkpt lat="35.582707" lon="129.015242">
      <ele>932.100000</ele>
      <time>2016-02-20T12:06:37Z</time>
      <extensions>
        <dbm>-113</dbm>
      </extensions>
    </trkpt>
    <trkpt lat="35.582737" lon="129.015340">
      <ele>932.100000</ele>
      <time>2016-02-20T12:07:11Z</time>
      <extensions>
        <dbm>-140</dbm>
      </extensions>
    </trkpt>
    <trkpt lat="35.582764" lon="129.015446">
      <ele>932.100000</ele>
      <time>2016-02-20T12:07:28Z</time>
      <extensions>
        <dbm>-140</dbm>
      </extensions>
    </trkpt>
    <trkpt lat="35.582805" lon="129.015545">
      <ele>932.500000</ele>
      <time>2016-02-20T12:07:49Z</time>
      <extensions>
        <dbm>-140</dbm>
      </extensions>
    </trkpt>
    <trkpt lat="35.582852" lon="129.015634">
      <ele>932.600000</ele>
      <time>2016-02-20T12:08:00Z</time>
      <extensions>
        <dbm>-140</dbm>
      </extensions>
    </trkpt>
    <trkpt lat="35.582906" lon="129.015725">
      <ele>933.700000</ele>
      <time>2016-02-20T12:08:17Z</time>
      <extensions>
        <dbm>-140</dbm>
      </extensions>
    </trkpt>
    <trkpt lat="35.582925" lon="129.015816">
      <ele>935.600000</ele>
      <time>2016-02-20T12:08:34Z</time>
      <extensions>
        <dbm>-140</dbm>
      </extensions>
    </trkpt>
    <trkpt lat="35.582934" lon="129.015910">
      <ele>937.000000</ele>
      <time>2016-02-20T12:08:47Z</time>
      <extensions>
        <dbm>-140</dbm>
      </extensions>
    </trkpt>
    <trkpt lat="35.582928" lon="129.015997">
      <ele>939.454545</ele>
      <time>2016-02-20T12:09:05Z</time>
      <extensions>
        <dbm>-140</dbm>
      </extensions>
    </trkpt>
    <trkpt lat="35.582941" lon="129.016090">
      <ele>942.272727</ele>
      <time>2016-02-20T12:09:18Z</time>
      <extensions>
        <dbm>-140</dbm>
      </extensions>
    </trkpt>
    <trkpt lat="35.582956" lon="129.016181">
      <ele>945.090909</ele>
      <time>2016-02-20T12:09:40Z</time>
      <extensions>
        <dbm>-140</dbm>
      </extensions>
    </trkpt>
    <trkpt lat="35.582987" lon="129.016281">
      <ele>947.727273</ele>
      <time>2016-02-20T12:09:55Z</time>
      <extensions>
        <dbm>-140</dbm>
      </extensions>
    </trkpt>
    <trkpt lat="35.583028" lon="129.016385">
      <ele>951.600000</ele>
      <time>2016-02-20T12:10:17Z</time>
      <extensions>
        <dbm>-140</dbm>
      </extensions>
    </trkpt>
    <trkpt lat="35.583076" lon="129.016473">
      <ele>954.600000</ele>
      <time>2016-02-20T12:10:35Z</time>
      <extensions>
        <dbm>-140</dbm>
      </extensions>
    </trkpt>
    <trkpt lat="35.583142" lon="129.016548">
      <ele>955.727273</ele>
      <time>2016-02-20T12:10:48Z</time>
      <extensions>
        <dbm>-140</dbm>
      </extensions>
    </trkpt>
    <trkpt lat="35.583218" lon="129.016616">
      <ele>958.454545</ele>
      <time>2016-02-20T12:10:57Z</time>
      <extensions>
        <dbm>-140</dbm>
      </extensions>
    </trkpt>
    <trkpt lat="35.583304" lon="129.016692">
      <ele>961.600000</ele>
      <time>2016-02-20T12:11:15Z</time>
      <extensions>
        <dbm>-140</dbm>
      </extensions>
    </trkpt>
    <trkpt lat="35.583374" lon="129.016778">
      <ele>963.400000</ele>
      <time>2016-02-20T12:11:30Z</time>
      <extensions>
        <dbm>-140</dbm>
      </extensions>
    </trkpt>
    <trkpt lat="35.583438" lon="129.016861">
      <ele>964.800000</ele>
      <time>2016-02-20T12:11:45Z</time>
      <extensions>
        <dbm>-140</dbm>
      </extensions>
    </trkpt>
    <trkpt lat="35.583494" lon="129.016947">
      <ele>966.600000</ele>
      <time>2016-02-20T12:12:01Z</time>
      <extensions>
        <dbm>-140</dbm>
      </extensions>
    </trkpt>
    <trkpt lat="35.583552" lon="129.017042">
      <ele>968.100000</ele>
      <time>2016-02-20T12:12:18Z</time>
      <extensions>
        <dbm>-140</dbm>
      </extensions>
    </trkpt>
    <trkpt lat="35.583592" lon="129.017147">
      <ele>969.500000</ele>
      <time>2016-02-20T12:12:52Z</time>
      <extensions>
        <dbm>-140</dbm>
      </extensions>
    </trkpt>
    <trkpt lat="35.583604" lon="129.017249">
      <ele>971.000000</ele>
      <time>2016-02-20T12:13:10Z</time>
      <extensions>
        <dbm>-140</dbm>
      </extensions>
    </trkpt>
    <trkpt lat="35.583593" lon="129.017335">
      <ele>972.000000</ele>
      <time>2016-02-20T12:13:22Z</time>
      <extensions>
        <dbm>-140</dbm>
      </extensions>
    </trkpt>
    <trkpt lat="35.583575" lon="129.017426">
      <ele>972.454545</ele>
      <time>2016-02-20T12:13:45Z</time>
      <extensions>
        <dbm>-140</dbm>
      </extensions>
    </trkpt>
    <trkpt lat="35.583576" lon="129.017527">
      <ele>973.900000</ele>
      <time>2016-02-20T12:14:02Z</time>
      <extensions>
        <dbm>-140</dbm>
      </extensions>
    </trkpt>
    <trkpt lat="35.583597" lon="129.017637">
      <ele>975.300000</ele>
      <time>2016-02-20T12:14:19Z</time>
      <extensions>
        <dbm>-140</dbm>
      </extensions>
    </trkpt>
    <trkpt lat="35.583612" lon="129.017744">
      <ele>977.000000</ele>
      <time>2016-02-20T12:14:40Z</time>
      <extensions>
        <dbm>-140</dbm>
      </extensions>
    </trkpt>
    <trkpt lat="35.583623" lon="129.017857">
      <ele>979.200000</ele>
      <time>2016-02-20T12:14:56Z</time>
      <extensions>
        <dbm>-140</dbm>
      </extensions>
    </trkpt>
    <trkpt lat="35.583631" lon="129.017970">
      <ele>981.800000</ele>
      <time>2016-02-20T12:15:05Z</time>
      <extensions>
        <dbm>-140</dbm>
      </extensions>
    </trkpt>
    <trkpt lat="35.583657" lon="129.018085">
      <ele>984.500000</ele>
      <time>2016-02-20T12:15:13Z</time>
      <extensions>
        <dbm>-140</dbm>
      </extensions>
    </trkpt>
    <trkpt lat="35.583686" lon="129.018192">
      <ele>987.300000</ele>
      <time>2016-02-20T12:15:28Z</time>
      <extensions>
        <dbm>-140</dbm>
      </extensions>
    </trkpt>
    <trkpt lat="35.583703" lon="129.018260">
      <ele>987.300000</ele>
      <time>2016-02-20T12:17:12Z</time>
      <extensions>
        <dbm>-140</dbm>
      </extensions>
    </trkpt>
    <trkpt lat="35.583707" lon="129.018283">
      <ele>1009.000000</ele>
      <time>2016-02-20T12:20:05Z</time>
      <extensions>
        <pause>start</pause>
        <type>auto</type>
        <dbm>-106</dbm>
      </extensions>
    </trkpt>
    <trkpt lat="35.583797" lon="129.018615">
      <ele>1008.000000</ele>
      <time>2016-02-20T12:21:12Z</time>
      <extensions>
        <pause>end</pause>
        <type>auto</type>
        <dbm>-106</dbm>
      </extensions>
    </trkpt>
    <trkpt lat="35.583828" lon="129.018726">
      <ele>1000.181818</ele>
      <time>2016-02-20T12:21:20Z</time>
      <extensions>
        <dbm>-106</dbm>
      </extensions>
    </trkpt>
    <trkpt lat="35.583855" lon="129.018836">
      <ele>1002.636364</ele>
      <time>2016-02-20T12:21:28Z</time>
      <extensions>
        <dbm>-106</dbm>
      </extensions>
    </trkpt>
    <trkpt lat="35.583887" lon="129.018934">
      <ele>1004.727273</ele>
      <time>2016-02-20T12:21:40Z</time>
      <extensions>
        <dbm>-106</dbm>
      </extensions>
    </trkpt>
    <trkpt lat="35.583921" lon="129.019030">
      <ele>1005.727273</ele>
      <time>2016-02-20T12:21:50Z</time>
      <extensions>
        <dbm>-106</dbm>
      </extensions>
    </trkpt>
    <trkpt lat="35.583961" lon="129.019124">
      <ele>1006.000000</ele>
      <time>2016-02-20T12:22:02Z</time>
      <extensions>
        <dbm>-106</dbm>
      </extensions>
    </trkpt>
    <trkpt lat="35.583998" lon="129.019232">
      <ele>1006.000000</ele>
      <time>2016-02-20T12:22:13Z</time>
      <extensions>
        <dbm>-106</dbm>
      </extensions>
    </trkpt>
    <trkpt lat="35.584034" lon="129.019337">
      <ele>1006.000000</ele>
      <time>2016-02-20T12:22:25Z</time>
      <extensions>
        <dbm>-106</dbm>
      </extensions>
    </trkpt>
    <trkpt lat="35.584074" lon="129.019440">
      <ele>1006.200000</ele>
      <time>2016-02-20T12:22:32Z</time>
      <extensions>
        <dbm>-106</dbm>
      </extensions>
    </trkpt>
    <trkpt lat="35.584112" lon="129.019545">
      <ele>1006.100000</ele>
      <time>2016-02-20T12:22:40Z</time>
      <extensions>
        <dbm>-106</dbm>
      </extensions>
    </trkpt>
    <trkpt lat="35.584159" lon="129.019637">
      <ele>1006.000000</ele>
      <time>2016-02-20T12:22:51Z</time>
      <extensions>
        <dbm>-106</dbm>
      </extensions>
    </trkpt>
    <trkpt lat="35.584208" lon="129.019728">
      <ele>1005.600000</ele>
      <time>2016-02-20T12:22:59Z</time>
      <extensions>
        <dbm>-106</dbm>
      </extensions>
    </trkpt>
    <trkpt lat="35.584245" lon="129.019814">
      <ele>1004.500000</ele>
      <time>2016-02-20T12:23:10Z</time>
      <extensions>
        <dbm>-106</dbm>
      </extensions>
    </trkpt>
    <trkpt lat="35.584245" lon="129.019903">
      <ele>1003.818182</ele>
      <time>2016-02-20T12:23:21Z</time>
      <extensions>
        <dbm>-101</dbm>
      </extensions>
    </trkpt>
    <trkpt lat="35.584207" lon="129.019990">
      <ele>1002.727273</ele>
      <time>2016-02-20T12:23:31Z</time>
      <extensions>
        <dbm>-101</dbm>
      </extensions>
    </trkpt>
    <trkpt lat="35.584173" lon="129.020075">
      <ele>1001.272727</ele>
      <time>2016-02-20T12:23:56Z</time>
      <extensions>
        <dbm>-101</dbm>
      </extensions>
    </trkpt>
    <trkpt lat="35.584131" lon="129.020161">
      <ele>998.400000</ele>
      <time>2016-02-20T12:24:09Z</time>
      <extensions>
        <dbm>-101</dbm>
      </extensions>
    </trkpt>
    <trkpt lat="35.584109" lon="129.020251">
      <ele>996.454545</ele>
      <time>2016-02-20T12:24:23Z</time>
      <extensions>
        <dbm>-101</dbm>
      </extensions>
    </trkpt>
    <trkpt lat="35.584079" lon="129.020347">
      <ele>995.300000</ele>
      <time>2016-02-20T12:24:33Z</time>
      <extensions>
        <dbm>-101</dbm>
      </extensions>
    </trkpt>
    <trkpt lat="35.584077" lon="129.020448">
      <ele>992.600000</ele>
      <time>2016-02-20T12:24:42Z</time>
      <extensions>
        <dbm>-101</dbm>
      </extensions>
    </trkpt>
    <trkpt lat="35.584063" lon="129.020554">
      <ele>991.090909</ele>
      <time>2016-02-20T12:24:49Z</time>
      <extensions>
        <dbm>-101</dbm>
      </extensions>
    </trkpt>
    <trkpt lat="35.584057" lon="129.020661">
      <ele>988.363636</ele>
      <time>2016-02-20T12:25:00Z</time>
      <extensions>
        <dbm>-101</dbm>
      </extensions>
    </trkpt>
    <trkpt lat="35.584061" lon="129.020764">
      <ele>985.818182</ele>
      <time>2016-02-20T12:25:09Z</time>
      <extensions>
        <dbm>-101</dbm>
      </extensions>
    </trkpt>
    <trkpt lat="35.584104" lon="129.020853">
      <ele>983.272727</ele>
      <time>2016-02-20T12:25:19Z</time>
      <extensions>
        <dbm>-101</dbm>
      </extensions>
    </trkpt>
    <trkpt lat="35.584155" lon="129.020935">
      <ele>980.727273</ele>
      <time>2016-02-20T12:25:32Z</time>
      <extensions>
        <dbm>-101</dbm>
      </extensions>
    </trkpt>
    <trkpt lat="35.584202" lon="129.021018">
      <ele>978.727273</ele>
      <time>2016-02-20T12:25:42Z</time>
      <extensions>
        <dbm>-140</dbm>
      </extensions>
    </trkpt>
    <trkpt lat="35.584231" lon="129.021113">
      <ele>976.000000</ele>
      <time>2016-02-20T12:25:52Z</time>
      <extensions>
        <dbm>-140</dbm>
      </extensions>
    </trkpt>
    <trkpt lat="35.584265" lon="129.021202">
      <ele>973.636364</ele>
      <time>2016-02-20T12:26:00Z</time>
      <extensions>
        <dbm>-140</dbm>
      </extensions>
    </trkpt>
    <trkpt lat="35.584310" lon="129.021295">
      <ele>971.727273</ele>
      <time>2016-02-20T12:26:09Z</time>
      <extensions>
        <dbm>-140</dbm>
      </extensions>
    </trkpt>
    <trkpt lat="35.584364" lon="129.021391">
      <ele>970.454545</ele>
      <time>2016-02-20T12:26:19Z</time>
      <extensions>
        <dbm>-140</dbm>
      </extensions>
    </trkpt>
    <trkpt lat="35.584408" lon="129.021500">
      <ele>969.090909</ele>
      <time>2016-02-20T12:26:28Z</time>
      <extensions>
        <dbm>-140</dbm>
      </extensions>
    </trkpt>
    <trkpt lat="35.584444" lon="129.021610">
      <ele>967.636364</ele>
      <time>2016-02-20T12:26:37Z</time>
      <extensions>
        <dbm>-140</dbm>
      </extensions>
    </trkpt>
    <trkpt lat="35.584474" lon="129.021722">
      <ele>965.400000</ele>
      <time>2016-02-20T12:26:52Z</time>
      <extensions>
        <dbm>-140</dbm>
      </extensions>
    </trkpt>
    <trkpt lat="35.584513" lon="129.021815">
      <ele>963.600000</ele>
      <time>2016-02-20T12:27:02Z</time>
      <extensions>
        <dbm>-140</dbm>
      </extensions>
    </trkpt>
    <trkpt lat="35.584560" lon="129.021908">
      <ele>961.400000</ele>
      <time>2016-02-20T12:27:12Z</time>
      <extensions>
        <dbm>-140</dbm>
      </extensions>
    </trkpt>
    <trkpt lat="35.584607" lon="129.021999">
      <ele>959.200000</ele>
      <time>2016-02-20T12:27:24Z</time>
      <extensions>
        <dbm>-140</dbm>
      </extensions>
    </trkpt>
    <trkpt lat="35.584649" lon="129.022102">
      <ele>957.200000</ele>
      <time>2016-02-20T12:27:48Z</time>
      <extensions>
        <dbm>-140</dbm>
      </extensions>
    </trkpt>
    <trkpt lat="35.584674" lon="129.022213">
      <ele>955.100000</ele>
      <time>2016-02-20T12:27:53Z</time>
      <extensions>
        <dbm>-140</dbm>
      </extensions>
    </trkpt>
    <trkpt lat="35.584680" lon="129.022318">
      <ele>952.900000</ele>
      <time>2016-02-20T12:28:04Z</time>
      <extensions>
        <dbm>-140</dbm>
      </extensions>
    </trkpt>
    <trkpt lat="35.584671" lon="129.022427">
      <ele>950.300000</ele>
      <time>2016-02-20T12:28:18Z</time>
      <extensions>
        <dbm>-140</dbm>
      </extensions>
    </trkpt>
    <trkpt lat="35.584677" lon="129.022522">
      <ele>947.700000</ele>
      <time>2016-02-20T12:28:31Z</time>
      <extensions>
        <dbm>-140</dbm>
      </extensions>
    </trkpt>
    <trkpt lat="35.584660" lon="129.022596">
      <ele>945.100000</ele>
      <time>2016-02-20T12:29:06Z</time>
      <extensions>
        <dbm>-140</dbm>
      </extensions>
    </trkpt>
    <trkpt lat="35.584621" lon="129.022646">
      <ele>944.090909</ele>
      <time>2016-02-20T12:29:23Z</time>
      <extensions>
        <dbm>-140</dbm>
      </extensions>
    </trkpt>
    <trkpt lat="35.584548" lon="129.022697">
      <ele>940.700000</ele>
      <time>2016-02-20T12:29:35Z</time>
      <extensions>
        <dbm>-140</dbm>
      </extensions>
    </trkpt>
    <trkpt lat="35.584495" lon="129.022772">
      <ele>939.636364</ele>
      <time>2016-02-20T12:29:57Z</time>
      <extensions>
        <dbm>-140</dbm>
      </extensions>
    </trkpt>
    <trkpt lat="35.584470" lon="129.022869">
      <ele>937.545455</ele>
      <time>2016-02-20T12:30:08Z</time>
      <extensions>
        <dbm>-140</dbm>
      </extensions>
    </trkpt>
    <trkpt lat="35.584451" lon="129.022972">
      <ele>934.909091</ele>
      <time>2016-02-20T12:30:15Z</time>
      <extensions>
        <dbm>-140</dbm>
      </extensions>
    </trkpt>
    <trkpt lat="35.584430" lon="129.023073">
      <ele>932.000000</ele>
      <time>2016-02-20T12:30:28Z</time>
      <extensions>
        <dbm>-140</dbm>
      </extensions>
    </trkpt>
    <trkpt lat="35.584410" lon="129.023175">
      <ele>929.272727</ele>
      <time>2016-02-20T12:30:41Z</time>
      <extensions>
        <dbm>-140</dbm>
      </extensions>
    </trkpt>
    <trkpt lat="35.584384" lon="129.023276">
      <ele>926.181818</ele>
      <time>2016-02-20T12:30:56Z</time>
      <extensions>
        <dbm>-140</dbm>
      </extensions>
    </trkpt>
    <trkpt lat="35.584358" lon="129.023378">
      <ele>923.636364</ele>
      <time>2016-02-20T12:31:08Z</time>
      <extensions>
        <dbm>-140</dbm>
      </extensions>
    </trkpt>
    <trkpt lat="35.584334" lon="129.023474">
      <ele>920.909091</ele>
      <time>2016-02-20T12:31:22Z</time>
      <extensions>
        <dbm>-140</dbm>
      </extensions>
    </trkpt>
    <trkpt lat="35.584306" lon="129.023564">
      <ele>918.000000</ele>
      <time>2016-02-20T12:31:37Z</time>
      <extensions>
        <dbm>-140</dbm>
      </extensions>
    </trkpt>
    <trkpt lat="35.584284" lon="129.023648">
      <ele>914.818182</ele>
      <time>2016-02-20T12:31:55Z</time>
      <extensions>
        <dbm>-140</dbm>
      </extensions>
    </trkpt>
    <trkpt lat="35.584245" lon="129.023733">
      <ele>911.545455</ele>
      <time>2016-02-20T12:32:04Z</time>
      <extensions>
        <dbm>-140</dbm>
      </extensions>
    </trkpt>
    <trkpt lat="35.584213" lon="129.023827">
      <ele>908.545455</ele>
      <time>2016-02-20T12:32:17Z</time>
      <extensions>
        <dbm>-140</dbm>
      </extensions>
    </trkpt>
    <trkpt lat="35.584159" lon="129.023906">
      <ele>905.636364</ele>
      <time>2016-02-20T12:32:35Z</time>
      <extensions>
        <dbm>-140</dbm>
      </extensions>
    </trkpt>
    <trkpt lat="35.584110" lon="129.023987">
      <ele>902.636364</ele>
      <time>2016-02-20T12:33:02Z</time>
      <extensions>
        <dbm>-140</dbm>
      </extensions>
    </trkpt>
    <trkpt lat="35.584061" lon="129.024064">
      <ele>899.545455</ele>
      <time>2016-02-20T12:33:11Z</time>
      <extensions>
        <dbm>-140</dbm>
      </extensions>
    </trkpt>
    <trkpt lat="35.584038" lon="129.024156">
      <ele>895.909091</ele>
      <time>2016-02-20T12:33:28Z</time>
      <extensions>
        <dbm>-140</dbm>
      </extensions>
    </trkpt>
    <trkpt lat="35.584009" lon="129.024249">
      <ele>893.916667</ele>
      <time>2016-02-20T12:33:37Z</time>
      <extensions>
        <dbm>-140</dbm>
      </extensions>
    </trkpt>
    <trkpt lat="35.583968" lon="129.024333">
      <ele>888.818182</ele>
      <time>2016-02-20T12:33:51Z</time>
      <extensions>
        <dbm>-140</dbm>
      </extensions>
    </trkpt>
    <trkpt lat="35.583927" lon="129.024414">
      <ele>885.363636</ele>
      <time>2016-02-20T12:34:11Z</time>
      <extensions>
        <dbm>-140</dbm>
      </extensions>
    </trkpt>
    <trkpt lat="35.583878" lon="129.024481">
      <ele>881.818182</ele>
      <time>2016-02-20T12:34:32Z</time>
      <extensions>
        <dbm>-140</dbm>
      </extensions>
    </trkpt>
    <trkpt lat="35.583827" lon="129.024542">
      <ele>878.545455</ele>
      <time>2016-02-20T12:34:48Z</time>
      <extensions>
        <dbm>-140</dbm>
      </extensions>
    </trkpt>
    <trkpt lat="35.583752" lon="129.024601">
      <ele>874.636364</ele>
      <time>2016-02-20T12:34:59Z</time>
      <extensions>
        <dbm>-140</dbm>
      </extensions>
    </trkpt>
    <trkpt lat="35.583679" lon="129.024670">
      <ele>870.545455</ele>
      <time>2016-02-20T12:35:15Z</time>
      <extensions>
        <dbm>-140</dbm>
      </extensions>
    </trkpt>
    <trkpt lat="35.583606" lon="129.024743">
      <ele>866.363636</ele>
      <time>2016-02-20T12:35:34Z</time>
      <extensions>
        <dbm>-140</dbm>
      </extensions>
    </trkpt>
    <trkpt lat="35.583534" lon="129.024800">
      <ele>861.818182</ele>
      <time>2016-02-20T12:35:50Z</time>
      <extensions>
        <dbm>-140</dbm>
      </extensions>
    </trkpt>
    <trkpt lat="35.583466" lon="129.024844">
      <ele>857.545455</ele>
      <time>2016-02-20T12:36:01Z</time>
      <extensions>
        <dbm>-140</dbm>
      </extensions>
    </trkpt>
    <trkpt lat="35.583411" lon="129.024902">
      <ele>853.727273</ele>
      <time>2016-02-20T12:36:19Z</time>
      <extensions>
        <dbm>-140</dbm>
      </extensions>
    </trkpt>
    <trkpt lat="35.583351" lon="129.024966">
      <ele>849.909091</ele>
      <time>2016-02-20T12:36:32Z</time>
      <extensions>
        <dbm>-140</dbm>
      </extensions>
    </trkpt>
    <trkpt lat="35.583280" lon="129.025034">
      <ele>846.090909</ele>
      <time>2016-02-20T12:36:47Z</time>
      <extensions>
        <dbm>-140</dbm>
      </extensions>
    </trkpt>
    <trkpt lat="35.583201" lon="129.025079">
      <ele>840.000000</ele>
      <time>2016-02-20T12:36:57Z</time>
      <extensions>
        <dbm>-140</dbm>
      </extensions>
    </trkpt>
    <trkpt lat="35.583118" lon="129.025119">
      <ele>835.200000</ele>
      <time>2016-02-20T12:37:07Z</time>
      <extensions>
        <dbm>-140</dbm>
      </extensions>
    </trkpt>
    <trkpt lat="35.583042" lon="129.025159">
      <ele>830.600000</ele>
      <time>2016-02-20T12:37:18Z</time>
      <extensions>
        <dbm>-140</dbm>
      </extensions>
    </trkpt>
    <trkpt lat="35.582972" lon="129.025215">
      <ele>826.100000</ele>
      <time>2016-02-20T12:37:30Z</time>
      <extensions>
        <dbm>-140</dbm>
      </extensions>
    </trkpt>
    <trkpt lat="35.582909" lon="129.025272">
      <ele>821.500000</ele>
      <time>2016-02-20T12:37:48Z</time>
      <extensions>
        <dbm>-140</dbm>
      </extensions>
    </trkpt>
    <trkpt lat="35.582838" lon="129.025321">
      <ele>818.000000</ele>
      <time>2016-02-20T12:37:59Z</time>
      <extensions>
        <dbm>-140</dbm>
      </extensions>
    </trkpt>
    <trkpt lat="35.582776" lon="129.025375">
      <ele>814.200000</ele>
      <time>2016-02-20T12:38:10Z</time>
      <extensions>
        <dbm>-140</dbm>
      </extensions>
    </trkpt>
    <trkpt lat="35.582711" lon="129.025439">
      <ele>810.400000</ele>
      <time>2016-02-20T12:38:29Z</time>
      <extensions>
        <dbm>-140</dbm>
      </extensions>
    </trkpt>
    <trkpt lat="35.582645" lon="129.025508">
      <ele>806.200000</ele>
      <time>2016-02-20T12:38:47Z</time>
      <extensions>
        <dbm>-140</dbm>
      </extensions>
    </trkpt>
    <trkpt lat="35.582569" lon="129.025571">
      <ele>802.000000</ele>
      <time>2016-02-20T12:39:01Z</time>
      <extensions>
        <dbm>-140</dbm>
      </extensions>
    </trkpt>
    <trkpt lat="35.582495" lon="129.025647">
      <ele>795.545455</ele>
      <time>2016-02-20T12:39:17Z</time>
      <extensions>
        <dbm>-140</dbm>
      </extensions>
    </trkpt>
    <trkpt lat="35.582423" lon="129.025724">
      <ele>791.545455</ele>
      <time>2016-02-20T12:39:26Z</time>
      <extensions>
        <dbm>-140</dbm>
      </extensions>
    </trkpt>
    <trkpt lat="35.582350" lon="129.025801">
      <ele>788.090909</ele>
      <time>2016-02-20T12:39:37Z</time>
      <extensions>
        <dbm>-140</dbm>
      </extensions>
    </trkpt>
    <trkpt lat="35.582291" lon="129.025870">
      <ele>784.545455</ele>
      <time>2016-02-20T12:39:50Z</time>
      <extensions>
        <dbm>-140</dbm>
      </extensions>
    </trkpt>
    <trkpt lat="35.582236" lon="129.025958">
      <ele>781.181818</ele>
      <time>2016-02-20T12:39:56Z</time>
      <extensions>
        <dbm>-140</dbm>
      </extensions>
    </trkpt>
    <trkpt lat="35.582193" lon="129.026056">
      <ele>777.636364</ele>
      <time>2016-02-20T12:40:04Z</time>
      <extensions>
        <dbm>-140</dbm>
      </extensions>
    </trkpt>
    <trkpt lat="35.582138" lon="129.026155">
      <ele>774.545455</ele>
      <time>2016-02-20T12:40:11Z</time>
      <extensions>
        <dbm>-140</dbm>
      </extensions>
    </trkpt>
    <trkpt lat="35.582090" lon="129.026251">
      <ele>771.545455</ele>
      <time>2016-02-20T12:40:20Z</time>
      <extensions>
        <dbm>-140</dbm>
      </extensions>
    </trkpt>
    <trkpt lat="35.582035" lon="129.026346">
      <ele>768.636364</ele>
      <time>2016-02-20T12:40:34Z</time>
      <extensions>
        <dbm>-140</dbm>
      </extensions>
    </trkpt>
    <trkpt lat="35.581985" lon="129.026449">
      <ele>766.000000</ele>
      <time>2016-02-20T12:40:49Z</time>
      <extensions>
        <dbm>-140</dbm>
      </extensions>
    </trkpt>
    <trkpt lat="35.581926" lon="129.026535">
      <ele>763.636364</ele>
      <time>2016-02-20T12:41:05Z</time>
      <extensions>
        <dbm>-140</dbm>
      </extensions>
    </trkpt>
    <trkpt lat="35.581855" lon="129.026595">
      <ele>761.363636</ele>
      <time>2016-02-20T12:41:30Z</time>
      <extensions>
        <dbm>-140</dbm>
      </extensions>
    </trkpt>
    <trkpt lat="35.581772" lon="129.026620">
      <ele>759.454545</ele>
      <time>2016-02-20T12:41:39Z</time>
      <extensions>
        <dbm>-140</dbm>
      </extensions>
    </trkpt>
    <trkpt lat="35.581683" lon="129.026622">
      <ele>757.090909</ele>
      <time>2016-02-20T12:41:50Z</time>
      <extensions>
        <dbm>-140</dbm>
      </extensions>
    </trkpt>
    <trkpt lat="35.581596" lon="129.026632">
      <ele>754.909091</ele>
      <time>2016-02-20T12:41:58Z</time>
      <extensions>
        <dbm>-140</dbm>
      </extensions>
    </trkpt>
    <trkpt lat="35.581508" lon="129.026649">
      <ele>752.454545</ele>
      <time>2016-02-20T12:42:12Z</time>
      <extensions>
        <dbm>-140</dbm>
      </extensions>
    </trkpt>
    <trkpt lat="35.581422" lon="129.026687">
      <ele>749.818182</ele>
      <time>2016-02-20T12:42:22Z</time>
      <extensions>
        <dbm>-140</dbm>
      </extensions>
    </trkpt>
    <trkpt lat="35.581342" lon="129.026708">
      <ele>746.818182</ele>
      <time>2016-02-20T12:42:32Z</time>
      <extensions>
        <dbm>-140</dbm>
      </extensions>
    </trkpt>
    <trkpt lat="35.581265" lon="129.026745">
      <ele>743.454545</ele>
      <time>2016-02-20T12:42:43Z</time>
      <extensions>
        <dbm>-140</dbm>
      </extensions>
    </trkpt>
    <trkpt lat="35.581191" lon="129.026789">
      <ele>740.454545</ele>
      <time>2016-02-20T12:42:50Z</time>
      <extensions>
        <dbm>-140</dbm>
      </extensions>
    </trkpt>
    <trkpt lat="35.581123" lon="129.026871">
      <ele>737.272727</ele>
      <time>2016-02-20T12:43:13Z</time>
      <extensions>
        <dbm>-140</dbm>
      </extensions>
    </trkpt>
    <trkpt lat="35.581059" lon="129.026962">
      <ele>734.272727</ele>
      <time>2016-02-20T12:43:31Z</time>
      <extensions>
        <dbm>-140</dbm>
      </extensions>
    </trkpt>
    <trkpt lat="35.581002" lon="129.027054">
      <ele>731.363636</ele>
      <time>2016-02-20T12:43:57Z</time>
      <extensions>
        <dbm>-140</dbm>
      </extensions>
    </trkpt>
    <trkpt lat="35.580942" lon="129.027142">
      <ele>728.454545</ele>
      <time>2016-02-20T12:44:07Z</time>
      <extensions>
        <dbm>-140</dbm>
      </extensions>
    </trkpt>
    <trkpt lat="35.580879" lon="129.027230">
      <ele>726.090909</ele>
      <time>2016-02-20T12:44:17Z</time>
      <extensions>
        <dbm>-140</dbm>
      </extensions>
    </trkpt>
    <trkpt lat="35.580807" lon="129.027306">
      <ele>723.636364</ele>
      <time>2016-02-20T12:44:27Z</time>
      <extensions>
        <dbm>-140</dbm>
      </extensions>
    </trkpt>
    <trkpt lat="35.580726" lon="129.027373">
      <ele>721.454545</ele>
      <time>2016-02-20T12:44:39Z</time>
      <extensions>
        <dbm>-140</dbm>
      </extensions>
    </trkpt>
    <trkpt lat="35.580644" lon="129.027432">
      <ele>720.200000</ele>
      <time>2016-02-20T12:44:51Z</time>
      <extensions>
        <dbm>-140</dbm>
      </extensions>
    </trkpt>
    <trkpt lat="35.580569" lon="129.027505">
      <ele>718.800000</ele>
      <time>2016-02-20T12:45:00Z</time>
      <extensions>
        <dbm>-140</dbm>
      </extensions>
    </trkpt>
    <trkpt lat="35.580506" lon="129.027588">
      <ele>718.000000</ele>
      <time>2016-02-20T12:45:15Z</time>
      <extensions>
        <dbm>-140</dbm>
      </extensions>
    </trkpt>
    <trkpt lat="35.580466" lon="129.027685">
      <ele>718.000000</ele>
      <time>2016-02-20T12:45:26Z</time>
      <extensions>
        <dbm>-140</dbm>
      </extensions>
    </trkpt>
    <trkpt lat="35.580445" lon="129.027788">
      <ele>713.000000</ele>
      <time>2016-02-20T12:50:00Z</time>
      <extensions>
        <pause>start</pause>
        <type>auto</type>
        <dbm>-140</dbm>
      </extensions>
    </trkpt>
    <trkpt lat="35.580242" lon="129.028008">
      <ele>706.000000</ele>
      <time>2016-02-20T13:08:53Z</time>
      <extensions>
        <pause>end</pause>
        <type>auto</type>
        <dbm>-140</dbm>
      </extensions>
    </trkpt>
    <trkpt lat="35.580185" lon="129.028105">
      <ele>715.000000</ele>
      <time>2016-02-20T13:09:01Z</time>
      <extensions>
        <dbm>-140</dbm>
      </extensions>
    </trkpt>
    <trkpt lat="35.580127" lon="129.028202">
      <ele>714.888889</ele>
      <time>2016-02-20T13:09:09Z</time>
      <extensions>
        <dbm>-140</dbm>
      </extensions>
    </trkpt>
    <trkpt lat="35.580070" lon="129.028293">
      <ele>714.444444</ele>
      <time>2016-02-20T13:09:18Z</time>
      <extensions>
        <dbm>-140</dbm>
      </extensions>
    </trkpt>
    <trkpt lat="35.580009" lon="129.028371">
      <ele>714.111111</ele>
      <time>2016-02-20T13:09:26Z</time>
      <extensions>
        <dbm>-140</dbm>
      </extensions>
    </trkpt>
    <trkpt lat="35.579949" lon="129.028439">
      <ele>713.888889</ele>
      <time>2016-02-20T13:09:38Z</time>
      <extensions>
        <dbm>-140</dbm>
      </extensions>
    </trkpt>
    <trkpt lat="35.579899" lon="129.028519">
      <ele>713.888889</ele>
      <time>2016-02-20T13:09:50Z</time>
      <extensions>
        <dbm>-140</dbm>
      </extensions>
    </trkpt>
    <trkpt lat="35.579879" lon="129.028621">
      <ele>713.888889</ele>
      <time>2016-02-20T13:10:03Z</time>
      <extensions>
        <dbm>-140</dbm>
      </extensions>
    </trkpt>
    <trkpt lat="35.579867" lon="129.028738">
      <ele>714.111111</ele>
      <time>2016-02-20T13:10:18Z</time>
      <extensions>
        <dbm>-140</dbm>
      </extensions>
    </trkpt>
    <trkpt lat="35.579864" lon="129.028856">
      <ele>714.222222</ele>
      <time>2016-02-20T13:10:31Z</time>
      <extensions>
        <dbm>-140</dbm>
      </extensions>
    </trkpt>
    <trkpt lat="35.579876" lon="129.028971">
      <ele>714.777778</ele>
      <time>2016-02-20T13:10:45Z</time>
      <extensions>
        <dbm>-140</dbm>
      </extensions>
    </trkpt>
    <trkpt lat="35.579886" lon="129.029080">
      <ele>715.555556</ele>
      <time>2016-02-20T13:10:55Z</time>
      <extensions>
        <dbm>-140</dbm>
      </extensions>
    </trkpt>
    <trkpt lat="35.579880" lon="129.029181">
      <ele>716.400000</ele>
      <time>2016-02-20T13:11:21Z</time>
      <extensions>
        <dbm>-140</dbm>
      </extensions>
    </trkpt>
    <trkpt lat="35.579841" lon="129.029283">
      <ele>717.666667</ele>
      <time>2016-02-20T13:11:42Z</time>
      <extensions>
        <dbm>-140</dbm>
      </extensions>
    </trkpt>
    <trkpt lat="35.579807" lon="129.029388">
      <ele>718.666667</ele>
      <time>2016-02-20T13:12:06Z</time>
      <extensions>
        <dbm>-140</dbm>
      </extensions>
    </trkpt>
    <trkpt lat="35.579770" lon="129.029486">
      <ele>720.000000</ele>
      <time>2016-02-20T13:12:20Z</time>
      <extensions>
        <dbm>-140</dbm>
      </extensions>
    </trkpt>
    <trkpt lat="35.579727" lon="129.029562">
      <ele>721.000000</ele>
      <time>2016-02-20T13:12:35Z</time>
      <extensions>
        <dbm>-140</dbm>
      </extensions>
    </trkpt>
    <trkpt lat="35.579682" lon="129.029637">
      <ele>722.090909</ele>
      <time>2016-02-20T13:12:46Z</time>
      <extensions>
        <dbm>-140</dbm>
      </extensions>
    </trkpt>
    <trkpt lat="35.579630" lon="129.029712">
      <ele>723.000000</ele>
      <time>2016-02-20T13:13:06Z</time>
      <extensions>
        <dbm>-140</dbm>
      </extensions>
    </trkpt>
    <trkpt lat="35.579587" lon="129.029813">
      <ele>725.100000</ele>
      <time>2016-02-20T13:13:31Z</time>
      <extensions>
        <dbm>-140</dbm>
      </extensions>
    </trkpt>
    <trkpt lat="35.579543" lon="129.029917">
      <ele>727.500000</ele>
      <time>2016-02-20T13:13:45Z</time>
      <extensions>
        <dbm>-140</dbm>
      </extensions>
    </trkpt>
    <trkpt lat="35.579503" lon="129.030023">
      <ele>730.000000</ele>
      <time>2016-02-20T13:14:00Z</time>
      <extensions>
        <dbm>-140</dbm>
      </extensions>
    </trkpt>
    <trkpt lat="35.579487" lon="129.030117">
      <ele>733.000000</ele>
      <time>2016-02-20T13:14:16Z</time>
      <extensions>
        <dbm>-140</dbm>
      </extensions>
    </trkpt>
    <trkpt lat="35.579461" lon="129.030207">
      <ele>734.818182</ele>
      <time>2016-02-20T13:14:35Z</time>
      <extensions>
        <dbm>-140</dbm>
      </extensions>
    </trkpt>
    <trkpt lat="35.579442" lon="129.030303">
      <ele>737.545455</ele>
      <time>2016-02-20T13:15:07Z</time>
      <extensions>
        <dbm>-140</dbm>
      </extensions>
    </trkpt>
    <trkpt lat="35.579396" lon="129.030392">
      <ele>741.900000</ele>
      <time>2016-02-20T13:15:23Z</time>
      <extensions>
        <dbm>-140</dbm>
      </extensions>
    </trkpt>
    <trkpt lat="35.579346" lon="129.030475">
      <ele>745.100000</ele>
      <time>2016-02-20T13:15:39Z</time>
      <extensions>
        <dbm>-140</dbm>
      </extensions>
    </trkpt>
    <trkpt lat="35.579297" lon="129.030560">
      <ele>748.100000</ele>
      <time>2016-02-20T13:15:51Z</time>
      <extensions>
        <dbm>-140</dbm>
      </extensions>
    </trkpt>
    <trkpt lat="35.579243" lon="129.030640">
      <ele>751.500000</ele>
      <time>2016-02-20T13:16:32Z</time>
      <extensions>
        <dbm>-140</dbm>
      </extensions>
    </trkpt>
    <trkpt lat="35.579185" lon="129.030714">
      <ele>753.000000</ele>
      <time>2016-02-20T13:16:48Z</time>
      <extensions>
        <dbm>-140</dbm>
      </extensions>
    </trkpt>
    <trkpt lat="35.579109" lon="129.030763">
      <ele>757.900000</ele>
      <time>2016-02-20T13:17:09Z</time>
      <extensions>
        <dbm>-140</dbm>
      </extensions>
    </trkpt>
    <trkpt lat="35.579063" lon="129.030824">
      <ele>760.900000</ele>
      <time>2016-02-20T13:17:25Z</time>
      <extensions>
        <dbm>-140</dbm>
      </extensions>
    </trkpt>
    <trkpt lat="35.579022" lon="129.030892">
      <ele>762.090909</ele>
      <time>2016-02-20T13:17:43Z</time>
      <extensions>
        <dbm>-140</dbm>
      </extensions>
    </trkpt>
    <trkpt lat="35.578973" lon="129.030936">
      <ele>764.727273</ele>
      <time>2016-02-20T13:18:53Z</time>
      <extensions>
        <dbm>-140</dbm>
      </extensions>
    </trkpt>
    <trkpt lat="35.578885" lon="129.030933">
      <ele>767.909091</ele>
      <time>2016-02-20T13:19:09Z</time>
      <extensions>
        <dbm>-140</dbm>
      </extensions>
    </trkpt>
    <trkpt lat="35.578782" lon="129.030900">
      <ele>772.500000</ele>
      <time>2016-02-20T13:19:16Z</time>
      <extensions>
        <dbm>-140</dbm>
      </extensions>
    </trkpt>
    <trkpt lat="35.578679" lon="129.030880">
      <ele>775.700000</ele>
      <time>2016-02-20T13:19:30Z</time>
      <extensions>
        <dbm>-140</dbm>
      </extensions>
    </trkpt>
    <trkpt lat="35.578585" lon="129.030886">
      <ele>778.700000</ele>
      <time>2016-02-20T13:19:41Z</time>
      <extensions>
        <dbm>-140</dbm>
      </extensions>
    </trkpt>
    <trkpt lat="35.578498" lon="129.030909">
      <ele>781.700000</ele>
      <time>2016-02-20T13:19:52Z</time>
      <extensions>
        <dbm>-140</dbm>
      </extensions>
    </trkpt>
    <trkpt lat="35.578416" lon="129.030943">
      <ele>784.700000</ele>
      <time>2016-02-20T13:20:10Z</time>
      <extensions>
        <dbm>-140</dbm>
      </extensions>
    </trkpt>
    <trkpt lat="35.578329" lon="129.030980">
      <ele>787.600000</ele>
      <time>2016-02-20T13:20:34Z</time>
      <extensions>
        <dbm>-140</dbm>
      </extensions>
    </trkpt>
    <trkpt lat="35.578241" lon="129.031016">
      <ele>790.100000</ele>
      <time>2016-02-20T13:20:53Z</time>
      <extensions>
        <dbm>-140</dbm>
      </extensions>
    </trkpt>
    <trkpt lat="35.578159" lon="129.031038">
      <ele>792.900000</ele>
      <time>2016-02-20T13:21:16Z</time>
      <extensions>
        <dbm>-140</dbm>
      </extensions>
    </trkpt>
    <trkpt lat="35.578078" lon="129.031045">
      <ele>795.800000</ele>
      <time>2016-02-20T13:21:25Z</time>
      <extensions>
        <dbm>-140</dbm>
      </extensions>
    </trkpt>
    <trkpt lat="35.578000" lon="129.031058">
      <ele>798.100000</ele>
      <time>2016-02-20T13:21:38Z</time>
      <extensions>
        <dbm>-140</dbm>
      </extensions>
    </trkpt>
    <trkpt lat="35.577922" lon="129.031086">
      <ele>800.500000</ele>
      <time>2016-02-20T13:21:57Z</time>
      <extensions>
        <dbm>-140</dbm>
      </extensions>
    </trkpt>
    <trkpt lat="35.577845" lon="129.031131">
      <ele>802.900000</ele>
      <time>2016-02-20T13:22:12Z</time>
      <extensions>
        <dbm>-140</dbm>
      </extensions>
    </trkpt>
    <trkpt lat="35.577768" lon="129.031175">
      <ele>805.500000</ele>
      <time>2016-02-20T13:22:30Z</time>
      <extensions>
        <dbm>-140</dbm>
      </extensions>
    </trkpt>
    <trkpt lat="35.577687" lon="129.031217">
      <ele>807.700000</ele>
      <time>2016-02-20T13:22:50Z</time>
      <extensions>
        <dbm>-140</dbm>
      </extensions>
    </trkpt>
    <trkpt lat="35.577616" lon="129.031282">
      <ele>810.100000</ele>
      <time>2016-02-20T13:23:04Z</time>
      <extensions>
        <dbm>-140</dbm>
      </extensions>
    </trkpt>
    <trkpt lat="35.577558" lon="129.031352">
      <ele>812.800000</ele>
      <time>2016-02-20T13:24:00Z</time>
      <extensions>
        <dbm>-140</dbm>
      </extensions>
    </trkpt>
    <trkpt lat="35.577499" lon="129.031408">
      <ele>815.900000</ele>
      <time>2016-02-20T13:24:59Z</time>
      <extensions>
        <dbm>-140</dbm>
      </extensions>
    </trkpt>
    <trkpt lat="35.577439" lon="129.031416">
      <ele>818.800000</ele>
      <time>2016-02-20T13:25:12Z</time>
      <extensions>
        <dbm>-140</dbm>
      </extensions>
    </trkpt>
    <trkpt lat="35.577370" lon="129.031422">
      <ele>821.300000</ele>
      <time>2016-02-20T13:25:19Z</time>
      <extensions>
        <dbm>-140</dbm>
      </extensions>
    </trkpt>
    <trkpt lat="35.577305" lon="129.031457">
      <ele>822.636364</ele>
      <time>2016-02-20T13:25:35Z</time>
      <extensions>
        <dbm>-140</dbm>
      </extensions>
    </trkpt>
    <trkpt lat="35.577240" lon="129.031534">
      <ele>824.909091</ele>
      <time>2016-02-20T13:25:47Z</time>
      <extensions>
        <dbm>-140</dbm>
      </extensions>
    </trkpt>
    <trkpt lat="35.577178" lon="129.031593">
      <ele>827.181818</ele>
      <time>2016-02-20T13:26:03Z</time>
      <extensions>
        <dbm>-140</dbm>
      </extensions>
    </trkpt>
    <trkpt lat="35.577112" lon="129.031648">
      <ele>829.545455</ele>
      <time>2016-02-20T13:26:12Z</time>
      <extensions>
        <dbm>-140</dbm>
      </extensions>
    </trkpt>
    <trkpt lat="35.577050" lon="129.031708">
      <ele>832.000000</ele>
      <time>2016-02-20T13:26:40Z</time>
      <extensions>
        <dbm>-140</dbm>
      </extensions>
    </trkpt>
    <trkpt lat="35.576988" lon="129.031789">
      <ele>834.545455</ele>
      <time>2016-02-20T13:27:04Z</time>
      <extensions>
        <dbm>-140</dbm>
      </extensions>
    </trkpt>
    <trkpt lat="35.576927" lon="129.031867">
      <ele>836.818182</ele>
      <time>2016-02-20T13:27:22Z</time>
      <extensions>
        <dbm>-140</dbm>
      </extensions>
    </trkpt>
    <trkpt lat="35.576853" lon="129.031931">
      <ele>838.909091</ele>
      <time>2016-02-20T13:27:39Z</time>
      <extensions>
        <dbm>-140</dbm>
      </extensions>
    </trkpt>
    <trkpt lat="35.576781" lon="129.031992">
      <ele>841.090909</ele>
      <time>2016-02-20T13:28:02Z</time>
      <extensions>
        <dbm>-140</dbm>
      </extensions>
    </trkpt>
    <trkpt lat="35.576724" lon="129.032069">
      <ele>843.181818</ele>
      <time>2016-02-20T13:28:15Z</time>
      <extensions>
        <dbm>-140</dbm>
      </extensions>
    </trkpt>
    <trkpt lat="35.576661" lon="129.032143">
      <ele>845.181818</ele>
      <time>2016-02-20T13:28:36Z</time>
      <extensions>
        <dbm>-140</dbm>
      </extensions>
    </trkpt>
    <trkpt lat="35.576603" lon="129.032228">
      <ele>846.909091</ele>
      <time>2016-02-20T13:28:53Z</time>
      <extensions>
        <dbm>-140</dbm>
      </extensions>
    </trkpt>
    <trkpt lat="35.576543" lon="129.032311">
      <ele>848.909091</ele>
      <time>2016-02-20T13:29:02Z</time>
      <extensions>
        <dbm>-140</dbm>
      </extensions>
    </trkpt>
    <trkpt lat="35.576498" lon="129.032407">
      <ele>851.181818</ele>
      <time>2016-02-20T13:29:15Z</time>
      <extensions>
        <dbm>-140</dbm>
      </extensions>
    </trkpt>
    <trkpt lat="35.576465" lon="129.032505">
      <ele>853.545455</ele>
      <time>2016-02-20T13:29:32Z</time>
      <extensions>
        <dbm>-140</dbm>
      </extensions>
    </trkpt>
    <trkpt lat="35.576439" lon="129.032603">
      <ele>855.636364</ele>
      <time>2016-02-20T13:29:49Z</time>
      <extensions>
        <dbm>-140</dbm>
      </extensions>
    </trkpt>
    <trkpt lat="35.576442" lon="129.032699">
      <ele>857.363636</ele>
      <time>2016-02-20T13:30:00Z</time>
      <extensions>
        <dbm>-140</dbm>
      </extensions>
    </trkpt>
    <trkpt lat="35.576476" lon="129.032785">
      <ele>859.272727</ele>
      <time>2016-02-20T13:30:20Z</time>
      <extensions>
        <dbm>-140</dbm>
      </extensions>
    </trkpt>
    <trkpt lat="35.576535" lon="129.032851">
      <ele>861.181818</ele>
      <time>2016-02-20T13:30:42Z</time>
      <extensions>
        <dbm>-140</dbm>
      </extensions>
    </trkpt>
    <trkpt lat="35.576611" lon="129.032912">
      <ele>862.636364</ele>
      <time>2016-02-20T13:31:07Z</time>
      <extensions>
        <dbm>-140</dbm>
      </extensions>
    </trkpt>
    <trkpt lat="35.576690" lon="129.032973">
      <ele>865.700000</ele>
      <time>2016-02-20T13:31:32Z</time>
      <extensions>
        <dbm>-140</dbm>
      </extensions>
    </trkpt>
    <trkpt lat="35.576766" lon="129.033052">
      <ele>868.000000</ele>
      <time>2016-02-20T13:32:00Z</time>
      <extensions>
        <dbm>-140</dbm>
      </extensions>
    </trkpt>
    <trkpt lat="35.576840" lon="129.033135">
      <ele>870.600000</ele>
      <time>2016-02-20T13:32:14Z</time>
      <extensions>
        <dbm>-140</dbm>
      </extensions>
    </trkpt>
    <trkpt lat="35.576904" lon="129.033227">
      <ele>872.900000</ele>
      <time>2016-02-20T13:32:49Z</time>
      <extensions>
        <dbm>-140</dbm>
      </extensions>
    </trkpt>
    <trkpt lat="35.576972" lon="129.033314">
      <ele>875.300000</ele>
      <time>2016-02-20T13:33:13Z</time>
      <extensions>
        <dbm>-140</dbm>
      </extensions>
    </trkpt>
    <trkpt lat="35.577036" lon="129.033396">
      <ele>877.800000</ele>
      <time>2016-02-20T13:33:29Z</time>
      <extensions>
        <dbm>-140</dbm>
      </extensions>
    </trkpt>
    <trkpt lat="35.577095" lon="129.033481">
      <ele>880.700000</ele>
      <time>2016-02-20T13:33:49Z</time>
      <extensions>
        <dbm>-140</dbm>
      </extensions>
    </trkpt>
    <trkpt lat="35.577124" lon="129.033569">
      <ele>883.500000</ele>
      <time>2016-02-20T13:34:13Z</time>
      <extensions>
        <dbm>-140</dbm>
      </extensions>
    </trkpt>
    <trkpt lat="35.577131" lon="129.033662">
      <ele>886.300000</ele>
      <time>2016-02-20T13:34:35Z</time>
      <extensions>
        <dbm>-140</dbm>
      </extensions>
    </trkpt>
    <trkpt lat="35.577130" lon="129.033760">
      <ele>889.100000</ele>
      <time>2016-02-20T13:34:46Z</time>
      <extensions>
        <dbm>-140</dbm>
      </extensions>
    </trkpt>
    <trkpt lat="35.577135" lon="129.033861">
      <ele>891.400000</ele>
      <time>2016-02-20T13:35:04Z</time>
      <extensions>
        <dbm>-140</dbm>
      </extensions>
    </trkpt>
    <trkpt lat="35.577130" lon="129.033958">
      <ele>894.100000</ele>
      <time>2016-02-20T13:35:32Z</time>
      <extensions>
        <dbm>-140</dbm>
      </extensions>
    </trkpt>
    <trkpt lat="35.577123" lon="129.034059">
      <ele>896.500000</ele>
      <time>2016-02-20T13:35:58Z</time>
      <extensions>
        <dbm>-140</dbm>
      </extensions>
    </trkpt>
    <trkpt lat="35.577120" lon="129.034161">
      <ele>899.300000</ele>
      <time>2016-02-20T13:36:34Z</time>
      <extensions>
        <dbm>-140</dbm>
      </extensions>
    </trkpt>
    <trkpt lat="35.577134" lon="129.034270">
      <ele>902.300000</ele>
      <time>2016-02-20T13:37:07Z</time>
      <extensions>
        <dbm>-140</dbm>
      </extensions>
    </trkpt>
    <trkpt lat="35.577152" lon="129.034383">
      <ele>905.200000</ele>
      <time>2016-02-20T13:37:22Z</time>
      <extensions>
        <dbm>-140</dbm>
      </extensions>
    </trkpt>
    <trkpt lat="35.577172" lon="129.034497">
      <ele>910.000000</ele>
      <time>2016-02-20T13:37:54Z</time>
      <extensions>
        <dbm>-140</dbm>
      </extensions>
    </trkpt>
    <trkpt lat="35.577180" lon="129.034614">
      <ele>913.363636</ele>
      <time>2016-02-20T13:38:19Z</time>
      <extensions>
        <dbm>-140</dbm>
      </extensions>
    </trkpt>
    <trkpt lat="35.577171" lon="129.034722">
      <ele>916.818182</ele>
      <time>2016-02-20T13:38:39Z</time>
      <extensions>
        <dbm>-140</dbm>
      </extensions>
    </trkpt>
    <trkpt lat="35.577155" lon="129.034830">
      <ele>918.700000</ele>
      <time>2016-02-20T13:39:00Z</time>
      <extensions>
        <dbm>-140</dbm>
      </extensions>
    </trkpt>
    <trkpt lat="35.577152" lon="129.034940">
      <ele>922.800000</ele>
      <time>2016-02-20T13:39:25Z</time>
      <extensions>
        <dbm>-140</dbm>
      </extensions>
    </trkpt>
    <trkpt lat="35.577160" lon="129.035054">
      <ele>926.700000</ele>
      <time>2016-02-20T13:39:47Z</time>
      <extensions>
        <dbm>-140</dbm>
      </extensions>
    </trkpt>
    <trkpt lat="35.577158" lon="129.035164">
      <ele>930.600000</ele>
      <time>2016-02-20T13:40:03Z</time>
      <extensions>
        <dbm>-140</dbm>
      </extensions>
    </trkpt>
    <trkpt lat="35.577143" lon="129.035274">
      <ele>934.300000</ele>
      <time>2016-02-20T13:40:20Z</time>
      <extensions>
        <dbm>-140</dbm>
      </extensions>
    </trkpt>
    <trkpt lat="35.577104" lon="129.035370">
      <ele>937.800000</ele>
      <time>2016-02-20T13:40:31Z</time>
      <extensions>
        <dbm>-140</dbm>
      </extensions>
    </trkpt>
    <trkpt lat="35.577057" lon="129.035458">
      <ele>941.400000</ele>
      <time>2016-02-20T13:40:47Z</time>
      <extensions>
        <dbm>-140</dbm>
      </extensions>
    </trkpt>
    <trkpt lat="35.576987" lon="129.035514">
      <ele>944.900000</ele>
      <time>2016-02-20T13:41:15Z</time>
      <extensions>
        <dbm>-140</dbm>
      </extensions>
    </trkpt>
    <trkpt lat="35.576910" lon="129.035552">
      <ele>947.500000</ele>
      <time>2016-02-20T13:42:56Z</time>
      <extensions>
        <dbm>-140</dbm>
      </extensions>
    </trkpt>
    <trkpt lat="35.576822" lon="129.035580">
      <ele>951.000000</ele>
      <time>2016-02-20T13:43:07Z</time>
      <extensions>
        <dbm>-140</dbm>
      </extensions>
    </trkpt>
    <trkpt lat="35.576734" lon="129.035598">
      <ele>953.272727</ele>
      <time>2016-02-20T13:43:18Z</time>
      <extensions>
        <dbm>-140</dbm>
      </extensions>
    </trkpt>
    <trkpt lat="35.576644" lon="129.035609">
      <ele>954.000000</ele>
      <time>2016-02-20T13:43:30Z</time>
      <extensions>
        <dbm>-140</dbm>
      </extensions>
    </trkpt>
    <trkpt lat="35.576544" lon="129.035598">
      <ele>955.818182</ele>
      <time>2016-02-20T13:43:40Z</time>
      <extensions>
        <dbm>-140</dbm>
      </extensions>
    </trkpt>
    <trkpt lat="35.576439" lon="129.035594">
      <ele>957.000000</ele>
      <time>2016-02-20T13:43:49Z</time>
      <extensions>
        <dbm>-140</dbm>
      </extensions>
    </trkpt>
    <trkpt lat="35.576335" lon="129.035589">
      <ele>957.818182</ele>
      <time>2016-02-20T13:43:58Z</time>
      <extensions>
        <dbm>-140</dbm>
      </extensions>
    </trkpt>
    <trkpt lat="35.576230" lon="129.035592">
      <ele>958.272727</ele>
      <time>2016-02-20T13:44:06Z</time>
      <extensions>
        <dbm>-140</dbm>
      </extensions>
    </trkpt>
    <trkpt lat="35.576131" lon="129.035606">
      <ele>958.545455</ele>
      <time>2016-02-20T13:44:17Z</time>
      <extensions>
        <dbm>-140</dbm>
      </extensions>
    </trkpt>
    <trkpt lat="35.576034" lon="129.035629">
      <ele>958.909091</ele>
      <time>2016-02-20T13:44:26Z</time>
      <extensions>
        <dbm>-140</dbm>
      </extensions>
    </trkpt>
    <trkpt lat="35.575943" lon="129.035663">
      <ele>959.272727</ele>
      <time>2016-02-20T13:44:37Z</time>
      <extensions>
        <dbm>-140</dbm>
      </extensions>
    </trkpt>
    <trkpt lat="35.575853" lon="129.035700">
      <ele>959.636364</ele>
      <time>2016-02-20T13:44:50Z</time>
      <extensions>
        <dbm>-140</dbm>
      </extensions>
    </trkpt>
    <trkpt lat="35.575772" lon="129.035753">
      <ele>960.000000</ele>
      <time>2016-02-20T13:45:02Z</time>
      <extensions>
        <dbm>-140</dbm>
      </extensions>
    </trkpt>
    <trkpt lat="35.575693" lon="129.035804">
      <ele>960.363636</ele>
      <time>2016-02-20T13:45:15Z</time>
      <extensions>
        <dbm>-140</dbm>
      </extensions>
    </trkpt>
    <trkpt lat="35.575613" lon="129.035848">
      <ele>960.636364</ele>
      <time>2016-02-20T13:45:37Z</time>
      <extensions>
        <dbm>-140</dbm>
      </extensions>
    </trkpt>
    <trkpt lat="35.575524" lon="129.035873">
      <ele>960.727273</ele>
      <time>2016-02-20T13:45:50Z</time>
      <extensions>
        <dbm>-140</dbm>
      </extensions>
    </trkpt>
    <trkpt lat="35.575429" lon="129.035885">
      <ele>960.909091</ele>
      <time>2016-02-20T13:45:59Z</time>
      <extensions>
        <dbm>-140</dbm>
      </extensions>
    </trkpt>
    <trkpt lat="35.575333" lon="129.035895">
      <ele>961.454545</ele>
      <time>2016-02-20T13:46:10Z</time>
      <extensions>
        <dbm>-140</dbm>
      </extensions>
    </trkpt>
    <trkpt lat="35.575237" lon="129.035910">
      <ele>962.363636</ele>
      <time>2016-02-20T13:46:19Z</time>
      <extensions>
        <dbm>-140</dbm>
      </extensions>
    </trkpt>
    <trkpt lat="35.575149" lon="129.035943">
      <ele>963.181818</ele>
      <time>2016-02-20T13:46:30Z</time>
      <extensions>
        <dbm>-140</dbm>
      </extensions>
    </trkpt>
    <trkpt lat="35.575062" lon="129.035983">
      <ele>964.000000</ele>
      <time>2016-02-20T13:46:47Z</time>
      <extensions>
        <dbm>-140</dbm>
      </extensions>
    </trkpt>
    <trkpt lat="35.574973" lon="129.036023">
      <ele>965.000000</ele>
      <time>2016-02-20T13:47:02Z</time>
      <extensions>
        <dbm>-140</dbm>
      </extensions>
    </trkpt>
    <trkpt lat="35.574882" lon="129.036053">
      <ele>966.181818</ele>
      <time>2016-02-20T13:47:16Z</time>
      <extensions>
        <dbm>-140</dbm>
      </extensions>
    </trkpt>
    <trkpt lat="35.574788" lon="129.036075">
      <ele>967.454545</ele>
      <time>2016-02-20T13:47:30Z</time>
      <extensions>
        <dbm>-140</dbm>
      </extensions>
    </trkpt>
    <trkpt lat="35.574697" lon="129.036084">
      <ele>968.818182</ele>
      <time>2016-02-20T13:47:47Z</time>
      <extensions>
        <dbm>-140</dbm>
      </extensions>
    </trkpt>
    <trkpt lat="35.574605" lon="129.036091">
      <ele>970.090909</ele>
      <time>2016-02-20T13:47:54Z</time>
      <extensions>
        <dbm>-140</dbm>
      </extensions>
    </trkpt>
    <trkpt lat="35.574512" lon="129.036098">
      <ele>971.363636</ele>
      <time>2016-02-20T13:48:02Z</time>
      <extensions>
        <dbm>-140</dbm>
      </extensions>
    </trkpt>
    <trkpt lat="35.574415" lon="129.036110">
      <ele>972.727273</ele>
      <time>2016-02-20T13:48:12Z</time>
      <extensions>
        <dbm>-140</dbm>
      </extensions>
    </trkpt>
    <trkpt lat="35.574316" lon="129.036124">
      <ele>973.636364</ele>
      <time>2016-02-20T13:48:22Z</time>
      <extensions>
        <dbm>-140</dbm>
      </extensions>
    </trkpt>
    <trkpt lat="35.574222" lon="129.036140">
      <ele>974.545455</ele>
      <time>2016-02-20T13:48:40Z</time>
      <extensions>
        <dbm>-140</dbm>
      </extensions>
    </trkpt>
    <trkpt lat="35.574131" lon="129.036164">
      <ele>975.363636</ele>
      <time>2016-02-20T13:48:53Z</time>
      <extensions>
        <dbm>-140</dbm>
      </extensions>
    </trkpt>
    <trkpt lat="35.574043" lon="129.036198">
      <ele>976.272727</ele>
      <time>2016-02-20T13:49:06Z</time>
      <extensions>
        <dbm>-140</dbm>
      </extensions>
    </trkpt>
    <trkpt lat="35.573957" lon="129.036206">
      <ele>977.090909</ele>
      <time>2016-02-20T13:49:19Z</time>
      <extensions>
        <dbm>-140</dbm>
      </extensions>
    </trkpt>
    <trkpt lat="35.573872" lon="129.036211">
      <ele>977.909091</ele>
      <time>2016-02-20T13:51:15Z</time>
      <extensions>
        <dbm>-140</dbm>
      </extensions>
    </trkpt>
    <trkpt lat="35.573785" lon="129.036192">
      <ele>979.000000</ele>
      <time>2016-02-20T13:52:51Z</time>
      <extensions>
        <dbm>-140</dbm>
      </extensions>
    </trkpt>
    <trkpt lat="35.573698" lon="129.036176">
      <ele>980.181818</ele>
      <time>2016-02-20T13:53:00Z</time>
      <extensions>
        <dbm>-140</dbm>
      </extensions>
    </trkpt>
    <trkpt lat="35.573610" lon="129.036136">
      <ele>980.200000</ele>
      <time>2016-02-20T13:53:10Z</time>
      <extensions>
        <dbm>-140</dbm>
      </extensions>
    </trkpt>
    <trkpt lat="35.573523" lon="129.036101">
      <ele>980.800000</ele>
      <time>2016-02-20T13:53:32Z</time>
      <extensions>
        <dbm>-140</dbm>
      </extensions>
    </trkpt>
    <trkpt lat="35.573435" lon="129.036061">
      <ele>980.800000</ele>
      <time>2016-02-20T13:53:40Z</time>
      <extensions>
        <dbm>-140</dbm>
      </extensions>
    </trkpt>
    <trkpt lat="35.573348" lon="129.036019">
      <ele>980.800000</ele>
      <time>2016-02-20T13:53:49Z</time>
      <extensions>
        <dbm>-140</dbm>
      </extensions>
    </trkpt>
    <trkpt lat="35.573261" lon="129.035976">
      <ele>980.800000</ele>
      <time>2016-02-20T13:54:06Z</time>
      <extensions>
        <dbm>-140</dbm>
      </extensions>
    </trkpt>
    <trkpt lat="35.573168" lon="129.035954">
      <ele>981.181818</ele>
      <time>2016-02-20T13:54:17Z</time>
      <extensions>
        <dbm>-140</dbm>
      </extensions>
    </trkpt>
    <trkpt lat="35.573075" lon="129.035941">
      <ele>981.181818</ele>
      <time>2016-02-20T13:54:29Z</time>
      <extensions>
        <dbm>-140</dbm>
      </extensions>
    </trkpt>
    <trkpt lat="35.572980" lon="129.035926">
      <ele>981.181818</ele>
      <time>2016-02-20T13:54:36Z</time>
      <extensions>
        <dbm>-140</dbm>
      </extensions>
    </trkpt>
    <trkpt lat="35.572887" lon="129.035912">
      <ele>980.500000</ele>
      <time>2016-02-20T13:54:44Z</time>
      <extensions>
        <dbm>-140</dbm>
      </extensions>
    </trkpt>
    <trkpt lat="35.572795" lon="129.035920">
      <ele>980.000000</ele>
      <time>2016-02-20T13:54:53Z</time>
      <extensions>
        <dbm>-140</dbm>
      </extensions>
    </trkpt>
    <trkpt lat="35.572705" lon="129.035938">
      <ele>979.400000</ele>
      <time>2016-02-20T13:55:04Z</time>
      <extensions>
        <dbm>-140</dbm>
      </extensions>
    </trkpt>
    <trkpt lat="35.572616" lon="129.035965">
      <ele>978.600000</ele>
      <time>2016-02-20T13:55:13Z</time>
      <extensions>
        <dbm>-140</dbm>
      </extensions>
    </trkpt>
    <trkpt lat="35.572524" lon="129.035981">
      <ele>977.800000</ele>
      <time>2016-02-20T13:55:22Z</time>
      <extensions>
        <dbm>-140</dbm>
      </extensions>
    </trkpt>
    <trkpt lat="35.572428" lon="129.036001">
      <ele>976.900000</ele>
      <time>2016-02-20T13:55:36Z</time>
      <extensions>
        <dbm>-140</dbm>
      </extensions>
    </trkpt>
    <trkpt lat="35.572331" lon="129.036014">
      <ele>975.500000</ele>
      <time>2016-02-20T13:55:46Z</time>
      <extensions>
        <dbm>-140</dbm>
      </extensions>
    </trkpt>
    <trkpt lat="35.572237" lon="129.036030">
      <ele>974.600000</ele>
      <time>2016-02-20T13:56:00Z</time>
      <extensions>
        <dbm>-140</dbm>
      </extensions>
    </trkpt>
    <trkpt lat="35.572146" lon="129.036044">
      <ele>974.300000</ele>
      <time>2016-02-20T13:56:15Z</time>
      <extensions>
        <dbm>-140</dbm>
      </extensions>
    </trkpt>
    <trkpt lat="35.572055" lon="129.036069">
      <ele>974.090909</ele>
      <time>2016-02-20T13:56:27Z</time>
      <extensions>
        <dbm>-140</dbm>
      </extensions>
    </trkpt>
    <trkpt lat="35.571962" lon="129.036094">
      <ele>974.090909</ele>
      <time>2016-02-20T13:56:38Z</time>
      <extensions>
        <dbm>-140</dbm>
      </extensions>
    </trkpt>
    <trkpt lat="35.571874" lon="129.036119">
      <ele>974.300000</ele>
      <time>2016-02-20T13:56:49Z</time>
      <extensions>
        <dbm>-140</dbm>
      </extensions>
    </trkpt>
    <trkpt lat="35.571791" lon="129.036132">
      <ele>974.090909</ele>
      <time>2016-02-20T13:56:56Z</time>
      <extensions>
        <dbm>-140</dbm>
      </extensions>
    </trkpt>
    <trkpt lat="35.571708" lon="129.036133">
      <ele>974.200000</ele>
      <time>2016-02-20T13:57:03Z</time>
      <extensions>
        <dbm>-140</dbm>
      </extensions>
    </trkpt>
    <trkpt lat="35.571624" lon="129.036144">
      <ele>974.100000</ele>
      <time>2016-02-20T13:57:16Z</time>
      <extensions>
        <dbm>-140</dbm>
      </extensions>
    </trkpt>
    <trkpt lat="35.571537" lon="129.036166">
      <ele>974.000000</ele>
      <time>2016-02-20T13:57:29Z</time>
      <extensions>
        <dbm>-140</dbm>
      </extensions>
    </trkpt>
    <trkpt lat="35.571455" lon="129.036217">
      <ele>974.100000</ele>
      <time>2016-02-20T13:57:39Z</time>
      <extensions>
        <dbm>-140</dbm>
      </extensions>
    </trkpt>
    <trkpt lat="35.571381" lon="129.036283">
      <ele>974.200000</ele>
      <time>2016-02-20T13:57:48Z</time>
      <extensions>
        <dbm>-140</dbm>
      </extensions>
    </trkpt>
    <trkpt lat="35.571303" lon="129.036353">
      <ele>974.200000</ele>
      <time>2016-02-20T13:57:56Z</time>
      <extensions>
        <dbm>-140</dbm>
      </extensions>
    </trkpt>
    <trkpt lat="35.571226" lon="129.036424">
      <ele>974.200000</ele>
      <time>2016-02-20T13:58:08Z</time>
      <extensions>
        <dbm>-140</dbm>
      </extensions>
    </trkpt>
    <trkpt lat="35.571144" lon="129.036484">
      <ele>974.200000</ele>
      <time>2016-02-20T13:58:23Z</time>
      <extensions>
        <dbm>-140</dbm>
      </extensions>
    </trkpt>
    <trkpt lat="35.571062" lon="129.036532">
      <ele>974.100000</ele>
      <time>2016-02-20T13:58:35Z</time>
      <extensions>
        <dbm>-140</dbm>
      </extensions>
    </trkpt>
    <trkpt lat="35.570973" lon="129.036578">
      <ele>973.900000</ele>
      <time>2016-02-20T13:58:46Z</time>
      <extensions>
        <dbm>-140</dbm>
      </extensions>
    </trkpt>
    <trkpt lat="35.570888" lon="129.036626">
      <ele>973.800000</ele>
      <time>2016-02-20T13:59:00Z</time>
      <extensions>
        <dbm>-140</dbm>
      </extensions>
    </trkpt>
    <trkpt lat="35.570810" lon="129.036687">
      <ele>973.700000</ele>
      <time>2016-02-20T13:59:13Z</time>
      <extensions>
        <dbm>-140</dbm>
      </extensions>
    </trkpt>
    <trkpt lat="35.570737" lon="129.036747">
      <ele>973.200000</ele>
      <time>2016-02-20T13:59:35Z</time>
      <extensions>
        <dbm>-140</dbm>
      </extensions>
    </trkpt>
    <trkpt lat="35.570658" lon="129.036791">
      <ele>972.800000</ele>
      <time>2016-02-20T14:00:07Z</time>
      <extensions>
        <dbm>-140</dbm>
      </extensions>
    </trkpt>
    <trkpt lat="35.570575" lon="129.036837">
      <ele>972.100000</ele>
      <time>2016-02-20T14:00:21Z</time>
      <extensions>
        <dbm>-140</dbm>
      </extensions>
    </trkpt>
    <trkpt lat="35.570491" lon="129.036889">
      <ele>971.100000</ele>
      <time>2016-02-20T14:00:36Z</time>
      <extensions>
        <dbm>-140</dbm>
      </extensions>
    </trkpt>
    <trkpt lat="35.570421" lon="129.036966">
      <ele>970.200000</ele>
      <time>2016-02-20T14:00:49Z</time>
      <extensions>
        <dbm>-140</dbm>
      </extensions>
    </trkpt>
    <trkpt lat="35.570347" lon="129.037052">
      <ele>969.000000</ele>
      <time>2016-02-20T14:00:58Z</time>
      <extensions>
        <dbm>-140</dbm>
      </extensions>
    </trkpt>
    <trkpt lat="35.570268" lon="129.037127">
      <ele>968.000000</ele>
      <time>2016-02-20T14:01:08Z</time>
      <extensions>
        <dbm>-140</dbm>
      </extensions>
    </trkpt>
    <trkpt lat="35.570184" lon="129.037198">
      <ele>967.000000</ele>
      <time>2016-02-20T14:01:16Z</time>
      <extensions>
        <dbm>-140</dbm>
      </extensions>
    </trkpt>
    <trkpt lat="35.570111" lon="129.037269">
      <ele>966.000000</ele>
      <time>2016-02-20T14:01:25Z</time>
      <extensions>
        <dbm>-140</dbm>
      </extensions>
    </trkpt>
    <trkpt lat="35.570055" lon="129.037356">
      <ele>964.909091</ele>
      <time>2016-02-20T14:01:36Z</time>
      <extensions>
        <dbm>-140</dbm>
      </extensions>
    </trkpt>
    <trkpt lat="35.569996" lon="129.037438">
      <ele>963.818182</ele>
      <time>2016-02-20T14:01:57Z</time>
      <extensions>
        <dbm>-140</dbm>
      </extensions>
    </trkpt>
    <trkpt lat="35.569936" lon="129.037512">
      <ele>962.636364</ele>
      <time>2016-02-20T14:02:15Z</time>
      <extensions>
        <dbm>-140</dbm>
      </extensions>
    </trkpt>
    <trkpt lat="35.569862" lon="129.037560">
      <ele>961.454545</ele>
      <time>2016-02-20T14:02:38Z</time>
      <extensions>
        <dbm>-140</dbm>
      </extensions>
    </trkpt>
    <trkpt lat="35.569784" lon="129.037578">
      <ele>960.800000</ele>
      <time>2016-02-20T14:03:00Z</time>
      <extensions>
        <dbm>-140</dbm>
      </extensions>
    </trkpt>
    <trkpt lat="35.569698" lon="129.037562">
      <ele>959.400000</ele>
      <time>2016-02-20T14:03:15Z</time>
      <extensions>
        <dbm>-140</dbm>
      </extensions>
    </trkpt>
    <trkpt lat="35.569609" lon="129.037542">
      <ele>957.500000</ele>
      <time>2016-02-20T14:03:33Z</time>
      <extensions>
        <dbm>-140</dbm>
      </extensions>
    </trkpt>
    <trkpt lat="35.569530" lon="129.037554">
      <ele>955.800000</ele>
      <time>2016-02-20T14:03:43Z</time>
      <extensions>
        <dbm>-140</dbm>
      </extensions>
    </trkpt>
    <trkpt lat="35.569449" lon="129.037589">
      <ele>953.700000</ele>
      <time>2016-02-20T14:04:01Z</time>
      <extensions>
        <dbm>-140</dbm>
      </extensions>
    </trkpt>
    <trkpt lat="35.569382" lon="129.037646">
      <ele>951.300000</ele>
      <time>2016-02-20T14:04:17Z</time>
      <extensions>
        <dbm>-140</dbm>
      </extensions>
    </trkpt>
    <trkpt lat="35.569314" lon="129.037703">
      <ele>948.800000</ele>
      <time>2016-02-20T14:04:28Z</time>
      <extensions>
        <dbm>-140</dbm>
      </extensions>
    </trkpt>
    <trkpt lat="35.569250" lon="129.037777">
      <ele>946.500000</ele>
      <time>2016-02-20T14:04:38Z</time>
      <extensions>
        <dbm>-140</dbm>
      </extensions>
    </trkpt>
    <trkpt lat="35.569183" lon="129.037856">
      <ele>944.100000</ele>
      <time>2016-02-20T14:04:52Z</time>
      <extensions>
        <dbm>-140</dbm>
      </extensions>
    </trkpt>
    <trkpt lat="35.569122" lon="129.037945">
      <ele>941.700000</ele>
      <time>2016-02-20T14:05:03Z</time>
      <extensions>
        <dbm>-140</dbm>
      </extensions>
    </trkpt>
    <trkpt lat="35.569064" lon="129.038028">
      <ele>939.200000</ele>
      <time>2016-02-20T14:05:13Z</time>
      <extensions>
        <dbm>-140</dbm>
      </extensions>
    </trkpt>
    <trkpt lat="35.569005" lon="129.038103">
      <ele>936.400000</ele>
      <time>2016-02-20T14:05:25Z</time>
      <extensions>
        <dbm>-140</dbm>
      </extensions>
    </trkpt>
    <trkpt lat="35.568936" lon="129.038171">
      <ele>934.000000</ele>
      <time>2016-02-20T14:05:37Z</time>
      <extensions>
        <dbm>-140</dbm>
      </extensions>
    </trkpt>
    <trkpt lat="35.568872" lon="129.038244">
      <ele>931.500000</ele>
      <time>2016-02-20T14:05:45Z</time>
      <extensions>
        <dbm>-140</dbm>
      </extensions>
    </trkpt>
    <trkpt lat="35.568805" lon="129.038322">
      <ele>929.200000</ele>
      <time>2016-02-20T14:05:52Z</time>
      <extensions>
        <dbm>-140</dbm>
      </extensions>
    </trkpt>
    <trkpt lat="35.568749" lon="129.038404">
      <ele>927.300000</ele>
      <time>2016-02-20T14:06:01Z</time>
      <extensions>
        <dbm>-140</dbm>
      </extensions>
    </trkpt>
    <trkpt lat="35.568692" lon="129.038491">
      <ele>925.200000</ele>
      <time>2016-02-20T14:06:12Z</time>
      <extensions>
        <dbm>-140</dbm>
      </extensions>
    </trkpt>
    <trkpt lat="35.568629" lon="129.038571">
      <ele>922.900000</ele>
      <time>2016-02-20T14:06:50Z</time>
      <extensions>
        <dbm>-140</dbm>
      </extensions>
    </trkpt>
    <trkpt lat="35.568552" lon="129.038637">
      <ele>920.700000</ele>
      <time>2016-02-20T14:06:59Z</time>
      <extensions>
        <dbm>-140</dbm>
      </extensions>
    </trkpt>
    <trkpt lat="35.568487" lon="129.038707">
      <ele>918.500000</ele>
      <time>2016-02-20T14:07:10Z</time>
      <extensions>
        <dbm>-140</dbm>
      </extensions>
    </trkpt>
    <trkpt lat="35.568428" lon="129.038779">
      <ele>916.400000</ele>
      <time>2016-02-20T14:07:20Z</time>
      <extensions>
        <dbm>-140</dbm>
      </extensions>
    </trkpt>
    <trkpt lat="35.568376" lon="129.038859">
      <ele>914.900000</ele>
      <time>2016-02-20T14:07:32Z</time>
      <extensions>
        <dbm>-140</dbm>
      </extensions>
    </trkpt>
    <trkpt lat="35.568309" lon="129.038926">
      <ele>913.900000</ele>
      <time>2016-02-20T14:07:46Z</time>
      <extensions>
        <dbm>-140</dbm>
      </extensions>
    </trkpt>
    <trkpt lat="35.568240" lon="129.039005">
      <ele>912.400000</ele>
      <time>2016-02-20T14:07:58Z</time>
      <extensions>
        <dbm>-140</dbm>
      </extensions>
    </trkpt>
    <trkpt lat="35.568188" lon="129.039098">
      <ele>911.200000</ele>
      <time>2016-02-20T14:08:10Z</time>
      <extensions>
        <dbm>-140</dbm>
      </extensions>
    </trkpt>
    <trkpt lat="35.568147" lon="129.039198">
      <ele>910.100000</ele>
      <time>2016-02-20T14:08:23Z</time>
      <extensions>
        <dbm>-140</dbm>
      </extensions>
    </trkpt>
    <trkpt lat="35.568106" lon="129.039275">
      <ele>910.000000</ele>
      <time>2016-02-20T14:08:38Z</time>
      <extensions>
        <dbm>-140</dbm>
      </extensions>
    </trkpt>
    <trkpt lat="35.568039" lon="129.039313">
      <ele>910.000000</ele>
      <time>2016-02-20T14:08:56Z</time>
      <extensions>
        <dbm>-140</dbm>
      </extensions>
    </trkpt>
    <trkpt lat="35.567958" lon="129.039329">
      <ele>910.000000</ele>
      <time>2016-02-20T14:09:06Z</time>
      <extensions>
        <dbm>-140</dbm>
      </extensions>
    </trkpt>
    <trkpt lat="35.567867" lon="129.039353">
      <ele>910.000000</ele>
      <time>2016-02-20T14:09:26Z</time>
      <extensions>
        <dbm>-140</dbm>
      </extensions>
    </trkpt>
    <trkpt lat="35.567780" lon="129.039405">
      <ele>910.000000</ele>
      <time>2016-02-20T14:09:41Z</time>
      <extensions>
        <dbm>-140</dbm>
      </extensions>
    </trkpt>
    <trkpt lat="35.567709" lon="129.039484">
      <ele>910.000000</ele>
      <time>2016-02-20T14:09:58Z</time>
      <extensions>
        <dbm>-140</dbm>
      </extensions>
    </trkpt>
    <trkpt lat="35.567642" lon="129.039557">
      <ele>911.000000</ele>
      <time>2016-02-20T14:10:07Z</time>
      <extensions>
        <dbm>-140</dbm>
      </extensions>
    </trkpt>
    <trkpt lat="35.567572" lon="129.039609">
      <ele>911.454545</ele>
      <time>2016-02-20T14:10:35Z</time>
      <extensions>
        <dbm>-140</dbm>
      </extensions>
    </trkpt>
    <trkpt lat="35.567488" lon="129.039612">
      <ele>912.600000</ele>
      <time>2016-02-20T14:10:47Z</time>
      <extensions>
        <dbm>-140</dbm>
      </extensions>
    </trkpt>
    <trkpt lat="35.567405" lon="129.039597">
      <ele>912.727273</ele>
      <time>2016-02-20T14:11:04Z</time>
      <extensions>
        <dbm>-140</dbm>
      </extensions>
    </trkpt>
    <trkpt lat="35.567320" lon="129.039592">
      <ele>913.272727</ele>
      <time>2016-02-20T14:11:23Z</time>
      <extensions>
        <dbm>-140</dbm>
      </extensions>
    </trkpt>
    <trkpt lat="35.567231" lon="129.039612">
      <ele>914.000000</ele>
      <time>2016-02-20T14:11:50Z</time>
      <extensions>
        <dbm>-140</dbm>
      </extensions>
    </trkpt>
    <trkpt lat="35.567150" lon="129.039666">
      <ele>914.909091</ele>
      <time>2016-02-20T14:12:00Z</time>
      <extensions>
        <dbm>-140</dbm>
      </extensions>
    </trkpt>
    <trkpt lat="35.567094" lon="129.039744">
      <ele>915.454545</ele>
      <time>2016-02-20T14:12:09Z</time>
      <extensions>
        <dbm>-140</dbm>
      </extensions>
    </trkpt>
    <trkpt lat="35.567046" lon="129.039837">
      <ele>915.818182</ele>
      <time>2016-02-20T14:12:31Z</time>
      <extensions>
        <dbm>-140</dbm>
      </extensions>
    </trkpt>
    <trkpt lat="35.566993" lon="129.039925">
      <ele>916.363636</ele>
      <time>2016-02-20T14:12:56Z</time>
      <extensions>
        <dbm>-140</dbm>
      </extensions>
    </trkpt>
    <trkpt lat="35.566928" lon="129.040008">
      <ele>916.818182</ele>
      <time>2016-02-20T14:13:17Z</time>
      <extensions>
        <dbm>-140</dbm>
      </extensions>
    </trkpt>
    <trkpt lat="35.566862" lon="129.040094">
      <ele>917.272727</ele>
      <time>2016-02-20T14:13:46Z</time>
      <extensions>
        <dbm>-140</dbm>
      </extensions>
    </trkpt>
    <trkpt lat="35.566804" lon="129.040185">
      <ele>917.727273</ele>
      <time>2016-02-20T14:14:02Z</time>
      <extensions>
        <dbm>-140</dbm>
      </extensions>
    </trkpt>
    <trkpt lat="35.566758" lon="129.040276">
      <ele>918.400000</ele>
      <time>2016-02-20T14:14:13Z</time>
      <extensions>
        <dbm>-140</dbm>
      </extensions>
    </trkpt>
    <trkpt lat="35.566721" lon="129.040372">
      <ele>918.800000</ele>
      <time>2016-02-20T14:14:37Z</time>
      <extensions>
        <dbm>-140</dbm>
      </extensions>
    </trkpt>
    <trkpt lat="35.566690" lon="129.040467">
      <ele>919.000000</ele>
      <time>2016-02-20T14:15:02Z</time>
      <extensions>
        <dbm>-140</dbm>
      </extensions>
    </trkpt>
    <trkpt lat="35.566654" lon="129.040564">
      <ele>919.100000</ele>
      <time>2016-02-20T14:15:19Z</time>
      <extensions>
        <dbm>-140</dbm>
      </extensions>
    </trkpt>
    <trkpt lat="35.566612" lon="129.040657">
      <ele>919.600000</ele>
      <time>2016-02-20T14:15:37Z</time>
      <extensions>
        <dbm>-140</dbm>
      </extensions>
    </trkpt>
    <trkpt lat="35.566578" lon="129.040745">
      <ele>920.181818</ele>
      <time>2016-02-20T14:15:56Z</time>
      <extensions>
        <dbm>-140</dbm>
      </extensions>
    </trkpt>
    <trkpt lat="35.566549" lon="129.040816">
      <ele>942.000000</ele>
      <time>2016-02-20T14:20:20Z</time>
      <extensions>
        <pause>start</pause>
        <type>auto</type>
        <dbm>-81</dbm>
      </extensions>
    </trkpt>
    <trkpt lat="35.566284" lon="129.040896">
      <ele>943.000000</ele>
      <time>2016-02-20T14:29:41Z</time>
      <extensions>
        <pause>end</pause>
        <type>auto</type>
        <dbm>-140</dbm>
      </extensions>
    </trkpt>
    <trkpt lat="35.566218" lon="129.040947">
      <ele>925.272727</ele>
      <time>2016-02-20T14:29:49Z</time>
      <extensions>
        <dbm>-140</dbm>
      </extensions>
    </trkpt>
    <trkpt lat="35.566152" lon="129.041000">
      <ele>928.100000</ele>
      <time>2016-02-20T14:30:05Z</time>
      <extensions>
        <dbm>-140</dbm>
      </extensions>
    </trkpt>
    <trkpt lat="35.566076" lon="129.041058">
      <ele>929.500000</ele>
      <time>2016-02-20T14:30:11Z</time>
      <extensions>
        <dbm>-140</dbm>
      </extensions>
    </trkpt>
    <trkpt lat="35.566006" lon="129.041128">
      <ele>931.000000</ele>
      <time>2016-02-20T14:30:21Z</time>
      <extensions>
        <dbm>-140</dbm>
      </extensions>
    </trkpt>
    <trkpt lat="35.565921" lon="129.041191">
      <ele>932.300000</ele>
      <time>2016-02-20T14:30:29Z</time>
      <extensions>
        <dbm>-140</dbm>
      </extensions>
    </trkpt>
    <trkpt lat="35.565838" lon="129.041245">
      <ele>934.000000</ele>
      <time>2016-02-20T14:30:39Z</time>
      <extensions>
        <dbm>-140</dbm>
      </extensions>
    </trkpt>
    <trkpt lat="35.565756" lon="129.041305">
      <ele>935.400000</ele>
      <time>2016-02-20T14:30:51Z</time>
      <extensions>
        <dbm>-140</dbm>
      </extensions>
    </trkpt>
    <trkpt lat="35.565678" lon="129.041362">
      <ele>936.400000</ele>
      <time>2016-02-20T14:31:02Z</time>
      <extensions>
        <dbm>-140</dbm>
      </extensions>
    </trkpt>
    <trkpt lat="35.565604" lon="129.041430">
      <ele>937.400000</ele>
      <time>2016-02-20T14:31:11Z</time>
      <extensions>
        <dbm>-140</dbm>
      </extensions>
    </trkpt>
    <trkpt lat="35.565523" lon="129.041484">
      <ele>938.100000</ele>
      <time>2016-02-20T14:31:21Z</time>
      <extensions>
        <dbm>-140</dbm>
      </extensions>
    </trkpt>
    <trkpt lat="35.565443" lon="129.041543">
      <ele>938.700000</ele>
      <time>2016-02-20T14:31:32Z</time>
      <extensions>
        <dbm>-140</dbm>
      </extensions>
    </trkpt>
    <trkpt lat="35.565356" lon="129.041576">
      <ele>939.100000</ele>
      <time>2016-02-20T14:31:41Z</time>
      <extensions>
        <dbm>-140</dbm>
      </extensions>
    </trkpt>
    <trkpt lat="35.565268" lon="129.041602">
      <ele>939.300000</ele>
      <time>2016-02-20T14:31:51Z</time>
      <extensions>
        <dbm>-140</dbm>
      </extensions>
    </trkpt>
    <trkpt lat="35.565179" lon="129.041629">
      <ele>939.700000</ele>
      <time>2016-02-20T14:31:59Z</time>
      <extensions>
        <dbm>-140</dbm>
      </extensions>
    </trkpt>
    <trkpt lat="35.565082" lon="129.041661">
      <ele>940.000000</ele>
      <time>2016-02-20T14:32:10Z</time>
      <extensions>
        <dbm>-140</dbm>
      </extensions>
    </trkpt>
    <trkpt lat="35.564982" lon="129.041686">
      <ele>940.000000</ele>
      <time>2016-02-20T14:32:21Z</time>
      <extensions>
        <dbm>-140</dbm>
      </extensions>
    </trkpt>
    <trkpt lat="35.564880" lon="129.041691">
      <ele>940.090909</ele>
      <time>2016-02-20T14:32:29Z</time>
      <extensions>
        <dbm>-140</dbm>
      </extensions>
    </trkpt>
    <trkpt lat="35.564785" lon="129.041694">
      <ele>940.090909</ele>
      <time>2016-02-20T14:32:37Z</time>
      <extensions>
        <dbm>-140</dbm>
      </extensions>
    </trkpt>
    <trkpt lat="35.564692" lon="129.041709">
      <ele>940.000000</ele>
      <time>2016-02-20T14:32:47Z</time>
      <extensions>
        <dbm>-140</dbm>
      </extensions>
    </trkpt>
    <trkpt lat="35.564600" lon="129.041736">
      <ele>940.090909</ele>
      <time>2016-02-20T14:32:56Z</time>
      <extensions>
        <dbm>-140</dbm>
      </extensions>
    </trkpt>
    <trkpt lat="35.564505" lon="129.041776">
      <ele>940.181818</ele>
      <time>2016-02-20T14:33:11Z</time>
      <extensions>
        <dbm>-140</dbm>
      </extensions>
    </trkpt>
    <trkpt lat="35.564410" lon="129.041818">
      <ele>940.454545</ele>
      <time>2016-02-20T14:33:24Z</time>
      <extensions>
        <dbm>-140</dbm>
      </extensions>
    </trkpt>
    <trkpt lat="35.564279" lon="129.041855">
      <ele>940.800000</ele>
      <time>2016-02-20T14:33:34Z</time>
      <extensions>
        <dbm>-140</dbm>
      </extensions>
    </trkpt>
    <trkpt lat="35.564151" lon="129.041876">
      <ele>940.700000</ele>
      <time>2016-02-20T14:33:59Z</time>
      <extensions>
        <dbm>-140</dbm>
      </extensions>
    </trkpt>
    <trkpt lat="35.564023" lon="129.041881">
      <ele>940.500000</ele>
      <time>2016-02-20T14:34:11Z</time>
      <extensions>
        <dbm>-140</dbm>
      </extensions>
    </trkpt>
    <trkpt lat="35.563930" lon="129.041871">
      <ele>940.500000</ele>
      <time>2016-02-20T14:34:25Z</time>
      <extensions>
        <dbm>-140</dbm>
      </extensions>
    </trkpt>
    <trkpt lat="35.563835" lon="129.041861">
      <ele>940.200000</ele>
      <time>2016-02-20T14:34:39Z</time>
      <extensions>
        <dbm>-140</dbm>
      </extensions>
    </trkpt>
    <trkpt lat="35.563741" lon="129.041851">
      <ele>939.900000</ele>
      <time>2016-02-20T14:34:50Z</time>
      <extensions>
        <dbm>-140</dbm>
      </extensions>
    </trkpt>
    <trkpt lat="35.563646" lon="129.041860">
      <ele>939.200000</ele>
      <time>2016-02-20T14:35:05Z</time>
      <extensions>
        <dbm>-140</dbm>
      </extensions>
    </trkpt>
    <trkpt lat="35.563551" lon="129.041881">
      <ele>938.600000</ele>
      <time>2016-02-20T14:35:15Z</time>
      <extensions>
        <dbm>-140</dbm>
      </extensions>
    </trkpt>
    <trkpt lat="35.563461" lon="129.041916">
      <ele>937.600000</ele>
      <time>2016-02-20T14:35:28Z</time>
      <extensions>
        <dbm>-140</dbm>
      </extensions>
    </trkpt>
    <trkpt lat="35.563366" lon="129.041943">
      <ele>936.200000</ele>
      <time>2016-02-20T14:35:41Z</time>
      <extensions>
        <dbm>-140</dbm>
      </extensions>
    </trkpt>
    <trkpt lat="35.563278" lon="129.041969">
      <ele>934.800000</ele>
      <time>2016-02-20T14:35:56Z</time>
      <extensions>
        <dbm>-140</dbm>
      </extensions>
    </trkpt>
    <trkpt lat="35.563189" lon="129.042006">
      <ele>933.300000</ele>
      <time>2016-02-20T14:36:04Z</time>
      <extensions>
        <dbm>-140</dbm>
      </extensions>
    </trkpt>
    <trkpt lat="35.563111" lon="129.042062">
      <ele>931.400000</ele>
      <time>2016-02-20T14:36:16Z</time>
      <extensions>
        <dbm>-140</dbm>
      </extensions>
    </trkpt>
    <trkpt lat="35.563036" lon="129.042124">
      <ele>929.400000</ele>
      <time>2016-02-20T14:36:33Z</time>
      <extensions>
        <dbm>-140</dbm>
      </extensions>
    </trkpt>
    <trkpt lat="35.562959" lon="129.042183">
      <ele>927.600000</ele>
      <time>2016-02-20T14:37:05Z</time>
      <extensions>
        <dbm>-140</dbm>
      </extensions>
    </trkpt>
    <trkpt lat="35.562875" lon="129.042227">
      <ele>925.600000</ele>
      <time>2016-02-20T14:37:15Z</time>
      <extensions>
        <dbm>-140</dbm>
      </extensions>
    </trkpt>
    <trkpt lat="35.562787" lon="129.042276">
      <ele>923.800000</ele>
      <time>2016-02-20T14:37:26Z</time>
      <extensions>
        <dbm>-140</dbm>
      </extensions>
    </trkpt>
    <trkpt lat="35.562694" lon="129.042324">
      <ele>922.000000</ele>
      <time>2016-02-20T14:37:38Z</time>
      <extensions>
        <dbm>-140</dbm>
      </extensions>
    </trkpt>
    <trkpt lat="35.562602" lon="129.042356">
      <ele>921.454545</ele>
      <time>2016-02-20T14:37:58Z</time>
      <extensions>
        <dbm>-140</dbm>
      </extensions>
    </trkpt>
    <trkpt lat="35.562511" lon="129.042367">
      <ele>920.181818</ele>
      <time>2016-02-20T14:38:15Z</time>
      <extensions>
        <dbm>-140</dbm>
      </extensions>
    </trkpt>
    <trkpt lat="35.562422" lon="129.042359">
      <ele>919.000000</ele>
      <time>2016-02-20T14:38:28Z</time>
      <extensions>
        <dbm>-140</dbm>
      </extensions>
    </trkpt>
    <trkpt lat="35.562341" lon="129.042375">
      <ele>917.818182</ele>
      <time>2016-02-20T14:38:36Z</time>
      <extensions>
        <dbm>-140</dbm>
      </extensions>
    </trkpt>
    <trkpt lat="35.562259" lon="129.042405">
      <ele>916.727273</ele>
      <time>2016-02-20T14:38:45Z</time>
      <extensions>
        <dbm>-140</dbm>
      </extensions>
    </trkpt>
    <trkpt lat="35.562177" lon="129.042444">
      <ele>915.909091</ele>
      <time>2016-02-20T14:38:57Z</time>
      <extensions>
        <dbm>-140</dbm>
      </extensions>
    </trkpt>
    <trkpt lat="35.562089" lon="129.042471">
      <ele>914.818182</ele>
      <time>2016-02-20T14:39:17Z</time>
      <extensions>
        <dbm>-140</dbm>
      </extensions>
    </trkpt>
    <trkpt lat="35.562006" lon="129.042510">
      <ele>914.300000</ele>
      <time>2016-02-20T14:39:31Z</time>
      <extensions>
        <dbm>-140</dbm>
      </extensions>
    </trkpt>
    <trkpt lat="35.561939" lon="129.042579">
      <ele>913.200000</ele>
      <time>2016-02-20T14:39:39Z</time>
      <extensions>
        <dbm>-140</dbm>
      </extensions>
    </trkpt>
    <trkpt lat="35.561885" lon="129.042667">
      <ele>912.000000</ele>
      <time>2016-02-20T14:39:49Z</time>
      <extensions>
        <dbm>-140</dbm>
      </extensions>
    </trkpt>
    <trkpt lat="35.561833" lon="129.042758">
      <ele>910.900000</ele>
      <time>2016-02-20T14:40:03Z</time>
      <extensions>
        <dbm>-140</dbm>
      </extensions>
    </trkpt>
    <trkpt lat="35.561782" lon="129.042846">
      <ele>910.100000</ele>
      <time>2016-02-20T14:40:21Z</time>
      <extensions>
        <dbm>-140</dbm>
      </extensions>
    </trkpt>
    <trkpt lat="35.561718" lon="129.042930">
      <ele>909.900000</ele>
      <time>2016-02-20T14:40:44Z</time>
      <extensions>
        <dbm>-140</dbm>
      </extensions>
    </trkpt>
    <trkpt lat="35.561649" lon="129.043008">
      <ele>909.500000</ele>
      <time>2016-02-20T14:40:59Z</time>
      <extensions>
        <dbm>-140</dbm>
      </extensions>
    </trkpt>
    <trkpt lat="35.561567" lon="129.043076">
      <ele>909.400000</ele>
      <time>2016-02-20T14:41:15Z</time>
      <extensions>
        <dbm>-140</dbm>
      </extensions>
    </trkpt>
    <trkpt lat="35.561485" lon="129.043145">
      <ele>909.300000</ele>
      <time>2016-02-20T14:41:26Z</time>
      <extensions>
        <dbm>-140</dbm>
      </extensions>
    </trkpt>
    <trkpt lat="35.561403" lon="129.043211">
      <ele>909.300000</ele>
      <time>2016-02-20T14:41:46Z</time>
      <extensions>
        <dbm>-140</dbm>
      </extensions>
    </trkpt>
    <trkpt lat="35.561330" lon="129.043271">
      <ele>909.300000</ele>
      <time>2016-02-20T14:41:54Z</time>
      <extensions>
        <dbm>-140</dbm>
      </extensions>
    </trkpt>
    <trkpt lat="35.561261" lon="129.043328">
      <ele>909.300000</ele>
      <time>2016-02-20T14:42:08Z</time>
      <extensions>
        <dbm>-140</dbm>
      </extensions>
    </trkpt>
    <trkpt lat="35.561196" lon="129.043394">
      <ele>909.400000</ele>
      <time>2016-02-20T14:42:26Z</time>
      <extensions>
        <dbm>-140</dbm>
      </extensions>
    </trkpt>
    <trkpt lat="35.561128" lon="129.043464">
      <ele>909.400000</ele>
      <time>2016-02-20T14:42:47Z</time>
      <extensions>
        <dbm>-140</dbm>
      </extensions>
    </trkpt>
    <trkpt lat="35.561064" lon="129.043543">
      <ele>909.500000</ele>
      <time>2016-02-20T14:43:19Z</time>
      <extensions>
        <dbm>-140</dbm>
      </extensions>
    </trkpt>
    <trkpt lat="35.560990" lon="129.043576">
      <ele>910.300000</ele>
      <time>2016-02-20T14:43:32Z</time>
      <extensions>
        <dbm>-140</dbm>
      </extensions>
    </trkpt>
    <trkpt lat="35.560911" lon="129.043605">
      <ele>912.100000</ele>
      <time>2016-02-20T14:43:50Z</time>
      <extensions>
        <dbm>-140</dbm>
      </extensions>
    </trkpt>
    <trkpt lat="35.560822" lon="129.043584">
      <ele>914.400000</ele>
      <time>2016-02-20T14:44:09Z</time>
      <extensions>
        <dbm>-140</dbm>
      </extensions>
    </trkpt>
    <trkpt lat="35.560740" lon="129.043565">
      <ele>916.400000</ele>
      <time>2016-02-20T14:46:19Z</time>
      <extensions>
        <dbm>-140</dbm>
      </extensions>
    </trkpt>
    <trkpt lat="35.560662" lon="129.043507">
      <ele>916.636364</ele>
      <time>2016-02-20T14:46:39Z</time>
      <extensions>
        <dbm>-140</dbm>
      </extensions>
    </trkpt>
    <trkpt lat="35.560586" lon="129.043464">
      <ele>917.545455</ele>
      <time>2016-02-20T14:47:16Z</time>
      <extensions>
        <dbm>-140</dbm>
      </extensions>
    </trkpt>
    <trkpt lat="35.560508" lon="129.043414">
      <ele>918.500000</ele>
      <time>2016-02-20T14:47:51Z</time>
      <extensions>
        <dbm>-140</dbm>
      </extensions>
    </trkpt>
    <trkpt lat="35.560432" lon="129.043361">
      <ele>918.500000</ele>
      <time>2016-02-20T14:48:06Z</time>
      <extensions>
        <dbm>-140</dbm>
      </extensions>
    </trkpt>
    <trkpt lat="35.560358" lon="129.043303">
      <ele>918.500000</ele>
      <time>2016-02-20T14:48:25Z</time>
      <extensions>
        <dbm>-140</dbm>
      </extensions>
    </trkpt>
    <trkpt lat="35.560278" lon="129.043259">
      <ele>918.500000</ele>
      <time>2016-02-20T14:48:38Z</time>
      <extensions>
        <dbm>-140</dbm>
      </extensions>
    </trkpt>
    <trkpt lat="35.560196" lon="129.043224">
      <ele>918.500000</ele>
      <time>2016-02-20T14:49:01Z</time>
      <extensions>
        <dbm>-140</dbm>
      </extensions>
    </trkpt>
    <trkpt lat="35.560116" lon="129.043191">
      <ele>917.818182</ele>
      <time>2016-02-20T14:49:13Z</time>
      <extensions>
        <dbm>-140</dbm>
      </extensions>
    </trkpt>
    <trkpt lat="35.560040" lon="129.043159">
      <ele>917.818182</ele>
      <time>2016-02-20T14:49:25Z</time>
      <extensions>
        <dbm>-140</dbm>
      </extensions>
    </trkpt>
    <trkpt lat="35.559955" lon="129.043131">
      <ele>917.181818</ele>
      <time>2016-02-20T14:49:36Z</time>
      <extensions>
        <dbm>-140</dbm>
      </extensions>
    </trkpt>
    <trkpt lat="35.559868" lon="129.043118">
      <ele>916.090909</ele>
      <time>2016-02-20T14:49:48Z</time>
      <extensions>
        <dbm>-140</dbm>
      </extensions>
    </trkpt>
    <trkpt lat="35.559775" lon="129.043105">
      <ele>914.727273</ele>
      <time>2016-02-20T14:50:08Z</time>
      <extensions>
        <dbm>-140</dbm>
      </extensions>
    </trkpt>
    <trkpt lat="35.559680" lon="129.043088">
      <ele>911.600000</ele>
      <time>2016-02-20T14:50:20Z</time>
      <extensions>
        <dbm>-140</dbm>
      </extensions>
    </trkpt>
    <trkpt lat="35.559581" lon="129.043054">
      <ele>908.000000</ele>
      <time>2016-02-20T14:50:31Z</time>
      <extensions>
        <dbm>-140</dbm>
      </extensions>
    </trkpt>
    <trkpt lat="35.559482" lon="129.043010">
      <ele>904.200000</ele>
      <time>2016-02-20T14:50:40Z</time>
      <extensions>
        <dbm>-140</dbm>
      </extensions>
    </trkpt>
    <trkpt lat="35.559387" lon="129.042966">
      <ele>900.900000</ele>
      <time>2016-02-20T14:50:54Z</time>
      <extensions>
        <dbm>-140</dbm>
      </extensions>
    </trkpt>
    <trkpt lat="35.559300" lon="129.042929">
      <ele>897.800000</ele>
      <time>2016-02-20T14:51:03Z</time>
      <extensions>
        <dbm>-140</dbm>
      </extensions>
    </trkpt>
    <trkpt lat="35.559220" lon="129.042894">
      <ele>894.900000</ele>
      <time>2016-02-20T14:51:09Z</time>
      <extensions>
        <dbm>-140</dbm>
      </extensions>
    </trkpt>
    <trkpt lat="35.559140" lon="129.042864">
      <ele>892.300000</ele>
      <time>2016-02-20T14:51:17Z</time>
      <extensions>
        <dbm>-140</dbm>
      </extensions>
    </trkpt>
    <trkpt lat="35.559053" lon="129.042831">
      <ele>889.900000</ele>
      <time>2016-02-20T14:51:26Z</time>
      <extensions>
        <dbm>-140</dbm>
      </extensions>
    </trkpt>
    <trkpt lat="35.558963" lon="129.042801">
      <ele>887.181818</ele>
      <time>2016-02-20T14:51:34Z</time>
      <extensions>
        <dbm>-140</dbm>
      </extensions>
    </trkpt>
    <trkpt lat="35.558872" lon="129.042773">
      <ele>884.818182</ele>
      <time>2016-02-20T14:51:46Z</time>
      <extensions>
        <dbm>-140</dbm>
      </extensions>
    </trkpt>
    <trkpt lat="35.558785" lon="129.042754">
      <ele>882.727273</ele>
      <time>2016-02-20T14:51:54Z</time>
      <extensions>
        <dbm>-140</dbm>
      </extensions>
    </trkpt>
    <trkpt lat="35.558704" lon="129.042748">
      <ele>882.400000</ele>
      <time>2016-02-20T14:52:03Z</time>
      <extensions>
        <dbm>-140</dbm>
      </extensions>
    </trkpt>
    <trkpt lat="35.558620" lon="129.042744">
      <ele>881.000000</ele>
      <time>2016-02-20T14:52:11Z</time>
      <extensions>
        <dbm>-140</dbm>
      </extensions>
    </trkpt>
    <trkpt lat="35.558527" lon="129.042735">
      <ele>878.909091</ele>
      <time>2016-02-20T14:52:28Z</time>
      <extensions>
        <dbm>-140</dbm>
      </extensions>
    </trkpt>
    <trkpt lat="35.558425" lon="129.042717">
      <ele>877.909091</ele>
      <time>2016-02-20T14:52:40Z</time>
      <extensions>
        <dbm>-140</dbm>
      </extensions>
    </trkpt>
    <trkpt lat="35.558324" lon="129.042700">
      <ele>876.636364</ele>
      <time>2016-02-20T14:52:58Z</time>
      <extensions>
        <dbm>-140</dbm>
      </extensions>
    </trkpt>
    <trkpt lat="35.558229" lon="129.042689">
      <ele>875.454545</ele>
      <time>2016-02-20T14:53:07Z</time>
      <extensions>
        <dbm>-140</dbm>
      </extensions>
    </trkpt>
    <trkpt lat="35.558136" lon="129.042688">
      <ele>874.363636</ele>
      <time>2016-02-20T14:53:18Z</time>
      <extensions>
        <dbm>-140</dbm>
      </extensions>
    </trkpt>
    <trkpt lat="35.558046" lon="129.042685">
      <ele>873.636364</ele>
      <time>2016-02-20T14:53:25Z</time>
      <extensions>
        <dbm>-140</dbm>
      </extensions>
    </trkpt>
    <trkpt lat="35.557960" lon="129.042682">
      <ele>873.100000</ele>
      <time>2016-02-20T14:54:41Z</time>
      <extensions>
        <dbm>-140</dbm>
      </extensions>
    </trkpt>
    <trkpt lat="35.557870" lon="129.042683">
      <ele>873.100000</ele>
      <time>2016-02-20T14:54:49Z</time>
      <extensions>
        <dbm>-140</dbm>
      </extensions>
    </trkpt>
    <trkpt lat="35.557785" lon="129.042678">
      <ele>872.900000</ele>
      <time>2016-02-20T14:55:04Z</time>
      <extensions>
        <dbm>-140</dbm>
      </extensions>
    </trkpt>
    <trkpt lat="35.557696" lon="129.042675">
      <ele>872.900000</ele>
      <time>2016-02-20T14:55:23Z</time>
      <extensions>
        <dbm>-140</dbm>
      </extensions>
    </trkpt>
    <trkpt lat="35.557609" lon="129.042664">
      <ele>872.900000</ele>
      <time>2016-02-20T14:55:51Z</time>
      <extensions>
        <dbm>-140</dbm>
      </extensions>
    </trkpt>
    <trkpt lat="35.557525" lon="129.042651">
      <ele>872.900000</ele>
      <time>2016-02-20T14:56:16Z</time>
      <extensions>
        <dbm>-140</dbm>
      </extensions>
    </trkpt>
    <trkpt lat="35.557439" lon="129.042643">
      <ele>873.300000</ele>
      <time>2016-02-20T14:56:41Z</time>
      <extensions>
        <dbm>-140</dbm>
      </extensions>
    </trkpt>
    <trkpt lat="35.557355" lon="129.042630">
      <ele>874.000000</ele>
      <time>2016-02-20T14:56:59Z</time>
      <extensions>
        <dbm>-140</dbm>
      </extensions>
    </trkpt>
    <trkpt lat="35.557264" lon="129.042616">
      <ele>875.000000</ele>
      <time>2016-02-20T14:57:08Z</time>
      <extensions>
        <dbm>-140</dbm>
      </extensions>
    </trkpt>
    <trkpt lat="35.557175" lon="129.042589">
      <ele>876.100000</ele>
      <time>2016-02-20T14:57:24Z</time>
      <extensions>
        <dbm>-140</dbm>
      </extensions>
    </trkpt>
    <trkpt lat="35.557088" lon="129.042553">
      <ele>877.400000</ele>
      <time>2016-02-20T14:57:32Z</time>
      <extensions>
        <dbm>-140</dbm>
      </extensions>
    </trkpt>
    <trkpt lat="35.557012" lon="129.042513">
      <ele>878.700000</ele>
      <time>2016-02-20T14:57:48Z</time>
      <extensions>
        <dbm>-140</dbm>
      </extensions>
    </trkpt>
    <trkpt lat="35.556946" lon="129.042445">
      <ele>879.900000</ele>
      <time>2016-02-20T14:57:58Z</time>
      <extensions>
        <dbm>-140</dbm>
      </extensions>
    </trkpt>
    <trkpt lat="35.556875" lon="129.042387">
      <ele>881.900000</ele>
      <time>2016-02-20T14:58:08Z</time>
      <extensions>
        <dbm>-140</dbm>
      </extensions>
    </trkpt>
    <trkpt lat="35.556797" lon="129.042327">
      <ele>883.800000</ele>
      <time>2016-02-20T14:58:16Z</time>
      <extensions>
        <dbm>-140</dbm>
      </extensions>
    </trkpt>
    <trkpt lat="35.556711" lon="129.042278">
      <ele>885.500000</ele>
      <time>2016-02-20T14:58:26Z</time>
      <extensions>
        <dbm>-140</dbm>
      </extensions>
    </trkpt>
    <trkpt lat="35.556629" lon="129.042233">
      <ele>887.600000</ele>
      <time>2016-02-20T14:58:43Z</time>
      <extensions>
        <dbm>-140</dbm>
      </extensions>
    </trkpt>
    <trkpt lat="35.556543" lon="129.042200">
      <ele>889.700000</ele>
      <time>2016-02-20T14:59:01Z</time>
      <extensions>
        <dbm>-140</dbm>
      </extensions>
    </trkpt>
    <trkpt lat="35.556455" lon="129.042179">
      <ele>891.700000</ele>
      <time>2016-02-20T14:59:12Z</time>
      <extensions>
        <dbm>-140</dbm>
      </extensions>
    </trkpt>
    <trkpt lat="35.556372" lon="129.042142">
      <ele>893.600000</ele>
      <time>2016-02-20T14:59:30Z</time>
      <extensions>
        <dbm>-140</dbm>
      </extensions>
    </trkpt>
    <trkpt lat="35.556298" lon="129.042096">
      <ele>895.300000</ele>
      <time>2016-02-20T14:59:40Z</time>
      <extensions>
        <dbm>-140</dbm>
      </extensions>
    </trkpt>
    <trkpt lat="35.556239" lon="129.042024">
      <ele>896.900000</ele>
      <time>2016-02-20T14:59:49Z</time>
      <extensions>
        <dbm>-140</dbm>
      </extensions>
    </trkpt>
    <trkpt lat="35.556173" lon="129.041955">
      <ele>898.200000</ele>
      <time>2016-02-20T15:00:01Z</time>
      <extensions>
        <dbm>-140</dbm>
      </extensions>
    </trkpt>
    <trkpt lat="35.556107" lon="129.041880">
      <ele>899.700000</ele>
      <time>2016-02-20T15:00:23Z</time>
      <extensions>
        <dbm>-140</dbm>
      </extensions>
    </trkpt>
    <trkpt lat="35.556033" lon="129.041826">
      <ele>901.200000</ele>
      <time>2016-02-20T15:00:40Z</time>
      <extensions>
        <dbm>-140</dbm>
      </extensions>
    </trkpt>
    <trkpt lat="35.555957" lon="129.041767">
      <ele>903.100000</ele>
      <time>2016-02-20T15:00:55Z</time>
      <extensions>
        <dbm>-140</dbm>
      </extensions>
    </trkpt>
    <trkpt lat="35.555872" lon="129.041735">
      <ele>904.700000</ele>
      <time>2016-02-20T15:01:13Z</time>
      <extensions>
        <dbm>-140</dbm>
      </extensions>
    </trkpt>
    <trkpt lat="35.555778" lon="129.041730">
      <ele>906.300000</ele>
      <time>2016-02-20T15:01:33Z</time>
      <extensions>
        <dbm>-140</dbm>
      </extensions>
    </trkpt>
    <trkpt lat="35.555691" lon="129.041763">
      <ele>907.800000</ele>
      <time>2016-02-20T15:02:04Z</time>
      <extensions>
        <dbm>-111</dbm>
      </extensions>
    </trkpt>
    <trkpt lat="35.555607" lon="129.041782">
      <ele>909.500000</ele>
      <time>2016-02-20T15:02:44Z</time>
      <extensions>
        <dbm>-111</dbm>
      </extensions>
    </trkpt>
    <trkpt lat="35.555535" lon="129.041771">
      <ele>912.200000</ele>
      <time>2016-02-20T15:03:14Z</time>
      <extensions>
        <dbm>-111</dbm>
      </extensions>
    </trkpt>
    <trkpt lat="35.555454" lon="129.041748">
      <ele>915.100000</ele>
      <time>2016-02-20T15:03:39Z</time>
      <extensions>
        <dbm>-111</dbm>
      </extensions>
    </trkpt>
    <trkpt lat="35.555365" lon="129.041744">
      <ele>917.900000</ele>
      <time>2016-02-20T15:04:06Z</time>
      <extensions>
        <dbm>-111</dbm>
      </extensions>
    </trkpt>
    <trkpt lat="35.555275" lon="129.041759">
      <ele>920.700000</ele>
      <time>2016-02-20T15:04:31Z</time>
      <extensions>
        <dbm>-111</dbm>
      </extensions>
    </trkpt>
    <trkpt lat="35.555188" lon="129.041754">
      <ele>923.800000</ele>
      <time>2016-02-20T15:04:52Z</time>
      <extensions>
        <dbm>-111</dbm>
      </extensions>
    </trkpt>
    <trkpt lat="35.555114" lon="129.041727">
      <ele>926.800000</ele>
      <time>2016-02-20T15:05:18Z</time>
      <extensions>
        <dbm>-111</dbm>
      </extensions>
    </trkpt>
    <trkpt lat="35.555053" lon="129.041662">
      <ele>930.100000</ele>
      <time>2016-02-20T15:05:37Z</time>
      <extensions>
        <dbm>-111</dbm>
      </extensions>
    </trkpt>
    <trkpt lat="35.554997" lon="129.041577">
      <ele>933.300000</ele>
      <time>2016-02-20T15:05:58Z</time>
      <extensions>
        <dbm>-111</dbm>
      </extensions>
    </trkpt>
    <trkpt lat="35.554932" lon="129.041479">
      <ele>936.500000</ele>
      <time>2016-02-20T15:06:14Z</time>
      <extensions>
        <dbm>-111</dbm>
      </extensions>
    </trkpt>
    <trkpt lat="35.554849" lon="129.041405">
      <ele>940.000000</ele>
      <time>2016-02-20T15:07:25Z</time>
      <extensions>
        <dbm>-111</dbm>
      </extensions>
    </trkpt>
    <trkpt lat="35.554771" lon="129.041338">
      <ele>942.700000</ele>
      <time>2016-02-20T15:10:39Z</time>
      <extensions>
        <dbm>-140</dbm>
      </extensions>
    </trkpt>
    <trkpt lat="35.554716" lon="129.041273">
      <ele>945.900000</ele>
      <time>2016-02-20T15:10:59Z</time>
      <extensions>
        <dbm>-140</dbm>
      </extensions>
    </trkpt>
    <trkpt lat="35.554663" lon="129.041201">
      <ele>949.300000</ele>
      <time>2016-02-20T15:11:12Z</time>
      <extensions>
        <dbm>-140</dbm>
      </extensions>
    </trkpt>
    <trkpt lat="35.554615" lon="129.041139">
      <ele>952.400000</ele>
      <time>2016-02-20T15:11:21Z</time>
      <extensions>
        <dbm>-109</dbm>
      </extensions>
    </trkpt>
    <trkpt lat="35.554552" lon="129.041032">
      <ele>956.909091</ele>
      <time>2016-02-20T15:11:38Z</time>
      <extensions>
        <dbm>-109</dbm>
      </extensions>
    </trkpt>
    <trkpt lat="35.554500" lon="129.040911">
      <ele>959.909091</ele>
      <time>2016-02-20T15:12:14Z</time>
      <extensions>
        <dbm>-109</dbm>
      </extensions>
    </trkpt>
    <trkpt lat="35.554460" lon="129.040771">
      <ele>963.000000</ele>
      <time>2016-02-20T15:12:28Z</time>
      <extensions>
        <dbm>-109</dbm>
      </extensions>
    </trkpt>
    <trkpt lat="35.554429" lon="129.040669">
      <ele>966.272727</ele>
      <time>2016-02-20T15:12:51Z</time>
      <extensions>
        <dbm>-109</dbm>
      </extensions>
    </trkpt>
    <trkpt lat="35.554397" lon="129.040572">
      <ele>969.636364</ele>
      <time>2016-02-20T15:13:18Z</time>
      <extensions>
        <dbm>-109</dbm>
      </extensions>
    </trkpt>
    <trkpt lat="35.554362" lon="129.040477">
      <ele>972.727273</ele>
      <time>2016-02-20T15:13:44Z</time>
      <extensions>
        <dbm>-109</dbm>
      </extensions>
    </trkpt>
    <trkpt lat="35.554337" lon="129.040377">
      <ele>975.727273</ele>
      <time>2016-02-20T15:14:07Z</time>
      <extensions>
        <dbm>-109</dbm>
      </extensions>
    </trkpt>
    <trkpt lat="35.554320" lon="129.040267">
      <ele>978.363636</ele>
      <time>2016-02-20T15:14:28Z</time>
      <extensions>
        <dbm>-109</dbm>
      </extensions>
    </trkpt>
    <trkpt lat="35.554299" lon="129.040158">
      <ele>981.181818</ele>
      <time>2016-02-20T15:15:00Z</time>
      <extensions>
        <dbm>-106</dbm>
      </extensions>
    </trkpt>
    <trkpt lat="35.554261" lon="129.040062">
      <ele>984.454545</ele>
      <time>2016-02-20T15:15:26Z</time>
      <extensions>
        <dbm>-106</dbm>
      </extensions>
    </trkpt>
    <trkpt lat="35.554201" lon="129.039992">
      <ele>987.636364</ele>
      <time>2016-02-20T15:15:44Z</time>
      <extensions>
        <dbm>-106</dbm>
      </extensions>
    </trkpt>
    <trkpt lat="35.554123" lon="129.039960">
      <ele>990.909091</ele>
      <time>2016-02-20T15:15:58Z</time>
      <extensions>
        <dbm>-106</dbm>
      </extensions>
    </trkpt>
    <trkpt lat="35.554035" lon="129.039958">
      <ele>994.181818</ele>
      <time>2016-02-20T15:16:15Z</time>
      <extensions>
        <dbm>-102</dbm>
      </extensions>
    </trkpt>
    <trkpt lat="35.553946" lon="129.039965">
      <ele>997.181818</ele>
      <time>2016-02-20T15:16:31Z</time>
      <extensions>
        <dbm>-102</dbm>
      </extensions>
    </trkpt>
    <trkpt lat="35.553855" lon="129.039976">
      <ele>1000.090909</ele>
      <time>2016-02-20T15:16:54Z</time>
      <extensions>
        <dbm>-102</dbm>
      </extensions>
    </trkpt>
    <trkpt lat="35.553757" lon="129.039999">
      <ele>1003.000000</ele>
      <time>2016-02-20T15:17:23Z</time>
      <extensions>
        <dbm>-102</dbm>
      </extensions>
    </trkpt>
    <trkpt lat="35.553653" lon="129.040025">
      <ele>1007.500000</ele>
      <time>2016-02-20T15:17:59Z</time>
      <extensions>
        <dbm>-102</dbm>
      </extensions>
    </trkpt>
    <trkpt lat="35.553553" lon="129.040042">
      <ele>1010.400000</ele>
      <time>2016-02-20T15:18:17Z</time>
      <extensions>
        <dbm>-102</dbm>
      </extensions>
    </trkpt>
    <trkpt lat="35.553458" lon="129.040058">
      <ele>1011.545455</ele>
      <time>2016-02-20T15:18:25Z</time>
      <extensions>
        <dbm>-102</dbm>
      </extensions>
    </trkpt>
    <trkpt lat="35.553366" lon="129.040080">
      <ele>1014.636364</ele>
      <time>2016-02-20T15:19:04Z</time>
      <extensions>
        <dbm>-102</dbm>
      </extensions>
    </trkpt>
    <trkpt lat="35.553275" lon="129.040102">
      <ele>1017.363636</ele>
      <time>2016-02-20T15:19:21Z</time>
      <extensions>
        <dbm>-102</dbm>
      </extensions>
    </trkpt>
    <trkpt lat="35.553187" lon="129.040101">
      <ele>1020.272727</ele>
      <time>2016-02-20T15:19:40Z</time>
      <extensions>
        <dbm>-102</dbm>
      </extensions>
    </trkpt>
    <trkpt lat="35.553105" lon="129.040076">
      <ele>1023.454545</ele>
      <time>2016-02-20T15:19:48Z</time>
      <extensions>
        <dbm>-102</dbm>
      </extensions>
    </trkpt>
    <trkpt lat="35.553023" lon="129.040046">
      <ele>1026.272727</ele>
      <time>2016-02-20T15:20:11Z</time>
      <extensions>
        <dbm>-102</dbm>
      </extensions>
    </trkpt>
    <trkpt lat="35.552939" lon="129.040031">
      <ele>1029.000000</ele>
      <time>2016-02-20T15:20:32Z</time>
      <extensions>
        <dbm>-102</dbm>
      </extensions>
    </trkpt>
    <trkpt lat="35.552859" lon="129.040041">
      <ele>1031.636364</ele>
      <time>2016-02-20T15:20:58Z</time>
      <extensions>
        <dbm>-102</dbm>
      </extensions>
    </trkpt>
    <trkpt lat="35.552787" lon="129.040080">
      <ele>1033.100000</ele>
      <time>2016-02-20T15:21:14Z</time>
      <extensions>
        <dbm>-102</dbm>
      </extensions>
    </trkpt>
    <trkpt lat="35.552710" lon="129.040136">
      <ele>1037.272727</ele>
      <time>2016-02-20T15:21:40Z</time>
      <extensions>
        <dbm>-102</dbm>
      </extensions>
    </trkpt>
    <trkpt lat="35.552631" lon="129.040167">
      <ele>1040.272727</ele>
      <time>2016-02-20T15:22:34Z</time>
      <extensions>
        <dbm>-102</dbm>
      </extensions>
    </trkpt>
    <trkpt lat="35.552538" lon="129.040154">
      <ele>1043.545455</ele>
      <time>2016-02-20T15:23:13Z</time>
      <extensions>
        <dbm>-102</dbm>
      </extensions>
    </trkpt>
    <trkpt lat="35.552452" lon="129.040119">
      <ele>1046.636364</ele>
      <time>2016-02-20T15:23:46Z</time>
      <extensions>
        <dbm>-102</dbm>
      </extensions>
    </trkpt>
    <trkpt lat="35.552348" lon="129.040119">
      <ele>1049.727273</ele>
      <time>2016-02-20T15:24:14Z</time>
      <extensions>
        <dbm>-102</dbm>
      </extensions>
    </trkpt>
    <trkpt lat="35.552248" lon="129.040136">
      <ele>1052.727273</ele>
      <time>2016-02-20T15:25:03Z</time>
      <extensions>
        <dbm>-102</dbm>
      </extensions>
    </trkpt>
    <trkpt lat="35.552169" lon="129.040152">
      <ele>1052.727273</ele>
      <time>2016-02-20T15:27:07Z</time>
      <extensions>
        <dbm>-107</dbm>
      </extensions>
    </trkpt>
    <trkpt lat="35.552125" lon="129.040151">
      <ele>1095.000000</ele>
      <time>2016-02-20T15:29:14Z</time>
      <extensions>
        <pause>start</pause>
        <type>auto</type>
        <dbm>-93</dbm>
      </extensions>
    </trkpt>
    <trkpt lat="35.551947" lon="129.040403">
      <ele>1095.000000</ele>
      <time>2016-02-20T15:41:29Z</time>
      <extensions>
        <pause>end</pause>
        <type>auto</type>
        <dbm>-93</dbm>
      </extensions>
    </trkpt>
    <trkpt lat="35.551880" lon="129.040487">
      <ele>1069.200000</ele>
      <time>2016-02-20T15:41:43Z</time>
      <extensions>
        <dbm>-93</dbm>
      </extensions>
    </trkpt>
    <trkpt lat="35.551823" lon="129.040570">
      <ele>1073.200000</ele>
      <time>2016-02-20T15:42:01Z</time>
      <extensions>
        <dbm>-93</dbm>
      </extensions>
    </trkpt>
    <trkpt lat="35.551769" lon="129.040654">
      <ele>1076.500000</ele>
      <time>2016-02-20T15:42:09Z</time>
      <extensions>
        <dbm>-93</dbm>
      </extensions>
    </trkpt>
    <trkpt lat="35.551717" lon="129.040737">
      <ele>1079.200000</ele>
      <time>2016-02-20T15:42:18Z</time>
      <extensions>
        <dbm>-93</dbm>
      </extensions>
    </trkpt>
    <trkpt lat="35.551661" lon="129.040826">
      <ele>1081.100000</ele>
      <time>2016-02-20T15:42:28Z</time>
      <extensions>
        <dbm>-93</dbm>
      </extensions>
    </trkpt>
    <trkpt lat="35.551601" lon="129.040915">
      <ele>1082.600000</ele>
      <time>2016-02-20T15:42:38Z</time>
      <extensions>
        <dbm>-93</dbm>
      </extensions>
    </trkpt>
    <trkpt lat="35.551553" lon="129.041022">
      <ele>1084.444444</ele>
      <time>2016-02-20T15:42:56Z</time>
      <extensions>
        <dbm>-93</dbm>
      </extensions>
    </trkpt>
    <trkpt lat="35.551517" lon="129.041136">
      <ele>1084.888889</ele>
      <time>2016-02-20T15:43:06Z</time>
      <extensions>
        <dbm>-93</dbm>
      </extensions>
    </trkpt>
    <trkpt lat="35.551485" lon="129.041250">
      <ele>1084.888889</ele>
      <time>2016-02-20T15:43:17Z</time>
      <extensions>
        <dbm>-93</dbm>
      </extensions>
    </trkpt>
    <trkpt lat="35.551465" lon="129.041368">
      <ele>1085.000000</ele>
      <time>2016-02-20T15:43:24Z</time>
      <extensions>
        <dbm>-93</dbm>
      </extensions>
    </trkpt>
    <trkpt lat="35.551445" lon="129.041482">
      <ele>1085.222222</ele>
      <time>2016-02-20T15:43:34Z</time>
      <extensions>
        <dbm>-93</dbm>
      </extensions>
    </trkpt>
    <trkpt lat="35.551430" lon="129.041598">
      <ele>1085.100000</ele>
      <time>2016-02-20T15:43:44Z</time>
      <extensions>
        <dbm>-93</dbm>
      </extensions>
    </trkpt>
    <trkpt lat="35.551417" lon="129.041709">
      <ele>1085.300000</ele>
      <time>2016-02-20T15:43:54Z</time>
      <extensions>
        <dbm>-93</dbm>
      </extensions>
    </trkpt>
    <trkpt lat="35.551386" lon="129.041811">
      <ele>1084.333333</ele>
      <time>2016-02-20T15:44:06Z</time>
      <extensions>
        <dbm>-93</dbm>
      </extensions>
    </trkpt>
    <trkpt lat="35.551346" lon="129.041912">
      <ele>1083.111111</ele>
      <time>2016-02-20T15:44:20Z</time>
      <extensions>
        <dbm>-93</dbm>
      </extensions>
    </trkpt>
    <trkpt lat="35.551295" lon="129.042007">
      <ele>1082.800000</ele>
      <time>2016-02-20T15:44:31Z</time>
      <extensions>
        <dbm>-93</dbm>
      </extensions>
    </trkpt>
    <trkpt lat="35.551247" lon="129.042107">
      <ele>1082.454545</ele>
      <time>2016-02-20T15:44:57Z</time>
      <extensions>
        <dbm>-93</dbm>
      </extensions>
    </trkpt>
    <trkpt lat="35.551204" lon="129.042204">
      <ele>1081.636364</ele>
      <time>2016-02-20T15:45:56Z</time>
      <extensions>
        <dbm>-93</dbm>
      </extensions>
    </trkpt>
    <trkpt lat="35.551185" lon="129.042308">
      <ele>1080.818182</ele>
      <time>2016-02-20T15:46:10Z</time>
      <extensions>
        <dbm>-93</dbm>
      </extensions>
    </trkpt>
    <trkpt lat="35.551190" lon="129.042417">
      <ele>1080.090909</ele>
      <time>2016-02-20T15:46:53Z</time>
      <extensions>
        <dbm>-93</dbm>
      </extensions>
    </trkpt>
    <trkpt lat="35.551214" lon="129.042526">
      <ele>1079.181818</ele>
      <time>2016-02-20T15:47:14Z</time>
      <extensions>
        <dbm>-93</dbm>
      </extensions>
    </trkpt>
    <trkpt lat="35.551231" lon="129.042636">
      <ele>1078.272727</ele>
      <time>2016-02-20T15:47:23Z</time>
      <extensions>
        <dbm>-93</dbm>
      </extensions>
    </trkpt>
    <trkpt lat="35.551225" lon="129.042738">
      <ele>1077.272727</ele>
      <time>2016-02-20T15:47:33Z</time>
      <extensions>
        <dbm>-93</dbm>
      </extensions>
    </trkpt>
    <trkpt lat="35.551190" lon="129.042833">
      <ele>1076.181818</ele>
      <time>2016-02-20T15:47:43Z</time>
      <extensions>
        <dbm>-93</dbm>
      </extensions>
    </trkpt>
    <trkpt lat="35.551132" lon="129.042920">
      <ele>1075.700000</ele>
      <time>2016-02-20T15:48:03Z</time>
      <extensions>
        <dbm>-93</dbm>
      </extensions>
    </trkpt>
    <trkpt lat="35.551069" lon="129.043010">
      <ele>1074.600000</ele>
      <time>2016-02-20T15:48:26Z</time>
      <extensions>
        <dbm>-93</dbm>
      </extensions>
    </trkpt>
    <trkpt lat="35.551019" lon="129.043107">
      <ele>1073.400000</ele>
      <time>2016-02-20T15:48:39Z</time>
      <extensions>
        <dbm>-93</dbm>
      </extensions>
    </trkpt>
    <trkpt lat="35.550958" lon="129.043193">
      <ele>1072.100000</ele>
      <time>2016-02-20T15:48:51Z</time>
      <extensions>
        <dbm>-93</dbm>
      </extensions>
    </trkpt>
    <trkpt lat="35.550894" lon="129.043266">
      <ele>1070.900000</ele>
      <time>2016-02-20T15:49:06Z</time>
      <extensions>
        <dbm>-93</dbm>
      </extensions>
    </trkpt>
    <trkpt lat="35.550831" lon="129.043341">
      <ele>1069.800000</ele>
      <time>2016-02-20T15:49:26Z</time>
      <extensions>
        <dbm>-93</dbm>
      </extensions>
    </trkpt>
    <trkpt lat="35.550792" lon="129.043430">
      <ele>1068.700000</ele>
      <time>2016-02-20T15:49:36Z</time>
      <extensions>
        <dbm>-93</dbm>
      </extensions>
    </trkpt>
    <trkpt lat="35.550753" lon="129.043526">
      <ele>1067.800000</ele>
      <time>2016-02-20T15:49:50Z</time>
      <extensions>
        <dbm>-93</dbm>
      </extensions>
    </trkpt>
    <trkpt lat="35.550700" lon="129.043610">
      <ele>1066.800000</ele>
      <time>2016-02-20T15:50:05Z</time>
      <extensions>
        <dbm>-93</dbm>
      </extensions>
    </trkpt>
    <trkpt lat="35.550643" lon="129.043690">
      <ele>1065.900000</ele>
      <time>2016-02-20T15:50:18Z</time>
      <extensions>
        <dbm>-93</dbm>
      </extensions>
    </trkpt>
    <trkpt lat="35.550591" lon="129.043778">
      <ele>1064.700000</ele>
      <time>2016-02-20T15:50:37Z</time>
      <extensions>
        <dbm>-93</dbm>
      </extensions>
    </trkpt>
    <trkpt lat="35.550535" lon="129.043860">
      <ele>1063.300000</ele>
      <time>2016-02-20T15:50:56Z</time>
      <extensions>
        <dbm>-93</dbm>
      </extensions>
    </trkpt>
    <trkpt lat="35.550469" lon="129.043924">
      <ele>1061.800000</ele>
      <time>2016-02-20T15:51:11Z</time>
      <extensions>
        <dbm>-93</dbm>
      </extensions>
    </trkpt>
    <trkpt lat="35.550400" lon="129.043979">
      <ele>1060.300000</ele>
      <time>2016-02-20T15:51:41Z</time>
      <extensions>
        <dbm>-93</dbm>
      </extensions>
    </trkpt>
    <trkpt lat="35.550349" lon="129.044052">
      <ele>1058.500000</ele>
      <time>2016-02-20T15:52:05Z</time>
      <extensions>
        <dbm>-93</dbm>
      </extensions>
    </trkpt>
    <trkpt lat="35.550301" lon="129.044150">
      <ele>1056.100000</ele>
      <time>2016-02-20T15:52:21Z</time>
      <extensions>
        <dbm>-93</dbm>
      </extensions>
    </trkpt>
    <trkpt lat="35.550262" lon="129.044258">
      <ele>1053.600000</ele>
      <time>2016-02-20T15:53:02Z</time>
      <extensions>
        <dbm>-96</dbm>
      </extensions>
    </trkpt>
    <trkpt lat="35.550226" lon="129.044369">
      <ele>1051.000000</ele>
      <time>2016-02-20T15:53:09Z</time>
      <extensions>
        <dbm>-96</dbm>
      </extensions>
    </trkpt>
    <trkpt lat="35.550218" lon="129.044483">
      <ele>1047.800000</ele>
      <time>2016-02-20T15:53:17Z</time>
      <extensions>
        <dbm>-96</dbm>
      </extensions>
    </trkpt>
    <trkpt lat="35.550235" lon="129.044599">
      <ele>1044.400000</ele>
      <time>2016-02-20T15:53:26Z</time>
      <extensions>
        <dbm>-96</dbm>
      </extensions>
    </trkpt>
    <trkpt lat="35.550265" lon="129.044717">
      <ele>1041.200000</ele>
      <time>2016-02-20T15:53:37Z</time>
      <extensions>
        <dbm>-96</dbm>
      </extensions>
    </trkpt>
    <trkpt lat="35.550288" lon="129.044818">
      <ele>1041.200000</ele>
      <time>2016-02-20T15:53:51Z</time>
      <extensions>
        <dbm>-96</dbm>
      </extensions>
    </trkpt>
    <trkpt lat="35.550298" lon="129.044903">
      <ele>1015.000000</ele>
      <time>2016-02-20T15:58:26Z</time>
      <extensions>
        <pause>start</pause>
        <type>auto</type>
        <dbm>-96</dbm>
      </extensions>
    </trkpt>
    <trkpt lat="35.550295" lon="129.044844">
      <ele>1013.000000</ele>
      <time>2016-02-20T16:14:21Z</time>
      <extensions>
        <pause>end</pause>
        <type>manual</type>
        <dbm>-103</dbm>
      </extensions>
    </trkpt>
    <trkpt lat="35.550288" lon="129.044834">
      <ele>1013.000000</ele>
      <time>2016-02-20T16:19:22Z</time>
      <extensions>
        <pause>start</pause>
        <type>auto</type>
        <dbm>-101</dbm>
      </extensions>
    </trkpt>
    <trkpt lat="35.550304" lon="129.044861">
      <ele>1010.000000</ele>
      <time>2016-02-20T16:32:32Z</time>
      <extensions>
        <pause>end</pause>
        <type>manual</type>
        <dbm>-104</dbm>
      </extensions>
    </trkpt>
    <trkpt lat="35.550304" lon="129.044861">
      <ele>1010.000000</ele>
      <time>2016-02-20T16:32:38Z</time>
      <extensions>
        <pause>start</pause>
        <type>manual</type>
        <dbm>-104</dbm>
      </extensions>
    </trkpt>
    <trkpt lat="35.550304" lon="129.044861">
      <ele>1010.000000</ele>
      <time>2016-02-20T16:32:32Z</time>
      <extensions>
        <pause>end</pause>
        <type>manual</type>
        <dbm>-104</dbm>
      </extensions>
    </trkpt>
    <trkpt lat="35.548725" lon="129.045014">
      <ele>963.000000</ele>
      <time>2016-02-21T07:17:15Z</time>
      <extensions>
        <pause>end</pause>
        <type>auto</type>
        <dbm>-85</dbm>
      </extensions>
    </trkpt>
    <trkpt lat="35.548673" lon="129.044929">
      <ele>958.000000</ele>
      <time>2016-02-21T07:18:07Z</time>
      <extensions>
        <dbm>-87</dbm>
      </extensions>
    </trkpt>
    <trkpt lat="35.548612" lon="129.044858">
      <ele>960.500000</ele>
      <time>2016-02-21T07:18:26Z</time>
      <extensions>
        <dbm>-87</dbm>
      </extensions>
    </trkpt>
    <trkpt lat="35.548542" lon="129.044804">
      <ele>956.333333</ele>
      <time>2016-02-21T07:18:43Z</time>
      <extensions>
        <dbm>-87</dbm>
      </extensions>
    </trkpt>
    <trkpt lat="35.548456" lon="129.044772">
      <ele>953.250000</ele>
      <time>2016-02-21T07:19:08Z</time>
      <extensions>
        <dbm>-87</dbm>
      </extensions>
    </trkpt>
    <trkpt lat="35.548364" lon="129.044770">
      <ele>951.000000</ele>
      <time>2016-02-21T07:19:17Z</time>
      <extensions>
        <dbm>-87</dbm>
      </extensions>
    </trkpt>
    <trkpt lat="35.548270" lon="129.044804">
      <ele>948.000000</ele>
      <time>2016-02-21T07:19:30Z</time>
      <extensions>
        <dbm>-87</dbm>
      </extensions>
    </trkpt>
    <trkpt lat="35.548184" lon="129.044861">
      <ele>946.600000</ele>
      <time>2016-02-21T07:19:41Z</time>
      <extensions>
        <dbm>-87</dbm>
      </extensions>
    </trkpt>
    <trkpt lat="35.548106" lon="129.044935">
      <ele>945.333333</ele>
      <time>2016-02-21T07:19:57Z</time>
      <extensions>
        <dbm>-87</dbm>
      </extensions>
    </trkpt>
    <trkpt lat="35.548066" lon="129.045023">
      <ele>944.428571</ele>
      <time>2016-02-21T07:20:19Z</time>
      <extensions>
        <dbm>-87</dbm>
      </extensions>
    </trkpt>
    <trkpt lat="35.548022" lon="129.045070">
      <ele>942.166667</ele>
      <time>2016-02-21T07:20:30Z</time>
      <extensions>
        <dbm>-87</dbm>
      </extensions>
    </trkpt>
    <trkpt lat="35.547972" lon="129.045083">
      <ele>941.571429</ele>
      <time>2016-02-21T07:20:41Z</time>
      <extensions>
        <dbm>-87</dbm>
      </extensions>
    </trkpt>
    <trkpt lat="35.547930" lon="129.045085">
      <ele>940.875000</ele>
      <time>2016-02-21T07:20:52Z</time>
      <extensions>
        <dbm>-87</dbm>
      </extensions>
    </trkpt>
    <trkpt lat="35.547926" lon="129.045105">
      <ele>940.875000</ele>
      <time>2016-02-21T07:22:29Z</time>
      <extensions>
        <dbm>-87</dbm>
      </extensions>
    </trkpt>
    <trkpt lat="35.547962" lon="129.045130">
      <ele>927.000000</ele>
      <time>2016-02-21T07:24:57Z</time>
      <extensions>
        <pause>start</pause>
        <type>auto</type>
        <dbm>-87</dbm>
      </extensions>
    </trkpt>
    <trkpt lat="35.547708" lon="129.045253">
      <ele>929.000000</ele>
      <time>2016-02-21T07:32:38Z</time>
      <extensions>
        <pause>end</pause>
        <type>auto</type>
        <dbm>-99</dbm>
      </extensions>
    </trkpt>
    <trkpt lat="35.547614" lon="129.045295">
      <ele>937.600000</ele>
      <time>2016-02-21T07:32:46Z</time>
      <extensions>
        <dbm>-99</dbm>
      </extensions>
    </trkpt>
    <trkpt lat="35.547518" lon="129.045335">
      <ele>937.000000</ele>
      <time>2016-02-21T07:32:56Z</time>
      <extensions>
        <dbm>-99</dbm>
      </extensions>
    </trkpt>
    <trkpt lat="35.547420" lon="129.045367">
      <ele>935.636364</ele>
      <time>2016-02-21T07:33:03Z</time>
      <extensions>
        <dbm>-99</dbm>
      </extensions>
    </trkpt>
    <trkpt lat="35.547324" lon="129.045386">
      <ele>935.000000</ele>
      <time>2016-02-21T07:33:11Z</time>
      <extensions>
        <dbm>-99</dbm>
      </extensions>
    </trkpt>
    <trkpt lat="35.547228" lon="129.045403">
      <ele>934.100000</ele>
      <time>2016-02-21T07:33:19Z</time>
      <extensions>
        <dbm>-99</dbm>
      </extensions>
    </trkpt>
    <trkpt lat="35.547133" lon="129.045423">
      <ele>933.300000</ele>
      <time>2016-02-21T07:33:28Z</time>
      <extensions>
        <dbm>-99</dbm>
      </extensions>
    </trkpt>
    <trkpt lat="35.547042" lon="129.045459">
      <ele>932.090909</ele>
      <time>2016-02-21T07:33:37Z</time>
      <extensions>
        <dbm>-99</dbm>
      </extensions>
    </trkpt>
    <trkpt lat="35.546952" lon="129.045486">
      <ele>931.700000</ele>
      <time>2016-02-21T07:33:45Z</time>
      <extensions>
        <dbm>-99</dbm>
      </extensions>
    </trkpt>
    <trkpt lat="35.546865" lon="129.045504">
      <ele>931.000000</ele>
      <time>2016-02-21T07:33:53Z</time>
      <extensions>
        <dbm>-99</dbm>
      </extensions>
    </trkpt>
    <trkpt lat="35.546771" lon="129.045517">
      <ele>930.600000</ele>
      <time>2016-02-21T07:34:02Z</time>
      <extensions>
        <dbm>-99</dbm>
      </extensions>
    </trkpt>
    <trkpt lat="35.546679" lon="129.045555">
      <ele>930.600000</ele>
      <time>2016-02-21T07:34:18Z</time>
      <extensions>
        <dbm>-99</dbm>
      </extensions>
    </trkpt>
    <trkpt lat="35.546589" lon="129.045605">
      <ele>930.600000</ele>
      <time>2016-02-21T07:34:30Z</time>
      <extensions>
        <dbm>-99</dbm>
      </extensions>
    </trkpt>
    <trkpt lat="35.546505" lon="129.045650">
      <ele>930.363636</ele>
      <time>2016-02-21T07:34:40Z</time>
      <extensions>
        <dbm>-99</dbm>
      </extensions>
    </trkpt>
    <trkpt lat="35.546419" lon="129.045694">
      <ele>930.111111</ele>
      <time>2016-02-21T07:34:52Z</time>
      <extensions>
        <dbm>-99</dbm>
      </extensions>
    </trkpt>
    <trkpt lat="35.546334" lon="129.045745">
      <ele>930.333333</ele>
      <time>2016-02-21T07:35:12Z</time>
      <extensions>
        <dbm>-99</dbm>
      </extensions>
    </trkpt>
    <trkpt lat="35.546255" lon="129.045795">
      <ele>930.400000</ele>
      <time>2016-02-21T07:35:21Z</time>
      <extensions>
        <dbm>-99</dbm>
      </extensions>
    </trkpt>
    <trkpt lat="35.546177" lon="129.045836">
      <ele>930.545455</ele>
      <time>2016-02-21T07:35:28Z</time>
      <extensions>
        <dbm>-99</dbm>
      </extensions>
    </trkpt>
    <trkpt lat="35.546093" lon="129.045858">
      <ele>930.818182</ele>
      <time>2016-02-21T07:35:37Z</time>
      <extensions>
        <dbm>-99</dbm>
      </extensions>
    </trkpt>
    <trkpt lat="35.546006" lon="129.045880">
      <ele>931.181818</ele>
      <time>2016-02-21T07:35:49Z</time>
      <extensions>
        <dbm>-99</dbm>
      </extensions>
    </trkpt>
    <trkpt lat="35.545918" lon="129.045895">
      <ele>931.454545</ele>
      <time>2016-02-21T07:36:03Z</time>
      <extensions>
        <dbm>-99</dbm>
      </extensions>
    </trkpt>
    <trkpt lat="35.545838" lon="129.045936">
      <ele>931.600000</ele>
      <time>2016-02-21T07:36:18Z</time>
      <extensions>
        <dbm>-99</dbm>
      </extensions>
    </trkpt>
    <trkpt lat="35.545752" lon="129.045968">
      <ele>932.300000</ele>
      <time>2016-02-21T07:36:37Z</time>
      <extensions>
        <dbm>-99</dbm>
      </extensions>
    </trkpt>
    <trkpt lat="35.545665" lon="129.046000">
      <ele>933.200000</ele>
      <time>2016-02-21T07:36:52Z</time>
      <extensions>
        <dbm>-99</dbm>
      </extensions>
    </trkpt>
    <trkpt lat="35.545572" lon="129.046008">
      <ele>934.200000</ele>
      <time>2016-02-21T07:37:12Z</time>
      <extensions>
        <dbm>-99</dbm>
      </extensions>
    </trkpt>
    <trkpt lat="35.545482" lon="129.046019">
      <ele>935.700000</ele>
      <time>2016-02-21T07:37:33Z</time>
      <extensions>
        <dbm>-99</dbm>
      </extensions>
    </trkpt>
    <trkpt lat="35.545398" lon="129.046034">
      <ele>937.700000</ele>
      <time>2016-02-21T07:37:45Z</time>
      <extensions>
        <dbm>-99</dbm>
      </extensions>
    </trkpt>
    <trkpt lat="35.545315" lon="129.046046">
      <ele>939.800000</ele>
      <time>2016-02-21T07:38:06Z</time>
      <extensions>
        <dbm>-99</dbm>
      </extensions>
    </trkpt>
    <trkpt lat="35.545240" lon="129.046075">
      <ele>942.100000</ele>
      <time>2016-02-21T07:38:20Z</time>
      <extensions>
        <dbm>-99</dbm>
      </extensions>
    </trkpt>
    <trkpt lat="35.545196" lon="129.046132">
      <ele>944.800000</ele>
      <time>2016-02-21T07:38:47Z</time>
      <extensions>
        <dbm>-99</dbm>
      </extensions>
    </trkpt>
    <trkpt lat="35.545155" lon="129.046206">
      <ele>946.090909</ele>
      <time>2016-02-21T07:39:02Z</time>
      <extensions>
        <dbm>-99</dbm>
      </extensions>
    </trkpt>
    <trkpt lat="35.545107" lon="129.046256">
      <ele>948.545455</ele>
      <time>2016-02-21T07:39:27Z</time>
      <extensions>
        <dbm>-99</dbm>
      </extensions>
    </trkpt>
    <trkpt lat="35.545023" lon="129.046256">
      <ele>952.000000</ele>
      <time>2016-02-21T07:39:44Z</time>
      <extensions>
        <dbm>-99</dbm>
      </extensions>
    </trkpt>
    <trkpt lat="35.544953" lon="129.046270">
      <ele>955.454545</ele>
      <time>2016-02-21T07:40:03Z</time>
      <extensions>
        <dbm>-99</dbm>
      </extensions>
    </trkpt>
    <trkpt lat="35.544887" lon="129.046314">
      <ele>959.272727</ele>
      <time>2016-02-21T07:40:33Z</time>
      <extensions>
        <dbm>-99</dbm>
      </extensions>
    </trkpt>
    <trkpt lat="35.544850" lon="129.046399">
      <ele>963.090909</ele>
      <time>2016-02-21T07:40:58Z</time>
      <extensions>
        <dbm>-99</dbm>
      </extensions>
    </trkpt>
    <trkpt lat="35.544811" lon="129.046483">
      <ele>965.000000</ele>
      <time>2016-02-21T07:41:16Z</time>
      <extensions>
        <dbm>-99</dbm>
      </extensions>
    </trkpt>
    <trkpt lat="35.544778" lon="129.046548">
      <ele>968.333333</ele>
      <time>2016-02-21T07:41:37Z</time>
      <extensions>
        <dbm>-99</dbm>
      </extensions>
    </trkpt>
    <trkpt lat="35.544728" lon="129.046605">
      <ele>970.500000</ele>
      <time>2016-02-21T07:41:51Z</time>
      <extensions>
        <dbm>-99</dbm>
      </extensions>
    </trkpt>
    <trkpt lat="35.544685" lon="129.046673">
      <ele>973.666667</ele>
      <time>2016-02-21T07:42:21Z</time>
      <extensions>
        <dbm>-99</dbm>
      </extensions>
    </trkpt>
    <trkpt lat="35.544651" lon="129.046763">
      <ele>976.833333</ele>
      <time>2016-02-21T07:42:57Z</time>
      <extensions>
        <dbm>-99</dbm>
      </extensions>
    </trkpt>
    <trkpt lat="35.544623" lon="129.046867">
      <ele>979.916667</ele>
      <time>2016-02-21T07:43:24Z</time>
      <extensions>
        <dbm>-99</dbm>
      </extensions>
    </trkpt>
    <trkpt lat="35.544584" lon="129.046965">
      <ele>983.250000</ele>
      <time>2016-02-21T07:43:38Z</time>
      <extensions>
        <dbm>-99</dbm>
      </extensions>
    </trkpt>
    <trkpt lat="35.544561" lon="129.047064">
      <ele>986.916667</ele>
      <time>2016-02-21T07:43:58Z</time>
      <extensions>
        <dbm>-99</dbm>
      </extensions>
    </trkpt>
    <trkpt lat="35.544531" lon="129.047157">
      <ele>990.000000</ele>
      <time>2016-02-21T07:44:17Z</time>
      <extensions>
        <dbm>-99</dbm>
      </extensions>
    </trkpt>
    <trkpt lat="35.544499" lon="129.047239">
      <ele>992.750000</ele>
      <time>2016-02-21T07:44:53Z</time>
      <extensions>
        <dbm>-99</dbm>
      </extensions>
    </trkpt>
    <trkpt lat="35.544440" lon="129.047300">
      <ele>995.750000</ele>
      <time>2016-02-21T07:45:08Z</time>
      <extensions>
        <dbm>-99</dbm>
      </extensions>
    </trkpt>
    <trkpt lat="35.544375" lon="129.047359">
      <ele>998.833333</ele>
      <time>2016-02-21T07:45:32Z</time>
      <extensions>
        <dbm>-99</dbm>
      </extensions>
    </trkpt>
    <trkpt lat="35.544325" lon="129.047426">
      <ele>1002.083333</ele>
      <time>2016-02-21T07:45:54Z</time>
      <extensions>
        <dbm>-99</dbm>
      </extensions>
    </trkpt>
    <trkpt lat="35.544283" lon="129.047520">
      <ele>1005.500000</ele>
      <time>2016-02-21T07:46:25Z</time>
      <extensions>
        <dbm>-99</dbm>
      </extensions>
    </trkpt>
    <trkpt lat="35.544257" lon="129.047615">
      <ele>1009.250000</ele>
      <time>2016-02-21T07:46:55Z</time>
      <extensions>
        <dbm>-99</dbm>
      </extensions>
    </trkpt>
    <trkpt lat="35.544226" lon="129.047711">
      <ele>1015.181818</ele>
      <time>2016-02-21T07:47:07Z</time>
      <extensions>
        <dbm>-99</dbm>
      </extensions>
    </trkpt>
    <trkpt lat="35.544208" lon="129.047813">
      <ele>1019.545455</ele>
      <time>2016-02-21T07:47:22Z</time>
      <extensions>
        <dbm>-99</dbm>
      </extensions>
    </trkpt>
    <trkpt lat="35.544181" lon="129.047923">
      <ele>1023.727273</ele>
      <time>2016-02-21T07:47:48Z</time>
      <extensions>
        <dbm>-99</dbm>
      </extensions>
    </trkpt>
    <trkpt lat="35.544141" lon="129.048032">
      <ele>1028.000000</ele>
      <time>2016-02-21T07:48:29Z</time>
      <extensions>
        <dbm>-99</dbm>
      </extensions>
    </trkpt>
    <trkpt lat="35.544078" lon="129.048122">
      <ele>1034.400000</ele>
      <time>2016-02-21T07:49:08Z</time>
      <extensions>
        <dbm>-99</dbm>
      </extensions>
    </trkpt>
    <trkpt lat="35.544012" lon="129.048210">
      <ele>1039.000000</ele>
      <time>2016-02-21T07:49:22Z</time>
      <extensions>
        <dbm>-99</dbm>
      </extensions>
    </trkpt>
    <trkpt lat="35.543969" lon="129.048301">
      <ele>1045.818182</ele>
      <time>2016-02-21T07:49:34Z</time>
      <extensions>
        <dbm>-99</dbm>
      </extensions>
    </trkpt>
    <trkpt lat="35.543926" lon="129.048384">
      <ele>1050.181818</ele>
      <time>2016-02-21T07:49:43Z</time>
      <extensions>
        <dbm>-99</dbm>
      </extensions>
    </trkpt>
    <trkpt lat="35.543871" lon="129.048433">
      <ele>1052.500000</ele>
      <time>2016-02-21T07:49:56Z</time>
      <extensions>
        <dbm>-99</dbm>
      </extensions>
    </trkpt>
    <trkpt lat="35.543781" lon="129.048433">
      <ele>1058.545455</ele>
      <time>2016-02-21T07:50:30Z</time>
      <extensions>
        <dbm>-99</dbm>
      </extensions>
    </trkpt>
    <trkpt lat="35.543670" lon="129.048417">
      <ele>1062.272727</ele>
      <time>2016-02-21T07:51:09Z</time>
      <extensions>
        <dbm>-99</dbm>
      </extensions>
    </trkpt>
    <trkpt lat="35.543559" lon="129.048402">
      <ele>1068.100000</ele>
      <time>2016-02-21T07:51:54Z</time>
      <extensions>
        <dbm>-99</dbm>
      </extensions>
    </trkpt>
    <trkpt lat="35.543456" lon="129.048383">
      <ele>1071.900000</ele>
      <time>2016-02-21T07:52:08Z</time>
      <extensions>
        <dbm>-99</dbm>
      </extensions>
    </trkpt>
    <trkpt lat="35.543369" lon="129.048350">
      <ele>1075.900000</ele>
      <time>2016-02-21T07:52:29Z</time>
      <extensions>
        <dbm>-99</dbm>
      </extensions>
    </trkpt>
    <trkpt lat="35.543278" lon="129.048301">
      <ele>1079.700000</ele>
      <time>2016-02-21T07:52:42Z</time>
      <extensions>
        <dbm>-99</dbm>
      </extensions>
    </trkpt>
    <trkpt lat="35.543185" lon="129.048252">
      <ele>1083.500000</ele>
      <time>2016-02-21T07:53:11Z</time>
      <extensions>
        <dbm>-99</dbm>
      </extensions>
    </trkpt>
    <trkpt lat="35.543101" lon="129.048213">
      <ele>1087.600000</ele>
      <time>2016-02-21T07:53:33Z</time>
      <extensions>
        <dbm>-99</dbm>
      </extensions>
    </trkpt>
    <trkpt lat="35.543024" lon="129.048187">
      <ele>1091.800000</ele>
      <time>2016-02-21T07:54:01Z</time>
      <extensions>
        <dbm>-99</dbm>
      </extensions>
    </trkpt>
    <trkpt lat="35.542955" lon="129.048180">
      <ele>1094.300000</ele>
      <time>2016-02-21T07:54:10Z</time>
      <extensions>
        <dbm>-99</dbm>
      </extensions>
    </trkpt>
    <trkpt lat="35.542878" lon="129.048189">
      <ele>1098.000000</ele>
      <time>2016-02-21T07:54:30Z</time>
      <extensions>
        <dbm>-99</dbm>
      </extensions>
    </trkpt>
    <trkpt lat="35.542795" lon="129.048195">
      <ele>1101.600000</ele>
      <time>2016-02-21T07:54:57Z</time>
      <extensions>
        <dbm>-99</dbm>
      </extensions>
    </trkpt>
    <trkpt lat="35.542702" lon="129.048187">
      <ele>1102.818182</ele>
      <time>2016-02-21T07:55:06Z</time>
      <extensions>
        <dbm>-99</dbm>
      </extensions>
    </trkpt>
    <trkpt lat="35.542609" lon="129.048170">
      <ele>1106.000000</ele>
      <time>2016-02-21T07:55:14Z</time>
      <extensions>
        <dbm>-99</dbm>
      </extensions>
    </trkpt>
    <trkpt lat="35.542511" lon="129.048145">
      <ele>1109.454545</ele>
      <time>2016-02-21T07:55:19Z</time>
      <extensions>
        <dbm>-99</dbm>
      </extensions>
    </trkpt>
    <trkpt lat="35.542416" lon="129.048128">
      <ele>1112.727273</ele>
      <time>2016-02-21T07:55:29Z</time>
      <extensions>
        <dbm>-99</dbm>
      </extensions>
    </trkpt>
    <trkpt lat="35.542315" lon="129.048119">
      <ele>1117.700000</ele>
      <time>2016-02-21T07:55:58Z</time>
      <extensions>
        <dbm>-99</dbm>
      </extensions>
    </trkpt>
    <trkpt lat="35.542219" lon="129.048116">
      <ele>1120.800000</ele>
      <time>2016-02-21T07:56:18Z</time>
      <extensions>
        <dbm>-99</dbm>
      </extensions>
    </trkpt>
    <trkpt lat="35.542117" lon="129.048119">
      <ele>1123.800000</ele>
      <time>2016-02-21T07:56:26Z</time>
      <extensions>
        <dbm>-99</dbm>
      </extensions>
    </trkpt>
    <trkpt lat="35.542019" lon="129.048118">
      <ele>1126.500000</ele>
      <time>2016-02-21T07:56:33Z</time>
      <extensions>
        <dbm>-99</dbm>
      </extensions>
    </trkpt>
    <trkpt lat="35.541922" lon="129.048125">
      <ele>1127.636364</ele>
      <time>2016-02-21T07:56:48Z</time>
      <extensions>
        <dbm>-99</dbm>
      </extensions>
    </trkpt>
    <trkpt lat="35.541838" lon="129.048141">
      <ele>1130.000000</ele>
      <time>2016-02-21T07:57:03Z</time>
      <extensions>
        <dbm>-99</dbm>
      </extensions>
    </trkpt>
    <trkpt lat="35.541753" lon="129.048141">
      <ele>1132.272727</ele>
      <time>2016-02-21T07:57:15Z</time>
      <extensions>
        <dbm>-99</dbm>
      </extensions>
    </trkpt>
    <trkpt lat="35.541668" lon="129.048134">
      <ele>1134.727273</ele>
      <time>2016-02-21T07:57:26Z</time>
      <extensions>
        <dbm>-99</dbm>
      </extensions>
    </trkpt>
    <trkpt lat="35.541575" lon="129.048110">
      <ele>1136.818182</ele>
      <time>2016-02-21T07:57:49Z</time>
      <extensions>
        <dbm>-99</dbm>
      </extensions>
    </trkpt>
    <trkpt lat="35.541481" lon="129.048095">
      <ele>1138.363636</ele>
      <time>2016-02-21T07:58:05Z</time>
      <extensions>
        <dbm>-99</dbm>
      </extensions>
    </trkpt>
    <trkpt lat="35.541385" lon="129.048089">
      <ele>1140.090909</ele>
      <time>2016-02-21T07:58:18Z</time>
      <extensions>
        <dbm>-99</dbm>
      </extensions>
    </trkpt>
    <trkpt lat="35.541289" lon="129.048099">
      <ele>1141.818182</ele>
      <time>2016-02-21T07:58:34Z</time>
      <extensions>
        <dbm>-99</dbm>
      </extensions>
    </trkpt>
    <trkpt lat="35.541196" lon="129.048108">
      <ele>1144.000000</ele>
      <time>2016-02-21T07:58:53Z</time>
      <extensions>
        <dbm>-99</dbm>
      </extensions>
    </trkpt>
    <trkpt lat="35.541108" lon="129.048130">
      <ele>1144.909091</ele>
      <time>2016-02-21T07:59:05Z</time>
      <extensions>
        <dbm>-99</dbm>
      </extensions>
    </trkpt>
    <trkpt lat="35.541022" lon="129.048139">
      <ele>1146.272727</ele>
      <time>2016-02-21T07:59:17Z</time>
      <extensions>
        <dbm>-99</dbm>
      </extensions>
    </trkpt>
    <trkpt lat="35.540933" lon="129.048159">
      <ele>1147.909091</ele>
      <time>2016-02-21T07:59:27Z</time>
      <extensions>
        <dbm>-99</dbm>
      </extensions>
    </trkpt>
    <trkpt lat="35.540840" lon="129.048150">
      <ele>1149.454545</ele>
      <time>2016-02-21T07:59:45Z</time>
      <extensions>
        <dbm>-99</dbm>
      </extensions>
    </trkpt>
    <trkpt lat="35.540742" lon="129.048156">
      <ele>1151.545455</ele>
      <time>2016-02-21T07:59:59Z</time>
      <extensions>
        <dbm>-99</dbm>
      </extensions>
    </trkpt>
    <trkpt lat="35.540649" lon="129.048170">
      <ele>1153.727273</ele>
      <time>2016-02-21T08:00:10Z</time>
      <extensions>
        <dbm>-99</dbm>
      </extensions>
    </trkpt>
    <trkpt lat="35.540555" lon="129.048206">
      <ele>1156.090909</ele>
      <time>2016-02-21T08:00:18Z</time>
      <extensions>
        <dbm>-99</dbm>
      </extensions>
    </trkpt>
    <trkpt lat="35.540466" lon="129.048248">
      <ele>1158.454545</ele>
      <time>2016-02-21T08:00:34Z</time>
      <extensions>
        <dbm>-99</dbm>
      </extensions>
    </trkpt>
    <trkpt lat="35.540392" lon="129.048311">
      <ele>1160.545455</ele>
      <time>2016-02-21T08:00:48Z</time>
      <extensions>
        <dbm>-99</dbm>
      </extensions>
    </trkpt>
    <trkpt lat="35.540330" lon="129.048397">
      <ele>1162.363636</ele>
      <time>2016-02-21T08:01:01Z</time>
      <extensions>
        <dbm>-99</dbm>
      </extensions>
    </trkpt>
    <trkpt lat="35.540280" lon="129.048495">
      <ele>1164.090909</ele>
      <time>2016-02-21T08:01:14Z</time>
      <extensions>
        <dbm>-99</dbm>
      </extensions>
    </trkpt>
    <trkpt lat="35.540224" lon="129.048585">
      <ele>1165.727273</ele>
      <time>2016-02-21T08:01:23Z</time>
      <extensions>
        <dbm>-99</dbm>
      </extensions>
    </trkpt>
    <trkpt lat="35.540163" lon="129.048663">
      <ele>1167.272727</ele>
      <time>2016-02-21T08:01:35Z</time>
      <extensions>
        <dbm>-99</dbm>
      </extensions>
    </trkpt>
    <trkpt lat="35.540102" lon="129.048743">
      <ele>1168.200000</ele>
      <time>2016-02-21T08:01:47Z</time>
      <extensions>
        <dbm>-99</dbm>
      </extensions>
    </trkpt>
    <trkpt lat="35.540063" lon="129.048838">
      <ele>1170.000000</ele>
      <time>2016-02-21T08:01:59Z</time>
      <extensions>
        <dbm>-87</dbm>
      </extensions>
    </trkpt>
    <trkpt lat="35.540038" lon="129.048944">
      <ele>1170.700000</ele>
      <time>2016-02-21T08:02:10Z</time>
      <extensions>
        <dbm>-87</dbm>
      </extensions>
    </trkpt>
    <trkpt lat="35.540025" lon="129.049055">
      <ele>1171.636364</ele>
      <time>2016-02-21T08:02:24Z</time>
      <extensions>
        <dbm>-87</dbm>
      </extensions>
    </trkpt>
    <trkpt lat="35.540018" lon="129.049164">
      <ele>1172.181818</ele>
      <time>2016-02-21T08:02:33Z</time>
      <extensions>
        <dbm>-87</dbm>
      </extensions>
    </trkpt>
    <trkpt lat="35.540011" lon="129.049265">
      <ele>1172.400000</ele>
      <time>2016-02-21T08:02:43Z</time>
      <extensions>
        <dbm>-87</dbm>
      </extensions>
    </trkpt>
    <trkpt lat="35.539995" lon="129.049357">
      <ele>1172.500000</ele>
      <time>2016-02-21T08:03:54Z</time>
      <extensions>
        <dbm>-87</dbm>
      </extensions>
    </trkpt>
    <trkpt lat="35.539964" lon="129.049449">
      <ele>1172.500000</ele>
      <time>2016-02-21T08:04:05Z</time>
      <extensions>
        <dbm>-87</dbm>
      </extensions>
    </trkpt>
    <trkpt lat="35.539932" lon="129.049554">
      <ele>1172.500000</ele>
      <time>2016-02-21T08:04:13Z</time>
      <extensions>
        <dbm>-87</dbm>
      </extensions>
    </trkpt>
    <trkpt lat="35.539907" lon="129.049665">
      <ele>1172.500000</ele>
      <time>2016-02-21T08:04:22Z</time>
      <extensions>
        <dbm>-87</dbm>
      </extensions>
    </trkpt>
    <trkpt lat="35.539882" lon="129.049779">
      <ele>1172.500000</ele>
      <time>2016-02-21T08:04:30Z</time>
      <extensions>
        <dbm>-87</dbm>
      </extensions>
    </trkpt>
    <trkpt lat="35.539876" lon="129.049896">
      <ele>1172.300000</ele>
      <time>2016-02-21T08:04:40Z</time>
      <extensions>
        <dbm>-87</dbm>
      </extensions>
    </trkpt>
    <trkpt lat="35.539874" lon="129.050014">
      <ele>1172.300000</ele>
      <time>2016-02-21T08:04:50Z</time>
      <extensions>
        <dbm>-87</dbm>
      </extensions>
    </trkpt>
    <trkpt lat="35.539873" lon="129.050130">
      <ele>1172.100000</ele>
      <time>2016-02-21T08:04:58Z</time>
      <extensions>
        <dbm>-87</dbm>
      </extensions>
    </trkpt>
    <trkpt lat="35.539852" lon="129.050242">
      <ele>1171.600000</ele>
      <time>2016-02-21T08:05:09Z</time>
      <extensions>
        <dbm>-87</dbm>
      </extensions>
    </trkpt>
    <trkpt lat="35.539833" lon="129.050355">
      <ele>1171.200000</ele>
      <time>2016-02-21T08:05:22Z</time>
      <extensions>
        <dbm>-87</dbm>
      </extensions>
    </trkpt>
    <trkpt lat="35.539808" lon="129.050467">
      <ele>1170.500000</ele>
      <time>2016-02-21T08:05:32Z</time>
      <extensions>
        <dbm>-87</dbm>
      </extensions>
    </trkpt>
    <trkpt lat="35.539791" lon="129.050582">
      <ele>1169.900000</ele>
      <time>2016-02-21T08:05:42Z</time>
      <extensions>
        <dbm>-87</dbm>
      </extensions>
    </trkpt>
    <trkpt lat="35.539766" lon="129.050695">
      <ele>1169.300000</ele>
      <time>2016-02-21T08:05:53Z</time>
      <extensions>
        <dbm>-95</dbm>
      </extensions>
    </trkpt>
    <trkpt lat="35.539751" lon="129.050810">
      <ele>1168.900000</ele>
      <time>2016-02-21T08:06:04Z</time>
      <extensions>
        <dbm>-95</dbm>
      </extensions>
    </trkpt>
    <trkpt lat="35.539734" lon="129.050930">
      <ele>1168.400000</ele>
      <time>2016-02-21T08:06:14Z</time>
      <extensions>
        <dbm>-95</dbm>
      </extensions>
    </trkpt>
    <trkpt lat="35.539718" lon="129.051050">
      <ele>1167.800000</ele>
      <time>2016-02-21T08:06:22Z</time>
      <extensions>
        <dbm>-95</dbm>
      </extensions>
    </trkpt>
    <trkpt lat="35.539691" lon="129.051176">
      <ele>1167.400000</ele>
      <time>2016-02-21T08:06:27Z</time>
      <extensions>
        <dbm>-95</dbm>
      </extensions>
    </trkpt>
    <trkpt lat="35.539666" lon="129.051298">
      <ele>1167.000000</ele>
      <time>2016-02-21T08:06:35Z</time>
      <extensions>
        <dbm>-95</dbm>
      </extensions>
    </trkpt>
    <trkpt lat="35.539645" lon="129.051428">
      <ele>1166.818182</ele>
      <time>2016-02-21T08:06:44Z</time>
      <extensions>
        <dbm>-95</dbm>
      </extensions>
    </trkpt>
    <trkpt lat="35.539633" lon="129.051553">
      <ele>1166.636364</ele>
      <time>2016-02-21T08:06:53Z</time>
      <extensions>
        <dbm>-95</dbm>
      </extensions>
    </trkpt>
    <trkpt lat="35.539631" lon="129.051676">
      <ele>1166.272727</ele>
      <time>2016-02-21T08:07:02Z</time>
      <extensions>
        <dbm>-95</dbm>
      </extensions>
    </trkpt>
    <trkpt lat="35.539626" lon="129.051792">
      <ele>1166.181818</ele>
      <time>2016-02-21T08:07:16Z</time>
      <extensions>
        <dbm>-95</dbm>
      </extensions>
    </trkpt>
    <trkpt lat="35.539629" lon="129.051915">
      <ele>1166.000000</ele>
      <time>2016-02-21T08:07:22Z</time>
      <extensions>
        <dbm>-95</dbm>
      </extensions>
    </trkpt>
    <trkpt lat="35.539624" lon="129.052039">
      <ele>1166.000000</ele>
      <time>2016-02-21T08:07:29Z</time>
      <extensions>
        <dbm>-95</dbm>
      </extensions>
    </trkpt>
    <trkpt lat="35.539622" lon="129.052174">
      <ele>1166.300000</ele>
      <time>2016-02-21T08:07:36Z</time>
      <extensions>
        <dbm>-95</dbm>
      </extensions>
    </trkpt>
    <trkpt lat="35.539614" lon="129.052300">
      <ele>1166.300000</ele>
      <time>2016-02-21T08:07:44Z</time>
      <extensions>
        <dbm>-95</dbm>
      </extensions>
    </trkpt>
    <trkpt lat="35.539603" lon="129.052426">
      <ele>1166.300000</ele>
      <time>2016-02-21T08:07:52Z</time>
      <extensions>
        <dbm>-95</dbm>
      </extensions>
    </trkpt>
    <trkpt lat="35.539588" lon="129.052546">
      <ele>1166.500000</ele>
      <time>2016-02-21T08:08:01Z</time>
      <extensions>
        <dbm>-95</dbm>
      </extensions>
    </trkpt>
    <trkpt lat="35.539569" lon="129.052664">
      <ele>1167.000000</ele>
      <time>2016-02-21T08:08:08Z</time>
      <extensions>
        <dbm>-95</dbm>
      </extensions>
    </trkpt>
    <trkpt lat="35.539550" lon="129.052783">
      <ele>1167.400000</ele>
      <time>2016-02-21T08:08:16Z</time>
      <extensions>
        <dbm>-95</dbm>
      </extensions>
    </trkpt>
    <trkpt lat="35.539535" lon="129.052899">
      <ele>1167.700000</ele>
      <time>2016-02-21T08:08:30Z</time>
      <extensions>
        <dbm>-95</dbm>
      </extensions>
    </trkpt>
    <trkpt lat="35.539523" lon="129.053019">
      <ele>1168.100000</ele>
      <time>2016-02-21T08:08:38Z</time>
      <extensions>
        <dbm>-95</dbm>
      </extensions>
    </trkpt>
    <trkpt lat="35.539507" lon="129.053135">
      <ele>1168.700000</ele>
      <time>2016-02-21T08:08:48Z</time>
      <extensions>
        <dbm>-95</dbm>
      </extensions>
    </trkpt>
    <trkpt lat="35.539481" lon="129.053248">
      <ele>1169.500000</ele>
      <time>2016-02-21T08:08:58Z</time>
      <extensions>
        <dbm>-95</dbm>
      </extensions>
    </trkpt>
    <trkpt lat="35.539459" lon="129.053359">
      <ele>1170.600000</ele>
      <time>2016-02-21T08:09:10Z</time>
      <extensions>
        <dbm>-95</dbm>
      </extensions>
    </trkpt>
    <trkpt lat="35.539437" lon="129.053468">
      <ele>1171.181818</ele>
      <time>2016-02-21T08:09:20Z</time>
      <extensions>
        <dbm>-95</dbm>
      </extensions>
    </trkpt>
    <trkpt lat="35.539427" lon="129.053578">
      <ele>1172.600000</ele>
      <time>2016-02-21T08:09:30Z</time>
      <extensions>
        <dbm>-95</dbm>
      </extensions>
    </trkpt>
    <trkpt lat="35.539408" lon="129.053687">
      <ele>1173.181818</ele>
      <time>2016-02-21T08:09:41Z</time>
      <extensions>
        <dbm>-95</dbm>
      </extensions>
    </trkpt>
    <trkpt lat="35.539383" lon="129.053796">
      <ele>1174.272727</ele>
      <time>2016-02-21T08:10:00Z</time>
      <extensions>
        <dbm>-95</dbm>
      </extensions>
    </trkpt>
    <trkpt lat="35.539369" lon="129.053904">
      <ele>1175.363636</ele>
      <time>2016-02-21T08:10:10Z</time>
      <extensions>
        <dbm>-95</dbm>
      </extensions>
    </trkpt>
    <trkpt lat="35.539346" lon="129.054010">
      <ele>1176.454545</ele>
      <time>2016-02-21T08:11:37Z</time>
      <extensions>
        <dbm>-119</dbm>
      </extensions>
    </trkpt>
    <trkpt lat="35.539320" lon="129.054113">
      <ele>1177.636364</ele>
      <time>2016-02-21T08:12:21Z</time>
      <extensions>
        <dbm>-119</dbm>
      </extensions>
    </trkpt>
    <trkpt lat="35.539255" lon="129.054205">
      <ele>1178.727273</ele>
      <time>2016-02-21T08:13:08Z</time>
      <extensions>
        <dbm>-85</dbm>
      </extensions>
    </trkpt>
    <trkpt lat="35.539186" lon="129.054282">
      <ele>1179.818182</ele>
      <time>2016-02-21T08:13:17Z</time>
      <extensions>
        <dbm>-85</dbm>
      </extensions>
    </trkpt>
    <trkpt lat="35.539103" lon="129.054319">
      <ele>1180.727273</ele>
      <time>2016-02-21T08:13:38Z</time>
      <extensions>
        <dbm>-85</dbm>
      </extensions>
    </trkpt>
    <trkpt lat="35.539017" lon="129.054343">
      <ele>1181.100000</ele>
      <time>2016-02-21T08:14:47Z</time>
      <extensions>
        <dbm>-120</dbm>
      </extensions>
    </trkpt>
    <trkpt lat="35.538934" lon="129.054346">
      <ele>1181.800000</ele>
      <time>2016-02-21T08:14:59Z</time>
      <extensions>
        <dbm>-120</dbm>
      </extensions>
    </trkpt>
    <trkpt lat="35.538852" lon="129.054365">
      <ele>1181.800000</ele>
      <time>2016-02-21T08:15:45Z</time>
      <extensions>
        <dbm>-140</dbm>
      </extensions>
    </trkpt>
    <trkpt lat="35.538771" lon="129.054386">
      <ele>1181.800000</ele>
      <time>2016-02-21T08:17:29Z</time>
      <extensions>
        <dbm>-87</dbm>
      </extensions>
    </trkpt>
    <trkpt lat="35.538688" lon="129.054410">
      <ele>1181.800000</ele>
      <time>2016-02-21T08:17:55Z</time>
      <extensions>
        <dbm>-87</dbm>
      </extensions>
    </trkpt>
    <trkpt lat="35.538605" lon="129.054426">
      <ele>1181.700000</ele>
      <time>2016-02-21T08:18:08Z</time>
      <extensions>
        <dbm>-87</dbm>
      </extensions>
    </trkpt>
    <trkpt lat="35.538516" lon="129.054421">
      <ele>1181.400000</ele>
      <time>2016-02-21T08:18:25Z</time>
      <extensions>
        <dbm>-120</dbm>
      </extensions>
    </trkpt>
    <trkpt lat="35.538427" lon="129.054390">
      <ele>1180.600000</ele>
      <time>2016-02-21T08:18:37Z</time>
      <extensions>
        <dbm>-120</dbm>
      </extensions>
    </trkpt>
    <trkpt lat="35.538343" lon="129.054344">
      <ele>1180.000000</ele>
      <time>2016-02-21T08:18:49Z</time>
      <extensions>
        <dbm>-99</dbm>
      </extensions>
    </trkpt>
    <trkpt lat="35.538265" lon="129.054288">
      <ele>1179.300000</ele>
      <time>2016-02-21T08:18:58Z</time>
      <extensions>
        <dbm>-99</dbm>
      </extensions>
    </trkpt>
    <trkpt lat="35.538182" lon="129.054251">
      <ele>1178.100000</ele>
      <time>2016-02-21T08:19:10Z</time>
      <extensions>
        <dbm>-99</dbm>
      </extensions>
    </trkpt>
    <trkpt lat="35.538094" lon="129.054236">
      <ele>1176.200000</ele>
      <time>2016-02-21T08:19:22Z</time>
      <extensions>
        <dbm>-99</dbm>
      </extensions>
    </trkpt>
    <trkpt lat="35.538008" lon="129.054262">
      <ele>1174.000000</ele>
      <time>2016-02-21T08:19:32Z</time>
      <extensions>
        <dbm>-99</dbm>
      </extensions>
    </trkpt>
    <trkpt lat="35.537925" lon="129.054298">
      <ele>1171.500000</ele>
      <time>2016-02-21T08:19:43Z</time>
      <extensions>
        <dbm>-99</dbm>
      </extensions>
    </trkpt>
    <trkpt lat="35.537843" lon="129.054346">
      <ele>1168.400000</ele>
      <time>2016-02-21T08:19:58Z</time>
      <extensions>
        <dbm>-99</dbm>
      </extensions>
    </trkpt>
    <trkpt lat="35.537752" lon="129.054376">
      <ele>1164.900000</ele>
      <time>2016-02-21T08:20:12Z</time>
      <extensions>
        <dbm>-99</dbm>
      </extensions>
    </trkpt>
    <trkpt lat="35.537660" lon="129.054415">
      <ele>1161.000000</ele>
      <time>2016-02-21T08:20:27Z</time>
      <extensions>
        <dbm>-99</dbm>
      </extensions>
    </trkpt>
    <trkpt lat="35.537564" lon="129.054437">
      <ele>1157.700000</ele>
      <time>2016-02-21T08:20:37Z</time>
      <extensions>
        <dbm>-99</dbm>
      </extensions>
    </trkpt>
    <trkpt lat="35.537469" lon="129.054465">
      <ele>1154.600000</ele>
      <time>2016-02-21T08:20:49Z</time>
      <extensions>
        <dbm>-99</dbm>
      </extensions>
    </trkpt>
    <trkpt lat="35.537379" lon="129.054505">
      <ele>1149.727273</ele>
      <time>2016-02-21T08:21:02Z</time>
      <extensions>
        <dbm>-99</dbm>
      </extensions>
    </trkpt>
    <trkpt lat="35.537293" lon="129.054557">
      <ele>1146.636364</ele>
      <time>2016-02-21T08:21:13Z</time>
      <extensions>
        <dbm>-99</dbm>
      </extensions>
    </trkpt>
    <trkpt lat="35.537210" lon="129.054601">
      <ele>1143.727273</ele>
      <time>2016-02-21T08:21:25Z</time>
      <extensions>
        <dbm>-109</dbm>
      </extensions>
    </trkpt>
    <trkpt lat="35.537122" lon="129.054640">
      <ele>1140.818182</ele>
      <time>2016-02-21T08:21:39Z</time>
      <extensions>
        <dbm>-109</dbm>
      </extensions>
    </trkpt>
    <trkpt lat="35.537033" lon="129.054667">
      <ele>1138.000000</ele>
      <time>2016-02-21T08:21:50Z</time>
      <extensions>
        <dbm>-109</dbm>
      </extensions>
    </trkpt>
    <trkpt lat="35.536942" lon="129.054691">
      <ele>1135.454545</ele>
      <time>2016-02-21T08:22:03Z</time>
      <extensions>
        <dbm>-109</dbm>
      </extensions>
    </trkpt>
    <trkpt lat="35.536851" lon="129.054701">
      <ele>1133.000000</ele>
      <time>2016-02-21T08:22:14Z</time>
      <extensions>
        <dbm>-109</dbm>
      </extensions>
    </trkpt>
    <trkpt lat="35.536761" lon="129.054721">
      <ele>1130.545455</ele>
      <time>2016-02-21T08:22:25Z</time>
      <extensions>
        <dbm>-109</dbm>
      </extensions>
    </trkpt>
    <trkpt lat="35.536672" lon="129.054744">
      <ele>1128.090909</ele>
      <time>2016-02-21T08:22:35Z</time>
      <extensions>
        <dbm>-109</dbm>
      </extensions>
    </trkpt>
    <trkpt lat="35.536580" lon="129.054770">
      <ele>1125.454545</ele>
      <time>2016-02-21T08:22:45Z</time>
      <extensions>
        <dbm>-109</dbm>
      </extensions>
    </trkpt>
    <trkpt lat="35.536490" lon="129.054804">
      <ele>1123.181818</ele>
      <time>2016-02-21T08:22:57Z</time>
      <extensions>
        <dbm>-109</dbm>
      </extensions>
    </trkpt>
    <trkpt lat="35.536405" lon="129.054845">
      <ele>1120.909091</ele>
      <time>2016-02-21T08:23:09Z</time>
      <extensions>
        <dbm>-109</dbm>
      </extensions>
    </trkpt>
    <trkpt lat="35.536319" lon="129.054882">
      <ele>1118.818182</ele>
      <time>2016-02-21T08:23:22Z</time>
      <extensions>
        <dbm>-109</dbm>
      </extensions>
    </trkpt>
    <trkpt lat="35.536236" lon="129.054925">
      <ele>1116.545455</ele>
      <time>2016-02-21T08:23:34Z</time>
      <extensions>
        <dbm>-109</dbm>
      </extensions>
    </trkpt>
    <trkpt lat="35.536158" lon="129.054980">
      <ele>1114.272727</ele>
      <time>2016-02-21T08:23:47Z</time>
      <extensions>
        <dbm>-109</dbm>
      </extensions>
    </trkpt>
    <trkpt lat="35.536083" lon="129.055041">
      <ele>1111.636364</ele>
      <time>2016-02-21T08:23:57Z</time>
      <extensions>
        <dbm>-109</dbm>
      </extensions>
    </trkpt>
    <trkpt lat="35.536003" lon="129.055077">
      <ele>1108.909091</ele>
      <time>2016-02-21T08:24:09Z</time>
      <extensions>
        <dbm>-109</dbm>
      </extensions>
    </trkpt>
    <trkpt lat="35.535917" lon="129.055110">
      <ele>1106.363636</ele>
      <time>2016-02-21T08:24:23Z</time>
      <extensions>
        <dbm>-109</dbm>
      </extensions>
    </trkpt>
    <trkpt lat="35.535852" lon="129.055164">
      <ele>1104.181818</ele>
      <time>2016-02-21T08:24:36Z</time>
      <extensions>
        <dbm>-109</dbm>
      </extensions>
    </trkpt>
    <trkpt lat="35.535789" lon="129.055232">
      <ele>1103.100000</ele>
      <time>2016-02-21T08:24:51Z</time>
      <extensions>
        <dbm>-109</dbm>
      </extensions>
    </trkpt>
    <trkpt lat="35.535726" lon="129.055296">
      <ele>1100.900000</ele>
      <time>2016-02-21T08:25:03Z</time>
      <extensions>
        <dbm>-109</dbm>
      </extensions>
    </trkpt>
    <trkpt lat="35.535645" lon="129.055343">
      <ele>1098.400000</ele>
      <time>2016-02-21T08:25:17Z</time>
      <extensions>
        <dbm>-109</dbm>
      </extensions>
    </trkpt>
    <trkpt lat="35.535561" lon="129.055390">
      <ele>1095.900000</ele>
      <time>2016-02-21T08:25:29Z</time>
      <extensions>
        <dbm>-109</dbm>
      </extensions>
    </trkpt>
    <trkpt lat="35.535477" lon="129.055427">
      <ele>1093.300000</ele>
      <time>2016-02-21T08:25:41Z</time>
      <extensions>
        <dbm>-109</dbm>
      </extensions>
    </trkpt>
    <trkpt lat="35.535390" lon="129.055460">
      <ele>1090.700000</ele>
      <time>2016-02-21T08:25:54Z</time>
      <extensions>
        <dbm>-109</dbm>
      </extensions>
    </trkpt>
    <trkpt lat="35.535307" lon="129.055495">
      <ele>1088.000000</ele>
      <time>2016-02-21T08:26:08Z</time>
      <extensions>
        <dbm>-109</dbm>
      </extensions>
    </trkpt>
    <trkpt lat="35.535226" lon="129.055547">
      <ele>1085.500000</ele>
      <time>2016-02-21T08:26:23Z</time>
      <extensions>
        <dbm>-109</dbm>
      </extensions>
    </trkpt>
    <trkpt lat="35.535146" lon="129.055606">
      <ele>1083.000000</ele>
      <time>2016-02-21T08:26:34Z</time>
      <extensions>
        <dbm>-109</dbm>
      </extensions>
    </trkpt>
    <trkpt lat="35.535060" lon="129.055663">
      <ele>1080.600000</ele>
      <time>2016-02-21T08:26:46Z</time>
      <extensions>
        <dbm>-109</dbm>
      </extensions>
    </trkpt>
    <trkpt lat="35.534973" lon="129.055708">
      <ele>1077.700000</ele>
      <time>2016-02-21T08:27:00Z</time>
      <extensions>
        <dbm>-109</dbm>
      </extensions>
    </trkpt>
    <trkpt lat="35.534889" lon="129.055754">
      <ele>1075.100000</ele>
      <time>2016-02-21T08:27:10Z</time>
      <extensions>
        <dbm>-109</dbm>
      </extensions>
    </trkpt>
    <trkpt lat="35.534806" lon="129.055793">
      <ele>1072.500000</ele>
      <time>2016-02-21T08:27:23Z</time>
      <extensions>
        <dbm>-109</dbm>
      </extensions>
    </trkpt>
    <trkpt lat="35.534716" lon="129.055832">
      <ele>1070.000000</ele>
      <time>2016-02-21T08:27:36Z</time>
      <extensions>
        <dbm>-109</dbm>
      </extensions>
    </trkpt>
    <trkpt lat="35.534626" lon="129.055870">
      <ele>1067.400000</ele>
      <time>2016-02-21T08:27:48Z</time>
      <extensions>
        <dbm>-109</dbm>
      </extensions>
    </trkpt>
    <trkpt lat="35.534538" lon="129.055917">
      <ele>1063.454545</ele>
      <time>2016-02-21T08:27:57Z</time>
      <extensions>
        <dbm>-109</dbm>
      </extensions>
    </trkpt>
    <trkpt lat="35.534457" lon="129.055963">
      <ele>1061.000000</ele>
      <time>2016-02-21T08:28:07Z</time>
      <extensions>
        <dbm>-109</dbm>
      </extensions>
    </trkpt>
    <trkpt lat="35.534375" lon="129.056005">
      <ele>1058.454545</ele>
      <time>2016-02-21T08:28:14Z</time>
      <extensions>
        <dbm>-109</dbm>
      </extensions>
    </trkpt>
    <trkpt lat="35.534294" lon="129.056038">
      <ele>1055.727273</ele>
      <time>2016-02-21T08:28:23Z</time>
      <extensions>
        <dbm>-109</dbm>
      </extensions>
    </trkpt>
    <trkpt lat="35.534228" lon="129.056021">
      <ele>1052.909091</ele>
      <time>2016-02-21T08:29:08Z</time>
      <extensions>
        <dbm>-109</dbm>
      </extensions>
    </trkpt>
    <trkpt lat="35.534190" lon="129.055956">
      <ele>1051.700000</ele>
      <time>2016-02-21T08:32:02Z</time>
      <extensions>
        <dbm>-109</dbm>
      </extensions>
    </trkpt>
    <trkpt lat="35.534173" lon="129.055839">
      <ele>1049.000000</ele>
      <time>2016-02-21T08:32:08Z</time>
      <extensions>
        <dbm>-109</dbm>
      </extensions>
    </trkpt>
    <trkpt lat="35.534155" lon="129.055723">
      <ele>1045.636364</ele>
      <time>2016-02-21T08:32:16Z</time>
      <extensions>
        <dbm>-109</dbm>
      </extensions>
    </trkpt>
    <trkpt lat="35.534127" lon="129.055608">
      <ele>1043.454545</ele>
      <time>2016-02-21T08:32:24Z</time>
      <extensions>
        <dbm>-109</dbm>
      </extensions>
    </trkpt>
    <trkpt lat="35.534110" lon="129.055491">
      <ele>1041.363636</ele>
      <time>2016-02-21T08:32:32Z</time>
      <extensions>
        <dbm>-109</dbm>
      </extensions>
    </trkpt>
    <trkpt lat="35.534086" lon="129.055375">
      <ele>1039.090909</ele>
      <time>2016-02-21T08:32:44Z</time>
      <extensions>
        <dbm>-109</dbm>
      </extensions>
    </trkpt>
    <trkpt lat="35.534056" lon="129.055262">
      <ele>1037.272727</ele>
      <time>2016-02-21T08:32:59Z</time>
      <extensions>
        <dbm>-109</dbm>
      </extensions>
    </trkpt>
    <trkpt lat="35.534014" lon="129.055159">
      <ele>1035.454545</ele>
      <time>2016-02-21T08:33:08Z</time>
      <extensions>
        <dbm>-109</dbm>
      </extensions>
    </trkpt>
    <trkpt lat="35.533968" lon="129.055073">
      <ele>1033.818182</ele>
      <time>2016-02-21T08:33:18Z</time>
      <extensions>
        <dbm>-109</dbm>
      </extensions>
    </trkpt>
    <trkpt lat="35.533933" lon="129.054981">
      <ele>1033.200000</ele>
      <time>2016-02-21T08:33:32Z</time>
      <extensions>
        <dbm>-109</dbm>
      </extensions>
    </trkpt>
    <trkpt lat="35.533903" lon="129.054886">
      <ele>1031.900000</ele>
      <time>2016-02-21T08:33:45Z</time>
      <extensions>
        <dbm>-109</dbm>
      </extensions>
    </trkpt>
    <trkpt lat="35.533894" lon="129.054778">
      <ele>1030.300000</ele>
      <time>2016-02-21T08:33:58Z</time>
      <extensions>
        <dbm>-109</dbm>
      </extensions>
    </trkpt>
    <trkpt lat="35.533889" lon="129.054672">
      <ele>1028.400000</ele>
      <time>2016-02-21T08:34:10Z</time>
      <extensions>
        <dbm>-109</dbm>
      </extensions>
    </trkpt>
    <trkpt lat="35.533877" lon="129.054563">
      <ele>1026.600000</ele>
      <time>2016-02-21T08:34:24Z</time>
      <extensions>
        <dbm>-109</dbm>
      </extensions>
    </trkpt>
    <trkpt lat="35.533860" lon="129.054457">
      <ele>1024.000000</ele>
      <time>2016-02-21T08:34:40Z</time>
      <extensions>
        <dbm>-109</dbm>
      </extensions>
    </trkpt>
    <trkpt lat="35.533821" lon="129.054363">
      <ele>1021.200000</ele>
      <time>2016-02-21T08:34:54Z</time>
      <extensions>
        <dbm>-109</dbm>
      </extensions>
    </trkpt>
    <trkpt lat="35.533766" lon="129.054309">
      <ele>1018.300000</ele>
      <time>2016-02-21T08:35:06Z</time>
      <extensions>
        <dbm>-109</dbm>
      </extensions>
    </trkpt>
    <trkpt lat="35.533683" lon="129.054274">
      <ele>1015.000000</ele>
      <time>2016-02-21T08:35:15Z</time>
      <extensions>
        <dbm>-109</dbm>
      </extensions>
    </trkpt>
    <trkpt lat="35.533603" lon="129.054233">
      <ele>1011.300000</ele>
      <time>2016-02-21T08:35:28Z</time>
      <extensions>
        <dbm>-109</dbm>
      </extensions>
    </trkpt>
    <trkpt lat="35.533530" lon="129.054160">
      <ele>1007.600000</ele>
      <time>2016-02-21T08:35:39Z</time>
      <extensions>
        <dbm>-109</dbm>
      </extensions>
    </trkpt>
    <trkpt lat="35.533464" lon="129.054077">
      <ele>1003.400000</ele>
      <time>2016-02-21T08:35:47Z</time>
      <extensions>
        <dbm>-109</dbm>
      </extensions>
    </trkpt>
    <trkpt lat="35.533393" lon="129.053998">
      <ele>999.500000</ele>
      <time>2016-02-21T08:35:56Z</time>
      <extensions>
        <dbm>-109</dbm>
      </extensions>
    </trkpt>
    <trkpt lat="35.533317" lon="129.053927">
      <ele>993.909091</ele>
      <time>2016-02-21T08:36:03Z</time>
      <extensions>
        <dbm>-109</dbm>
      </extensions>
    </trkpt>
    <trkpt lat="35.533228" lon="129.053864">
      <ele>990.272727</ele>
      <time>2016-02-21T08:36:11Z</time>
      <extensions>
        <dbm>-109</dbm>
      </extensions>
    </trkpt>
    <trkpt lat="35.533136" lon="129.053804">
      <ele>987.181818</ele>
      <time>2016-02-21T08:36:20Z</time>
      <extensions>
        <dbm>-109</dbm>
      </extensions>
    </trkpt>
    <trkpt lat="35.533058" lon="129.053732">
      <ele>984.000000</ele>
      <time>2016-02-21T08:36:30Z</time>
      <extensions>
        <dbm>-109</dbm>
      </extensions>
    </trkpt>
    <trkpt lat="35.532994" lon="129.053647">
      <ele>981.272727</ele>
      <time>2016-02-21T08:36:44Z</time>
      <extensions>
        <dbm>-109</dbm>
      </extensions>
    </trkpt>
    <trkpt lat="35.532960" lon="129.053547">
      <ele>978.727273</ele>
      <time>2016-02-21T08:36:54Z</time>
      <extensions>
        <dbm>-109</dbm>
      </extensions>
    </trkpt>
    <trkpt lat="35.532928" lon="129.053445">
      <ele>976.454545</ele>
      <time>2016-02-21T08:37:11Z</time>
      <extensions>
        <dbm>-109</dbm>
      </extensions>
    </trkpt>
    <trkpt lat="35.532909" lon="129.053342">
      <ele>974.363636</ele>
      <time>2016-02-21T08:37:24Z</time>
      <extensions>
        <dbm>-109</dbm>
      </extensions>
    </trkpt>
    <trkpt lat="35.532872" lon="129.053245">
      <ele>972.727273</ele>
      <time>2016-02-21T08:37:39Z</time>
      <extensions>
        <dbm>-109</dbm>
      </extensions>
    </trkpt>
    <trkpt lat="35.532827" lon="129.053170">
      <ele>970.909091</ele>
      <time>2016-02-21T08:37:50Z</time>
      <extensions>
        <dbm>-109</dbm>
      </extensions>
    </trkpt>
    <trkpt lat="35.532791" lon="129.053090">
      <ele>968.909091</ele>
      <time>2016-02-21T08:38:04Z</time>
      <extensions>
        <dbm>-109</dbm>
      </extensions>
    </trkpt>
    <trkpt lat="35.532778" lon="129.053002">
      <ele>966.818182</ele>
      <time>2016-02-21T08:38:19Z</time>
      <extensions>
        <dbm>-109</dbm>
      </extensions>
    </trkpt>
    <trkpt lat="35.532766" lon="129.052896">
      <ele>964.272727</ele>
      <time>2016-02-21T08:38:36Z</time>
      <extensions>
        <dbm>-109</dbm>
      </extensions>
    </trkpt>
    <trkpt lat="35.532729" lon="129.052802">
      <ele>961.636364</ele>
      <time>2016-02-21T08:39:00Z</time>
      <extensions>
        <dbm>-109</dbm>
      </extensions>
    </trkpt>
    <trkpt lat="35.532678" lon="129.052712">
      <ele>958.909091</ele>
      <time>2016-02-21T08:39:18Z</time>
      <extensions>
        <dbm>-109</dbm>
      </extensions>
    </trkpt>
    <trkpt lat="35.532648" lon="129.052614">
      <ele>955.636364</ele>
      <time>2016-02-21T08:39:37Z</time>
      <extensions>
        <dbm>-109</dbm>
      </extensions>
    </trkpt>
    <trkpt lat="35.532648" lon="129.052515">
      <ele>954.400000</ele>
      <time>2016-02-21T08:39:58Z</time>
      <extensions>
        <dbm>-109</dbm>
      </extensions>
    </trkpt>
    <trkpt lat="35.532670" lon="129.052419">
      <ele>950.900000</ele>
      <time>2016-02-21T08:40:09Z</time>
      <extensions>
        <dbm>-109</dbm>
      </extensions>
    </trkpt>
    <trkpt lat="35.532710" lon="129.052330">
      <ele>947.300000</ele>
      <time>2016-02-21T08:40:18Z</time>
      <extensions>
        <dbm>-109</dbm>
      </extensions>
    </trkpt>
    <trkpt lat="35.532756" lon="129.052228">
      <ele>943.300000</ele>
      <time>2016-02-21T08:40:28Z</time>
      <extensions>
        <dbm>-109</dbm>
      </extensions>
    </trkpt>
    <trkpt lat="35.532779" lon="129.052132">
      <ele>939.200000</ele>
      <time>2016-02-21T08:40:39Z</time>
      <extensions>
        <dbm>-120</dbm>
      </extensions>
    </trkpt>
    <trkpt lat="35.532790" lon="129.052041">
      <ele>939.200000</ele>
      <time>2016-02-21T08:40:47Z</time>
      <extensions>
        <dbm>-113</dbm>
      </extensions>
    </trkpt>
    <trkpt lat="35.532781" lon="129.051963">
      <ele>938.454545</ele>
      <time>2016-02-21T08:40:56Z</time>
      <extensions>
        <dbm>-113</dbm>
      </extensions>
    </trkpt>
    <trkpt lat="35.532783" lon="129.051876">
      <ele>934.818182</ele>
      <time>2016-02-21T08:41:04Z</time>
      <extensions>
        <dbm>-113</dbm>
      </extensions>
    </trkpt>
    <trkpt lat="35.532784" lon="129.051778">
      <ele>931.181818</ele>
      <time>2016-02-21T08:41:13Z</time>
      <extensions>
        <dbm>-120</dbm>
      </extensions>
    </trkpt>
    <trkpt lat="35.532794" lon="129.051702">
      <ele>931.181818</ele>
      <time>2016-02-21T08:43:25Z</time>
      <extensions>
        <dbm>-120</dbm>
      </extensions>
    </trkpt>
    <trkpt lat="35.532805" lon="129.051656">
      <ele>899.000000</ele>
      <time>2016-02-21T08:45:56Z</time>
      <extensions>
        <pause>start</pause>
        <type>auto</type>
        <dbm>-120</dbm>
      </extensions>
    </trkpt>
    <trkpt lat="35.532755" lon="129.051343">
      <ele>891.000000</ele>
      <time>2016-02-21T08:49:24Z</time>
      <extensions>
        <pause>end</pause>
        <type>auto</type>
        <dbm>-120</dbm>
      </extensions>
    </trkpt>
    <trkpt lat="35.532755" lon="129.051234">
      <ele>916.600000</ele>
      <time>2016-02-21T08:49:34Z</time>
      <extensions>
        <dbm>-120</dbm>
      </extensions>
    </trkpt>
    <trkpt lat="35.532760" lon="129.051131">
      <ele>915.272727</ele>
      <time>2016-02-21T08:49:42Z</time>
      <extensions>
        <dbm>-113</dbm>
      </extensions>
    </trkpt>
    <trkpt lat="35.532762" lon="129.051041">
      <ele>915.272727</ele>
      <time>2016-02-21T08:49:50Z</time>
      <extensions>
        <dbm>-113</dbm>
      </extensions>
    </trkpt>
    <trkpt lat="35.532766" lon="129.050949">
      <ele>914.700000</ele>
      <time>2016-02-21T08:49:55Z</time>
      <extensions>
        <dbm>-113</dbm>
      </extensions>
    </trkpt>
    <trkpt lat="35.532755" lon="129.050862">
      <ele>913.545455</ele>
      <time>2016-02-21T08:50:03Z</time>
      <extensions>
        <dbm>-113</dbm>
      </extensions>
    </trkpt>
    <trkpt lat="35.532736" lon="129.050774">
      <ele>911.800000</ele>
      <time>2016-02-21T08:50:13Z</time>
      <extensions>
        <dbm>-113</dbm>
      </extensions>
    </trkpt>
    <trkpt lat="35.532718" lon="129.050687">
      <ele>909.100000</ele>
      <time>2016-02-21T08:50:20Z</time>
      <extensions>
        <dbm>-113</dbm>
      </extensions>
    </trkpt>
    <trkpt lat="35.532709" lon="129.050602">
      <ele>906.700000</ele>
      <time>2016-02-21T08:50:28Z</time>
      <extensions>
        <dbm>-113</dbm>
      </extensions>
    </trkpt>
    <trkpt lat="35.532699" lon="129.050520">
      <ele>904.600000</ele>
      <time>2016-02-21T08:50:38Z</time>
      <extensions>
        <dbm>-113</dbm>
      </extensions>
    </trkpt>
    <trkpt lat="35.532682" lon="129.050425">
      <ele>907.000000</ele>
      <time>2016-02-21T08:50:46Z</time>
      <extensions>
        <dbm>-113</dbm>
      </extensions>
    </trkpt>
    <trkpt lat="35.532649" lon="129.050326">
      <ele>909.800000</ele>
      <time>2016-02-21T08:50:53Z</time>
      <extensions>
        <dbm>-113</dbm>
      </extensions>
    </trkpt>
    <trkpt lat="35.532615" lon="129.050228">
      <ele>913.000000</ele>
      <time>2016-02-21T08:51:00Z</time>
      <extensions>
        <dbm>-120</dbm>
      </extensions>
    </trkpt>
    <trkpt lat="35.532570" lon="129.050142">
      <ele>912.600000</ele>
      <time>2016-02-21T08:51:10Z</time>
      <extensions>
        <dbm>-120</dbm>
      </extensions>
    </trkpt>
    <trkpt lat="35.532528" lon="129.050059">
      <ele>908.300000</ele>
      <time>2016-02-21T08:51:18Z</time>
      <extensions>
        <dbm>-120</dbm>
      </extensions>
    </trkpt>
    <trkpt lat="35.532481" lon="129.049980">
      <ele>904.100000</ele>
      <time>2016-02-21T08:51:25Z</time>
      <extensions>
        <dbm>-120</dbm>
      </extensions>
    </trkpt>
    <trkpt lat="35.532436" lon="129.049909">
      <ele>901.000000</ele>
      <time>2016-02-21T08:51:31Z</time>
      <extensions>
        <dbm>-120</dbm>
      </extensions>
    </trkpt>
    <trkpt lat="35.532390" lon="129.049833">
      <ele>898.200000</ele>
      <time>2016-02-21T08:51:38Z</time>
      <extensions>
        <dbm>-120</dbm>
      </extensions>
    </trkpt>
    <trkpt lat="35.532340" lon="129.049745">
      <ele>896.100000</ele>
      <time>2016-02-21T08:51:46Z</time>
      <extensions>
        <dbm>-120</dbm>
      </extensions>
    </trkpt>
    <trkpt lat="35.532294" lon="129.049644">
      <ele>894.181818</ele>
      <time>2016-02-21T08:51:54Z</time>
      <extensions>
        <dbm>-120</dbm>
      </extensions>
    </trkpt>
    <trkpt lat="35.532259" lon="129.049542">
      <ele>891.272727</ele>
      <time>2016-02-21T08:52:02Z</time>
      <extensions>
        <dbm>-120</dbm>
      </extensions>
    </trkpt>
    <trkpt lat="35.532231" lon="129.049442">
      <ele>895.181818</ele>
      <time>2016-02-21T08:52:11Z</time>
      <extensions>
        <dbm>-120</dbm>
      </extensions>
    </trkpt>
    <trkpt lat="35.532206" lon="129.049351">
      <ele>898.750000</ele>
      <time>2016-02-21T08:52:21Z</time>
      <extensions>
        <dbm>-113</dbm>
      </extensions>
    </trkpt>
    <trkpt lat="35.532178" lon="129.049271">
      <ele>903.083333</ele>
      <time>2016-02-21T08:52:28Z</time>
      <extensions>
        <dbm>-113</dbm>
      </extensions>
    </trkpt>
    <trkpt lat="35.532149" lon="129.049194">
      <ele>898.750000</ele>
      <time>2016-02-21T08:52:39Z</time>
      <extensions>
        <dbm>-113</dbm>
      </extensions>
    </trkpt>
    <trkpt lat="35.532109" lon="129.049128">
      <ele>893.500000</ele>
      <time>2016-02-21T08:52:51Z</time>
      <extensions>
        <dbm>-113</dbm>
      </extensions>
    </trkpt>
    <trkpt lat="35.532063" lon="129.049067">
      <ele>889.583333</ele>
      <time>2016-02-21T08:53:01Z</time>
      <extensions>
        <dbm>-120</dbm>
      </extensions>
    </trkpt>
    <trkpt lat="35.532016" lon="129.049001">
      <ele>882.545455</ele>
      <time>2016-02-21T08:53:08Z</time>
      <extensions>
        <dbm>-113</dbm>
      </extensions>
    </trkpt>
    <trkpt lat="35.531988" lon="129.048902">
      <ele>880.545455</ele>
      <time>2016-02-21T08:53:17Z</time>
      <extensions>
        <dbm>-113</dbm>
      </extensions>
    </trkpt>
    <trkpt lat="35.531966" lon="129.048783">
      <ele>880.600000</ele>
      <time>2016-02-21T08:53:28Z</time>
      <extensions>
        <dbm>-120</dbm>
      </extensions>
    </trkpt>
    <trkpt lat="35.531958" lon="129.048668">
      <ele>873.000000</ele>
      <time>2016-02-21T08:53:38Z</time>
      <extensions>
        <dbm>-120</dbm>
      </extensions>
    </trkpt>
    <trkpt lat="35.531951" lon="129.048570">
      <ele>868.800000</ele>
      <time>2016-02-21T08:53:47Z</time>
      <extensions>
        <dbm>-120</dbm>
      </extensions>
    </trkpt>
    <trkpt lat="35.531937" lon="129.048472">
      <ele>865.000000</ele>
      <time>2016-02-21T08:53:58Z</time>
      <extensions>
        <dbm>-120</dbm>
      </extensions>
    </trkpt>
    <trkpt lat="35.531927" lon="129.048374">
      <ele>861.000000</ele>
      <time>2016-02-21T08:54:13Z</time>
      <extensions>
        <dbm>-120</dbm>
      </extensions>
    </trkpt>
    <trkpt lat="35.531927" lon="129.048265">
      <ele>857.500000</ele>
      <time>2016-02-21T08:54:20Z</time>
      <extensions>
        <dbm>-120</dbm>
      </extensions>
    </trkpt>
    <trkpt lat="35.531938" lon="129.048155">
      <ele>853.800000</ele>
      <time>2016-02-21T08:54:28Z</time>
      <extensions>
        <dbm>-120</dbm>
      </extensions>
    </trkpt>
    <trkpt lat="35.531939" lon="129.048040">
      <ele>849.900000</ele>
      <time>2016-02-21T08:54:37Z</time>
      <extensions>
        <dbm>-120</dbm>
      </extensions>
    </trkpt>
    <trkpt lat="35.531933" lon="129.047931">
      <ele>846.900000</ele>
      <time>2016-02-21T08:54:47Z</time>
      <extensions>
        <dbm>-120</dbm>
      </extensions>
    </trkpt>
    <trkpt lat="35.531930" lon="129.047836">
      <ele>844.000000</ele>
      <time>2016-02-21T08:55:00Z</time>
      <extensions>
        <dbm>-120</dbm>
      </extensions>
    </trkpt>
    <trkpt lat="35.531928" lon="129.047745">
      <ele>840.500000</ele>
      <time>2016-02-21T08:55:09Z</time>
      <extensions>
        <dbm>-120</dbm>
      </extensions>
    </trkpt>
    <trkpt lat="35.531920" lon="129.047649">
      <ele>835.800000</ele>
      <time>2016-02-21T08:55:19Z</time>
      <extensions>
        <dbm>-120</dbm>
      </extensions>
    </trkpt>
    <trkpt lat="35.531906" lon="129.047542">
      <ele>831.500000</ele>
      <time>2016-02-21T08:55:28Z</time>
      <extensions>
        <dbm>-120</dbm>
      </extensions>
    </trkpt>
    <trkpt lat="35.531892" lon="129.047422">
      <ele>826.454545</ele>
      <time>2016-02-21T08:55:38Z</time>
      <extensions>
        <dbm>-120</dbm>
      </extensions>
    </trkpt>
    <trkpt lat="35.531885" lon="129.047303">
      <ele>823.181818</ele>
      <time>2016-02-21T08:55:48Z</time>
      <extensions>
        <dbm>-120</dbm>
      </extensions>
    </trkpt>
    <trkpt lat="35.531879" lon="129.047182">
      <ele>819.454545</ele>
      <time>2016-02-21T08:55:57Z</time>
      <extensions>
        <dbm>-120</dbm>
      </extensions>
    </trkpt>
    <trkpt lat="35.531863" lon="129.047065">
      <ele>815.818182</ele>
      <time>2016-02-21T08:56:12Z</time>
      <extensions>
        <dbm>-120</dbm>
      </extensions>
    </trkpt>
    <trkpt lat="35.531847" lon="129.046950">
      <ele>813.090909</ele>
      <time>2016-02-21T08:56:19Z</time>
      <extensions>
        <dbm>-120</dbm>
      </extensions>
    </trkpt>
    <trkpt lat="35.531838" lon="129.046842">
      <ele>810.272727</ele>
      <time>2016-02-21T08:56:28Z</time>
      <extensions>
        <dbm>-120</dbm>
      </extensions>
    </trkpt>
    <trkpt lat="35.531835" lon="129.046732">
      <ele>807.272727</ele>
      <time>2016-02-21T08:56:40Z</time>
      <extensions>
        <dbm>-120</dbm>
      </extensions>
    </trkpt>
    <trkpt lat="35.531826" lon="129.046622">
      <ele>804.363636</ele>
      <time>2016-02-21T08:56:51Z</time>
      <extensions>
        <dbm>-120</dbm>
      </extensions>
    </trkpt>
    <trkpt lat="35.531803" lon="129.046511">
      <ele>802.090909</ele>
      <time>2016-02-21T08:56:59Z</time>
      <extensions>
        <dbm>-120</dbm>
      </extensions>
    </trkpt>
    <trkpt lat="35.531776" lon="129.046402">
      <ele>799.909091</ele>
      <time>2016-02-21T08:57:06Z</time>
      <extensions>
        <dbm>-120</dbm>
      </extensions>
    </trkpt>
    <trkpt lat="35.531748" lon="129.046293">
      <ele>797.909091</ele>
      <time>2016-02-21T08:57:15Z</time>
      <extensions>
        <dbm>-120</dbm>
      </extensions>
    </trkpt>
    <trkpt lat="35.531720" lon="129.046178">
      <ele>796.000000</ele>
      <time>2016-02-21T08:57:21Z</time>
      <extensions>
        <dbm>-120</dbm>
      </extensions>
    </trkpt>
    <trkpt lat="35.531684" lon="129.046062">
      <ele>795.272727</ele>
      <time>2016-02-21T08:57:30Z</time>
      <extensions>
        <dbm>-120</dbm>
      </extensions>
    </trkpt>
    <trkpt lat="35.531640" lon="129.045945">
      <ele>795.272727</ele>
      <time>2016-02-21T08:57:39Z</time>
      <extensions>
        <dbm>-120</dbm>
      </extensions>
    </trkpt>
    <trkpt lat="35.531600" lon="129.045828">
      <ele>795.272727</ele>
      <time>2016-02-21T08:57:46Z</time>
      <extensions>
        <dbm>-120</dbm>
      </extensions>
    </trkpt>
    <trkpt lat="35.531551" lon="129.045739">
      <ele>794.800000</ele>
      <time>2016-02-21T08:57:55Z</time>
      <extensions>
        <dbm>-120</dbm>
      </extensions>
    </trkpt>
    <trkpt lat="35.531495" lon="129.045656">
      <ele>795.272727</ele>
      <time>2016-02-21T08:58:12Z</time>
      <extensions>
        <dbm>-120</dbm>
      </extensions>
    </trkpt>
    <trkpt lat="35.531433" lon="129.045578">
      <ele>795.090909</ele>
      <time>2016-02-21T08:58:22Z</time>
      <extensions>
        <dbm>-120</dbm>
      </extensions>
    </trkpt>
    <trkpt lat="35.531383" lon="129.045491">
      <ele>794.272727</ele>
      <time>2016-02-21T08:58:31Z</time>
      <extensions>
        <dbm>-120</dbm>
      </extensions>
    </trkpt>
    <trkpt lat="35.531332" lon="129.045403">
      <ele>793.636364</ele>
      <time>2016-02-21T08:58:39Z</time>
      <extensions>
        <dbm>-120</dbm>
      </extensions>
    </trkpt>
    <trkpt lat="35.531268" lon="129.045330">
      <ele>793.363636</ele>
      <time>2016-02-21T08:58:52Z</time>
      <extensions>
        <dbm>-120</dbm>
      </extensions>
    </trkpt>
    <trkpt lat="35.531212" lon="129.045241">
      <ele>793.000000</ele>
      <time>2016-02-21T08:59:11Z</time>
      <extensions>
        <dbm>-120</dbm>
      </extensions>
    </trkpt>
    <trkpt lat="35.531190" lon="129.045146">
      <ele>792.818182</ele>
      <time>2016-02-21T08:59:36Z</time>
      <extensions>
        <dbm>-120</dbm>
      </extensions>
    </trkpt>
    <trkpt lat="35.531193" lon="129.045038">
      <ele>792.000000</ele>
      <time>2016-02-21T08:59:47Z</time>
      <extensions>
        <dbm>-120</dbm>
      </extensions>
    </trkpt>
    <trkpt lat="35.531205" lon="129.044932">
      <ele>791.363636</ele>
      <time>2016-02-21T08:59:53Z</time>
      <extensions>
        <dbm>-120</dbm>
      </extensions>
    </trkpt>
    <trkpt lat="35.531202" lon="129.044826">
      <ele>790.800000</ele>
      <time>2016-02-21T09:00:02Z</time>
      <extensions>
        <dbm>-120</dbm>
      </extensions>
    </trkpt>
    <trkpt lat="35.531199" lon="129.044719">
      <ele>790.400000</ele>
      <time>2016-02-21T09:00:13Z</time>
      <extensions>
        <dbm>-120</dbm>
      </extensions>
    </trkpt>
    <trkpt lat="35.531204" lon="129.044612">
      <ele>789.800000</ele>
      <time>2016-02-21T09:00:24Z</time>
      <extensions>
        <dbm>-120</dbm>
      </extensions>
    </trkpt>
    <trkpt lat="35.531216" lon="129.044504">
      <ele>788.700000</ele>
      <time>2016-02-21T09:00:33Z</time>
      <extensions>
        <dbm>-120</dbm>
      </extensions>
    </trkpt>
    <trkpt lat="35.531226" lon="129.044391">
      <ele>787.100000</ele>
      <time>2016-02-21T09:00:43Z</time>
      <extensions>
        <dbm>-120</dbm>
      </extensions>
    </trkpt>
    <trkpt lat="35.531241" lon="129.044284">
      <ele>785.400000</ele>
      <time>2016-02-21T09:00:53Z</time>
      <extensions>
        <dbm>-120</dbm>
      </extensions>
    </trkpt>
    <trkpt lat="35.531256" lon="129.044177">
      <ele>782.800000</ele>
      <time>2016-02-21T09:01:03Z</time>
      <extensions>
        <dbm>-120</dbm>
      </extensions>
    </trkpt>
    <trkpt lat="35.531262" lon="129.044073">
      <ele>779.700000</ele>
      <time>2016-02-21T09:01:11Z</time>
      <extensions>
        <dbm>-120</dbm>
      </extensions>
    </trkpt>
    <trkpt lat="35.531246" lon="129.043959">
      <ele>777.200000</ele>
      <time>2016-02-21T09:01:20Z</time>
      <extensions>
        <dbm>-120</dbm>
      </extensions>
    </trkpt>
    <trkpt lat="35.531225" lon="129.043850">
      <ele>774.600000</ele>
      <time>2016-02-21T09:01:29Z</time>
      <extensions>
        <dbm>-120</dbm>
      </extensions>
    </trkpt>
    <trkpt lat="35.531200" lon="129.043746">
      <ele>772.100000</ele>
      <time>2016-02-21T09:01:40Z</time>
      <extensions>
        <dbm>-120</dbm>
      </extensions>
    </trkpt>
    <trkpt lat="35.531159" lon="129.043657">
      <ele>769.700000</ele>
      <time>2016-02-21T09:01:49Z</time>
      <extensions>
        <dbm>-120</dbm>
      </extensions>
    </trkpt>
    <trkpt lat="35.531103" lon="129.043572">
      <ele>767.300000</ele>
      <time>2016-02-21T09:02:00Z</time>
      <extensions>
        <dbm>-120</dbm>
      </extensions>
    </trkpt>
    <trkpt lat="35.531061" lon="129.043491">
      <ele>765.000000</ele>
      <time>2016-02-21T09:02:12Z</time>
      <extensions>
        <dbm>-120</dbm>
      </extensions>
    </trkpt>
    <trkpt lat="35.531043" lon="129.043399">
      <ele>763.100000</ele>
      <time>2016-02-21T09:02:24Z</time>
      <extensions>
        <dbm>-120</dbm>
      </extensions>
    </trkpt>
    <trkpt lat="35.531037" lon="129.043293">
      <ele>761.700000</ele>
      <time>2016-02-21T09:02:33Z</time>
      <extensions>
        <dbm>-120</dbm>
      </extensions>
    </trkpt>
    <trkpt lat="35.531022" lon="129.043181">
      <ele>760.700000</ele>
      <time>2016-02-21T09:02:41Z</time>
      <extensions>
        <dbm>-120</dbm>
      </extensions>
    </trkpt>
    <trkpt lat="35.530998" lon="129.043062">
      <ele>759.400000</ele>
      <time>2016-02-21T09:02:47Z</time>
      <extensions>
        <dbm>-120</dbm>
      </extensions>
    </trkpt>
    <trkpt lat="35.530984" lon="129.042952">
      <ele>758.100000</ele>
      <time>2016-02-21T09:02:55Z</time>
      <extensions>
        <dbm>-120</dbm>
      </extensions>
    </trkpt>
    <trkpt lat="35.530981" lon="129.042840">
      <ele>756.600000</ele>
      <time>2016-02-21T09:03:04Z</time>
      <extensions>
        <dbm>-120</dbm>
      </extensions>
    </trkpt>
    <trkpt lat="35.530978" lon="129.042733">
      <ele>754.800000</ele>
      <time>2016-02-21T09:03:12Z</time>
      <extensions>
        <dbm>-120</dbm>
      </extensions>
    </trkpt>
    <trkpt lat="35.530975" lon="129.042618">
      <ele>753.100000</ele>
      <time>2016-02-21T09:03:19Z</time>
      <extensions>
        <dbm>-120</dbm>
      </extensions>
    </trkpt>
    <trkpt lat="35.530974" lon="129.042511">
      <ele>751.500000</ele>
      <time>2016-02-21T09:03:31Z</time>
      <extensions>
        <dbm>-120</dbm>
      </extensions>
    </trkpt>
    <trkpt lat="35.530974" lon="129.042404">
      <ele>750.000000</ele>
      <time>2016-02-21T09:03:41Z</time>
      <extensions>
        <dbm>-120</dbm>
      </extensions>
    </trkpt>
    <trkpt lat="35.530963" lon="129.042300">
      <ele>748.500000</ele>
      <time>2016-02-21T09:03:48Z</time>
      <extensions>
        <dbm>-120</dbm>
      </extensions>
    </trkpt>
    <trkpt lat="35.530948" lon="129.042191">
      <ele>747.000000</ele>
      <time>2016-02-21T09:03:56Z</time>
      <extensions>
        <dbm>-120</dbm>
      </extensions>
    </trkpt>
    <trkpt lat="35.530939" lon="129.042084">
      <ele>745.500000</ele>
      <time>2016-02-21T09:04:03Z</time>
      <extensions>
        <dbm>-120</dbm>
      </extensions>
    </trkpt>
    <trkpt lat="35.530928" lon="129.041978">
      <ele>744.200000</ele>
      <time>2016-02-21T09:04:10Z</time>
      <extensions>
        <dbm>-120</dbm>
      </extensions>
    </trkpt>
    <trkpt lat="35.530900" lon="129.041873">
      <ele>742.400000</ele>
      <time>2016-02-21T09:04:18Z</time>
      <extensions>
        <dbm>-120</dbm>
      </extensions>
    </trkpt>
    <trkpt lat="35.530871" lon="129.041766">
      <ele>740.900000</ele>
      <time>2016-02-21T09:04:26Z</time>
      <extensions>
        <dbm>-120</dbm>
      </extensions>
    </trkpt>
    <trkpt lat="35.530846" lon="129.041666">
      <ele>739.700000</ele>
      <time>2016-02-21T09:04:34Z</time>
      <extensions>
        <dbm>-120</dbm>
      </extensions>
    </trkpt>
    <trkpt lat="35.530829" lon="129.041573">
      <ele>738.400000</ele>
      <time>2016-02-21T09:04:43Z</time>
      <extensions>
        <dbm>-120</dbm>
      </extensions>
    </trkpt>
    <trkpt lat="35.530795" lon="129.041485">
      <ele>736.900000</ele>
      <time>2016-02-21T09:04:50Z</time>
      <extensions>
        <dbm>-120</dbm>
      </extensions>
    </trkpt>
    <trkpt lat="35.530749" lon="129.041393">
      <ele>735.500000</ele>
      <time>2016-02-21T09:04:58Z</time>
      <extensions>
        <dbm>-120</dbm>
      </extensions>
    </trkpt>
    <trkpt lat="35.530699" lon="129.041290">
      <ele>734.300000</ele>
      <time>2016-02-21T09:05:07Z</time>
      <extensions>
        <dbm>-120</dbm>
      </extensions>
    </trkpt>
    <trkpt lat="35.530649" lon="129.041193">
      <ele>733.200000</ele>
      <time>2016-02-21T09:05:15Z</time>
      <extensions>
        <dbm>-120</dbm>
      </extensions>
    </trkpt>
    <trkpt lat="35.530600" lon="129.041102">
      <ele>731.900000</ele>
      <time>2016-02-21T09:05:23Z</time>
      <extensions>
        <dbm>-120</dbm>
      </extensions>
    </trkpt>
    <trkpt lat="35.530543" lon="129.041019">
      <ele>730.600000</ele>
      <time>2016-02-21T09:05:33Z</time>
      <extensions>
        <dbm>-120</dbm>
      </extensions>
    </trkpt>
    <trkpt lat="35.530486" lon="129.040936">
      <ele>729.900000</ele>
      <time>2016-02-21T09:05:41Z</time>
      <extensions>
        <dbm>-120</dbm>
      </extensions>
    </trkpt>
    <trkpt lat="35.530426" lon="129.040851">
      <ele>729.000000</ele>
      <time>2016-02-21T09:05:53Z</time>
      <extensions>
        <dbm>-120</dbm>
      </extensions>
    </trkpt>
    <trkpt lat="35.530363" lon="129.040771">
      <ele>728.100000</ele>
      <time>2016-02-21T09:06:00Z</time>
      <extensions>
        <dbm>-120</dbm>
      </extensions>
    </trkpt>
    <trkpt lat="35.530305" lon="129.040688">
      <ele>727.000000</ele>
      <time>2016-02-21T09:06:07Z</time>
      <extensions>
        <dbm>-120</dbm>
      </extensions>
    </trkpt>
    <trkpt lat="35.530250" lon="129.040612">
      <ele>726.100000</ele>
      <time>2016-02-21T09:06:19Z</time>
      <extensions>
        <dbm>-120</dbm>
      </extensions>
    </trkpt>
    <trkpt lat="35.530199" lon="129.040533">
      <ele>725.200000</ele>
      <time>2016-02-21T09:06:27Z</time>
      <extensions>
        <dbm>-120</dbm>
      </extensions>
    </trkpt>
    <trkpt lat="35.530144" lon="129.040448">
      <ele>724.300000</ele>
      <time>2016-02-21T09:06:37Z</time>
      <extensions>
        <dbm>-120</dbm>
      </extensions>
    </trkpt>
    <trkpt lat="35.530089" lon="129.040354">
      <ele>723.200000</ele>
      <time>2016-02-21T09:06:47Z</time>
      <extensions>
        <dbm>-120</dbm>
      </extensions>
    </trkpt>
    <trkpt lat="35.530030" lon="129.040249">
      <ele>722.000000</ele>
      <time>2016-02-21T09:06:55Z</time>
      <extensions>
        <dbm>-120</dbm>
      </extensions>
    </trkpt>
    <trkpt lat="35.529994" lon="129.040144">
      <ele>721.100000</ele>
      <time>2016-02-21T09:07:05Z</time>
      <extensions>
        <dbm>-120</dbm>
      </extensions>
    </trkpt>
    <trkpt lat="35.529984" lon="129.040033">
      <ele>719.400000</ele>
      <time>2016-02-21T09:07:22Z</time>
      <extensions>
        <dbm>-120</dbm>
      </extensions>
    </trkpt>
    <trkpt lat="35.530002" lon="129.039910">
      <ele>717.700000</ele>
      <time>2016-02-21T09:07:31Z</time>
      <extensions>
        <dbm>-120</dbm>
      </extensions>
    </trkpt>
    <trkpt lat="35.530030" lon="129.039789">
      <ele>715.454545</ele>
      <time>2016-02-21T09:07:39Z</time>
      <extensions>
        <dbm>-120</dbm>
      </extensions>
    </trkpt>
    <trkpt lat="35.530068" lon="129.039677">
      <ele>713.818182</ele>
      <time>2016-02-21T09:07:45Z</time>
      <extensions>
        <dbm>-120</dbm>
      </extensions>
    </trkpt>
    <trkpt lat="35.530122" lon="129.039592">
      <ele>712.181818</ele>
      <time>2016-02-21T09:07:52Z</time>
      <extensions>
        <dbm>-120</dbm>
      </extensions>
    </trkpt>
    <trkpt lat="35.530173" lon="129.039503">
      <ele>710.545455</ele>
      <time>2016-02-21T09:08:02Z</time>
      <extensions>
        <dbm>-120</dbm>
      </extensions>
    </trkpt>
    <trkpt lat="35.530201" lon="129.039407">
      <ele>708.909091</ele>
      <time>2016-02-21T09:08:07Z</time>
      <extensions>
        <dbm>-120</dbm>
      </extensions>
    </trkpt>
    <trkpt lat="35.530201" lon="129.039297">
      <ele>708.000000</ele>
      <time>2016-02-21T09:08:11Z</time>
      <extensions>
        <dbm>-120</dbm>
      </extensions>
    </trkpt>
    <trkpt lat="35.530179" lon="129.039192">
      <ele>706.600000</ele>
      <time>2016-02-21T09:08:18Z</time>
      <extensions>
        <dbm>-120</dbm>
      </extensions>
    </trkpt>
    <trkpt lat="35.530137" lon="129.039082">
      <ele>704.545455</ele>
      <time>2016-02-21T09:08:25Z</time>
      <extensions>
        <dbm>-120</dbm>
      </extensions>
    </trkpt>
    <trkpt lat="35.530087" lon="129.038979">
      <ele>704.000000</ele>
      <time>2016-02-21T09:08:32Z</time>
      <extensions>
        <dbm>-120</dbm>
      </extensions>
    </trkpt>
    <trkpt lat="35.530020" lon="129.038889">
      <ele>703.000000</ele>
      <time>2016-02-21T09:08:39Z</time>
      <extensions>
        <dbm>-120</dbm>
      </extensions>
    </trkpt>
    <trkpt lat="35.529958" lon="129.038820">
      <ele>701.727273</ele>
      <time>2016-02-21T09:08:54Z</time>
      <extensions>
        <dbm>-120</dbm>
      </extensions>
    </trkpt>
    <trkpt lat="35.529915" lon="129.038750">
      <ele>700.818182</ele>
      <time>2016-02-21T09:09:05Z</time>
      <extensions>
        <dbm>-120</dbm>
      </extensions>
    </trkpt>
    <trkpt lat="35.529896" lon="129.038659">
      <ele>700.300000</ele>
      <time>2016-02-21T09:09:18Z</time>
      <extensions>
        <dbm>-120</dbm>
      </extensions>
    </trkpt>
    <trkpt lat="35.529879" lon="129.038553">
      <ele>699.400000</ele>
      <time>2016-02-21T09:09:27Z</time>
      <extensions>
        <dbm>-120</dbm>
      </extensions>
    </trkpt>
    <trkpt lat="35.529845" lon="129.038448">
      <ele>698.400000</ele>
      <time>2016-02-21T09:09:36Z</time>
      <extensions>
        <dbm>-120</dbm>
      </extensions>
    </trkpt>
    <trkpt lat="35.529805" lon="129.038346">
      <ele>697.200000</ele>
      <time>2016-02-21T09:09:44Z</time>
      <extensions>
        <dbm>-120</dbm>
      </extensions>
    </trkpt>
    <trkpt lat="35.529765" lon="129.038242">
      <ele>695.900000</ele>
      <time>2016-02-21T09:09:52Z</time>
      <extensions>
        <dbm>-120</dbm>
      </extensions>
    </trkpt>
    <trkpt lat="35.529720" lon="129.038142">
      <ele>695.000000</ele>
      <time>2016-02-21T09:10:04Z</time>
      <extensions>
        <dbm>-120</dbm>
      </extensions>
    </trkpt>
    <trkpt lat="35.529671" lon="129.038046">
      <ele>694.000000</ele>
      <time>2016-02-21T09:10:16Z</time>
      <extensions>
        <dbm>-120</dbm>
      </extensions>
    </trkpt>
    <trkpt lat="35.529627" lon="129.037944">
      <ele>692.900000</ele>
      <time>2016-02-21T09:10:23Z</time>
      <extensions>
        <dbm>-120</dbm>
      </extensions>
    </trkpt>
    <trkpt lat="35.529600" lon="129.037846">
      <ele>692.900000</ele>
      <time>2016-02-21T09:10:29Z</time>
      <extensions>
        <dbm>-111</dbm>
      </extensions>
    </trkpt>
    <trkpt lat="35.529574" lon="129.037752">
      <ele>692.900000</ele>
      <time>2016-02-21T09:10:34Z</time>
      <extensions>
        <dbm>-111</dbm>
      </extensions>
    </trkpt>
    <trkpt lat="35.529547" lon="129.037656">
      <ele>693.500000</ele>
      <time>2016-02-21T09:10:42Z</time>
      <extensions>
        <dbm>-111</dbm>
      </extensions>
    </trkpt>
    <trkpt lat="35.529520" lon="129.037560">
      <ele>694.600000</ele>
      <time>2016-02-21T09:10:52Z</time>
      <extensions>
        <dbm>-111</dbm>
      </extensions>
    </trkpt>
    <trkpt lat="35.529506" lon="129.037447">
      <ele>694.200000</ele>
      <time>2016-02-21T09:10:58Z</time>
      <extensions>
        <dbm>-111</dbm>
      </extensions>
    </trkpt>
    <trkpt lat="35.529494" lon="129.037342">
      <ele>693.000000</ele>
      <time>2016-02-21T09:11:08Z</time>
      <extensions>
        <dbm>-111</dbm>
      </extensions>
    </trkpt>
    <trkpt lat="35.529473" lon="129.037228">
      <ele>691.600000</ele>
      <time>2016-02-21T09:11:17Z</time>
      <extensions>
        <dbm>-111</dbm>
      </extensions>
    </trkpt>
    <trkpt lat="35.529443" lon="129.037131">
      <ele>690.500000</ele>
      <time>2016-02-21T09:11:27Z</time>
      <extensions>
        <dbm>-111</dbm>
      </extensions>
    </trkpt>
    <trkpt lat="35.529402" lon="129.037031">
      <ele>690.000000</ele>
      <time>2016-02-21T09:11:34Z</time>
      <extensions>
        <dbm>-111</dbm>
      </extensions>
    </trkpt>
    <trkpt lat="35.529357" lon="129.036934">
      <ele>687.600000</ele>
      <time>2016-02-21T09:11:46Z</time>
      <extensions>
        <dbm>-111</dbm>
      </extensions>
    </trkpt>
    <trkpt lat="35.529299" lon="129.036825">
      <ele>686.700000</ele>
      <time>2016-02-21T09:11:53Z</time>
      <extensions>
        <dbm>-111</dbm>
      </extensions>
    </trkpt>
    <trkpt lat="35.529241" lon="129.036723">
      <ele>685.800000</ele>
      <time>2016-02-21T09:12:03Z</time>
      <extensions>
        <dbm>-111</dbm>
      </extensions>
    </trkpt>
    <trkpt lat="35.529180" lon="129.036621">
      <ele>685.200000</ele>
      <time>2016-02-21T09:12:09Z</time>
      <extensions>
        <dbm>-111</dbm>
      </extensions>
    </trkpt>
    <trkpt lat="35.529121" lon="129.036528">
      <ele>684.000000</ele>
      <time>2016-02-21T09:12:19Z</time>
      <extensions>
        <dbm>-111</dbm>
      </extensions>
    </trkpt>
    <trkpt lat="35.529065" lon="129.036432">
      <ele>682.636364</ele>
      <time>2016-02-21T09:12:32Z</time>
      <extensions>
        <dbm>-111</dbm>
      </extensions>
    </trkpt>
    <trkpt lat="35.529010" lon="129.036338">
      <ele>681.272727</ele>
      <time>2016-02-21T09:12:41Z</time>
      <extensions>
        <dbm>-111</dbm>
      </extensions>
    </trkpt>
    <trkpt lat="35.528965" lon="129.036244">
      <ele>679.636364</ele>
      <time>2016-02-21T09:12:49Z</time>
      <extensions>
        <dbm>-111</dbm>
      </extensions>
    </trkpt>
    <trkpt lat="35.528932" lon="129.036144">
      <ele>678.600000</ele>
      <time>2016-02-21T09:12:56Z</time>
      <extensions>
        <dbm>-111</dbm>
      </extensions>
    </trkpt>
    <trkpt lat="35.528917" lon="129.036033">
      <ele>676.272727</ele>
      <time>2016-02-21T09:13:04Z</time>
      <extensions>
        <dbm>-111</dbm>
      </extensions>
    </trkpt>
    <trkpt lat="35.528902" lon="129.035918">
      <ele>674.545455</ele>
      <time>2016-02-21T09:13:11Z</time>
      <extensions>
        <dbm>-111</dbm>
      </extensions>
    </trkpt>
    <trkpt lat="35.528883" lon="129.035801">
      <ele>672.818182</ele>
      <time>2016-02-21T09:13:17Z</time>
      <extensions>
        <dbm>-111</dbm>
      </extensions>
    </trkpt>
    <trkpt lat="35.528856" lon="129.035682">
      <ele>670.636364</ele>
      <time>2016-02-21T09:13:24Z</time>
      <extensions>
        <dbm>-111</dbm>
      </extensions>
    </trkpt>
    <trkpt lat="35.528832" lon="129.035558">
      <ele>668.272727</ele>
      <time>2016-02-21T09:13:32Z</time>
      <extensions>
        <dbm>-111</dbm>
      </extensions>
    </trkpt>
    <trkpt lat="35.528820" lon="129.035435">
      <ele>665.909091</ele>
      <time>2016-02-21T09:13:41Z</time>
      <extensions>
        <dbm>-111</dbm>
      </extensions>
    </trkpt>
    <trkpt lat="35.528808" lon="129.035319">
      <ele>662.400000</ele>
      <time>2016-02-21T09:13:48Z</time>
      <extensions>
        <dbm>-111</dbm>
      </extensions>
    </trkpt>
    <trkpt lat="35.528783" lon="129.035200">
      <ele>659.800000</ele>
      <time>2016-02-21T09:13:55Z</time>
      <extensions>
        <dbm>-111</dbm>
      </extensions>
    </trkpt>
    <trkpt lat="35.528744" lon="129.035088">
      <ele>657.200000</ele>
      <time>2016-02-21T09:14:03Z</time>
      <extensions>
        <dbm>-111</dbm>
      </extensions>
    </trkpt>
    <trkpt lat="35.528701" lon="129.034970">
      <ele>654.500000</ele>
      <time>2016-02-21T09:14:09Z</time>
      <extensions>
        <dbm>-111</dbm>
      </extensions>
    </trkpt>
    <trkpt lat="35.528671" lon="129.034854">
      <ele>652.000000</ele>
      <time>2016-02-21T09:14:17Z</time>
      <extensions>
        <dbm>-111</dbm>
      </extensions>
    </trkpt>
    <trkpt lat="35.528633" lon="129.034732">
      <ele>649.700000</ele>
      <time>2016-02-21T09:14:25Z</time>
      <extensions>
        <dbm>-111</dbm>
      </extensions>
    </trkpt>
    <trkpt lat="35.528585" lon="129.034631">
      <ele>647.600000</ele>
      <time>2016-02-21T09:14:34Z</time>
      <extensions>
        <dbm>-111</dbm>
      </extensions>
    </trkpt>
    <trkpt lat="35.528517" lon="129.034545">
      <ele>645.900000</ele>
      <time>2016-02-21T09:14:43Z</time>
      <extensions>
        <dbm>-111</dbm>
      </extensions>
    </trkpt>
    <trkpt lat="35.528457" lon="129.034461">
      <ele>644.500000</ele>
      <time>2016-02-21T09:14:49Z</time>
      <extensions>
        <dbm>-111</dbm>
      </extensions>
    </trkpt>
    <trkpt lat="35.528406" lon="129.034360">
      <ele>643.200000</ele>
      <time>2016-02-21T09:15:01Z</time>
      <extensions>
        <dbm>-111</dbm>
      </extensions>
    </trkpt>
    <trkpt lat="35.528364" lon="129.034251">
      <ele>641.900000</ele>
      <time>2016-02-21T09:15:10Z</time>
      <extensions>
        <dbm>-111</dbm>
      </extensions>
    </trkpt>
    <trkpt lat="35.528312" lon="129.034145">
      <ele>640.600000</ele>
      <time>2016-02-21T09:15:17Z</time>
      <extensions>
        <dbm>-111</dbm>
      </extensions>
    </trkpt>
    <trkpt lat="35.528257" lon="129.034035">
      <ele>639.100000</ele>
      <time>2016-02-21T09:15:26Z</time>
      <extensions>
        <dbm>-111</dbm>
      </extensions>
    </trkpt>
    <trkpt lat="35.528207" lon="129.033923">
      <ele>637.900000</ele>
      <time>2016-02-21T09:15:34Z</time>
      <extensions>
        <dbm>-111</dbm>
      </extensions>
    </trkpt>
    <trkpt lat="35.528168" lon="129.033810">
      <ele>636.700000</ele>
      <time>2016-02-21T09:15:44Z</time>
      <extensions>
        <dbm>-111</dbm>
      </extensions>
    </trkpt>
    <trkpt lat="35.528121" lon="129.033722">
      <ele>635.600000</ele>
      <time>2016-02-21T09:15:56Z</time>
      <extensions>
        <dbm>-111</dbm>
      </extensions>
    </trkpt>
    <trkpt lat="35.528058" lon="129.033652">
      <ele>634.400000</ele>
      <time>2016-02-21T09:16:11Z</time>
      <extensions>
        <dbm>-111</dbm>
      </extensions>
    </trkpt>
    <trkpt lat="35.527980" lon="129.033595">
      <ele>633.400000</ele>
      <time>2016-02-21T09:16:23Z</time>
      <extensions>
        <dbm>-111</dbm>
      </extensions>
    </trkpt>
    <trkpt lat="35.527898" lon="129.033533">
      <ele>632.400000</ele>
      <time>2016-02-21T09:16:39Z</time>
      <extensions>
        <dbm>-111</dbm>
      </extensions>
    </trkpt>
    <trkpt lat="35.527818" lon="129.033476">
      <ele>631.000000</ele>
      <time>2016-02-21T09:16:52Z</time>
      <extensions>
        <dbm>-111</dbm>
      </extensions>
    </trkpt>
    <trkpt lat="35.527731" lon="129.033442">
      <ele>629.909091</ele>
      <time>2016-02-21T09:17:06Z</time>
      <extensions>
        <dbm>-111</dbm>
      </extensions>
    </trkpt>
    <trkpt lat="35.527644" lon="129.033400">
      <ele>628.272727</ele>
      <time>2016-02-21T09:18:02Z</time>
      <extensions>
        <dbm>-111</dbm>
      </extensions>
    </trkpt>
    <trkpt lat="35.527581" lon="129.033338">
      <ele>626.545455</ele>
      <time>2016-02-21T09:21:02Z</time>
      <extensions>
        <dbm>-103</dbm>
      </extensions>
    </trkpt>
    <trkpt lat="35.527553" lon="129.033241">
      <ele>624.818182</ele>
      <time>2016-02-21T09:21:13Z</time>
      <extensions>
        <dbm>-103</dbm>
      </extensions>
    </trkpt>
    <trkpt lat="35.527553" lon="129.033132">
      <ele>623.090909</ele>
      <time>2016-02-21T09:21:21Z</time>
      <extensions>
        <dbm>-103</dbm>
      </extensions>
    </trkpt>
    <trkpt lat="35.527561" lon="129.033023">
      <ele>621.181818</ele>
      <time>2016-02-21T09:21:32Z</time>
      <extensions>
        <dbm>-103</dbm>
      </extensions>
    </trkpt>
    <trkpt lat="35.527564" lon="129.032922">
      <ele>621.181818</ele>
      <time>2016-02-21T09:21:45Z</time>
      <extensions>
        <dbm>-140</dbm>
      </extensions>
    </trkpt>
    <trkpt lat="35.527556" lon="129.032827">
      <ele>622.000000</ele>
      <time>2016-02-21T09:21:53Z</time>
      <extensions>
        <dbm>-140</dbm>
      </extensions>
    </trkpt>
    <trkpt lat="35.527541" lon="129.032733">
      <ele>621.000000</ele>
      <time>2016-02-21T09:22:00Z</time>
      <extensions>
        <dbm>-140</dbm>
      </extensions>
    </trkpt>
    <trkpt lat="35.527536" lon="129.032643">
      <ele>619.400000</ele>
      <time>2016-02-21T09:22:08Z</time>
      <extensions>
        <dbm>-140</dbm>
      </extensions>
    </trkpt>
    <trkpt lat="35.527542" lon="129.032554">
      <ele>617.500000</ele>
      <time>2016-02-21T09:22:16Z</time>
      <extensions>
        <dbm>-140</dbm>
      </extensions>
    </trkpt>
    <trkpt lat="35.527556" lon="129.032463">
      <ele>616.545455</ele>
      <time>2016-02-21T09:22:25Z</time>
      <extensions>
        <dbm>-140</dbm>
      </extensions>
    </trkpt>
    <trkpt lat="35.527566" lon="129.032353">
      <ele>614.454545</ele>
      <time>2016-02-21T09:22:34Z</time>
      <extensions>
        <dbm>-140</dbm>
      </extensions>
    </trkpt>
    <trkpt lat="35.527579" lon="129.032236">
      <ele>612.727273</ele>
      <time>2016-02-21T09:22:46Z</time>
      <extensions>
        <dbm>-140</dbm>
      </extensions>
    </trkpt>
    <trkpt lat="35.527587" lon="129.032126">
      <ele>611.181818</ele>
      <time>2016-02-21T09:22:56Z</time>
      <extensions>
        <dbm>-140</dbm>
      </extensions>
    </trkpt>
    <trkpt lat="35.527595" lon="129.032032">
      <ele>610.181818</ele>
      <time>2016-02-21T09:23:02Z</time>
      <extensions>
        <dbm>-140</dbm>
      </extensions>
    </trkpt>
    <trkpt lat="35.527601" lon="129.031945">
      <ele>608.545455</ele>
      <time>2016-02-21T09:23:10Z</time>
      <extensions>
        <dbm>-140</dbm>
      </extensions>
    </trkpt>
    <trkpt lat="35.527603" lon="129.031847">
      <ele>607.090909</ele>
      <time>2016-02-21T09:23:18Z</time>
      <extensions>
        <dbm>-140</dbm>
      </extensions>
    </trkpt>
    <trkpt lat="35.527592" lon="129.031739">
      <ele>605.272727</ele>
      <time>2016-02-21T09:23:29Z</time>
      <extensions>
        <dbm>-140</dbm>
      </extensions>
    </trkpt>
    <trkpt lat="35.527572" lon="129.031622">
      <ele>603.181818</ele>
      <time>2016-02-21T09:23:36Z</time>
      <extensions>
        <dbm>-140</dbm>
      </extensions>
    </trkpt>
    <trkpt lat="35.527551" lon="129.031507">
      <ele>601.090909</ele>
      <time>2016-02-21T09:23:46Z</time>
      <extensions>
        <dbm>-140</dbm>
      </extensions>
    </trkpt>
    <trkpt lat="35.527542" lon="129.031392">
      <ele>599.545455</ele>
      <time>2016-02-21T09:23:55Z</time>
      <extensions>
        <dbm>-140</dbm>
      </extensions>
    </trkpt>
    <trkpt lat="35.527542" lon="129.031283">
      <ele>597.272727</ele>
      <time>2016-02-21T09:24:05Z</time>
      <extensions>
        <dbm>-140</dbm>
      </extensions>
    </trkpt>
    <trkpt lat="35.527554" lon="129.031180">
      <ele>595.000000</ele>
      <time>2016-02-21T09:24:14Z</time>
      <extensions>
        <dbm>-140</dbm>
      </extensions>
    </trkpt>
    <trkpt lat="35.527572" lon="129.031074">
      <ele>592.636364</ele>
      <time>2016-02-21T09:24:26Z</time>
      <extensions>
        <dbm>-140</dbm>
      </extensions>
    </trkpt>
    <trkpt lat="35.527604" lon="129.030969">
      <ele>590.363636</ele>
      <time>2016-02-21T09:24:39Z</time>
      <extensions>
        <dbm>-140</dbm>
      </extensions>
    </trkpt>
    <trkpt lat="35.527636" lon="129.030857">
      <ele>586.400000</ele>
      <time>2016-02-21T09:24:48Z</time>
      <extensions>
        <dbm>-140</dbm>
      </extensions>
    </trkpt>
    <trkpt lat="35.527673" lon="129.030749">
      <ele>583.500000</ele>
      <time>2016-02-21T09:24:59Z</time>
      <extensions>
        <dbm>-140</dbm>
      </extensions>
    </trkpt>
    <trkpt lat="35.527712" lon="129.030648">
      <ele>580.900000</ele>
      <time>2016-02-21T09:25:09Z</time>
      <extensions>
        <dbm>-140</dbm>
      </extensions>
    </trkpt>
    <trkpt lat="35.527754" lon="129.030545">
      <ele>578.100000</ele>
      <time>2016-02-21T09:25:15Z</time>
      <extensions>
        <dbm>-140</dbm>
      </extensions>
    </trkpt>
    <trkpt lat="35.527793" lon="129.030438">
      <ele>575.300000</ele>
      <time>2016-02-21T09:25:24Z</time>
      <extensions>
        <dbm>-140</dbm>
      </extensions>
    </trkpt>
    <trkpt lat="35.527837" lon="129.030323">
      <ele>571.454545</ele>
      <time>2016-02-21T09:25:39Z</time>
      <extensions>
        <dbm>-140</dbm>
      </extensions>
    </trkpt>
    <trkpt lat="35.527892" lon="129.030233">
      <ele>569.181818</ele>
      <time>2016-02-21T09:25:47Z</time>
      <extensions>
        <dbm>-140</dbm>
      </extensions>
    </trkpt>
    <trkpt lat="35.527961" lon="129.030157">
      <ele>567.000000</ele>
      <time>2016-02-21T09:25:55Z</time>
      <extensions>
        <dbm>-140</dbm>
      </extensions>
    </trkpt>
    <trkpt lat="35.528029" lon="129.030089">
      <ele>565.181818</ele>
      <time>2016-02-21T09:26:04Z</time>
      <extensions>
        <dbm>-140</dbm>
      </extensions>
    </trkpt>
    <trkpt lat="35.528100" lon="129.030017">
      <ele>563.272727</ele>
      <time>2016-02-21T09:26:11Z</time>
      <extensions>
        <dbm>-140</dbm>
      </extensions>
    </trkpt>
    <trkpt lat="35.528175" lon="129.029956">
      <ele>561.636364</ele>
      <time>2016-02-21T09:26:20Z</time>
      <extensions>
        <dbm>-140</dbm>
      </extensions>
    </trkpt>
    <trkpt lat="35.528261" lon="129.029914">
      <ele>560.363636</ele>
      <time>2016-02-21T09:26:28Z</time>
      <extensions>
        <dbm>-140</dbm>
      </extensions>
    </trkpt>
    <trkpt lat="35.528354" lon="129.029887">
      <ele>559.181818</ele>
      <time>2016-02-21T09:26:36Z</time>
      <extensions>
        <dbm>-140</dbm>
      </extensions>
    </trkpt>
    <trkpt lat="35.528449" lon="129.029852">
      <ele>558.454545</ele>
      <time>2016-02-21T09:26:46Z</time>
      <extensions>
        <dbm>-140</dbm>
      </extensions>
    </trkpt>
    <trkpt lat="35.528531" lon="129.029804">
      <ele>557.545455</ele>
      <time>2016-02-21T09:26:56Z</time>
      <extensions>
        <dbm>-140</dbm>
      </extensions>
    </trkpt>
    <trkpt lat="35.528603" lon="129.029730">
      <ele>556.181818</ele>
      <time>2016-02-21T09:27:04Z</time>
      <extensions>
        <dbm>-140</dbm>
      </extensions>
    </trkpt>
    <trkpt lat="35.528671" lon="129.029662">
      <ele>554.909091</ele>
      <time>2016-02-21T09:27:14Z</time>
      <extensions>
        <dbm>-140</dbm>
      </extensions>
    </trkpt>
    <trkpt lat="35.528734" lon="129.029580">
      <ele>553.545455</ele>
      <time>2016-02-21T09:27:54Z</time>
      <extensions>
        <dbm>-140</dbm>
      </extensions>
    </trkpt>
    <trkpt lat="35.528776" lon="129.029496">
      <ele>552.272727</ele>
      <time>2016-02-21T09:28:10Z</time>
      <extensions>
        <dbm>-140</dbm>
      </extensions>
    </trkpt>
    <trkpt lat="35.528801" lon="129.029401">
      <ele>551.090909</ele>
      <time>2016-02-21T09:28:20Z</time>
      <extensions>
        <dbm>-140</dbm>
      </extensions>
    </trkpt>
    <trkpt lat="35.528798" lon="129.029304">
      <ele>550.300000</ele>
      <time>2016-02-21T09:28:43Z</time>
      <extensions>
        <dbm>-140</dbm>
      </extensions>
    </trkpt>
    <trkpt lat="35.528781" lon="129.029207">
      <ele>548.600000</ele>
      <time>2016-02-21T09:28:55Z</time>
      <extensions>
        <dbm>-140</dbm>
      </extensions>
    </trkpt>
    <trkpt lat="35.528750" lon="129.029103">
      <ele>546.700000</ele>
      <time>2016-02-21T09:29:07Z</time>
      <extensions>
        <dbm>-140</dbm>
      </extensions>
    </trkpt>
    <trkpt lat="35.528739" lon="129.029001">
      <ele>545.000000</ele>
      <time>2016-02-21T09:29:19Z</time>
      <extensions>
        <dbm>-140</dbm>
      </extensions>
    </trkpt>
    <trkpt lat="35.528735" lon="129.028900">
      <ele>542.900000</ele>
      <time>2016-02-21T09:29:30Z</time>
      <extensions>
        <dbm>-140</dbm>
      </extensions>
    </trkpt>
    <trkpt lat="35.528718" lon="129.028802">
      <ele>540.200000</ele>
      <time>2016-02-21T09:29:46Z</time>
      <extensions>
        <dbm>-140</dbm>
      </extensions>
    </trkpt>
    <trkpt lat="35.528667" lon="129.028720">
      <ele>537.900000</ele>
      <time>2016-02-21T09:30:03Z</time>
      <extensions>
        <dbm>-140</dbm>
      </extensions>
    </trkpt>
    <trkpt lat="35.528602" lon="129.028640">
      <ele>535.300000</ele>
      <time>2016-02-21T09:30:35Z</time>
      <extensions>
        <dbm>-140</dbm>
      </extensions>
    </trkpt>
    <trkpt lat="35.528533" lon="129.028563">
      <ele>532.400000</ele>
      <time>2016-02-21T09:30:44Z</time>
      <extensions>
        <dbm>-140</dbm>
      </extensions>
    </trkpt>
    <trkpt lat="35.528473" lon="129.028490">
      <ele>528.900000</ele>
      <time>2016-02-21T09:31:00Z</time>
      <extensions>
        <dbm>-140</dbm>
      </extensions>
    </trkpt>
    <trkpt lat="35.528405" lon="129.028431">
      <ele>524.900000</ele>
      <time>2016-02-21T09:31:22Z</time>
      <extensions>
        <dbm>-140</dbm>
      </extensions>
    </trkpt>
    <trkpt lat="35.528367" lon="129.028366">
      <ele>521.100000</ele>
      <time>2016-02-21T09:31:39Z</time>
      <extensions>
        <dbm>-140</dbm>
      </extensions>
    </trkpt>
    <trkpt lat="35.528333" lon="129.028290">
      <ele>519.181818</ele>
      <time>2016-02-21T09:31:49Z</time>
      <extensions>
        <dbm>-140</dbm>
      </extensions>
    </trkpt>
    <trkpt lat="35.528321" lon="129.028202">
      <ele>515.636364</ele>
      <time>2016-02-21T09:32:27Z</time>
      <extensions>
        <dbm>-140</dbm>
      </extensions>
    </trkpt>
    <trkpt lat="35.528297" lon="129.028108">
      <ele>512.000000</ele>
      <time>2016-02-21T09:32:48Z</time>
      <extensions>
        <dbm>-140</dbm>
      </extensions>
    </trkpt>
    <trkpt lat="35.528292" lon="129.027999">
      <ele>508.181818</ele>
      <time>2016-02-21T09:32:59Z</time>
      <extensions>
        <dbm>-140</dbm>
      </extensions>
    </trkpt>
    <trkpt lat="35.528280" lon="129.027873">
      <ele>504.909091</ele>
      <time>2016-02-21T09:33:17Z</time>
      <extensions>
        <dbm>-140</dbm>
      </extensions>
    </trkpt>
    <trkpt lat="35.528252" lon="129.027746">
      <ele>499.200000</ele>
      <time>2016-02-21T09:33:43Z</time>
      <extensions>
        <dbm>-140</dbm>
      </extensions>
    </trkpt>
    <trkpt lat="35.528191" lon="129.027628">
      <ele>492.818182</ele>
      <time>2016-02-21T09:34:02Z</time>
      <extensions>
        <dbm>-140</dbm>
      </extensions>
    </trkpt>
    <trkpt lat="35.528118" lon="129.027532">
      <ele>488.727273</ele>
      <time>2016-02-21T09:34:17Z</time>
      <extensions>
        <dbm>-140</dbm>
      </extensions>
    </trkpt>
    <trkpt lat="35.528067" lon="129.027446">
      <ele>484.545455</ele>
      <time>2016-02-21T09:34:31Z</time>
      <extensions>
        <dbm>-140</dbm>
      </extensions>
    </trkpt>
    <trkpt lat="35.528054" lon="129.027354">
      <ele>482.800000</ele>
      <time>2016-02-21T09:35:06Z</time>
      <extensions>
        <dbm>-140</dbm>
      </extensions>
    </trkpt>
    <trkpt lat="35.528051" lon="129.027258">
      <ele>476.545455</ele>
      <time>2016-02-21T09:35:19Z</time>
      <extensions>
        <dbm>-140</dbm>
      </extensions>
    </trkpt>
    <trkpt lat="35.528039" lon="129.027163">
      <ele>472.636364</ele>
      <time>2016-02-21T09:35:36Z</time>
      <extensions>
        <dbm>-140</dbm>
      </extensions>
    </trkpt>
    <trkpt lat="35.527996" lon="129.027076">
      <ele>468.636364</ele>
      <time>2016-02-21T09:35:59Z</time>
      <extensions>
        <dbm>-140</dbm>
      </extensions>
    </trkpt>
    <trkpt lat="35.527958" lon="129.026998">
      <ele>464.363636</ele>
      <time>2016-02-21T09:36:21Z</time>
      <extensions>
        <dbm>-140</dbm>
      </extensions>
    </trkpt>
    <trkpt lat="35.527907" lon="129.026923">
      <ele>461.900000</ele>
      <time>2016-02-21T09:36:44Z</time>
      <extensions>
        <dbm>-140</dbm>
      </extensions>
    </trkpt>
    <trkpt lat="35.527867" lon="129.026853">
      <ele>457.800000</ele>
      <time>2016-02-21T09:36:59Z</time>
      <extensions>
        <dbm>-140</dbm>
      </extensions>
    </trkpt>
    <trkpt lat="35.527820" lon="129.026773">
      <ele>454.200000</ele>
      <time>2016-02-21T09:37:20Z</time>
      <extensions>
        <dbm>-140</dbm>
      </extensions>
    </trkpt>
    <trkpt lat="35.527791" lon="129.026685">
      <ele>450.300000</ele>
      <time>2016-02-21T09:37:37Z</time>
      <extensions>
        <dbm>-140</dbm>
      </extensions>
    </trkpt>
    <trkpt lat="35.527777" lon="129.026583">
      <ele>446.500000</ele>
      <time>2016-02-21T09:37:49Z</time>
      <extensions>
        <dbm>-140</dbm>
      </extensions>
    </trkpt>
    <trkpt lat="35.527769" lon="129.026478">
      <ele>439.363636</ele>
      <time>2016-02-21T09:37:58Z</time>
      <extensions>
        <dbm>-140</dbm>
      </extensions>
    </trkpt>
    <trkpt lat="35.527746" lon="129.026374">
      <ele>434.272727</ele>
      <time>2016-02-21T09:38:13Z</time>
      <extensions>
        <dbm>-140</dbm>
      </extensions>
    </trkpt>
    <trkpt lat="35.527697" lon="129.026288">
      <ele>429.090909</ele>
      <time>2016-02-21T09:38:29Z</time>
      <extensions>
        <dbm>-140</dbm>
      </extensions>
    </trkpt>
    <trkpt lat="35.527624" lon="129.026243">
      <ele>423.454545</ele>
      <time>2016-02-21T09:39:11Z</time>
      <extensions>
        <dbm>-140</dbm>
      </extensions>
    </trkpt>
    <trkpt lat="35.527544" lon="129.026215">
      <ele>417.909091</ele>
      <time>2016-02-21T09:39:24Z</time>
      <extensions>
        <dbm>-140</dbm>
      </extensions>
    </trkpt>
    <trkpt lat="35.527469" lon="129.026234">
      <ele>415.300000</ele>
      <time>2016-02-21T09:39:49Z</time>
      <extensions>
        <dbm>-80</dbm>
      </extensions>
    </trkpt>
    <trkpt lat="35.527402" lon="129.026242">
      <ele>410.300000</ele>
      <time>2016-02-21T09:40:58Z</time>
      <extensions>
        <dbm>-100</dbm>
      </extensions>
    </trkpt>
    <trkpt lat="35.527334" lon="129.026240">
      <ele>405.500000</ele>
      <time>2016-02-21T09:42:01Z</time>
      <extensions>
        <dbm>-100</dbm>
      </extensions>
    </trkpt>
    <trkpt lat="35.527261" lon="129.026187">
      <ele>401.600000</ele>
      <time>2016-02-21T09:42:14Z</time>
      <extensions>
        <dbm>-100</dbm>
      </extensions>
    </trkpt>
    <trkpt lat="35.527183" lon="129.026126">
      <ele>397.700000</ele>
      <time>2016-02-21T09:42:25Z</time>
      <extensions>
        <dbm>-100</dbm>
      </extensions>
    </trkpt>
    <trkpt lat="35.527109" lon="129.026063">
      <ele>395.000000</ele>
      <time>2016-02-21T09:42:35Z</time>
      <extensions>
        <dbm>-100</dbm>
      </extensions>
    </trkpt>
    <trkpt lat="35.527031" lon="129.025995">
      <ele>392.600000</ele>
      <time>2016-02-21T09:42:45Z</time>
      <extensions>
        <dbm>-100</dbm>
      </extensions>
    </trkpt>
    <trkpt lat="35.526960" lon="129.025924">
      <ele>390.900000</ele>
      <time>2016-02-21T09:42:53Z</time>
      <extensions>
        <dbm>-100</dbm>
      </extensions>
    </trkpt>
    <trkpt lat="35.526881" lon="129.025848">
      <ele>389.300000</ele>
      <time>2016-02-21T09:42:58Z</time>
      <extensions>
        <dbm>-100</dbm>
      </extensions>
    </trkpt>
    <trkpt lat="35.526806" lon="129.025773">
      <ele>388.700000</ele>
      <time>2016-02-21T09:43:04Z</time>
      <extensions>
        <dbm>-100</dbm>
      </extensions>
    </trkpt>
    <trkpt lat="35.526739" lon="129.025685">
      <ele>388.100000</ele>
      <time>2016-02-21T09:43:13Z</time>
      <extensions>
        <dbm>-100</dbm>
      </extensions>
    </trkpt>
    <trkpt lat="35.526687" lon="129.025589">
      <ele>387.600000</ele>
      <time>2016-02-21T09:43:25Z</time>
      <extensions>
        <dbm>-100</dbm>
      </extensions>
    </trkpt>
    <trkpt lat="35.526635" lon="129.025493">
      <ele>387.200000</ele>
      <time>2016-02-21T09:43:33Z</time>
      <extensions>
        <dbm>-100</dbm>
      </extensions>
    </trkpt>
    <trkpt lat="35.526574" lon="129.025409">
      <ele>386.900000</ele>
      <time>2016-02-21T09:43:41Z</time>
      <extensions>
        <dbm>-100</dbm>
      </extensions>
    </trkpt>
    <trkpt lat="35.526498" lon="129.025336">
      <ele>386.900000</ele>
      <time>2016-02-21T09:43:48Z</time>
      <extensions>
        <dbm>-100</dbm>
      </extensions>
    </trkpt>
    <trkpt lat="35.526423" lon="129.025265">
      <ele>386.700000</ele>
      <time>2016-02-21T09:43:59Z</time>
      <extensions>
        <dbm>-100</dbm>
      </extensions>
    </trkpt>
    <trkpt lat="35.526349" lon="129.025184">
      <ele>386.500000</ele>
      <time>2016-02-21T09:44:06Z</time>
      <extensions>
        <dbm>-100</dbm>
      </extensions>
    </trkpt>
    <trkpt lat="35.526278" lon="129.025096">
      <ele>386.400000</ele>
      <time>2016-02-21T09:44:14Z</time>
      <extensions>
        <dbm>-100</dbm>
      </extensions>
    </trkpt>
    <trkpt lat="35.526218" lon="129.025003">
      <ele>385.818182</ele>
      <time>2016-02-21T09:44:23Z</time>
      <extensions>
        <dbm>-100</dbm>
      </extensions>
    </trkpt>
    <trkpt lat="35.526145" lon="129.024930">
      <ele>385.272727</ele>
      <time>2016-02-21T09:44:32Z</time>
      <extensions>
        <dbm>-100</dbm>
      </extensions>
    </trkpt>
    <trkpt lat="35.526079" lon="129.024859">
      <ele>384.727273</ele>
      <time>2016-02-21T09:44:43Z</time>
      <extensions>
        <dbm>-100</dbm>
      </extensions>
    </trkpt>
    <trkpt lat="35.526009" lon="129.024790">
      <ele>384.454545</ele>
      <time>2016-02-21T09:44:52Z</time>
      <extensions>
        <dbm>-100</dbm>
      </extensions>
    </trkpt>
    <trkpt lat="35.525956" lon="129.024705">
      <ele>383.909091</ele>
      <time>2016-02-21T09:45:01Z</time>
      <extensions>
        <dbm>-100</dbm>
      </extensions>
    </trkpt>
    <trkpt lat="35.525906" lon="129.024608">
      <ele>383.636364</ele>
      <time>2016-02-21T09:45:09Z</time>
      <extensions>
        <dbm>-100</dbm>
      </extensions>
    </trkpt>
    <trkpt lat="35.525868" lon="129.024504">
      <ele>383.363636</ele>
      <time>2016-02-21T09:45:17Z</time>
      <extensions>
        <dbm>-100</dbm>
      </extensions>
    </trkpt>
    <trkpt lat="35.525833" lon="129.024396">
      <ele>383.272727</ele>
      <time>2016-02-21T09:45:23Z</time>
      <extensions>
        <dbm>-100</dbm>
      </extensions>
    </trkpt>
    <trkpt lat="35.525802" lon="129.024293">
      <ele>382.636364</ele>
      <time>2016-02-21T09:45:30Z</time>
      <extensions>
        <dbm>-100</dbm>
      </extensions>
    </trkpt>
    <trkpt lat="35.525757" lon="129.024196">
      <ele>381.363636</ele>
      <time>2016-02-21T09:45:38Z</time>
      <extensions>
        <dbm>-100</dbm>
      </extensions>
    </trkpt>
    <trkpt lat="35.525719" lon="129.024095">
      <ele>379.818182</ele>
      <time>2016-02-21T09:45:46Z</time>
      <extensions>
        <dbm>-100</dbm>
      </extensions>
    </trkpt>
    <trkpt lat="35.525700" lon="129.023985">
      <ele>378.181818</ele>
      <time>2016-02-21T09:45:56Z</time>
      <extensions>
        <dbm>-100</dbm>
      </extensions>
    </trkpt>
    <trkpt lat="35.525703" lon="129.023863">
      <ele>376.454545</ele>
      <time>2016-02-21T09:46:03Z</time>
      <extensions>
        <dbm>-100</dbm>
      </extensions>
    </trkpt>
    <trkpt lat="35.525720" lon="129.023738">
      <ele>374.636364</ele>
      <time>2016-02-21T09:46:11Z</time>
      <extensions>
        <dbm>-100</dbm>
      </extensions>
    </trkpt>
    <trkpt lat="35.525720" lon="129.023621">
      <ele>372.909091</ele>
      <time>2016-02-21T09:46:19Z</time>
      <extensions>
        <dbm>-100</dbm>
      </extensions>
    </trkpt>
    <trkpt lat="35.525706" lon="129.023518">
      <ele>371.090909</ele>
      <time>2016-02-21T09:46:31Z</time>
      <extensions>
        <dbm>-100</dbm>
      </extensions>
    </trkpt>
    <trkpt lat="35.525673" lon="129.023416">
      <ele>369.636364</ele>
      <time>2016-02-21T09:46:45Z</time>
      <extensions>
        <dbm>-100</dbm>
      </extensions>
    </trkpt>
    <trkpt lat="35.525633" lon="129.023315">
      <ele>368.454545</ele>
      <time>2016-02-21T09:46:56Z</time>
      <extensions>
        <dbm>-100</dbm>
      </extensions>
    </trkpt>
    <trkpt lat="35.525587" lon="129.023211">
      <ele>367.636364</ele>
      <time>2016-02-21T09:47:07Z</time>
      <extensions>
        <dbm>-100</dbm>
      </extensions>
    </trkpt>
    <trkpt lat="35.525543" lon="129.023114">
      <ele>367.300000</ele>
      <time>2016-02-21T09:47:18Z</time>
      <extensions>
        <dbm>-100</dbm>
      </extensions>
    </trkpt>
    <trkpt lat="35.525491" lon="129.023029">
      <ele>366.181818</ele>
      <time>2016-02-21T09:47:44Z</time>
      <extensions>
        <dbm>-60</dbm>
      </extensions>
    </trkpt>
    <trkpt lat="35.525424" lon="129.022959">
      <ele>365.800000</ele>
      <time>2016-02-21T09:48:02Z</time>
      <extensions>
        <dbm>-53</dbm>
      </extensions>
    </trkpt>
    <trkpt lat="35.525358" lon="129.022883">
      <ele>364.090909</ele>
      <time>2016-02-21T09:48:13Z</time>
      <extensions>
        <dbm>-52</dbm>
      </extensions>
    </trkpt>
    <trkpt lat="35.525315" lon="129.022781">
      <ele>363.090909</ele>
      <time>2016-02-21T09:48:22Z</time>
      <extensions>
        <dbm>-53</dbm>
      </extensions>
    </trkpt>
    <trkpt lat="35.525296" lon="129.022660">
      <ele>363.000000</ele>
      <time>2016-02-21T09:48:32Z</time>
      <extensions>
        <dbm>-60</dbm>
      </extensions>
    </trkpt>
    <trkpt lat="35.525283" lon="129.022533">
      <ele>362.500000</ele>
      <time>2016-02-21T09:48:38Z</time>
      <extensions>
        <dbm>-61</dbm>
      </extensions>
    </trkpt>
    <trkpt lat="35.525255" lon="129.022421">
      <ele>362.000000</ele>
      <time>2016-02-21T09:48:45Z</time>
      <extensions>
        <dbm>-65</dbm>
      </extensions>
    </trkpt>
    <trkpt lat="35.525204" lon="129.022324">
      <ele>362.200000</ele>
      <time>2016-02-21T09:48:55Z</time>
      <extensions>
        <dbm>-70</dbm>
      </extensions>
    </trkpt>
    <trkpt lat="35.525151" lon="129.022239">
      <ele>361.700000</ele>
      <time>2016-02-21T09:49:08Z</time>
      <extensions>
        <dbm>-67</dbm>
      </extensions>
    </trkpt>
    <trkpt lat="35.525104" lon="129.022144">
      <ele>360.545455</ele>
      <time>2016-02-21T09:49:18Z</time>
      <extensions>
        <dbm>-63</dbm>
      </extensions>
    </trkpt>
    <trkpt lat="35.525069" lon="129.022035">
      <ele>360.100000</ele>
      <time>2016-02-21T09:49:29Z</time>
      <extensions>
        <dbm>-61</dbm>
      </extensions>
    </trkpt>
    <trkpt lat="35.525020" lon="129.021926">
      <ele>359.400000</ele>
      <time>2016-02-21T09:49:37Z</time>
      <extensions>
        <dbm>-70</dbm>
      </extensions>
    </trkpt>
    <trkpt lat="35.524965" lon="129.021822">
      <ele>358.545455</ele>
      <time>2016-02-21T09:49:47Z</time>
      <extensions>
        <dbm>-64</dbm>
      </extensions>
    </trkpt>
    <trkpt lat="35.524898" lon="129.021727">
      <ele>358.090909</ele>
      <time>2016-02-21T09:49:57Z</time>
      <extensions>
        <dbm>-69</dbm>
      </extensions>
    </trkpt>
    <trkpt lat="35.524842" lon="129.021629">
      <ele>357.818182</ele>
      <time>2016-02-21T09:50:06Z</time>
      <extensions>
        <dbm>-66</dbm>
      </extensions>
    </trkpt>
    <trkpt lat="35.524787" lon="129.021538">
      <ele>358.000000</ele>
      <time>2016-02-21T09:50:15Z</time>
      <extensions>
        <dbm>-65</dbm>
      </extensions>
    </trkpt>
    <trkpt lat="35.524746" lon="129.021442">
      <ele>358.000000</ele>
      <time>2016-02-21T09:50:24Z</time>
      <extensions>
        <dbm>-67</dbm>
      </extensions>
    </trkpt>
    <trkpt lat="35.524702" lon="129.021351">
      <ele>357.727273</ele>
      <time>2016-02-21T09:50:33Z</time>
      <extensions>
        <dbm>-69</dbm>
      </extensions>
    </trkpt>
    <trkpt lat="35.524652" lon="129.021263">
      <ele>357.272727</ele>
      <time>2016-02-21T09:50:41Z</time>
      <extensions>
        <dbm>-66</dbm>
      </extensions>
    </trkpt>
    <trkpt lat="35.524581" lon="129.021195">
      <ele>357.181818</ele>
      <time>2016-02-21T09:50:50Z</time>
      <extensions>
        <dbm>-78</dbm>
      </extensions>
    </trkpt>
    <trkpt lat="35.524513" lon="129.021123">
      <ele>356.909091</ele>
      <time>2016-02-21T09:50:58Z</time>
      <extensions>
        <dbm>-79</dbm>
      </extensions>
    </trkpt>
    <trkpt lat="35.524449" lon="129.021050">
      <ele>356.363636</ele>
      <time>2016-02-21T09:51:09Z</time>
      <extensions>
        <dbm>-79</dbm>
      </extensions>
    </trkpt>
    <trkpt lat="35.524401" lon="129.020958">
      <ele>355.727273</ele>
      <time>2016-02-21T09:51:19Z</time>
      <extensions>
        <dbm>-79</dbm>
      </extensions>
    </trkpt>
    <trkpt lat="35.524345" lon="129.020870">
      <ele>355.300000</ele>
      <time>2016-02-21T09:51:26Z</time>
      <extensions>
        <dbm>-79</dbm>
      </extensions>
    </trkpt>
    <trkpt lat="35.524292" lon="129.020778">
      <ele>354.500000</ele>
      <time>2016-02-21T09:51:37Z</time>
      <extensions>
        <dbm>-79</dbm>
      </extensions>
    </trkpt>
    <trkpt lat="35.524247" lon="129.020681">
      <ele>353.600000</ele>
      <time>2016-02-21T09:51:49Z</time>
      <extensions>
        <dbm>-79</dbm>
      </extensions>
    </trkpt>
    <trkpt lat="35.524219" lon="129.020575">
      <ele>352.363636</ele>
      <time>2016-02-21T09:52:00Z</time>
      <extensions>
        <dbm>-79</dbm>
      </extensions>
    </trkpt>
    <trkpt lat="35.524214" lon="129.020460">
      <ele>351.545455</ele>
      <time>2016-02-21T09:52:06Z</time>
      <extensions>
        <dbm>-79</dbm>
      </extensions>
    </trkpt>
    <trkpt lat="35.524216" lon="129.020339">
      <ele>351.100000</ele>
      <time>2016-02-21T09:52:12Z</time>
      <extensions>
        <dbm>-79</dbm>
      </extensions>
    </trkpt>
    <trkpt lat="35.524223" lon="129.020221">
      <ele>350.100000</ele>
      <time>2016-02-21T09:52:19Z</time>
      <extensions>
        <dbm>-79</dbm>
      </extensions>
    </trkpt>
    <trkpt lat="35.524225" lon="129.020095">
      <ele>348.900000</ele>
      <time>2016-02-21T09:52:28Z</time>
      <extensions>
        <dbm>-79</dbm>
      </extensions>
    </trkpt>
    <trkpt lat="35.524225" lon="129.019972">
      <ele>347.900000</ele>
      <time>2016-02-21T09:52:38Z</time>
      <extensions>
        <dbm>-79</dbm>
      </extensions>
    </trkpt>
    <trkpt lat="35.524217" lon="129.019848">
      <ele>347.200000</ele>
      <time>2016-02-21T09:52:47Z</time>
      <extensions>
        <dbm>-79</dbm>
      </extensions>
    </trkpt>
    <trkpt lat="35.524204" lon="129.019725">
      <ele>346.700000</ele>
      <time>2016-02-21T09:52:55Z</time>
      <extensions>
        <dbm>-79</dbm>
      </extensions>
    </trkpt>
    <trkpt lat="35.524188" lon="129.019599">
      <ele>345.636364</ele>
      <time>2016-02-21T09:53:05Z</time>
      <extensions>
        <dbm>-79</dbm>
      </extensions>
    </trkpt>
    <trkpt lat="35.524171" lon="129.019465">
      <ele>345.000000</ele>
      <time>2016-02-21T09:53:13Z</time>
      <extensions>
        <dbm>-79</dbm>
      </extensions>
    </trkpt>
    <trkpt lat="35.524146" lon="129.019330">
      <ele>344.454545</ele>
      <time>2016-02-21T09:53:20Z</time>
      <extensions>
        <dbm>-79</dbm>
      </extensions>
    </trkpt>
    <trkpt lat="35.524116" lon="129.019196">
      <ele>343.300000</ele>
      <time>2016-02-21T09:53:29Z</time>
      <extensions>
        <dbm>-79</dbm>
      </extensions>
    </trkpt>
    <trkpt lat="35.524070" lon="129.019094">
      <ele>343.000000</ele>
      <time>2016-02-21T09:53:36Z</time>
      <extensions>
        <dbm>-79</dbm>
      </extensions>
    </trkpt>
    <trkpt lat="35.524000" lon="129.019020">
      <ele>343.000000</ele>
      <time>2016-02-21T09:53:42Z</time>
      <extensions>
        <dbm>-79</dbm>
      </extensions>
    </trkpt>
    <trkpt lat="35.523913" lon="129.018963">
      <ele>343.200000</ele>
      <time>2016-02-21T09:53:50Z</time>
      <extensions>
        <dbm>-79</dbm>
      </extensions>
    </trkpt>
    <trkpt lat="35.523820" lon="129.018911">
      <ele>343.200000</ele>
      <time>2016-02-21T09:53:58Z</time>
      <extensions>
        <dbm>-79</dbm>
      </extensions>
    </trkpt>
    <trkpt lat="35.523730" lon="129.018853">
      <ele>343.100000</ele>
      <time>2016-02-21T09:54:04Z</time>
      <extensions>
        <dbm>-79</dbm>
      </extensions>
    </trkpt>
    <trkpt lat="35.523644" lon="129.018791">
      <ele>343.100000</ele>
      <time>2016-02-21T09:54:13Z</time>
      <extensions>
        <dbm>-79</dbm>
      </extensions>
    </trkpt>
    <trkpt lat="35.523569" lon="129.018699">
      <ele>343.300000</ele>
      <time>2016-02-21T09:54:21Z</time>
      <extensions>
        <dbm>-79</dbm>
      </extensions>
    </trkpt>
    <trkpt lat="35.523508" lon="129.018587">
      <ele>343.700000</ele>
      <time>2016-02-21T09:54:28Z</time>
      <extensions>
        <dbm>-79</dbm>
      </extensions>
    </trkpt>
    <trkpt lat="35.523463" lon="129.018466">
      <ele>343.900000</ele>
      <time>2016-02-21T09:54:35Z</time>
      <extensions>
        <dbm>-79</dbm>
      </extensions>
    </trkpt>
    <trkpt lat="35.523427" lon="129.018350">
      <ele>344.100000</ele>
      <time>2016-02-21T09:54:40Z</time>
      <extensions>
        <dbm>-79</dbm>
      </extensions>
    </trkpt>
    <trkpt lat="35.523398" lon="129.018236">
      <ele>344.400000</ele>
      <time>2016-02-21T09:54:46Z</time>
      <extensions>
        <dbm>-79</dbm>
      </extensions>
    </trkpt>
    <trkpt lat="35.523352" lon="129.018132">
      <ele>344.800000</ele>
      <time>2016-02-21T09:54:53Z</time>
      <extensions>
        <dbm>-79</dbm>
      </extensions>
    </trkpt>
    <trkpt lat="35.523291" lon="129.018043">
      <ele>345.000000</ele>
      <time>2016-02-21T09:55:03Z</time>
      <extensions>
        <dbm>-79</dbm>
      </extensions>
    </trkpt>
    <trkpt lat="35.523209" lon="129.017983">
      <ele>344.700000</ele>
      <time>2016-02-21T09:55:11Z</time>
      <extensions>
        <dbm>-79</dbm>
      </extensions>
    </trkpt>
    <trkpt lat="35.523121" lon="129.017932">
      <ele>344.700000</ele>
      <time>2016-02-21T09:55:19Z</time>
      <extensions>
        <dbm>-79</dbm>
      </extensions>
    </trkpt>
    <trkpt lat="35.523031" lon="129.017885">
      <ele>344.700000</ele>
      <time>2016-02-21T09:55:29Z</time>
      <extensions>
        <dbm>-79</dbm>
      </extensions>
    </trkpt>
    <trkpt lat="35.522949" lon="129.017807">
      <ele>344.700000</ele>
      <time>2016-02-21T09:55:38Z</time>
      <extensions>
        <dbm>-79</dbm>
      </extensions>
    </trkpt>
    <trkpt lat="35.522878" lon="129.017721">
      <ele>344.700000</ele>
      <time>2016-02-21T09:55:45Z</time>
      <extensions>
        <dbm>-79</dbm>
      </extensions>
    </trkpt>
    <trkpt lat="35.522812" lon="129.017623">
      <ele>344.500000</ele>
      <time>2016-02-21T09:55:52Z</time>
      <extensions>
        <dbm>-79</dbm>
      </extensions>
    </trkpt>
    <trkpt lat="35.522752" lon="129.017535">
      <ele>344.000000</ele>
      <time>2016-02-21T09:56:00Z</time>
      <extensions>
        <dbm>-79</dbm>
      </extensions>
    </trkpt>
    <trkpt lat="35.522716" lon="129.017441">
      <ele>343.500000</ele>
      <time>2016-02-21T09:56:11Z</time>
      <extensions>
        <dbm>-79</dbm>
      </extensions>
    </trkpt>
    <trkpt lat="35.522702" lon="129.017326">
      <ele>342.800000</ele>
      <time>2016-02-21T09:56:22Z</time>
      <extensions>
        <dbm>-79</dbm>
      </extensions>
    </trkpt>
    <trkpt lat="35.522711" lon="129.017199">
      <ele>342.300000</ele>
      <time>2016-02-21T09:56:29Z</time>
      <extensions>
        <dbm>-79</dbm>
      </extensions>
    </trkpt>
    <trkpt lat="35.522736" lon="129.017074">
      <ele>341.700000</ele>
      <time>2016-02-21T09:56:37Z</time>
      <extensions>
        <dbm>-79</dbm>
      </extensions>
    </trkpt>
    <trkpt lat="35.522771" lon="129.016954">
      <ele>341.454545</ele>
      <time>2016-02-21T09:56:47Z</time>
      <extensions>
        <dbm>-79</dbm>
      </extensions>
    </trkpt>
    <trkpt lat="35.522822" lon="129.016856">
      <ele>340.909091</ele>
      <time>2016-02-21T09:56:56Z</time>
      <extensions>
        <dbm>-79</dbm>
      </extensions>
    </trkpt>
    <trkpt lat="35.522883" lon="129.016770">
      <ele>340.272727</ele>
      <time>2016-02-21T09:57:06Z</time>
      <extensions>
        <dbm>-79</dbm>
      </extensions>
    </trkpt>
    <trkpt lat="35.522956" lon="129.016694">
      <ele>339.500000</ele>
      <time>2016-02-21T09:57:15Z</time>
      <extensions>
        <dbm>-79</dbm>
      </extensions>
    </trkpt>
    <trkpt lat="35.523028" lon="129.016605">
      <ele>339.272727</ele>
      <time>2016-02-21T09:57:24Z</time>
      <extensions>
        <dbm>-79</dbm>
      </extensions>
    </trkpt>
    <trkpt lat="35.523089" lon="129.016502">
      <ele>338.909091</ele>
      <time>2016-02-21T09:57:33Z</time>
      <extensions>
        <dbm>-79</dbm>
      </extensions>
    </trkpt>
    <trkpt lat="35.523141" lon="129.016398">
      <ele>338.181818</ele>
      <time>2016-02-21T09:57:41Z</time>
      <extensions>
        <dbm>-79</dbm>
      </extensions>
    </trkpt>
    <trkpt lat="35.523192" lon="129.016295">
      <ele>337.545455</ele>
      <time>2016-02-21T09:57:48Z</time>
      <extensions>
        <dbm>-79</dbm>
      </extensions>
    </trkpt>
    <trkpt lat="35.523244" lon="129.016190">
      <ele>336.900000</ele>
      <time>2016-02-21T09:57:56Z</time>
      <extensions>
        <dbm>-79</dbm>
      </extensions>
    </trkpt>
    <trkpt lat="35.523299" lon="129.016091">
      <ele>337.000000</ele>
      <time>2016-02-21T09:58:05Z</time>
      <extensions>
        <dbm>-79</dbm>
      </extensions>
    </trkpt>
    <trkpt lat="35.523346" lon="129.015986">
      <ele>337.000000</ele>
      <time>2016-02-21T09:58:12Z</time>
      <extensions>
        <dbm>-79</dbm>
      </extensions>
    </trkpt>
    <trkpt lat="35.523382" lon="129.015884">
      <ele>336.636364</ele>
      <time>2016-02-21T09:58:20Z</time>
      <extensions>
        <dbm>-79</dbm>
      </extensions>
    </trkpt>
    <trkpt lat="35.523397" lon="129.015768">
      <ele>336.090909</ele>
      <time>2016-02-21T09:58:28Z</time>
      <extensions>
        <dbm>-79</dbm>
      </extensions>
    </trkpt>
    <trkpt lat="35.523402" lon="129.015646">
      <ele>335.454545</ele>
      <time>2016-02-21T09:58:37Z</time>
      <extensions>
        <dbm>-79</dbm>
      </extensions>
    </trkpt>
    <trkpt lat="35.523392" lon="129.015522">
      <ele>335.090909</ele>
      <time>2016-02-21T09:58:45Z</time>
      <extensions>
        <dbm>-79</dbm>
      </extensions>
    </trkpt>
    <trkpt lat="35.523379" lon="129.015399">
      <ele>334.727273</ele>
      <time>2016-02-21T09:58:51Z</time>
      <extensions>
        <dbm>-79</dbm>
      </extensions>
    </trkpt>
    <trkpt lat="35.523362" lon="129.015284">
      <ele>334.272727</ele>
      <time>2016-02-21T09:58:58Z</time>
      <extensions>
        <dbm>-79</dbm>
      </extensions>
    </trkpt>
    <trkpt lat="35.523355" lon="129.015168">
      <ele>333.818182</ele>
      <time>2016-02-21T09:59:05Z</time>
      <extensions>
        <dbm>-79</dbm>
      </extensions>
    </trkpt>
    <trkpt lat="35.523362" lon="129.015055">
      <ele>333.272727</ele>
      <time>2016-02-21T09:59:13Z</time>
      <extensions>
        <dbm>-79</dbm>
      </extensions>
    </trkpt>
    <trkpt lat="35.523379" lon="129.014946">
      <ele>332.818182</ele>
      <time>2016-02-21T09:59:19Z</time>
      <extensions>
        <dbm>-79</dbm>
      </extensions>
    </trkpt>
    <trkpt lat="35.523395" lon="129.014838">
      <ele>332.818182</ele>
      <time>2016-02-21T09:59:24Z</time>
      <extensions>
        <dbm>-79</dbm>
      </extensions>
    </trkpt>
    <trkpt lat="35.523406" lon="129.014730">
      <ele>332.909091</ele>
      <time>2016-02-21T09:59:30Z</time>
      <extensions>
        <dbm>-79</dbm>
      </extensions>
    </trkpt>
    <trkpt lat="35.523404" lon="129.014618">
      <ele>333.090909</ele>
      <time>2016-02-21T09:59:37Z</time>
      <extensions>
        <dbm>-79</dbm>
      </extensions>
    </trkpt>
    <trkpt lat="35.523392" lon="129.014504">
      <ele>333.272727</ele>
      <time>2016-02-21T09:59:44Z</time>
      <extensions>
        <dbm>-79</dbm>
      </extensions>
    </trkpt>
    <trkpt lat="35.523365" lon="129.014389">
      <ele>333.363636</ele>
      <time>2016-02-21T09:59:52Z</time>
      <extensions>
        <dbm>-79</dbm>
      </extensions>
    </trkpt>
    <trkpt lat="35.523330" lon="129.014276">
      <ele>333.454545</ele>
      <time>2016-02-21T10:00:04Z</time>
      <extensions>
        <dbm>-79</dbm>
      </extensions>
    </trkpt>
    <trkpt lat="35.523300" lon="129.014163">
      <ele>333.181818</ele>
      <time>2016-02-21T10:00:12Z</time>
      <extensions>
        <dbm>-79</dbm>
      </extensions>
    </trkpt>
    <trkpt lat="35.523264" lon="129.014054">
      <ele>332.818182</ele>
      <time>2016-02-21T10:00:20Z</time>
      <extensions>
        <dbm>-79</dbm>
      </extensions>
    </trkpt>
    <trkpt lat="35.523225" lon="129.013956">
      <ele>332.545455</ele>
      <time>2016-02-21T10:00:28Z</time>
      <extensions>
        <dbm>-79</dbm>
      </extensions>
    </trkpt>
    <trkpt lat="35.523175" lon="129.013863">
      <ele>332.181818</ele>
      <time>2016-02-21T10:00:35Z</time>
      <extensions>
        <dbm>-79</dbm>
      </extensions>
    </trkpt>
    <trkpt lat="35.523129" lon="129.013779">
      <ele>331.818182</ele>
      <time>2016-02-21T10:00:45Z</time>
      <extensions>
        <dbm>-79</dbm>
      </extensions>
    </trkpt>
    <trkpt lat="35.523087" lon="129.013683">
      <ele>331.636364</ele>
      <time>2016-02-21T10:00:56Z</time>
      <extensions>
        <dbm>-79</dbm>
      </extensions>
    </trkpt>
    <trkpt lat="35.523040" lon="129.013594">
      <ele>331.181818</ele>
      <time>2016-02-21T10:01:07Z</time>
      <extensions>
        <dbm>-79</dbm>
      </extensions>
    </trkpt>
    <trkpt lat="35.522993" lon="129.013500">
      <ele>330.900000</ele>
      <time>2016-02-21T10:01:19Z</time>
      <extensions>
        <dbm>-79</dbm>
      </extensions>
    </trkpt>
    <trkpt lat="35.522946" lon="129.013405">
      <ele>330.000000</ele>
      <time>2016-02-21T10:01:28Z</time>
      <extensions>
        <dbm>-79</dbm>
      </extensions>
    </trkpt>
    <trkpt lat="35.522908" lon="129.013295">
      <ele>327.818182</ele>
      <time>2016-02-21T10:01:36Z</time>
      <extensions>
        <dbm>-79</dbm>
      </extensions>
    </trkpt>
    <trkpt lat="35.522877" lon="129.013178">
      <ele>326.090909</ele>
      <time>2016-02-21T10:01:46Z</time>
      <extensions>
        <dbm>-79</dbm>
      </extensions>
    </trkpt>
    <trkpt lat="35.522846" lon="129.013061">
      <ele>324.181818</ele>
      <time>2016-02-21T10:01:54Z</time>
      <extensions>
        <dbm>-79</dbm>
      </extensions>
    </trkpt>
    <trkpt lat="35.522826" lon="129.012943">
      <ele>321.727273</ele>
      <time>2016-02-21T10:02:01Z</time>
      <extensions>
        <dbm>-79</dbm>
      </extensions>
    </trkpt>
    <trkpt lat="35.522814" lon="129.012825">
      <ele>319.000000</ele>
      <time>2016-02-21T10:02:07Z</time>
      <extensions>
        <dbm>-79</dbm>
      </extensions>
    </trkpt>
    <trkpt lat="35.522816" lon="129.012709">
      <ele>315.818182</ele>
      <time>2016-02-21T10:02:13Z</time>
      <extensions>
        <dbm>-79</dbm>
      </extensions>
    </trkpt>
    <trkpt lat="35.522812" lon="129.012595">
      <ele>312.909091</ele>
      <time>2016-02-21T10:02:19Z</time>
      <extensions>
        <dbm>-79</dbm>
      </extensions>
    </trkpt>
    <trkpt lat="35.522809" lon="129.012481">
      <ele>309.909091</ele>
      <time>2016-02-21T10:02:25Z</time>
      <extensions>
        <dbm>-79</dbm>
      </extensions>
    </trkpt>
    <trkpt lat="35.522825" lon="129.012380">
      <ele>307.090909</ele>
      <time>2016-02-21T10:02:31Z</time>
      <extensions>
        <dbm>-79</dbm>
      </extensions>
    </trkpt>
    <trkpt lat="35.522871" lon="129.012296">
      <ele>305.900000</ele>
      <time>2016-02-21T10:02:37Z</time>
      <extensions>
        <dbm>-79</dbm>
      </extensions>
    </trkpt>
    <trkpt lat="35.522947" lon="129.012230">
      <ele>304.700000</ele>
      <time>2016-02-21T10:02:41Z</time>
      <extensions>
        <dbm>-79</dbm>
      </extensions>
    </trkpt>
    <trkpt lat="35.523042" lon="129.012176">
      <ele>304.000000</ele>
      <time>2016-02-21T10:02:45Z</time>
      <extensions>
        <dbm>-79</dbm>
      </extensions>
    </trkpt>
    <trkpt lat="35.523141" lon="129.012139">
      <ele>304.000000</ele>
      <time>2016-02-21T10:02:51Z</time>
      <extensions>
        <dbm>-79</dbm>
      </extensions>
    </trkpt>
    <trkpt lat="35.523247" lon="129.012117">
      <ele>304.000000</ele>
      <time>2016-02-21T10:02:57Z</time>
      <extensions>
        <dbm>-79</dbm>
      </extensions>
    </trkpt>
    <trkpt lat="35.523349" lon="129.012107">
      <ele>303.000000</ele>
      <time>2016-02-21T10:03:05Z</time>
      <extensions>
        <dbm>-79</dbm>
      </extensions>
    </trkpt>
    <trkpt lat="35.523448" lon="129.012084">
      <ele>303.200000</ele>
      <time>2016-02-21T10:03:14Z</time>
      <extensions>
        <dbm>-79</dbm>
      </extensions>
    </trkpt>
    <trkpt lat="35.523521" lon="129.012028">
      <ele>304.200000</ele>
      <time>2016-02-21T10:03:21Z</time>
      <extensions>
        <dbm>-79</dbm>
      </extensions>
    </trkpt>
    <trkpt lat="35.523568" lon="129.011935">
      <ele>305.454545</ele>
      <time>2016-02-21T10:03:28Z</time>
      <extensions>
        <dbm>-79</dbm>
      </extensions>
    </trkpt>
    <trkpt lat="35.523586" lon="129.011820">
      <ele>306.727273</ele>
      <time>2016-02-21T10:03:36Z</time>
      <extensions>
        <dbm>-79</dbm>
      </extensions>
    </trkpt>
    <trkpt lat="35.523602" lon="129.011701">
      <ele>308.181818</ele>
      <time>2016-02-21T10:03:43Z</time>
      <extensions>
        <dbm>-79</dbm>
      </extensions>
    </trkpt>
    <trkpt lat="35.523616" lon="129.011579">
      <ele>311.300000</ele>
      <time>2016-02-21T10:03:51Z</time>
      <extensions>
        <dbm>-79</dbm>
      </extensions>
    </trkpt>
    <trkpt lat="35.523643" lon="129.011462">
      <ele>311.727273</ele>
      <time>2016-02-21T10:03:59Z</time>
      <extensions>
        <dbm>-79</dbm>
      </extensions>
    </trkpt>
    <trkpt lat="35.523669" lon="129.011343">
      <ele>313.000000</ele>
      <time>2016-02-21T10:04:07Z</time>
      <extensions>
        <dbm>-79</dbm>
      </extensions>
    </trkpt>
    <trkpt lat="35.523697" lon="129.011230">
      <ele>314.818182</ele>
      <time>2016-02-21T10:04:14Z</time>
      <extensions>
        <dbm>-79</dbm>
      </extensions>
    </trkpt>
    <trkpt lat="35.523713" lon="129.011105">
      <ele>317.100000</ele>
      <time>2016-02-21T10:04:21Z</time>
      <extensions>
        <dbm>-79</dbm>
      </extensions>
    </trkpt>
    <trkpt lat="35.523729" lon="129.010994">
      <ele>317.900000</ele>
      <time>2016-02-21T10:04:33Z</time>
      <extensions>
        <dbm>-79</dbm>
      </extensions>
    </trkpt>
    <trkpt lat="35.523750" lon="129.010886">
      <ele>318.000000</ele>
      <time>2016-02-21T10:04:41Z</time>
      <extensions>
        <dbm>-79</dbm>
      </extensions>
    </trkpt>
    <trkpt lat="35.523771" lon="129.010795">
      <ele>318.636364</ele>
      <time>2016-02-21T10:04:51Z</time>
      <extensions>
        <dbm>-79</dbm>
      </extensions>
    </trkpt>
    <trkpt lat="35.523792" lon="129.010701">
      <ele>319.090909</ele>
      <time>2016-02-21T10:04:57Z</time>
      <extensions>
        <dbm>-79</dbm>
      </extensions>
    </trkpt>
    <trkpt lat="35.523824" lon="129.010602">
      <ele>319.636364</ele>
      <time>2016-02-21T10:05:03Z</time>
      <extensions>
        <dbm>-79</dbm>
      </extensions>
    </trkpt>
    <trkpt lat="35.523874" lon="129.010502">
      <ele>320.181818</ele>
      <time>2016-02-21T10:05:12Z</time>
      <extensions>
        <dbm>-79</dbm>
      </extensions>
    </trkpt>
    <trkpt lat="35.523935" lon="129.010405">
      <ele>320.545455</ele>
      <time>2016-02-21T10:05:21Z</time>
      <extensions>
        <dbm>-79</dbm>
      </extensions>
    </trkpt>
    <trkpt lat="35.523982" lon="129.010315">
      <ele>320.400000</ele>
      <time>2016-02-21T10:05:27Z</time>
      <extensions>
        <dbm>-79</dbm>
      </extensions>
    </trkpt>
    <trkpt lat="35.524031" lon="129.010223">
      <ele>320.400000</ele>
      <time>2016-02-21T10:05:34Z</time>
      <extensions>
        <dbm>-79</dbm>
      </extensions>
    </trkpt>
    <trkpt lat="35.524078" lon="129.010122">
      <ele>320.400000</ele>
      <time>2016-02-21T10:05:43Z</time>
      <extensions>
        <dbm>-79</dbm>
      </extensions>
    </trkpt>
    <trkpt lat="35.524116" lon="129.010013">
      <ele>320.000000</ele>
      <time>2016-02-21T10:05:51Z</time>
      <extensions>
        <dbm>-79</dbm>
      </extensions>
    </trkpt>
    <trkpt lat="35.524139" lon="129.009897">
      <ele>320.100000</ele>
      <time>2016-02-21T10:05:56Z</time>
      <extensions>
        <dbm>-79</dbm>
      </extensions>
    </trkpt>
    <trkpt lat="35.524171" lon="129.009793">
      <ele>320.300000</ele>
      <time>2016-02-21T10:06:03Z</time>
      <extensions>
        <dbm>-79</dbm>
      </extensions>
    </trkpt>
    <trkpt lat="35.524236" lon="129.009715">
      <ele>320.500000</ele>
      <time>2016-02-21T10:06:12Z</time>
      <extensions>
        <dbm>-79</dbm>
      </extensions>
    </trkpt>
    <trkpt lat="35.524321" lon="129.009666">
      <ele>320.200000</ele>
      <time>2016-02-21T10:06:18Z</time>
      <extensions>
        <dbm>-79</dbm>
      </extensions>
    </trkpt>
    <trkpt lat="35.524415" lon="129.009626">
      <ele>320.300000</ele>
      <time>2016-02-21T10:06:24Z</time>
      <extensions>
        <dbm>-79</dbm>
      </extensions>
    </trkpt>
    <trkpt lat="35.524507" lon="129.009579">
      <ele>320.500000</ele>
      <time>2016-02-21T10:06:33Z</time>
      <extensions>
        <dbm>-79</dbm>
      </extensions>
    </trkpt>
    <trkpt lat="35.524600" lon="129.009531">
      <ele>320.800000</ele>
      <time>2016-02-21T10:06:39Z</time>
      <extensions>
        <dbm>-79</dbm>
      </extensions>
    </trkpt>
    <trkpt lat="35.524689" lon="129.009481">
      <ele>320.800000</ele>
      <time>2016-02-21T10:06:47Z</time>
      <extensions>
        <dbm>-79</dbm>
      </extensions>
    </trkpt>
    <trkpt lat="35.524778" lon="129.009438">
      <ele>320.800000</ele>
      <time>2016-02-21T10:06:55Z</time>
      <extensions>
        <dbm>-79</dbm>
      </extensions>
    </trkpt>
    <trkpt lat="35.524866" lon="129.009389">
      <ele>320.500000</ele>
      <time>2016-02-21T10:07:01Z</time>
      <extensions>
        <dbm>-79</dbm>
      </extensions>
    </trkpt>
    <trkpt lat="35.524958" lon="129.009345">
      <ele>320.454545</ele>
      <time>2016-02-21T10:07:07Z</time>
      <extensions>
        <dbm>-79</dbm>
      </extensions>
    </trkpt>
    <trkpt lat="35.525050" lon="129.009292">
      <ele>320.090909</ele>
      <time>2016-02-21T10:07:15Z</time>
      <extensions>
        <dbm>-79</dbm>
      </extensions>
    </trkpt>
    <trkpt lat="35.525140" lon="129.009243">
      <ele>319.636364</ele>
      <time>2016-02-21T10:07:22Z</time>
      <extensions>
        <dbm>-79</dbm>
      </extensions>
    </trkpt>
    <trkpt lat="35.525222" lon="129.009183">
      <ele>319.545455</ele>
      <time>2016-02-21T10:07:28Z</time>
      <extensions>
        <dbm>-79</dbm>
      </extensions>
    </trkpt>
    <trkpt lat="35.525259" lon="129.009113">
      <ele>319.545455</ele>
      <time>2016-02-21T10:07:47Z</time>
      <extensions>
        <dbm>-79</dbm>
      </extensions>
    </trkpt>
    <trkpt lat="35.525277" lon="129.009023">
      <ele>319.800000</ele>
      <time>2016-02-21T10:08:26Z</time>
      <extensions>
        <dbm>-79</dbm>
      </extensions>
    </trkpt>
    <trkpt lat="35.525275" lon="129.008911">
      <ele>320.000000</ele>
      <time>2016-02-21T10:08:33Z</time>
      <extensions>
        <dbm>-79</dbm>
      </extensions>
    </trkpt>
    <trkpt lat="35.525264" lon="129.008807">
      <ele>320.363636</ele>
      <time>2016-02-21T10:08:46Z</time>
      <extensions>
        <dbm>-79</dbm>
      </extensions>
    </trkpt>
    </trkseg>
  </trk>
  
  <extensions>

   <badge tag="candidates" msg="nearby L(35.54654, 128.98100)" gpsTime="2016-02-20T08:54:09Z" >
      <item id="18000115" dist="129.29541"/>
   </badge>
   <badge tag="candidates" msg="nearby L(35.54646, 128.98088)" gpsTime="2016-02-20T08:54:31Z" >
      <item id="18000115" dist="117.60747"/>
   </badge>
   <badge tag="candidates" msg="nearby L(35.54646, 128.98088)" gpsTime="2016-02-20T08:54:31Z" >
      <item id="18000115" dist="117.60747"/>
   </badge>
   <badge tag="candidates" msg="nearby L(35.54646, 128.98088)" gpsTime="2016-02-20T08:54:31Z" >
      <item id="18000115" dist="117.60747"/>
   </badge>
   <badge tag="candidates" msg="nearby L(35.54645, 128.98086)" gpsTime="2016-02-20T08:54:33Z" >
      <item id="18000115" dist="116.385185"/>
   </badge>
   <badge tag="candidates" msg="nearby L(35.54645, 128.98086)" gpsTime="2016-02-20T08:54:33Z" >
      <item id="18000115" dist="116.385185"/>
   </badge>
   <badge tag="candidates" msg="nearby L(35.54643, 128.98085)" gpsTime="2016-02-20T08:54:35Z" >
      <item id="18000115" dist="114.80789"/>
   </badge>
   <badge tag="candidates" msg="nearby L(35.54643, 128.98085)" gpsTime="2016-02-20T08:54:35Z" >
      <item id="18000115" dist="114.80789"/>
   </badge>
   <badge tag="candidates" msg="nearby L(35.54642, 128.98085)" gpsTime="2016-02-20T08:54:37Z" >
      <item id="18000115" dist="113.07695"/>
   </badge>
   <badge tag="candidates" msg="nearby L(35.54641, 128.98084)" gpsTime="2016-02-20T08:54:38Z" >
      <item id="18000115" dist="112.16139"/>
   </badge>
   <badge tag="candidates" msg="nearby L(35.54641, 128.98084)" gpsTime="2016-02-20T08:54:38Z" >
      <item id="18000115" dist="112.16139"/>
   </badge>
   <badge tag="candidates" msg="nearby L(35.54641, 128.98084)" gpsTime="2016-02-20T08:54:38Z" >
      <item id="18000115" dist="112.16139"/>
   </badge>
   <badge tag="candidates" msg="nearby L(35.54640, 128.98083)" gpsTime="2016-02-20T08:54:40Z" >
      <item id="18000115" dist="110.63856"/>
   </badge>
   <badge tag="candidates" msg="nearby L(35.54639, 128.98083)" gpsTime="2016-02-20T08:54:41Z" >
      <item id="18000115" dist="109.93991"/>
   </badge>
   <badge tag="candidates" msg="nearby L(35.54639, 128.98083)" gpsTime="2016-02-20T08:54:41Z" >
      <item id="18000115" dist="109.93991"/>
   </badge>
   <badge tag="candidates" msg="nearby L(35.54639, 128.98081)" gpsTime="2016-02-20T08:54:43Z" >
      <item id="18000115" dist="108.77055"/>
   </badge>
   <badge tag="candidates" msg="nearby L(35.54639, 128.98081)" gpsTime="2016-02-20T08:54:44Z" >
      <item id="18000115" dist="108.77055"/>
   </badge>
   <badge tag="candidates" msg="nearby L(35.54638, 128.98081)" gpsTime="2016-02-20T08:54:44Z" >
      <item id="18000115" dist="108.25759"/>
   </badge>
   <badge tag="candidates" msg="nearby L(35.54638, 128.98081)" gpsTime="2016-02-20T08:54:44Z" >
      <item id="18000115" dist="108.25759"/>
   </badge>
   <badge tag="candidates" msg="nearby L(35.54637, 128.98080)" gpsTime="2016-02-20T08:54:46Z" >
      <item id="18000115" dist="106.923515"/>
   </badge>
   <badge tag="candidates" msg="nearby L(35.54637, 128.98079)" gpsTime="2016-02-20T08:54:47Z" >
      <item id="18000115" dist="106.26933"/>
   </badge>
   <badge tag="candidates" msg="nearby L(35.54637, 128.98079)" gpsTime="2016-02-20T08:54:47Z" >
      <item id="18000115" dist="106.26933"/>
   </badge>
   <badge tag="candidates" msg="nearby L(35.54635, 128.98078)" gpsTime="2016-02-20T08:54:49Z" >
      <item id="18000115" dist="104.794304"/>
   </badge>
   <badge tag="candidates" msg="nearby L(35.54635, 128.98078)" gpsTime="2016-02-20T08:54:49Z" >
      <item id="18000115" dist="104.794304"/>
   </badge>
   <badge tag="candidates" msg="nearby L(35.54635, 128.98078)" gpsTime="2016-02-20T08:54:49Z" >
      <item id="18000115" dist="104.794304"/>
   </badge>
   <badge tag="candidates" msg="nearby L(35.54634, 128.98077)" gpsTime="2016-02-20T08:54:51Z" >
      <item id="18000115" dist="103.20391"/>
   </badge>
   <badge tag="candidates" msg="nearby L(35.54633, 128.98077)" gpsTime="2016-02-20T08:54:52Z" >
      <item id="18000115" dist="102.54222"/>
   </badge>
   <badge tag="candidates" msg="nearby L(35.54633, 128.98077)" gpsTime="2016-02-20T08:54:52Z" >
      <item id="18000115" dist="102.54222"/>
   </badge>
   <badge tag="candidates" msg="nearby L(35.54632, 128.98077)" gpsTime="2016-02-20T08:54:54Z" >
      <item id="18000115" dist="100.994705"/>
   </badge>
   <badge tag="candidates" msg="nearby L(35.54631, 128.98077)" gpsTime="2016-02-20T08:54:55Z" >
      <item id="18000115" dist="100.09038"/>
   </badge>
   <badge tag="candidates" msg="nearby L(35.54631, 128.98077)" gpsTime="2016-02-20T08:54:55Z" >
      <item id="18000115" dist="100.09038"/>
   </badge>
   <badge tag="candidates" msg="nearby L(35.54630, 128.98077)" gpsTime="2016-02-20T08:54:56Z" >
      <item id="18000115" dist="99.10343"/>
   </badge>
   <badge tag="candidates" msg="nearby L(35.54629, 128.98077)" gpsTime="2016-02-20T08:54:57Z" >
      <item id="18000115" dist="98.13117"/>
   </badge>
   <badge tag="candidates" msg="nearby L(35.54629, 128.98077)" gpsTime="2016-02-20T08:54:57Z" >
      <item id="18000115" dist="98.13117"/>
   </badge>
   <badge tag="candidates" msg="nearby L(35.54629, 128.98077)" gpsTime="2016-02-20T08:54:59Z" >
      <item id="18000115" dist="98.06847"/>
   </badge>
   <badge tag="candidates" msg="nearby L(35.54629, 128.98077)" gpsTime="2016-02-20T08:54:59Z" >
      <item id="18000115" dist="98.06847"/>
   </badge>
   <badge tag="candidates" msg="nearby L(35.54629, 128.98078)" gpsTime="2016-02-20T08:55:01Z" >
      <item id="18000115" dist="97.861145"/>
   </badge>
   <badge tag="candidates" msg="nearby L(35.54629, 128.98078)" gpsTime="2016-02-20T08:55:01Z" >
      <item id="18000115" dist="97.861145"/>
   </badge>
   <badge tag="candidates" msg="nearby L(35.54629, 128.98078)" gpsTime="2016-02-20T08:55:01Z" >
      <item id="18000115" dist="97.861145"/>
   </badge>
   <badge tag="candidates" msg="nearby L(35.54629, 128.98078)" gpsTime="2016-02-20T08:55:03Z" >
      <item id="18000115" dist="97.54696"/>
   </badge>
   <badge tag="candidates" msg="nearby L(35.54629, 128.98078)" gpsTime="2016-02-20T08:55:03Z" >
      <item id="18000115" dist="97.54696"/>
   </badge>
   <badge tag="candidates" msg="nearby L(35.54628, 128.98078)" gpsTime="2016-02-20T08:55:05Z" >
      <item id="18000115" dist="96.394325"/>
   </badge>
   <badge tag="candidates" msg="nearby L(35.54628, 128.98078)" gpsTime="2016-02-20T08:55:05Z" >
      <item id="18000115" dist="96.394325"/>
   </badge>
   <badge tag="candidates" msg="nearby L(35.54628, 128.98078)" gpsTime="2016-02-20T08:55:05Z" >
      <item id="18000115" dist="96.394325"/>
   </badge>
   <badge tag="candidates" msg="nearby L(35.54627, 128.98078)" gpsTime="2016-02-20T08:55:07Z" >
      <item id="18000115" dist="96.09326"/>
   </badge>
   <badge tag="candidates" msg="nearby L(35.54627, 128.98078)" gpsTime="2016-02-20T08:55:08Z" >
      <item id="18000115" dist="95.85433"/>
   </badge>
   <badge tag="candidates" msg="nearby L(35.54627, 128.98078)" gpsTime="2016-02-20T08:55:09Z" >
      <item id="18000115" dist="95.604126"/>
   </badge>
   <badge tag="candidates" msg="nearby L(35.54627, 128.98078)" gpsTime="2016-02-20T08:55:09Z" >
      <item id="18000115" dist="95.604126"/>
   </badge>
   <badge tag="candidates" msg="nearby L(35.54627, 128.98078)" gpsTime="2016-02-20T08:55:11Z" >
      <item id="18000115" dist="95.26042"/>
   </badge>
   <badge tag="candidates" msg="nearby L(35.54627, 128.98078)" gpsTime="2016-02-20T08:55:12Z" >
      <item id="18000115" dist="95.2282"/>
   </badge>
   <badge tag="candidates" msg="nearby L(35.54627, 128.98078)" gpsTime="2016-02-20T08:55:12Z" >
      <item id="18000115" dist="95.2282"/>
   </badge>
   <badge tag="candidates" msg="nearby L(35.54627, 128.98078)" gpsTime="2016-02-20T08:55:13Z" >
      <item id="18000115" dist="95.11928"/>
   </badge>
   <badge tag="candidates" msg="nearby L(35.54627, 128.98078)" gpsTime="2016-02-20T08:55:13Z" >
      <item id="18000115" dist="95.11928"/>
   </badge>
   <badge tag="candidates" msg="nearby L(35.54650, 128.98098)" gpsTime="2016-02-20T08:55:15Z" >
      <item id="18000115" dist="124.68019"/>
   </badge>
   <badge tag="candidates" msg="nearby L(35.54626, 128.98077)" gpsTime="2016-02-20T08:55:15Z" >
      <item id="18000115" dist="94.4771"/>
   </badge>
   <badge tag="candidates" msg="nearby L(35.54650, 128.98098)" gpsTime="2016-02-20T08:55:15Z" >
      <item id="18000115" dist="124.68019"/>
   </badge>
   <badge tag="candidates" msg="nearby L(35.54626, 128.98077)" gpsTime="2016-02-20T08:55:15Z" >
      <item id="18000115" dist="94.4771"/>
   </badge>
   <badge tag="candidates" msg="nearby L(35.54650, 128.98098)" gpsTime="2016-02-20T08:55:17Z" >
      <item id="18000115" dist="124.39815"/>
   </badge>
   <badge tag="candidates" msg="nearby L(35.54626, 128.98077)" gpsTime="2016-02-20T08:55:17Z" >
      <item id="18000115" dist="94.05939"/>
   </badge>
   <badge tag="candidates" msg="nearby L(35.54650, 128.98098)" gpsTime="2016-02-20T08:55:17Z" >
      <item id="18000115" dist="124.39815"/>
   </badge>
   <badge tag="candidates" msg="nearby L(35.54626, 128.98077)" gpsTime="2016-02-20T08:55:17Z" >
      <item id="18000115" dist="94.05939"/>
   </badge>
   <badge tag="candidates" msg="nearby L(35.54649, 128.98098)" gpsTime="2016-02-20T08:55:18Z" >
      <item id="18000115" dist="124.265945"/>
   </badge>
   <badge tag="candidates" msg="nearby L(35.54625, 128.98077)" gpsTime="2016-02-20T08:55:18Z" >
      <item id="18000115" dist="93.84012"/>
   </badge>
   <badge tag="candidates" msg="nearby L(35.54649, 128.98098)" gpsTime="2016-02-20T08:55:19Z" >
      <item id="18000115" dist="124.18872"/>
   </badge>
   <badge tag="candidates" msg="nearby L(35.54625, 128.98078)" gpsTime="2016-02-20T08:55:19Z" >
      <item id="18000115" dist="93.70218"/>
   </badge>
   <badge tag="candidates" msg="nearby L(35.54649, 128.98098)" gpsTime="2016-02-20T08:55:19Z" >
      <item id="18000115" dist="124.18872"/>
   </badge>
   <badge tag="candidates" msg="nearby L(35.54625, 128.98078)" gpsTime="2016-02-20T08:55:19Z" >
      <item id="18000115" dist="93.70218"/>
   </badge>
   <badge tag="candidates" msg="nearby L(35.54649, 128.98098)" gpsTime="2016-02-20T08:55:21Z" >
      <item id="18000115" dist="124.0755"/>
   </badge>
   <badge tag="candidates" msg="nearby L(35.54625, 128.98078)" gpsTime="2016-02-20T08:55:21Z" >
      <item id="18000115" dist="93.52446"/>
   </badge>
   <badge tag="candidates" msg="nearby L(35.54649, 128.98098)" gpsTime="2016-02-20T08:55:22Z" >
      <item id="18000115" dist="124.157"/>
   </badge>
   <badge tag="candidates" msg="nearby L(35.54625, 128.98077)" gpsTime="2016-02-20T08:55:22Z" >
      <item id="18000115" dist="93.66022"/>
   </badge>
   <badge tag="candidates" msg="nearby L(35.54649, 128.98098)" gpsTime="2016-02-20T08:55:22Z" >
      <item id="18000115" dist="124.157"/>
   </badge>
   <badge tag="candidates" msg="nearby L(35.54625, 128.98077)" gpsTime="2016-02-20T08:55:22Z" >
      <item id="18000115" dist="93.66022"/>
   </badge>
   <badge tag="candidates" msg="nearby L(35.54649, 128.98098)" gpsTime="2016-02-20T08:55:22Z" >
      <item id="18000115" dist="124.157"/>
   </badge>
   <badge tag="candidates" msg="nearby L(35.54625, 128.98077)" gpsTime="2016-02-20T08:55:22Z" >
      <item id="18000115" dist="93.66022"/>
   </badge>
   <badge tag="candidates" msg="nearby L(35.54649, 128.98098)" gpsTime="2016-02-20T08:55:24Z" >
      <item id="18000115" dist="124.00809"/>
   </badge>
   <badge tag="candidates" msg="nearby L(35.54625, 128.98077)" gpsTime="2016-02-20T08:55:24Z" >
      <item id="18000115" dist="93.44001"/>
   </badge>
   <badge tag="candidates" msg="nearby L(35.54649, 128.98098)" gpsTime="2016-02-20T08:55:24Z" >
      <item id="18000115" dist="124.00809"/>
   </badge>
   <badge tag="candidates" msg="nearby L(35.54625, 128.98077)" gpsTime="2016-02-20T08:55:24Z" >
      <item id="18000115" dist="93.44001"/>
   </badge>
   <badge tag="candidates" msg="nearby L(35.54649, 128.98098)" gpsTime="2016-02-20T08:55:26Z" >
      <item id="18000115" dist="123.84476"/>
   </badge>
   <badge tag="candidates" msg="nearby L(35.54625, 128.98077)" gpsTime="2016-02-20T08:55:26Z" >
      <item id="18000115" dist="93.209404"/>
   </badge>
   <badge tag="candidates" msg="nearby L(35.54649, 128.98098)" gpsTime="2016-02-20T08:55:27Z" >
      <item id="18000115" dist="123.79824"/>
   </badge>
   <badge tag="candidates" msg="nearby L(35.54625, 128.98077)" gpsTime="2016-02-20T08:55:27Z" >
      <item id="18000115" dist="93.14178"/>
   </badge>
   <badge tag="candidates" msg="nearby L(35.54649, 128.98098)" gpsTime="2016-02-20T08:55:28Z" >
      <item id="18000115" dist="123.83112"/>
   </badge>
   <badge tag="candidates" msg="nearby L(35.54625, 128.98077)" gpsTime="2016-02-20T08:55:28Z" >
      <item id="18000115" dist="93.19226"/>
   </badge>
   <badge tag="candidates" msg="nearby L(35.54649, 128.98098)" gpsTime="2016-02-20T08:55:29Z" >
      <item id="18000115" dist="123.70297"/>
   </badge>
   <badge tag="candidates" msg="nearby L(35.54625, 128.98077)" gpsTime="2016-02-20T08:55:29Z" >
      <item id="18000115" dist="92.99354"/>
   </badge>
   <badge tag="candidates" msg="nearby L(35.54649, 128.98098)" gpsTime="2016-02-20T08:55:29Z" >
      <item id="18000115" dist="123.70297"/>
   </badge>
   <badge tag="candidates" msg="nearby L(35.54625, 128.98077)" gpsTime="2016-02-20T08:55:29Z" >
      <item id="18000115" dist="92.99354"/>
   </badge>
   <badge tag="candidates" msg="nearby L(35.54649, 128.98098)" gpsTime="2016-02-20T08:55:29Z" >
      <item id="18000115" dist="123.70297"/>
   </badge>
   <badge tag="candidates" msg="nearby L(35.54625, 128.98077)" gpsTime="2016-02-20T08:55:29Z" >
      <item id="18000115" dist="92.99354"/>
   </badge>
   <badge tag="candidates" msg="nearby L(35.54649, 128.98098)" gpsTime="2016-02-20T08:55:31Z" >
      <item id="18000115" dist="123.4829"/>
   </badge>
   <badge tag="candidates" msg="nearby L(35.54624, 128.98077)" gpsTime="2016-02-20T08:55:31Z" >
      <item id="18000115" dist="92.657265"/>
   </badge>
   <badge tag="candidates" msg="nearby L(35.54649, 128.98098)" gpsTime="2016-02-20T08:55:32Z" >
      <item id="18000115" dist="123.2385"/>
   </badge>
   <badge tag="candidates" msg="nearby L(35.54624, 128.98077)" gpsTime="2016-02-20T08:55:32Z" >
      <item id="18000115" dist="92.334755"/>
   </badge>
   <badge tag="candidates" msg="nearby L(35.54649, 128.98098)" gpsTime="2016-02-20T08:55:33Z" >
      <item id="18000115" dist="123.26924"/>
   </badge>
   <badge tag="candidates" msg="nearby L(35.54624, 128.98076)" gpsTime="2016-02-20T08:55:33Z" >
      <item id="18000115" dist="92.409195"/>
   </badge>
   <badge tag="candidates" msg="nearby L(35.54649, 128.98098)" gpsTime="2016-02-20T08:55:33Z" >
      <item id="18000115" dist="123.26924"/>
   </badge>
   <badge tag="candidates" msg="nearby L(35.54624, 128.98076)" gpsTime="2016-02-20T08:55:33Z" >
      <item id="18000115" dist="92.409195"/>
   </badge>
   <badge tag="candidates" msg="nearby L(35.54649, 128.98097)" gpsTime="2016-02-20T08:55:35Z" >
      <item id="18000115" dist="123.22953"/>
   </badge>
   <badge tag="candidates" msg="nearby L(35.54624, 128.98076)" gpsTime="2016-02-20T08:55:35Z" >
      <item id="18000115" dist="92.391174"/>
   </badge>
   <badge tag="candidates" msg="nearby L(35.54649, 128.98097)" gpsTime="2016-02-20T08:55:35Z" >
      <item id="18000115" dist="123.22953"/>
   </badge>
   <badge tag="candidates" msg="nearby L(35.54624, 128.98076)" gpsTime="2016-02-20T08:55:35Z" >
      <item id="18000115" dist="92.391174"/>
   </badge>
   <badge tag="candidates" msg="nearby L(35.54649, 128.98097)" gpsTime="2016-02-20T08:55:35Z" >
      <item id="18000115" dist="123.22953"/>
   </badge>
   <badge tag="candidates" msg="nearby L(35.54624, 128.98076)" gpsTime="2016-02-20T08:55:35Z" >
      <item id="18000115" dist="92.391174"/>
   </badge>
   <badge tag="candidates" msg="nearby L(35.54649, 128.98097)" gpsTime="2016-02-20T08:55:37Z" >
      <item id="18000115" dist="123.6244"/>
   </badge>
   <badge tag="candidates" msg="nearby L(35.54625, 128.98075)" gpsTime="2016-02-20T08:55:37Z" >
      <item id="18000115" dist="93.08895"/>
   </badge>
   <badge tag="candidates" msg="nearby L(35.54649, 128.98097)" gpsTime="2016-02-20T08:55:37Z" >
      <item id="18000115" dist="123.6244"/>
   </badge>
   <badge tag="candidates" msg="nearby L(35.54625, 128.98075)" gpsTime="2016-02-20T08:55:37Z" >
      <item id="18000115" dist="93.08895"/>
   </badge>
   <badge tag="candidates" msg="nearby L(35.54649, 128.98097)" gpsTime="2016-02-20T08:55:39Z" >
      <item id="18000115" dist="123.6886"/>
   </badge>
   <badge tag="candidates" msg="nearby L(35.54625, 128.98075)" gpsTime="2016-02-20T08:55:39Z" >
      <item id="18000115" dist="93.19575"/>
   </badge>
   <badge tag="candidates" msg="nearby L(35.54649, 128.98097)" gpsTime="2016-02-20T08:55:39Z" >
      <item id="18000115" dist="123.6886"/>
   </badge>
   <badge tag="candidates" msg="nearby L(35.54625, 128.98075)" gpsTime="2016-02-20T08:55:39Z" >
      <item id="18000115" dist="93.19575"/>
   </badge>
   <badge tag="candidates" msg="nearby L(35.54649, 128.98097)" gpsTime="2016-02-20T08:55:41Z" >
      <item id="18000115" dist="123.77728"/>
   </badge>
   <badge tag="candidates" msg="nearby L(35.54625, 128.98075)" gpsTime="2016-02-20T08:55:41Z" >
      <item id="18000115" dist="93.29929"/>
   </badge>
   <badge tag="candidates" msg="nearby L(35.54649, 128.98097)" gpsTime="2016-02-20T08:55:41Z" >
      <item id="18000115" dist="123.77728"/>
   </badge>
   <badge tag="candidates" msg="nearby L(35.54625, 128.98075)" gpsTime="2016-02-20T08:55:41Z" >
      <item id="18000115" dist="93.29929"/>
   </badge>
   <badge tag="candidates" msg="nearby L(35.54649, 128.98097)" gpsTime="2016-02-20T08:55:43Z" >
      <item id="18000115" dist="123.824"/>
   </badge>
   <badge tag="candidates" msg="nearby L(35.54625, 128.98076)" gpsTime="2016-02-20T08:55:43Z" >
      <item id="18000115" dist="93.35245"/>
   </badge>
   <badge tag="candidates" msg="nearby L(35.54649, 128.98097)" gpsTime="2016-02-20T08:55:43Z" >
      <item id="18000115" dist="123.824"/>
   </badge>
   <badge tag="candidates" msg="nearby L(35.54625, 128.98076)" gpsTime="2016-02-20T08:55:43Z" >
      <item id="18000115" dist="93.35245"/>
   </badge>
   <badge tag="candidates" msg="nearby L(35.54649, 128.98097)" gpsTime="2016-02-20T08:55:43Z" >
      <item id="18000115" dist="123.824"/>
   </badge>
   <badge tag="candidates" msg="nearby L(35.54625, 128.98076)" gpsTime="2016-02-20T08:55:43Z" >
      <item id="18000115" dist="93.35245"/>
   </badge>
   <badge tag="candidates" msg="nearby L(35.54649, 128.98097)" gpsTime="2016-02-20T08:55:45Z" >
      <item id="18000115" dist="123.61513"/>
   </badge>
   <badge tag="candidates" msg="nearby L(35.54625, 128.98076)" gpsTime="2016-02-20T08:55:45Z" >
      <item id="18000115" dist="93.01596"/>
   </badge>
   <badge tag="candidates" msg="nearby L(35.54649, 128.98097)" gpsTime="2016-02-20T08:55:46Z" >
      <item id="18000115" dist="123.358574"/>
   </badge>
   <badge tag="candidates" msg="nearby L(35.54625, 128.98076)" gpsTime="2016-02-20T08:55:46Z" >
      <item id="18000115" dist="92.62938"/>
   </badge>
   <badge tag="candidates" msg="nearby L(35.54649, 128.98097)" gpsTime="2016-02-20T08:55:46Z" >
      <item id="18000115" dist="123.358574"/>
   </badge>
   <badge tag="candidates" msg="nearby L(35.54625, 128.98076)" gpsTime="2016-02-20T08:55:46Z" >
      <item id="18000115" dist="92.62938"/>
   </badge>
   <badge tag="candidates" msg="nearby L(35.54649, 128.98097)" gpsTime="2016-02-20T08:55:48Z" >
      <item id="18000115" dist="123.10394"/>
   </badge>
   <badge tag="candidates" msg="nearby L(35.54624, 128.98075)" gpsTime="2016-02-20T08:55:48Z" >
      <item id="18000115" dist="92.261024"/>
   </badge>
   <badge tag="registration (offline)" msg="code -1" badgeId="18000115" badgeUser="64B15C3327AC322D" badgeTime="2016-02-20T08:57:45Z" />
   <badge tag="candidates" msg="nearby L(35.55668, 128.97252)" gpsTime="2016-02-20T09:59:47Z" >
      <item id="18000117" dist="144.02592"/>
   </badge>
   <badge tag="candidates" msg="nearby L(35.55695, 128.97246)" gpsTime="2016-02-20T10:00:41Z" >
      <item id="18000117" dist="113.42329"/>
   </badge>
   <badge tag="candidates" msg="nearby L(35.55720, 128.97233)" gpsTime="2016-02-20T10:01:55Z" >
      <item id="18000117" dist="84.010345"/>
   </badge>
   <badge tag="registration (offline)" msg="code -1" badgeId="18000117" badgeUser="64B15C3327AC322D" badgeTime="2016-02-20T10:02:10Z" />
   <badge tag="candidates" msg="nearby L(35.57909, 129.00893)" gpsTime="2016-02-20T11:52:19Z" >
      <item id="550125" dist="148.89305"/>
   </badge>
   <badge tag="candidates" msg="nearby L(35.57940, 129.00915)" gpsTime="2016-02-20T11:52:51Z" >
      <item id="550125" dist="119.17848"/>
   </badge>
   <badge tag="candidates" msg="nearby L(35.57957, 129.00941)" gpsTime="2016-02-20T11:53:19Z" >
      <item id="550125" dist="110.378654"/>
   </badge>
   <badge tag="candidates" msg="nearby L(35.57936, 129.00920)" gpsTime="2016-02-20T11:53:19Z" >
      <item id="550125" dist="123.95954"/>
   </badge>
   <badge tag="candidates" msg="nearby L(35.57957, 129.00941)" gpsTime="2016-02-20T11:53:19Z" >
      <item id="550125" dist="110.378654"/>
   </badge>
   <badge tag="candidates" msg="nearby L(35.57962, 129.00957)" gpsTime="2016-02-20T11:53:32Z" >
      <item id="550125" dist="113.14703"/>
   </badge>
   <badge tag="candidates" msg="nearby L(35.57962, 129.00957)" gpsTime="2016-02-20T11:53:32Z" >
      <item id="550125" dist="113.14703"/>
   </badge>
   <badge tag="candidates" msg="nearby L(35.57962, 129.00957)" gpsTime="2016-02-20T11:53:32Z" >
      <item id="550125" dist="113.14703"/>
   </badge>
   <badge tag="candidates" msg="nearby L(35.57964, 129.00960)" gpsTime="2016-02-20T11:53:34Z" >
      <item id="550125" dist="113.544334"/>
   </badge>
   <badge tag="candidates" msg="nearby L(35.57964, 129.00960)" gpsTime="2016-02-20T11:53:34Z" >
      <item id="550125" dist="113.544334"/>
   </badge>
   <badge tag="candidates" msg="nearby L(35.57965, 129.00962)" gpsTime="2016-02-20T11:53:36Z" >
      <item id="550125" dist="113.48123"/>
   </badge>
   <badge tag="candidates" msg="nearby L(35.57965, 129.00962)" gpsTime="2016-02-20T11:53:36Z" >
      <item id="550125" dist="113.48123"/>
   </badge>
   <badge tag="candidates" msg="nearby L(35.57967, 129.00964)" gpsTime="2016-02-20T11:53:38Z" >
      <item id="550125" dist="113.604385"/>
   </badge>
   <badge tag="candidates" msg="nearby L(35.57967, 129.00964)" gpsTime="2016-02-20T11:53:38Z" >
      <item id="550125" dist="113.604385"/>
   </badge>
   <badge tag="candidates" msg="nearby L(35.57969, 129.00965)" gpsTime="2016-02-20T11:53:40Z" >
      <item id="550125" dist="112.8677"/>
   </badge>
   <badge tag="candidates" msg="nearby L(35.57969, 129.00965)" gpsTime="2016-02-20T11:53:40Z" >
      <item id="550125" dist="112.8677"/>
   </badge>
   <badge tag="candidates" msg="nearby L(35.57969, 129.00965)" gpsTime="2016-02-20T11:53:40Z" >
      <item id="550125" dist="112.8677"/>
   </badge>
   <badge tag="candidates" msg="nearby L(35.57971, 129.00967)" gpsTime="2016-02-20T11:53:42Z" >
      <item id="550125" dist="112.63921"/>
   </badge>
   <badge tag="candidates" msg="nearby L(35.57971, 129.00968)" gpsTime="2016-02-20T11:53:43Z" >
      <item id="550125" dist="112.70933"/>
   </badge>
   <badge tag="candidates" msg="nearby L(35.57972, 129.00969)" gpsTime="2016-02-20T11:53:44Z" >
      <item id="550125" dist="112.95795"/>
   </badge>
   <badge tag="candidates" msg="nearby L(35.57953, 129.00947)" gpsTime="2016-02-20T11:53:45Z" >
      <item id="550125" dist="116.22194"/>
   </badge>
   <badge tag="candidates" msg="nearby L(35.57973, 129.00971)" gpsTime="2016-02-20T11:53:45Z" >
      <item id="550125" dist="113.32239"/>
   </badge>
   <badge tag="candidates" msg="nearby L(35.57953, 129.00947)" gpsTime="2016-02-20T11:53:45Z" >
      <item id="550125" dist="116.22194"/>
   </badge>
   <badge tag="candidates" msg="nearby L(35.57973, 129.00971)" gpsTime="2016-02-20T11:53:45Z" >
      <item id="550125" dist="113.32239"/>
   </badge>
   <badge tag="candidates" msg="nearby L(35.57954, 129.00948)" gpsTime="2016-02-20T11:53:47Z" >
      <item id="550125" dist="116.342094"/>
   </badge>
   <badge tag="candidates" msg="nearby L(35.57974, 129.00973)" gpsTime="2016-02-20T11:53:47Z" >
      <item id="550125" dist="114.10813"/>
   </badge>
   <badge tag="candidates" msg="nearby L(35.57954, 129.00949)" gpsTime="2016-02-20T11:53:48Z" >
      <item id="550125" dist="116.50288"/>
   </badge>
   <badge tag="candidates" msg="nearby L(35.57974, 129.00974)" gpsTime="2016-02-20T11:53:48Z" >
      <item id="550125" dist="114.587814"/>
   </badge>
   <badge tag="candidates" msg="nearby L(35.57954, 129.00949)" gpsTime="2016-02-20T11:53:48Z" >
      <item id="550125" dist="116.50288"/>
   </badge>
   <badge tag="candidates" msg="nearby L(35.57974, 129.00974)" gpsTime="2016-02-20T11:53:48Z" >
      <item id="550125" dist="114.587814"/>
   </badge>
   <badge tag="candidates" msg="nearby L(35.57955, 129.00950)" gpsTime="2016-02-20T11:53:50Z" >
      <item id="550125" dist="116.94577"/>
   </badge>
   <badge tag="candidates" msg="nearby L(35.57974, 129.00976)" gpsTime="2016-02-20T11:53:50Z" >
      <item id="550125" dist="115.77904"/>
   </badge>
   <badge tag="candidates" msg="nearby L(35.57955, 129.00950)" gpsTime="2016-02-20T11:53:50Z" >
      <item id="550125" dist="116.94577"/>
   </badge>
   <badge tag="candidates" msg="nearby L(35.57974, 129.00976)" gpsTime="2016-02-20T11:53:50Z" >
      <item id="550125" dist="115.77904"/>
   </badge>
   <badge tag="candidates" msg="nearby L(35.57955, 129.00951)" gpsTime="2016-02-20T11:53:51Z" >
      <item id="550125" dist="116.93589"/>
   </badge>
   <badge tag="candidates" msg="nearby L(35.57975, 129.00977)" gpsTime="2016-02-20T11:53:51Z" >
      <item id="550125" dist="116.0541"/>
   </badge>
   <badge tag="candidates" msg="nearby L(35.57955, 129.00952)" gpsTime="2016-02-20T11:53:52Z" >
      <item id="550125" dist="116.93601"/>
   </badge>
   <badge tag="candidates" msg="nearby L(35.57975, 129.00978)" gpsTime="2016-02-20T11:53:52Z" >
      <item id="550125" dist="116.39446"/>
   </badge>
   <badge tag="candidates" msg="nearby L(35.57956, 129.00952)" gpsTime="2016-02-20T11:53:53Z" >
      <item id="550125" dist="116.95659"/>
   </badge>
   <badge tag="candidates" msg="nearby L(35.57976, 129.00979)" gpsTime="2016-02-20T11:53:53Z" >
      <item id="550125" dist="116.74377"/>
   </badge>
   <badge tag="candidates" msg="nearby L(35.57956, 129.00952)" gpsTime="2016-02-20T11:53:53Z" >
      <item id="550125" dist="116.95659"/>
   </badge>
   <badge tag="candidates" msg="nearby L(35.57976, 129.00979)" gpsTime="2016-02-20T11:53:53Z" >
      <item id="550125" dist="116.74377"/>
   </badge>
   <badge tag="candidates" msg="nearby L(35.57956, 129.00954)" gpsTime="2016-02-20T11:53:55Z" >
      <item id="550125" dist="117.083145"/>
   </badge>
   <badge tag="candidates" msg="nearby L(35.57977, 129.00981)" gpsTime="2016-02-20T11:53:55Z" >
      <item id="550125" dist="117.5558"/>
   </badge>
   <badge tag="candidates" msg="nearby L(35.58336, 129.01672)" gpsTime="2016-02-20T12:11:21Z" >
      <item id="18000104" dist="149.85258"/>
   </badge>
   <badge tag="candidates" msg="nearby L(35.58363, 129.01722)" gpsTime="2016-02-20T12:13:05Z" >
      <item id="18000104" dist="100.4204"/>
   </badge>
   <badge tag="registration (offline)" msg="code -1" badgeId="18000104" badgeUser="64B15C3327AC322D" badgeTime="2016-02-20T12:14:00Z" />
   <badge tag="candidates" msg="nearby L(35.57518, 129.03591)" gpsTime="2016-02-20T13:46:26Z" >
      <item id="18000106" dist="147.02945"/>
   </badge>
   <badge tag="candidates" msg="nearby L(35.57492, 129.03604)" gpsTime="2016-02-20T13:47:10Z" >
      <item id="18000106" dist="117.15653"/>
   </badge>
   <badge tag="candidates" msg="nearby L(35.57480, 129.03607)" gpsTime="2016-02-20T13:47:28Z" >
      <item id="18000106" dist="103.233826"/>
   </badge>
   <badge tag="candidates" msg="nearby L(35.57480, 129.03607)" gpsTime="2016-02-20T13:47:28Z" >
      <item id="18000106" dist="103.233826"/>
   </badge>
   <badge tag="candidates" msg="nearby L(35.57479, 129.03608)" gpsTime="2016-02-20T13:47:30Z" >
      <item id="18000106" dist="102.247536"/>
   </badge>
   <badge tag="candidates" msg="nearby L(35.57479, 129.03608)" gpsTime="2016-02-20T13:47:30Z" >
      <item id="18000106" dist="102.247536"/>
   </badge>
   <badge tag="candidates" msg="nearby L(35.57479, 129.03608)" gpsTime="2016-02-20T13:47:30Z" >
      <item id="18000106" dist="102.247536"/>
   </badge>
   <badge tag="candidates" msg="nearby L(35.57479, 129.03608)" gpsTime="2016-02-20T13:47:32Z" >
      <item id="18000106" dist="101.92541"/>
   </badge>
   <badge tag="candidates" msg="nearby L(35.57479, 129.03608)" gpsTime="2016-02-20T13:47:32Z" >
      <item id="18000106" dist="101.92541"/>
   </badge>
   <badge tag="candidates" msg="nearby L(35.57478, 129.03609)" gpsTime="2016-02-20T13:47:34Z" >
      <item id="18000106" dist="100.378975"/>
   </badge>
   <badge tag="candidates" msg="nearby L(35.57478, 129.03609)" gpsTime="2016-02-20T13:47:34Z" >
      <item id="18000106" dist="100.378975"/>
   </badge>
   <badge tag="candidates" msg="nearby L(35.57476, 129.03609)" gpsTime="2016-02-20T13:47:36Z" >
      <item id="18000106" dist="98.34921"/>
   </badge>
   <badge tag="candidates" msg="nearby L(35.57475, 129.03609)" gpsTime="2016-02-20T13:47:37Z" >
      <item id="18000106" dist="97.3862"/>
   </badge>
   <badge tag="candidates" msg="nearby L(35.57475, 129.03609)" gpsTime="2016-02-20T13:47:37Z" >
      <item id="18000106" dist="97.3862"/>
   </badge>
   <badge tag="candidates" msg="nearby L(35.57475, 129.03609)" gpsTime="2016-02-20T13:47:37Z" >
      <item id="18000106" dist="97.3862"/>
   </badge>
   <badge tag="candidates" msg="nearby L(35.57474, 129.03610)" gpsTime="2016-02-20T13:47:39Z" >
      <item id="18000106" dist="96.809296"/>
   </badge>
   <badge tag="candidates" msg="nearby L(35.57475, 129.03610)" gpsTime="2016-02-20T13:47:40Z" >
      <item id="18000106" dist="96.98485"/>
   </badge>
   <badge tag="candidates" msg="nearby L(35.57475, 129.03610)" gpsTime="2016-02-20T13:47:41Z" >
      <item id="18000106" dist="97.08225"/>
   </badge>
   <badge tag="candidates" msg="nearby L(35.57474, 129.03610)" gpsTime="2016-02-20T13:47:42Z" >
      <item id="18000106" dist="96.86415"/>
   </badge>
   <badge tag="candidates" msg="nearby L(35.57474, 129.03610)" gpsTime="2016-02-20T13:47:42Z" >
      <item id="18000106" dist="96.86415"/>
   </badge>
   <badge tag="candidates" msg="nearby L(35.57473, 129.03610)" gpsTime="2016-02-20T13:47:44Z" >
      <item id="18000106" dist="95.41634"/>
   </badge>
   <badge tag="candidates" msg="nearby L(35.57473, 129.03610)" gpsTime="2016-02-20T13:47:44Z" >
      <item id="18000106" dist="95.41634"/>
   </badge>
   <badge tag="candidates" msg="nearby L(35.57472, 129.03609)" gpsTime="2016-02-20T13:47:45Z" >
      <item id="18000106" dist="94.31504"/>
   </badge>
   <badge tag="candidates" msg="nearby L(35.57472, 129.03609)" gpsTime="2016-02-20T13:47:45Z" >
      <item id="18000106" dist="94.31504"/>
   </badge>
   <badge tag="candidates" msg="nearby L(35.57470, 129.03609)" gpsTime="2016-02-20T13:47:47Z" >
      <item id="18000106" dist="91.5654"/>
   </badge>
   <badge tag="candidates" msg="nearby L(35.57468, 129.03609)" gpsTime="2016-02-20T13:47:48Z" >
      <item id="18000106" dist="90.21542"/>
   </badge>
   <badge tag="candidates" msg="nearby L(35.57467, 129.03609)" gpsTime="2016-02-20T13:47:49Z" >
      <item id="18000106" dist="88.559166"/>
   </badge>
   <badge tag="candidates" msg="nearby L(35.57467, 129.03609)" gpsTime="2016-02-20T13:47:49Z" >
      <item id="18000106" dist="88.559166"/>
   </badge>
   <badge tag="candidates" msg="nearby L(35.57491, 129.03602)" gpsTime="2016-02-20T13:47:51Z" >
      <item id="18000106" dist="116.42675"/>
   </badge>
   <badge tag="candidates" msg="nearby L(35.57464, 129.03608)" gpsTime="2016-02-20T13:47:51Z" >
      <item id="18000106" dist="85.802444"/>
   </badge>
   <badge tag="candidates" msg="nearby L(35.57490, 129.03602)" gpsTime="2016-02-20T13:47:52Z" >
      <item id="18000106" dist="115.57168"/>
   </badge>
   <badge tag="candidates" msg="nearby L(35.57463, 129.03608)" gpsTime="2016-02-20T13:47:52Z" >
      <item id="18000106" dist="84.51849"/>
   </badge>
   <badge tag="candidates" msg="nearby L(35.57490, 129.03602)" gpsTime="2016-02-20T13:47:52Z" >
      <item id="18000106" dist="115.57168"/>
   </badge>
   <badge tag="candidates" msg="nearby L(35.57463, 129.03608)" gpsTime="2016-02-20T13:47:52Z" >
      <item id="18000106" dist="84.51849"/>
   </badge>
   <badge tag="candidates" msg="nearby L(35.57490, 129.03602)" gpsTime="2016-02-20T13:47:52Z" >
      <item id="18000106" dist="115.57168"/>
   </badge>
   <badge tag="candidates" msg="nearby L(35.57463, 129.03608)" gpsTime="2016-02-20T13:47:52Z" >
      <item id="18000106" dist="84.51849"/>
   </badge>
   <badge tag="candidates" msg="nearby L(35.57489, 129.03602)" gpsTime="2016-02-20T13:47:54Z" >
      <item id="18000106" dist="113.74271"/>
   </badge>
   <badge tag="candidates" msg="nearby L(35.57460, 129.03608)" gpsTime="2016-02-20T13:47:54Z" >
      <item id="18000106" dist="81.774414"/>
   </badge>
   <badge tag="candidates" msg="nearby L(35.57488, 129.03602)" gpsTime="2016-02-20T13:47:55Z" >
      <item id="18000106" dist="112.89844"/>
   </badge>
   <badge tag="candidates" msg="nearby L(35.57459, 129.03608)" gpsTime="2016-02-20T13:47:55Z" >
      <item id="18000106" dist="80.508675"/>
   </badge>
   <badge tag="candidates" msg="nearby L(35.57488, 129.03602)" gpsTime="2016-02-20T13:47:55Z" >
      <item id="18000106" dist="112.89844"/>
   </badge>
   <badge tag="candidates" msg="nearby L(35.57459, 129.03608)" gpsTime="2016-02-20T13:47:55Z" >
      <item id="18000106" dist="80.508675"/>
   </badge>
   <badge tag="candidates" msg="nearby L(35.57486, 129.03602)" gpsTime="2016-02-20T13:47:57Z" >
      <item id="18000106" dist="111.13333"/>
   </badge>
   <badge tag="candidates" msg="nearby L(35.57457, 129.03608)" gpsTime="2016-02-20T13:47:57Z" >
      <item id="18000106" dist="77.86179"/>
   </badge>
   <badge tag="candidates" msg="nearby L(35.57486, 129.03602)" gpsTime="2016-02-20T13:47:58Z" >
      <item id="18000106" dist="110.31353"/>
   </badge>
   <badge tag="candidates" msg="nearby L(35.57456, 129.03609)" gpsTime="2016-02-20T13:47:58Z" >
      <item id="18000106" dist="76.63172"/>
   </badge>
   <badge tag="registration (offline)" msg="code -1" badgeId="18000106" badgeUser="64B15C3327AC322D" badgeTime="2016-02-20T13:48:00Z" />
   <badge tag="candidates" msg="nearby L(35.55339, 129.04007)" gpsTime="2016-02-20T15:18:41Z" >
      <item id="18000102" dist="144.19858"/>
   </badge>
   <badge tag="candidates" msg="nearby L(35.55312, 129.04008)" gpsTime="2016-02-20T15:19:47Z" >
      <item id="18000102" dist="113.80112"/>
   </badge>
   <badge tag="candidates" msg="nearby L(35.55299, 129.04005)" gpsTime="2016-02-20T15:20:20Z" >
      <item id="18000102" dist="99.80877"/>
   </badge>
   <badge tag="candidates" msg="nearby L(35.55299, 129.04005)" gpsTime="2016-02-20T15:20:20Z" >
      <item id="18000102" dist="99.80877"/>
   </badge>
   <badge tag="candidates" msg="nearby L(35.55298, 129.04005)" gpsTime="2016-02-20T15:20:22Z" >
      <item id="18000102" dist="98.97871"/>
   </badge>
   <badge tag="candidates" msg="nearby L(35.55298, 129.04005)" gpsTime="2016-02-20T15:20:22Z" >
      <item id="18000102" dist="98.97871"/>
   </badge>
   <badge tag="candidates" msg="nearby L(35.55298, 129.04005)" gpsTime="2016-02-20T15:20:22Z" >
      <item id="18000102" dist="98.97871"/>
   </badge>
   <badge tag="candidates" msg="nearby L(35.55298, 129.04005)" gpsTime="2016-02-20T15:20:24Z" >
      <item id="18000102" dist="98.42139"/>
   </badge>
   <badge tag="candidates" msg="nearby L(35.55298, 129.04005)" gpsTime="2016-02-20T15:20:25Z" >
      <item id="18000102" dist="98.35407"/>
   </badge>
   <badge tag="candidates" msg="nearby L(35.55297, 129.04004)" gpsTime="2016-02-20T15:20:26Z" >
      <item id="18000102" dist="98.21878"/>
   </badge>
   <badge tag="candidates" msg="nearby L(35.55297, 129.04004)" gpsTime="2016-02-20T15:20:27Z" >
      <item id="18000102" dist="97.78257"/>
   </badge>
   <badge tag="candidates" msg="nearby L(35.55297, 129.04003)" gpsTime="2016-02-20T15:20:28Z" >
      <item id="18000102" dist="97.3795"/>
   </badge>
   <badge tag="candidates" msg="nearby L(35.55297, 129.04003)" gpsTime="2016-02-20T15:20:28Z" >
      <item id="18000102" dist="97.3795"/>
   </badge>
   <badge tag="candidates" msg="nearby L(35.55297, 129.04003)" gpsTime="2016-02-20T15:20:28Z" >
      <item id="18000102" dist="97.3795"/>
   </badge>
   <badge tag="candidates" msg="nearby L(35.55295, 129.04002)" gpsTime="2016-02-20T15:20:30Z" >
      <item id="18000102" dist="95.68849"/>
   </badge>
   <badge tag="candidates" msg="nearby L(35.55295, 129.04002)" gpsTime="2016-02-20T15:20:30Z" >
      <item id="18000102" dist="95.68849"/>
   </badge>
   <badge tag="candidates" msg="nearby L(35.55294, 129.04002)" gpsTime="2016-02-20T15:20:32Z" >
      <item id="18000102" dist="94.226685"/>
   </badge>
   <badge tag="candidates" msg="nearby L(35.55293, 129.04002)" gpsTime="2016-02-20T15:20:33Z" >
      <item id="18000102" dist="93.9723"/>
   </badge>
   <badge tag="candidates" msg="nearby L(35.55293, 129.04002)" gpsTime="2016-02-20T15:20:33Z" >
      <item id="18000102" dist="93.9723"/>
   </badge>
   <badge tag="candidates" msg="nearby L(35.55293, 129.04002)" gpsTime="2016-02-20T15:20:35Z" >
      <item id="18000102" dist="93.34934"/>
   </badge>
   <badge tag="candidates" msg="nearby L(35.55292, 129.04002)" gpsTime="2016-02-20T15:20:36Z" >
      <item id="18000102" dist="92.5971"/>
   </badge>
   <badge tag="candidates" msg="nearby L(35.55292, 129.04002)" gpsTime="2016-02-20T15:20:37Z" >
      <item id="18000102" dist="92.0349"/>
   </badge>
   <badge tag="candidates" msg="nearby L(35.55292, 129.04002)" gpsTime="2016-02-20T15:20:37Z" >
      <item id="18000102" dist="92.0349"/>
   </badge>
   <badge tag="candidates" msg="nearby L(35.55292, 129.04002)" gpsTime="2016-02-20T15:20:37Z" >
      <item id="18000102" dist="92.0349"/>
   </badge>
   <badge tag="candidates" msg="nearby L(35.55291, 129.04002)" gpsTime="2016-02-20T15:20:39Z" >
      <item id="18000102" dist="91.478294"/>
   </badge>
   <badge tag="candidates" msg="nearby L(35.55291, 129.04002)" gpsTime="2016-02-20T15:20:40Z" >
      <item id="18000102" dist="91.20374"/>
   </badge>
   <badge tag="candidates" msg="nearby L(35.55291, 129.04003)" gpsTime="2016-02-20T15:20:41Z" >
      <item id="18000102" dist="91.19114"/>
   </badge>
   <badge tag="candidates" msg="nearby L(35.55291, 129.04003)" gpsTime="2016-02-20T15:20:42Z" >
      <item id="18000102" dist="91.348816"/>
   </badge>
   <badge tag="candidates" msg="nearby L(35.55291, 129.04003)" gpsTime="2016-02-20T15:20:43Z" >
      <item id="18000102" dist="91.34263"/>
   </badge>
   <badge tag="candidates" msg="nearby L(35.55291, 129.04003)" gpsTime="2016-02-20T15:20:43Z" >
      <item id="18000102" dist="91.34263"/>
   </badge>
   <badge tag="candidates" msg="nearby L(35.55291, 129.04003)" gpsTime="2016-02-20T15:20:43Z" >
      <item id="18000102" dist="91.34263"/>
   </badge>
   <badge tag="candidates" msg="nearby L(35.55291, 129.04002)" gpsTime="2016-02-20T15:20:45Z" >
      <item id="18000102" dist="91.18528"/>
   </badge>
   <badge tag="candidates" msg="nearby L(35.55291, 129.04002)" gpsTime="2016-02-20T15:20:45Z" >
      <item id="18000102" dist="91.18528"/>
   </badge>
   <badge tag="candidates" msg="nearby L(35.55290, 129.04002)" gpsTime="2016-02-20T15:20:47Z" >
      <item id="18000102" dist="90.64715"/>
   </badge>
   <badge tag="candidates" msg="nearby L(35.55290, 129.04002)" gpsTime="2016-02-20T15:20:48Z" >
      <item id="18000102" dist="90.482895"/>
   </badge>
   <badge tag="candidates" msg="nearby L(35.55290, 129.04002)" gpsTime="2016-02-20T15:20:49Z" >
      <item id="18000102" dist="89.80375"/>
   </badge>
   <badge tag="candidates" msg="nearby L(35.55289, 129.04002)" gpsTime="2016-02-20T15:20:50Z" >
      <item id="18000102" dist="89.43836"/>
   </badge>
   <badge tag="candidates" msg="nearby L(35.55289, 129.04002)" gpsTime="2016-02-20T15:20:50Z" >
      <item id="18000102" dist="89.43836"/>
   </badge>
   <badge tag="candidates" msg="nearby L(35.55289, 129.04002)" gpsTime="2016-02-20T15:20:50Z" >
      <item id="18000102" dist="89.43836"/>
   </badge>
   <badge tag="candidates" msg="nearby L(35.55288, 129.04002)" gpsTime="2016-02-20T15:20:52Z" >
      <item id="18000102" dist="88.36693"/>
   </badge>
   <badge tag="candidates" msg="nearby L(35.55288, 129.04002)" gpsTime="2016-02-20T15:20:52Z" >
      <item id="18000102" dist="88.36693"/>
   </badge>
   <badge tag="candidates" msg="nearby L(35.55288, 129.04003)" gpsTime="2016-02-20T15:20:54Z" >
      <item id="18000102" dist="87.896675"/>
   </badge>
   <badge tag="candidates" msg="nearby L(35.55288, 129.04003)" gpsTime="2016-02-20T15:20:55Z" >
      <item id="18000102" dist="87.424"/>
   </badge>
   <badge tag="candidates" msg="nearby L(35.55288, 129.04003)" gpsTime="2016-02-20T15:20:55Z" >
      <item id="18000102" dist="87.424"/>
   </badge>
   <badge tag="candidates" msg="nearby L(35.55286, 129.04004)" gpsTime="2016-02-20T15:20:57Z" >
      <item id="18000102" dist="85.93337"/>
   </badge>
   <badge tag="candidates" msg="nearby L(35.55312, 129.04004)" gpsTime="2016-02-20T15:20:58Z" >
      <item id="18000102" dist="114.53288"/>
   </badge>
   <badge tag="candidates" msg="nearby L(35.55285, 129.04004)" gpsTime="2016-02-20T15:20:58Z" >
      <item id="18000102" dist="84.74205"/>
   </badge>
   <badge tag="candidates" msg="nearby L(35.55312, 129.04004)" gpsTime="2016-02-20T15:20:58Z" >
      <item id="18000102" dist="114.53288"/>
   </badge>
   <badge tag="candidates" msg="nearby L(35.55285, 129.04004)" gpsTime="2016-02-20T15:20:58Z" >
      <item id="18000102" dist="84.74205"/>
   </badge>
   <badge tag="candidates" msg="nearby L(35.55311, 129.04004)" gpsTime="2016-02-20T15:21:00Z" >
      <item id="18000102" dist="113.41993"/>
   </badge>
   <badge tag="candidates" msg="nearby L(35.55284, 129.04004)" gpsTime="2016-02-20T15:21:00Z" >
      <item id="18000102" dist="83.06759"/>
   </badge>
   <badge tag="candidates" msg="nearby L(35.55311, 129.04004)" gpsTime="2016-02-20T15:21:01Z" >
      <item id="18000102" dist="112.99792"/>
   </badge>
   <badge tag="candidates" msg="nearby L(35.55283, 129.04004)" gpsTime="2016-02-20T15:21:01Z" >
      <item id="18000102" dist="82.4248"/>
   </badge>
   <badge tag="candidates" msg="nearby L(35.55311, 129.04004)" gpsTime="2016-02-20T15:21:01Z" >
      <item id="18000102" dist="112.99792"/>
   </badge>
   <badge tag="candidates" msg="nearby L(35.55283, 129.04004)" gpsTime="2016-02-20T15:21:01Z" >
      <item id="18000102" dist="82.4248"/>
   </badge>
   <badge tag="candidates" msg="nearby L(35.55311, 129.04004)" gpsTime="2016-02-20T15:21:01Z" >
      <item id="18000102" dist="112.99792"/>
   </badge>
   <badge tag="candidates" msg="nearby L(35.55283, 129.04004)" gpsTime="2016-02-20T15:21:01Z" >
      <item id="18000102" dist="82.4248"/>
   </badge>
   <badge tag="candidates" msg="nearby L(35.55311, 129.04004)" gpsTime="2016-02-20T15:21:03Z" >
      <item id="18000102" dist="112.62656"/>
   </badge>
   <badge tag="candidates" msg="nearby L(35.55283, 129.04005)" gpsTime="2016-02-20T15:21:03Z" >
      <item id="18000102" dist="81.85406"/>
   </badge>
   <badge tag="candidates" msg="nearby L(35.55311, 129.04004)" gpsTime="2016-02-20T15:21:04Z" >
      <item id="18000102" dist="112.56057"/>
   </badge>
   <badge tag="candidates" msg="nearby L(35.55283, 129.04005)" gpsTime="2016-02-20T15:21:04Z" >
      <item id="18000102" dist="81.75302"/>
   </badge>
   <badge tag="candidates" msg="nearby L(35.55311, 129.04005)" gpsTime="2016-02-20T15:21:05Z" >
      <item id="18000102" dist="112.614044"/>
   </badge>
   <badge tag="candidates" msg="nearby L(35.55283, 129.04005)" gpsTime="2016-02-20T15:21:05Z" >
      <item id="18000102" dist="81.825584"/>
   </badge>
   <badge tag="candidates" msg="nearby L(35.55311, 129.04005)" gpsTime="2016-02-20T15:21:06Z" >
      <item id="18000102" dist="112.567085"/>
   </badge>
   <badge tag="candidates" msg="nearby L(35.55283, 129.04005)" gpsTime="2016-02-20T15:21:06Z" >
      <item id="18000102" dist="81.75195"/>
   </badge>
   <badge tag="candidates" msg="nearby L(35.55311, 129.04005)" gpsTime="2016-02-20T15:21:07Z" >
      <item id="18000102" dist="112.53939"/>
   </badge>
   <badge tag="candidates" msg="nearby L(35.55283, 129.04006)" gpsTime="2016-02-20T15:21:07Z" >
      <item id="18000102" dist="81.698074"/>
   </badge>
   <badge tag="candidates" msg="nearby L(35.55311, 129.04005)" gpsTime="2016-02-20T15:21:07Z" >
      <item id="18000102" dist="112.53939"/>
   </badge>
   <badge tag="candidates" msg="nearby L(35.55283, 129.04006)" gpsTime="2016-02-20T15:21:07Z" >
      <item id="18000102" dist="81.698074"/>
   </badge>
   <badge tag="candidates" msg="nearby L(35.55310, 129.04005)" gpsTime="2016-02-20T15:21:09Z" >
      <item id="18000102" dist="112.10871"/>
   </badge>
   <badge tag="candidates" msg="nearby L(35.55282, 129.04006)" gpsTime="2016-02-20T15:21:09Z" >
      <item id="18000102" dist="81.05354"/>
   </badge>
   <badge tag="candidates" msg="nearby L(35.55310, 129.04005)" gpsTime="2016-02-20T15:21:09Z" >
      <item id="18000102" dist="112.10871"/>
   </badge>
   <badge tag="candidates" msg="nearby L(35.55282, 129.04006)" gpsTime="2016-02-20T15:21:09Z" >
      <item id="18000102" dist="81.05354"/>
   </badge>
   <badge tag="candidates" msg="nearby L(35.55310, 129.04005)" gpsTime="2016-02-20T15:21:09Z" >
      <item id="18000102" dist="112.10871"/>
   </badge>
   <badge tag="candidates" msg="nearby L(35.55282, 129.04006)" gpsTime="2016-02-20T15:21:09Z" >
      <item id="18000102" dist="81.05354"/>
   </badge>
   <badge tag="candidates" msg="nearby L(35.55309, 129.04005)" gpsTime="2016-02-20T15:21:11Z" >
      <item id="18000102" dist="111.37027"/>
   </badge>
   <badge tag="candidates" msg="nearby L(35.55281, 129.04006)" gpsTime="2016-02-20T15:21:11Z" >
      <item id="18000102" dist="79.94656"/>
   </badge>
   <badge tag="candidates" msg="nearby L(35.55309, 129.04005)" gpsTime="2016-02-20T15:21:11Z" >
      <item id="18000102" dist="111.37027"/>
   </badge>
   <badge tag="candidates" msg="nearby L(35.55281, 129.04006)" gpsTime="2016-02-20T15:21:11Z" >
      <item id="18000102" dist="79.94656"/>
   </badge>
   <badge tag="candidates" msg="nearby L(35.55309, 129.04005)" gpsTime="2016-02-20T15:21:13Z" >
      <item id="18000102" dist="110.334404"/>
   </badge>
   <badge tag="candidates" msg="nearby L(35.55280, 129.04006)" gpsTime="2016-02-20T15:21:13Z" >
      <item id="18000102" dist="78.38918"/>
   </badge>
   <badge tag="candidates" msg="nearby L(35.55308, 129.04006)" gpsTime="2016-02-20T15:21:14Z" >
      <item id="18000102" dist="109.80083"/>
   </badge>
   <badge tag="candidates" msg="nearby L(35.55279, 129.04007)" gpsTime="2016-02-20T15:21:14Z" >
      <item id="18000102" dist="77.58118"/>
   </badge>
   <badge tag="candidates" msg="nearby L(35.55308, 129.04006)" gpsTime="2016-02-20T15:21:14Z" >
      <item id="18000102" dist="109.80083"/>
   </badge>
   <badge tag="candidates" msg="nearby L(35.55279, 129.04007)" gpsTime="2016-02-20T15:21:14Z" >
      <item id="18000102" dist="77.58118"/>
   </badge>
   <badge tag="candidates" msg="nearby L(35.55307, 129.04006)" gpsTime="2016-02-20T15:21:16Z" >
      <item id="18000102" dist="108.91969"/>
   </badge>
   <badge tag="candidates" msg="nearby L(35.55278, 129.04008)" gpsTime="2016-02-20T15:21:16Z" >
      <item id="18000102" dist="76.23801"/>
   </badge>
   <badge tag="candidates" msg="nearby L(35.55307, 129.04006)" gpsTime="2016-02-20T15:21:17Z" >
      <item id="18000102" dist="108.91969"/>
   </badge>
   <badge tag="candidates" msg="nearby L(35.55278, 129.04008)" gpsTime="2016-02-20T15:21:17Z" >
      <item id="18000102" dist="76.23801"/>
   </badge>
   <badge tag="candidates" msg="nearby L(35.55307, 129.04006)" gpsTime="2016-02-20T15:21:17Z" >
      <item id="18000102" dist="108.91969"/>
   </badge>
   <badge tag="candidates" msg="nearby L(35.55278, 129.04008)" gpsTime="2016-02-20T15:21:17Z" >
      <item id="18000102" dist="76.23801"/>
   </badge>
   <badge tag="candidates" msg="nearby L(35.55307, 129.04006)" gpsTime="2016-02-20T15:21:19Z" >
      <item id="18000102" dist="108.60525"/>
   </badge>
   <badge tag="candidates" msg="nearby L(35.55277, 129.04008)" gpsTime="2016-02-20T15:21:19Z" >
      <item id="18000102" dist="75.76118"/>
   </badge>
   <badge tag="candidates" msg="nearby L(35.55307, 129.04007)" gpsTime="2016-02-20T15:21:20Z" >
      <item id="18000102" dist="108.44026"/>
   </badge>
   <badge tag="candidates" msg="nearby L(35.55277, 129.04008)" gpsTime="2016-02-20T15:21:20Z" >
      <item id="18000102" dist="75.507835"/>
   </badge>
   <badge tag="candidates" msg="nearby L(35.55307, 129.04007)" gpsTime="2016-02-20T15:21:20Z" >
      <item id="18000102" dist="108.44026"/>
   </badge>
   <badge tag="candidates" msg="nearby L(35.55277, 129.04008)" gpsTime="2016-02-20T15:21:20Z" >
      <item id="18000102" dist="75.507835"/>
   </badge>
   <badge tag="candidates" msg="nearby L(35.55307, 129.04007)" gpsTime="2016-02-20T15:21:20Z" >
      <item id="18000102" dist="108.44026"/>
   </badge>
   <badge tag="candidates" msg="nearby L(35.55277, 129.04008)" gpsTime="2016-02-20T15:21:20Z" >
      <item id="18000102" dist="75.507835"/>
   </badge>
   <badge tag="candidates" msg="nearby L(35.55307, 129.04007)" gpsTime="2016-02-20T15:21:22Z" >
      <item id="18000102" dist="108.18105"/>
   </badge>
   <badge tag="candidates" msg="nearby L(35.55277, 129.04009)" gpsTime="2016-02-20T15:21:22Z" >
      <item id="18000102" dist="75.11343"/>
   </badge>
   <badge tag="candidates" msg="nearby L(35.55307, 129.04007)" gpsTime="2016-02-20T15:21:22Z" >
      <item id="18000102" dist="108.18105"/>
   </badge>
   <badge tag="candidates" msg="nearby L(35.55277, 129.04009)" gpsTime="2016-02-20T15:21:22Z" >
      <item id="18000102" dist="75.11343"/>
   </badge>
   <badge tag="candidates" msg="nearby L(35.55307, 129.04007)" gpsTime="2016-02-20T15:21:24Z" >
      <item id="18000102" dist="107.9817"/>
   </badge>
   <badge tag="candidates" msg="nearby L(35.55277, 129.04009)" gpsTime="2016-02-20T15:21:24Z" >
      <item id="18000102" dist="74.80709"/>
   </badge>
   <badge tag="registration (offline)" msg="code -1" badgeId="18000102" badgeUser="64B15C3327AC322D" badgeTime="2016-02-20T15:21:24Z" />
   <badge tag="candidates" msg="nearby L(35.53962, 129.05225)" gpsTime="2016-02-21T08:07:41Z" >
      <item id="18000111" dist="148.22726"/>
   </badge>
   <badge tag="candidates" msg="nearby L(35.53957, 129.05267)" gpsTime="2016-02-21T08:08:08Z" >
      <item id="18000111" dist="110.164246"/>
   </badge>
   <badge tag="candidates" msg="nearby L(35.53953, 129.05300)" gpsTime="2016-02-21T08:08:37Z" >
      <item id="18000111" dist="79.51458"/>
   </badge>
   <badge tag="candidates" msg="nearby L(35.53957, 129.05266)" gpsTime="2016-02-21T08:08:38Z" >
      <item id="18000111" dist="110.67265"/>
   </badge>
   <badge tag="candidates" msg="nearby L(35.53953, 129.05302)" gpsTime="2016-02-21T08:08:38Z" >
      <item id="18000111" dist="78.25182"/>
   </badge>
   <badge tag="candidates" msg="nearby L(35.53957, 129.05267)" gpsTime="2016-02-21T08:08:39Z" >
      <item id="18000111" dist="110.02188"/>
   </badge>
   <badge tag="candidates" msg="nearby L(35.53952, 129.05303)" gpsTime="2016-02-21T08:08:39Z" >
      <item id="18000111" dist="76.95113"/>
   </badge>
   <badge tag="candidates" msg="nearby L(35.53957, 129.05267)" gpsTime="2016-02-21T08:08:39Z" >
      <item id="18000111" dist="110.02188"/>
   </badge>
   <badge tag="candidates" msg="nearby L(35.53952, 129.05303)" gpsTime="2016-02-21T08:08:39Z" >
      <item id="18000111" dist="76.95113"/>
   </badge>
   <badge tag="candidates" msg="nearby L(35.53957, 129.05268)" gpsTime="2016-02-21T08:08:40Z" >
      <item id="18000111" dist="109.40352"/>
   </badge>
   <badge tag="candidates" msg="nearby L(35.53952, 129.05305)" gpsTime="2016-02-21T08:08:40Z" >
      <item id="18000111" dist="75.71062"/>
   </badge>
   <badge tag="candidates" msg="nearby L(35.53957, 129.05268)" gpsTime="2016-02-21T08:08:40Z" >
      <item id="18000111" dist="109.40352"/>
   </badge>
   <badge tag="candidates" msg="nearby L(35.53952, 129.05305)" gpsTime="2016-02-21T08:08:40Z" >
      <item id="18000111" dist="75.71062"/>
   </badge>
   <badge tag="candidates" msg="nearby L(35.53957, 129.05269)" gpsTime="2016-02-21T08:08:42Z" >
      <item id="18000111" dist="108.279945"/>
   </badge>
   <badge tag="candidates" msg="nearby L(35.53952, 129.05307)" gpsTime="2016-02-21T08:08:42Z" >
      <item id="18000111" dist="73.469826"/>
   </badge>
   <badge tag="registration (offline)" msg="code -1" badgeId="18000111" badgeUser="64B15C3327AC322D" badgeTime="2016-02-21T08:08:42Z" />
     <badge tag="registration (online)" msg="code 0" badgeId="18000115" badgeUser="64B15C3327AC322D" badgeTime="2016-02-20T08:57:45Z" />
   <badge tag="registration (online)" msg="code 0" badgeId="18000117" badgeUser="64B15C3327AC322D" badgeTime="2016-02-20T10:02:10Z" />
   <badge tag="registration (online)" msg="code 0" badgeId="18000104" badgeUser="64B15C3327AC322D" badgeTime="2016-02-20T12:14:00Z" />
   <badge tag="registration (online)" msg="code 0" badgeId="18000106" badgeUser="64B15C3327AC322D" badgeTime="2016-02-20T13:48:00Z" />
   <badge tag="registration (online)" msg="code 0" badgeId="18000102" badgeUser="64B15C3327AC322D" badgeTime="2016-02-20T15:21:24Z" />
   <badge tag="registration (online)" msg="code 0" badgeId="18000111" badgeUser="64B15C3327AC322D" badgeTime="2016-02-21T08:08:42Z" />

  </extensions>

</gpx>
