<?xml version="1.0" encoding="UTF-8"?>
<gpx version="1.1" creator="gajago-nav" xmlns="http://www.topografix.com/GPX/1/1">
  <metadata><name>배내고개-능동산-천황산-재약산-표충사상가주차장 (2)</name></metadata>
  <wpt lat="35.581159" lon="129.026821">
    <name>들머리 (배내고개)</name>
    <ele>685</ele>
  </wpt>
  <wpt lat="35.584317" lon="129.019913">
    <name>갈림길</name>
  </wpt>
  <wpt lat="35.583720" lon="129.018380">
    <name>능동산</name>
    <ele>983</ele>
  </wpt>
  <wpt lat="35.583154" lon="129.016637">
    <name>갈림길</name>
  </wpt>
  <wpt lat="35.582502" lon="129.014328">
    <name>약수터</name>
  </wpt>
  <wpt lat="35.582357" lon="129.012538">
    <name>갈림길</name>
  </wpt>
  <wpt lat="35.582051" lon="129.012281">
    <name>갈림길</name>
  </wpt>
  <wpt lat="35.580390" lon="129.008800">
    <name>능동2봉</name>
    <ele>969</ele>
  </wpt>
  <wpt lat="35.577473" lon="129.005954">
    <name>갈림길</name>
  </wpt>
  <wpt lat="35.569378" lon="128.996401">
    <name>갈림길</name>
  </wpt>
  <wpt lat="35.567660" lon="128.998420">
    <name>토끼봉</name>
    <ele>1017</ele>
  </wpt>
  <wpt lat="35.568807" lon="128.994867">
    <name>갈림길</name>
  </wpt>
  <wpt lat="35.566738" lon="128.991246">
    <name>갈림길</name>
  </wpt>
  <wpt lat="35.565539" lon="128.988721">
    <name>갈림길</name>
  </wpt>
  <wpt lat="35.565312" lon="128.988257">
    <name>갈림길</name>
  </wpt>
  <wpt lat="35.564828" lon="128.981404">
    <name>갈림길</name>
  </wpt>
  <wpt lat="35.563488" lon="128.976337">
    <name>갈림길</name>
  </wpt>
  <wpt lat="35.561040" lon="128.971681">
    <name>갈림길</name>
  </wpt>
  <wpt lat="35.559369" lon="128.971713">
    <name>갈림길</name>
  </wpt>
  <wpt lat="35.557930" lon="128.972200">
    <name>천황산</name>
    <ele>1189</ele>
  </wpt>
  <wpt lat="35.551390" lon="128.976890">
    <name>천황재</name>
  </wpt>
  <wpt lat="35.551243" lon="128.977779">
    <name>갈림길</name>
  </wpt>
  <wpt lat="35.549475" lon="128.978913">
    <name>갈림길</name>
  </wpt>
  <wpt lat="35.547050" lon="128.981101">
    <name>갈림길</name>
  </wpt>
  <wpt lat="35.546833" lon="128.981223">
    <name>갈림길</name>
  </wpt>
  <wpt lat="35.545420" lon="128.980620">
    <name>재약산</name>
    <ele>1119</ele>
  </wpt>
  <wpt lat="35.543790" lon="128.977490">
    <name>진불암</name>
  </wpt>
  <wpt lat="35.538690" lon="128.977300">
    <name>문수봉</name>
    <ele>953</ele>
  </wpt>
  <wpt lat="35.540401" lon="128.983153">
    <name>갈림길</name>
  </wpt>
  <wpt lat="35.540252" lon="128.983580">
    <name>갈림길</name>
  </wpt>
  <wpt lat="35.536338" lon="128.984892">
    <name>갈림길</name>
  </wpt>
  <wpt lat="35.535300" lon="128.984070">
    <name>적조암</name>
  </wpt>
  <wpt lat="35.533470" lon="128.985770">
    <name>갈림길</name>
  </wpt>
  <wpt lat="35.533226" lon="128.985828">
    <name>층층폭포</name>
  </wpt>
  <wpt lat="35.529889" lon="128.979549">
    <name>갈림길</name>
  </wpt>
  <wpt lat="35.529971" lon="128.978708">
    <name>갈림길</name>
  </wpt>
  <wpt lat="35.529961" lon="128.977315">
    <name>흑룡폭포</name>
  </wpt>
  <wpt lat="35.529990" lon="128.975600">
    <name>전망대</name>
  </wpt>
  <wpt lat="35.528226" lon="128.970721">
    <name>갈림길</name>
  </wpt>
  <wpt lat="35.532117" lon="128.959171">
    <name>갈림길</name>
  </wpt>
  <wpt lat="35.531799" lon="128.943977">
    <name>날머리 (구천리)</name>
    <ele>146</ele>
  </wpt>
  <trk>
    <name>배내고개-능동산-천황산-재약산-표충사상가주차장 (2)</name>
    <trkseg>
      <trkpt lat="35.581159" lon="129.026821"><ele>684.8</ele><time>2022-03-22T02:05:19.000Z</time></trkpt>
      <trkpt lat="35.581251" lon="129.026812"><ele>685.8</ele><time>2022-03-22T02:05:50.000Z</time></trkpt>
      <trkpt lat="35.581343" lon="129.026772"><ele>695.3</ele><time>2022-03-22T02:06:10.000Z</time></trkpt>
      <trkpt lat="35.581429" lon="129.026728"><ele>696.5</ele><time>2022-03-22T02:06:42.000Z</time></trkpt>
      <trkpt lat="35.581511" lon="129.026677"><ele>700.8</ele><time>2022-03-22T02:07:07.000Z</time></trkpt>
      <trkpt lat="35.581601" lon="129.026695"><ele>701.9</ele><time>2022-03-22T02:07:32.000Z</time></trkpt>
      <trkpt lat="35.581694" lon="129.026703"><ele>706.0</ele><time>2022-03-22T02:07:49.000Z</time></trkpt>
      <trkpt lat="35.581782" lon="129.026728"><ele>708.5</ele><time>2022-03-22T02:08:07.000Z</time></trkpt>
      <trkpt lat="35.581879" lon="129.026714"><ele>712.6</ele><time>2022-03-22T02:08:34.000Z</time></trkpt>
      <trkpt lat="35.581947" lon="129.026637"><ele>714.3</ele><time>2022-03-22T02:08:48.000Z</time></trkpt>
      <trkpt lat="35.582008" lon="129.026545"><ele>715.4</ele><time>2022-03-22T02:08:59.000Z</time></trkpt>
      <trkpt lat="35.582079" lon="129.026456"><ele>714.7</ele><time>2022-03-22T02:09:11.000Z</time></trkpt>
      <trkpt lat="35.582106" lon="129.026342"><ele>714.3</ele><time>2022-03-22T02:09:20.000Z</time></trkpt>
      <trkpt lat="35.582171" lon="129.026265"><ele>715.1</ele><time>2022-03-22T02:09:30.000Z</time></trkpt>
      <trkpt lat="35.582260" lon="129.026227"><ele>718.0</ele><time>2022-03-22T02:09:40.000Z</time></trkpt>
      <trkpt lat="35.582282" lon="129.026113"><ele>720.3</ele><time>2022-03-22T02:09:49.000Z</time></trkpt>
      <trkpt lat="35.582319" lon="129.026008"><ele>720.9</ele><time>2022-03-22T02:10:00.000Z</time></trkpt>
      <trkpt lat="35.582377" lon="129.025918"><ele>727.2</ele><time>2022-03-22T02:10:20.000Z</time></trkpt>
      <trkpt lat="35.582445" lon="129.025839"><ele>730.9</ele><time>2022-03-22T02:10:39.000Z</time></trkpt>
      <trkpt lat="35.582494" lon="129.025744"><ele>735.1</ele><time>2022-03-22T02:10:58.000Z</time></trkpt>
      <trkpt lat="35.582573" lon="129.025680"><ele>738.7</ele><time>2022-03-22T02:11:15.000Z</time></trkpt>
      <trkpt lat="35.582646" lon="129.025614"><ele>744.1</ele><time>2022-03-22T02:11:37.000Z</time></trkpt>
      <trkpt lat="35.582721" lon="129.025555"><ele>748.5</ele><time>2022-03-22T02:11:58.000Z</time></trkpt>
      <trkpt lat="35.582800" lon="129.025499"><ele>752.5</ele><time>2022-03-22T02:12:20.000Z</time></trkpt>
      <trkpt lat="35.582894" lon="129.025490"><ele>756.5</ele><time>2022-03-22T02:12:43.000Z</time></trkpt>
      <trkpt lat="35.582969" lon="129.025423"><ele>757.2</ele><time>2022-03-22T02:13:02.000Z</time></trkpt>
      <trkpt lat="35.583033" lon="129.025341"><ele>761.5</ele><time>2022-03-22T02:13:21.000Z</time></trkpt>
      <trkpt lat="35.583112" lon="129.025286"><ele>766.8</ele><time>2022-03-22T02:13:43.000Z</time></trkpt>
      <trkpt lat="35.583177" lon="129.025204"><ele>768.6</ele><time>2022-03-22T02:14:02.000Z</time></trkpt>
      <trkpt lat="35.583266" lon="129.025168"><ele>772.9</ele><time>2022-03-22T02:14:23.000Z</time></trkpt>
      <trkpt lat="35.583317" lon="129.025071"><ele>775.2</ele><time>2022-03-22T02:14:40.000Z</time></trkpt>
      <trkpt lat="35.583379" lon="129.024989"><ele>780.4</ele><time>2022-03-22T02:15:01.000Z</time></trkpt>
      <trkpt lat="35.583464" lon="129.024946"><ele>783.6</ele><time>2022-03-22T02:15:25.000Z</time></trkpt>
      <trkpt lat="35.583554" lon="129.024956"><ele>789.4</ele><time>2022-03-22T02:15:49.000Z</time></trkpt>
      <trkpt lat="35.583601" lon="129.024855"><ele>790.1</ele><time>2022-03-22T02:16:04.000Z</time></trkpt>
      <trkpt lat="35.583680" lon="129.024798"><ele>795.1</ele><time>2022-03-22T02:16:27.000Z</time></trkpt>
      <trkpt lat="35.583749" lon="129.024726"><ele>800.6</ele><time>2022-03-22T02:16:50.000Z</time></trkpt>
      <trkpt lat="35.583820" lon="129.024656"><ele>803.8</ele><time>2022-03-22T02:17:09.000Z</time></trkpt>
      <trkpt lat="35.583894" lon="129.024583"><ele>807.4</ele><time>2022-03-22T02:17:30.000Z</time></trkpt>
      <trkpt lat="35.583795" lon="129.024535"><ele>808.7</ele><time>2022-03-22T02:17:46.000Z</time></trkpt>
      <trkpt lat="35.583882" lon="129.024577"><ele>809.6</ele><time>2022-03-22T02:21:07.000Z</time></trkpt>
      <trkpt lat="35.583939" lon="129.024485"><ele>812.6</ele><time>2022-03-22T02:21:24.000Z</time></trkpt>
      <trkpt lat="35.584015" lon="129.024425"><ele>816.3</ele><time>2022-03-22T02:21:46.000Z</time></trkpt>
      <trkpt lat="35.584052" lon="129.024321"><ele>819.9</ele><time>2022-03-22T02:22:07.000Z</time></trkpt>
      <trkpt lat="35.584079" lon="129.024214"><ele>824.7</ele><time>2022-03-22T02:22:28.000Z</time></trkpt>
      <trkpt lat="35.584049" lon="129.024109"><ele>827.3</ele><time>2022-03-22T02:22:44.000Z</time></trkpt>
      <trkpt lat="35.584126" lon="129.024046"><ele>831.3</ele><time>2022-03-22T02:23:10.000Z</time></trkpt>
      <trkpt lat="35.584215" lon="129.024026"><ele>833.8</ele><time>2022-03-22T02:23:28.000Z</time></trkpt>
      <trkpt lat="35.584225" lon="129.023912"><ele>837.7</ele><time>2022-03-22T02:23:44.000Z</time></trkpt>
      <trkpt lat="35.584254" lon="129.023808"><ele>841.2</ele><time>2022-03-22T02:24:06.000Z</time></trkpt>
      <trkpt lat="35.584323" lon="129.023729"><ele>845.7</ele><time>2022-03-22T02:24:25.000Z</time></trkpt>
      <trkpt lat="35.584381" lon="129.023640"><ele>848.0</ele><time>2022-03-22T02:24:40.000Z</time></trkpt>
      <trkpt lat="35.584437" lon="129.023546"><ele>852.8</ele><time>2022-03-22T02:25:05.000Z</time></trkpt>
      <trkpt lat="35.584463" lon="129.023438"><ele>855.7</ele><time>2022-03-22T02:25:21.000Z</time></trkpt>
      <trkpt lat="35.584494" lon="129.023327"><ele>857.2</ele><time>2022-03-22T02:25:34.000Z</time></trkpt>
      <trkpt lat="35.584485" lon="129.023214"><ele>859.8</ele><time>2022-03-22T02:25:51.000Z</time></trkpt>
      <trkpt lat="35.584521" lon="129.023113"><ele>864.9</ele><time>2022-03-22T02:26:10.000Z</time></trkpt>
      <trkpt lat="35.584493" lon="129.023004"><ele>867.5</ele><time>2022-03-22T02:26:25.000Z</time></trkpt>
      <trkpt lat="35.584487" lon="129.022888"><ele>869.9</ele><time>2022-03-22T02:26:42.000Z</time></trkpt>
      <trkpt lat="35.584550" lon="129.022806"><ele>878.3</ele><time>2022-03-22T02:27:10.000Z</time></trkpt>
      <trkpt lat="35.584609" lon="129.022721"><ele>879.7</ele><time>2022-03-22T02:27:30.000Z</time></trkpt>
      <trkpt lat="35.584700" lon="129.022727"><ele>885.4</ele><time>2022-03-22T02:27:54.000Z</time></trkpt>
      <trkpt lat="35.584746" lon="129.022631"><ele>886.4</ele><time>2022-03-22T02:28:08.000Z</time></trkpt>
      <trkpt lat="35.584775" lon="129.022527"><ele>888.4</ele><time>2022-03-22T02:28:23.000Z</time></trkpt>
      <trkpt lat="35.584775" lon="129.022414"><ele>890.8</ele><time>2022-03-22T02:28:37.000Z</time></trkpt>
      <trkpt lat="35.584766" lon="129.022299"><ele>892.0</ele><time>2022-03-22T02:28:52.000Z</time></trkpt>
      <trkpt lat="35.584750" lon="129.022189"><ele>894.4</ele><time>2022-03-22T02:29:06.000Z</time></trkpt>
      <trkpt lat="35.584707" lon="129.022091"><ele>896.0</ele><time>2022-03-22T02:29:27.000Z</time></trkpt>
      <trkpt lat="35.584646" lon="129.022009"><ele>901.2</ele><time>2022-03-22T02:29:42.000Z</time></trkpt>
      <trkpt lat="35.584595" lon="129.021912"><ele>903.7</ele><time>2022-03-22T02:29:59.000Z</time></trkpt>
      <trkpt lat="35.584550" lon="129.021810"><ele>905.8</ele><time>2022-03-22T02:30:16.000Z</time></trkpt>
      <trkpt lat="35.584528" lon="129.021697"><ele>908.2</ele><time>2022-03-22T02:30:34.000Z</time></trkpt>
      <trkpt lat="35.584499" lon="129.021590"><ele>911.1</ele><time>2022-03-22T02:30:48.000Z</time></trkpt>
      <trkpt lat="35.584451" lon="129.021482"><ele>913.0</ele><time>2022-03-22T02:31:01.000Z</time></trkpt>
      <trkpt lat="35.584397" lon="129.021391"><ele>915.1</ele><time>2022-03-22T02:31:11.000Z</time></trkpt>
      <trkpt lat="35.584333" lon="129.021313"><ele>916.0</ele><time>2022-03-22T02:31:24.000Z</time></trkpt>
      <trkpt lat="35.584318" lon="129.021204"><ele>917.9</ele><time>2022-03-22T02:31:37.000Z</time></trkpt>
      <trkpt lat="35.584269" lon="129.021102"><ele>920.9</ele><time>2022-03-22T02:31:52.000Z</time></trkpt>
      <trkpt lat="35.584222" lon="129.021002"><ele>923.6</ele><time>2022-03-22T02:32:07.000Z</time></trkpt>
      <trkpt lat="35.584144" lon="129.020945"><ele>927.3</ele><time>2022-03-22T02:32:20.000Z</time></trkpt>
      <trkpt lat="35.584082" lon="129.020863"><ele>929.9</ele><time>2022-03-22T02:32:39.000Z</time></trkpt>
      <trkpt lat="35.584066" lon="129.020750"><ele>930.1</ele><time>2022-03-22T02:32:51.000Z</time></trkpt>
      <trkpt lat="35.584096" lon="129.020633"><ele>929.3</ele><time>2022-03-22T02:33:01.000Z</time></trkpt>
      <trkpt lat="35.584094" lon="129.020518"><ele>931.7</ele><time>2022-03-22T02:33:11.000Z</time></trkpt>
      <trkpt lat="35.584085" lon="129.020407"><ele>932.7</ele><time>2022-03-22T02:33:24.000Z</time></trkpt>
      <trkpt lat="35.584065" lon="129.020297"><ele>936.7</ele><time>2022-03-22T02:33:42.000Z</time></trkpt>
      <trkpt lat="35.584130" lon="129.020217"><ele>939.2</ele><time>2022-03-22T02:34:03.000Z</time></trkpt>
      <trkpt lat="35.584120" lon="129.020104"><ele>945.4</ele><time>2022-03-22T02:34:25.000Z</time></trkpt>
      <trkpt lat="35.584203" lon="129.020059"><ele>948.9</ele><time>2022-03-22T02:34:46.000Z</time></trkpt>
      <trkpt lat="35.584288" lon="129.020009"><ele>953.0</ele><time>2022-03-22T02:35:11.000Z</time></trkpt>
      <trkpt lat="35.584326" lon="129.019904"><ele>954.5</ele><time>2022-03-22T02:35:27.000Z</time></trkpt>
      <trkpt lat="35.584285" lon="129.019795"><ele>957.1</ele><time>2022-03-22T02:35:40.000Z</time></trkpt>
      <trkpt lat="35.584242" lon="129.019697"><ele>957.7</ele><time>2022-03-22T02:35:50.000Z</time></trkpt>
      <trkpt lat="35.584207" lon="129.019594"><ele>958.9</ele><time>2022-03-22T02:36:02.000Z</time></trkpt>
      <trkpt lat="35.584141" lon="129.019517"><ele>964.4</ele><time>2022-03-22T02:36:20.000Z</time></trkpt>
      <trkpt lat="35.584111" lon="129.019406"><ele>966.0</ele><time>2022-03-22T02:36:34.000Z</time></trkpt>
      <trkpt lat="35.584057" lon="129.019315"><ele>967.5</ele><time>2022-03-22T02:36:48.000Z</time></trkpt>
      <trkpt lat="35.584012" lon="129.019215"><ele>969.2</ele><time>2022-03-22T02:37:04.000Z</time></trkpt>
      <trkpt lat="35.583986" lon="129.019107"><ele>972.6</ele><time>2022-03-22T02:37:23.000Z</time></trkpt>
      <trkpt lat="35.583951" lon="129.019001"><ele>973.6</ele><time>2022-03-22T02:37:33.000Z</time></trkpt>
      <trkpt lat="35.583920" lon="129.018886"><ele>974.6</ele><time>2022-03-22T02:37:44.000Z</time></trkpt>
      <trkpt lat="35.583909" lon="129.018769"><ele>975.1</ele><time>2022-03-22T02:37:55.000Z</time></trkpt>
      <trkpt lat="35.583854" lon="129.018670"><ele>976.3</ele><time>2022-03-22T02:38:05.000Z</time></trkpt>
      <trkpt lat="35.583802" lon="129.018572"><ele>978.6</ele><time>2022-03-22T02:38:16.000Z</time></trkpt>
      <trkpt lat="35.583759" lon="129.018470"><ele>979.9</ele><time>2022-03-22T02:38:27.000Z</time></trkpt>
      <trkpt lat="35.583695" lon="129.018377"><ele>982.4</ele><time>2022-03-22T02:38:42.000Z</time></trkpt>
      <trkpt lat="35.583690" lon="129.018261"><ele>981.1</ele><time>2022-03-22T02:40:59.000Z</time></trkpt>
      <trkpt lat="35.583714" lon="129.018149"><ele>978.8</ele><time>2022-03-22T02:43:53.000Z</time></trkpt>
      <trkpt lat="35.583679" lon="129.018040"><ele>978.1</ele><time>2022-03-22T02:44:01.000Z</time></trkpt>
      <trkpt lat="35.583667" lon="129.017922"><ele>977.6</ele><time>2022-03-22T02:44:11.000Z</time></trkpt>
      <trkpt lat="35.583678" lon="129.017812"><ele>975.3</ele><time>2022-03-22T02:44:20.000Z</time></trkpt>
      <trkpt lat="35.583658" lon="129.017703"><ele>973.5</ele><time>2022-03-22T02:44:27.000Z</time></trkpt>
      <trkpt lat="35.583630" lon="129.017592"><ele>972.2</ele><time>2022-03-22T02:44:36.000Z</time></trkpt>
      <trkpt lat="35.583604" lon="129.017482"><ele>968.6</ele><time>2022-03-22T02:44:47.000Z</time></trkpt>
      <trkpt lat="35.583662" lon="129.017391"><ele>965.7</ele><time>2022-03-22T02:44:58.000Z</time></trkpt>
      <trkpt lat="35.583723" lon="129.017308"><ele>968.9</ele><time>2022-03-22T02:45:05.000Z</time></trkpt>
      <trkpt lat="35.583732" lon="129.017193"><ele>972.3</ele><time>2022-03-22T02:45:14.000Z</time></trkpt>
      <trkpt lat="35.583692" lon="129.017090"><ele>962.8</ele><time>2022-03-22T02:45:29.000Z</time></trkpt>
      <trkpt lat="35.583610" lon="129.017028"><ele>959.0</ele><time>2022-03-22T02:45:36.000Z</time></trkpt>
      <trkpt lat="35.583571" lon="129.016908"><ele>956.0</ele><time>2022-03-22T02:45:47.000Z</time></trkpt>
      <trkpt lat="35.583489" lon="129.016854"><ele>953.2</ele><time>2022-03-22T02:45:55.000Z</time></trkpt>
      <trkpt lat="35.583409" lon="129.016777"><ele>951.6</ele><time>2022-03-22T02:46:04.000Z</time></trkpt>
      <trkpt lat="35.583333" lon="129.016716"><ele>949.7</ele><time>2022-03-22T02:46:12.000Z</time></trkpt>
      <trkpt lat="35.583258" lon="129.016645"><ele>945.7</ele><time>2022-03-22T02:46:21.000Z</time></trkpt>
      <trkpt lat="35.583174" lon="129.016585"><ele>942.8</ele><time>2022-03-22T02:46:29.000Z</time></trkpt>
      <trkpt lat="35.583106" lon="129.016504"><ele>942.1</ele><time>2022-03-22T02:46:36.000Z</time></trkpt>
      <trkpt lat="35.583067" lon="129.016397"><ele>937.7</ele><time>2022-03-22T02:46:46.000Z</time></trkpt>
      <trkpt lat="35.583022" lon="129.016283"><ele>938.2</ele><time>2022-03-22T02:46:53.000Z</time></trkpt>
      <trkpt lat="35.582977" lon="129.016181"><ele>937.1</ele><time>2022-03-22T02:47:03.000Z</time></trkpt>
      <trkpt lat="35.582994" lon="129.016072"><ele>933.8</ele><time>2022-03-22T02:47:15.000Z</time></trkpt>
      <trkpt lat="35.583055" lon="129.015974"><ele>928.8</ele><time>2022-03-22T02:47:27.000Z</time></trkpt>
      <trkpt lat="35.583044" lon="129.015863"><ele>928.9</ele><time>2022-03-22T02:47:35.000Z</time></trkpt>
      <trkpt lat="35.582980" lon="129.015777"><ele>927.1</ele><time>2022-03-22T02:47:44.000Z</time></trkpt>
      <trkpt lat="35.582951" lon="129.015665"><ele>925.0</ele><time>2022-03-22T02:47:55.000Z</time></trkpt>
      <trkpt lat="35.582939" lon="129.015542"><ele>921.9</ele><time>2022-03-22T02:48:07.000Z</time></trkpt>
      <trkpt lat="35.582866" lon="129.015475"><ele>920.0</ele><time>2022-03-22T02:48:16.000Z</time></trkpt>
      <trkpt lat="35.582842" lon="129.015365"><ele>919.7</ele><time>2022-03-22T02:48:29.000Z</time></trkpt>
      <trkpt lat="35.582838" lon="129.015246"><ele>912.1</ele><time>2022-03-22T02:48:47.000Z</time></trkpt>
      <trkpt lat="35.582763" lon="129.015175"><ele>909.6</ele><time>2022-03-22T02:48:58.000Z</time></trkpt>
      <trkpt lat="35.582718" lon="129.015075"><ele>905.5</ele><time>2022-03-22T02:49:09.000Z</time></trkpt>
      <trkpt lat="35.582698" lon="129.014959"><ele>898.4</ele><time>2022-03-22T02:49:21.000Z</time></trkpt>
      <trkpt lat="35.582619" lon="129.014879"><ele>898.0</ele><time>2022-03-22T02:49:29.000Z</time></trkpt>
      <trkpt lat="35.582542" lon="129.014813"><ele>899.3</ele><time>2022-03-22T02:49:38.000Z</time></trkpt>
      <trkpt lat="35.582508" lon="129.014709"><ele>900.1</ele><time>2022-03-22T02:49:48.000Z</time></trkpt>
      <trkpt lat="35.582523" lon="129.014598"><ele>892.3</ele><time>2022-03-22T02:50:08.000Z</time></trkpt>
      <trkpt lat="35.582505" lon="129.014488"><ele>891.8</ele><time>2022-03-22T02:50:21.000Z</time></trkpt>
      <trkpt lat="35.582466" lon="129.014374"><ele>885.0</ele><time>2022-03-22T02:50:38.000Z</time></trkpt>
      <trkpt lat="35.582490" lon="129.014264"><ele>887.8</ele><time>2022-03-22T02:50:52.000Z</time></trkpt>
      <trkpt lat="35.582511" lon="129.014149"><ele>883.8</ele><time>2022-03-22T02:51:02.000Z</time></trkpt>
      <trkpt lat="35.582531" lon="129.014029"><ele>883.4</ele><time>2022-03-22T02:51:12.000Z</time></trkpt>
      <trkpt lat="35.582541" lon="129.013912"><ele>884.4</ele><time>2022-03-22T02:51:22.000Z</time></trkpt>
      <trkpt lat="35.582550" lon="129.013792"><ele>888.4</ele><time>2022-03-22T02:51:32.000Z</time></trkpt>
      <trkpt lat="35.582544" lon="129.013675"><ele>889.0</ele><time>2022-03-22T02:51:42.000Z</time></trkpt>
      <trkpt lat="35.582534" lon="129.013559"><ele>892.0</ele><time>2022-03-22T02:51:52.000Z</time></trkpt>
      <trkpt lat="35.582532" lon="129.013438"><ele>893.2</ele><time>2022-03-22T02:52:02.000Z</time></trkpt>
      <trkpt lat="35.582519" lon="129.013326"><ele>893.1</ele><time>2022-03-22T02:52:11.000Z</time></trkpt>
      <trkpt lat="35.582500" lon="129.013211"><ele>893.2</ele><time>2022-03-22T02:52:21.000Z</time></trkpt>
      <trkpt lat="35.582475" lon="129.013100"><ele>893.9</ele><time>2022-03-22T02:52:30.000Z</time></trkpt>
      <trkpt lat="35.582450" lon="129.012985"><ele>894.4</ele><time>2022-03-22T02:52:39.000Z</time></trkpt>
      <trkpt lat="35.582435" lon="129.012873"><ele>896.3</ele><time>2022-03-22T02:52:48.000Z</time></trkpt>
      <trkpt lat="35.582406" lon="129.012755"><ele>896.5</ele><time>2022-03-22T02:52:57.000Z</time></trkpt>
      <trkpt lat="35.582382" lon="129.012646"><ele>896.1</ele><time>2022-03-22T02:53:05.000Z</time></trkpt>
      <trkpt lat="35.582353" lon="129.012541"><ele>895.9</ele><time>2022-03-22T02:53:13.000Z</time></trkpt>
      <trkpt lat="35.582283" lon="129.012456"><ele>895.7</ele><time>2022-03-22T02:53:21.000Z</time></trkpt>
      <trkpt lat="35.582196" lon="129.012394"><ele>896.6</ele><time>2022-03-22T02:53:29.000Z</time></trkpt>
      <trkpt lat="35.582117" lon="129.012329"><ele>897.1</ele><time>2022-03-22T02:53:37.000Z</time></trkpt>
      <trkpt lat="35.582040" lon="129.012258"><ele>898.4</ele><time>2022-03-22T02:53:46.000Z</time></trkpt>
      <trkpt lat="35.581959" lon="129.012194"><ele>900.2</ele><time>2022-03-22T02:53:56.000Z</time></trkpt>
      <trkpt lat="35.581871" lon="129.012158"><ele>904.9</ele><time>2022-03-22T02:54:06.000Z</time></trkpt>
      <trkpt lat="35.581775" lon="129.012157"><ele>905.4</ele><time>2022-03-22T02:54:16.000Z</time></trkpt>
      <trkpt lat="35.581677" lon="129.012169"><ele>905.9</ele><time>2022-03-22T02:54:27.000Z</time></trkpt>
      <trkpt lat="35.581583" lon="129.012176"><ele>906.3</ele><time>2022-03-22T02:54:37.000Z</time></trkpt>
      <trkpt lat="35.581500" lon="129.012226"><ele>909.7</ele><time>2022-03-22T02:54:47.000Z</time></trkpt>
      <trkpt lat="35.581412" lon="129.012261"><ele>909.6</ele><time>2022-03-22T02:55:02.000Z</time></trkpt>
      <trkpt lat="35.581330" lon="129.012327"><ele>911.2</ele><time>2022-03-22T02:55:13.000Z</time></trkpt>
      <trkpt lat="35.581253" lon="129.012388"><ele>913.1</ele><time>2022-03-22T02:55:23.000Z</time></trkpt>
      <trkpt lat="35.581164" lon="129.012436"><ele>913.3</ele><time>2022-03-22T02:55:34.000Z</time></trkpt>
      <trkpt lat="35.581074" lon="129.012480"><ele>917.0</ele><time>2022-03-22T02:55:45.000Z</time></trkpt>
      <trkpt lat="35.580976" lon="129.012477"><ele>917.6</ele><time>2022-03-22T02:55:56.000Z</time></trkpt>
      <trkpt lat="35.580891" lon="129.012424"><ele>919.3</ele><time>2022-03-22T02:56:06.000Z</time></trkpt>
      <trkpt lat="35.580851" lon="129.012325"><ele>918.9</ele><time>2022-03-22T02:56:16.000Z</time></trkpt>
      <trkpt lat="35.580885" lon="129.012223"><ele>919.8</ele><time>2022-03-22T02:56:25.000Z</time></trkpt>
      <trkpt lat="35.580939" lon="129.012125"><ele>919.3</ele><time>2022-03-22T02:56:34.000Z</time></trkpt>
      <trkpt lat="35.580988" lon="129.012017"><ele>919.6</ele><time>2022-03-22T02:56:43.000Z</time></trkpt>
      <trkpt lat="35.581001" lon="129.011897"><ele>920.6</ele><time>2022-03-22T02:56:52.000Z</time></trkpt>
      <trkpt lat="35.580990" lon="129.011787"><ele>921.0</ele><time>2022-03-22T02:57:00.000Z</time></trkpt>
      <trkpt lat="35.580965" lon="129.011666"><ele>922.9</ele><time>2022-03-22T02:57:08.000Z</time></trkpt>
      <trkpt lat="35.580934" lon="129.011561"><ele>924.6</ele><time>2022-03-22T02:57:15.000Z</time></trkpt>
      <trkpt lat="35.580891" lon="129.011460"><ele>925.0</ele><time>2022-03-22T02:57:22.000Z</time></trkpt>
      <trkpt lat="35.580845" lon="129.011350"><ele>925.0</ele><time>2022-03-22T02:57:30.000Z</time></trkpt>
      <trkpt lat="35.580793" lon="129.011248"><ele>927.0</ele><time>2022-03-22T02:57:38.000Z</time></trkpt>
      <trkpt lat="35.580742" lon="129.011146"><ele>926.1</ele><time>2022-03-22T02:57:46.000Z</time></trkpt>
      <trkpt lat="35.580675" lon="129.011066"><ele>927.7</ele><time>2022-03-22T02:57:53.000Z</time></trkpt>
      <trkpt lat="35.580601" lon="129.010999"><ele>927.8</ele><time>2022-03-22T02:58:00.000Z</time></trkpt>
      <trkpt lat="35.580525" lon="129.010935"><ele>928.5</ele><time>2022-03-22T02:58:08.000Z</time></trkpt>
      <trkpt lat="35.580435" lon="129.010880"><ele>929.3</ele><time>2022-03-22T02:58:17.000Z</time></trkpt>
      <trkpt lat="35.580339" lon="129.010857"><ele>929.6</ele><time>2022-03-22T02:58:25.000Z</time></trkpt>
      <trkpt lat="35.580253" lon="129.010806"><ele>929.6</ele><time>2022-03-22T02:58:33.000Z</time></trkpt>
      <trkpt lat="35.580168" lon="129.010735"><ele>931.2</ele><time>2022-03-22T02:58:41.000Z</time></trkpt>
      <trkpt lat="35.580098" lon="129.010647"><ele>932.8</ele><time>2022-03-22T02:58:49.000Z</time></trkpt>
      <trkpt lat="35.580051" lon="129.010553"><ele>932.4</ele><time>2022-03-22T02:58:56.000Z</time></trkpt>
      <trkpt lat="35.580000" lon="129.010458"><ele>932.1</ele><time>2022-03-22T02:59:03.000Z</time></trkpt>
      <trkpt lat="35.579945" lon="129.010354"><ele>931.3</ele><time>2022-03-22T02:59:11.000Z</time></trkpt>
      <trkpt lat="35.579900" lon="129.010248"><ele>931.6</ele><time>2022-03-22T02:59:18.000Z</time></trkpt>
      <trkpt lat="35.579867" lon="129.010144"><ele>931.1</ele><time>2022-03-22T02:59:25.000Z</time></trkpt>
      <trkpt lat="35.579844" lon="129.010037"><ele>930.1</ele><time>2022-03-22T02:59:32.000Z</time></trkpt>
      <trkpt lat="35.579825" lon="129.009919"><ele>929.2</ele><time>2022-03-22T02:59:39.000Z</time></trkpt>
      <trkpt lat="35.579799" lon="129.009803"><ele>928.7</ele><time>2022-03-22T02:59:46.000Z</time></trkpt>
      <trkpt lat="35.579755" lon="129.009695"><ele>928.2</ele><time>2022-03-22T02:59:53.000Z</time></trkpt>
      <trkpt lat="35.579699" lon="129.009593"><ele>927.9</ele><time>2022-03-22T03:00:00.000Z</time></trkpt>
      <trkpt lat="35.579626" lon="129.009503"><ele>927.8</ele><time>2022-03-22T03:00:07.000Z</time></trkpt>
      <trkpt lat="35.579560" lon="129.009411"><ele>927.1</ele><time>2022-03-22T03:00:14.000Z</time></trkpt>
      <trkpt lat="35.579488" lon="129.009325"><ele>926.3</ele><time>2022-03-22T03:00:21.000Z</time></trkpt>
      <trkpt lat="35.579414" lon="129.009244"><ele>925.9</ele><time>2022-03-22T03:00:28.000Z</time></trkpt>
      <trkpt lat="35.579340" lon="129.009171"><ele>924.6</ele><time>2022-03-22T03:00:35.000Z</time></trkpt>
      <trkpt lat="35.579270" lon="129.009094"><ele>924.1</ele><time>2022-03-22T03:00:42.000Z</time></trkpt>
      <trkpt lat="35.579203" lon="129.009019"><ele>923.2</ele><time>2022-03-22T03:00:48.000Z</time></trkpt>
      <trkpt lat="35.579123" lon="129.008941"><ele>923.0</ele><time>2022-03-22T03:00:55.000Z</time></trkpt>
      <trkpt lat="35.579035" lon="129.008889"><ele>924.7</ele><time>2022-03-22T03:01:02.000Z</time></trkpt>
      <trkpt lat="35.578948" lon="129.008829"><ele>924.5</ele><time>2022-03-22T03:01:09.000Z</time></trkpt>
      <trkpt lat="35.578857" lon="129.008777"><ele>924.7</ele><time>2022-03-22T03:01:16.000Z</time></trkpt>
      <trkpt lat="35.578768" lon="129.008719"><ele>926.1</ele><time>2022-03-22T03:01:23.000Z</time></trkpt>
      <trkpt lat="35.578692" lon="129.008657"><ele>927.9</ele><time>2022-03-22T03:01:30.000Z</time></trkpt>
      <trkpt lat="35.578612" lon="129.008601"><ele>929.0</ele><time>2022-03-22T03:01:37.000Z</time></trkpt>
      <trkpt lat="35.578536" lon="129.008542"><ele>929.9</ele><time>2022-03-22T03:01:44.000Z</time></trkpt>
      <trkpt lat="35.578449" lon="129.008486"><ele>929.5</ele><time>2022-03-22T03:01:52.000Z</time></trkpt>
      <trkpt lat="35.578369" lon="129.008433"><ele>930.7</ele><time>2022-03-22T03:01:59.000Z</time></trkpt>
      <trkpt lat="35.578280" lon="129.008370"><ele>932.5</ele><time>2022-03-22T03:02:07.000Z</time></trkpt>
      <trkpt lat="35.578192" lon="129.008306"><ele>934.1</ele><time>2022-03-22T03:02:15.000Z</time></trkpt>
      <trkpt lat="35.578109" lon="129.008246"><ele>935.5</ele><time>2022-03-22T03:02:23.000Z</time></trkpt>
      <trkpt lat="35.578020" lon="129.008197"><ele>937.4</ele><time>2022-03-22T03:02:31.000Z</time></trkpt>
      <trkpt lat="35.577928" lon="129.008169"><ele>939.3</ele><time>2022-03-22T03:02:40.000Z</time></trkpt>
      <trkpt lat="35.577835" lon="129.008154"><ele>935.8</ele><time>2022-03-22T03:03:03.000Z</time></trkpt>
      <trkpt lat="35.577761" lon="129.008089"><ele>937.0</ele><time>2022-03-22T03:03:14.000Z</time></trkpt>
      <trkpt lat="35.577732" lon="129.007976"><ele>936.8</ele><time>2022-03-22T03:03:22.000Z</time></trkpt>
      <trkpt lat="35.577706" lon="129.007863"><ele>938.2</ele><time>2022-03-22T03:03:30.000Z</time></trkpt>
      <trkpt lat="35.577682" lon="129.007745"><ele>939.1</ele><time>2022-03-22T03:03:38.000Z</time></trkpt>
      <trkpt lat="35.577685" lon="129.007633"><ele>938.8</ele><time>2022-03-22T03:03:49.000Z</time></trkpt>
      <trkpt lat="35.577658" lon="129.007526"><ele>936.5</ele><time>2022-03-22T03:03:56.000Z</time></trkpt>
      <trkpt lat="35.577633" lon="129.007406"><ele>938.1</ele><time>2022-03-22T03:04:03.000Z</time></trkpt>
      <trkpt lat="35.577601" lon="129.007299"><ele>938.4</ele><time>2022-03-22T03:04:10.000Z</time></trkpt>
      <trkpt lat="35.577569" lon="129.007192"><ele>936.6</ele><time>2022-03-22T03:04:18.000Z</time></trkpt>
      <trkpt lat="35.577530" lon="129.007091"><ele>935.2</ele><time>2022-03-22T03:04:26.000Z</time></trkpt>
      <trkpt lat="35.577496" lon="129.006985"><ele>932.5</ele><time>2022-03-22T03:04:33.000Z</time></trkpt>
      <trkpt lat="35.577466" lon="129.006879"><ele>930.2</ele><time>2022-03-22T03:04:40.000Z</time></trkpt>
      <trkpt lat="35.577472" lon="129.006758"><ele>929.1</ele><time>2022-03-22T03:04:48.000Z</time></trkpt>
      <trkpt lat="35.577507" lon="129.006654"><ele>925.3</ele><time>2022-03-22T03:04:56.000Z</time></trkpt>
      <trkpt lat="35.577553" lon="129.006543"><ele>923.4</ele><time>2022-03-22T03:05:04.000Z</time></trkpt>
      <trkpt lat="35.577580" lon="129.006434"><ele>921.8</ele><time>2022-03-22T03:05:11.000Z</time></trkpt>
      <trkpt lat="35.577591" lon="129.006322"><ele>920.7</ele><time>2022-03-22T03:05:18.000Z</time></trkpt>
      <trkpt lat="35.577591" lon="129.006204"><ele>921.4</ele><time>2022-03-22T03:05:25.000Z</time></trkpt>
      <trkpt lat="35.577560" lon="129.006090"><ele>923.0</ele><time>2022-03-22T03:05:32.000Z</time></trkpt>
      <trkpt lat="35.577497" lon="129.006000"><ele>923.2</ele><time>2022-03-22T03:05:39.000Z</time></trkpt>
      <trkpt lat="35.577435" lon="129.005906"><ele>922.3</ele><time>2022-03-22T03:05:47.000Z</time></trkpt>
      <trkpt lat="35.577384" lon="129.005805"><ele>919.6</ele><time>2022-03-22T03:05:55.000Z</time></trkpt>
      <trkpt lat="35.577323" lon="129.005717"><ele>916.5</ele><time>2022-03-22T03:06:03.000Z</time></trkpt>
      <trkpt lat="35.577269" lon="129.005619"><ele>915.3</ele><time>2022-03-22T03:06:11.000Z</time></trkpt>
      <trkpt lat="35.577207" lon="129.005525"><ele>914.5</ele><time>2022-03-22T03:06:20.000Z</time></trkpt>
      <trkpt lat="35.577133" lon="129.005442"><ele>912.7</ele><time>2022-03-22T03:06:29.000Z</time></trkpt>
      <trkpt lat="35.577047" lon="129.005376"><ele>910.6</ele><time>2022-03-22T03:06:37.000Z</time></trkpt>
      <trkpt lat="35.576962" lon="129.005308"><ele>909.3</ele><time>2022-03-22T03:06:45.000Z</time></trkpt>
      <trkpt lat="35.576883" lon="129.005243"><ele>907.7</ele><time>2022-03-22T03:06:53.000Z</time></trkpt>
      <trkpt lat="35.576806" lon="129.005174"><ele>905.0</ele><time>2022-03-22T03:07:01.000Z</time></trkpt>
      <trkpt lat="35.576731" lon="129.005093"><ele>902.4</ele><time>2022-03-22T03:07:09.000Z</time></trkpt>
      <trkpt lat="35.576659" lon="129.005011"><ele>901.6</ele><time>2022-03-22T03:07:17.000Z</time></trkpt>
      <trkpt lat="35.576589" lon="129.004939"><ele>900.4</ele><time>2022-03-22T03:07:24.000Z</time></trkpt>
      <trkpt lat="35.576520" lon="129.004867"><ele>898.5</ele><time>2022-03-22T03:07:31.000Z</time></trkpt>
      <trkpt lat="35.576439" lon="129.004794"><ele>896.0</ele><time>2022-03-22T03:07:39.000Z</time></trkpt>
      <trkpt lat="35.576359" lon="129.004731"><ele>895.0</ele><time>2022-03-22T03:07:46.000Z</time></trkpt>
      <trkpt lat="35.576294" lon="129.004652"><ele>895.5</ele><time>2022-03-22T03:07:53.000Z</time></trkpt>
      <trkpt lat="35.576233" lon="129.004567"><ele>894.5</ele><time>2022-03-22T03:08:00.000Z</time></trkpt>
      <trkpt lat="35.576178" lon="129.004463"><ele>892.7</ele><time>2022-03-22T03:08:08.000Z</time></trkpt>
      <trkpt lat="35.576135" lon="129.004352"><ele>891.2</ele><time>2022-03-22T03:08:16.000Z</time></trkpt>
      <trkpt lat="35.576082" lon="129.004248"><ele>889.8</ele><time>2022-03-22T03:08:24.000Z</time></trkpt>
      <trkpt lat="35.576022" lon="129.004165"><ele>889.6</ele><time>2022-03-22T03:08:31.000Z</time></trkpt>
      <trkpt lat="35.575961" lon="129.004081"><ele>888.5</ele><time>2022-03-22T03:08:38.000Z</time></trkpt>
      <trkpt lat="35.575893" lon="129.003992"><ele>886.9</ele><time>2022-03-22T03:08:46.000Z</time></trkpt>
      <trkpt lat="35.575819" lon="129.003928"><ele>886.5</ele><time>2022-03-22T03:08:53.000Z</time></trkpt>
      <trkpt lat="35.575749" lon="129.003854"><ele>886.1</ele><time>2022-03-22T03:09:00.000Z</time></trkpt>
      <trkpt lat="35.575711" lon="129.003742"><ele>885.1</ele><time>2022-03-22T03:09:11.000Z</time></trkpt>
      <trkpt lat="35.575648" lon="129.003648"><ele>883.4</ele><time>2022-03-22T03:09:19.000Z</time></trkpt>
      <trkpt lat="35.575572" lon="129.003575"><ele>883.8</ele><time>2022-03-22T03:09:27.000Z</time></trkpt>
      <trkpt lat="35.575488" lon="129.003505"><ele>884.4</ele><time>2022-03-22T03:09:36.000Z</time></trkpt>
      <trkpt lat="35.575409" lon="129.003439"><ele>884.7</ele><time>2022-03-22T03:09:44.000Z</time></trkpt>
      <trkpt lat="35.575333" lon="129.003367"><ele>886.3</ele><time>2022-03-22T03:09:52.000Z</time></trkpt>
      <trkpt lat="35.575248" lon="129.003303"><ele>886.4</ele><time>2022-03-22T03:10:01.000Z</time></trkpt>
      <trkpt lat="35.575164" lon="129.003252"><ele>886.4</ele><time>2022-03-22T03:10:09.000Z</time></trkpt>
      <trkpt lat="35.575070" lon="129.003212"><ele>886.4</ele><time>2022-03-22T03:10:17.000Z</time></trkpt>
      <trkpt lat="35.574987" lon="129.003171"><ele>887.4</ele><time>2022-03-22T03:10:25.000Z</time></trkpt>
      <trkpt lat="35.574903" lon="129.003120"><ele>887.6</ele><time>2022-03-22T03:10:33.000Z</time></trkpt>
      <trkpt lat="35.574828" lon="129.003059"><ele>888.1</ele><time>2022-03-22T03:10:41.000Z</time></trkpt>
      <trkpt lat="35.574750" lon="129.002984"><ele>889.5</ele><time>2022-03-22T03:10:50.000Z</time></trkpt>
      <trkpt lat="35.574669" lon="129.002918"><ele>890.7</ele><time>2022-03-22T03:11:00.000Z</time></trkpt>
      <trkpt lat="35.574580" lon="129.002890"><ele>893.0</ele><time>2022-03-22T03:11:09.000Z</time></trkpt>
      <trkpt lat="35.574489" lon="129.002876"><ele>895.9</ele><time>2022-03-22T03:11:19.000Z</time></trkpt>
      <trkpt lat="35.574401" lon="129.002850"><ele>898.2</ele><time>2022-03-22T03:11:29.000Z</time></trkpt>
      <trkpt lat="35.574308" lon="129.002831"><ele>900.0</ele><time>2022-03-22T03:11:40.000Z</time></trkpt>
      <trkpt lat="35.574218" lon="129.002814"><ele>902.3</ele><time>2022-03-22T03:11:50.000Z</time></trkpt>
      <trkpt lat="35.574133" lon="129.002752"><ele>904.6</ele><time>2022-03-22T03:12:01.000Z</time></trkpt>
      <trkpt lat="35.574085" lon="129.002649"><ele>905.0</ele><time>2022-03-22T03:12:11.000Z</time></trkpt>
      <trkpt lat="35.574043" lon="129.002538"><ele>904.2</ele><time>2022-03-22T03:12:20.000Z</time></trkpt>
      <trkpt lat="35.574007" lon="129.002434"><ele>903.8</ele><time>2022-03-22T03:12:55.000Z</time></trkpt>
      <trkpt lat="35.573945" lon="129.002350"><ele>904.3</ele><time>2022-03-22T03:13:04.000Z</time></trkpt>
      <trkpt lat="35.573894" lon="129.002254"><ele>905.0</ele><time>2022-03-22T03:13:14.000Z</time></trkpt>
      <trkpt lat="35.573836" lon="129.002160"><ele>905.4</ele><time>2022-03-22T03:13:25.000Z</time></trkpt>
      <trkpt lat="35.573785" lon="129.002067"><ele>904.3</ele><time>2022-03-22T03:13:35.000Z</time></trkpt>
      <trkpt lat="35.573715" lon="129.001990"><ele>904.3</ele><time>2022-03-22T03:13:44.000Z</time></trkpt>
      <trkpt lat="35.573655" lon="129.001902"><ele>904.3</ele><time>2022-03-22T03:13:53.000Z</time></trkpt>
      <trkpt lat="35.573591" lon="129.001813"><ele>905.2</ele><time>2022-03-22T03:14:03.000Z</time></trkpt>
      <trkpt lat="35.573519" lon="129.001743"><ele>906.9</ele><time>2022-03-22T03:14:15.000Z</time></trkpt>
      <trkpt lat="35.573434" lon="129.001683"><ele>907.8</ele><time>2022-03-22T03:14:26.000Z</time></trkpt>
      <trkpt lat="35.573355" lon="129.001615"><ele>908.7</ele><time>2022-03-22T03:14:36.000Z</time></trkpt>
      <trkpt lat="35.573272" lon="129.001563"><ele>909.2</ele><time>2022-03-22T03:14:47.000Z</time></trkpt>
      <trkpt lat="35.573200" lon="129.001489"><ele>908.5</ele><time>2022-03-22T03:14:57.000Z</time></trkpt>
      <trkpt lat="35.573151" lon="129.001386"><ele>907.5</ele><time>2022-03-22T03:15:07.000Z</time></trkpt>
      <trkpt lat="35.573112" lon="129.001278"><ele>903.9</ele><time>2022-03-22T03:15:15.000Z</time></trkpt>
      <trkpt lat="35.573084" lon="129.001170"><ele>902.2</ele><time>2022-03-22T03:15:22.000Z</time></trkpt>
      <trkpt lat="35.573048" lon="129.001064"><ele>900.7</ele><time>2022-03-22T03:15:29.000Z</time></trkpt>
      <trkpt lat="35.573005" lon="129.000967"><ele>899.3</ele><time>2022-03-22T03:15:36.000Z</time></trkpt>
      <trkpt lat="35.572961" lon="129.000863"><ele>898.5</ele><time>2022-03-22T03:15:44.000Z</time></trkpt>
      <trkpt lat="35.572908" lon="129.000761"><ele>897.7</ele><time>2022-03-22T03:15:52.000Z</time></trkpt>
      <trkpt lat="35.572882" lon="129.000653"><ele>897.9</ele><time>2022-03-22T03:16:00.000Z</time></trkpt>
      <trkpt lat="35.572855" lon="129.000541"><ele>898.2</ele><time>2022-03-22T03:16:09.000Z</time></trkpt>
      <trkpt lat="35.572823" lon="129.000429"><ele>899.6</ele><time>2022-03-22T03:16:18.000Z</time></trkpt>
      <trkpt lat="35.572768" lon="129.000333"><ele>898.8</ele><time>2022-03-22T03:16:27.000Z</time></trkpt>
      <trkpt lat="35.572695" lon="129.000260"><ele>900.5</ele><time>2022-03-22T03:16:37.000Z</time></trkpt>
      <trkpt lat="35.572601" lon="129.000225"><ele>903.3</ele><time>2022-03-22T03:16:48.000Z</time></trkpt>
      <trkpt lat="35.572507" lon="129.000184"><ele>905.2</ele><time>2022-03-22T03:16:58.000Z</time></trkpt>
      <trkpt lat="35.572421" lon="129.000134"><ele>907.0</ele><time>2022-03-22T03:17:08.000Z</time></trkpt>
      <trkpt lat="35.572344" lon="129.000056"><ele>907.5</ele><time>2022-03-22T03:17:18.000Z</time></trkpt>
      <trkpt lat="35.572271" lon="128.999977"><ele>905.4</ele><time>2022-03-22T03:17:26.000Z</time></trkpt>
      <trkpt lat="35.572225" lon="128.999865"><ele>903.6</ele><time>2022-03-22T03:17:34.000Z</time></trkpt>
      <trkpt lat="35.572181" lon="128.999760"><ele>902.7</ele><time>2022-03-22T03:17:42.000Z</time></trkpt>
      <trkpt lat="35.572145" lon="128.999648"><ele>903.5</ele><time>2022-03-22T03:17:51.000Z</time></trkpt>
      <trkpt lat="35.572105" lon="128.999547"><ele>904.2</ele><time>2022-03-22T03:17:59.000Z</time></trkpt>
      <trkpt lat="35.572071" lon="128.999442"><ele>906.9</ele><time>2022-03-22T03:18:08.000Z</time></trkpt>
      <trkpt lat="35.572025" lon="128.999334"><ele>905.3</ele><time>2022-03-22T03:18:17.000Z</time></trkpt>
      <trkpt lat="35.571972" lon="128.999230"><ele>905.0</ele><time>2022-03-22T03:18:25.000Z</time></trkpt>
      <trkpt lat="35.571943" lon="128.999124"><ele>903.4</ele><time>2022-03-22T03:18:33.000Z</time></trkpt>
      <trkpt lat="35.571914" lon="128.999013"><ele>902.3</ele><time>2022-03-22T03:18:41.000Z</time></trkpt>
      <trkpt lat="35.571862" lon="128.998905"><ele>901.7</ele><time>2022-03-22T03:18:49.000Z</time></trkpt>
      <trkpt lat="35.571807" lon="128.998804"><ele>901.6</ele><time>2022-03-22T03:18:57.000Z</time></trkpt>
      <trkpt lat="35.571742" lon="128.998716"><ele>900.5</ele><time>2022-03-22T03:19:05.000Z</time></trkpt>
      <trkpt lat="35.571668" lon="128.998638"><ele>902.0</ele><time>2022-03-22T03:19:14.000Z</time></trkpt>
      <trkpt lat="35.571595" lon="128.998566"><ele>904.7</ele><time>2022-03-22T03:19:24.000Z</time></trkpt>
      <trkpt lat="35.571535" lon="128.998475"><ele>906.2</ele><time>2022-03-22T03:19:35.000Z</time></trkpt>
      <trkpt lat="35.571486" lon="128.998379"><ele>907.0</ele><time>2022-03-22T03:19:46.000Z</time></trkpt>
      <trkpt lat="35.571454" lon="128.998268"><ele>907.9</ele><time>2022-03-22T03:19:57.000Z</time></trkpt>
      <trkpt lat="35.571389" lon="128.998180"><ele>907.3</ele><time>2022-03-22T03:20:06.000Z</time></trkpt>
      <trkpt lat="35.571306" lon="128.998131"><ele>908.0</ele><time>2022-03-22T03:20:14.000Z</time></trkpt>
      <trkpt lat="35.571217" lon="128.998086"><ele>911.0</ele><time>2022-03-22T03:20:23.000Z</time></trkpt>
      <trkpt lat="35.571136" lon="128.998018"><ele>914.7</ele><time>2022-03-22T03:20:34.000Z</time></trkpt>
      <trkpt lat="35.571080" lon="128.997924"><ele>916.7</ele><time>2022-03-22T03:20:47.000Z</time></trkpt>
      <trkpt lat="35.571019" lon="128.997829"><ele>918.1</ele><time>2022-03-22T03:20:58.000Z</time></trkpt>
      <trkpt lat="35.570925" lon="128.997794"><ele>920.7</ele><time>2022-03-22T03:21:08.000Z</time></trkpt>
      <trkpt lat="35.570834" lon="128.997751"><ele>923.2</ele><time>2022-03-22T03:21:18.000Z</time></trkpt>
      <trkpt lat="35.570778" lon="128.997657"><ele>923.9</ele><time>2022-03-22T03:21:30.000Z</time></trkpt>
      <trkpt lat="35.570724" lon="128.997565"><ele>923.5</ele><time>2022-03-22T03:21:41.000Z</time></trkpt>
      <trkpt lat="35.570668" lon="128.997475"><ele>924.5</ele><time>2022-03-22T03:21:51.000Z</time></trkpt>
      <trkpt lat="35.570622" lon="128.997371"><ele>925.8</ele><time>2022-03-22T03:22:02.000Z</time></trkpt>
      <trkpt lat="35.570575" lon="128.997276"><ele>925.9</ele><time>2022-03-22T03:22:12.000Z</time></trkpt>
      <trkpt lat="35.570518" lon="128.997179"><ele>927.9</ele><time>2022-03-22T03:22:23.000Z</time></trkpt>
      <trkpt lat="35.570445" lon="128.997099"><ele>930.5</ele><time>2022-03-22T03:22:34.000Z</time></trkpt>
      <trkpt lat="35.570371" lon="128.997033"><ele>932.6</ele><time>2022-03-22T03:22:44.000Z</time></trkpt>
      <trkpt lat="35.570299" lon="128.996963"><ele>935.7</ele><time>2022-03-22T03:22:55.000Z</time></trkpt>
      <trkpt lat="35.570220" lon="128.996897"><ele>938.0</ele><time>2022-03-22T03:23:07.000Z</time></trkpt>
      <trkpt lat="35.570147" lon="128.996826"><ele>938.9</ele><time>2022-03-22T03:23:19.000Z</time></trkpt>
      <trkpt lat="35.570078" lon="128.996750"><ele>939.7</ele><time>2022-03-22T03:23:30.000Z</time></trkpt>
      <trkpt lat="35.570002" lon="128.996678"><ele>940.6</ele><time>2022-03-22T03:23:40.000Z</time></trkpt>
      <trkpt lat="35.569925" lon="128.996618"><ele>942.0</ele><time>2022-03-22T03:23:49.000Z</time></trkpt>
      <trkpt lat="35.569838" lon="128.996566"><ele>941.8</ele><time>2022-03-22T03:23:59.000Z</time></trkpt>
      <trkpt lat="35.569755" lon="128.996513"><ele>942.7</ele><time>2022-03-22T03:24:09.000Z</time></trkpt>
      <trkpt lat="35.569666" lon="128.996477"><ele>945.0</ele><time>2022-03-22T03:24:20.000Z</time></trkpt>
      <trkpt lat="35.569577" lon="128.996449"><ele>948.7</ele><time>2022-03-22T03:24:31.000Z</time></trkpt>
      <trkpt lat="35.569488" lon="128.996399"><ele>953.9</ele><time>2022-03-22T03:24:42.000Z</time></trkpt>
      <trkpt lat="35.569402" lon="128.996347"><ele>954.5</ele><time>2022-03-22T03:24:53.000Z</time></trkpt>
      <trkpt lat="35.569318" lon="128.996307"><ele>954.4</ele><time>2022-03-22T03:25:03.000Z</time></trkpt>
      <trkpt lat="35.569228" lon="128.996294"><ele>955.6</ele><time>2022-03-22T03:25:12.000Z</time></trkpt>
      <trkpt lat="35.569141" lon="128.996252"><ele>958.3</ele><time>2022-03-22T03:25:20.000Z</time></trkpt>
      <trkpt lat="35.569053" lon="128.996207"><ele>958.5</ele><time>2022-03-22T03:25:29.000Z</time></trkpt>
      <trkpt lat="35.568961" lon="128.996181"><ele>958.6</ele><time>2022-03-22T03:25:38.000Z</time></trkpt>
      <trkpt lat="35.568865" lon="128.996164"><ele>959.1</ele><time>2022-03-22T03:25:48.000Z</time></trkpt>
      <trkpt lat="35.568781" lon="128.996115"><ele>960.6</ele><time>2022-03-22T03:25:58.000Z</time></trkpt>
      <trkpt lat="35.568751" lon="128.996006"><ele>960.8</ele><time>2022-03-22T03:26:07.000Z</time></trkpt>
      <trkpt lat="35.568730" lon="128.995887"><ele>963.0</ele><time>2022-03-22T03:26:17.000Z</time></trkpt>
      <trkpt lat="35.568713" lon="128.995778"><ele>963.8</ele><time>2022-03-22T03:26:25.000Z</time></trkpt>
      <trkpt lat="35.568703" lon="128.995662"><ele>964.3</ele><time>2022-03-22T03:26:35.000Z</time></trkpt>
      <trkpt lat="35.568685" lon="128.995543"><ele>966.7</ele><time>2022-03-22T03:26:47.000Z</time></trkpt>
      <trkpt lat="35.568699" lon="128.995421"><ele>967.8</ele><time>2022-03-22T03:26:58.000Z</time></trkpt>
      <trkpt lat="35.568736" lon="128.995320"><ele>965.1</ele><time>2022-03-22T03:27:07.000Z</time></trkpt>
      <trkpt lat="35.568792" lon="128.995225"><ele>966.4</ele><time>2022-03-22T03:27:14.000Z</time></trkpt>
      <trkpt lat="35.568831" lon="128.995110"><ele>967.4</ele><time>2022-03-22T03:27:22.000Z</time></trkpt>
      <trkpt lat="35.568865" lon="128.994992"><ele>969.2</ele><time>2022-03-22T03:27:30.000Z</time></trkpt>
      <trkpt lat="35.568864" lon="128.994880"><ele>969.1</ele><time>2022-03-22T03:27:37.000Z</time></trkpt>
      <trkpt lat="35.568849" lon="128.994766"><ele>969.5</ele><time>2022-03-22T03:27:45.000Z</time></trkpt>
      <trkpt lat="35.568816" lon="128.994652"><ele>972.0</ele><time>2022-03-22T03:27:54.000Z</time></trkpt>
      <trkpt lat="35.568803" lon="128.994540"><ele>972.3</ele><time>2022-03-22T03:28:04.000Z</time></trkpt>
      <trkpt lat="35.568785" lon="128.994429"><ele>972.3</ele><time>2022-03-22T03:28:18.000Z</time></trkpt>
      <trkpt lat="35.568728" lon="128.994328"><ele>972.4</ele><time>2022-03-22T03:28:27.000Z</time></trkpt>
      <trkpt lat="35.568650" lon="128.994251"><ele>971.4</ele><time>2022-03-22T03:28:35.000Z</time></trkpt>
      <trkpt lat="35.568589" lon="128.994151"><ele>971.9</ele><time>2022-03-22T03:28:44.000Z</time></trkpt>
      <trkpt lat="35.568525" lon="128.994066"><ele>973.2</ele><time>2022-03-22T03:28:52.000Z</time></trkpt>
      <trkpt lat="35.568448" lon="128.993996"><ele>972.4</ele><time>2022-03-22T03:29:00.000Z</time></trkpt>
      <trkpt lat="35.568363" lon="128.993929"><ele>975.3</ele><time>2022-03-22T03:29:08.000Z</time></trkpt>
      <trkpt lat="35.568276" lon="128.993875"><ele>977.5</ele><time>2022-03-22T03:29:16.000Z</time></trkpt>
      <trkpt lat="35.568184" lon="128.993855"><ele>978.6</ele><time>2022-03-22T03:29:25.000Z</time></trkpt>
      <trkpt lat="35.568103" lon="128.993786"><ele>978.6</ele><time>2022-03-22T03:29:35.000Z</time></trkpt>
      <trkpt lat="35.568027" lon="128.993727"><ele>979.5</ele><time>2022-03-22T03:29:43.000Z</time></trkpt>
      <trkpt lat="35.567943" lon="128.993659"><ele>980.4</ele><time>2022-03-22T03:29:52.000Z</time></trkpt>
      <trkpt lat="35.567878" lon="128.993568"><ele>977.4</ele><time>2022-03-22T03:30:01.000Z</time></trkpt>
      <trkpt lat="35.567837" lon="128.993458"><ele>977.0</ele><time>2022-03-22T03:30:10.000Z</time></trkpt>
      <trkpt lat="35.567797" lon="128.993350"><ele>975.5</ele><time>2022-03-22T03:30:19.000Z</time></trkpt>
      <trkpt lat="35.567751" lon="128.993247"><ele>974.1</ele><time>2022-03-22T03:30:27.000Z</time></trkpt>
      <trkpt lat="35.567699" lon="128.993145"><ele>974.5</ele><time>2022-03-22T03:30:35.000Z</time></trkpt>
      <trkpt lat="35.567649" lon="128.993043"><ele>976.3</ele><time>2022-03-22T03:30:43.000Z</time></trkpt>
      <trkpt lat="35.567595" lon="128.992946"><ele>975.6</ele><time>2022-03-22T03:30:51.000Z</time></trkpt>
      <trkpt lat="35.567542" lon="128.992842"><ele>976.7</ele><time>2022-03-22T03:31:00.000Z</time></trkpt>
      <trkpt lat="35.567508" lon="128.992730"><ele>977.4</ele><time>2022-03-22T03:31:09.000Z</time></trkpt>
      <trkpt lat="35.567502" lon="128.992613"><ele>976.4</ele><time>2022-03-22T03:31:17.000Z</time></trkpt>
      <trkpt lat="35.567485" lon="128.992491"><ele>978.3</ele><time>2022-03-22T03:31:25.000Z</time></trkpt>
      <trkpt lat="35.567467" lon="128.992371"><ele>977.4</ele><time>2022-03-22T03:31:33.000Z</time></trkpt>
      <trkpt lat="35.567427" lon="128.992268"><ele>977.5</ele><time>2022-03-22T03:31:40.000Z</time></trkpt>
      <trkpt lat="35.567377" lon="128.992158"><ele>977.4</ele><time>2022-03-22T03:31:48.000Z</time></trkpt>
      <trkpt lat="35.567308" lon="128.992085"><ele>977.9</ele><time>2022-03-22T03:31:55.000Z</time></trkpt>
      <trkpt lat="35.567228" lon="128.992007"><ele>978.8</ele><time>2022-03-22T03:32:03.000Z</time></trkpt>
      <trkpt lat="35.567146" lon="128.991937"><ele>981.4</ele><time>2022-03-22T03:32:11.000Z</time></trkpt>
      <trkpt lat="35.567074" lon="128.991863"><ele>982.2</ele><time>2022-03-22T03:32:19.000Z</time></trkpt>
      <trkpt lat="35.567004" lon="128.991780"><ele>980.9</ele><time>2022-03-22T03:32:28.000Z</time></trkpt>
      <trkpt lat="35.566948" lon="128.991684"><ele>980.3</ele><time>2022-03-22T03:32:36.000Z</time></trkpt>
      <trkpt lat="35.566894" lon="128.991580"><ele>978.6</ele><time>2022-03-22T03:32:44.000Z</time></trkpt>
      <trkpt lat="35.566845" lon="128.991475"><ele>981.2</ele><time>2022-03-22T03:32:52.000Z</time></trkpt>
      <trkpt lat="35.566808" lon="128.991364"><ele>985.4</ele><time>2022-03-22T03:33:01.000Z</time></trkpt>
      <trkpt lat="35.566775" lon="128.991257"><ele>985.3</ele><time>2022-03-22T03:33:16.000Z</time></trkpt>
      <trkpt lat="35.566724" lon="128.991159"><ele>984.7</ele><time>2022-03-22T03:33:23.000Z</time></trkpt>
      <trkpt lat="35.566660" lon="128.991071"><ele>984.2</ele><time>2022-03-22T03:33:30.000Z</time></trkpt>
      <trkpt lat="35.566588" lon="128.990984"><ele>983.0</ele><time>2022-03-22T03:33:38.000Z</time></trkpt>
      <trkpt lat="35.566517" lon="128.990914"><ele>981.0</ele><time>2022-03-22T03:33:45.000Z</time></trkpt>
      <trkpt lat="35.566453" lon="128.990818"><ele>981.7</ele><time>2022-03-22T03:33:53.000Z</time></trkpt>
      <trkpt lat="35.566402" lon="128.990722"><ele>981.6</ele><time>2022-03-22T03:34:01.000Z</time></trkpt>
      <trkpt lat="35.566361" lon="128.990620"><ele>981.0</ele><time>2022-03-22T03:34:09.000Z</time></trkpt>
      <trkpt lat="35.566336" lon="128.990511"><ele>981.1</ele><time>2022-03-22T03:34:17.000Z</time></trkpt>
      <trkpt lat="35.566314" lon="128.990392"><ele>984.7</ele><time>2022-03-22T03:34:26.000Z</time></trkpt>
      <trkpt lat="35.566304" lon="128.990282"><ele>984.6</ele><time>2022-03-22T03:34:34.000Z</time></trkpt>
      <trkpt lat="35.566247" lon="128.990190"><ele>986.0</ele><time>2022-03-22T03:34:42.000Z</time></trkpt>
      <trkpt lat="35.566211" lon="128.990087"><ele>985.3</ele><time>2022-03-22T03:34:50.000Z</time></trkpt>
      <trkpt lat="35.566192" lon="128.989977"><ele>986.6</ele><time>2022-03-22T03:34:58.000Z</time></trkpt>
      <trkpt lat="35.566189" lon="128.989855"><ele>987.2</ele><time>2022-03-22T03:35:07.000Z</time></trkpt>
      <trkpt lat="35.566182" lon="128.989740"><ele>986.2</ele><time>2022-03-22T03:35:15.000Z</time></trkpt>
      <trkpt lat="35.566181" lon="128.989625"><ele>986.4</ele><time>2022-03-22T03:35:23.000Z</time></trkpt>
      <trkpt lat="35.566173" lon="128.989510"><ele>986.7</ele><time>2022-03-22T03:35:31.000Z</time></trkpt>
      <trkpt lat="35.566142" lon="128.989398"><ele>987.3</ele><time>2022-03-22T03:35:39.000Z</time></trkpt>
      <trkpt lat="35.566103" lon="128.989293"><ele>988.0</ele><time>2022-03-22T03:35:47.000Z</time></trkpt>
      <trkpt lat="35.566076" lon="128.989187"><ele>989.3</ele><time>2022-03-22T03:35:55.000Z</time></trkpt>
      <trkpt lat="35.566024" lon="128.989088"><ele>990.1</ele><time>2022-03-22T03:36:03.000Z</time></trkpt>
      <trkpt lat="35.565973" lon="128.988995"><ele>990.7</ele><time>2022-03-22T03:36:11.000Z</time></trkpt>
      <trkpt lat="35.565891" lon="128.988935"><ele>992.0</ele><time>2022-03-22T03:36:19.000Z</time></trkpt>
      <trkpt lat="35.565803" lon="128.988900"><ele>993.3</ele><time>2022-03-22T03:36:27.000Z</time></trkpt>
      <trkpt lat="35.565714" lon="128.988859"><ele>994.9</ele><time>2022-03-22T03:36:35.000Z</time></trkpt>
      <trkpt lat="35.565632" lon="128.988805"><ele>994.9</ele><time>2022-03-22T03:36:43.000Z</time></trkpt>
      <trkpt lat="35.565568" lon="128.988713"><ele>995.1</ele><time>2022-03-22T03:36:51.000Z</time></trkpt>
      <trkpt lat="35.565508" lon="128.988619"><ele>995.7</ele><time>2022-03-22T03:36:59.000Z</time></trkpt>
      <trkpt lat="35.565459" lon="128.988515"><ele>996.1</ele><time>2022-03-22T03:37:07.000Z</time></trkpt>
      <trkpt lat="35.565409" lon="128.988410"><ele>995.2</ele><time>2022-03-22T03:37:15.000Z</time></trkpt>
      <trkpt lat="35.565372" lon="128.988309"><ele>995.0</ele><time>2022-03-22T03:37:22.000Z</time></trkpt>
      <trkpt lat="35.565347" lon="128.988199"><ele>995.5</ele><time>2022-03-22T03:37:30.000Z</time></trkpt>
      <trkpt lat="35.565372" lon="128.988090"><ele>995.1</ele><time>2022-03-22T03:37:39.000Z</time></trkpt>
      <trkpt lat="35.565382" lon="128.987973"><ele>994.9</ele><time>2022-03-22T03:37:47.000Z</time></trkpt>
      <trkpt lat="35.565382" lon="128.987855"><ele>994.8</ele><time>2022-03-22T03:37:55.000Z</time></trkpt>
      <trkpt lat="35.565387" lon="128.987736"><ele>994.5</ele><time>2022-03-22T03:38:03.000Z</time></trkpt>
      <trkpt lat="35.565389" lon="128.987610"><ele>994.4</ele><time>2022-03-22T03:38:11.000Z</time></trkpt>
      <trkpt lat="35.565389" lon="128.987492"><ele>994.1</ele><time>2022-03-22T03:38:19.000Z</time></trkpt>
      <trkpt lat="35.565444" lon="128.987390"><ele>994.6</ele><time>2022-03-22T03:38:27.000Z</time></trkpt>
      <trkpt lat="35.565487" lon="128.987283"><ele>995.7</ele><time>2022-03-22T03:38:35.000Z</time></trkpt>
      <trkpt lat="35.565501" lon="128.987168"><ele>995.5</ele><time>2022-03-22T03:38:43.000Z</time></trkpt>
      <trkpt lat="35.565533" lon="128.987062"><ele>995.6</ele><time>2022-03-22T03:38:51.000Z</time></trkpt>
      <trkpt lat="35.565541" lon="128.986952"><ele>994.9</ele><time>2022-03-22T03:38:59.000Z</time></trkpt>
      <trkpt lat="35.565545" lon="128.986830"><ele>994.4</ele><time>2022-03-22T03:39:08.000Z</time></trkpt>
      <trkpt lat="35.565542" lon="128.986712"><ele>995.1</ele><time>2022-03-22T03:39:18.000Z</time></trkpt>
      <trkpt lat="35.565538" lon="128.986591"><ele>994.8</ele><time>2022-03-22T03:39:28.000Z</time></trkpt>
      <trkpt lat="35.565529" lon="128.986472"><ele>994.8</ele><time>2022-03-22T03:39:37.000Z</time></trkpt>
      <trkpt lat="35.565532" lon="128.986353"><ele>994.7</ele><time>2022-03-22T03:39:47.000Z</time></trkpt>
      <trkpt lat="35.565555" lon="128.986235"><ele>995.1</ele><time>2022-03-22T03:40:11.000Z</time></trkpt>
      <trkpt lat="35.565578" lon="128.986128"><ele>995.0</ele><time>2022-03-22T03:40:24.000Z</time></trkpt>
      <trkpt lat="35.565536" lon="128.986029"><ele>994.7</ele><time>2022-03-22T03:40:32.000Z</time></trkpt>
      <trkpt lat="35.565529" lon="128.985912"><ele>996.5</ele><time>2022-03-22T03:40:42.000Z</time></trkpt>
      <trkpt lat="35.565549" lon="128.985795"><ele>994.9</ele><time>2022-03-22T03:40:53.000Z</time></trkpt>
      <trkpt lat="35.565573" lon="128.985686"><ele>997.2</ele><time>2022-03-22T03:41:02.000Z</time></trkpt>
      <trkpt lat="35.565612" lon="128.985584"><ele>998.5</ele><time>2022-03-22T03:41:12.000Z</time></trkpt>
      <trkpt lat="35.565597" lon="128.985469"><ele>1000.9</ele><time>2022-03-22T03:41:22.000Z</time></trkpt>
      <trkpt lat="35.565587" lon="128.985358"><ele>1004.7</ele><time>2022-03-22T03:41:36.000Z</time></trkpt>
      <trkpt lat="35.565633" lon="128.985262"><ele>1008.0</ele><time>2022-03-22T03:41:50.000Z</time></trkpt>
      <trkpt lat="35.565622" lon="128.985150"><ele>1011.2</ele><time>2022-03-22T03:42:04.000Z</time></trkpt>
      <trkpt lat="35.565598" lon="128.985036"><ele>1013.2</ele><time>2022-03-22T03:42:19.000Z</time></trkpt>
      <trkpt lat="35.565541" lon="128.984943"><ele>1017.0</ele><time>2022-03-22T03:42:31.000Z</time></trkpt>
      <trkpt lat="35.565496" lon="128.984843"><ele>1020.2</ele><time>2022-03-22T03:42:44.000Z</time></trkpt>
      <trkpt lat="35.565448" lon="128.984748"><ele>1021.1</ele><time>2022-03-22T03:42:56.000Z</time></trkpt>
      <trkpt lat="35.565446" lon="128.984631"><ele>1022.4</ele><time>2022-03-22T03:43:12.000Z</time></trkpt>
      <trkpt lat="35.565406" lon="128.984531"><ele>1025.0</ele><time>2022-03-22T03:43:26.000Z</time></trkpt>
      <trkpt lat="35.565354" lon="128.984440"><ele>1027.2</ele><time>2022-03-22T03:43:39.000Z</time></trkpt>
      <trkpt lat="35.565288" lon="128.984363"><ele>1028.2</ele><time>2022-03-22T03:43:51.000Z</time></trkpt>
      <trkpt lat="35.565241" lon="128.984258"><ele>1026.2</ele><time>2022-03-22T03:44:02.000Z</time></trkpt>
      <trkpt lat="35.565228" lon="128.984139"><ele>1027.1</ele><time>2022-03-22T03:44:12.000Z</time></trkpt>
      <trkpt lat="35.565254" lon="128.984028"><ele>1032.6</ele><time>2022-03-22T03:44:23.000Z</time></trkpt>
      <trkpt lat="35.565262" lon="128.983918"><ele>1032.0</ele><time>2022-03-22T03:44:34.000Z</time></trkpt>
      <trkpt lat="35.565268" lon="128.983799"><ele>1032.9</ele><time>2022-03-22T03:44:45.000Z</time></trkpt>
      <trkpt lat="35.565261" lon="128.983681"><ele>1033.3</ele><time>2022-03-22T03:44:55.000Z</time></trkpt>
      <trkpt lat="35.565258" lon="128.983562"><ele>1031.1</ele><time>2022-03-22T03:45:04.000Z</time></trkpt>
      <trkpt lat="35.565273" lon="128.983445"><ele>1031.8</ele><time>2022-03-22T03:45:11.000Z</time></trkpt>
      <trkpt lat="35.565281" lon="128.983324"><ele>1033.9</ele><time>2022-03-22T03:45:19.000Z</time></trkpt>
      <trkpt lat="35.565304" lon="128.983206"><ele>1034.7</ele><time>2022-03-22T03:45:29.000Z</time></trkpt>
      <trkpt lat="35.565308" lon="128.983094"><ele>1035.5</ele><time>2022-03-22T03:45:38.000Z</time></trkpt>
      <trkpt lat="35.565367" lon="128.983009"><ele>1039.7</ele><time>2022-03-22T03:45:50.000Z</time></trkpt>
      <trkpt lat="35.565348" lon="128.982890"><ele>1037.4</ele><time>2022-03-22T03:46:01.000Z</time></trkpt>
      <trkpt lat="35.565376" lon="128.982779"><ele>1040.1</ele><time>2022-03-22T03:46:11.000Z</time></trkpt>
      <trkpt lat="35.565388" lon="128.982663"><ele>1042.1</ele><time>2022-03-22T03:46:22.000Z</time></trkpt>
      <trkpt lat="35.565374" lon="128.982546"><ele>1038.7</ele><time>2022-03-22T03:46:31.000Z</time></trkpt>
      <trkpt lat="35.565364" lon="128.982429"><ele>1038.2</ele><time>2022-03-22T03:46:40.000Z</time></trkpt>
      <trkpt lat="35.565341" lon="128.982319"><ele>1038.0</ele><time>2022-03-22T03:46:48.000Z</time></trkpt>
      <trkpt lat="35.565314" lon="128.982211"><ele>1038.7</ele><time>2022-03-22T03:46:56.000Z</time></trkpt>
      <trkpt lat="35.565295" lon="128.982103"><ele>1041.7</ele><time>2022-03-22T03:47:05.000Z</time></trkpt>
      <trkpt lat="35.565250" lon="128.982001"><ele>1043.5</ele><time>2022-03-22T03:47:15.000Z</time></trkpt>
      <trkpt lat="35.565235" lon="128.981884"><ele>1043.6</ele><time>2022-03-22T03:47:26.000Z</time></trkpt>
      <trkpt lat="35.565252" lon="128.981769"><ele>1046.5</ele><time>2022-03-22T03:47:37.000Z</time></trkpt>
      <trkpt lat="35.565205" lon="128.981673"><ele>1044.6</ele><time>2022-03-22T03:47:48.000Z</time></trkpt>
      <trkpt lat="35.565125" lon="128.981606"><ele>1045.0</ele><time>2022-03-22T03:47:56.000Z</time></trkpt>
      <trkpt lat="35.565072" lon="128.981507"><ele>1045.3</ele><time>2022-03-22T03:48:05.000Z</time></trkpt>
      <trkpt lat="35.565009" lon="128.981412"><ele>1046.0</ele><time>2022-03-22T03:48:14.000Z</time></trkpt>
      <trkpt lat="35.564951" lon="128.981311"><ele>1048.1</ele><time>2022-03-22T03:48:24.000Z</time></trkpt>
      <trkpt lat="35.564892" lon="128.981217"><ele>1050.1</ele><time>2022-03-22T03:48:34.000Z</time></trkpt>
      <trkpt lat="35.564850" lon="128.981116"><ele>1049.7</ele><time>2022-03-22T03:48:45.000Z</time></trkpt>
      <trkpt lat="35.564792" lon="128.981028"><ele>1051.8</ele><time>2022-03-22T03:48:55.000Z</time></trkpt>
      <trkpt lat="35.564723" lon="128.980949"><ele>1051.6</ele><time>2022-03-22T03:49:04.000Z</time></trkpt>
      <trkpt lat="35.564654" lon="128.980875"><ele>1052.7</ele><time>2022-03-22T03:49:12.000Z</time></trkpt>
      <trkpt lat="35.564625" lon="128.980771"><ele>1053.9</ele><time>2022-03-22T03:49:21.000Z</time></trkpt>
      <trkpt lat="35.564571" lon="128.980674"><ele>1054.2</ele><time>2022-03-22T03:49:31.000Z</time></trkpt>
      <trkpt lat="35.564495" lon="128.980613"><ele>1054.4</ele><time>2022-03-22T03:49:39.000Z</time></trkpt>
      <trkpt lat="35.564434" lon="128.980520"><ele>1056.0</ele><time>2022-03-22T03:49:48.000Z</time></trkpt>
      <trkpt lat="35.564373" lon="128.980433"><ele>1059.2</ele><time>2022-03-22T03:50:00.000Z</time></trkpt>
      <trkpt lat="35.564316" lon="128.980338"><ele>1060.9</ele><time>2022-03-22T03:50:14.000Z</time></trkpt>
      <trkpt lat="35.564271" lon="128.980239"><ele>1062.4</ele><time>2022-03-22T03:50:25.000Z</time></trkpt>
      <trkpt lat="35.564239" lon="128.980129"><ele>1062.2</ele><time>2022-03-22T03:50:35.000Z</time></trkpt>
      <trkpt lat="35.564218" lon="128.980015"><ele>1062.2</ele><time>2022-03-22T03:50:45.000Z</time></trkpt>
      <trkpt lat="35.564198" lon="128.979897"><ele>1062.6</ele><time>2022-03-22T03:50:55.000Z</time></trkpt>
      <trkpt lat="35.564177" lon="128.979780"><ele>1061.9</ele><time>2022-03-22T03:51:05.000Z</time></trkpt>
      <trkpt lat="35.564170" lon="128.979666"><ele>1062.4</ele><time>2022-03-22T03:51:14.000Z</time></trkpt>
      <trkpt lat="35.564184" lon="128.979553"><ele>1064.6</ele><time>2022-03-22T03:51:22.000Z</time></trkpt>
      <trkpt lat="35.564189" lon="128.979433"><ele>1065.3</ele><time>2022-03-22T03:51:33.000Z</time></trkpt>
      <trkpt lat="35.564161" lon="128.979315"><ele>1064.6</ele><time>2022-03-22T03:51:43.000Z</time></trkpt>
      <trkpt lat="35.564104" lon="128.979227"><ele>1063.4</ele><time>2022-03-22T03:51:51.000Z</time></trkpt>
      <trkpt lat="35.564096" lon="128.979116"><ele>1063.9</ele><time>2022-03-22T03:51:59.000Z</time></trkpt>
      <trkpt lat="35.564102" lon="128.978992"><ele>1063.7</ele><time>2022-03-22T03:52:08.000Z</time></trkpt>
      <trkpt lat="35.564056" lon="128.978891"><ele>1062.0</ele><time>2022-03-22T03:52:16.000Z</time></trkpt>
      <trkpt lat="35.564023" lon="128.978776"><ele>1063.5</ele><time>2022-03-22T03:52:24.000Z</time></trkpt>
      <trkpt lat="35.563992" lon="128.978659"><ele>1064.1</ele><time>2022-03-22T03:52:33.000Z</time></trkpt>
      <trkpt lat="35.564002" lon="128.978547"><ele>1065.5</ele><time>2022-03-22T03:52:42.000Z</time></trkpt>
      <trkpt lat="35.563980" lon="128.978434"><ele>1069.2</ele><time>2022-03-22T03:52:57.000Z</time></trkpt>
      <trkpt lat="35.563934" lon="128.978331"><ele>1069.7</ele><time>2022-03-22T03:53:12.000Z</time></trkpt>
      <trkpt lat="35.563900" lon="128.978227"><ele>1070.9</ele><time>2022-03-22T03:53:26.000Z</time></trkpt>
      <trkpt lat="35.563850" lon="128.978126"><ele>1071.5</ele><time>2022-03-22T03:53:38.000Z</time></trkpt>
      <trkpt lat="35.563787" lon="128.978038"><ele>1071.8</ele><time>2022-03-22T03:53:47.000Z</time></trkpt>
      <trkpt lat="35.563740" lon="128.977938"><ele>1073.6</ele><time>2022-03-22T03:53:56.000Z</time></trkpt>
      <trkpt lat="35.563735" lon="128.977826"><ele>1074.3</ele><time>2022-03-22T03:54:05.000Z</time></trkpt>
      <trkpt lat="35.563697" lon="128.977714"><ele>1074.0</ele><time>2022-03-22T03:54:13.000Z</time></trkpt>
      <trkpt lat="35.563740" lon="128.977608"><ele>1075.4</ele><time>2022-03-22T03:54:24.000Z</time></trkpt>
      <trkpt lat="35.563774" lon="128.977497"><ele>1077.1</ele><time>2022-03-22T03:54:36.000Z</time></trkpt>
      <trkpt lat="35.563776" lon="128.977382"><ele>1077.1</ele><time>2022-03-22T03:54:47.000Z</time></trkpt>
      <trkpt lat="35.563758" lon="128.977270"><ele>1077.4</ele><time>2022-03-22T03:54:58.000Z</time></trkpt>
      <trkpt lat="35.563730" lon="128.977165"><ele>1077.3</ele><time>2022-03-22T03:55:07.000Z</time></trkpt>
      <trkpt lat="35.563718" lon="128.977049"><ele>1078.4</ele><time>2022-03-22T03:55:16.000Z</time></trkpt>
      <trkpt lat="35.563696" lon="128.976939"><ele>1078.2</ele><time>2022-03-22T03:55:26.000Z</time></trkpt>
      <trkpt lat="35.563689" lon="128.976824"><ele>1080.3</ele><time>2022-03-22T03:55:35.000Z</time></trkpt>
      <trkpt lat="35.563657" lon="128.976717"><ele>1079.8</ele><time>2022-03-22T03:55:44.000Z</time></trkpt>
      <trkpt lat="35.563637" lon="128.976605"><ele>1081.2</ele><time>2022-03-22T03:55:53.000Z</time></trkpt>
      <trkpt lat="35.563597" lon="128.976495"><ele>1082.1</ele><time>2022-03-22T03:56:03.000Z</time></trkpt>
      <trkpt lat="35.563586" lon="128.976377"><ele>1084.2</ele><time>2022-03-22T03:56:14.000Z</time></trkpt>
      <trkpt lat="35.563542" lon="128.976280"><ele>1084.3</ele><time>2022-03-22T03:56:24.000Z</time></trkpt>
      <trkpt lat="35.563500" lon="128.976172"><ele>1085.6</ele><time>2022-03-22T03:56:35.000Z</time></trkpt>
      <trkpt lat="35.563432" lon="128.976098"><ele>1086.0</ele><time>2022-03-22T03:56:45.000Z</time></trkpt>
      <trkpt lat="35.563367" lon="128.976020"><ele>1086.8</ele><time>2022-03-22T03:56:54.000Z</time></trkpt>
      <trkpt lat="35.563308" lon="128.975932"><ele>1088.1</ele><time>2022-03-22T03:57:03.000Z</time></trkpt>
      <trkpt lat="35.563249" lon="128.975837"><ele>1088.7</ele><time>2022-03-22T03:57:13.000Z</time></trkpt>
      <trkpt lat="35.563211" lon="128.975734"><ele>1089.5</ele><time>2022-03-22T03:57:23.000Z</time></trkpt>
      <trkpt lat="35.563162" lon="128.975633"><ele>1091.3</ele><time>2022-03-22T03:57:35.000Z</time></trkpt>
      <trkpt lat="35.563104" lon="128.975540"><ele>1093.5</ele><time>2022-03-22T03:57:47.000Z</time></trkpt>
      <trkpt lat="35.563034" lon="128.975468"><ele>1094.3</ele><time>2022-03-22T03:57:58.000Z</time></trkpt>
      <trkpt lat="35.562962" lon="128.975396"><ele>1096.3</ele><time>2022-03-22T03:58:08.000Z</time></trkpt>
      <trkpt lat="35.562892" lon="128.975326"><ele>1097.9</ele><time>2022-03-22T03:58:18.000Z</time></trkpt>
      <trkpt lat="35.562820" lon="128.975247"><ele>1099.8</ele><time>2022-03-22T03:58:30.000Z</time></trkpt>
      <trkpt lat="35.562766" lon="128.975152"><ele>1102.7</ele><time>2022-03-22T03:58:42.000Z</time></trkpt>
      <trkpt lat="35.562704" lon="128.975063"><ele>1103.7</ele><time>2022-03-22T03:58:52.000Z</time></trkpt>
      <trkpt lat="35.562636" lon="128.974974"><ele>1105.0</ele><time>2022-03-22T03:59:02.000Z</time></trkpt>
      <trkpt lat="35.562569" lon="128.974897"><ele>1106.8</ele><time>2022-03-22T03:59:12.000Z</time></trkpt>
      <trkpt lat="35.562508" lon="128.974813"><ele>1109.1</ele><time>2022-03-22T03:59:27.000Z</time></trkpt>
      <trkpt lat="35.562449" lon="128.974727"><ele>1112.1</ele><time>2022-03-22T03:59:41.000Z</time></trkpt>
      <trkpt lat="35.562367" lon="128.974659"><ele>1111.6</ele><time>2022-03-22T03:59:53.000Z</time></trkpt>
      <trkpt lat="35.562325" lon="128.974551"><ele>1114.8</ele><time>2022-03-22T04:00:04.000Z</time></trkpt>
      <trkpt lat="35.562290" lon="128.974444"><ele>1115.0</ele><time>2022-03-22T04:00:15.000Z</time></trkpt>
      <trkpt lat="35.562269" lon="128.974326"><ele>1115.4</ele><time>2022-03-22T04:00:26.000Z</time></trkpt>
      <trkpt lat="35.562252" lon="128.974208"><ele>1117.3</ele><time>2022-03-22T04:00:36.000Z</time></trkpt>
      <trkpt lat="35.562244" lon="128.974097"><ele>1117.8</ele><time>2022-03-22T04:00:46.000Z</time></trkpt>
      <trkpt lat="35.562228" lon="128.973988"><ele>1117.9</ele><time>2022-03-22T04:00:55.000Z</time></trkpt>
      <trkpt lat="35.562217" lon="128.973875"><ele>1119.6</ele><time>2022-03-22T04:01:04.000Z</time></trkpt>
      <trkpt lat="35.562202" lon="128.973766"><ele>1121.5</ele><time>2022-03-22T04:01:13.000Z</time></trkpt>
      <trkpt lat="35.562185" lon="128.973655"><ele>1123.0</ele><time>2022-03-22T04:01:23.000Z</time></trkpt>
      <trkpt lat="35.562173" lon="128.973534"><ele>1124.2</ele><time>2022-03-22T04:01:35.000Z</time></trkpt>
      <trkpt lat="35.562156" lon="128.973420"><ele>1127.0</ele><time>2022-03-22T04:01:47.000Z</time></trkpt>
      <trkpt lat="35.562129" lon="128.973311"><ele>1126.7</ele><time>2022-03-22T04:01:59.000Z</time></trkpt>
      <trkpt lat="35.562073" lon="128.973222"><ele>1128.2</ele><time>2022-03-22T04:02:08.000Z</time></trkpt>
      <trkpt lat="35.562031" lon="128.973116"><ele>1128.7</ele><time>2022-03-22T04:02:18.000Z</time></trkpt>
      <trkpt lat="35.561988" lon="128.973014"><ele>1130.1</ele><time>2022-03-22T04:02:28.000Z</time></trkpt>
      <trkpt lat="35.561941" lon="128.972916"><ele>1131.7</ele><time>2022-03-22T04:02:38.000Z</time></trkpt>
      <trkpt lat="35.561901" lon="128.972811"><ele>1132.4</ele><time>2022-03-22T04:02:48.000Z</time></trkpt>
      <trkpt lat="35.561860" lon="128.972702"><ele>1133.6</ele><time>2022-03-22T04:02:58.000Z</time></trkpt>
      <trkpt lat="35.561815" lon="128.972592"><ele>1135.9</ele><time>2022-03-22T04:03:08.000Z</time></trkpt>
      <trkpt lat="35.561748" lon="128.972515"><ele>1135.1</ele><time>2022-03-22T04:03:16.000Z</time></trkpt>
      <trkpt lat="35.561684" lon="128.972438"><ele>1135.9</ele><time>2022-03-22T04:03:23.000Z</time></trkpt>
      <trkpt lat="35.561615" lon="128.972364"><ele>1136.5</ele><time>2022-03-22T04:03:31.000Z</time></trkpt>
      <trkpt lat="35.561566" lon="128.972265"><ele>1136.9</ele><time>2022-03-22T04:03:42.000Z</time></trkpt>
      <trkpt lat="35.561502" lon="128.972181"><ele>1139.5</ele><time>2022-03-22T04:03:53.000Z</time></trkpt>
      <trkpt lat="35.561460" lon="128.972073"><ele>1141.1</ele><time>2022-03-22T04:04:06.000Z</time></trkpt>
      <trkpt lat="35.561403" lon="128.971986"><ele>1144.4</ele><time>2022-03-22T04:04:25.000Z</time></trkpt>
      <trkpt lat="35.561332" lon="128.971905"><ele>1144.7</ele><time>2022-03-22T04:04:35.000Z</time></trkpt>
      <trkpt lat="35.561252" lon="128.971849"><ele>1145.4</ele><time>2022-03-22T04:04:44.000Z</time></trkpt>
      <trkpt lat="35.561178" lon="128.971782"><ele>1146.5</ele><time>2022-03-22T04:04:55.000Z</time></trkpt>
      <trkpt lat="35.561093" lon="128.971727"><ele>1147.1</ele><time>2022-03-22T04:05:06.000Z</time></trkpt>
      <trkpt lat="35.561001" lon="128.971698"><ele>1149.3</ele><time>2022-03-22T04:05:19.000Z</time></trkpt>
      <trkpt lat="35.560913" lon="128.971653"><ele>1151.1</ele><time>2022-03-22T04:05:32.000Z</time></trkpt>
      <trkpt lat="35.560820" lon="128.971651"><ele>1153.1</ele><time>2022-03-22T04:05:43.000Z</time></trkpt>
      <trkpt lat="35.560722" lon="128.971648"><ele>1153.0</ele><time>2022-03-22T04:05:54.000Z</time></trkpt>
      <trkpt lat="35.560629" lon="128.971642"><ele>1154.9</ele><time>2022-03-22T04:06:03.000Z</time></trkpt>
      <trkpt lat="35.560536" lon="128.971623"><ele>1155.5</ele><time>2022-03-22T04:06:13.000Z</time></trkpt>
      <trkpt lat="35.560441" lon="128.971629"><ele>1157.0</ele><time>2022-03-22T04:06:23.000Z</time></trkpt>
      <trkpt lat="35.560348" lon="128.971624"><ele>1159.4</ele><time>2022-03-22T04:06:32.000Z</time></trkpt>
      <trkpt lat="35.560252" lon="128.971630"><ele>1160.7</ele><time>2022-03-22T04:06:42.000Z</time></trkpt>
      <trkpt lat="35.560158" lon="128.971644"><ele>1160.7</ele><time>2022-03-22T04:06:51.000Z</time></trkpt>
      <trkpt lat="35.560062" lon="128.971641"><ele>1162.5</ele><time>2022-03-22T04:07:00.000Z</time></trkpt>
      <trkpt lat="35.559970" lon="128.971624"><ele>1163.2</ele><time>2022-03-22T04:07:09.000Z</time></trkpt>
      <trkpt lat="35.559872" lon="128.971624"><ele>1164.2</ele><time>2022-03-22T04:07:19.000Z</time></trkpt>
      <trkpt lat="35.559788" lon="128.971664"><ele>1162.1</ele><time>2022-03-22T04:07:32.000Z</time></trkpt>
      <trkpt lat="35.559699" lon="128.971702"><ele>1162.5</ele><time>2022-03-22T04:07:46.000Z</time></trkpt>
      <trkpt lat="35.559603" lon="128.971706"><ele>1163.2</ele><time>2022-03-22T04:07:58.000Z</time></trkpt>
      <trkpt lat="35.559507" lon="128.971719"><ele>1164.4</ele><time>2022-03-22T04:08:12.000Z</time></trkpt>
      <trkpt lat="35.559411" lon="128.971731"><ele>1164.0</ele><time>2022-03-22T04:08:20.000Z</time></trkpt>
      <trkpt lat="35.559319" lon="128.971757"><ele>1165.1</ele><time>2022-03-22T04:08:29.000Z</time></trkpt>
      <trkpt lat="35.559228" lon="128.971763"><ele>1166.8</ele><time>2022-03-22T04:08:38.000Z</time></trkpt>
      <trkpt lat="35.559140" lon="128.971811"><ele>1166.3</ele><time>2022-03-22T04:08:48.000Z</time></trkpt>
      <trkpt lat="35.559062" lon="128.971880"><ele>1169.4</ele><time>2022-03-22T04:08:58.000Z</time></trkpt>
      <trkpt lat="35.558981" lon="128.971933"><ele>1167.8</ele><time>2022-03-22T04:09:12.000Z</time></trkpt>
      <trkpt lat="35.558899" lon="128.971980"><ele>1167.8</ele><time>2022-03-22T04:09:26.000Z</time></trkpt>
      <trkpt lat="35.558811" lon="128.972014"><ele>1172.5</ele><time>2022-03-22T04:09:43.000Z</time></trkpt>
      <trkpt lat="35.558720" lon="128.972008"><ele>1174.7</ele><time>2022-03-22T04:09:57.000Z</time></trkpt>
      <trkpt lat="35.558627" lon="128.971995"><ele>1176.6</ele><time>2022-03-22T04:10:08.000Z</time></trkpt>
      <trkpt lat="35.558530" lon="128.972006"><ele>1176.4</ele><time>2022-03-22T04:10:27.000Z</time></trkpt>
      <trkpt lat="35.558438" lon="128.972025"><ele>1177.2</ele><time>2022-03-22T04:10:38.000Z</time></trkpt>
      <trkpt lat="35.558346" lon="128.972053"><ele>1178.6</ele><time>2022-03-22T04:10:51.000Z</time></trkpt>
      <trkpt lat="35.558257" lon="128.972089"><ele>1180.3</ele><time>2022-03-22T04:11:04.000Z</time></trkpt>
      <trkpt lat="35.558168" lon="128.972112"><ele>1181.9</ele><time>2022-03-22T04:11:19.000Z</time></trkpt>
      <trkpt lat="35.558087" lon="128.972164"><ele>1183.1</ele><time>2022-03-22T04:11:34.000Z</time></trkpt>
      <trkpt lat="35.558031" lon="128.972266"><ele>1184.9</ele><time>2022-03-22T04:11:47.000Z</time></trkpt>
      <trkpt lat="35.557938" lon="128.972281"><ele>1186.1</ele><time>2022-03-22T04:12:02.000Z</time></trkpt>
      <trkpt lat="35.557846" lon="128.972298"><ele>1184.4</ele><time>2022-03-22T04:13:54.000Z</time></trkpt>
      <trkpt lat="35.557758" lon="128.972259"><ele>1184.1</ele><time>2022-03-22T04:27:14.000Z</time></trkpt>
      <trkpt lat="35.557669" lon="128.972287"><ele>1185.1</ele><time>2022-03-22T04:27:32.000Z</time></trkpt>
      <trkpt lat="35.557581" lon="128.972312"><ele>1184.4</ele><time>2022-03-22T04:27:43.000Z</time></trkpt>
      <trkpt lat="35.557485" lon="128.972291"><ele>1182.7</ele><time>2022-03-22T04:27:53.000Z</time></trkpt>
      <trkpt lat="35.557383" lon="128.972301"><ele>1180.1</ele><time>2022-03-22T04:28:05.000Z</time></trkpt>
      <trkpt lat="35.557286" lon="128.972311"><ele>1178.8</ele><time>2022-03-22T04:28:15.000Z</time></trkpt>
      <trkpt lat="35.557187" lon="128.972327"><ele>1175.7</ele><time>2022-03-22T04:28:27.000Z</time></trkpt>
      <trkpt lat="35.557087" lon="128.972319"><ele>1170.5</ele><time>2022-03-22T04:28:42.000Z</time></trkpt>
      <trkpt lat="35.556996" lon="128.972334"><ele>1167.5</ele><time>2022-03-22T04:28:57.000Z</time></trkpt>
      <trkpt lat="35.556975" lon="128.972444"><ele>1160.7</ele><time>2022-03-22T04:29:10.000Z</time></trkpt>
      <trkpt lat="35.556883" lon="128.972459"><ele>1156.8</ele><time>2022-03-22T04:29:26.000Z</time></trkpt>
      <trkpt lat="35.556787" lon="128.972462"><ele>1154.8</ele><time>2022-03-22T04:29:40.000Z</time></trkpt>
      <trkpt lat="35.556693" lon="128.972460"><ele>1151.2</ele><time>2022-03-22T04:29:54.000Z</time></trkpt>
      <trkpt lat="35.556603" lon="128.972508"><ele>1150.1</ele><time>2022-03-22T04:30:07.000Z</time></trkpt>
      <trkpt lat="35.556514" lon="128.972476"><ele>1149.0</ele><time>2022-03-22T04:30:16.000Z</time></trkpt>
      <trkpt lat="35.556425" lon="128.972448"><ele>1147.3</ele><time>2022-03-22T04:30:30.000Z</time></trkpt>
      <trkpt lat="35.556332" lon="128.972465"><ele>1140.4</ele><time>2022-03-22T04:30:42.000Z</time></trkpt>
      <trkpt lat="35.556244" lon="128.972497"><ele>1137.7</ele><time>2022-03-22T04:32:12.000Z</time></trkpt>
      <trkpt lat="35.556152" lon="128.972520"><ele>1132.3</ele><time>2022-03-22T04:32:32.000Z</time></trkpt>
      <trkpt lat="35.556057" lon="128.972491"><ele>1130.1</ele><time>2022-03-22T04:32:44.000Z</time></trkpt>
      <trkpt lat="35.555964" lon="128.972493"><ele>1128.4</ele><time>2022-03-22T04:32:54.000Z</time></trkpt>
      <trkpt lat="35.555909" lon="128.972581"><ele>1125.7</ele><time>2022-03-22T04:33:03.000Z</time></trkpt>
      <trkpt lat="35.555853" lon="128.972671"><ele>1119.5</ele><time>2022-03-22T04:33:20.000Z</time></trkpt>
      <trkpt lat="35.555792" lon="128.972757"><ele>1115.6</ele><time>2022-03-22T04:33:40.000Z</time></trkpt>
      <trkpt lat="35.555758" lon="128.972868"><ele>1111.9</ele><time>2022-03-22T04:33:55.000Z</time></trkpt>
      <trkpt lat="35.555701" lon="128.972958"><ele>1111.1</ele><time>2022-03-22T04:34:16.000Z</time></trkpt>
      <trkpt lat="35.555661" lon="128.973058"><ele>1104.3</ele><time>2022-03-22T04:34:40.000Z</time></trkpt>
      <trkpt lat="35.555587" lon="128.973130"><ele>1097.6</ele><time>2022-03-22T04:35:10.000Z</time></trkpt>
      <trkpt lat="35.555497" lon="128.973167"><ele>1094.2</ele><time>2022-03-22T04:35:24.000Z</time></trkpt>
      <trkpt lat="35.555420" lon="128.973231"><ele>1088.2</ele><time>2022-03-22T04:35:40.000Z</time></trkpt>
      <trkpt lat="35.555331" lon="128.973286"><ele>1084.5</ele><time>2022-03-22T04:35:57.000Z</time></trkpt>
      <trkpt lat="35.555245" lon="128.973333"><ele>1081.6</ele><time>2022-03-22T04:36:08.000Z</time></trkpt>
      <trkpt lat="35.555150" lon="128.973365"><ele>1080.7</ele><time>2022-03-22T04:36:18.000Z</time></trkpt>
      <trkpt lat="35.555057" lon="128.973387"><ele>1080.0</ele><time>2022-03-22T04:36:28.000Z</time></trkpt>
      <trkpt lat="35.554962" lon="128.973366"><ele>1077.3</ele><time>2022-03-22T04:36:43.000Z</time></trkpt>
      <trkpt lat="35.554878" lon="128.973411"><ele>1072.2</ele><time>2022-03-22T04:37:12.000Z</time></trkpt>
      <trkpt lat="35.554782" lon="128.973407"><ele>1075.5</ele><time>2022-03-22T04:37:27.000Z</time></trkpt>
      <trkpt lat="35.554740" lon="128.973514"><ele>1071.4</ele><time>2022-03-22T04:37:40.000Z</time></trkpt>
      <trkpt lat="35.554654" lon="128.973558"><ele>1065.5</ele><time>2022-03-22T04:38:00.000Z</time></trkpt>
      <trkpt lat="35.554553" lon="128.973547"><ele>1061.9</ele><time>2022-03-22T04:38:13.000Z</time></trkpt>
      <trkpt lat="35.554465" lon="128.973508"><ele>1059.6</ele><time>2022-03-22T04:38:21.000Z</time></trkpt>
      <trkpt lat="35.554366" lon="128.973511"><ele>1057.2</ele><time>2022-03-22T04:38:29.000Z</time></trkpt>
      <trkpt lat="35.554276" lon="128.973530"><ele>1055.9</ele><time>2022-03-22T04:38:37.000Z</time></trkpt>
      <trkpt lat="35.554184" lon="128.973564"><ele>1053.3</ele><time>2022-03-22T04:38:46.000Z</time></trkpt>
      <trkpt lat="35.554092" lon="128.973603"><ele>1052.7</ele><time>2022-03-22T04:38:56.000Z</time></trkpt>
      <trkpt lat="35.553996" lon="128.973598"><ele>1051.2</ele><time>2022-03-22T04:39:05.000Z</time></trkpt>
      <trkpt lat="35.553901" lon="128.973586"><ele>1051.6</ele><time>2022-03-22T04:39:13.000Z</time></trkpt>
      <trkpt lat="35.553836" lon="128.973672"><ele>1047.8</ele><time>2022-03-22T04:39:23.000Z</time></trkpt>
      <trkpt lat="35.553763" lon="128.973752"><ele>1044.2</ele><time>2022-03-22T04:39:36.000Z</time></trkpt>
      <trkpt lat="35.553685" lon="128.973818"><ele>1040.3</ele><time>2022-03-22T04:39:49.000Z</time></trkpt>
      <trkpt lat="35.553599" lon="128.973861"><ele>1036.8</ele><time>2022-03-22T04:40:00.000Z</time></trkpt>
      <trkpt lat="35.553507" lon="128.973902"><ele>1033.4</ele><time>2022-03-22T04:40:11.000Z</time></trkpt>
      <trkpt lat="35.553410" lon="128.973915"><ele>1032.1</ele><time>2022-03-22T04:40:21.000Z</time></trkpt>
      <trkpt lat="35.553315" lon="128.973943"><ele>1031.0</ele><time>2022-03-22T04:40:32.000Z</time></trkpt>
      <trkpt lat="35.553219" lon="128.973965"><ele>1031.6</ele><time>2022-03-22T04:40:40.000Z</time></trkpt>
      <trkpt lat="35.553124" lon="128.973989"><ele>1031.0</ele><time>2022-03-22T04:40:49.000Z</time></trkpt>
      <trkpt lat="35.553044" lon="128.974057"><ele>1031.6</ele><time>2022-03-22T04:41:02.000Z</time></trkpt>
      <trkpt lat="35.552972" lon="128.974128"><ele>1028.9</ele><time>2022-03-22T04:41:15.000Z</time></trkpt>
      <trkpt lat="35.552934" lon="128.974230"><ele>1026.4</ele><time>2022-03-22T04:41:26.000Z</time></trkpt>
      <trkpt lat="35.552876" lon="128.974323"><ele>1022.1</ele><time>2022-03-22T04:41:40.000Z</time></trkpt>
      <trkpt lat="35.552801" lon="128.974399"><ele>1017.6</ele><time>2022-03-22T04:41:52.000Z</time></trkpt>
      <trkpt lat="35.552725" lon="128.974467"><ele>1015.5</ele><time>2022-03-22T04:42:03.000Z</time></trkpt>
      <trkpt lat="35.552656" lon="128.974553"><ele>1010.1</ele><time>2022-03-22T04:42:13.000Z</time></trkpt>
      <trkpt lat="35.552586" lon="128.974638"><ele>1006.4</ele><time>2022-03-22T04:42:24.000Z</time></trkpt>
      <trkpt lat="35.552533" lon="128.974728"><ele>1005.8</ele><time>2022-03-22T04:42:34.000Z</time></trkpt>
      <trkpt lat="35.552506" lon="128.974839"><ele>1002.8</ele><time>2022-03-22T04:42:43.000Z</time></trkpt>
      <trkpt lat="35.552493" lon="128.974960"><ele>1000.0</ele><time>2022-03-22T04:42:52.000Z</time></trkpt>
      <trkpt lat="35.552458" lon="128.975065"><ele>998.1</ele><time>2022-03-22T04:43:03.000Z</time></trkpt>
      <trkpt lat="35.552406" lon="128.975167"><ele>997.4</ele><time>2022-03-22T04:43:16.000Z</time></trkpt>
      <trkpt lat="35.552319" lon="128.975207"><ele>997.3</ele><time>2022-03-22T04:43:28.000Z</time></trkpt>
      <trkpt lat="35.552225" lon="128.975216"><ele>995.1</ele><time>2022-03-22T04:43:39.000Z</time></trkpt>
      <trkpt lat="35.552138" lon="128.975258"><ele>992.9</ele><time>2022-03-22T04:43:50.000Z</time></trkpt>
      <trkpt lat="35.552110" lon="128.975369"><ele>988.9</ele><time>2022-03-22T04:43:58.000Z</time></trkpt>
      <trkpt lat="35.552045" lon="128.975456"><ele>985.4</ele><time>2022-03-22T04:44:09.000Z</time></trkpt>
      <trkpt lat="35.551967" lon="128.975513"><ele>984.1</ele><time>2022-03-22T04:44:20.000Z</time></trkpt>
      <trkpt lat="35.551902" lon="128.975590"><ele>982.4</ele><time>2022-03-22T04:44:32.000Z</time></trkpt>
      <trkpt lat="35.551842" lon="128.975680"><ele>981.4</ele><time>2022-03-22T04:44:43.000Z</time></trkpt>
      <trkpt lat="35.551827" lon="128.975791"><ele>978.3</ele><time>2022-03-22T04:44:54.000Z</time></trkpt>
      <trkpt lat="35.551835" lon="128.975906"><ele>973.9</ele><time>2022-03-22T04:45:03.000Z</time></trkpt>
      <trkpt lat="35.551809" lon="128.976017"><ele>974.1</ele><time>2022-03-22T04:45:14.000Z</time></trkpt>
      <trkpt lat="35.551775" lon="128.976128"><ele>973.7</ele><time>2022-03-22T04:45:25.000Z</time></trkpt>
      <trkpt lat="35.551742" lon="128.976234"><ele>971.0</ele><time>2022-03-22T04:45:36.000Z</time></trkpt>
      <trkpt lat="35.551676" lon="128.976326"><ele>970.1</ele><time>2022-03-22T04:45:46.000Z</time></trkpt>
      <trkpt lat="35.551620" lon="128.976416"><ele>969.8</ele><time>2022-03-22T04:45:56.000Z</time></trkpt>
      <trkpt lat="35.551592" lon="128.976535"><ele>967.8</ele><time>2022-03-22T04:46:06.000Z</time></trkpt>
      <trkpt lat="35.551582" lon="128.976653"><ele>967.5</ele><time>2022-03-22T04:46:15.000Z</time></trkpt>
      <trkpt lat="35.551553" lon="128.976761"><ele>967.2</ele><time>2022-03-22T04:46:25.000Z</time></trkpt>
      <trkpt lat="35.551501" lon="128.976860"><ele>967.5</ele><time>2022-03-22T04:46:34.000Z</time></trkpt>
      <trkpt lat="35.551441" lon="128.976956"><ele>968.0</ele><time>2022-03-22T04:46:43.000Z</time></trkpt>
      <trkpt lat="35.551406" lon="128.977065"><ele>967.0</ele><time>2022-03-22T04:46:51.000Z</time></trkpt>
      <trkpt lat="35.551407" lon="128.977185"><ele>965.3</ele><time>2022-03-22T04:46:59.000Z</time></trkpt>
      <trkpt lat="35.551372" lon="128.977287"><ele>965.7</ele><time>2022-03-22T04:47:07.000Z</time></trkpt>
      <trkpt lat="35.551431" lon="128.977380"><ele>964.1</ele><time>2022-03-22T04:47:32.000Z</time></trkpt>
      <trkpt lat="35.551452" lon="128.977488"><ele>964.0</ele><time>2022-03-22T04:47:42.000Z</time></trkpt>
      <trkpt lat="35.551428" lon="128.977600"><ele>965.2</ele><time>2022-03-22T04:47:53.000Z</time></trkpt>
      <trkpt lat="35.551356" lon="128.977681"><ele>966.0</ele><time>2022-03-22T04:48:04.000Z</time></trkpt>
      <trkpt lat="35.551292" lon="128.977767"><ele>966.3</ele><time>2022-03-22T04:48:15.000Z</time></trkpt>
      <trkpt lat="35.551240" lon="128.977861"><ele>966.7</ele><time>2022-03-22T04:48:27.000Z</time></trkpt>
      <trkpt lat="35.551186" lon="128.977956"><ele>966.1</ele><time>2022-03-22T04:48:37.000Z</time></trkpt>
      <trkpt lat="35.551121" lon="128.978040"><ele>968.3</ele><time>2022-03-22T04:48:49.000Z</time></trkpt>
      <trkpt lat="35.551046" lon="128.978113"><ele>970.7</ele><time>2022-03-22T04:49:03.000Z</time></trkpt>
      <trkpt lat="35.550991" lon="128.978207"><ele>974.3</ele><time>2022-03-22T04:49:21.000Z</time></trkpt>
      <trkpt lat="35.550919" lon="128.978296"><ele>977.8</ele><time>2022-03-22T04:49:41.000Z</time></trkpt>
      <trkpt lat="35.550849" lon="128.978378"><ele>977.7</ele><time>2022-03-22T04:49:55.000Z</time></trkpt>
      <trkpt lat="35.550778" lon="128.978450"><ele>979.9</ele><time>2022-03-22T04:50:10.000Z</time></trkpt>
      <trkpt lat="35.550704" lon="128.978525"><ele>982.7</ele><time>2022-03-22T04:50:28.000Z</time></trkpt>
      <trkpt lat="35.550627" lon="128.978593"><ele>984.0</ele><time>2022-03-22T04:50:44.000Z</time></trkpt>
      <trkpt lat="35.550538" lon="128.978622"><ele>987.7</ele><time>2022-03-22T04:51:02.000Z</time></trkpt>
      <trkpt lat="35.550466" lon="128.978696"><ele>988.6</ele><time>2022-03-22T04:52:16.000Z</time></trkpt>
      <trkpt lat="35.550381" lon="128.978744"><ele>990.1</ele><time>2022-03-22T04:52:34.000Z</time></trkpt>
      <trkpt lat="35.550292" lon="128.978767"><ele>995.1</ele><time>2022-03-22T04:52:50.000Z</time></trkpt>
      <trkpt lat="35.550208" lon="128.978812"><ele>998.5</ele><time>2022-03-22T04:53:06.000Z</time></trkpt>
      <trkpt lat="35.550123" lon="128.978857"><ele>1002.1</ele><time>2022-03-22T04:53:24.000Z</time></trkpt>
      <trkpt lat="35.550041" lon="128.978901"><ele>1005.8</ele><time>2022-03-22T04:53:45.000Z</time></trkpt>
      <trkpt lat="35.549953" lon="128.978935"><ele>1009.1</ele><time>2022-03-22T04:54:05.000Z</time></trkpt>
      <trkpt lat="35.549861" lon="128.978949"><ele>1012.5</ele><time>2022-03-22T04:54:23.000Z</time></trkpt>
      <trkpt lat="35.549772" lon="128.978973"><ele>1014.7</ele><time>2022-03-22T04:54:39.000Z</time></trkpt>
      <trkpt lat="35.549676" lon="128.978984"><ele>1017.5</ele><time>2022-03-22T04:54:55.000Z</time></trkpt>
      <trkpt lat="35.549584" lon="128.978954"><ele>1019.5</ele><time>2022-03-22T04:55:10.000Z</time></trkpt>
      <trkpt lat="35.549496" lon="128.978982"><ele>1023.1</ele><time>2022-03-22T04:55:24.000Z</time></trkpt>
      <trkpt lat="35.549451" lon="128.979079"><ele>1023.0</ele><time>2022-03-22T04:55:39.000Z</time></trkpt>
      <trkpt lat="35.549416" lon="128.979186"><ele>1025.9</ele><time>2022-03-22T04:55:54.000Z</time></trkpt>
      <trkpt lat="35.549366" lon="128.979285"><ele>1027.5</ele><time>2022-03-22T04:56:08.000Z</time></trkpt>
      <trkpt lat="35.549370" lon="128.979402"><ele>1023.4</ele><time>2022-03-22T04:56:18.000Z</time></trkpt>
      <trkpt lat="35.549298" lon="128.979471"><ele>1023.3</ele><time>2022-03-22T04:56:28.000Z</time></trkpt>
      <trkpt lat="35.549236" lon="128.979560"><ele>1022.5</ele><time>2022-03-22T04:56:38.000Z</time></trkpt>
      <trkpt lat="35.549180" lon="128.979663"><ele>1020.8</ele><time>2022-03-22T04:56:47.000Z</time></trkpt>
      <trkpt lat="35.549123" lon="128.979752"><ele>1021.4</ele><time>2022-03-22T04:56:55.000Z</time></trkpt>
      <trkpt lat="35.549043" lon="128.979816"><ele>1022.1</ele><time>2022-03-22T04:57:04.000Z</time></trkpt>
      <trkpt lat="35.548970" lon="128.979891"><ele>1022.9</ele><time>2022-03-22T04:57:14.000Z</time></trkpt>
      <trkpt lat="35.548878" lon="128.979924"><ele>1025.3</ele><time>2022-03-22T04:57:27.000Z</time></trkpt>
      <trkpt lat="35.548857" lon="128.980032"><ele>1024.4</ele><time>2022-03-22T04:57:49.000Z</time></trkpt>
      <trkpt lat="35.548867" lon="128.980143"><ele>1024.6</ele><time>2022-03-22T04:58:06.000Z</time></trkpt>
      <trkpt lat="35.548833" lon="128.980246"><ele>1030.4</ele><time>2022-03-22T04:58:25.000Z</time></trkpt>
      <trkpt lat="35.548746" lon="128.980279"><ele>1030.5</ele><time>2022-03-22T04:58:41.000Z</time></trkpt>
      <trkpt lat="35.548688" lon="128.980368"><ele>1035.0</ele><time>2022-03-22T04:59:08.000Z</time></trkpt>
      <trkpt lat="35.548603" lon="128.980328"><ele>1040.1</ele><time>2022-03-22T04:59:35.000Z</time></trkpt>
      <trkpt lat="35.548540" lon="128.980244"><ele>1044.5</ele><time>2022-03-22T04:59:58.000Z</time></trkpt>
      <trkpt lat="35.548446" lon="128.980237"><ele>1047.4</ele><time>2022-03-22T05:00:14.000Z</time></trkpt>
      <trkpt lat="35.548370" lon="128.980174"><ele>1049.1</ele><time>2022-03-22T05:00:37.000Z</time></trkpt>
      <trkpt lat="35.548277" lon="128.980159"><ele>1053.6</ele><time>2022-03-22T05:00:57.000Z</time></trkpt>
      <trkpt lat="35.548191" lon="128.980205"><ele>1057.5</ele><time>2022-03-22T05:01:25.000Z</time></trkpt>
      <trkpt lat="35.548189" lon="128.980318"><ele>1058.1</ele><time>2022-03-22T05:01:39.000Z</time></trkpt>
      <trkpt lat="35.548159" lon="128.980422"><ele>1059.8</ele><time>2022-03-22T05:01:55.000Z</time></trkpt>
      <trkpt lat="35.548100" lon="128.980515"><ele>1063.5</ele><time>2022-03-22T05:02:13.000Z</time></trkpt>
      <trkpt lat="35.548014" lon="128.980563"><ele>1064.3</ele><time>2022-03-22T05:02:29.000Z</time></trkpt>
      <trkpt lat="35.547934" lon="128.980509"><ele>1067.1</ele><time>2022-03-22T05:02:48.000Z</time></trkpt>
      <trkpt lat="35.547849" lon="128.980555"><ele>1066.0</ele><time>2022-03-22T05:03:04.000Z</time></trkpt>
      <trkpt lat="35.547776" lon="128.980627"><ele>1069.4</ele><time>2022-03-22T05:03:22.000Z</time></trkpt>
      <trkpt lat="35.547685" lon="128.980661"><ele>1072.8</ele><time>2022-03-22T05:03:41.000Z</time></trkpt>
      <trkpt lat="35.547581" lon="128.980623"><ele>1072.5</ele><time>2022-03-22T05:04:03.000Z</time></trkpt>
      <trkpt lat="35.547491" lon="128.980645"><ele>1078.4</ele><time>2022-03-22T05:04:29.000Z</time></trkpt>
      <trkpt lat="35.547401" lon="128.980617"><ele>1081.0</ele><time>2022-03-22T05:05:03.000Z</time></trkpt>
      <trkpt lat="35.547325" lon="128.980678"><ele>1081.1</ele><time>2022-03-22T05:05:40.000Z</time></trkpt>
      <trkpt lat="35.547272" lon="128.980777"><ele>1092.1</ele><time>2022-03-22T05:06:41.000Z</time></trkpt>
      <trkpt lat="35.547227" lon="128.980879"><ele>1086.3</ele><time>2022-03-22T05:07:15.000Z</time></trkpt>
      <trkpt lat="35.547162" lon="128.980957"><ele>1089.8</ele><time>2022-03-22T05:08:32.000Z</time></trkpt>
      <trkpt lat="35.547123" lon="128.981061"><ele>1088.7</ele><time>2022-03-22T05:08:51.000Z</time></trkpt>
      <trkpt lat="35.547042" lon="128.981135"><ele>1087.4</ele><time>2022-03-22T05:09:06.000Z</time></trkpt>
      <trkpt lat="35.546958" lon="128.981179"><ele>1088.8</ele><time>2022-03-22T05:09:23.000Z</time></trkpt>
      <trkpt lat="35.546878" lon="128.981239"><ele>1091.0</ele><time>2022-03-22T05:09:36.000Z</time></trkpt>
      <trkpt lat="35.546796" lon="128.981180"><ele>1091.5</ele><time>2022-03-22T05:09:52.000Z</time></trkpt>
      <trkpt lat="35.546713" lon="128.981137"><ele>1093.3</ele><time>2022-03-22T05:10:08.000Z</time></trkpt>
      <trkpt lat="35.546630" lon="128.981088"><ele>1092.9</ele><time>2022-03-22T05:10:47.000Z</time></trkpt>
      <trkpt lat="35.546552" lon="128.981027"><ele>1096.6</ele><time>2022-03-22T05:11:26.000Z</time></trkpt>
      <trkpt lat="35.546460" lon="128.981021"><ele>1097.8</ele><time>2022-03-22T05:11:38.000Z</time></trkpt>
      <trkpt lat="35.546370" lon="128.981053"><ele>1100.2</ele><time>2022-03-22T05:11:48.000Z</time></trkpt>
      <trkpt lat="35.546285" lon="128.981013"><ele>1100.7</ele><time>2022-03-22T05:11:58.000Z</time></trkpt>
      <trkpt lat="35.546194" lon="128.980971"><ele>1099.6</ele><time>2022-03-22T05:12:09.000Z</time></trkpt>
      <trkpt lat="35.546113" lon="128.980906"><ele>1099.6</ele><time>2022-03-22T05:12:21.000Z</time></trkpt>
      <trkpt lat="35.546021" lon="128.980856"><ele>1100.5</ele><time>2022-03-22T05:12:31.000Z</time></trkpt>
      <trkpt lat="35.545938" lon="128.980807"><ele>1098.6</ele><time>2022-03-22T05:12:44.000Z</time></trkpt>
      <trkpt lat="35.545858" lon="128.980753"><ele>1097.1</ele><time>2022-03-22T05:13:01.000Z</time></trkpt>
      <trkpt lat="35.545769" lon="128.980712"><ele>1106.8</ele><time>2022-03-22T05:13:42.000Z</time></trkpt>
      <trkpt lat="35.545676" lon="128.980695"><ele>1106.6</ele><time>2022-03-22T05:14:03.000Z</time></trkpt>
      <trkpt lat="35.545585" lon="128.980681"><ele>1111.5</ele><time>2022-03-22T05:14:23.000Z</time></trkpt>
      <trkpt lat="35.545507" lon="128.980614"><ele>1111.3</ele><time>2022-03-22T05:14:43.000Z</time></trkpt>
      <trkpt lat="35.545412" lon="128.980602"><ele>1118.3</ele><time>2022-03-22T05:21:01.000Z</time></trkpt>
      <trkpt lat="35.545324" lon="128.980634"><ele>1116.3</ele><time>2022-03-22T05:21:43.000Z</time></trkpt>
      <trkpt lat="35.545248" lon="128.980697"><ele>1114.5</ele><time>2022-03-22T05:22:12.000Z</time></trkpt>
      <trkpt lat="35.545208" lon="128.980589"><ele>1112.1</ele><time>2022-03-22T05:22:27.000Z</time></trkpt>
      <trkpt lat="35.545115" lon="128.980590"><ele>1116.8</ele><time>2022-03-22T05:22:46.000Z</time></trkpt>
      <trkpt lat="35.545063" lon="128.980690"><ele>1106.6</ele><time>2022-03-22T05:23:01.000Z</time></trkpt>
      <trkpt lat="35.545031" lon="128.980801"><ele>1098.3</ele><time>2022-03-22T05:23:35.000Z</time></trkpt>
      <trkpt lat="35.544955" lon="128.980865"><ele>1098.7</ele><time>2022-03-22T05:23:59.000Z</time></trkpt>
      <trkpt lat="35.544876" lon="128.980924"><ele>1095.8</ele><time>2022-03-22T05:24:14.000Z</time></trkpt>
      <trkpt lat="35.544781" lon="128.980913"><ele>1093.4</ele><time>2022-03-22T05:24:24.000Z</time></trkpt>
      <trkpt lat="35.544691" lon="128.980899"><ele>1090.9</ele><time>2022-03-22T05:24:34.000Z</time></trkpt>
      <trkpt lat="35.544605" lon="128.980941"><ele>1085.7</ele><time>2022-03-22T05:25:06.000Z</time></trkpt>
      <trkpt lat="35.544518" lon="128.980975"><ele>1083.3</ele><time>2022-03-22T05:25:24.000Z</time></trkpt>
      <trkpt lat="35.544424" lon="128.980963"><ele>1081.4</ele><time>2022-03-22T05:25:44.000Z</time></trkpt>
      <trkpt lat="35.544336" lon="128.980994"><ele>1079.8</ele><time>2022-03-22T05:25:56.000Z</time></trkpt>
      <trkpt lat="35.544252" lon="128.981033"><ele>1077.1</ele><time>2022-03-22T05:26:12.000Z</time></trkpt>
      <trkpt lat="35.544228" lon="128.981144"><ele>1071.0</ele><time>2022-03-22T05:26:29.000Z</time></trkpt>
      <trkpt lat="35.544237" lon="128.981256"><ele>1067.6</ele><time>2022-03-22T05:26:41.000Z</time></trkpt>
      <trkpt lat="35.544202" lon="128.981359"><ele>1061.9</ele><time>2022-03-22T05:27:01.000Z</time></trkpt>
      <trkpt lat="35.544137" lon="128.981442"><ele>1058.2</ele><time>2022-03-22T05:27:17.000Z</time></trkpt>
      <trkpt lat="35.544103" lon="128.981556"><ele>1053.7</ele><time>2022-03-22T05:27:33.000Z</time></trkpt>
      <trkpt lat="35.544090" lon="128.981667"><ele>1051.2</ele><time>2022-03-22T05:27:47.000Z</time></trkpt>
      <trkpt lat="35.544013" lon="128.981606"><ele>1045.0</ele><time>2022-03-22T05:43:24.000Z</time></trkpt>
      <trkpt lat="35.543913" lon="128.981629"><ele>1041.3</ele><time>2022-03-22T05:43:39.000Z</time></trkpt>
      <trkpt lat="35.543819" lon="128.981666"><ele>1039.5</ele><time>2022-03-22T05:43:51.000Z</time></trkpt>
      <trkpt lat="35.543731" lon="128.981699"><ele>1036.2</ele><time>2022-03-22T05:44:04.000Z</time></trkpt>
      <trkpt lat="35.543653" lon="128.981753"><ele>1031.0</ele><time>2022-03-22T05:44:18.000Z</time></trkpt>
      <trkpt lat="35.543599" lon="128.981855"><ele>1023.7</ele><time>2022-03-22T05:44:34.000Z</time></trkpt>
      <trkpt lat="35.543538" lon="128.981947"><ele>1018.5</ele><time>2022-03-22T05:44:45.000Z</time></trkpt>
      <trkpt lat="35.543468" lon="128.982024"><ele>1017.4</ele><time>2022-03-22T05:44:54.000Z</time></trkpt>
      <trkpt lat="35.543387" lon="128.982084"><ele>1015.0</ele><time>2022-03-22T05:45:04.000Z</time></trkpt>
      <trkpt lat="35.543300" lon="128.982143"><ele>1012.1</ele><time>2022-03-22T05:45:16.000Z</time></trkpt>
      <trkpt lat="35.543213" lon="128.982187"><ele>1006.0</ele><time>2022-03-22T05:45:31.000Z</time></trkpt>
      <trkpt lat="35.543161" lon="128.982280"><ele>1003.1</ele><time>2022-03-22T05:45:41.000Z</time></trkpt>
      <trkpt lat="35.543095" lon="128.982377"><ele>997.2</ele><time>2022-03-22T05:45:54.000Z</time></trkpt>
      <trkpt lat="35.543038" lon="128.982471"><ele>994.7</ele><time>2022-03-22T05:46:03.000Z</time></trkpt>
      <trkpt lat="35.542986" lon="128.982572"><ele>991.6</ele><time>2022-03-22T05:46:14.000Z</time></trkpt>
      <trkpt lat="35.542928" lon="128.982668"><ele>989.5</ele><time>2022-03-22T05:46:25.000Z</time></trkpt>
      <trkpt lat="35.542856" lon="128.982736"><ele>984.4</ele><time>2022-03-22T05:46:37.000Z</time></trkpt>
      <trkpt lat="35.542794" lon="128.982822"><ele>980.8</ele><time>2022-03-22T05:46:48.000Z</time></trkpt>
      <trkpt lat="35.542707" lon="128.982858"><ele>979.5</ele><time>2022-03-22T05:46:58.000Z</time></trkpt>
      <trkpt lat="35.542615" lon="128.982884"><ele>977.7</ele><time>2022-03-22T05:47:10.000Z</time></trkpt>
      <trkpt lat="35.542569" lon="128.982984"><ele>971.1</ele><time>2022-03-22T05:47:23.000Z</time></trkpt>
      <trkpt lat="35.542529" lon="128.983088"><ele>968.0</ele><time>2022-03-22T05:47:34.000Z</time></trkpt>
      <trkpt lat="35.542453" lon="128.983160"><ele>964.4</ele><time>2022-03-22T05:47:48.000Z</time></trkpt>
      <trkpt lat="35.542406" lon="128.983262"><ele>957.9</ele><time>2022-03-22T05:48:07.000Z</time></trkpt>
      <trkpt lat="35.542309" lon="128.983256"><ele>957.1</ele><time>2022-03-22T05:51:40.000Z</time></trkpt>
      <trkpt lat="35.542227" lon="128.983206"><ele>956.0</ele><time>2022-03-22T05:51:51.000Z</time></trkpt>
      <trkpt lat="35.542134" lon="128.983193"><ele>951.6</ele><time>2022-03-22T05:52:06.000Z</time></trkpt>
      <trkpt lat="35.542038" lon="128.983204"><ele>947.0</ele><time>2022-03-22T05:52:22.000Z</time></trkpt>
      <trkpt lat="35.541944" lon="128.983200"><ele>942.1</ele><time>2022-03-22T05:52:38.000Z</time></trkpt>
      <trkpt lat="35.541854" lon="128.983173"><ele>938.0</ele><time>2022-03-22T05:52:54.000Z</time></trkpt>
      <trkpt lat="35.541769" lon="128.983133"><ele>936.5</ele><time>2022-03-22T05:53:07.000Z</time></trkpt>
      <trkpt lat="35.541682" lon="128.983103"><ele>931.4</ele><time>2022-03-22T05:53:24.000Z</time></trkpt>
      <trkpt lat="35.541591" lon="128.983089"><ele>925.4</ele><time>2022-03-22T05:53:40.000Z</time></trkpt>
      <trkpt lat="35.541497" lon="128.983073"><ele>918.5</ele><time>2022-03-22T05:53:57.000Z</time></trkpt>
      <trkpt lat="35.541407" lon="128.983059"><ele>911.2</ele><time>2022-03-22T05:54:13.000Z</time></trkpt>
      <trkpt lat="35.541316" lon="128.983024"><ele>908.5</ele><time>2022-03-22T05:54:26.000Z</time></trkpt>
      <trkpt lat="35.541218" lon="128.983029"><ele>902.2</ele><time>2022-03-22T05:54:44.000Z</time></trkpt>
      <trkpt lat="35.541118" lon="128.983028"><ele>898.2</ele><time>2022-03-22T05:54:59.000Z</time></trkpt>
      <trkpt lat="35.541025" lon="128.983013"><ele>894.9</ele><time>2022-03-22T05:55:12.000Z</time></trkpt>
      <trkpt lat="35.540933" lon="128.983017"><ele>891.9</ele><time>2022-03-22T05:55:25.000Z</time></trkpt>
      <trkpt lat="35.540838" lon="128.983020"><ele>887.0</ele><time>2022-03-22T05:55:39.000Z</time></trkpt>
      <trkpt lat="35.540747" lon="128.983013"><ele>882.5</ele><time>2022-03-22T05:55:51.000Z</time></trkpt>
      <trkpt lat="35.540654" lon="128.982999"><ele>877.7</ele><time>2022-03-22T05:56:05.000Z</time></trkpt>
      <trkpt lat="35.540561" lon="128.983021"><ele>872.9</ele><time>2022-03-22T05:56:22.000Z</time></trkpt>
      <trkpt lat="35.540485" lon="128.983082"><ele>870.9</ele><time>2022-03-22T05:56:38.000Z</time></trkpt>
      <trkpt lat="35.540405" lon="128.983141"><ele>865.4</ele><time>2022-03-22T05:56:59.000Z</time></trkpt>
      <trkpt lat="35.540349" lon="128.983231"><ele>858.7</ele><time>2022-03-22T05:57:26.000Z</time></trkpt>
      <trkpt lat="35.540339" lon="128.983349"><ele>855.3</ele><time>2022-03-22T05:57:38.000Z</time></trkpt>
      <trkpt lat="35.540310" lon="128.983461"><ele>853.9</ele><time>2022-03-22T05:57:48.000Z</time></trkpt>
      <trkpt lat="35.540257" lon="128.983557"><ele>852.2</ele><time>2022-03-22T05:57:58.000Z</time></trkpt>
      <trkpt lat="35.540163" lon="128.983533"><ele>848.5</ele><time>2022-03-22T05:58:18.000Z</time></trkpt>
      <trkpt lat="35.540119" lon="128.983639"><ele>846.1</ele><time>2022-03-22T05:58:28.000Z</time></trkpt>
      <trkpt lat="35.540063" lon="128.983725"><ele>843.8</ele><time>2022-03-22T05:58:43.000Z</time></trkpt>
      <trkpt lat="35.539971" lon="128.983733"><ele>842.1</ele><time>2022-03-22T05:58:59.000Z</time></trkpt>
      <trkpt lat="35.539880" lon="128.983703"><ele>839.9</ele><time>2022-03-22T05:59:11.000Z</time></trkpt>
      <trkpt lat="35.539786" lon="128.983683"><ele>840.1</ele><time>2022-03-22T05:59:21.000Z</time></trkpt>
      <trkpt lat="35.539704" lon="128.983742"><ele>835.3</ele><time>2022-03-22T05:59:33.000Z</time></trkpt>
      <trkpt lat="35.539616" lon="128.983783"><ele>828.1</ele><time>2022-03-22T05:59:47.000Z</time></trkpt>
      <trkpt lat="35.539527" lon="128.983760"><ele>830.6</ele><time>2022-03-22T05:59:56.000Z</time></trkpt>
      <trkpt lat="35.539436" lon="128.983763"><ele>829.8</ele><time>2022-03-22T06:00:07.000Z</time></trkpt>
      <trkpt lat="35.539346" lon="128.983743"><ele>824.8</ele><time>2022-03-22T06:00:21.000Z</time></trkpt>
      <trkpt lat="35.539254" lon="128.983749"><ele>821.3</ele><time>2022-03-22T06:00:31.000Z</time></trkpt>
      <trkpt lat="35.539158" lon="128.983776"><ele>820.0</ele><time>2022-03-22T06:00:44.000Z</time></trkpt>
      <trkpt lat="35.539093" lon="128.983858"><ele>816.8</ele><time>2022-03-22T06:00:56.000Z</time></trkpt>
      <trkpt lat="35.539046" lon="128.983954"><ele>814.6</ele><time>2022-03-22T06:01:06.000Z</time></trkpt>
      <trkpt lat="35.538951" lon="128.983959"><ele>811.0</ele><time>2022-03-22T06:01:20.000Z</time></trkpt>
      <trkpt lat="35.538863" lon="128.984005"><ele>807.2</ele><time>2022-03-22T06:01:30.000Z</time></trkpt>
      <trkpt lat="35.538765" lon="128.984032"><ele>804.4</ele><time>2022-03-22T06:01:39.000Z</time></trkpt>
      <trkpt lat="35.538680" lon="128.984068"><ele>802.4</ele><time>2022-03-22T06:01:47.000Z</time></trkpt>
      <trkpt lat="35.538587" lon="128.984107"><ele>799.2</ele><time>2022-03-22T06:01:58.000Z</time></trkpt>
      <trkpt lat="35.538499" lon="128.984151"><ele>797.0</ele><time>2022-03-22T06:02:08.000Z</time></trkpt>
      <trkpt lat="35.538417" lon="128.984219"><ele>793.1</ele><time>2022-03-22T06:02:17.000Z</time></trkpt>
      <trkpt lat="35.538355" lon="128.984311"><ele>790.8</ele><time>2022-03-22T06:02:25.000Z</time></trkpt>
      <trkpt lat="35.538271" lon="128.984376"><ele>789.4</ele><time>2022-03-22T06:02:33.000Z</time></trkpt>
      <trkpt lat="35.538186" lon="128.984440"><ele>786.5</ele><time>2022-03-22T06:02:42.000Z</time></trkpt>
      <trkpt lat="35.538121" lon="128.984518"><ele>782.9</ele><time>2022-03-22T06:02:50.000Z</time></trkpt>
      <trkpt lat="35.538043" lon="128.984594"><ele>780.6</ele><time>2022-03-22T06:02:59.000Z</time></trkpt>
      <trkpt lat="35.537943" lon="128.984607"><ele>780.2</ele><time>2022-03-22T06:03:08.000Z</time></trkpt>
      <trkpt lat="35.537851" lon="128.984654"><ele>775.2</ele><time>2022-03-22T06:03:18.000Z</time></trkpt>
      <trkpt lat="35.537757" lon="128.984696"><ele>771.6</ele><time>2022-03-22T06:03:28.000Z</time></trkpt>
      <trkpt lat="35.537660" lon="128.984716"><ele>769.8</ele><time>2022-03-22T06:03:37.000Z</time></trkpt>
      <trkpt lat="35.537571" lon="128.984732"><ele>767.3</ele><time>2022-03-22T06:03:45.000Z</time></trkpt>
      <trkpt lat="35.537472" lon="128.984719"><ele>763.4</ele><time>2022-03-22T06:03:55.000Z</time></trkpt>
      <trkpt lat="35.537387" lon="128.984761"><ele>762.1</ele><time>2022-03-22T06:04:03.000Z</time></trkpt>
      <trkpt lat="35.537301" lon="128.984709"><ele>759.7</ele><time>2022-03-22T06:04:12.000Z</time></trkpt>
      <trkpt lat="35.537207" lon="128.984727"><ele>758.1</ele><time>2022-03-22T06:04:20.000Z</time></trkpt>
      <trkpt lat="35.537114" lon="128.984760"><ele>757.3</ele><time>2022-03-22T06:04:28.000Z</time></trkpt>
      <trkpt lat="35.537017" lon="128.984765"><ele>754.8</ele><time>2022-03-22T06:04:37.000Z</time></trkpt>
      <trkpt lat="35.536932" lon="128.984805"><ele>754.4</ele><time>2022-03-22T06:04:45.000Z</time></trkpt>
      <trkpt lat="35.536841" lon="128.984830"><ele>752.4</ele><time>2022-03-22T06:04:55.000Z</time></trkpt>
      <trkpt lat="35.536769" lon="128.984896"><ele>751.2</ele><time>2022-03-22T06:05:05.000Z</time></trkpt>
      <trkpt lat="35.536673" lon="128.984909"><ele>750.0</ele><time>2022-03-22T06:05:17.000Z</time></trkpt>
      <trkpt lat="35.536583" lon="128.984961"><ele>747.5</ele><time>2022-03-22T06:05:27.000Z</time></trkpt>
      <trkpt lat="35.536488" lon="128.984937"><ele>741.9</ele><time>2022-03-22T06:05:38.000Z</time></trkpt>
      <trkpt lat="35.536400" lon="128.984911"><ele>739.3</ele><time>2022-03-22T06:05:47.000Z</time></trkpt>
      <trkpt lat="35.536300" lon="128.984930"><ele>735.7</ele><time>2022-03-22T06:10:50.000Z</time></trkpt>
      <trkpt lat="35.536250" lon="128.985036"><ele>734.5</ele><time>2022-03-22T06:11:01.000Z</time></trkpt>
      <trkpt lat="35.536180" lon="128.985106"><ele>732.1</ele><time>2022-03-22T06:11:11.000Z</time></trkpt>
      <trkpt lat="35.536096" lon="128.985153"><ele>730.6</ele><time>2022-03-22T06:11:21.000Z</time></trkpt>
      <trkpt lat="35.536010" lon="128.985210"><ele>730.9</ele><time>2022-03-22T06:11:30.000Z</time></trkpt>
      <trkpt lat="35.535917" lon="128.985216"><ele>730.2</ele><time>2022-03-22T06:11:50.000Z</time></trkpt>
      <trkpt lat="35.535824" lon="128.985240"><ele>730.0</ele><time>2022-03-22T06:12:00.000Z</time></trkpt>
      <trkpt lat="35.535734" lon="128.985254"><ele>729.6</ele><time>2022-03-22T06:12:09.000Z</time></trkpt>
      <trkpt lat="35.535660" lon="128.985318"><ele>725.3</ele><time>2022-03-22T06:12:21.000Z</time></trkpt>
      <trkpt lat="35.535585" lon="128.985385"><ele>724.0</ele><time>2022-03-22T06:12:35.000Z</time></trkpt>
      <trkpt lat="35.535536" lon="128.985492"><ele>724.7</ele><time>2022-03-22T06:12:43.000Z</time></trkpt>
      <trkpt lat="35.535496" lon="128.985592"><ele>723.2</ele><time>2022-03-22T06:12:52.000Z</time></trkpt>
      <trkpt lat="35.535491" lon="128.985710"><ele>722.3</ele><time>2022-03-22T06:13:02.000Z</time></trkpt>
      <trkpt lat="35.535511" lon="128.985826"><ele>720.6</ele><time>2022-03-22T06:13:11.000Z</time></trkpt>
      <trkpt lat="35.535553" lon="128.985924"><ele>717.2</ele><time>2022-03-22T06:13:20.000Z</time></trkpt>
      <trkpt lat="35.535603" lon="128.986020"><ele>716.6</ele><time>2022-03-22T06:13:29.000Z</time></trkpt>
      <trkpt lat="35.535641" lon="128.986123"><ele>716.2</ele><time>2022-03-22T06:13:37.000Z</time></trkpt>
      <trkpt lat="35.535710" lon="128.986203"><ele>713.2</ele><time>2022-03-22T06:13:46.000Z</time></trkpt>
      <trkpt lat="35.535741" lon="128.986318"><ele>715.0</ele><time>2022-03-22T06:14:26.000Z</time></trkpt>
      <trkpt lat="35.535773" lon="128.986423"><ele>713.8</ele><time>2022-03-22T06:14:35.000Z</time></trkpt>
      <trkpt lat="35.535802" lon="128.986534"><ele>712.7</ele><time>2022-03-22T06:14:45.000Z</time></trkpt>
      <trkpt lat="35.535839" lon="128.986644"><ele>712.6</ele><time>2022-03-22T06:14:54.000Z</time></trkpt>
      <trkpt lat="35.535883" lon="128.986745"><ele>714.0</ele><time>2022-03-22T06:15:03.000Z</time></trkpt>
      <trkpt lat="35.535903" lon="128.986862"><ele>712.3</ele><time>2022-03-22T06:15:12.000Z</time></trkpt>
      <trkpt lat="35.535854" lon="128.986965"><ele>710.7</ele><time>2022-03-22T06:15:21.000Z</time></trkpt>
      <trkpt lat="35.535769" lon="128.987010"><ele>708.7</ele><time>2022-03-22T06:15:29.000Z</time></trkpt>
      <trkpt lat="35.535676" lon="128.986976"><ele>706.6</ele><time>2022-03-22T06:15:37.000Z</time></trkpt>
      <trkpt lat="35.535585" lon="128.986930"><ele>705.7</ele><time>2022-03-22T06:15:45.000Z</time></trkpt>
      <trkpt lat="35.535491" lon="128.986884"><ele>706.4</ele><time>2022-03-22T06:15:53.000Z</time></trkpt>
      <trkpt lat="35.535396" lon="128.986857"><ele>706.7</ele><time>2022-03-22T06:16:02.000Z</time></trkpt>
      <trkpt lat="35.535303" lon="128.986831"><ele>707.6</ele><time>2022-03-22T06:16:11.000Z</time></trkpt>
      <trkpt lat="35.535212" lon="128.986798"><ele>706.0</ele><time>2022-03-22T06:16:21.000Z</time></trkpt>
      <trkpt lat="35.535126" lon="128.986742"><ele>706.6</ele><time>2022-03-22T06:16:29.000Z</time></trkpt>
      <trkpt lat="35.535033" lon="128.986708"><ele>705.9</ele><time>2022-03-22T06:16:37.000Z</time></trkpt>
      <trkpt lat="35.534944" lon="128.986655"><ele>704.2</ele><time>2022-03-22T06:16:46.000Z</time></trkpt>
      <trkpt lat="35.534858" lon="128.986605"><ele>704.0</ele><time>2022-03-22T06:16:54.000Z</time></trkpt>
      <trkpt lat="35.534764" lon="128.986584"><ele>702.9</ele><time>2022-03-22T06:17:03.000Z</time></trkpt>
      <trkpt lat="35.534667" lon="128.986569"><ele>701.8</ele><time>2022-03-22T06:17:12.000Z</time></trkpt>
      <trkpt lat="35.534586" lon="128.986504"><ele>701.3</ele><time>2022-03-22T06:17:21.000Z</time></trkpt>
      <trkpt lat="35.534498" lon="128.986451"><ele>700.2</ele><time>2022-03-22T06:17:30.000Z</time></trkpt>
      <trkpt lat="35.534402" lon="128.986407"><ele>698.7</ele><time>2022-03-22T06:17:38.000Z</time></trkpt>
      <trkpt lat="35.534311" lon="128.986382"><ele>697.3</ele><time>2022-03-22T06:17:46.000Z</time></trkpt>
      <trkpt lat="35.534212" lon="128.986389"><ele>694.8</ele><time>2022-03-22T06:17:55.000Z</time></trkpt>
      <trkpt lat="35.534113" lon="128.986419"><ele>694.6</ele><time>2022-03-22T06:18:04.000Z</time></trkpt>
      <trkpt lat="35.534025" lon="128.986454"><ele>697.0</ele><time>2022-03-22T06:18:12.000Z</time></trkpt>
      <trkpt lat="35.533935" lon="128.986482"><ele>697.1</ele><time>2022-03-22T06:18:20.000Z</time></trkpt>
      <trkpt lat="35.533843" lon="128.986456"><ele>696.5</ele><time>2022-03-22T06:18:28.000Z</time></trkpt>
      <trkpt lat="35.533753" lon="128.986434"><ele>698.6</ele><time>2022-03-22T06:18:36.000Z</time></trkpt>
      <trkpt lat="35.533654" lon="128.986447"><ele>694.4</ele><time>2022-03-22T06:18:45.000Z</time></trkpt>
      <trkpt lat="35.533449" lon="128.986267"><time>2022-03-22T02:05:59.000Z</time></trkpt>
      <trkpt lat="35.533373" lon="128.986058"><ele>676.2</ele><time>2022-03-22T06:21:42.000Z</time></trkpt>
      <trkpt lat="35.533436" lon="128.985970"><ele>665.6</ele><time>2022-03-22T06:21:58.000Z</time></trkpt>
      <trkpt lat="35.533411" lon="128.985854"><ele>669.2</ele><time>2022-03-22T06:22:10.000Z</time></trkpt>
      <trkpt lat="35.533429" lon="128.985738"><ele>659.9</ele><time>2022-03-22T06:22:37.000Z</time></trkpt>
      <trkpt lat="35.533382" lon="128.985834"><ele>647.9</ele><time>2022-03-22T06:23:27.000Z</time></trkpt>
      <trkpt lat="35.533332" lon="128.985933"><ele>646.5</ele><time>2022-03-22T06:23:41.000Z</time></trkpt>
      <trkpt lat="35.533238" lon="128.985947"><ele>646.9</ele><time>2022-03-22T06:23:52.000Z</time></trkpt>
      <trkpt lat="35.533164" lon="128.985877"><ele>648.0</ele><time>2022-03-22T06:24:03.000Z</time></trkpt>
      <trkpt lat="35.533108" lon="128.985784"><ele>651.5</ele><time>2022-03-22T06:24:14.000Z</time></trkpt>
      <trkpt lat="35.533030" lon="128.985712"><ele>651.3</ele><time>2022-03-22T06:24:27.000Z</time></trkpt>
      <trkpt lat="35.533058" lon="128.985606"><ele>641.5</ele><time>2022-03-22T06:24:43.000Z</time></trkpt>
      <trkpt lat="35.533090" lon="128.985498"><ele>630.6</ele><time>2022-03-22T06:25:04.000Z</time></trkpt>
      <trkpt lat="35.533053" lon="128.985396"><ele>619.4</ele><time>2022-03-22T06:27:20.000Z</time></trkpt>
      <trkpt lat="35.533050" lon="128.985272"><ele>618.9</ele><time>2022-03-22T06:29:13.000Z</time></trkpt>
      <trkpt lat="35.533071" lon="128.985151"><ele>619.9</ele><time>2022-03-22T06:29:21.000Z</time></trkpt>
      <trkpt lat="35.533091" lon="128.985041"><ele>621.2</ele><time>2022-03-22T06:29:28.000Z</time></trkpt>
      <trkpt lat="35.533082" lon="128.984929"><ele>624.8</ele><time>2022-03-22T06:29:36.000Z</time></trkpt>
      <trkpt lat="35.533073" lon="128.984818"><ele>632.7</ele><time>2022-03-22T06:29:49.000Z</time></trkpt>
      <trkpt lat="35.533027" lon="128.984709"><ele>632.7</ele><time>2022-03-22T06:30:09.000Z</time></trkpt>
      <trkpt lat="35.532942" lon="128.984654"><ele>630.8</ele><time>2022-03-22T06:30:19.000Z</time></trkpt>
      <trkpt lat="35.532849" lon="128.984638"><ele>631.5</ele><time>2022-03-22T06:30:29.000Z</time></trkpt>
      <trkpt lat="35.532779" lon="128.984558"><ele>629.4</ele><time>2022-03-22T06:30:41.000Z</time></trkpt>
      <trkpt lat="35.532703" lon="128.984495"><ele>628.2</ele><time>2022-03-22T06:30:51.000Z</time></trkpt>
      <trkpt lat="35.532615" lon="128.984466"><ele>628.9</ele><time>2022-03-22T06:31:03.000Z</time></trkpt>
      <trkpt lat="35.532534" lon="128.984396"><ele>619.3</ele><time>2022-03-22T06:31:34.000Z</time></trkpt>
      <trkpt lat="35.532443" lon="128.984413"><ele>612.8</ele><time>2022-03-22T06:31:54.000Z</time></trkpt>
      <trkpt lat="35.532361" lon="128.984351"><ele>608.6</ele><time>2022-03-22T06:32:09.000Z</time></trkpt>
      <trkpt lat="35.532272" lon="128.984308"><ele>605.8</ele><time>2022-03-22T06:32:25.000Z</time></trkpt>
      <trkpt lat="35.532197" lon="128.984227"><ele>603.6</ele><time>2022-03-22T06:32:37.000Z</time></trkpt>
      <trkpt lat="35.532147" lon="128.984131"><ele>601.3</ele><time>2022-03-22T06:32:46.000Z</time></trkpt>
      <trkpt lat="35.532120" lon="128.984017"><ele>600.0</ele><time>2022-03-22T06:32:55.000Z</time></trkpt>
      <trkpt lat="35.532115" lon="128.983906"><ele>598.9</ele><time>2022-03-22T06:33:05.000Z</time></trkpt>
      <trkpt lat="35.532071" lon="128.983799"><ele>599.3</ele><time>2022-03-22T06:33:14.000Z</time></trkpt>
      <trkpt lat="35.532020" lon="128.983699"><ele>603.0</ele><time>2022-03-22T06:33:23.000Z</time></trkpt>
      <trkpt lat="35.531990" lon="128.983589"><ele>604.4</ele><time>2022-03-22T06:33:35.000Z</time></trkpt>
      <trkpt lat="35.532037" lon="128.983492"><ele>607.4</ele><time>2022-03-22T06:33:45.000Z</time></trkpt>
      <trkpt lat="35.532044" lon="128.983372"><ele>609.1</ele><time>2022-03-22T06:33:54.000Z</time></trkpt>
      <trkpt lat="35.532035" lon="128.983258"><ele>609.3</ele><time>2022-03-22T06:34:01.000Z</time></trkpt>
      <trkpt lat="35.531981" lon="128.983158"><ele>608.5</ele><time>2022-03-22T06:34:09.000Z</time></trkpt>
      <trkpt lat="35.531942" lon="128.983050"><ele>607.5</ele><time>2022-03-22T06:34:20.000Z</time></trkpt>
      <trkpt lat="35.531853" lon="128.983088"><ele>602.4</ele><time>2022-03-22T06:34:36.000Z</time></trkpt>
      <trkpt lat="35.531837" lon="128.982975"><ele>599.7</ele><time>2022-03-22T06:34:50.000Z</time></trkpt>
      <trkpt lat="35.531810" lon="128.982860"><ele>595.0</ele><time>2022-03-22T06:35:08.000Z</time></trkpt>
      <trkpt lat="35.531849" lon="128.982755"><ele>590.3</ele><time>2022-03-22T06:35:25.000Z</time></trkpt>
      <trkpt lat="35.531792" lon="128.982665"><ele>583.0</ele><time>2022-03-22T06:35:51.000Z</time></trkpt>
      <trkpt lat="35.531783" lon="128.982550"><ele>577.6</ele><time>2022-03-22T06:36:13.000Z</time></trkpt>
      <trkpt lat="35.531803" lon="128.982440"><ele>575.6</ele><time>2022-03-22T06:36:29.000Z</time></trkpt>
      <trkpt lat="35.531785" lon="128.982330"><ele>577.2</ele><time>2022-03-22T06:36:45.000Z</time></trkpt>
      <trkpt lat="35.531835" lon="128.982238"><ele>570.1</ele><time>2022-03-22T06:37:03.000Z</time></trkpt>
      <trkpt lat="35.531871" lon="128.982136"><ele>563.1</ele><time>2022-03-22T06:37:18.000Z</time></trkpt>
      <trkpt lat="35.531883" lon="128.982022"><ele>563.2</ele><time>2022-03-22T06:37:31.000Z</time></trkpt>
      <trkpt lat="35.531884" lon="128.981908"><ele>561.4</ele><time>2022-03-22T06:37:43.000Z</time></trkpt>
      <trkpt lat="35.531878" lon="128.981797"><ele>561.9</ele><time>2022-03-22T06:37:58.000Z</time></trkpt>
      <trkpt lat="35.531792" lon="128.981754"><ele>555.1</ele><time>2022-03-22T06:38:12.000Z</time></trkpt>
      <trkpt lat="35.531716" lon="128.981680"><ele>553.1</ele><time>2022-03-22T06:38:28.000Z</time></trkpt>
      <trkpt lat="35.531706" lon="128.981564"><ele>531.4</ele><time>2022-03-22T06:38:45.000Z</time></trkpt>
      <trkpt lat="35.531616" lon="128.981571"><ele>529.1</ele><time>2022-03-22T06:39:26.000Z</time></trkpt>
      <trkpt lat="35.531541" lon="128.981507"><ele>523.9</ele><time>2022-03-22T06:39:33.000Z</time></trkpt>
      <trkpt lat="35.531446" lon="128.981501"><ele>524.3</ele><time>2022-03-22T06:39:40.000Z</time></trkpt>
      <trkpt lat="35.531355" lon="128.981475"><ele>526.1</ele><time>2022-03-22T06:39:49.000Z</time></trkpt>
      <trkpt lat="35.531262" lon="128.981452"><ele>528.6</ele><time>2022-03-22T06:39:59.000Z</time></trkpt>
      <trkpt lat="35.531172" lon="128.981429"><ele>528.9</ele><time>2022-03-22T06:40:10.000Z</time></trkpt>
      <trkpt lat="35.531082" lon="128.981410"><ele>526.3</ele><time>2022-03-22T06:40:22.000Z</time></trkpt>
      <trkpt lat="35.530994" lon="128.981352"><ele>524.0</ele><time>2022-03-22T06:40:33.000Z</time></trkpt>
      <trkpt lat="35.530905" lon="128.981332"><ele>519.7</ele><time>2022-03-22T06:40:43.000Z</time></trkpt>
      <trkpt lat="35.530819" lon="128.981285"><ele>517.2</ele><time>2022-03-22T06:40:57.000Z</time></trkpt>
      <trkpt lat="35.530737" lon="128.981231"><ele>513.4</ele><time>2022-03-22T06:41:09.000Z</time></trkpt>
      <trkpt lat="35.530658" lon="128.981175"><ele>507.8</ele><time>2022-03-22T06:41:25.000Z</time></trkpt>
      <trkpt lat="35.530581" lon="128.981114"><ele>505.7</ele><time>2022-03-22T06:41:45.000Z</time></trkpt>
      <trkpt lat="35.530501" lon="128.981062"><ele>506.4</ele><time>2022-03-22T06:41:56.000Z</time></trkpt>
      <trkpt lat="35.530440" lon="128.980961"><ele>504.2</ele><time>2022-03-22T06:42:09.000Z</time></trkpt>
      <trkpt lat="35.530372" lon="128.980885"><ele>500.8</ele><time>2022-03-22T06:42:19.000Z</time></trkpt>
      <trkpt lat="35.530297" lon="128.980823"><ele>495.9</ele><time>2022-03-22T06:42:27.000Z</time></trkpt>
      <trkpt lat="35.530235" lon="128.980727"><ele>491.7</ele><time>2022-03-22T06:42:36.000Z</time></trkpt>
      <trkpt lat="35.530172" lon="128.980645"><ele>490.4</ele><time>2022-03-22T06:42:44.000Z</time></trkpt>
      <trkpt lat="35.530125" lon="128.980548"><ele>489.1</ele><time>2022-03-22T06:42:55.000Z</time></trkpt>
      <trkpt lat="35.530050" lon="128.980478"><ele>487.3</ele><time>2022-03-22T06:43:12.000Z</time></trkpt>
      <trkpt lat="35.529976" lon="128.980411"><ele>479.9</ele><time>2022-03-22T06:43:31.000Z</time></trkpt>
      <trkpt lat="35.530025" lon="128.980313"><ele>478.9</ele><time>2022-03-22T06:43:49.000Z</time></trkpt>
      <trkpt lat="35.530007" lon="128.980204"><ele>476.9</ele><time>2022-03-22T06:44:03.000Z</time></trkpt>
      <trkpt lat="35.530076" lon="128.980123"><ele>473.8</ele><time>2022-03-22T06:44:19.000Z</time></trkpt>
      <trkpt lat="35.530042" lon="128.980017"><ele>466.7</ele><time>2022-03-22T06:44:42.000Z</time></trkpt>
      <trkpt lat="35.530029" lon="128.979906"><ele>466.6</ele><time>2022-03-22T06:44:56.000Z</time></trkpt>
      <trkpt lat="35.530012" lon="128.979793"><ele>463.1</ele><time>2022-03-22T06:45:11.000Z</time></trkpt>
      <trkpt lat="35.529993" lon="128.979681"><ele>459.8</ele><time>2022-03-22T06:45:24.000Z</time></trkpt>
      <trkpt lat="35.529913" lon="128.979630"><ele>452.4</ele><time>2022-03-22T06:45:41.000Z</time></trkpt>
      <trkpt lat="35.529824" lon="128.979592"><ele>445.0</ele><time>2022-03-22T06:46:01.000Z</time></trkpt>
      <trkpt lat="35.529764" lon="128.979507"><ele>437.2</ele><time>2022-03-22T06:46:44.000Z</time></trkpt>
      <trkpt lat="35.529783" lon="128.979388"><ele>431.1</ele><time>2022-03-22T06:47:03.000Z</time></trkpt>
      <trkpt lat="35.529814" lon="128.979277"><ele>429.6</ele><time>2022-03-22T06:47:13.000Z</time></trkpt>
      <trkpt lat="35.529828" lon="128.979163"><ele>428.7</ele><time>2022-03-22T06:47:23.000Z</time></trkpt>
      <trkpt lat="35.529801" lon="128.979055"><ele>426.3</ele><time>2022-03-22T06:47:38.000Z</time></trkpt>
      <trkpt lat="35.529710" lon="128.979038"><ele>424.6</ele><time>2022-03-22T06:47:53.000Z</time></trkpt>
      <trkpt lat="35.529801" lon="128.979022"><ele>422.7</ele><time>2022-03-22T06:51:56.000Z</time></trkpt>
      <trkpt lat="35.529818" lon="128.978904"><ele>421.9</ele><time>2022-03-22T06:52:06.000Z</time></trkpt>
      <trkpt lat="35.529871" lon="128.978802"><ele>423.6</ele><time>2022-03-22T06:52:16.000Z</time></trkpt>
      <trkpt lat="35.529933" lon="128.978717"><ele>427.0</ele><time>2022-03-22T06:52:32.000Z</time></trkpt>
      <trkpt lat="35.529974" lon="128.978615"><ele>430.6</ele><time>2022-03-22T06:53:25.000Z</time></trkpt>
      <trkpt lat="35.530034" lon="128.978532"><ele>430.4</ele><time>2022-03-22T06:53:37.000Z</time></trkpt>
      <trkpt lat="35.530042" lon="128.978413"><ele>429.1</ele><time>2022-03-22T06:53:48.000Z</time></trkpt>
      <trkpt lat="35.530075" lon="128.978304"><ele>424.2</ele><time>2022-03-22T06:54:00.000Z</time></trkpt>
      <trkpt lat="35.530083" lon="128.978192"><ele>424.1</ele><time>2022-03-22T06:54:12.000Z</time></trkpt>
      <trkpt lat="35.530137" lon="128.978088"><ele>422.0</ele><time>2022-03-22T06:54:43.000Z</time></trkpt>
      <trkpt lat="35.530156" lon="128.977968"><ele>422.7</ele><time>2022-03-22T06:54:53.000Z</time></trkpt>
      <trkpt lat="35.530163" lon="128.977855"><ele>420.3</ele><time>2022-03-22T06:55:04.000Z</time></trkpt>
      <trkpt lat="35.530166" lon="128.977741"><ele>417.2</ele><time>2022-03-22T06:55:16.000Z</time></trkpt>
      <trkpt lat="35.530191" lon="128.977620"><ele>413.7</ele><time>2022-03-22T06:55:26.000Z</time></trkpt>
      <trkpt lat="35.530214" lon="128.977503"><ele>411.2</ele><time>2022-03-22T06:55:35.000Z</time></trkpt>
      <trkpt lat="35.530254" lon="128.977396"><ele>409.8</ele><time>2022-03-22T06:55:45.000Z</time></trkpt>
      <trkpt lat="35.530272" lon="128.977277"><ele>409.9</ele><time>2022-03-22T06:55:54.000Z</time></trkpt>
      <trkpt lat="35.530292" lon="128.977163"><ele>408.7</ele><time>2022-03-22T06:56:04.000Z</time></trkpt>
      <trkpt lat="35.530307" lon="128.977046"><ele>404.6</ele><time>2022-03-22T06:56:14.000Z</time></trkpt>
      <trkpt lat="35.530310" lon="128.976933"><ele>403.0</ele><time>2022-03-22T06:56:29.000Z</time></trkpt>
      <trkpt lat="35.530373" lon="128.976843"><ele>398.1</ele><time>2022-03-22T06:56:43.000Z</time></trkpt>
      <trkpt lat="35.530363" lon="128.976731"><ele>400.1</ele><time>2022-03-22T06:56:51.000Z</time></trkpt>
      <trkpt lat="35.530454" lon="128.976711"><ele>395.1</ele><time>2022-03-22T06:57:05.000Z</time></trkpt>
      <trkpt lat="35.530520" lon="128.976629"><ele>394.6</ele><time>2022-03-22T06:57:17.000Z</time></trkpt>
      <trkpt lat="35.530530" lon="128.976519"><ele>393.9</ele><time>2022-03-22T06:57:26.000Z</time></trkpt>
      <trkpt lat="35.530528" lon="128.976407"><ele>393.7</ele><time>2022-03-22T06:57:36.000Z</time></trkpt>
      <trkpt lat="35.530485" lon="128.976311"><ele>392.8</ele><time>2022-03-22T06:57:48.000Z</time></trkpt>
      <trkpt lat="35.530431" lon="128.976217"><ele>392.5</ele><time>2022-03-22T06:57:57.000Z</time></trkpt>
      <trkpt lat="35.530405" lon="128.976105"><ele>389.3</ele><time>2022-03-22T06:58:10.000Z</time></trkpt>
      <trkpt lat="35.530367" lon="128.975996"><ele>389.0</ele><time>2022-03-22T06:58:21.000Z</time></trkpt>
      <trkpt lat="35.530360" lon="128.975882"><ele>390.5</ele><time>2022-03-22T06:58:35.000Z</time></trkpt>
      <trkpt lat="35.530295" lon="128.975803"><ele>390.9</ele><time>2022-03-22T06:58:48.000Z</time></trkpt>
      <trkpt lat="35.530231" lon="128.975718"><ele>385.3</ele><time>2022-03-22T06:59:04.000Z</time></trkpt>
      <trkpt lat="35.530139" lon="128.975689"><ele>383.2</ele><time>2022-03-22T06:59:19.000Z</time></trkpt>
      <trkpt lat="35.530065" lon="128.975603"><ele>376.8</ele><time>2022-03-22T06:59:31.000Z</time></trkpt>
      <trkpt lat="35.530033" lon="128.975499"><ele>379.6</ele><time>2022-03-22T06:59:50.000Z</time></trkpt>
      <trkpt lat="35.530050" lon="128.975608"><ele>380.3</ele><time>2022-03-22T07:00:02.000Z</time></trkpt>
      <trkpt lat="35.530061" lon="128.975494"><ele>377.2</ele><time>2022-03-22T07:02:40.000Z</time></trkpt>
      <trkpt lat="35.530044" lon="128.975379"><ele>378.2</ele><time>2022-03-22T07:02:50.000Z</time></trkpt>
      <trkpt lat="35.530001" lon="128.975274"><ele>372.9</ele><time>2022-03-22T07:03:08.000Z</time></trkpt>
      <trkpt lat="35.529929" lon="128.975199"><ele>369.8</ele><time>2022-03-22T07:03:22.000Z</time></trkpt>
      <trkpt lat="35.529881" lon="128.975099"><ele>367.5</ele><time>2022-03-22T07:03:42.000Z</time></trkpt>
      <trkpt lat="35.529866" lon="128.974990"><ele>364.2</ele><time>2022-03-22T07:03:56.000Z</time></trkpt>
      <trkpt lat="35.529817" lon="128.974892"><ele>355.0</ele><time>2022-03-22T07:04:19.000Z</time></trkpt>
      <trkpt lat="35.529784" lon="128.974788"><ele>353.8</ele><time>2022-03-22T07:04:37.000Z</time></trkpt>
      <trkpt lat="35.529725" lon="128.974700"><ele>350.6</ele><time>2022-03-22T07:04:47.000Z</time></trkpt>
      <trkpt lat="35.529669" lon="128.974613"><ele>350.1</ele><time>2022-03-22T07:05:02.000Z</time></trkpt>
      <trkpt lat="35.529615" lon="128.974517"><ele>349.1</ele><time>2022-03-22T07:05:16.000Z</time></trkpt>
      <trkpt lat="35.529584" lon="128.974413"><ele>346.8</ele><time>2022-03-22T07:05:28.000Z</time></trkpt>
      <trkpt lat="35.529598" lon="128.974299"><ele>346.9</ele><time>2022-03-22T07:05:39.000Z</time></trkpt>
      <trkpt lat="35.529623" lon="128.974191"><ele>343.0</ele><time>2022-03-22T07:05:52.000Z</time></trkpt>
      <trkpt lat="35.529590" lon="128.974082"><ele>339.1</ele><time>2022-03-22T07:06:04.000Z</time></trkpt>
      <trkpt lat="35.529508" lon="128.974022"><ele>336.0</ele><time>2022-03-22T07:06:14.000Z</time></trkpt>
      <trkpt lat="35.529433" lon="128.973959"><ele>335.6</ele><time>2022-03-22T07:06:31.000Z</time></trkpt>
      <trkpt lat="35.529371" lon="128.973875"><ele>332.6</ele><time>2022-03-22T07:06:49.000Z</time></trkpt>
      <trkpt lat="35.529379" lon="128.973757"><ele>313.6</ele><time>2022-03-22T07:07:17.000Z</time></trkpt>
      <trkpt lat="35.529319" lon="128.973667"><ele>310.2</ele><time>2022-03-22T07:07:27.000Z</time></trkpt>
      <trkpt lat="35.529299" lon="128.973559"><ele>305.9</ele><time>2022-03-22T07:07:41.000Z</time></trkpt>
      <trkpt lat="35.529272" lon="128.973450"><ele>302.7</ele><time>2022-03-22T07:08:12.000Z</time></trkpt>
      <trkpt lat="35.529350" lon="128.973374"><ele>302.1</ele><time>2022-03-22T07:08:24.000Z</time></trkpt>
      <trkpt lat="35.529319" lon="128.973267"><ele>301.4</ele><time>2022-03-22T07:08:32.000Z</time></trkpt>
      <trkpt lat="35.529336" lon="128.973154"><ele>301.7</ele><time>2022-03-22T07:08:39.000Z</time></trkpt>
      <trkpt lat="35.529350" lon="128.973044"><ele>300.2</ele><time>2022-03-22T07:08:47.000Z</time></trkpt>
      <trkpt lat="35.529364" lon="128.972924"><ele>294.6</ele><time>2022-03-22T07:08:58.000Z</time></trkpt>
      <trkpt lat="35.529330" lon="128.972818"><ele>290.5</ele><time>2022-03-22T07:09:08.000Z</time></trkpt>
      <trkpt lat="35.529313" lon="128.972706"><ele>287.1</ele><time>2022-03-22T07:09:16.000Z</time></trkpt>
      <trkpt lat="35.529326" lon="128.972582"><ele>285.3</ele><time>2022-03-22T07:09:23.000Z</time></trkpt>
      <trkpt lat="35.529356" lon="128.972467"><ele>287.1</ele><time>2022-03-22T07:09:30.000Z</time></trkpt>
      <trkpt lat="35.529294" lon="128.972370"><ele>286.3</ele><time>2022-03-22T07:09:38.000Z</time></trkpt>
      <trkpt lat="35.529259" lon="128.972255"><ele>285.5</ele><time>2022-03-22T07:09:47.000Z</time></trkpt>
      <trkpt lat="35.529226" lon="128.972134"><ele>284.7</ele><time>2022-03-22T07:09:55.000Z</time></trkpt>
      <trkpt lat="35.529194" lon="128.972021"><ele>284.7</ele><time>2022-03-22T07:10:02.000Z</time></trkpt>
      <trkpt lat="35.529147" lon="128.971915"><ele>286.1</ele><time>2022-03-22T07:10:11.000Z</time></trkpt>
      <trkpt lat="35.529108" lon="128.971815"><ele>282.5</ele><time>2022-03-22T07:10:19.000Z</time></trkpt>
      <trkpt lat="35.529068" lon="128.971707"><ele>278.7</ele><time>2022-03-22T07:10:27.000Z</time></trkpt>
      <trkpt lat="35.529016" lon="128.971616"><ele>279.3</ele><time>2022-03-22T07:10:34.000Z</time></trkpt>
      <trkpt lat="35.528984" lon="128.971503"><ele>279.6</ele><time>2022-03-22T07:10:41.000Z</time></trkpt>
      <trkpt lat="35.528939" lon="128.971392"><ele>280.0</ele><time>2022-03-22T07:10:50.000Z</time></trkpt>
      <trkpt lat="35.528891" lon="128.971296"><ele>279.6</ele><time>2022-03-22T07:10:58.000Z</time></trkpt>
      <trkpt lat="35.528840" lon="128.971191"><ele>276.9</ele><time>2022-03-22T07:11:07.000Z</time></trkpt>
      <trkpt lat="35.528803" lon="128.971085"><ele>278.5</ele><time>2022-03-22T07:11:16.000Z</time></trkpt>
      <trkpt lat="35.528705" lon="128.971060"><ele>276.9</ele><time>2022-03-22T07:12:21.000Z</time></trkpt>
      <trkpt lat="35.528630" lon="128.970997"><ele>273.5</ele><time>2022-03-22T07:12:32.000Z</time></trkpt>
      <trkpt lat="35.528608" lon="128.970886"><ele>273.5</ele><time>2022-03-22T07:12:44.000Z</time></trkpt>
      <trkpt lat="35.528562" lon="128.970785"><ele>269.7</ele><time>2022-03-22T07:12:55.000Z</time></trkpt>
      <trkpt lat="35.528480" lon="128.970723"><ele>266.1</ele><time>2022-03-22T07:13:07.000Z</time></trkpt>
      <trkpt lat="35.528389" lon="128.970721"><ele>265.2</ele><time>2022-03-22T07:13:24.000Z</time></trkpt>
      <trkpt lat="35.528288" lon="128.970719"><ele>265.7</ele><time>2022-03-22T07:13:37.000Z</time></trkpt>
      <trkpt lat="35.528197" lon="128.970717"><ele>267.2</ele><time>2022-03-22T07:13:44.000Z</time></trkpt>
      <trkpt lat="35.528157" lon="128.970614"><ele>268.9</ele><time>2022-03-22T07:13:52.000Z</time></trkpt>
      <trkpt lat="35.528147" lon="128.970489"><ele>264.3</ele><time>2022-03-22T07:14:14.000Z</time></trkpt>
      <trkpt lat="35.528148" lon="128.970365"><ele>263.6</ele><time>2022-03-22T07:14:22.000Z</time></trkpt>
      <trkpt lat="35.528143" lon="128.970248"><ele>263.8</ele><time>2022-03-22T07:14:29.000Z</time></trkpt>
      <trkpt lat="35.528126" lon="128.970136"><ele>262.0</ele><time>2022-03-22T07:14:36.000Z</time></trkpt>
      <trkpt lat="35.528069" lon="128.970045"><ele>261.3</ele><time>2022-03-22T07:14:43.000Z</time></trkpt>
      <trkpt lat="35.528000" lon="128.969963"><ele>258.9</ele><time>2022-03-22T07:14:51.000Z</time></trkpt>
      <trkpt lat="35.527945" lon="128.969872"><ele>259.6</ele><time>2022-03-22T07:15:06.000Z</time></trkpt>
      <trkpt lat="35.527896" lon="128.969780"><ele>259.4</ele><time>2022-03-22T07:15:14.000Z</time></trkpt>
      <trkpt lat="35.527846" lon="128.969686"><ele>259.0</ele><time>2022-03-22T07:15:23.000Z</time></trkpt>
      <trkpt lat="35.527776" lon="128.969614"><ele>258.0</ele><time>2022-03-22T07:15:33.000Z</time></trkpt>
      <trkpt lat="35.527708" lon="128.969535"><ele>258.6</ele><time>2022-03-22T07:15:42.000Z</time></trkpt>
      <trkpt lat="35.527648" lon="128.969438"><ele>258.6</ele><time>2022-03-22T07:16:04.000Z</time></trkpt>
      <trkpt lat="35.527559" lon="128.969405"><ele>256.3</ele><time>2022-03-22T07:16:12.000Z</time></trkpt>
      <trkpt lat="35.527507" lon="128.969312"><ele>257.8</ele><time>2022-03-22T07:16:34.000Z</time></trkpt>
      <trkpt lat="35.527472" lon="128.969199"><ele>256.6</ele><time>2022-03-22T07:16:44.000Z</time></trkpt>
      <trkpt lat="35.527450" lon="128.969087"><ele>255.2</ele><time>2022-03-22T07:16:53.000Z</time></trkpt>
      <trkpt lat="35.527456" lon="128.968967"><ele>256.7</ele><time>2022-03-22T07:17:01.000Z</time></trkpt>
      <trkpt lat="35.527465" lon="128.968841"><ele>260.2</ele><time>2022-03-22T07:17:09.000Z</time></trkpt>
      <trkpt lat="35.527487" lon="128.968730"><ele>262.6</ele><time>2022-03-22T07:17:17.000Z</time></trkpt>
      <trkpt lat="35.527498" lon="128.968607"><ele>264.8</ele><time>2022-03-22T07:17:26.000Z</time></trkpt>
      <trkpt lat="35.527503" lon="128.968487"><ele>262.3</ele><time>2022-03-22T07:17:35.000Z</time></trkpt>
      <trkpt lat="35.527494" lon="128.968367"><ele>261.1</ele><time>2022-03-22T07:17:43.000Z</time></trkpt>
      <trkpt lat="35.527492" lon="128.968254"><ele>259.6</ele><time>2022-03-22T07:17:50.000Z</time></trkpt>
      <trkpt lat="35.527424" lon="128.968165"><ele>258.7</ele><time>2022-03-22T07:17:58.000Z</time></trkpt>
      <trkpt lat="35.527340" lon="128.968101"><ele>261.7</ele><time>2022-03-22T07:18:07.000Z</time></trkpt>
      <trkpt lat="35.527315" lon="128.967985"><ele>258.3</ele><time>2022-03-22T07:18:18.000Z</time></trkpt>
      <trkpt lat="35.527371" lon="128.967893"><ele>259.1</ele><time>2022-03-22T07:18:26.000Z</time></trkpt>
      <trkpt lat="35.527415" lon="128.967788"><ele>260.7</ele><time>2022-03-22T07:18:33.000Z</time></trkpt>
      <trkpt lat="35.527456" lon="128.967678"><ele>260.1</ele><time>2022-03-22T07:18:42.000Z</time></trkpt>
      <trkpt lat="35.527513" lon="128.967582"><ele>260.8</ele><time>2022-03-22T07:18:51.000Z</time></trkpt>
      <trkpt lat="35.527583" lon="128.967499"><ele>258.8</ele><time>2022-03-22T07:18:59.000Z</time></trkpt>
      <trkpt lat="35.527662" lon="128.967439"><ele>257.9</ele><time>2022-03-22T07:19:07.000Z</time></trkpt>
      <trkpt lat="35.527738" lon="128.967360"><ele>256.1</ele><time>2022-03-22T07:19:15.000Z</time></trkpt>
      <trkpt lat="35.527814" lon="128.967291"><ele>256.3</ele><time>2022-03-22T07:19:22.000Z</time></trkpt>
      <trkpt lat="35.527888" lon="128.967217"><ele>255.2</ele><time>2022-03-22T07:19:30.000Z</time></trkpt>
      <trkpt lat="35.527951" lon="128.967125"><ele>255.6</ele><time>2022-03-22T07:19:39.000Z</time></trkpt>
      <trkpt lat="35.528011" lon="128.967036"><ele>253.7</ele><time>2022-03-22T07:19:47.000Z</time></trkpt>
      <trkpt lat="35.528067" lon="128.966945"><ele>255.2</ele><time>2022-03-22T07:19:55.000Z</time></trkpt>
      <trkpt lat="35.528133" lon="128.966854"><ele>254.6</ele><time>2022-03-22T07:20:04.000Z</time></trkpt>
      <trkpt lat="35.528180" lon="128.966755"><ele>252.2</ele><time>2022-03-22T07:20:12.000Z</time></trkpt>
      <trkpt lat="35.528222" lon="128.966648"><ele>250.7</ele><time>2022-03-22T07:20:20.000Z</time></trkpt>
      <trkpt lat="35.528251" lon="128.966537"><ele>249.0</ele><time>2022-03-22T07:20:30.000Z</time></trkpt>
      <trkpt lat="35.528264" lon="128.966417"><ele>246.4</ele><time>2022-03-22T07:20:40.000Z</time></trkpt>
      <trkpt lat="35.528282" lon="128.966299"><ele>245.3</ele><time>2022-03-22T07:20:50.000Z</time></trkpt>
      <trkpt lat="35.528311" lon="128.966183"><ele>243.1</ele><time>2022-03-22T07:21:00.000Z</time></trkpt>
      <trkpt lat="35.528337" lon="128.966075"><ele>238.2</ele><time>2022-03-22T07:21:10.000Z</time></trkpt>
      <trkpt lat="35.528350" lon="128.965962"><ele>237.1</ele><time>2022-03-22T07:21:20.000Z</time></trkpt>
      <trkpt lat="35.528372" lon="128.965851"><ele>234.8</ele><time>2022-03-22T07:21:29.000Z</time></trkpt>
      <trkpt lat="35.528399" lon="128.965735"><ele>234.2</ele><time>2022-03-22T07:21:38.000Z</time></trkpt>
      <trkpt lat="35.528425" lon="128.965627"><ele>231.0</ele><time>2022-03-22T07:21:46.000Z</time></trkpt>
      <trkpt lat="35.528407" lon="128.965513"><ele>230.2</ele><time>2022-03-22T07:21:55.000Z</time></trkpt>
      <trkpt lat="35.528370" lon="128.965407"><ele>229.4</ele><time>2022-03-22T07:22:05.000Z</time></trkpt>
      <trkpt lat="35.528355" lon="128.965297"><ele>232.6</ele><time>2022-03-22T07:22:14.000Z</time></trkpt>
      <trkpt lat="35.528386" lon="128.965188"><ele>231.0</ele><time>2022-03-22T07:22:22.000Z</time></trkpt>
      <trkpt lat="35.528452" lon="128.965101"><ele>229.8</ele><time>2022-03-22T07:22:30.000Z</time></trkpt>
      <trkpt lat="35.528514" lon="128.965014"><ele>229.9</ele><time>2022-03-22T07:22:38.000Z</time></trkpt>
      <trkpt lat="35.528576" lon="128.964933"><ele>226.0</ele><time>2022-03-22T07:22:46.000Z</time></trkpt>
      <trkpt lat="35.528619" lon="128.964834"><ele>225.7</ele><time>2022-03-22T07:22:54.000Z</time></trkpt>
      <trkpt lat="35.528666" lon="128.964726"><ele>224.2</ele><time>2022-03-22T07:23:03.000Z</time></trkpt>
      <trkpt lat="35.528730" lon="128.964635"><ele>224.0</ele><time>2022-03-22T07:23:12.000Z</time></trkpt>
      <trkpt lat="35.528773" lon="128.964526"><ele>221.8</ele><time>2022-03-22T07:23:21.000Z</time></trkpt>
      <trkpt lat="35.528805" lon="128.964421"><ele>219.4</ele><time>2022-03-22T07:23:29.000Z</time></trkpt>
      <trkpt lat="35.528848" lon="128.964323"><ele>219.5</ele><time>2022-03-22T07:23:37.000Z</time></trkpt>
      <trkpt lat="35.528900" lon="128.964225"><ele>214.8</ele><time>2022-03-22T07:23:45.000Z</time></trkpt>
      <trkpt lat="35.528957" lon="128.964125"><ele>213.0</ele><time>2022-03-22T07:23:53.000Z</time></trkpt>
      <trkpt lat="35.529027" lon="128.964038"><ele>214.8</ele><time>2022-03-22T07:24:01.000Z</time></trkpt>
      <trkpt lat="35.529098" lon="128.963967"><ele>212.6</ele><time>2022-03-22T07:24:09.000Z</time></trkpt>
      <trkpt lat="35.529164" lon="128.963876"><ele>214.6</ele><time>2022-03-22T07:24:16.000Z</time></trkpt>
      <trkpt lat="35.529244" lon="128.963815"><ele>215.7</ele><time>2022-03-22T07:24:23.000Z</time></trkpt>
      <trkpt lat="35.529321" lon="128.963758"><ele>212.8</ele><time>2022-03-22T07:24:31.000Z</time></trkpt>
      <trkpt lat="35.529412" lon="128.963740"><ele>207.8</ele><time>2022-03-22T07:24:39.000Z</time></trkpt>
      <trkpt lat="35.529506" lon="128.963725"><ele>207.2</ele><time>2022-03-22T07:24:47.000Z</time></trkpt>
      <trkpt lat="35.529588" lon="128.963678"><ele>207.9</ele><time>2022-03-22T07:24:54.000Z</time></trkpt>
      <trkpt lat="35.529667" lon="128.963621"><ele>207.1</ele><time>2022-03-22T07:25:01.000Z</time></trkpt>
      <trkpt lat="35.529744" lon="128.963549"><ele>206.9</ele><time>2022-03-22T07:25:09.000Z</time></trkpt>
      <trkpt lat="35.529798" lon="128.963454"><ele>205.8</ele><time>2022-03-22T07:25:16.000Z</time></trkpt>
      <trkpt lat="35.529862" lon="128.963359"><ele>207.6</ele><time>2022-03-22T07:25:23.000Z</time></trkpt>
      <trkpt lat="35.529917" lon="128.963261"><ele>205.7</ele><time>2022-03-22T07:25:31.000Z</time></trkpt>
      <trkpt lat="35.529951" lon="128.963155"><ele>205.0</ele><time>2022-03-22T07:25:38.000Z</time></trkpt>
      <trkpt lat="35.530006" lon="128.963050"><ele>203.4</ele><time>2022-03-22T07:25:46.000Z</time></trkpt>
      <trkpt lat="35.530065" lon="128.962965"><ele>200.5</ele><time>2022-03-22T07:25:53.000Z</time></trkpt>
      <trkpt lat="35.530121" lon="128.962861"><ele>201.4</ele><time>2022-03-22T07:26:01.000Z</time></trkpt>
      <trkpt lat="35.530162" lon="128.962762"><ele>199.7</ele><time>2022-03-22T07:26:08.000Z</time></trkpt>
      <trkpt lat="35.530204" lon="128.962652"><ele>199.0</ele><time>2022-03-22T07:26:16.000Z</time></trkpt>
      <trkpt lat="35.530214" lon="128.962531"><ele>197.4</ele><time>2022-03-22T07:26:24.000Z</time></trkpt>
      <trkpt lat="35.530246" lon="128.962416"><ele>196.0</ele><time>2022-03-22T07:26:31.000Z</time></trkpt>
      <trkpt lat="35.530310" lon="128.962339"><ele>196.3</ele><time>2022-03-22T07:26:36.000Z</time></trkpt>
      <trkpt lat="35.530370" lon="128.962242"><ele>196.9</ele><time>2022-03-22T07:26:44.000Z</time></trkpt>
      <trkpt lat="35.530437" lon="128.962167"><ele>198.1</ele><time>2022-03-22T07:26:51.000Z</time></trkpt>
      <trkpt lat="35.530527" lon="128.962137"><ele>196.3</ele><time>2022-03-22T07:26:58.000Z</time></trkpt>
      <trkpt lat="35.530599" lon="128.962064"><ele>196.0</ele><time>2022-03-22T07:27:05.000Z</time></trkpt>
      <trkpt lat="35.530663" lon="128.961977"><ele>194.8</ele><time>2022-03-22T07:27:12.000Z</time></trkpt>
      <trkpt lat="35.530744" lon="128.961906"><ele>193.6</ele><time>2022-03-22T07:27:21.000Z</time></trkpt>
      <trkpt lat="35.530819" lon="128.961842"><ele>193.5</ele><time>2022-03-22T07:28:08.000Z</time></trkpt>
      <trkpt lat="35.530901" lon="128.961796"><ele>192.2</ele><time>2022-03-22T07:28:16.000Z</time></trkpt>
      <trkpt lat="35.530971" lon="128.961727"><ele>191.6</ele><time>2022-03-22T07:28:24.000Z</time></trkpt>
      <trkpt lat="35.531059" lon="128.961671"><ele>193.0</ele><time>2022-03-22T07:28:34.000Z</time></trkpt>
      <trkpt lat="35.531150" lon="128.961680"><ele>192.9</ele><time>2022-03-22T07:28:43.000Z</time></trkpt>
      <trkpt lat="35.531244" lon="128.961661"><ele>191.5</ele><time>2022-03-22T07:28:52.000Z</time></trkpt>
      <trkpt lat="35.531345" lon="128.961645"><ele>190.4</ele><time>2022-03-22T07:29:01.000Z</time></trkpt>
      <trkpt lat="35.531430" lon="128.961595"><ele>190.0</ele><time>2022-03-22T07:29:09.000Z</time></trkpt>
      <trkpt lat="35.531514" lon="128.961539"><ele>189.5</ele><time>2022-03-22T07:29:17.000Z</time></trkpt>
      <trkpt lat="35.531577" lon="128.961456"><ele>191.3</ele><time>2022-03-22T07:29:25.000Z</time></trkpt>
      <trkpt lat="35.531629" lon="128.961351"><ele>190.8</ele><time>2022-03-22T07:29:34.000Z</time></trkpt>
      <trkpt lat="35.531667" lon="128.961241"><ele>191.7</ele><time>2022-03-22T07:29:43.000Z</time></trkpt>
      <trkpt lat="35.531738" lon="128.961155"><ele>190.0</ele><time>2022-03-22T07:29:52.000Z</time></trkpt>
      <trkpt lat="35.531761" lon="128.961043"><ele>188.7</ele><time>2022-03-22T07:30:00.000Z</time></trkpt>
      <trkpt lat="35.531779" lon="128.960933"><ele>190.7</ele><time>2022-03-22T07:30:08.000Z</time></trkpt>
      <trkpt lat="35.531813" lon="128.960822"><ele>188.8</ele><time>2022-03-22T07:30:17.000Z</time></trkpt>
      <trkpt lat="35.531839" lon="128.960706"><ele>189.3</ele><time>2022-03-22T07:30:27.000Z</time></trkpt>
      <trkpt lat="35.531906" lon="128.960631"><ele>187.6</ele><time>2022-03-22T07:30:36.000Z</time></trkpt>
      <trkpt lat="35.531916" lon="128.960510"><ele>182.5</ele><time>2022-03-22T07:30:45.000Z</time></trkpt>
      <trkpt lat="35.531936" lon="128.960388"><ele>183.0</ele><time>2022-03-22T07:30:54.000Z</time></trkpt>
      <trkpt lat="35.531971" lon="128.960282"><ele>183.4</ele><time>2022-03-22T07:31:02.000Z</time></trkpt>
      <trkpt lat="35.531976" lon="128.960166"><ele>184.8</ele><time>2022-03-22T07:31:22.000Z</time></trkpt>
      <trkpt lat="35.531962" lon="128.960054"><ele>185.9</ele><time>2022-03-22T07:31:31.000Z</time></trkpt>
      <trkpt lat="35.531928" lon="128.959943"><ele>184.1</ele><time>2022-03-22T07:31:41.000Z</time></trkpt>
      <trkpt lat="35.531914" lon="128.959823"><ele>184.5</ele><time>2022-03-22T07:31:50.000Z</time></trkpt>
      <trkpt lat="35.531911" lon="128.959710"><ele>185.1</ele><time>2022-03-22T07:31:59.000Z</time></trkpt>
      <trkpt lat="35.531974" lon="128.959619"><ele>187.4</ele><time>2022-03-22T07:32:08.000Z</time></trkpt>
      <trkpt lat="35.531985" lon="128.959509"><ele>184.8</ele><time>2022-03-22T07:32:21.000Z</time></trkpt>
      <trkpt lat="35.532074" lon="128.959546"><ele>185.3</ele><time>2022-03-22T07:32:39.000Z</time></trkpt>
      <trkpt lat="35.532147" lon="128.959627"><ele>186.6</ele><time>2022-03-22T07:32:47.000Z</time></trkpt>
      <trkpt lat="35.532241" lon="128.959670"><ele>186.5</ele><time>2022-03-22T07:32:56.000Z</time></trkpt>
      <trkpt lat="35.532338" lon="128.959678"><ele>186.1</ele><time>2022-03-22T07:33:05.000Z</time></trkpt>
      <trkpt lat="35.532425" lon="128.959633"><ele>187.2</ele><time>2022-03-22T07:33:14.000Z</time></trkpt>
      <trkpt lat="35.532512" lon="128.959593"><ele>188.9</ele><time>2022-03-22T07:33:25.000Z</time></trkpt>
      <trkpt lat="35.532605" lon="128.959608"><ele>186.4</ele><time>2022-03-22T07:35:25.000Z</time></trkpt>
      <trkpt lat="35.532693" lon="128.959636"><ele>184.5</ele><time>2022-03-22T07:35:33.000Z</time></trkpt>
      <trkpt lat="35.532754" lon="128.959718"><ele>184.4</ele><time>2022-03-22T07:35:41.000Z</time></trkpt>
      <trkpt lat="35.532745" lon="128.959831"><ele>188.7</ele><time>2022-03-22T07:35:53.000Z</time></trkpt>
      <trkpt lat="35.532723" lon="128.959938"><ele>190.3</ele><time>2022-03-22T07:36:08.000Z</time></trkpt>
      <trkpt lat="35.532710" lon="128.960050"><ele>190.8</ele><time>2022-03-22T07:36:19.000Z</time></trkpt>
      <trkpt lat="35.532690" lon="128.960164"><ele>189.6</ele><time>2022-03-22T07:36:28.000Z</time></trkpt>
      <trkpt lat="35.532657" lon="128.960269"><ele>190.6</ele><time>2022-03-22T07:36:36.000Z</time></trkpt>
      <trkpt lat="35.532629" lon="128.960385"><ele>191.1</ele><time>2022-03-22T07:36:45.000Z</time></trkpt>
      <trkpt lat="35.532612" lon="128.960503"><ele>191.7</ele><time>2022-03-22T07:36:54.000Z</time></trkpt>
      <trkpt lat="35.532607" lon="128.960623"><ele>192.7</ele><time>2022-03-22T07:37:12.000Z</time></trkpt>
      <trkpt lat="35.532558" lon="128.960720"><ele>193.6</ele><time>2022-03-22T07:37:22.000Z</time></trkpt>
      <trkpt lat="35.532483" lon="128.960799"><ele>194.1</ele><time>2022-03-22T07:37:32.000Z</time></trkpt>
      <trkpt lat="35.532528" lon="128.960896"><ele>194.0</ele><time>2022-03-22T07:37:45.000Z</time></trkpt>
      <trkpt lat="35.532623" lon="128.960877"><ele>194.8</ele><time>2022-03-22T07:37:54.000Z</time></trkpt>
      <trkpt lat="35.532652" lon="128.960769"><ele>195.2</ele><time>2022-03-22T07:38:23.000Z</time></trkpt>
      <trkpt lat="35.532665" lon="128.960651"><ele>196.0</ele><time>2022-03-22T07:38:32.000Z</time></trkpt>
      <trkpt lat="35.532687" lon="128.960532"><ele>194.5</ele><time>2022-03-22T07:38:44.000Z</time></trkpt>
      <trkpt lat="35.532739" lon="128.960437"><ele>193.5</ele><time>2022-03-22T07:38:56.000Z</time></trkpt>
      <trkpt lat="35.532753" lon="128.960321"><ele>192.0</ele><time>2022-03-22T07:39:03.000Z</time></trkpt>
      <trkpt lat="35.532755" lon="128.960208"><ele>191.8</ele><time>2022-03-22T07:39:11.000Z</time></trkpt>
      <trkpt lat="35.532800" lon="128.960109"><ele>191.5</ele><time>2022-03-22T07:39:20.000Z</time></trkpt>
      <trkpt lat="35.532879" lon="128.960041"><ele>192.0</ele><time>2022-03-22T07:39:28.000Z</time></trkpt>
      <trkpt lat="35.532975" lon="128.960024"><ele>190.4</ele><time>2022-03-22T07:39:36.000Z</time></trkpt>
      <trkpt lat="35.533063" lon="128.959991"><ele>190.1</ele><time>2022-03-22T07:39:43.000Z</time></trkpt>
      <trkpt lat="35.532966" lon="128.959957"><ele>192.3</ele><time>2022-03-22T07:40:08.000Z</time></trkpt>
      <trkpt lat="35.532875" lon="128.959948"><ele>191.6</ele><time>2022-03-22T07:40:17.000Z</time></trkpt>
      <trkpt lat="35.532773" lon="128.959917"><ele>191.7</ele><time>2022-03-22T07:40:25.000Z</time></trkpt>
      <trkpt lat="35.532728" lon="128.959810"><ele>190.9</ele><time>2022-03-22T07:40:35.000Z</time></trkpt>
      <trkpt lat="35.532743" lon="128.959696"><ele>189.1</ele><time>2022-03-22T07:40:49.000Z</time></trkpt>
      <trkpt lat="35.532717" lon="128.959589"><ele>186.9</ele><time>2022-03-22T07:41:02.000Z</time></trkpt>
      <trkpt lat="35.532650" lon="128.959504"><ele>186.7</ele><time>2022-03-22T07:41:15.000Z</time></trkpt>
      <trkpt lat="35.532594" lon="128.959402"><ele>187.1</ele><time>2022-03-22T07:41:22.000Z</time></trkpt>
      <trkpt lat="35.532534" lon="128.959315"><ele>187.3</ele><time>2022-03-22T07:41:29.000Z</time></trkpt>
      <trkpt lat="35.532455" lon="128.959238"><ele>187.5</ele><time>2022-03-22T07:41:37.000Z</time></trkpt>
      <trkpt lat="35.532358" lon="128.959210"><ele>187.6</ele><time>2022-03-22T07:41:45.000Z</time></trkpt>
      <trkpt lat="35.532256" lon="128.959196"><ele>188.9</ele><time>2022-03-22T07:41:53.000Z</time></trkpt>
      <trkpt lat="35.532157" lon="128.959182"><ele>189.5</ele><time>2022-03-22T07:42:01.000Z</time></trkpt>
      <trkpt lat="35.532074" lon="128.959115"><ele>189.0</ele><time>2022-03-22T07:42:09.000Z</time></trkpt>
      <trkpt lat="35.532040" lon="128.959008"><ele>186.9</ele><time>2022-03-22T07:42:16.000Z</time></trkpt>
      <trkpt lat="35.532022" lon="128.958893"><ele>184.8</ele><time>2022-03-22T07:42:23.000Z</time></trkpt>
      <trkpt lat="35.532033" lon="128.958770"><ele>183.4</ele><time>2022-03-22T07:42:31.000Z</time></trkpt>
      <trkpt lat="35.532026" lon="128.958651"><ele>183.6</ele><time>2022-03-22T07:42:39.000Z</time></trkpt>
      <trkpt lat="35.532056" lon="128.958532"><ele>182.9</ele><time>2022-03-22T07:44:05.000Z</time></trkpt>
      <trkpt lat="35.532052" lon="128.958417"><ele>183.2</ele><time>2022-03-22T07:44:14.000Z</time></trkpt>
      <trkpt lat="35.532106" lon="128.958310"><ele>182.4</ele><time>2022-03-22T07:44:22.000Z</time></trkpt>
      <trkpt lat="35.532159" lon="128.958213"><ele>182.0</ele><time>2022-03-22T07:44:29.000Z</time></trkpt>
      <trkpt lat="35.532194" lon="128.958105"><ele>181.3</ele><time>2022-03-22T07:44:36.000Z</time></trkpt>
      <trkpt lat="35.532232" lon="128.957992"><ele>180.7</ele><time>2022-03-22T07:44:44.000Z</time></trkpt>
      <trkpt lat="35.532255" lon="128.957880"><ele>180.7</ele><time>2022-03-22T07:44:52.000Z</time></trkpt>
      <trkpt lat="35.532300" lon="128.957773"><ele>179.9</ele><time>2022-03-22T07:45:00.000Z</time></trkpt>
      <trkpt lat="35.532340" lon="128.957658"><ele>177.7</ele><time>2022-03-22T07:45:08.000Z</time></trkpt>
      <trkpt lat="35.532410" lon="128.957573"><ele>179.8</ele><time>2022-03-22T07:45:16.000Z</time></trkpt>
      <trkpt lat="35.532480" lon="128.957484"><ele>180.5</ele><time>2022-03-22T07:45:24.000Z</time></trkpt>
      <trkpt lat="35.532524" lon="128.957384"><ele>180.4</ele><time>2022-03-22T07:45:32.000Z</time></trkpt>
      <trkpt lat="35.532599" lon="128.957303"><ele>180.7</ele><time>2022-03-22T07:45:40.000Z</time></trkpt>
      <trkpt lat="35.532670" lon="128.957226"><ele>179.4</ele><time>2022-03-22T07:45:48.000Z</time></trkpt>
      <trkpt lat="35.532713" lon="128.957125"><ele>178.5</ele><time>2022-03-22T07:45:57.000Z</time></trkpt>
      <trkpt lat="35.532727" lon="128.957014"><ele>177.3</ele><time>2022-03-22T07:46:07.000Z</time></trkpt>
      <trkpt lat="35.532707" lon="128.956900"><ele>175.9</ele><time>2022-03-22T07:46:26.000Z</time></trkpt>
      <trkpt lat="35.532650" lon="128.956812"><ele>176.6</ele><time>2022-03-22T07:46:34.000Z</time></trkpt>
      <trkpt lat="35.532669" lon="128.956687"><ele>176.2</ele><time>2022-03-22T07:46:43.000Z</time></trkpt>
      <trkpt lat="35.532651" lon="128.956571"><ele>174.5</ele><time>2022-03-22T07:46:52.000Z</time></trkpt>
      <trkpt lat="35.532672" lon="128.956460"><ele>175.3</ele><time>2022-03-22T07:47:00.000Z</time></trkpt>
      <trkpt lat="35.532683" lon="128.956348"><ele>175.8</ele><time>2022-03-22T07:47:08.000Z</time></trkpt>
      <trkpt lat="35.532709" lon="128.956242"><ele>176.0</ele><time>2022-03-22T07:47:16.000Z</time></trkpt>
      <trkpt lat="35.532722" lon="128.956128"><ele>175.4</ele><time>2022-03-22T07:47:24.000Z</time></trkpt>
      <trkpt lat="35.532732" lon="128.956007"><ele>175.1</ele><time>2022-03-22T07:47:32.000Z</time></trkpt>
      <trkpt lat="35.532746" lon="128.955892"><ele>174.9</ele><time>2022-03-22T07:47:40.000Z</time></trkpt>
      <trkpt lat="35.532765" lon="128.955775"><ele>174.5</ele><time>2022-03-22T07:47:48.000Z</time></trkpt>
      <trkpt lat="35.532797" lon="128.955663"><ele>174.4</ele><time>2022-03-22T07:47:56.000Z</time></trkpt>
      <trkpt lat="35.532819" lon="128.955554"><ele>174.2</ele><time>2022-03-22T07:48:03.000Z</time></trkpt>
      <trkpt lat="35.532859" lon="128.955441"><ele>173.4</ele><time>2022-03-22T07:48:11.000Z</time></trkpt>
      <trkpt lat="35.532894" lon="128.955325"><ele>174.7</ele><time>2022-03-22T07:48:19.000Z</time></trkpt>
      <trkpt lat="35.532922" lon="128.955218"><ele>176.0</ele><time>2022-03-22T07:48:27.000Z</time></trkpt>
      <trkpt lat="35.532941" lon="128.955097"><ele>175.9</ele><time>2022-03-22T07:48:35.000Z</time></trkpt>
      <trkpt lat="35.532940" lon="128.954985"><ele>177.3</ele><time>2022-03-22T07:48:42.000Z</time></trkpt>
      <trkpt lat="35.532938" lon="128.954865"><ele>175.9</ele><time>2022-03-22T07:48:50.000Z</time></trkpt>
      <trkpt lat="35.532926" lon="128.954743"><ele>175.0</ele><time>2022-03-22T07:48:58.000Z</time></trkpt>
      <trkpt lat="35.532914" lon="128.954631"><ele>174.7</ele><time>2022-03-22T07:49:05.000Z</time></trkpt>
      <trkpt lat="35.532899" lon="128.954513"><ele>173.8</ele><time>2022-03-22T07:49:13.000Z</time></trkpt>
      <trkpt lat="35.532887" lon="128.954393"><ele>174.5</ele><time>2022-03-22T07:49:21.000Z</time></trkpt>
      <trkpt lat="35.532877" lon="128.954271"><ele>172.3</ele><time>2022-03-22T07:49:30.000Z</time></trkpt>
      <trkpt lat="35.532869" lon="128.954160"><ele>171.2</ele><time>2022-03-22T07:49:37.000Z</time></trkpt>
      <trkpt lat="35.532868" lon="128.954048"><ele>171.8</ele><time>2022-03-22T07:49:44.000Z</time></trkpt>
      <trkpt lat="35.532851" lon="128.953938"><ele>172.0</ele><time>2022-03-22T07:49:51.000Z</time></trkpt>
      <trkpt lat="35.532814" lon="128.953826"><ele>173.2</ele><time>2022-03-22T07:49:59.000Z</time></trkpt>
      <trkpt lat="35.532803" lon="128.953708"><ele>172.5</ele><time>2022-03-22T07:50:07.000Z</time></trkpt>
      <trkpt lat="35.532797" lon="128.953587"><ele>172.7</ele><time>2022-03-22T07:50:14.000Z</time></trkpt>
      <trkpt lat="35.532783" lon="128.953456"><ele>173.9</ele><time>2022-03-22T07:50:19.000Z</time></trkpt>
      <trkpt lat="35.532740" lon="128.953358"><ele>175.5</ele><time>2022-03-22T07:50:23.000Z</time></trkpt>
      <trkpt lat="35.532703" lon="128.953248"><ele>173.8</ele><time>2022-03-22T07:50:29.000Z</time></trkpt>
      <trkpt lat="35.532692" lon="128.953134"><ele>173.9</ele><time>2022-03-22T07:50:35.000Z</time></trkpt>
      <trkpt lat="35.532677" lon="128.953016"><ele>173.4</ele><time>2022-03-22T07:50:42.000Z</time></trkpt>
      <trkpt lat="35.532652" lon="128.952905"><ele>172.8</ele><time>2022-03-22T07:50:49.000Z</time></trkpt>
      <trkpt lat="35.532627" lon="128.952795"><ele>171.7</ele><time>2022-03-22T07:50:56.000Z</time></trkpt>
      <trkpt lat="35.532599" lon="128.952685"><ele>173.5</ele><time>2022-03-22T07:51:03.000Z</time></trkpt>
      <trkpt lat="35.532577" lon="128.952561"><ele>172.0</ele><time>2022-03-22T07:51:10.000Z</time></trkpt>
      <trkpt lat="35.532563" lon="128.952451"><ele>171.4</ele><time>2022-03-22T07:51:16.000Z</time></trkpt>
      <trkpt lat="35.532557" lon="128.952327"><ele>171.9</ele><time>2022-03-22T07:51:23.000Z</time></trkpt>
      <trkpt lat="35.532565" lon="128.952203"><ele>169.8</ele><time>2022-03-22T07:51:30.000Z</time></trkpt>
      <trkpt lat="35.532569" lon="128.952079"><ele>170.0</ele><time>2022-03-22T07:51:37.000Z</time></trkpt>
      <trkpt lat="35.532588" lon="128.951954"><ele>168.6</ele><time>2022-03-22T07:51:44.000Z</time></trkpt>
      <trkpt lat="35.532604" lon="128.951831"><ele>168.3</ele><time>2022-03-22T07:51:51.000Z</time></trkpt>
      <trkpt lat="35.532611" lon="128.951718"><ele>167.8</ele><time>2022-03-22T07:51:58.000Z</time></trkpt>
      <trkpt lat="35.532620" lon="128.951607"><ele>167.8</ele><time>2022-03-22T07:52:04.000Z</time></trkpt>
      <trkpt lat="35.532620" lon="128.951484"><ele>167.9</ele><time>2022-03-22T07:52:11.000Z</time></trkpt>
      <trkpt lat="35.532632" lon="128.951355"><ele>167.6</ele><time>2022-03-22T07:52:18.000Z</time></trkpt>
      <trkpt lat="35.532650" lon="128.951232"><ele>167.4</ele><time>2022-03-22T07:52:25.000Z</time></trkpt>
      <trkpt lat="35.532682" lon="128.951124"><ele>167.9</ele><time>2022-03-22T07:52:33.000Z</time></trkpt>
      <trkpt lat="35.532716" lon="128.951015"><ele>165.9</ele><time>2022-03-22T07:52:40.000Z</time></trkpt>
      <trkpt lat="35.532740" lon="128.950900"><ele>164.8</ele><time>2022-03-22T07:52:46.000Z</time></trkpt>
      <trkpt lat="35.532772" lon="128.950791"><ele>163.9</ele><time>2022-03-22T07:52:52.000Z</time></trkpt>
      <trkpt lat="35.532793" lon="128.950666"><ele>164.5</ele><time>2022-03-22T07:52:59.000Z</time></trkpt>
      <trkpt lat="35.532802" lon="128.950549"><ele>162.8</ele><time>2022-03-22T07:53:06.000Z</time></trkpt>
      <trkpt lat="35.532822" lon="128.950432"><ele>164.0</ele><time>2022-03-22T07:53:13.000Z</time></trkpt>
      <trkpt lat="35.532843" lon="128.950315"><ele>162.7</ele><time>2022-03-22T07:53:20.000Z</time></trkpt>
      <trkpt lat="35.532857" lon="128.950196"><ele>163.8</ele><time>2022-03-22T07:53:27.000Z</time></trkpt>
      <trkpt lat="35.532871" lon="128.950085"><ele>162.4</ele><time>2022-03-22T07:53:33.000Z</time></trkpt>
      <trkpt lat="35.532883" lon="128.949960"><ele>164.8</ele><time>2022-03-22T07:53:40.000Z</time></trkpt>
      <trkpt lat="35.532901" lon="128.949851"><ele>165.1</ele><time>2022-03-22T07:53:47.000Z</time></trkpt>
      <trkpt lat="35.532925" lon="128.949738"><ele>164.9</ele><time>2022-03-22T07:53:55.000Z</time></trkpt>
      <trkpt lat="35.532957" lon="128.949625"><ele>163.7</ele><time>2022-03-22T07:54:03.000Z</time></trkpt>
      <trkpt lat="35.532976" lon="128.949504"><ele>163.0</ele><time>2022-03-22T07:54:12.000Z</time></trkpt>
      <trkpt lat="35.532989" lon="128.949393"><ele>163.7</ele><time>2022-03-22T07:54:20.000Z</time></trkpt>
      <trkpt lat="35.533012" lon="128.949286"><ele>163.6</ele><time>2022-03-22T07:54:29.000Z</time></trkpt>
      <trkpt lat="35.533020" lon="128.949169"><ele>163.9</ele><time>2022-03-22T07:54:37.000Z</time></trkpt>
      <trkpt lat="35.533031" lon="128.949050"><ele>163.8</ele><time>2022-03-22T07:54:46.000Z</time></trkpt>
      <trkpt lat="35.533050" lon="128.948938"><ele>161.0</ele><time>2022-03-22T07:54:55.000Z</time></trkpt>
      <trkpt lat="35.533064" lon="128.948820"><ele>159.7</ele><time>2022-03-22T07:55:03.000Z</time></trkpt>
      <trkpt lat="35.533079" lon="128.948704"><ele>158.0</ele><time>2022-03-22T07:55:11.000Z</time></trkpt>
      <trkpt lat="35.533090" lon="128.948588"><ele>160.1</ele><time>2022-03-22T07:55:19.000Z</time></trkpt>
      <trkpt lat="35.533097" lon="128.948463"><ele>158.2</ele><time>2022-03-22T07:55:27.000Z</time></trkpt>
      <trkpt lat="35.533115" lon="128.948355"><ele>156.1</ele><time>2022-03-22T07:55:35.000Z</time></trkpt>
      <trkpt lat="35.533117" lon="128.948240"><ele>155.4</ele><time>2022-03-22T07:55:43.000Z</time></trkpt>
      <trkpt lat="35.533117" lon="128.948122"><ele>156.4</ele><time>2022-03-22T07:55:51.000Z</time></trkpt>
      <trkpt lat="35.533104" lon="128.948003"><ele>155.9</ele><time>2022-03-22T07:55:59.000Z</time></trkpt>
      <trkpt lat="35.533080" lon="128.947896"><ele>156.6</ele><time>2022-03-22T07:56:06.000Z</time></trkpt>
      <trkpt lat="35.533041" lon="128.947790"><ele>157.0</ele><time>2022-03-22T07:56:14.000Z</time></trkpt>
      <trkpt lat="35.532994" lon="128.947688"><ele>158.0</ele><time>2022-03-22T07:56:22.000Z</time></trkpt>
      <trkpt lat="35.532944" lon="128.947585"><ele>157.4</ele><time>2022-03-22T07:56:30.000Z</time></trkpt>
      <trkpt lat="35.532902" lon="128.947478"><ele>157.3</ele><time>2022-03-22T07:56:38.000Z</time></trkpt>
      <trkpt lat="35.532852" lon="128.947373"><ele>157.3</ele><time>2022-03-22T07:56:46.000Z</time></trkpt>
      <trkpt lat="35.532800" lon="128.947270"><ele>156.4</ele><time>2022-03-22T07:56:54.000Z</time></trkpt>
      <trkpt lat="35.532748" lon="128.947168"><ele>156.6</ele><time>2022-03-22T07:57:02.000Z</time></trkpt>
      <trkpt lat="35.532694" lon="128.947065"><ele>155.1</ele><time>2022-03-22T07:57:10.000Z</time></trkpt>
      <trkpt lat="35.532644" lon="128.946963"><ele>155.0</ele><time>2022-03-22T07:57:18.000Z</time></trkpt>
      <trkpt lat="35.532590" lon="128.946865"><ele>154.2</ele><time>2022-03-22T07:57:26.000Z</time></trkpt>
      <trkpt lat="35.532540" lon="128.946773"><ele>155.5</ele><time>2022-03-22T07:57:34.000Z</time></trkpt>
      <trkpt lat="35.532489" lon="128.946675"><ele>155.1</ele><time>2022-03-22T07:57:42.000Z</time></trkpt>
      <trkpt lat="35.532428" lon="128.946573"><ele>155.4</ele><time>2022-03-22T07:57:50.000Z</time></trkpt>
      <trkpt lat="35.532374" lon="128.946470"><ele>154.4</ele><time>2022-03-22T07:57:58.000Z</time></trkpt>
      <trkpt lat="35.532325" lon="128.946363"><ele>153.9</ele><time>2022-03-22T07:58:06.000Z</time></trkpt>
      <trkpt lat="35.532271" lon="128.946262"><ele>153.0</ele><time>2022-03-22T07:58:14.000Z</time></trkpt>
      <trkpt lat="35.532219" lon="128.946155"><ele>152.5</ele><time>2022-03-22T07:58:22.000Z</time></trkpt>
      <trkpt lat="35.532169" lon="128.946052"><ele>152.5</ele><time>2022-03-22T07:58:30.000Z</time></trkpt>
      <trkpt lat="35.532119" lon="128.945945"><ele>152.8</ele><time>2022-03-22T07:58:38.000Z</time></trkpt>
      <trkpt lat="35.532069" lon="128.945850"><ele>152.4</ele><time>2022-03-22T07:58:45.000Z</time></trkpt>
      <trkpt lat="35.532028" lon="128.945751"><ele>152.4</ele><time>2022-03-22T07:58:52.000Z</time></trkpt>
      <trkpt lat="35.531962" lon="128.945657"><ele>151.4</ele><time>2022-03-22T07:58:59.000Z</time></trkpt>
      <trkpt lat="35.531897" lon="128.945557"><ele>149.8</ele><time>2022-03-22T07:59:06.000Z</time></trkpt>
      <trkpt lat="35.531841" lon="128.945454"><ele>150.6</ele><time>2022-03-22T07:59:14.000Z</time></trkpt>
      <trkpt lat="35.531777" lon="128.945358"><ele>148.8</ele><time>2022-03-22T07:59:22.000Z</time></trkpt>
      <trkpt lat="35.531729" lon="128.945249"><ele>148.2</ele><time>2022-03-22T07:59:30.000Z</time></trkpt>
      <trkpt lat="35.531663" lon="128.945169"><ele>148.3</ele><time>2022-03-22T07:59:37.000Z</time></trkpt>
      <trkpt lat="35.531593" lon="128.945079"><ele>148.8</ele><time>2022-03-22T07:59:45.000Z</time></trkpt>
      <trkpt lat="35.531543" lon="128.944987"><ele>148.3</ele><time>2022-03-22T07:59:52.000Z</time></trkpt>
      <trkpt lat="35.531482" lon="128.944902"><ele>148.3</ele><time>2022-03-22T07:59:59.000Z</time></trkpt>
      <trkpt lat="35.531545" lon="128.944800"><ele>148.6</ele><time>2022-03-22T08:00:06.000Z</time></trkpt>
      <trkpt lat="35.531608" lon="128.944714"><ele>149.4</ele><time>2022-03-22T08:00:12.000Z</time></trkpt>
      <trkpt lat="35.531678" lon="128.944620"><ele>150.0</ele><time>2022-03-22T08:00:19.000Z</time></trkpt>
      <trkpt lat="35.531747" lon="128.944531"><ele>148.9</ele><time>2022-03-22T08:00:26.000Z</time></trkpt>
      <trkpt lat="35.531811" lon="128.944442"><ele>147.8</ele><time>2022-03-22T08:00:33.000Z</time></trkpt>
      <trkpt lat="35.531823" lon="128.944326"><ele>147.2</ele><time>2022-03-22T08:00:39.000Z</time></trkpt>
      <trkpt lat="35.531848" lon="128.944207"><ele>146.6</ele><time>2022-03-22T08:00:46.000Z</time></trkpt>
      <trkpt lat="35.531827" lon="128.944083"><ele>146.2</ele><time>2022-03-22T08:00:53.000Z</time></trkpt>
      <trkpt lat="35.531799" lon="128.943977"><ele>145.5</ele><time>2022-03-22T08:00:59.000Z</time></trkpt>
    </trkseg>
  </trk>
</gpx>