<?xml version="1.0" encoding="UTF-8"?>
<gpx version="1.1" creator="gajago (https://hjwpro1971.github.io/gaja)" xmlns="http://www.topografix.com/GPX/1/1" xmlns:xsi="http://www.w3.org/2001/XMLSchema-instance" xsi:schemaLocation="http://www.topografix.com/GPX/1/1 http://www.topografix.com/GPX/1/1/gpx.xsd">
  <metadata>
    <name>천성산 20240720</name>
    <time>2026-10-06T20:54:52.241Z</time>
  </metadata>
  <wpt lat="35.390716" lon="129.083163">
    <name>들머리 (주차장)</name>
    <ele>165</ele>
  </wpt>
  <wpt lat="35.397353" lon="129.087185">
    <name>홍룡폭포</name>
  </wpt>
  <wpt lat="35.396701" lon="129.085121">
    <name>갈림길</name>
  </wpt>
  <wpt lat="35.407008" lon="129.097283">
    <name>갈림길</name>
  </wpt>
  <wpt lat="35.404260" lon="129.106554">
    <name>갈림길</name>
  </wpt>
  <wpt lat="35.401570" lon="129.106280">
    <name>천성산</name>
    <ele>920</ele>
  </wpt>
  <wpt lat="35.403098" lon="129.111290">
    <name>갈림길</name>
  </wpt>
  <wpt lat="35.406500" lon="129.119120">
    <name>은수고개</name>
  </wpt>
  <wpt lat="35.409875" lon="129.122096">
    <name>갈림길</name>
  </wpt>
  <wpt lat="35.413238" lon="129.122428">
    <name>갈림길</name>
  </wpt>
  <wpt lat="35.414880" lon="129.122950">
    <name>천성산2봉(비로봉)</name>
    <ele>855</ele>
  </wpt>
  <wpt lat="35.415644" lon="129.123261">
    <name>갈림길</name>
  </wpt>
  <wpt lat="35.422091" lon="129.119497">
    <name>갈림길</name>
  </wpt>
  <wpt lat="35.427460" lon="129.120170">
    <name>집북재</name>
  </wpt>
  <wpt lat="35.428118" lon="129.116963">
    <name>갈림길</name>
  </wpt>
  <wpt lat="35.430346" lon="129.116241">
    <name>갈림길</name>
  </wpt>
  <wpt lat="35.435540" lon="129.113326">
    <name>갈림길</name>
  </wpt>
  <wpt lat="35.436911" lon="129.107138">
    <name>갈림길</name>
  </wpt>
  <wpt lat="35.440072" lon="129.104174">
    <name>갈림길</name>
  </wpt>
  <wpt lat="35.444478" lon="129.094940">
    <name>날머리 (내원사)</name>
    <ele>113</ele>
  </wpt>
  <trk>
    <name>천성산 20240720</name>
    <trkseg>
      <trkpt lat="35.390716" lon="129.083163">
        <ele>165.66666666666669</ele>
        <time>2024-07-20T00:16:17.000Z</time>
      </trkpt>
      <trkpt lat="35.390747" lon="129.083203">
        <ele>165.97967028089488</ele>
        <time>2024-07-20T00:16:23.000Z</time>
      </trkpt>
      <trkpt lat="35.390790" lon="129.083218">
        <ele>166.07521327074113</ele>
        <time>2024-07-20T00:16:23.000Z</time>
      </trkpt>
      <trkpt lat="35.390833" lon="129.083233">
        <ele>166.1858657904811</ele>
        <time>2024-07-20T00:16:32.000Z</time>
      </trkpt>
      <trkpt lat="35.390874" lon="129.083257">
        <ele>166.5189565229784</ele>
        <time>2024-07-20T00:16:33.000Z</time>
      </trkpt>
      <trkpt lat="35.390916" lon="129.083278">
        <ele>166.7430238480742</ele>
        <time>2024-07-20T00:16:36.000Z</time>
      </trkpt>
      <trkpt lat="35.390957" lon="129.083300">
        <ele>167.22010938507623</ele>
        <time>2024-07-20T00:16:41.000Z</time>
      </trkpt>
      <trkpt lat="35.390994" lon="129.083332">
        <ele>167.69595142653336</ele>
        <time>2024-07-20T00:16:43.000Z</time>
      </trkpt>
      <trkpt lat="35.391032" lon="129.083361">
        <ele>168.21824125591579</ele>
        <time>2024-07-20T00:16:51.000Z</time>
      </trkpt>
      <trkpt lat="35.391063" lon="129.083401">
        <ele>169.03441004816548</ele>
        <time>2024-07-20T00:16:56.000Z</time>
      </trkpt>
      <trkpt lat="35.391094" lon="129.083440">
        <ele>169.6843460798658</ele>
        <time>2024-07-20T00:17:00.000Z</time>
      </trkpt>
      <trkpt lat="35.391138" lon="129.083455">
        <ele>169.93766011920926</ele>
        <time>2024-07-20T00:17:03.000Z</time>
      </trkpt>
      <trkpt lat="35.391178" lon="129.083480">
        <ele>170.2344257860459</ele>
        <time>2024-07-20T00:17:06.000Z</time>
      </trkpt>
      <trkpt lat="35.391213" lon="129.083514">
        <ele>170.65259926926265</ele>
        <time>2024-07-20T00:17:09.000Z</time>
      </trkpt>
      <trkpt lat="35.391251" lon="129.083544">
        <ele>171.26151320799502</ele>
        <time>2024-07-20T00:17:13.000Z</time>
      </trkpt>
      <trkpt lat="35.391286" lon="129.083578">
        <ele>172.11873159101486</ele>
        <time>2024-07-20T00:17:16.000Z</time>
      </trkpt>
      <trkpt lat="35.391322" lon="129.083612">
        <ele>172.7959240550591</ele>
        <time>2024-07-20T00:17:20.000Z</time>
      </trkpt>
      <trkpt lat="35.391357" lon="129.083645">
        <ele>173.87882314920526</ele>
        <time>2024-07-20T00:17:27.000Z</time>
      </trkpt>
      <trkpt lat="35.391392" lon="129.083681">
        <ele>174.76518383064254</ele>
        <time>2024-07-20T00:17:32.000Z</time>
      </trkpt>
      <trkpt lat="35.391425" lon="129.083718">
        <ele>175.42311524046846</ele>
        <time>2024-07-20T00:17:39.000Z</time>
      </trkpt>
      <trkpt lat="35.391457" lon="129.083756">
        <ele>176.31510049000852</ele>
        <time>2024-07-20T00:17:44.000Z</time>
      </trkpt>
      <trkpt lat="35.391491" lon="129.083793">
        <ele>177.48261695404165</ele>
        <time>2024-07-20T00:17:46.000Z</time>
      </trkpt>
      <trkpt lat="35.391525" lon="129.083830">
        <ele>178.39566192941393</ele>
        <time>2024-07-20T00:17:56.000Z</time>
      </trkpt>
      <trkpt lat="35.391561" lon="129.083863">
        <ele>179.51122706469414</ele>
        <time>2024-07-20T00:18:02.000Z</time>
      </trkpt>
      <trkpt lat="35.391603" lon="129.083880">
        <ele>180.4002847105216</ele>
        <time>2024-07-20T00:18:09.000Z</time>
      </trkpt>
      <trkpt lat="35.391646" lon="129.083898">
        <ele>180.97697552655052</ele>
        <time>2024-07-20T00:18:16.000Z</time>
      </trkpt>
      <trkpt lat="35.391685" lon="129.083926">
        <ele>181.68411851738486</ele>
        <time>2024-07-20T00:18:18.000Z</time>
      </trkpt>
      <trkpt lat="35.391724" lon="129.083952">
        <ele>182.46177581660916</ele>
        <time>2024-07-20T00:18:26.000Z</time>
      </trkpt>
      <trkpt lat="35.391767" lon="129.083971">
        <ele>183.28753121749205</ele>
        <time>2024-07-20T00:18:31.000Z</time>
      </trkpt>
      <trkpt lat="35.391807" lon="129.083995">
        <ele>183.93194346141456</ele>
        <time>2024-07-20T00:18:38.000Z</time>
      </trkpt>
      <trkpt lat="35.391848" lon="129.084019">
        <ele>184.56882498309864</ele>
        <time>2024-07-20T00:18:42.000Z</time>
      </trkpt>
      <trkpt lat="35.391890" lon="129.084038">
        <ele>185.20937582746672</ele>
        <time>2024-07-20T00:18:46.000Z</time>
      </trkpt>
      <trkpt lat="35.391930" lon="129.084062">
        <ele>185.7001805239369</ele>
        <time>2024-07-20T00:18:49.000Z</time>
      </trkpt>
      <trkpt lat="35.391969" lon="129.084089">
        <ele>186.2291693861891</ele>
        <time>2024-07-20T00:18:56.000Z</time>
      </trkpt>
      <trkpt lat="35.392010" lon="129.084113">
        <ele>186.66268721491016</ele>
        <time>2024-07-20T00:19:00.000Z</time>
      </trkpt>
      <trkpt lat="35.392052" lon="129.084131">
        <ele>187.03128510038042</ele>
        <time>2024-07-20T00:19:07.000Z</time>
      </trkpt>
      <trkpt lat="35.392095" lon="129.084147">
        <ele>187.63612085759266</ele>
        <time>2024-07-20T00:19:12.000Z</time>
      </trkpt>
      <trkpt lat="35.392138" lon="129.084164">
        <ele>188.39711022565115</ele>
        <time>2024-07-20T00:19:15.000Z</time>
      </trkpt>
      <trkpt lat="35.392181" lon="129.084179">
        <ele>188.9743782401442</ele>
        <time>2024-07-20T00:19:24.000Z</time>
      </trkpt>
      <trkpt lat="35.392226" lon="129.084189">
        <ele>189.50563982903938</ele>
        <time>2024-07-20T00:19:29.000Z</time>
      </trkpt>
      <trkpt lat="35.392270" lon="129.084194">
        <ele>190.23003342432386</ele>
        <time>2024-07-20T00:19:32.000Z</time>
      </trkpt>
      <trkpt lat="35.392315" lon="129.084197">
        <ele>190.9981442085484</ele>
        <time>2024-07-20T00:19:39.000Z</time>
      </trkpt>
      <trkpt lat="35.392360" lon="129.084204">
        <ele>191.6754684685189</ele>
        <time>2024-07-20T00:19:47.000Z</time>
      </trkpt>
      <trkpt lat="35.392403" lon="129.084219">
        <ele>192.23509474250207</ele>
        <time>2024-07-20T00:19:59.000Z</time>
      </trkpt>
      <trkpt lat="35.392439" lon="129.084253">
        <ele>192.72601723625414</ele>
        <time>2024-07-20T00:19:59.000Z</time>
      </trkpt>
      <trkpt lat="35.392443" lon="129.084308">
        <ele>193.44646726125424</ele>
        <time>2024-07-20T00:20:08.000Z</time>
      </trkpt>
      <trkpt lat="35.392408" lon="129.084343">
        <ele>194.08158526991107</ele>
        <time>2024-07-20T00:20:14.000Z</time>
      </trkpt>
      <trkpt lat="35.392367" lon="129.084364">
        <ele>194.59357205856895</ele>
        <time>2024-07-20T00:20:15.000Z</time>
      </trkpt>
      <trkpt lat="35.392323" lon="129.084377">
        <ele>195.00548896114546</ele>
        <time>2024-07-20T00:20:18.000Z</time>
      </trkpt>
      <trkpt lat="35.392278" lon="129.084382">
        <ele>195.3388213652482</ele>
        <time>2024-07-20T00:20:24.000Z</time>
      </trkpt>
      <trkpt lat="35.392233" lon="129.084383">
        <ele>195.63324362426548</ele>
        <time>2024-07-20T00:20:32.000Z</time>
      </trkpt>
      <trkpt lat="35.392188" lon="129.084384">
        <ele>195.90523400291454</ele>
        <time>2024-07-20T00:20:32.000Z</time>
      </trkpt>
      <trkpt lat="35.392143" lon="129.084388">
        <ele>196.23220680665074</ele>
        <time>2024-07-20T00:20:32.000Z</time>
      </trkpt>
      <trkpt lat="35.392101" lon="129.084405">
        <ele>196.92969958776126</ele>
        <time>2024-07-20T00:20:42.000Z</time>
      </trkpt>
      <trkpt lat="35.392086" lon="129.084457">
        <ele>198.29657394581997</ele>
        <time>2024-07-20T00:20:52.000Z</time>
      </trkpt>
      <trkpt lat="35.392111" lon="129.084503">
        <ele>199.4218529023742</ele>
        <time>2024-07-20T00:20:59.000Z</time>
      </trkpt>
      <trkpt lat="35.392149" lon="129.084532">
        <ele>200.2763079933136</ele>
        <time>2024-07-20T00:21:05.000Z</time>
      </trkpt>
      <trkpt lat="35.392189" lon="129.084558">
        <ele>200.99600557540168</ele>
        <time>2024-07-20T00:21:09.000Z</time>
      </trkpt>
      <trkpt lat="35.392228" lon="129.084584">
        <ele>201.60653041211674</ele>
        <time>2024-07-20T00:21:12.000Z</time>
      </trkpt>
      <trkpt lat="35.392268" lon="129.084611">
        <ele>202.1522966480617</ele>
        <time>2024-07-20T00:21:22.000Z</time>
      </trkpt>
      <trkpt lat="35.392307" lon="129.084637">
        <ele>202.7108927006879</ele>
        <time>2024-07-20T00:21:23.000Z</time>
      </trkpt>
      <trkpt lat="35.392347" lon="129.084663">
        <ele>203.26808136673498</ele>
        <time>2024-07-20T00:21:32.000Z</time>
      </trkpt>
      <trkpt lat="35.392387" lon="129.084688">
        <ele>203.8652839149158</ele>
        <time>2024-07-20T00:21:32.000Z</time>
      </trkpt>
      <trkpt lat="35.392427" lon="129.084713">
        <ele>204.57621024476998</ele>
        <time>2024-07-20T00:21:40.000Z</time>
      </trkpt>
      <trkpt lat="35.392467" lon="129.084739">
        <ele>205.32934875503102</ele>
        <time>2024-07-20T00:21:43.000Z</time>
      </trkpt>
      <trkpt lat="35.392505" lon="129.084768">
        <ele>206.0565537492603</ele>
        <time>2024-07-20T00:21:50.000Z</time>
      </trkpt>
      <trkpt lat="35.392543" lon="129.084798">
        <ele>206.7997572159477</ele>
        <time>2024-07-20T00:21:55.000Z</time>
      </trkpt>
      <trkpt lat="35.392579" lon="129.084830">
        <ele>207.53970113805846</ele>
        <time>2024-07-20T00:21:58.000Z</time>
      </trkpt>
      <trkpt lat="35.392615" lon="129.084864">
        <ele>208.21335076220976</ele>
        <time>2024-07-20T00:22:06.000Z</time>
      </trkpt>
      <trkpt lat="35.392652" lon="129.084896">
        <ele>208.85770797298775</ele>
        <time>2024-07-20T00:22:13.000Z</time>
      </trkpt>
      <trkpt lat="35.392692" lon="129.084921">
        <ele>209.52875688168615</ele>
        <time>2024-07-20T00:22:19.000Z</time>
      </trkpt>
      <trkpt lat="35.392733" lon="129.084942">
        <ele>210.20936433178096</ele>
        <time>2024-07-20T00:22:26.000Z</time>
      </trkpt>
      <trkpt lat="35.392774" lon="129.084964">
        <ele>210.8826383652859</ele>
        <time>2024-07-20T00:22:27.000Z</time>
      </trkpt>
      <trkpt lat="35.392817" lon="129.084980">
        <ele>211.605855668725</ele>
        <time>2024-07-20T00:22:34.000Z</time>
      </trkpt>
      <trkpt lat="35.392862" lon="129.084986">
        <ele>212.4632100654504</ele>
        <time>2024-07-20T00:22:38.000Z</time>
      </trkpt>
      <trkpt lat="35.392907" lon="129.084986">
        <ele>213.42017441253594</ele>
        <time>2024-07-20T00:22:43.000Z</time>
      </trkpt>
      <trkpt lat="35.392952" lon="129.084988">
        <ele>214.37388809821786</ele>
        <time>2024-07-20T00:22:50.000Z</time>
      </trkpt>
      <trkpt lat="35.392997" lon="129.084994">
        <ele>215.24042232096318</ele>
        <time>2024-07-20T00:23:04.000Z</time>
      </trkpt>
      <trkpt lat="35.393041" lon="129.085003">
        <ele>216.02843982761763</ele>
        <time>2024-07-20T00:23:06.000Z</time>
      </trkpt>
      <trkpt lat="35.393086" lon="129.085011">
        <ele>216.7514163112041</ele>
        <time>2024-07-20T00:23:10.000Z</time>
      </trkpt>
      <trkpt lat="35.393130" lon="129.085021">
        <ele>217.40580051498318</ele>
        <time>2024-07-20T00:23:17.000Z</time>
      </trkpt>
      <trkpt lat="35.393174" lon="129.085034">
        <ele>218.02105410106222</ele>
        <time>2024-07-20T00:23:19.000Z</time>
      </trkpt>
      <trkpt lat="35.393217" lon="129.085049">
        <ele>218.58945287340111</ele>
        <time>2024-07-20T00:23:26.000Z</time>
      </trkpt>
      <trkpt lat="35.393260" lon="129.085064">
        <ele>219.1664629325803</ele>
        <time>2024-07-20T00:23:26.000Z</time>
      </trkpt>
      <trkpt lat="35.393304" lon="129.085078">
        <ele>219.81274525330835</ele>
        <time>2024-07-20T00:23:34.000Z</time>
      </trkpt>
      <trkpt lat="35.393347" lon="129.085091">
        <ele>220.43617334493987</ele>
        <time>2024-07-20T00:23:34.000Z</time>
      </trkpt>
      <trkpt lat="35.393392" lon="129.085101">
        <ele>220.99804154569432</ele>
        <time>2024-07-20T00:23:43.000Z</time>
      </trkpt>
      <trkpt lat="35.393436" lon="129.085111">
        <ele>221.6282562059908</ele>
        <time>2024-07-20T00:23:51.000Z</time>
      </trkpt>
      <trkpt lat="35.393480" lon="129.085120">
        <ele>222.3526862323999</ele>
        <time>2024-07-20T00:23:52.000Z</time>
      </trkpt>
      <trkpt lat="35.393524" lon="129.085130">
        <ele>222.99682964012064</ele>
        <time>2024-07-20T00:23:59.000Z</time>
      </trkpt>
      <trkpt lat="35.393568" lon="129.085143">
        <ele>223.48456628550602</ele>
        <time>2024-07-20T00:23:59.000Z</time>
      </trkpt>
      <trkpt lat="35.393611" lon="129.085160">
        <ele>223.92215955778224</ele>
        <time>2024-07-20T00:24:06.000Z</time>
      </trkpt>
      <trkpt lat="35.393651" lon="129.085184">
        <ele>224.40062275962393</ele>
        <time>2024-07-20T00:24:13.000Z</time>
      </trkpt>
      <trkpt lat="35.393689" lon="129.085214">
        <ele>224.90545989026808</ele>
        <time>2024-07-20T00:24:15.000Z</time>
      </trkpt>
      <trkpt lat="35.393724" lon="129.085249">
        <ele>225.34806068089642</ele>
        <time>2024-07-20T00:24:19.000Z</time>
      </trkpt>
      <trkpt lat="35.393758" lon="129.085285">
        <ele>225.68582530287676</ele>
        <time>2024-07-20T00:24:23.000Z</time>
      </trkpt>
      <trkpt lat="35.393794" lon="129.085318">
        <ele>225.9826709074235</ele>
        <time>2024-07-20T00:24:23.000Z</time>
      </trkpt>
      <trkpt lat="35.393831" lon="129.085350">
        <ele>226.31472577851946</ele>
        <time>2024-07-20T00:24:29.000Z</time>
      </trkpt>
      <trkpt lat="35.393869" lon="129.085379">
        <ele>226.69946693348112</ele>
        <time>2024-07-20T00:24:31.000Z</time>
      </trkpt>
      <trkpt lat="35.393908" lon="129.085407">
        <ele>227.1340668170407</ele>
        <time>2024-07-20T00:24:39.000Z</time>
      </trkpt>
      <trkpt lat="35.393948" lon="129.085430">
        <ele>227.60847390184685</ele>
        <time>2024-07-20T00:24:41.000Z</time>
      </trkpt>
      <trkpt lat="35.393990" lon="129.085452">
        <ele>228.07873486996422</ele>
        <time>2024-07-20T00:24:48.000Z</time>
      </trkpt>
      <trkpt lat="35.394032" lon="129.085472">
        <ele>228.52291979496604</ele>
        <time>2024-07-20T00:24:51.000Z</time>
      </trkpt>
      <trkpt lat="35.394073" lon="129.085493">
        <ele>228.95778854467795</ele>
        <time>2024-07-20T00:24:51.000Z</time>
      </trkpt>
      <trkpt lat="35.394116" lon="129.085512">
        <ele>229.41420067150491</ele>
        <time>2024-07-20T00:24:59.000Z</time>
      </trkpt>
      <trkpt lat="35.394158" lon="129.085529">
        <ele>229.93476507741428</ele>
        <time>2024-07-20T00:25:01.000Z</time>
      </trkpt>
      <trkpt lat="35.394202" lon="129.085544">
        <ele>230.5563716498837</ele>
        <time>2024-07-20T00:25:08.000Z</time>
      </trkpt>
      <trkpt lat="35.394244" lon="129.085561">
        <ele>231.24880931086528</ele>
        <time>2024-07-20T00:25:11.000Z</time>
      </trkpt>
      <trkpt lat="35.394286" lon="129.085583">
        <ele>231.87781334535833</ele>
        <time>2024-07-20T00:25:17.000Z</time>
      </trkpt>
      <trkpt lat="35.394325" lon="129.085609">
        <ele>232.40807861642142</ele>
        <time>2024-07-20T00:25:25.000Z</time>
      </trkpt>
      <trkpt lat="35.394364" lon="129.085636">
        <ele>232.9597431197841</ele>
        <time>2024-07-20T00:25:25.000Z</time>
      </trkpt>
      <trkpt lat="35.394404" lon="129.085662">
        <ele>233.6188334586124</ele>
        <time>2024-07-20T00:25:33.000Z</time>
      </trkpt>
      <trkpt lat="35.394444" lon="129.085688">
        <ele>234.36716899174806</ele>
        <time>2024-07-20T00:25:36.000Z</time>
      </trkpt>
      <trkpt lat="35.394483" lon="129.085714">
        <ele>235.131193081276</ele>
        <time>2024-07-20T00:25:44.000Z</time>
      </trkpt>
      <trkpt lat="35.394523" lon="129.085740">
        <ele>235.8717600806965</ele>
        <time>2024-07-20T00:25:49.000Z</time>
      </trkpt>
      <trkpt lat="35.394564" lon="129.085762">
        <ele>236.57809460028378</ele>
        <time>2024-07-20T00:25:53.000Z</time>
      </trkpt>
      <trkpt lat="35.394606" lon="129.085782">
        <ele>237.27461413875702</ele>
        <time>2024-07-20T00:25:58.000Z</time>
      </trkpt>
      <trkpt lat="35.394647" lon="129.085804">
        <ele>238.02518587146722</ele>
        <time>2024-07-20T00:26:05.000Z</time>
      </trkpt>
      <trkpt lat="35.394687" lon="129.085830">
        <ele>238.8288512774373</ele>
        <time>2024-07-20T00:26:07.000Z</time>
      </trkpt>
      <trkpt lat="35.394727" lon="129.085855">
        <ele>239.63213830800873</ele>
        <time>2024-07-20T00:26:15.000Z</time>
      </trkpt>
      <trkpt lat="35.394768" lon="129.085877">
        <ele>240.40550153993811</ele>
        <time>2024-07-20T00:26:17.000Z</time>
      </trkpt>
      <trkpt lat="35.394810" lon="129.085897">
        <ele>241.15946342997117</ele>
        <time>2024-07-20T00:26:22.000Z</time>
      </trkpt>
      <trkpt lat="35.394852" lon="129.085916">
        <ele>241.92826368195568</ele>
        <time>2024-07-20T00:26:29.000Z</time>
      </trkpt>
      <trkpt lat="35.394894" lon="129.085938">
        <ele>242.6728324219295</ele>
        <time>2024-07-20T00:26:31.000Z</time>
      </trkpt>
      <trkpt lat="35.394935" lon="129.085961">
        <ele>243.27015919214423</ele>
        <time>2024-07-20T00:26:37.000Z</time>
      </trkpt>
      <trkpt lat="35.394975" lon="129.085985">
        <ele>243.68576254818348</ele>
        <time>2024-07-20T00:26:37.000Z</time>
      </trkpt>
      <trkpt lat="35.395016" lon="129.086007">
        <ele>244.032813910761</ele>
        <time>2024-07-20T00:26:46.000Z</time>
      </trkpt>
      <trkpt lat="35.395059" lon="129.086026">
        <ele>244.4371778487588</ele>
        <time>2024-07-20T00:26:46.000Z</time>
      </trkpt>
      <trkpt lat="35.395103" lon="129.086037">
        <ele>244.93864939715607</ele>
        <time>2024-07-20T00:26:55.000Z</time>
      </trkpt>
      <trkpt lat="35.395148" lon="129.086040">
        <ele>245.4687637640387</ele>
        <time>2024-07-20T00:26:58.000Z</time>
      </trkpt>
      <trkpt lat="35.395192" lon="129.086038">
        <ele>245.94486745477874</ele>
        <time>2024-07-20T00:27:04.000Z</time>
      </trkpt>
      <trkpt lat="35.395237" lon="129.086033">
        <ele>246.38131674690075</ele>
        <time>2024-07-20T00:27:09.000Z</time>
      </trkpt>
      <trkpt lat="35.395282" lon="129.086029">
        <ele>246.82828982493322</ele>
        <time>2024-07-20T00:27:15.000Z</time>
      </trkpt>
      <trkpt lat="35.395327" lon="129.086028">
        <ele>247.31952923256222</ele>
        <time>2024-07-20T00:27:20.000Z</time>
      </trkpt>
      <trkpt lat="35.395372" lon="129.086030">
        <ele>247.9110828807882</ele>
        <time>2024-07-20T00:27:20.000Z</time>
      </trkpt>
      <trkpt lat="35.395416" lon="129.086039">
        <ele>248.69831173858626</ele>
        <time>2024-07-20T00:27:27.000Z</time>
      </trkpt>
      <trkpt lat="35.395459" lon="129.086056">
        <ele>249.75671416680743</ele>
        <time>2024-07-20T00:27:35.000Z</time>
      </trkpt>
      <trkpt lat="35.395500" lon="129.086079">
        <ele>251.07653505596636</ele>
        <time>2024-07-20T00:27:36.000Z</time>
      </trkpt>
      <trkpt lat="35.395540" lon="129.086104">
        <ele>252.5692098912571</ele>
        <time>2024-07-20T00:27:42.000Z</time>
      </trkpt>
      <trkpt lat="35.395580" lon="129.086128">
        <ele>254.03893538198736</ele>
        <time>2024-07-20T00:27:47.000Z</time>
      </trkpt>
      <trkpt lat="35.395622" lon="129.086150">
        <ele>255.25823301640307</ele>
        <time>2024-07-20T00:27:53.000Z</time>
      </trkpt>
      <trkpt lat="35.395663" lon="129.086173">
        <ele>256.1946366829845</ele>
        <time>2024-07-20T00:28:00.000Z</time>
      </trkpt>
      <trkpt lat="35.395702" lon="129.086200">
        <ele>256.9795736759385</ele>
        <time>2024-07-20T00:28:07.000Z</time>
      </trkpt>
      <trkpt lat="35.395739" lon="129.086230">
        <ele>257.7441063660014</ele>
        <time>2024-07-20T00:28:07.000Z</time>
      </trkpt>
      <trkpt lat="35.395775" lon="129.086265">
        <ele>258.5582998974706</ele>
        <time>2024-07-20T00:28:14.000Z</time>
      </trkpt>
      <trkpt lat="35.395810" lon="129.086299">
        <ele>259.42010483041014</ele>
        <time>2024-07-20T00:28:18.000Z</time>
      </trkpt>
      <trkpt lat="35.395849" lon="129.086327">
        <ele>260.2899879739017</ele>
        <time>2024-07-20T00:28:31.000Z</time>
      </trkpt>
      <trkpt lat="35.395890" lon="129.086348">
        <ele>261.0949538114479</ele>
        <time>2024-07-20T00:28:34.000Z</time>
      </trkpt>
      <trkpt lat="35.395930" lon="129.086373">
        <ele>261.8403590812</ele>
        <time>2024-07-20T00:28:42.000Z</time>
      </trkpt>
      <trkpt lat="35.395964" lon="129.086410">
        <ele>262.61935217253404</ele>
        <time>2024-07-20T00:28:57.000Z</time>
      </trkpt>
      <trkpt lat="35.395991" lon="129.086454">
        <ele>263.40599010485147</ele>
        <time>2024-07-20T00:28:58.000Z</time>
      </trkpt>
      <trkpt lat="35.396019" lon="129.086497">
        <ele>264.12368907216035</ele>
        <time>2024-07-20T00:29:02.000Z</time>
      </trkpt>
      <trkpt lat="35.396052" lon="129.086535">
        <ele>264.798094746262</ele>
        <time>2024-07-20T00:29:09.000Z</time>
      </trkpt>
      <trkpt lat="35.396090" lon="129.086563">
        <ele>265.47908847399884</ele>
        <time>2024-07-20T00:29:16.000Z</time>
      </trkpt>
      <trkpt lat="35.396132" lon="129.086582">
        <ele>266.1268871298791</ele>
        <time>2024-07-20T00:29:19.000Z</time>
      </trkpt>
      <trkpt lat="35.396177" lon="129.086590">
        <ele>266.70451958905124</ele>
        <time>2024-07-20T00:29:28.000Z</time>
      </trkpt>
      <trkpt lat="35.396222" lon="129.086588">
        <ele>267.25921757314296</ele>
        <time>2024-07-20T00:29:31.000Z</time>
      </trkpt>
      <trkpt lat="35.396266" lon="129.086579">
        <ele>267.84894618926694</ele>
        <time>2024-07-20T00:29:31.000Z</time>
      </trkpt>
      <trkpt lat="35.396310" lon="129.086568">
        <ele>268.47191567713367</ele>
        <time>2024-07-20T00:29:39.000Z</time>
      </trkpt>
      <trkpt lat="35.396355" lon="129.086559">
        <ele>269.06544447489387</ele>
        <time>2024-07-20T00:29:45.000Z</time>
      </trkpt>
      <trkpt lat="35.396399" lon="129.086554">
        <ele>269.58987171931324</ele>
        <time>2024-07-20T00:29:53.000Z</time>
      </trkpt>
      <trkpt lat="35.396444" lon="129.086555">
        <ele>270.0616810785615</ele>
        <time>2024-07-20T00:29:54.000Z</time>
      </trkpt>
      <trkpt lat="35.396488" lon="129.086566">
        <ele>270.50600502559604</ele>
        <time>2024-07-20T00:29:59.000Z</time>
      </trkpt>
      <trkpt lat="35.396529" lon="129.086590">
        <ele>270.931072505796</ele>
        <time>2024-07-20T00:30:08.000Z</time>
      </trkpt>
      <trkpt lat="35.396563" lon="129.086626">
        <ele>271.28786706787326</ele>
        <time>2024-07-20T00:30:10.000Z</time>
      </trkpt>
      <trkpt lat="35.396591" lon="129.086669">
        <ele>271.511850632567</ele>
        <time>2024-07-20T00:30:13.000Z</time>
      </trkpt>
      <trkpt lat="35.396616" lon="129.086715">
        <ele>271.6307434796031</ele>
        <time>2024-07-20T00:30:18.000Z</time>
      </trkpt>
      <trkpt lat="35.396641" lon="129.086761">
        <ele>271.752893404699</ele>
        <time>2024-07-20T00:30:21.000Z</time>
      </trkpt>
      <trkpt lat="35.396670" lon="129.086803">
        <ele>272.05407825655624</ele>
        <time>2024-07-20T00:30:30.000Z</time>
      </trkpt>
      <trkpt lat="35.396704" lon="129.086839">
        <ele>272.84191506617594</ele>
        <time>2024-07-20T00:30:30.000Z</time>
      </trkpt>
      <trkpt lat="35.396746" lon="129.086859">
        <ele>274.20782818203566</ele>
        <time>2024-07-20T00:30:45.000Z</time>
      </trkpt>
      <trkpt lat="35.396790" lon="129.086868">
        <ele>275.5924319990816</ele>
        <time>2024-07-20T00:31:01.000Z</time>
      </trkpt>
      <trkpt lat="35.396832" lon="129.086888">
        <ele>276.70294941901005</ele>
        <time>2024-07-20T00:31:13.000Z</time>
      </trkpt>
      <trkpt lat="35.396864" lon="129.086927">
        <ele>277.7364358786402</ele>
        <time>2024-07-20T00:31:28.000Z</time>
      </trkpt>
      <trkpt lat="35.396893" lon="129.086969">
        <ele>278.98378640285995</ele>
        <time>2024-07-20T00:31:39.000Z</time>
      </trkpt>
      <trkpt lat="35.396927" lon="129.087006">
        <ele>280.51307739381446</ele>
        <time>2024-07-20T00:31:50.000Z</time>
      </trkpt>
      <trkpt lat="35.396964" lon="129.087036">
        <ele>282.0566360769867</ele>
        <time>2024-07-20T00:31:55.000Z</time>
      </trkpt>
      <trkpt lat="35.397003" lon="129.087065">
        <ele>283.33340745150923</ele>
        <time>2024-07-20T00:31:59.000Z</time>
      </trkpt>
      <trkpt lat="35.397037" lon="129.087101">
        <ele>284.3225728929923</ele>
        <time>2024-07-20T00:32:04.000Z</time>
      </trkpt>
      <trkpt lat="35.397064" lon="129.087145">
        <ele>285.2905150750846</ele>
        <time>2024-07-20T00:32:08.000Z</time>
      </trkpt>
      <trkpt lat="35.397085" lon="129.087193">
        <ele>286.51737165339796</ele>
        <time>2024-07-20T00:32:20.000Z</time>
      </trkpt>
      <trkpt lat="35.397106" lon="129.087242">
        <ele>287.9457822781435</ele>
        <time>2024-07-20T00:32:24.000Z</time>
      </trkpt>
      <trkpt lat="35.397133" lon="129.087286">
        <ele>289.2636362247568</ele>
        <time>2024-07-20T00:32:31.000Z</time>
      </trkpt>
      <trkpt lat="35.397137" lon="129.087291">
        <ele>289.40086498117205</ele>
        <time>2024-07-20T00:32:38.000Z</time>
      </trkpt>
      <trkpt lat="35.397103" lon="129.087267">
        <ele>290.96543933272596</ele>
        <time>2024-07-20T00:32:38.000Z</time>
      </trkpt>
      <trkpt lat="35.397064" lon="129.087239">
        <ele>292.03229415545724</ele>
        <time>2024-07-20T00:35:03.000Z</time>
      </trkpt>
      <trkpt lat="35.397024" lon="129.087212">
        <ele>291.9566513447426</ele>
        <time>2024-07-20T00:35:22.000Z</time>
      </trkpt>
      <trkpt lat="35.396986" lon="129.087185">
        <ele>291.04766005973374</ele>
        <time>2024-07-20T00:35:31.000Z</time>
      </trkpt>
      <trkpt lat="35.396949" lon="129.087153">
        <ele>289.73407538057796</ele>
        <time>2024-07-20T00:35:37.000Z</time>
      </trkpt>
      <trkpt lat="35.396913" lon="129.087119">
        <ele>288.23911342201205</ele>
        <time>2024-07-20T00:35:41.000Z</time>
      </trkpt>
      <trkpt lat="35.396877" lon="129.087086">
        <ele>286.56181278443796</ele>
        <time>2024-07-20T00:35:50.000Z</time>
      </trkpt>
      <trkpt lat="35.396840" lon="129.087055">
        <ele>284.737419084617</ele>
        <time>2024-07-20T00:35:58.000Z</time>
      </trkpt>
      <trkpt lat="35.396803" lon="129.087024">
        <ele>282.95984982902235</ele>
        <time>2024-07-20T00:36:02.000Z</time>
      </trkpt>
      <trkpt lat="35.396767" lon="129.086991">
        <ele>281.3318458710187</ele>
        <time>2024-07-20T00:36:06.000Z</time>
      </trkpt>
      <trkpt lat="35.396739" lon="129.086948">
        <ele>279.80501834117126</ele>
        <time>2024-07-20T00:36:11.000Z</time>
      </trkpt>
      <trkpt lat="35.396731" lon="129.086893">
        <ele>278.59641683653933</ele>
        <time>2024-07-20T00:36:18.000Z</time>
      </trkpt>
      <trkpt lat="35.396740" lon="129.086840">
        <ele>277.86717384584165</ele>
        <time>2024-07-20T00:36:22.000Z</time>
      </trkpt>
      <trkpt lat="35.396754" lon="129.086787">
        <ele>277.3590549733984</ele>
        <time>2024-07-20T00:36:24.000Z</time>
      </trkpt>
      <trkpt lat="35.396768" lon="129.086735">
        <ele>276.92136552370164</ele>
        <time>2024-07-20T00:36:28.000Z</time>
      </trkpt>
      <trkpt lat="35.396781" lon="129.086682">
        <ele>276.5569379294235</ele>
        <time>2024-07-20T00:36:31.000Z</time>
      </trkpt>
      <trkpt lat="35.396793" lon="129.086629">
        <ele>276.30177942828345</ele>
        <time>2024-07-20T00:36:35.000Z</time>
      </trkpt>
      <trkpt lat="35.396805" lon="129.086575">
        <ele>276.1580524211411</ele>
        <time>2024-07-20T00:36:38.000Z</time>
      </trkpt>
      <trkpt lat="35.396814" lon="129.086521">
        <ele>276.0918050452021</ele>
        <time>2024-07-20T00:36:38.000Z</time>
      </trkpt>
      <trkpt lat="35.396821" lon="129.086467">
        <ele>276.0655261663508</ele>
        <time>2024-07-20T00:36:48.000Z</time>
      </trkpt>
      <trkpt lat="35.396824" lon="129.086412">
        <ele>276.05886609169335</ele>
        <time>2024-07-20T00:36:48.000Z</time>
      </trkpt>
      <trkpt lat="35.396823" lon="129.086357">
        <ele>276.0632486724026</ele>
        <time>2024-07-20T00:36:48.000Z</time>
      </trkpt>
      <trkpt lat="35.396820" lon="129.086302">
        <ele>276.07198194959074</ele>
        <time>2024-07-20T00:36:59.000Z</time>
      </trkpt>
      <trkpt lat="35.396816" lon="129.086247">
        <ele>276.0794034472161</ele>
        <time>2024-07-20T00:36:59.000Z</time>
      </trkpt>
      <trkpt lat="35.396810" lon="129.086192">
        <ele>276.08011845175065</ele>
        <time>2024-07-20T00:37:06.000Z</time>
      </trkpt>
      <trkpt lat="35.396800" lon="129.086138">
        <ele>276.06687535211785</ele>
        <time>2024-07-20T00:37:11.000Z</time>
      </trkpt>
      <trkpt lat="35.396787" lon="129.086085">
        <ele>276.034339936395</ele>
        <time>2024-07-20T00:37:15.000Z</time>
      </trkpt>
      <trkpt lat="35.396772" lon="129.086033">
        <ele>275.98259908335905</ele>
        <time>2024-07-20T00:37:25.000Z</time>
      </trkpt>
      <trkpt lat="35.396758" lon="129.085981">
        <ele>275.9188009844871</ele>
        <time>2024-07-20T00:37:40.000Z</time>
      </trkpt>
      <trkpt lat="35.396742" lon="129.085929">
        <ele>275.8746623796876</ele>
        <time>2024-07-20T00:37:41.000Z</time>
      </trkpt>
      <trkpt lat="35.396723" lon="129.085879">
        <ele>275.92960228875955</ele>
        <time>2024-07-20T00:37:48.000Z</time>
      </trkpt>
      <trkpt lat="35.396701" lon="129.085831">
        <ele>276.2104895972538</ele>
        <time>2024-07-20T00:38:13.000Z</time>
      </trkpt>
      <trkpt lat="35.396680" lon="129.085782">
        <ele>276.85903745965595</ele>
        <time>2024-07-20T00:38:31.000Z</time>
      </trkpt>
      <trkpt lat="35.396664" lon="129.085731">
        <ele>277.9267535934221</ele>
        <time>2024-07-20T00:38:34.000Z</time>
      </trkpt>
      <trkpt lat="35.396650" lon="129.085679">
        <ele>279.3022994177241</ele>
        <time>2024-07-20T00:38:38.000Z</time>
      </trkpt>
      <trkpt lat="35.396635" lon="129.085627">
        <ele>280.79438941298827</ele>
        <time>2024-07-20T00:38:45.000Z</time>
      </trkpt>
      <trkpt lat="35.396618" lon="129.085575">
        <ele>282.2320534520053</ele>
        <time>2024-07-20T00:38:51.000Z</time>
      </trkpt>
      <trkpt lat="35.396603" lon="129.085523">
        <ele>283.58018658179583</ele>
        <time>2024-07-20T00:38:56.000Z</time>
      </trkpt>
      <trkpt lat="35.396594" lon="129.085469">
        <ele>284.9709477602513</ele>
        <time>2024-07-20T00:39:03.000Z</time>
      </trkpt>
      <trkpt lat="35.396590" lon="129.085415">
        <ele>286.46630403828794</ele>
        <time>2024-07-20T00:39:15.000Z</time>
      </trkpt>
      <trkpt lat="35.396591" lon="129.085359">
        <ele>287.8497743788885</ele>
        <time>2024-07-20T00:39:23.000Z</time>
      </trkpt>
      <trkpt lat="35.396599" lon="129.085305">
        <ele>288.8811693183467</ele>
        <time>2024-07-20T00:39:32.000Z</time>
      </trkpt>
      <trkpt lat="35.396612" lon="129.085253">
        <ele>289.6817039303031</ele>
        <time>2024-07-20T00:39:38.000Z</time>
      </trkpt>
      <trkpt lat="35.396628" lon="129.085201">
        <ele>290.6442156798022</ele>
        <time>2024-07-20T00:39:43.000Z</time>
      </trkpt>
      <trkpt lat="35.396646" lon="129.085151">
        <ele>291.9851253074741</ele>
        <time>2024-07-20T00:39:54.000Z</time>
      </trkpt>
      <trkpt lat="35.396674" lon="129.085107">
        <ele>293.5561589006349</ele>
        <time>2024-07-20T00:40:00.000Z</time>
      </trkpt>
      <trkpt lat="35.396706" lon="129.085087">
        <ele>294.68689789791335</ele>
        <time>2024-07-20T00:40:15.000Z</time>
      </trkpt>
      <trkpt lat="35.396715" lon="129.085089">
        <ele>294.8612230568387</ele>
        <time>2024-07-20T00:40:15.000Z</time>
      </trkpt>
      <trkpt lat="35.396759" lon="129.085100">
        <ele>295.7124331731762</ele>
        <time>2024-07-20T00:40:15.000Z</time>
      </trkpt>
      <trkpt lat="35.396802" lon="129.085118">
        <ele>296.6899217553219</ele>
        <time>2024-07-20T00:40:27.000Z</time>
      </trkpt>
      <trkpt lat="35.396843" lon="129.085140">
        <ele>297.88384815898075</ele>
        <time>2024-07-20T00:40:31.000Z</time>
      </trkpt>
      <trkpt lat="35.396883" lon="129.085166">
        <ele>298.96220692242173</ele>
        <time>2024-07-20T00:40:33.000Z</time>
      </trkpt>
      <trkpt lat="35.396921" lon="129.085196">
        <ele>299.66201989783036</ele>
        <time>2024-07-20T00:40:38.000Z</time>
      </trkpt>
      <trkpt lat="35.396958" lon="129.085226">
        <ele>300.0497779935205</ele>
        <time>2024-07-20T00:40:49.000Z</time>
      </trkpt>
      <trkpt lat="35.396997" lon="129.085254">
        <ele>300.26631913184656</ele>
        <time>2024-07-20T00:40:54.000Z</time>
      </trkpt>
      <trkpt lat="35.397037" lon="129.085279">
        <ele>300.3242122446393</ele>
        <time>2024-07-20T00:41:00.000Z</time>
      </trkpt>
      <trkpt lat="35.397078" lon="129.085300">
        <ele>300.2301120572125</ele>
        <time>2024-07-20T00:41:00.000Z</time>
      </trkpt>
      <trkpt lat="35.397120" lon="129.085320">
        <ele>300.11224132504736</ele>
        <time>2024-07-20T00:41:07.000Z</time>
      </trkpt>
      <trkpt lat="35.397162" lon="129.085342">
        <ele>300.19103106912735</ele>
        <time>2024-07-20T00:41:15.000Z</time>
      </trkpt>
      <trkpt lat="35.397202" lon="129.085366">
        <ele>300.6521425834071</ele>
        <time>2024-07-20T00:41:24.000Z</time>
      </trkpt>
      <trkpt lat="35.397242" lon="129.085391">
        <ele>301.48668028439573</ele>
        <time>2024-07-20T00:41:27.000Z</time>
      </trkpt>
      <trkpt lat="35.397282" lon="129.085416">
        <ele>302.45269810958297</ele>
        <time>2024-07-20T00:41:33.000Z</time>
      </trkpt>
      <trkpt lat="35.397323" lon="129.085439">
        <ele>303.316049017728</ele>
        <time>2024-07-20T00:41:38.000Z</time>
      </trkpt>
      <trkpt lat="35.397365" lon="129.085458">
        <ele>304.07932690372803</ele>
        <time>2024-07-20T00:41:46.000Z</time>
      </trkpt>
      <trkpt lat="35.397408" lon="129.085474">
        <ele>304.86689703711335</ele>
        <time>2024-07-20T00:41:51.000Z</time>
      </trkpt>
      <trkpt lat="35.397451" lon="129.085493">
        <ele>305.7056442135477</ele>
        <time>2024-07-20T00:41:59.000Z</time>
      </trkpt>
      <trkpt lat="35.397489" lon="129.085521">
        <ele>306.46846757722136</ele>
        <time>2024-07-20T00:42:04.000Z</time>
      </trkpt>
      <trkpt lat="35.397524" lon="129.085557">
        <ele>307.0356673048447</ele>
        <time>2024-07-20T00:42:06.000Z</time>
      </trkpt>
      <trkpt lat="35.397557" lon="129.085594">
        <ele>307.4542226660146</ele>
        <time>2024-07-20T00:42:10.000Z</time>
      </trkpt>
      <trkpt lat="35.397592" lon="129.085628">
        <ele>307.8411978445992</ele>
        <time>2024-07-20T00:42:15.000Z</time>
      </trkpt>
      <trkpt lat="35.397629" lon="129.085659">
        <ele>308.2608616363486</ele>
        <time>2024-07-20T00:42:21.000Z</time>
      </trkpt>
      <trkpt lat="35.397667" lon="129.085690">
        <ele>308.73267141094334</ele>
        <time>2024-07-20T00:42:22.000Z</time>
      </trkpt>
      <trkpt lat="35.397703" lon="129.085722">
        <ele>309.2863495361265</ele>
        <time>2024-07-20T00:42:28.000Z</time>
      </trkpt>
      <trkpt lat="35.397736" lon="129.085760">
        <ele>309.94417998971477</ele>
        <time>2024-07-20T00:42:37.000Z</time>
      </trkpt>
      <trkpt lat="35.397765" lon="129.085802">
        <ele>310.69534637522185</ele>
        <time>2024-07-20T00:42:42.000Z</time>
      </trkpt>
      <trkpt lat="35.397794" lon="129.085845">
        <ele>311.5346924065109</ele>
        <time>2024-07-20T00:42:45.000Z</time>
      </trkpt>
      <trkpt lat="35.397826" lon="129.085884">
        <ele>312.472740203464</ele>
        <time>2024-07-20T00:42:51.000Z</time>
      </trkpt>
      <trkpt lat="35.397861" lon="129.085917">
        <ele>313.5045012386454</ele>
        <time>2024-07-20T00:43:00.000Z</time>
      </trkpt>
      <trkpt lat="35.397899" lon="129.085947">
        <ele>314.5869647794116</ele>
        <time>2024-07-20T00:43:05.000Z</time>
      </trkpt>
      <trkpt lat="35.397936" lon="129.085978">
        <ele>315.6244401738501</ele>
        <time>2024-07-20T00:43:07.000Z</time>
      </trkpt>
      <trkpt lat="35.397971" lon="129.086013">
        <ele>316.49455424140615</ele>
        <time>2024-07-20T00:43:11.000Z</time>
      </trkpt>
      <trkpt lat="35.398003" lon="129.086052">
        <ele>317.15754610000556</ele>
        <time>2024-07-20T00:43:20.000Z</time>
      </trkpt>
      <trkpt lat="35.398033" lon="129.086093">
        <ele>317.6974241317887</ele>
        <time>2024-07-20T00:43:21.000Z</time>
      </trkpt>
      <trkpt lat="35.398063" lon="129.086134">
        <ele>318.23610347914337</ele>
        <time>2024-07-20T00:43:28.000Z</time>
      </trkpt>
      <trkpt lat="35.398093" lon="129.086175">
        <ele>318.87403290715264</ele>
        <time>2024-07-20T00:43:34.000Z</time>
      </trkpt>
      <trkpt lat="35.398123" lon="129.086216">
        <ele>319.6590538795938</ele>
        <time>2024-07-20T00:43:34.000Z</time>
      </trkpt>
      <trkpt lat="35.398151" lon="129.086259">
        <ele>320.55683815688246</ele>
        <time>2024-07-20T00:43:40.000Z</time>
      </trkpt>
      <trkpt lat="35.398177" lon="129.086304">
        <ele>321.49608781053934</ele>
        <time>2024-07-20T00:43:47.000Z</time>
      </trkpt>
      <trkpt lat="35.398199" lon="129.086352">
        <ele>322.433151306523</ele>
        <time>2024-07-20T00:43:50.000Z</time>
      </trkpt>
      <trkpt lat="35.398219" lon="129.086402">
        <ele>323.336796208505</ele>
        <time>2024-07-20T00:43:54.000Z</time>
      </trkpt>
      <trkpt lat="35.398236" lon="129.086453">
        <ele>324.1569122365797</ele>
        <time>2024-07-20T00:43:57.000Z</time>
      </trkpt>
      <trkpt lat="35.398251" lon="129.086505">
        <ele>324.84122722007794</ele>
        <time>2024-07-20T00:44:04.000Z</time>
      </trkpt>
      <trkpt lat="35.398263" lon="129.086558">
        <ele>325.36406173980606</ele>
        <time>2024-07-20T00:44:10.000Z</time>
      </trkpt>
      <trkpt lat="35.398271" lon="129.086612">
        <ele>325.73197484271884</ele>
        <time>2024-07-20T00:44:12.000Z</time>
      </trkpt>
      <trkpt lat="35.398277" lon="129.086667">
        <ele>325.972881940577</ele>
        <time>2024-07-20T00:44:18.000Z</time>
      </trkpt>
      <trkpt lat="35.398280" lon="129.086722">
        <ele>326.1318777063344</ele>
        <time>2024-07-20T00:44:21.000Z</time>
      </trkpt>
      <trkpt lat="35.398283" lon="129.086777">
        <ele>326.2641071512609</ele>
        <time>2024-07-20T00:44:28.000Z</time>
      </trkpt>
      <trkpt lat="35.398287" lon="129.086832">
        <ele>326.4157812735139</ele>
        <time>2024-07-20T00:44:30.000Z</time>
      </trkpt>
      <trkpt lat="35.398290" lon="129.086887">
        <ele>326.6160058138739</ele>
        <time>2024-07-20T00:44:35.000Z</time>
      </trkpt>
      <trkpt lat="35.398292" lon="129.086942">
        <ele>326.88267054703596</ele>
        <time>2024-07-20T00:44:42.000Z</time>
      </trkpt>
      <trkpt lat="35.398292" lon="129.086997">
        <ele>327.23716271819944</ele>
        <time>2024-07-20T00:44:45.000Z</time>
      </trkpt>
      <trkpt lat="35.398288" lon="129.087052">
        <ele>327.7489975123071</ele>
        <time>2024-07-20T00:44:52.000Z</time>
      </trkpt>
      <trkpt lat="35.398281" lon="129.087107">
        <ele>328.5743012025139</ele>
        <time>2024-07-20T00:44:52.000Z</time>
      </trkpt>
      <trkpt lat="35.398266" lon="129.087158">
        <ele>329.85006399044175</ele>
        <time>2024-07-20T00:44:57.000Z</time>
      </trkpt>
      <trkpt lat="35.398236" lon="129.087200">
        <ele>331.386245782323</ele>
        <time>2024-07-20T00:45:06.000Z</time>
      </trkpt>
      <trkpt lat="35.398198" lon="129.087229">
        <ele>332.80074596520956</ele>
        <time>2024-07-20T00:45:17.000Z</time>
      </trkpt>
      <trkpt lat="35.398159" lon="129.087256">
        <ele>334.1438635778274</ele>
        <time>2024-07-20T00:45:25.000Z</time>
      </trkpt>
      <trkpt lat="35.398124" lon="129.087291">
        <ele>335.64269614316567</ele>
        <time>2024-07-20T00:45:26.000Z</time>
      </trkpt>
      <trkpt lat="35.398101" lon="129.087338">
        <ele>337.32074926023654</ele>
        <time>2024-07-20T00:45:41.000Z</time>
      </trkpt>
      <trkpt lat="35.398094" lon="129.087393">
        <ele>339.05506849559447</ele>
        <time>2024-07-20T00:45:47.000Z</time>
      </trkpt>
      <trkpt lat="35.398101" lon="129.087447">
        <ele>340.75157319157654</ele>
        <time>2024-07-20T00:45:59.000Z</time>
      </trkpt>
      <trkpt lat="35.398117" lon="129.087499">
        <ele>342.438684306058</ele>
        <time>2024-07-20T00:46:14.000Z</time>
      </trkpt>
      <trkpt lat="35.398135" lon="129.087549">
        <ele>344.1416099684298</ele>
        <time>2024-07-20T00:46:18.000Z</time>
      </trkpt>
      <trkpt lat="35.398155" lon="129.087599">
        <ele>345.76853454168486</ele>
        <time>2024-07-20T00:46:27.000Z</time>
      </trkpt>
      <trkpt lat="35.398177" lon="129.087647">
        <ele>347.21180486049434</ele>
        <time>2024-07-20T00:46:37.000Z</time>
      </trkpt>
      <trkpt lat="35.398203" lon="129.087692">
        <ele>348.4387270609893</ele>
        <time>2024-07-20T00:46:46.000Z</time>
      </trkpt>
      <trkpt lat="35.398230" lon="129.087736">
        <ele>349.4733306713601</ele>
        <time>2024-07-20T00:46:54.000Z</time>
      </trkpt>
      <trkpt lat="35.398258" lon="129.087779">
        <ele>350.3595411604681</ele>
        <time>2024-07-20T00:46:58.000Z</time>
      </trkpt>
      <trkpt lat="35.398288" lon="129.087821">
        <ele>351.1566203572172</ele>
        <time>2024-07-20T00:47:03.000Z</time>
      </trkpt>
      <trkpt lat="35.398316" lon="129.087863">
        <ele>351.92257834937175</ele>
        <time>2024-07-20T00:47:09.000Z</time>
      </trkpt>
      <trkpt lat="35.398343" lon="129.087908">
        <ele>352.6894742196205</ele>
        <time>2024-07-20T00:47:12.000Z</time>
      </trkpt>
      <trkpt lat="35.398365" lon="129.087955">
        <ele>353.47365650767</ele>
        <time>2024-07-20T00:47:21.000Z</time>
      </trkpt>
      <trkpt lat="35.398384" lon="129.088005">
        <ele>354.29745195984015</ele>
        <time>2024-07-20T00:47:25.000Z</time>
      </trkpt>
      <trkpt lat="35.398401" lon="129.088056">
        <ele>355.1784482764976</ele>
        <time>2024-07-20T00:47:30.000Z</time>
      </trkpt>
      <trkpt lat="35.398420" lon="129.088107">
        <ele>356.09570730059363</ele>
        <time>2024-07-20T00:47:45.000Z</time>
      </trkpt>
      <trkpt lat="35.398441" lon="129.088155">
        <ele>356.977564998302</ele>
        <time>2024-07-20T00:47:54.000Z</time>
      </trkpt>
      <trkpt lat="35.398465" lon="129.088202">
        <ele>357.76981815233904</ele>
        <time>2024-07-20T00:47:56.000Z</time>
      </trkpt>
      <trkpt lat="35.398493" lon="129.088245">
        <ele>358.5148634578817</ele>
        <time>2024-07-20T00:48:07.000Z</time>
      </trkpt>
      <trkpt lat="35.398524" lon="129.088286">
        <ele>359.3140300112408</ele>
        <time>2024-07-20T00:48:17.000Z</time>
      </trkpt>
      <trkpt lat="35.398557" lon="129.088323">
        <ele>360.2235402412521</ele>
        <time>2024-07-20T00:48:26.000Z</time>
      </trkpt>
      <trkpt lat="35.398591" lon="129.088359">
        <ele>361.2165597696545</ele>
        <time>2024-07-20T00:48:30.000Z</time>
      </trkpt>
      <trkpt lat="35.398626" lon="129.088393">
        <ele>362.2332005018724</ele>
        <time>2024-07-20T00:48:38.000Z</time>
      </trkpt>
      <trkpt lat="35.398663" lon="129.088424">
        <ele>363.2528863472723</ele>
        <time>2024-07-20T00:48:43.000Z</time>
      </trkpt>
      <trkpt lat="35.398700" lon="129.088455">
        <ele>364.32416873576864</ele>
        <time>2024-07-20T00:48:49.000Z</time>
      </trkpt>
      <trkpt lat="35.398736" lon="129.088488">
        <ele>365.51343630376533</ele>
        <time>2024-07-20T00:48:55.000Z</time>
      </trkpt>
      <trkpt lat="35.398770" lon="129.088525">
        <ele>366.8268057263379</ele>
        <time>2024-07-20T00:49:05.000Z</time>
      </trkpt>
      <trkpt lat="35.398799" lon="129.088567">
        <ele>368.2118371488392</ele>
        <time>2024-07-20T00:49:12.000Z</time>
      </trkpt>
      <trkpt lat="35.398819" lon="129.088617">
        <ele>369.60869972151824</ele>
        <time>2024-07-20T00:49:19.000Z</time>
      </trkpt>
      <trkpt lat="35.398833" lon="129.088669">
        <ele>371.0078776090492</ele>
        <time>2024-07-20T00:49:25.000Z</time>
      </trkpt>
      <trkpt lat="35.398844" lon="129.088723">
        <ele>372.47331091168843</ele>
        <time>2024-07-20T00:49:34.000Z</time>
      </trkpt>
      <trkpt lat="35.398854" lon="129.088776">
        <ele>374.1408391009273</ele>
        <time>2024-07-20T00:49:47.000Z</time>
      </trkpt>
      <trkpt lat="35.398864" lon="129.088830">
        <ele>376.15891007725065</ele>
        <time>2024-07-20T00:49:54.000Z</time>
      </trkpt>
      <trkpt lat="35.398875" lon="129.088884">
        <ele>378.4829058368547</ele>
        <time>2024-07-20T00:50:07.000Z</time>
      </trkpt>
      <trkpt lat="35.398885" lon="129.088937">
        <ele>380.8094844814209</ele>
        <time>2024-07-20T00:50:09.000Z</time>
      </trkpt>
      <trkpt lat="35.398892" lon="129.088992">
        <ele>382.8326568462418</ele>
        <time>2024-07-20T00:50:36.000Z</time>
      </trkpt>
      <trkpt lat="35.398902" lon="129.089046">
        <ele>384.50185794592545</ele>
        <time>2024-07-20T00:50:40.000Z</time>
      </trkpt>
      <trkpt lat="35.398919" lon="129.089096">
        <ele>385.9304979642585</ele>
        <time>2024-07-20T00:50:49.000Z</time>
      </trkpt>
      <trkpt lat="35.398947" lon="129.089140">
        <ele>387.2100002482602</ele>
        <time>2024-07-20T00:51:00.000Z</time>
      </trkpt>
      <trkpt lat="35.398980" lon="129.089177">
        <ele>388.46113514394926</ele>
        <time>2024-07-20T00:51:03.000Z</time>
      </trkpt>
      <trkpt lat="35.399016" lon="129.089211">
        <ele>389.7905845626066</ele>
        <time>2024-07-20T00:51:08.000Z</time>
      </trkpt>
      <trkpt lat="35.399053" lon="129.089242">
        <ele>391.2097829321813</ele>
        <time>2024-07-20T00:51:19.000Z</time>
      </trkpt>
      <trkpt lat="35.399091" lon="129.089271">
        <ele>392.68021602728516</ele>
        <time>2024-07-20T00:51:24.000Z</time>
      </trkpt>
      <trkpt lat="35.399132" lon="129.089294">
        <ele>394.15958156671576</ele>
        <time>2024-07-20T00:51:40.000Z</time>
      </trkpt>
      <trkpt lat="35.399175" lon="129.089312">
        <ele>395.57988945298297</ele>
        <time>2024-07-20T00:51:49.000Z</time>
      </trkpt>
      <trkpt lat="35.399216" lon="129.089332">
        <ele>396.9185450417663</ele>
        <time>2024-07-20T00:52:06.000Z</time>
      </trkpt>
      <trkpt lat="35.399253" lon="129.089364">
        <ele>398.22983731666903</ele>
        <time>2024-07-20T00:52:15.000Z</time>
      </trkpt>
      <trkpt lat="35.399282" lon="129.089407">
        <ele>399.5742737993212</ele>
        <time>2024-07-20T00:52:29.000Z</time>
      </trkpt>
      <trkpt lat="35.399307" lon="129.089452">
        <ele>401.0501537719317</ele>
        <time>2024-07-20T00:52:41.000Z</time>
      </trkpt>
      <trkpt lat="35.399335" lon="129.089495">
        <ele>402.7796441823013</ele>
        <time>2024-07-20T00:52:43.000Z</time>
      </trkpt>
      <trkpt lat="35.399371" lon="129.089529">
        <ele>404.73950469876763</ele>
        <time>2024-07-20T00:52:56.000Z</time>
      </trkpt>
      <trkpt lat="35.399411" lon="129.089554">
        <ele>406.74880436588217</ele>
        <time>2024-07-20T00:53:11.000Z</time>
      </trkpt>
      <trkpt lat="35.399452" lon="129.089577">
        <ele>408.7662995378684</ele>
        <time>2024-07-20T00:53:16.000Z</time>
      </trkpt>
      <trkpt lat="35.399493" lon="129.089599">
        <ele>411.00426371581386</ele>
        <time>2024-07-20T00:53:29.000Z</time>
      </trkpt>
      <trkpt lat="35.399535" lon="129.089618">
        <ele>413.6269073027446</ele>
        <time>2024-07-20T00:53:42.000Z</time>
      </trkpt>
      <trkpt lat="35.399577" lon="129.089637">
        <ele>416.401083458446</ele>
        <time>2024-07-20T00:53:54.000Z</time>
      </trkpt>
      <trkpt lat="35.399619" lon="129.089658">
        <ele>418.91775073374606</ele>
        <time>2024-07-20T00:54:20.000Z</time>
      </trkpt>
      <trkpt lat="35.399658" lon="129.089686">
        <ele>421.0485426652986</ele>
        <time>2024-07-20T00:54:26.000Z</time>
      </trkpt>
      <trkpt lat="35.399695" lon="129.089716">
        <ele>423.01982873204855</ele>
        <time>2024-07-20T00:54:37.000Z</time>
      </trkpt>
      <trkpt lat="35.399733" lon="129.089745">
        <ele>425.06933390627967</ele>
        <time>2024-07-20T00:54:43.000Z</time>
      </trkpt>
      <trkpt lat="35.399773" lon="129.089772">
        <ele>427.2302587451549</ele>
        <time>2024-07-20T00:55:09.000Z</time>
      </trkpt>
      <trkpt lat="35.399813" lon="129.089796">
        <ele>429.4738009087269</ele>
        <time>2024-07-20T00:55:33.000Z</time>
      </trkpt>
      <trkpt lat="35.399854" lon="129.089818">
        <ele>431.78671346209154</ele>
        <time>2024-07-20T00:55:39.000Z</time>
      </trkpt>
      <trkpt lat="35.399896" lon="129.089840">
        <ele>434.11791383862146</ele>
        <time>2024-07-20T00:56:02.000Z</time>
      </trkpt>
      <trkpt lat="35.399933" lon="129.089871">
        <ele>436.3892873548935</ele>
        <time>2024-07-20T00:56:05.000Z</time>
      </trkpt>
      <trkpt lat="35.399961" lon="129.089914">
        <ele>438.3972042282697</ele>
        <time>2024-07-20T00:56:15.000Z</time>
      </trkpt>
      <trkpt lat="35.399981" lon="129.089963">
        <ele>439.98168977749503</ele>
        <time>2024-07-20T00:56:16.000Z</time>
      </trkpt>
      <trkpt lat="35.400000" lon="129.090013">
        <ele>441.17146365639405</ele>
        <time>2024-07-20T00:56:28.000Z</time>
      </trkpt>
      <trkpt lat="35.400020" lon="129.090063">
        <ele>442.09021565653813</ele>
        <time>2024-07-20T00:56:41.000Z</time>
      </trkpt>
      <trkpt lat="35.400040" lon="129.090112">
        <ele>442.90598459683736</ele>
        <time>2024-07-20T00:56:42.000Z</time>
      </trkpt>
      <trkpt lat="35.400061" lon="129.090161">
        <ele>443.75674971637636</ele>
        <time>2024-07-20T00:56:59.000Z</time>
      </trkpt>
      <trkpt lat="35.400085" lon="129.090208">
        <ele>444.8129625578141</ele>
        <time>2024-07-20T00:57:07.000Z</time>
      </trkpt>
      <trkpt lat="35.400112" lon="129.090251">
        <ele>446.3385038600019</ele>
        <time>2024-07-20T00:57:19.000Z</time>
      </trkpt>
      <trkpt lat="35.400142" lon="129.090293">
        <ele>448.47570999645524</ele>
        <time>2024-07-20T00:57:36.000Z</time>
      </trkpt>
      <trkpt lat="35.400172" lon="129.090334">
        <ele>451.00178506449487</ele>
        <time>2024-07-20T00:57:45.000Z</time>
      </trkpt>
      <trkpt lat="35.400197" lon="129.090379">
        <ele>453.45372411761565</ele>
        <time>2024-07-20T00:57:56.000Z</time>
      </trkpt>
      <trkpt lat="35.400216" lon="129.090429">
        <ele>455.52358354762157</ele>
        <time>2024-07-20T00:58:11.000Z</time>
      </trkpt>
      <trkpt lat="35.400228" lon="129.090483">
        <ele>457.23337577973683</ele>
        <time>2024-07-20T00:58:21.000Z</time>
      </trkpt>
      <trkpt lat="35.400233" lon="129.090537">
        <ele>458.7466707997385</ele>
        <time>2024-07-20T00:58:27.000Z</time>
      </trkpt>
      <trkpt lat="35.400238" lon="129.090592">
        <ele>460.2354387754313</ele>
        <time>2024-07-20T00:58:37.000Z</time>
      </trkpt>
      <trkpt lat="35.400253" lon="129.090644">
        <ele>461.89136581972343</ele>
        <time>2024-07-20T00:58:41.000Z</time>
      </trkpt>
      <trkpt lat="35.400283" lon="129.090684">
        <ele>463.7372531824771</ele>
        <time>2024-07-20T00:59:04.000Z</time>
      </trkpt>
      <trkpt lat="35.400325" lon="129.090706">
        <ele>465.4602290299514</ele>
        <time>2024-07-20T00:59:15.000Z</time>
      </trkpt>
      <trkpt lat="35.400368" lon="129.090720">
        <ele>466.8469071915788</ele>
        <time>2024-07-20T00:59:22.000Z</time>
      </trkpt>
      <trkpt lat="35.400411" lon="129.090735">
        <ele>467.8889821031028</ele>
        <time>2024-07-20T00:59:35.000Z</time>
      </trkpt>
      <trkpt lat="35.400454" lon="129.090754">
        <ele>468.74149179185935</ele>
        <time>2024-07-20T00:59:51.000Z</time>
      </trkpt>
      <trkpt lat="35.400495" lon="129.090775">
        <ele>469.72385652279684</ele>
        <time>2024-07-20T01:00:02.000Z</time>
      </trkpt>
      <trkpt lat="35.400537" lon="129.090794">
        <ele>471.1382756134319</ele>
        <time>2024-07-20T01:00:13.000Z</time>
      </trkpt>
      <trkpt lat="35.400580" lon="129.090810">
        <ele>473.00301741615476</ele>
        <time>2024-07-20T01:00:24.000Z</time>
      </trkpt>
      <trkpt lat="35.400624" lon="129.090825">
        <ele>475.01789702607965</ele>
        <time>2024-07-20T01:00:35.000Z</time>
      </trkpt>
      <trkpt lat="35.400667" lon="129.090840">
        <ele>476.88204207545846</ele>
        <time>2024-07-20T01:00:45.000Z</time>
      </trkpt>
      <trkpt lat="35.400710" lon="129.090855">
        <ele>478.5720555858705</ele>
        <time>2024-07-20T01:00:57.000Z</time>
      </trkpt>
      <trkpt lat="35.400753" lon="129.090870">
        <ele>480.24233623211825</ele>
        <time>2024-07-20T01:01:11.000Z</time>
      </trkpt>
      <trkpt lat="35.400796" lon="129.090887">
        <ele>481.99056975793377</ele>
        <time>2024-07-20T01:01:22.000Z</time>
      </trkpt>
      <trkpt lat="35.400838" lon="129.090908">
        <ele>483.8249790061982</ele>
        <time>2024-07-20T01:01:37.000Z</time>
      </trkpt>
      <trkpt lat="35.400877" lon="129.090934">
        <ele>485.74491768348923</ele>
        <time>2024-07-20T01:01:51.000Z</time>
      </trkpt>
      <trkpt lat="35.400913" lon="129.090967">
        <ele>487.7730866551602</ele>
        <time>2024-07-20T01:02:04.000Z</time>
      </trkpt>
      <trkpt lat="35.400947" lon="129.091003">
        <ele>490.0169076712667</ele>
        <time>2024-07-20T01:02:13.000Z</time>
      </trkpt>
      <trkpt lat="35.400983" lon="129.091037">
        <ele>492.64609032562714</ele>
        <time>2024-07-20T01:02:20.000Z</time>
      </trkpt>
      <trkpt lat="35.401022" lon="129.091063">
        <ele>495.5396079731409</ele>
        <time>2024-07-20T01:02:45.000Z</time>
      </trkpt>
      <trkpt lat="35.401065" lon="129.091082">
        <ele>498.24094974721777</ele>
        <time>2024-07-20T01:03:00.000Z</time>
      </trkpt>
      <trkpt lat="35.401105" lon="129.091105">
        <ele>500.5665165410502</ele>
        <time>2024-07-20T01:03:12.000Z</time>
      </trkpt>
      <trkpt lat="35.401139" lon="129.091142">
        <ele>502.64708118070075</ele>
        <time>2024-07-20T01:03:25.000Z</time>
      </trkpt>
      <trkpt lat="35.401160" lon="129.091190">
        <ele>504.5669771822721</ele>
        <time>2024-07-20T01:03:40.000Z</time>
      </trkpt>
      <trkpt lat="35.401173" lon="129.091243">
        <ele>506.40128199855485</ele>
        <time>2024-07-20T01:03:54.000Z</time>
      </trkpt>
      <trkpt lat="35.401185" lon="129.091296">
        <ele>508.3127609391364</ele>
        <time>2024-07-20T01:04:16.000Z</time>
      </trkpt>
      <trkpt lat="35.401200" lon="129.091348">
        <ele>510.5195871102984</ele>
        <time>2024-07-20T01:04:23.000Z</time>
      </trkpt>
      <trkpt lat="35.401224" lon="129.091395">
        <ele>513.3455812348799</ele>
        <time>2024-07-20T01:04:38.000Z</time>
      </trkpt>
      <trkpt lat="35.401257" lon="129.091431">
        <ele>517.0365927589067</ele>
        <time>2024-07-20T01:04:54.000Z</time>
      </trkpt>
      <trkpt lat="35.401299" lon="129.091452">
        <ele>521.1362513804958</ele>
        <time>2024-07-20T01:05:12.000Z</time>
      </trkpt>
      <trkpt lat="35.401343" lon="129.091462">
        <ele>524.782889447761</ele>
        <time>2024-07-20T01:06:16.000Z</time>
      </trkpt>
      <trkpt lat="35.401386" lon="129.091476">
        <ele>527.7582351975306</ele>
        <time>2024-07-20T01:06:53.000Z</time>
      </trkpt>
      <trkpt lat="35.401428" lon="129.091496">
        <ele>530.3855191508994</ele>
        <time>2024-07-20T01:07:01.000Z</time>
      </trkpt>
      <trkpt lat="35.401471" lon="129.091510">
        <ele>533.1385086216609</ele>
        <time>2024-07-20T01:07:14.000Z</time>
      </trkpt>
      <trkpt lat="35.401516" lon="129.091505">
        <ele>535.8646425513431</ele>
        <time>2024-07-20T01:07:43.000Z</time>
      </trkpt>
      <trkpt lat="35.401559" lon="129.091490">
        <ele>538.0671588434683</ele>
        <time>2024-07-20T01:07:56.000Z</time>
      </trkpt>
      <trkpt lat="35.401603" lon="129.091482">
        <ele>539.864723126427</ele>
        <time>2024-07-20T01:08:08.000Z</time>
      </trkpt>
      <trkpt lat="35.401647" lon="129.091493">
        <ele>541.565226950376</ele>
        <time>2024-07-20T01:08:15.000Z</time>
      </trkpt>
      <trkpt lat="35.401688" lon="129.091515">
        <ele>543.4173959697446</ele>
        <time>2024-07-20T01:08:35.000Z</time>
      </trkpt>
      <trkpt lat="35.401729" lon="129.091538">
        <ele>545.578460047709</ele>
        <time>2024-07-20T01:08:49.000Z</time>
      </trkpt>
      <trkpt lat="35.401772" lon="129.091553">
        <ele>547.9684929259619</ele>
        <time>2024-07-20T01:09:26.000Z</time>
      </trkpt>
      <trkpt lat="35.401817" lon="129.091558">
        <ele>550.2828871026051</ele>
        <time>2024-07-20T01:09:33.000Z</time>
      </trkpt>
      <trkpt lat="35.401862" lon="129.091559">
        <ele>552.2998984716056</ele>
        <time>2024-07-20T01:09:49.000Z</time>
      </trkpt>
      <trkpt lat="35.401907" lon="129.091564">
        <ele>554.0162462392196</ele>
        <time>2024-07-20T01:10:01.000Z</time>
      </trkpt>
      <trkpt lat="35.401951" lon="129.091576">
        <ele>555.5394624284968</ele>
        <time>2024-07-20T01:10:18.000Z</time>
      </trkpt>
      <trkpt lat="35.401993" lon="129.091595">
        <ele>557.0088969732801</ele>
        <time>2024-07-20T01:10:25.000Z</time>
      </trkpt>
      <trkpt lat="35.402035" lon="129.091616">
        <ele>558.5408026117707</ele>
        <time>2024-07-20T01:10:35.000Z</time>
      </trkpt>
      <trkpt lat="35.402076" lon="129.091638">
        <ele>560.1854315577491</ele>
        <time>2024-07-20T01:10:51.000Z</time>
      </trkpt>
      <trkpt lat="35.402116" lon="129.091661">
        <ele>561.9337885965889</ele>
        <time>2024-07-20T01:11:00.000Z</time>
      </trkpt>
      <trkpt lat="35.402157" lon="129.091685">
        <ele>563.7468093775368</ele>
        <time>2024-07-20T01:11:15.000Z</time>
      </trkpt>
      <trkpt lat="35.402198" lon="129.091708">
        <ele>565.5654792351698</ele>
        <time>2024-07-20T01:11:21.000Z</time>
      </trkpt>
      <trkpt lat="35.402239" lon="129.091731">
        <ele>567.3243072492465</ele>
        <time>2024-07-20T01:11:36.000Z</time>
      </trkpt>
      <trkpt lat="35.402279" lon="129.091755">
        <ele>569.0024760689437</ele>
        <time>2024-07-20T01:11:43.000Z</time>
      </trkpt>
      <trkpt lat="35.402319" lon="129.091781">
        <ele>570.6660692656982</ele>
        <time>2024-07-20T01:11:57.000Z</time>
      </trkpt>
      <trkpt lat="35.402358" lon="129.091809">
        <ele>572.4568168120593</ele>
        <time>2024-07-20T01:12:08.000Z</time>
      </trkpt>
      <trkpt lat="35.402397" lon="129.091836">
        <ele>574.5165883217605</ele>
        <time>2024-07-20T01:12:27.000Z</time>
      </trkpt>
      <trkpt lat="35.402437" lon="129.091862">
        <ele>576.8654633974575</ele>
        <time>2024-07-20T01:12:41.000Z</time>
      </trkpt>
      <trkpt lat="35.402476" lon="129.091887">
        <ele>579.330581653583</ele>
        <time>2024-07-20T01:12:55.000Z</time>
      </trkpt>
      <trkpt lat="35.402516" lon="129.091914">
        <ele>581.6407113906552</ele>
        <time>2024-07-20T01:13:05.000Z</time>
      </trkpt>
      <trkpt lat="35.402555" lon="129.091941">
        <ele>583.6428337747242</ele>
        <time>2024-07-20T01:13:17.000Z</time>
      </trkpt>
      <trkpt lat="35.402595" lon="129.091967">
        <ele>585.3949155193545</ele>
        <time>2024-07-20T01:13:23.000Z</time>
      </trkpt>
      <trkpt lat="35.402635" lon="129.091991">
        <ele>587.0287614209984</ele>
        <time>2024-07-20T01:13:37.000Z</time>
      </trkpt>
      <trkpt lat="35.402676" lon="129.092014">
        <ele>588.6163789439354</ele>
        <time>2024-07-20T01:13:48.000Z</time>
      </trkpt>
      <trkpt lat="35.402716" lon="129.092040">
        <ele>590.1950676826342</ele>
        <time>2024-07-20T01:14:08.000Z</time>
      </trkpt>
      <trkpt lat="35.402755" lon="129.092067">
        <ele>591.8178555172846</ele>
        <time>2024-07-20T01:14:22.000Z</time>
      </trkpt>
      <trkpt lat="35.402793" lon="129.092097">
        <ele>593.5095664909472</ele>
        <time>2024-07-20T01:14:38.000Z</time>
      </trkpt>
      <trkpt lat="35.402830" lon="129.092128">
        <ele>595.2391176830813</ele>
        <time>2024-07-20T01:15:01.000Z</time>
      </trkpt>
      <trkpt lat="35.402866" lon="129.092160">
        <ele>596.9955773319546</ele>
        <time>2024-07-20T01:15:13.000Z</time>
      </trkpt>
      <trkpt lat="35.402902" lon="129.092194">
        <ele>598.8423047022987</ele>
        <time>2024-07-20T01:15:22.000Z</time>
      </trkpt>
      <trkpt lat="35.402936" lon="129.092230">
        <ele>600.8586929496323</ele>
        <time>2024-07-20T01:15:38.000Z</time>
      </trkpt>
      <trkpt lat="35.402970" lon="129.092266">
        <ele>603.0477851357448</ele>
        <time>2024-07-20T01:15:54.000Z</time>
      </trkpt>
      <trkpt lat="35.403006" lon="129.092299">
        <ele>605.3295708381715</ele>
        <time>2024-07-20T01:16:07.000Z</time>
      </trkpt>
      <trkpt lat="35.403045" lon="129.092327">
        <ele>607.6155909440669</ele>
        <time>2024-07-20T01:16:31.000Z</time>
      </trkpt>
      <trkpt lat="35.403085" lon="129.092351">
        <ele>609.8370984143562</ele>
        <time>2024-07-20T01:16:45.000Z</time>
      </trkpt>
      <trkpt lat="35.403126" lon="129.092375">
        <ele>611.8999299218169</ele>
        <time>2024-07-20T01:16:52.000Z</time>
      </trkpt>
      <trkpt lat="35.403164" lon="129.092404">
        <ele>613.6749313049753</ele>
        <time>2024-07-20T01:17:05.000Z</time>
      </trkpt>
      <trkpt lat="35.403197" lon="129.092441">
        <ele>615.1169717979176</ele>
        <time>2024-07-20T01:17:13.000Z</time>
      </trkpt>
      <trkpt lat="35.403228" lon="129.092481">
        <ele>616.3773957805327</ele>
        <time>2024-07-20T01:17:23.000Z</time>
      </trkpt>
      <trkpt lat="35.403259" lon="129.092521">
        <ele>617.6589291562976</ele>
        <time>2024-07-20T01:17:33.000Z</time>
      </trkpt>
      <trkpt lat="35.403293" lon="129.092558">
        <ele>619.0484858813802</ele>
        <time>2024-07-20T01:17:37.000Z</time>
      </trkpt>
      <trkpt lat="35.403327" lon="129.092593">
        <ele>620.5473668216619</ele>
        <time>2024-07-20T01:17:48.000Z</time>
      </trkpt>
      <trkpt lat="35.403364" lon="129.092625">
        <ele>622.1412326723633</ele>
        <time>2024-07-20T01:18:09.000Z</time>
      </trkpt>
      <trkpt lat="35.403403" lon="129.092652">
        <ele>623.8109780094353</ele>
        <time>2024-07-20T01:18:25.000Z</time>
      </trkpt>
      <trkpt lat="35.403444" lon="129.092673">
        <ele>625.5595499651362</ele>
        <time>2024-07-20T01:18:38.000Z</time>
      </trkpt>
      <trkpt lat="35.403488" lon="129.092686">
        <ele>627.4383152370544</ele>
        <time>2024-07-20T01:18:42.000Z</time>
      </trkpt>
      <trkpt lat="35.403533" lon="129.092690">
        <ele>629.4478136709655</ele>
        <time>2024-07-20T01:19:10.000Z</time>
      </trkpt>
      <trkpt lat="35.403577" lon="129.092686">
        <ele>631.4238807828831</ele>
        <time>2024-07-20T01:19:18.000Z</time>
      </trkpt>
      <trkpt lat="35.403622" lon="129.092677">
        <ele>633.1184781845571</ele>
        <time>2024-07-20T01:19:28.000Z</time>
      </trkpt>
      <trkpt lat="35.403666" lon="129.092667">
        <ele>634.3930557144768</ele>
        <time>2024-07-20T01:19:37.000Z</time>
      </trkpt>
      <trkpt lat="35.403710" lon="129.092658">
        <ele>635.3375576660136</ele>
        <time>2024-07-20T01:19:54.000Z</time>
      </trkpt>
      <trkpt lat="35.403755" lon="129.092653">
        <ele>636.2050858673804</ele>
        <time>2024-07-20T01:19:57.000Z</time>
      </trkpt>
      <trkpt lat="35.403800" lon="129.092656">
        <ele>637.2021009237636</ele>
        <time>2024-07-20T01:20:07.000Z</time>
      </trkpt>
      <trkpt lat="35.403843" lon="129.092669">
        <ele>638.326299462986</ele>
        <time>2024-07-20T01:20:20.000Z</time>
      </trkpt>
      <trkpt lat="35.403885" lon="129.092691">
        <ele>639.4280286933803</ele>
        <time>2024-07-20T01:20:26.000Z</time>
      </trkpt>
      <trkpt lat="35.403924" lon="129.092717">
        <ele>640.416136087975</ele>
        <time>2024-07-20T01:20:37.000Z</time>
      </trkpt>
      <trkpt lat="35.403962" lon="129.092746">
        <ele>641.3420905061249</ele>
        <time>2024-07-20T01:20:46.000Z</time>
      </trkpt>
      <trkpt lat="35.404000" lon="129.092777">
        <ele>642.3290159111598</ele>
        <time>2024-07-20T01:20:57.000Z</time>
      </trkpt>
      <trkpt lat="35.404035" lon="129.092811">
        <ele>643.5169525577173</ele>
        <time>2024-07-20T01:21:05.000Z</time>
      </trkpt>
      <trkpt lat="35.404069" lon="129.092846">
        <ele>645.0458920888201</ele>
        <time>2024-07-20T01:21:13.000Z</time>
      </trkpt>
      <trkpt lat="35.404107" lon="129.092877">
        <ele>646.9234207708934</ele>
        <time>2024-07-20T01:21:20.000Z</time>
      </trkpt>
      <trkpt lat="35.404149" lon="129.092896">
        <ele>648.8808872335032</ele>
        <time>2024-07-20T01:21:45.000Z</time>
      </trkpt>
      <trkpt lat="35.404193" lon="129.092908">
        <ele>650.7152456790534</ele>
        <time>2024-07-20T01:21:52.000Z</time>
      </trkpt>
      <trkpt lat="35.404236" lon="129.092921">
        <ele>652.6124571292044</ele>
        <time>2024-07-20T01:21:59.000Z</time>
      </trkpt>
      <trkpt lat="35.404277" lon="129.092944">
        <ele>654.6577994917047</ele>
        <time>2024-07-20T01:22:10.000Z</time>
      </trkpt>
      <trkpt lat="35.404314" lon="129.092974">
        <ele>656.5732690664503</ele>
        <time>2024-07-20T01:22:15.000Z</time>
      </trkpt>
      <trkpt lat="35.404350" lon="129.093008">
        <ele>658.1578709829873</ele>
        <time>2024-07-20T01:22:25.000Z</time>
      </trkpt>
      <trkpt lat="35.404384" lon="129.093044">
        <ele>659.4890171389437</ele>
        <time>2024-07-20T01:22:36.000Z</time>
      </trkpt>
      <trkpt lat="35.404415" lon="129.093084">
        <ele>660.7390865830214</ele>
        <time>2024-07-20T01:22:38.000Z</time>
      </trkpt>
      <trkpt lat="35.404446" lon="129.093124">
        <ele>662.0271779077885</ele>
        <time>2024-07-20T01:22:53.000Z</time>
      </trkpt>
      <trkpt lat="35.404479" lon="129.093162">
        <ele>663.4439046003401</ele>
        <time>2024-07-20T01:23:00.000Z</time>
      </trkpt>
      <trkpt lat="35.404515" lon="129.093193">
        <ele>665.089210395655</ele>
        <time>2024-07-20T01:23:12.000Z</time>
      </trkpt>
      <trkpt lat="35.404557" lon="129.093213">
        <ele>666.966132268712</ele>
        <time>2024-07-20T01:23:24.000Z</time>
      </trkpt>
      <trkpt lat="35.404601" lon="129.093222">
        <ele>668.8877949421587</ele>
        <time>2024-07-20T01:23:32.000Z</time>
      </trkpt>
      <trkpt lat="35.404646" lon="129.093227">
        <ele>670.7108374724676</ele>
        <time>2024-07-20T01:23:45.000Z</time>
      </trkpt>
      <trkpt lat="35.404690" lon="129.093240">
        <ele>672.470898568357</ele>
        <time>2024-07-20T01:23:58.000Z</time>
      </trkpt>
      <trkpt lat="35.404729" lon="129.093265">
        <ele>674.1956684860688</ele>
        <time>2024-07-20T01:24:12.000Z</time>
      </trkpt>
      <trkpt lat="35.404763" lon="129.093301">
        <ele>675.8173221356739</ele>
        <time>2024-07-20T01:24:19.000Z</time>
      </trkpt>
      <trkpt lat="35.404792" lon="129.093344">
        <ele>677.2951747176531</ele>
        <time>2024-07-20T01:24:31.000Z</time>
      </trkpt>
      <trkpt lat="35.404817" lon="129.093390">
        <ele>678.6716886472569</ele>
        <time>2024-07-20T01:24:41.000Z</time>
      </trkpt>
      <trkpt lat="35.404840" lon="129.093437">
        <ele>679.9871819968165</ele>
        <time>2024-07-20T01:24:56.000Z</time>
      </trkpt>
      <trkpt lat="35.404862" lon="129.093485">
        <ele>681.2316734940069</ele>
        <time>2024-07-20T01:25:05.000Z</time>
      </trkpt>
      <trkpt lat="35.404883" lon="129.093534">
        <ele>682.4120832041804</ele>
        <time>2024-07-20T01:25:11.000Z</time>
      </trkpt>
      <trkpt lat="35.404904" lon="129.093582">
        <ele>683.5956561128515</ele>
        <time>2024-07-20T01:25:22.000Z</time>
      </trkpt>
      <trkpt lat="35.404927" lon="129.093630">
        <ele>684.832212834804</ele>
        <time>2024-07-20T01:25:28.000Z</time>
      </trkpt>
      <trkpt lat="35.404951" lon="129.093676">
        <ele>686.0772188657788</ele>
        <time>2024-07-20T01:25:48.000Z</time>
      </trkpt>
      <trkpt lat="35.404974" lon="129.093724">
        <ele>687.2154893010829</ele>
        <time>2024-07-20T01:25:56.000Z</time>
      </trkpt>
      <trkpt lat="35.404992" lon="129.093775">
        <ele>688.121542399079</ele>
        <time>2024-07-20T01:25:59.000Z</time>
      </trkpt>
      <trkpt lat="35.405006" lon="129.093827">
        <ele>688.7224227698737</ele>
        <time>2024-07-20T01:26:05.000Z</time>
      </trkpt>
      <trkpt lat="35.405017" lon="129.093880">
        <ele>689.0457608371036</ele>
        <time>2024-07-20T01:26:18.000Z</time>
      </trkpt>
      <trkpt lat="35.405025" lon="129.093935">
        <ele>689.2272435546573</ele>
        <time>2024-07-20T01:26:20.000Z</time>
      </trkpt>
      <trkpt lat="35.405030" lon="129.093989">
        <ele>689.4968856429599</ele>
        <time>2024-07-20T01:26:28.000Z</time>
      </trkpt>
      <trkpt lat="35.405034" lon="129.094044">
        <ele>690.1589173622492</ele>
        <time>2024-07-20T01:26:41.000Z</time>
      </trkpt>
      <trkpt lat="35.405038" lon="129.094099">
        <ele>691.4821082885401</ele>
        <time>2024-07-20T01:26:51.000Z</time>
      </trkpt>
      <trkpt lat="35.405045" lon="129.094154">
        <ele>693.4699347374087</ele>
        <time>2024-07-20T01:27:01.000Z</time>
      </trkpt>
      <trkpt lat="35.405056" lon="129.094207">
        <ele>695.7797243333131</ele>
        <time>2024-07-20T01:27:12.000Z</time>
      </trkpt>
      <trkpt lat="35.405069" lon="129.094260">
        <ele>698.0184595809451</ele>
        <time>2024-07-20T01:27:24.000Z</time>
      </trkpt>
      <trkpt lat="35.405083" lon="129.094312">
        <ele>700.0227429134168</ele>
        <time>2024-07-20T01:27:34.000Z</time>
      </trkpt>
      <trkpt lat="35.405097" lon="129.094365">
        <ele>701.7614117543658</ele>
        <time>2024-07-20T01:27:44.000Z</time>
      </trkpt>
      <trkpt lat="35.405110" lon="129.094417">
        <ele>703.1913625453169</ele>
        <time>2024-07-20T01:27:53.000Z</time>
      </trkpt>
      <trkpt lat="35.405124" lon="129.094470">
        <ele>704.3032856440053</ele>
        <time>2024-07-20T01:28:06.000Z</time>
      </trkpt>
      <trkpt lat="35.405137" lon="129.094523">
        <ele>705.1957102024854</ele>
        <time>2024-07-20T01:28:22.000Z</time>
      </trkpt>
      <trkpt lat="35.405147" lon="129.094577">
        <ele>706.0522000503156</ele>
        <time>2024-07-20T01:28:30.000Z</time>
      </trkpt>
      <trkpt lat="35.405151" lon="129.094631">
        <ele>707.0626470485233</ele>
        <time>2024-07-20T01:28:38.000Z</time>
      </trkpt>
      <trkpt lat="35.405150" lon="129.094686">
        <ele>708.338579635944</ele>
        <time>2024-07-20T01:28:46.000Z</time>
      </trkpt>
      <trkpt lat="35.405148" lon="129.094742">
        <ele>709.8627220315204</ele>
        <time>2024-07-20T01:28:59.000Z</time>
      </trkpt>
      <trkpt lat="35.405149" lon="129.094797">
        <ele>711.5043450733117</ele>
        <time>2024-07-20T01:29:05.000Z</time>
      </trkpt>
      <trkpt lat="35.405157" lon="129.094851">
        <ele>713.0858756647565</ele>
        <time>2024-07-20T01:29:20.000Z</time>
      </trkpt>
      <trkpt lat="35.405169" lon="129.094904">
        <ele>714.4754308324341</ele>
        <time>2024-07-20T01:29:22.000Z</time>
      </trkpt>
      <trkpt lat="35.405183" lon="129.094956">
        <ele>715.6143970187615</ele>
        <time>2024-07-20T01:29:30.000Z</time>
      </trkpt>
      <trkpt lat="35.405200" lon="129.095008">
        <ele>716.4895333087453</ele>
        <time>2024-07-20T01:29:37.000Z</time>
      </trkpt>
      <trkpt lat="35.405218" lon="129.095058">
        <ele>717.115864242836</ele>
        <time>2024-07-20T01:29:41.000Z</time>
      </trkpt>
      <trkpt lat="35.405241" lon="129.095106">
        <ele>717.5084387777375</ele>
        <time>2024-07-20T01:29:50.000Z</time>
      </trkpt>
      <trkpt lat="35.405266" lon="129.095151">
        <ele>717.67463409561</ele>
        <time>2024-07-20T01:29:53.000Z</time>
      </trkpt>
      <trkpt lat="35.405292" lon="129.095196">
        <ele>717.6563293657688</ele>
        <time>2024-07-20T01:30:00.000Z</time>
      </trkpt>
      <trkpt lat="35.405318" lon="129.095242">
        <ele>717.5614537957264</ele>
        <time>2024-07-20T01:30:04.000Z</time>
      </trkpt>
      <trkpt lat="35.405343" lon="129.095287">
        <ele>717.5351946851213</ele>
        <time>2024-07-20T01:30:08.000Z</time>
      </trkpt>
      <trkpt lat="35.405372" lon="129.095329">
        <ele>717.691135781126</ele>
        <time>2024-07-20T01:30:14.000Z</time>
      </trkpt>
      <trkpt lat="35.405406" lon="129.095365">
        <ele>718.0539219426485</ele>
        <time>2024-07-20T01:30:20.000Z</time>
      </trkpt>
      <trkpt lat="35.405444" lon="129.095395">
        <ele>718.5533988995358</ele>
        <time>2024-07-20T01:30:25.000Z</time>
      </trkpt>
      <trkpt lat="35.405484" lon="129.095420">
        <ele>719.0829774011028</ele>
        <time>2024-07-20T01:30:29.000Z</time>
      </trkpt>
      <trkpt lat="35.405524" lon="129.095445">
        <ele>719.5697011574921</ele>
        <time>2024-07-20T01:30:33.000Z</time>
      </trkpt>
      <trkpt lat="35.405562" lon="129.095474">
        <ele>720.0006741889148</ele>
        <time>2024-07-20T01:30:37.000Z</time>
      </trkpt>
      <trkpt lat="35.405598" lon="129.095508">
        <ele>720.4169538261845</ele>
        <time>2024-07-20T01:30:45.000Z</time>
      </trkpt>
      <trkpt lat="35.405632" lon="129.095543">
        <ele>720.901919279714</ele>
        <time>2024-07-20T01:30:49.000Z</time>
      </trkpt>
      <trkpt lat="35.405666" lon="129.095579">
        <ele>721.5543756994036</ele>
        <time>2024-07-20T01:30:55.000Z</time>
      </trkpt>
      <trkpt lat="35.405702" lon="129.095613">
        <ele>722.4415761405867</ele>
        <time>2024-07-20T01:31:05.000Z</time>
      </trkpt>
      <trkpt lat="35.405737" lon="129.095647">
        <ele>723.566402055405</ele>
        <time>2024-07-20T01:31:13.000Z</time>
      </trkpt>
      <trkpt lat="35.405770" lon="129.095685">
        <ele>724.874629675744</ele>
        <time>2024-07-20T01:31:22.000Z</time>
      </trkpt>
      <trkpt lat="35.405798" lon="129.095727">
        <ele>726.2990096144662</ele>
        <time>2024-07-20T01:31:26.000Z</time>
      </trkpt>
      <trkpt lat="35.405823" lon="129.095773">
        <ele>727.8327786431121</ele>
        <time>2024-07-20T01:31:35.000Z</time>
      </trkpt>
      <trkpt lat="35.405848" lon="129.095819">
        <ele>729.5391297474706</ele>
        <time>2024-07-20T01:31:58.000Z</time>
      </trkpt>
      <trkpt lat="35.405878" lon="129.095861">
        <ele>731.3868247574825</ele>
        <time>2024-07-20T01:32:06.000Z</time>
      </trkpt>
      <trkpt lat="35.405911" lon="129.095898">
        <ele>733.135385028826</ele>
        <time>2024-07-20T01:32:25.000Z</time>
      </trkpt>
      <trkpt lat="35.405944" lon="129.095934">
        <ele>734.5413853390868</ele>
        <time>2024-07-20T01:32:49.000Z</time>
      </trkpt>
      <trkpt lat="35.405977" lon="129.095973">
        <ele>735.5653066847655</ele>
        <time>2024-07-20T01:32:58.000Z</time>
      </trkpt>
      <trkpt lat="35.406007" lon="129.096013">
        <ele>736.356246854641</ele>
        <time>2024-07-20T01:33:07.000Z</time>
      </trkpt>
      <trkpt lat="35.406038" lon="129.096054">
        <ele>737.1267351906768</ele>
        <time>2024-07-20T01:33:19.000Z</time>
      </trkpt>
      <trkpt lat="35.406069" lon="129.096094">
        <ele>738.0564708058035</ele>
        <time>2024-07-20T01:33:24.000Z</time>
      </trkpt>
      <trkpt lat="35.406099" lon="129.096135">
        <ele>739.2491836625089</ele>
        <time>2024-07-20T01:33:27.000Z</time>
      </trkpt>
      <trkpt lat="35.406129" lon="129.096175">
        <ele>740.6840591045219</ele>
        <time>2024-07-20T01:33:38.000Z</time>
      </trkpt>
      <trkpt lat="35.406160" lon="129.096216">
        <ele>742.2124735089567</ele>
        <time>2024-07-20T01:33:52.000Z</time>
      </trkpt>
      <trkpt lat="35.406191" lon="129.096255">
        <ele>743.6675208194602</ele>
        <time>2024-07-20T01:34:05.000Z</time>
      </trkpt>
      <trkpt lat="35.406225" lon="129.096292">
        <ele>744.9915107723634</ele>
        <time>2024-07-20T01:34:13.000Z</time>
      </trkpt>
      <trkpt lat="35.406259" lon="129.096328">
        <ele>746.2470920833757</ele>
        <time>2024-07-20T01:34:28.000Z</time>
      </trkpt>
      <trkpt lat="35.406294" lon="129.096362">
        <ele>747.5284438639379</ele>
        <time>2024-07-20T01:34:35.000Z</time>
      </trkpt>
      <trkpt lat="35.406330" lon="129.096395">
        <ele>748.8792588458643</ele>
        <time>2024-07-20T01:34:44.000Z</time>
      </trkpt>
      <trkpt lat="35.406366" lon="129.096428">
        <ele>750.2785726442124</ele>
        <time>2024-07-20T01:35:00.000Z</time>
      </trkpt>
      <trkpt lat="35.406402" lon="129.096462">
        <ele>751.6719165671979</ele>
        <time>2024-07-20T01:35:09.000Z</time>
      </trkpt>
      <trkpt lat="35.406434" lon="129.096501">
        <ele>752.9975886132013</ele>
        <time>2024-07-20T01:35:17.000Z</time>
      </trkpt>
      <trkpt lat="35.406463" lon="129.096543">
        <ele>754.2294468056671</ele>
        <time>2024-07-20T01:35:22.000Z</time>
      </trkpt>
      <trkpt lat="35.406492" lon="129.096585">
        <ele>755.4268110141234</ele>
        <time>2024-07-20T01:35:36.000Z</time>
      </trkpt>
      <trkpt lat="35.406523" lon="129.096624">
        <ele>756.6773227574165</ele>
        <time>2024-07-20T01:35:51.000Z</time>
      </trkpt>
      <trkpt lat="35.406557" lon="129.096661">
        <ele>757.9964719119382</ele>
        <time>2024-07-20T01:36:06.000Z</time>
      </trkpt>
      <trkpt lat="35.406590" lon="129.096698">
        <ele>759.3241765273808</ele>
        <time>2024-07-20T01:36:12.000Z</time>
      </trkpt>
      <trkpt lat="35.406621" lon="129.096738">
        <ele>760.5927200748163</ele>
        <time>2024-07-20T01:36:22.000Z</time>
      </trkpt>
      <trkpt lat="35.406652" lon="129.096778">
        <ele>761.7969817505829</ele>
        <time>2024-07-20T01:36:33.000Z</time>
      </trkpt>
      <trkpt lat="35.406682" lon="129.096820">
        <ele>763.0139069178965</ele>
        <time>2024-07-20T01:36:37.000Z</time>
      </trkpt>
      <trkpt lat="35.406711" lon="129.096861">
        <ele>764.3438403706415</ele>
        <time>2024-07-20T01:36:43.000Z</time>
      </trkpt>
      <trkpt lat="35.406741" lon="129.096903">
        <ele>765.8134119231654</ele>
        <time>2024-07-20T01:36:55.000Z</time>
      </trkpt>
      <trkpt lat="35.406770" lon="129.096945">
        <ele>767.3463573658516</ele>
        <time>2024-07-20T01:37:00.000Z</time>
      </trkpt>
      <trkpt lat="35.406800" lon="129.096986">
        <ele>768.8451229164149</ele>
        <time>2024-07-20T01:37:12.000Z</time>
      </trkpt>
      <trkpt lat="35.406832" lon="129.097025">
        <ele>770.2776098800166</ele>
        <time>2024-07-20T01:37:22.000Z</time>
      </trkpt>
      <trkpt lat="35.406865" lon="129.097062">
        <ele>771.673113023162</ele>
        <time>2024-07-20T01:37:26.000Z</time>
      </trkpt>
      <trkpt lat="35.406897" lon="129.097101">
        <ele>773.0468930347552</ele>
        <time>2024-07-20T01:37:32.000Z</time>
      </trkpt>
      <trkpt lat="35.406927" lon="129.097142">
        <ele>774.3928634939884</ele>
        <time>2024-07-20T01:37:38.000Z</time>
      </trkpt>
      <trkpt lat="35.406955" lon="129.097184">
        <ele>775.8527297892559</ele>
        <time>2024-07-20T01:37:46.000Z</time>
      </trkpt>
      <trkpt lat="35.406981" lon="129.097229">
        <ele>777.7263595115036</ele>
        <time>2024-07-20T01:37:56.000Z</time>
      </trkpt>
      <trkpt lat="35.407004" lon="129.097277">
        <ele>780.0592860099777</ele>
        <time>2024-07-20T01:39:30.000Z</time>
      </trkpt>
      <trkpt lat="35.407005" lon="129.097279">
        <ele>780.1379123367171</ele>
        <time>2024-07-20T01:39:30.000Z</time>
      </trkpt>
      <trkpt lat="35.406984" lon="129.097325">
        <ele>779.6523354204297</ele>
        <time>2024-07-20T01:39:30.000Z</time>
      </trkpt>
      <trkpt lat="35.406961" lon="129.097373">
        <ele>779.2552925828254</ele>
        <time>2024-07-20T01:39:38.000Z</time>
      </trkpt>
      <trkpt lat="35.406938" lon="129.097420">
        <ele>778.9280390223739</ele>
        <time>2024-07-20T01:44:02.000Z</time>
      </trkpt>
      <trkpt lat="35.406913" lon="129.097466">
        <ele>778.6136028933759</ele>
        <time>2024-07-20T01:44:11.000Z</time>
      </trkpt>
      <trkpt lat="35.406887" lon="129.097511">
        <ele>778.3431253699722</ele>
        <time>2024-07-20T01:44:16.000Z</time>
      </trkpt>
      <trkpt lat="35.406860" lon="129.097555">
        <ele>778.179042636476</ele>
        <time>2024-07-20T01:44:20.000Z</time>
      </trkpt>
      <trkpt lat="35.406832" lon="129.097599">
        <ele>778.133309201555</ele>
        <time>2024-07-20T01:44:29.000Z</time>
      </trkpt>
      <trkpt lat="35.406804" lon="129.097642">
        <ele>778.1485685587493</ele>
        <time>2024-07-20T01:44:40.000Z</time>
      </trkpt>
      <trkpt lat="35.406776" lon="129.097685">
        <ele>778.1430560864818</ele>
        <time>2024-07-20T01:44:40.000Z</time>
      </trkpt>
      <trkpt lat="35.406749" lon="129.097729">
        <ele>778.0733724520551</ele>
        <time>2024-07-20T01:44:47.000Z</time>
      </trkpt>
      <trkpt lat="35.406721" lon="129.097773">
        <ele>777.9612001823419</ele>
        <time>2024-07-20T01:44:54.000Z</time>
      </trkpt>
      <trkpt lat="35.406693" lon="129.097816">
        <ele>777.8660283552249</ele>
        <time>2024-07-20T01:44:55.000Z</time>
      </trkpt>
      <trkpt lat="35.406665" lon="129.097859">
        <ele>777.8340750168022</ele>
        <time>2024-07-20T01:45:00.000Z</time>
      </trkpt>
      <trkpt lat="35.406637" lon="129.097902">
        <ele>777.8749294178365</ele>
        <time>2024-07-20T01:45:04.000Z</time>
      </trkpt>
      <trkpt lat="35.406609" lon="129.097945">
        <ele>777.9812525416045</ele>
        <time>2024-07-20T01:45:09.000Z</time>
      </trkpt>
      <trkpt lat="35.406581" lon="129.097988">
        <ele>778.1521642073425</ele>
        <time>2024-07-20T01:45:09.000Z</time>
      </trkpt>
      <trkpt lat="35.406554" lon="129.098032">
        <ele>778.3865322609036</ele>
        <time>2024-07-20T01:45:18.000Z</time>
      </trkpt>
      <trkpt lat="35.406526" lon="129.098075">
        <ele>778.6647319542711</ele>
        <time>2024-07-20T01:45:18.000Z</time>
      </trkpt>
      <trkpt lat="35.406498" lon="129.098119">
        <ele>778.9518820817782</ele>
        <time>2024-07-20T01:45:19.000Z</time>
      </trkpt>
      <trkpt lat="35.406471" lon="129.098162">
        <ele>779.2180198429903</ele>
        <time>2024-07-20T01:45:26.000Z</time>
      </trkpt>
      <trkpt lat="35.406442" lon="129.098205">
        <ele>779.4516977277796</ele>
        <time>2024-07-20T01:45:32.000Z</time>
      </trkpt>
      <trkpt lat="35.406413" lon="129.098247">
        <ele>779.6616146919137</ele>
        <time>2024-07-20T01:45:36.000Z</time>
      </trkpt>
      <trkpt lat="35.406383" lon="129.098289">
        <ele>779.8688020325998</ele>
        <time>2024-07-20T01:45:41.000Z</time>
      </trkpt>
      <trkpt lat="35.406354" lon="129.098330">
        <ele>780.0923312992942</ele>
        <time>2024-07-20T01:45:46.000Z</time>
      </trkpt>
      <trkpt lat="35.406324" lon="129.098371">
        <ele>780.3418216582128</ele>
        <time>2024-07-20T01:45:50.000Z</time>
      </trkpt>
      <trkpt lat="35.406295" lon="129.098413">
        <ele>780.6209401104752</ele>
        <time>2024-07-20T01:45:52.000Z</time>
      </trkpt>
      <trkpt lat="35.406266" lon="129.098456">
        <ele>780.927533610305</ele>
        <time>2024-07-20T01:46:01.000Z</time>
      </trkpt>
      <trkpt lat="35.406239" lon="129.098500">
        <ele>781.2486289711067</ele>
        <time>2024-07-20T01:46:03.000Z</time>
      </trkpt>
      <trkpt lat="35.406213" lon="129.098544">
        <ele>781.5649330549377</ele>
        <time>2024-07-20T01:46:08.000Z</time>
      </trkpt>
      <trkpt lat="35.406187" lon="129.098590">
        <ele>781.8602978479569</ele>
        <time>2024-07-20T01:46:10.000Z</time>
      </trkpt>
      <trkpt lat="35.406161" lon="129.098635">
        <ele>782.1161678467626</ele>
        <time>2024-07-20T01:46:16.000Z</time>
      </trkpt>
      <trkpt lat="35.406135" lon="129.098680">
        <ele>782.300786822187</ele>
        <time>2024-07-20T01:46:16.000Z</time>
      </trkpt>
      <trkpt lat="35.406109" lon="129.098725">
        <ele>782.3829412272987</ele>
        <time>2024-07-20T01:46:22.000Z</time>
      </trkpt>
      <trkpt lat="35.406084" lon="129.098770">
        <ele>782.3575256417294</ele>
        <time>2024-07-20T01:46:26.000Z</time>
      </trkpt>
      <trkpt lat="35.406058" lon="129.098816">
        <ele>782.2429045548572</ele>
        <time>2024-07-20T01:46:28.000Z</time>
      </trkpt>
      <trkpt lat="35.406033" lon="129.098862">
        <ele>782.0582141990755</ele>
        <time>2024-07-20T01:46:28.000Z</time>
      </trkpt>
      <trkpt lat="35.406009" lon="129.098908">
        <ele>781.8217658403156</ele>
        <time>2024-07-20T01:46:39.000Z</time>
      </trkpt>
      <trkpt lat="35.405984" lon="129.098954">
        <ele>781.5729062453518</ele>
        <time>2024-07-20T01:46:41.000Z</time>
      </trkpt>
      <trkpt lat="35.405960" lon="129.099001">
        <ele>781.3794529651535</ele>
        <time>2024-07-20T01:46:41.000Z</time>
      </trkpt>
      <trkpt lat="35.405938" lon="129.099049">
        <ele>781.3036682163305</ele>
        <time>2024-07-20T01:46:48.000Z</time>
      </trkpt>
      <trkpt lat="35.405917" lon="129.099098">
        <ele>781.3528855217759</ele>
        <time>2024-07-20T01:46:59.000Z</time>
      </trkpt>
      <trkpt lat="35.405899" lon="129.099148">
        <ele>781.477135574829</ele>
        <time>2024-07-20T01:47:03.000Z</time>
      </trkpt>
      <trkpt lat="35.405881" lon="129.099199">
        <ele>781.6228348707234</ele>
        <time>2024-07-20T01:47:08.000Z</time>
      </trkpt>
      <trkpt lat="35.405862" lon="129.099249">
        <ele>781.7787060737652</ele>
        <time>2024-07-20T01:47:08.000Z</time>
      </trkpt>
      <trkpt lat="35.405839" lon="129.099297">
        <ele>781.9738171776519</ele>
        <time>2024-07-20T01:47:17.000Z</time>
      </trkpt>
      <trkpt lat="35.405815" lon="129.099343">
        <ele>782.2463029565653</ele>
        <time>2024-07-20T01:47:17.000Z</time>
      </trkpt>
      <trkpt lat="35.405790" lon="129.099388">
        <ele>782.609169719482</ele>
        <time>2024-07-20T01:47:17.000Z</time>
      </trkpt>
      <trkpt lat="35.405765" lon="129.099435">
        <ele>783.0325626593407</ele>
        <time>2024-07-20T01:47:26.000Z</time>
      </trkpt>
      <trkpt lat="35.405743" lon="129.099483">
        <ele>783.4607709416039</ele>
        <time>2024-07-20T01:47:27.000Z</time>
      </trkpt>
      <trkpt lat="35.405722" lon="129.099532">
        <ele>783.8552849538855</ele>
        <time>2024-07-20T01:47:33.000Z</time>
      </trkpt>
      <trkpt lat="35.405702" lon="129.099581">
        <ele>784.223824171952</ele>
        <time>2024-07-20T01:47:33.000Z</time>
      </trkpt>
      <trkpt lat="35.405682" lon="129.099631">
        <ele>784.6148955679873</ele>
        <time>2024-07-20T01:47:42.000Z</time>
      </trkpt>
      <trkpt lat="35.405663" lon="129.099680">
        <ele>785.0890701884359</ele>
        <time>2024-07-20T01:47:42.000Z</time>
      </trkpt>
      <trkpt lat="35.405645" lon="129.099731">
        <ele>785.6795147977039</ele>
        <time>2024-07-20T01:47:51.000Z</time>
      </trkpt>
      <trkpt lat="35.405626" lon="129.099781">
        <ele>786.3643129731545</ele>
        <time>2024-07-20T01:47:56.000Z</time>
      </trkpt>
      <trkpt lat="35.405606" lon="129.099830">
        <ele>787.0817460104498</ele>
        <time>2024-07-20T01:48:00.000Z</time>
      </trkpt>
      <trkpt lat="35.405584" lon="129.099879">
        <ele>787.7771927468297</ele>
        <time>2024-07-20T01:48:06.000Z</time>
      </trkpt>
      <trkpt lat="35.405561" lon="129.099926">
        <ele>788.4318926249023</ele>
        <time>2024-07-20T01:48:08.000Z</time>
      </trkpt>
      <trkpt lat="35.405537" lon="129.099972">
        <ele>789.0540382216187</ele>
        <time>2024-07-20T01:48:10.000Z</time>
      </trkpt>
      <trkpt lat="35.405513" lon="129.100019">
        <ele>789.6586700300451</ele>
        <time>2024-07-20T01:48:18.000Z</time>
      </trkpt>
      <trkpt lat="35.405489" lon="129.100066">
        <ele>790.261422703564</ele>
        <time>2024-07-20T01:48:39.000Z</time>
      </trkpt>
      <trkpt lat="35.405467" lon="129.100114">
        <ele>790.8840428108609</ele>
        <time>2024-07-20T01:48:41.000Z</time>
      </trkpt>
      <trkpt lat="35.405445" lon="129.100162">
        <ele>791.5536489473766</ele>
        <time>2024-07-20T01:48:49.000Z</time>
      </trkpt>
      <trkpt lat="35.405422" lon="129.100209">
        <ele>792.2868273052851</ele>
        <time>2024-07-20T01:48:51.000Z</time>
      </trkpt>
      <trkpt lat="35.405398" lon="129.100256">
        <ele>793.0752451530069</ele>
        <time>2024-07-20T01:48:55.000Z</time>
      </trkpt>
      <trkpt lat="35.405371" lon="129.100300">
        <ele>793.8898926526482</ele>
        <time>2024-07-20T01:49:02.000Z</time>
      </trkpt>
      <trkpt lat="35.405340" lon="129.100340">
        <ele>794.6971330091233</ele>
        <time>2024-07-20T01:49:07.000Z</time>
      </trkpt>
      <trkpt lat="35.405308" lon="129.100379">
        <ele>795.4729758722461</ele>
        <time>2024-07-20T01:49:08.000Z</time>
      </trkpt>
      <trkpt lat="35.405276" lon="129.100417">
        <ele>796.2053483098662</ele>
        <time>2024-07-20T01:49:13.000Z</time>
      </trkpt>
      <trkpt lat="35.405245" lon="129.100457">
        <ele>796.8861557826199</ele>
        <time>2024-07-20T01:49:23.000Z</time>
      </trkpt>
      <trkpt lat="35.405216" lon="129.100499">
        <ele>797.5089116925682</ele>
        <time>2024-07-20T01:49:29.000Z</time>
      </trkpt>
      <trkpt lat="35.405188" lon="129.100542">
        <ele>798.067400847837</ele>
        <time>2024-07-20T01:49:31.000Z</time>
      </trkpt>
      <trkpt lat="35.405161" lon="129.100587">
        <ele>798.5474056403253</ele>
        <time>2024-07-20T01:49:35.000Z</time>
      </trkpt>
      <trkpt lat="35.405136" lon="129.100633">
        <ele>798.9293682266724</ele>
        <time>2024-07-20T01:49:39.000Z</time>
      </trkpt>
      <trkpt lat="35.405114" lon="129.100681">
        <ele>799.2080990002412</ele>
        <time>2024-07-20T01:49:48.000Z</time>
      </trkpt>
      <trkpt lat="35.405094" lon="129.100730">
        <ele>799.4043154336146</ele>
        <time>2024-07-20T01:49:48.000Z</time>
      </trkpt>
      <trkpt lat="35.405075" lon="129.100780">
        <ele>799.5547443373218</ele>
        <time>2024-07-20T01:49:53.000Z</time>
      </trkpt>
      <trkpt lat="35.405057" lon="129.100831">
        <ele>799.7008221464802</ele>
        <time>2024-07-20T01:49:53.000Z</time>
      </trkpt>
      <trkpt lat="35.405040" lon="129.100882">
        <ele>799.8893714107206</ele>
        <time>2024-07-20T01:50:01.000Z</time>
      </trkpt>
      <trkpt lat="35.405024" lon="129.100933">
        <ele>800.171033211694</ele>
        <time>2024-07-20T01:50:04.000Z</time>
      </trkpt>
      <trkpt lat="35.405008" lon="129.100985">
        <ele>800.5833533260934</ele>
        <time>2024-07-20T01:50:08.000Z</time>
      </trkpt>
      <trkpt lat="35.404991" lon="129.101036">
        <ele>801.1276815632967</ele>
        <time>2024-07-20T01:50:15.000Z</time>
      </trkpt>
      <trkpt lat="35.404972" lon="129.101086">
        <ele>801.7612299954264</ele>
        <time>2024-07-20T01:50:20.000Z</time>
      </trkpt>
      <trkpt lat="35.404950" lon="129.101134">
        <ele>802.4214404121896</ele>
        <time>2024-07-20T01:50:24.000Z</time>
      </trkpt>
      <trkpt lat="35.404927" lon="129.101182">
        <ele>803.0728064682556</ele>
        <time>2024-07-20T01:50:34.000Z</time>
      </trkpt>
      <trkpt lat="35.404906" lon="129.101230">
        <ele>803.7264709409053</ele>
        <time>2024-07-20T01:50:36.000Z</time>
      </trkpt>
      <trkpt lat="35.404888" lon="129.101281">
        <ele>804.4031460699774</ele>
        <time>2024-07-20T01:50:40.000Z</time>
      </trkpt>
      <trkpt lat="35.404873" lon="129.101333">
        <ele>805.0885318177504</ele>
        <time>2024-07-20T01:50:43.000Z</time>
      </trkpt>
      <trkpt lat="35.404860" lon="129.101385">
        <ele>805.7374792973515</ele>
        <time>2024-07-20T01:50:46.000Z</time>
      </trkpt>
      <trkpt lat="35.404846" lon="129.101438">
        <ele>806.3077487950992</ele>
        <time>2024-07-20T01:50:52.000Z</time>
      </trkpt>
      <trkpt lat="35.404833" lon="129.101490">
        <ele>806.7774609349309</ele>
        <time>2024-07-20T01:51:00.000Z</time>
      </trkpt>
      <trkpt lat="35.404820" lon="129.101543">
        <ele>807.1389252290435</ele>
        <time>2024-07-20T01:51:00.000Z</time>
      </trkpt>
      <trkpt lat="35.404809" lon="129.101597">
        <ele>807.3907237246592</ele>
        <time>2024-07-20T01:51:09.000Z</time>
      </trkpt>
      <trkpt lat="35.404801" lon="129.101651">
        <ele>807.5380357787168</ele>
        <time>2024-07-20T01:51:09.000Z</time>
      </trkpt>
      <trkpt lat="35.404797" lon="129.101706">
        <ele>807.5904775602651</ele>
        <time>2024-07-20T01:51:14.000Z</time>
      </trkpt>
      <trkpt lat="35.404794" lon="129.101761">
        <ele>807.5517427931157</ele>
        <time>2024-07-20T01:51:18.000Z</time>
      </trkpt>
      <trkpt lat="35.404793" lon="129.101816">
        <ele>807.4090122252535</ele>
        <time>2024-07-20T01:51:18.000Z</time>
      </trkpt>
      <trkpt lat="35.404793" lon="129.101871">
        <ele>807.138536617278</ele>
        <time>2024-07-20T01:51:29.000Z</time>
      </trkpt>
      <trkpt lat="35.404793" lon="129.101927">
        <ele>806.7388414575706</ele>
        <time>2024-07-20T01:51:35.000Z</time>
      </trkpt>
      <trkpt lat="35.404793" lon="129.101982">
        <ele>806.2686594760359</ele>
        <time>2024-07-20T01:51:39.000Z</time>
      </trkpt>
      <trkpt lat="35.404791" lon="129.102037">
        <ele>805.8427908568257</ele>
        <time>2024-07-20T01:51:40.000Z</time>
      </trkpt>
      <trkpt lat="35.404788" lon="129.102092">
        <ele>805.5829252394457</ele>
        <time>2024-07-20T01:51:47.000Z</time>
      </trkpt>
      <trkpt lat="35.404783" lon="129.102147">
        <ele>805.5776647549494</ele>
        <time>2024-07-20T01:51:47.000Z</time>
      </trkpt>
      <trkpt lat="35.404776" lon="129.102201">
        <ele>805.8817345334775</ele>
        <time>2024-07-20T01:51:55.000Z</time>
      </trkpt>
      <trkpt lat="35.404767" lon="129.102255">
        <ele>806.5206296685428</ele>
        <time>2024-07-20T01:52:00.000Z</time>
      </trkpt>
      <trkpt lat="35.404758" lon="129.102309">
        <ele>807.4710899288376</ele>
        <time>2024-07-20T01:52:08.000Z</time>
      </trkpt>
      <trkpt lat="35.404749" lon="129.102363">
        <ele>808.647437412983</ele>
        <time>2024-07-20T01:52:13.000Z</time>
      </trkpt>
      <trkpt lat="35.404741" lon="129.102418">
        <ele>809.9356625041511</ele>
        <time>2024-07-20T01:52:18.000Z</time>
      </trkpt>
      <trkpt lat="35.404733" lon="129.102472">
        <ele>811.2509444862936</ele>
        <time>2024-07-20T01:52:22.000Z</time>
      </trkpt>
      <trkpt lat="35.404723" lon="129.102526">
        <ele>812.5555224285184</ele>
        <time>2024-07-20T01:52:27.000Z</time>
      </trkpt>
      <trkpt lat="35.404712" lon="129.102579">
        <ele>813.8324470540665</ele>
        <time>2024-07-20T01:52:33.000Z</time>
      </trkpt>
      <trkpt lat="35.404701" lon="129.102633">
        <ele>815.0646663316024</ele>
        <time>2024-07-20T01:52:38.000Z</time>
      </trkpt>
      <trkpt lat="35.404690" lon="129.102686">
        <ele>816.2399597028674</ele>
        <time>2024-07-20T01:52:44.000Z</time>
      </trkpt>
      <trkpt lat="35.404678" lon="129.102739">
        <ele>817.3585762166873</ele>
        <time>2024-07-20T01:52:50.000Z</time>
      </trkpt>
      <trkpt lat="35.404665" lon="129.102792">
        <ele>818.4228670872714</ele>
        <time>2024-07-20T01:52:58.000Z</time>
      </trkpt>
      <trkpt lat="35.404653" lon="129.102845">
        <ele>819.4214023523632</ele>
        <time>2024-07-20T01:53:03.000Z</time>
      </trkpt>
      <trkpt lat="35.404639" lon="129.102898">
        <ele>820.3306850360624</ele>
        <time>2024-07-20T01:53:08.000Z</time>
      </trkpt>
      <trkpt lat="35.404626" lon="129.102950">
        <ele>821.1268639020705</ele>
        <time>2024-07-20T01:53:16.000Z</time>
      </trkpt>
      <trkpt lat="35.404611" lon="129.103003">
        <ele>821.7899984597393</ele>
        <time>2024-07-20T01:53:16.000Z</time>
      </trkpt>
      <trkpt lat="35.404596" lon="129.103055">
        <ele>822.3095945097164</ele>
        <time>2024-07-20T01:53:28.000Z</time>
      </trkpt>
      <trkpt lat="35.404579" lon="129.103106">
        <ele>822.6987905618408</ele>
        <time>2024-07-20T01:53:28.000Z</time>
      </trkpt>
      <trkpt lat="35.404560" lon="129.103156">
        <ele>823.0004622682474</ele>
        <time>2024-07-20T01:53:38.000Z</time>
      </trkpt>
      <trkpt lat="35.404542" lon="129.103206">
        <ele>823.2725070392047</ele>
        <time>2024-07-20T01:53:45.000Z</time>
      </trkpt>
      <trkpt lat="35.404526" lon="129.103258">
        <ele>823.55917382375</ele>
        <time>2024-07-20T01:53:46.000Z</time>
      </trkpt>
      <trkpt lat="35.404515" lon="129.103311">
        <ele>823.8656163301058</ele>
        <time>2024-07-20T01:53:47.000Z</time>
      </trkpt>
      <trkpt lat="35.404509" lon="129.103366">
        <ele>824.1569880462739</ele>
        <time>2024-07-20T01:53:58.000Z</time>
      </trkpt>
      <trkpt lat="35.404509" lon="129.103421">
        <ele>824.3855342454674</ele>
        <time>2024-07-20T01:54:07.000Z</time>
      </trkpt>
      <trkpt lat="35.404515" lon="129.103475">
        <ele>824.5182929657161</ele>
        <time>2024-07-20T01:54:07.000Z</time>
      </trkpt>
      <trkpt lat="35.404521" lon="129.103530">
        <ele>824.5450991628516</ele>
        <time>2024-07-20T01:54:14.000Z</time>
      </trkpt>
      <trkpt lat="35.404521" lon="129.103585">
        <ele>824.4816717775556</ele>
        <time>2024-07-20T01:54:20.000Z</time>
      </trkpt>
      <trkpt lat="35.404515" lon="129.103639">
        <ele>824.3767785382933</ele>
        <time>2024-07-20T01:54:26.000Z</time>
      </trkpt>
      <trkpt lat="35.404501" lon="129.103692">
        <ele>824.2939054562111</ele>
        <time>2024-07-20T01:54:26.000Z</time>
      </trkpt>
      <trkpt lat="35.404484" lon="129.103743">
        <ele>824.2778482159099</ele>
        <time>2024-07-20T01:54:32.000Z</time>
      </trkpt>
      <trkpt lat="35.404465" lon="129.103793">
        <ele>824.3511035455377</ele>
        <time>2024-07-20T01:54:35.000Z</time>
      </trkpt>
      <trkpt lat="35.404444" lon="129.103842">
        <ele>824.5256327381644</ele>
        <time>2024-07-20T01:54:36.000Z</time>
      </trkpt>
      <trkpt lat="35.404421" lon="129.103889">
        <ele>824.8053962311448</ele>
        <time>2024-07-20T01:54:42.000Z</time>
      </trkpt>
      <trkpt lat="35.404399" lon="129.103937">
        <ele>825.1976577449901</ele>
        <time>2024-07-20T01:54:51.000Z</time>
      </trkpt>
      <trkpt lat="35.404378" lon="129.103986">
        <ele>825.7377650713692</ele>
        <time>2024-07-20T01:55:36.000Z</time>
      </trkpt>
      <trkpt lat="35.404361" lon="129.104037">
        <ele>826.4812142655302</ele>
        <time>2024-07-20T01:55:58.000Z</time>
      </trkpt>
      <trkpt lat="35.404348" lon="129.104090">
        <ele>827.4502870176515</ele>
        <time>2024-07-20T01:56:05.000Z</time>
      </trkpt>
      <trkpt lat="35.404336" lon="129.104143">
        <ele>828.5957756212067</ele>
        <time>2024-07-20T01:56:09.000Z</time>
      </trkpt>
      <trkpt lat="35.404321" lon="129.104195">
        <ele>829.8123040018456</ele>
        <time>2024-07-20T01:56:15.000Z</time>
      </trkpt>
      <trkpt lat="35.404304" lon="129.104246">
        <ele>830.9937805230436</ele>
        <time>2024-07-20T01:56:21.000Z</time>
      </trkpt>
      <trkpt lat="35.404285" lon="129.104296">
        <ele>832.0880542601416</ele>
        <time>2024-07-20T01:56:25.000Z</time>
      </trkpt>
      <trkpt lat="35.404270" lon="129.104348">
        <ele>833.0897437230017</ele>
        <time>2024-07-20T01:56:31.000Z</time>
      </trkpt>
      <trkpt lat="35.404260" lon="129.104401">
        <ele>833.9954356222862</ele>
        <time>2024-07-20T01:56:36.000Z</time>
      </trkpt>
      <trkpt lat="35.404256" lon="129.104456">
        <ele>834.8056201784065</ele>
        <time>2024-07-20T01:56:39.000Z</time>
      </trkpt>
      <trkpt lat="35.404256" lon="129.104511">
        <ele>835.551401715496</ele>
        <time>2024-07-20T01:56:48.000Z</time>
      </trkpt>
      <trkpt lat="35.404259" lon="129.104566">
        <ele>836.2824804312897</ele>
        <time>2024-07-20T01:56:52.000Z</time>
      </trkpt>
      <trkpt lat="35.404263" lon="129.104621">
        <ele>837.0348698425315</ele>
        <time>2024-07-20T01:56:55.000Z</time>
      </trkpt>
      <trkpt lat="35.404266" lon="129.104676">
        <ele>837.8195458617147</ele>
        <time>2024-07-20T01:57:00.000Z</time>
      </trkpt>
      <trkpt lat="35.404268" lon="129.104731">
        <ele>838.6286508586529</ele>
        <time>2024-07-20T01:57:07.000Z</time>
      </trkpt>
      <trkpt lat="35.404268" lon="129.104787">
        <ele>839.4380047829555</ele>
        <time>2024-07-20T01:57:09.000Z</time>
      </trkpt>
      <trkpt lat="35.404269" lon="129.104842">
        <ele>840.2203344367952</ele>
        <time>2024-07-20T01:57:13.000Z</time>
      </trkpt>
      <trkpt lat="35.404268" lon="129.104897">
        <ele>840.9778901232079</ele>
        <time>2024-07-20T01:57:21.000Z</time>
      </trkpt>
      <trkpt lat="35.404266" lon="129.104952">
        <ele>841.7477777961531</ele>
        <time>2024-07-20T01:57:29.000Z</time>
      </trkpt>
      <trkpt lat="35.404260" lon="129.105007">
        <ele>842.5629130582372</ele>
        <time>2024-07-20T01:57:30.000Z</time>
      </trkpt>
      <trkpt lat="35.404251" lon="129.105061">
        <ele>843.4339823123817</ele>
        <time>2024-07-20T01:57:41.000Z</time>
      </trkpt>
      <trkpt lat="35.404241" lon="129.105115">
        <ele>844.3713234714004</ele>
        <time>2024-07-20T01:57:45.000Z</time>
      </trkpt>
      <trkpt lat="35.404231" lon="129.105168">
        <ele>845.3777381764586</ele>
        <time>2024-07-20T01:57:47.000Z</time>
      </trkpt>
      <trkpt lat="35.404221" lon="129.105222">
        <ele>846.4143246375598</ele>
        <time>2024-07-20T01:57:51.000Z</time>
      </trkpt>
      <trkpt lat="35.404213" lon="129.105276">
        <ele>847.4091569732402</ele>
        <time>2024-07-20T01:57:59.000Z</time>
      </trkpt>
      <trkpt lat="35.404204" lon="129.105330">
        <ele>848.296461726497</ele>
        <time>2024-07-20T01:58:04.000Z</time>
      </trkpt>
      <trkpt lat="35.404197" lon="129.105385">
        <ele>849.0352477319252</ele>
        <time>2024-07-20T01:58:08.000Z</time>
      </trkpt>
      <trkpt lat="35.404193" lon="129.105440">
        <ele>849.6174542474794</ele>
        <time>2024-07-20T01:58:17.000Z</time>
      </trkpt>
      <trkpt lat="35.404192" lon="129.105495">
        <ele>850.0757214796057</ele>
        <time>2024-07-20T01:58:22.000Z</time>
      </trkpt>
      <trkpt lat="35.404194" lon="129.105550">
        <ele>850.4646959713283</ele>
        <time>2024-07-20T01:58:26.000Z</time>
      </trkpt>
      <trkpt lat="35.404200" lon="129.105605">
        <ele>850.8281497480684</ele>
        <time>2024-07-20T01:58:33.000Z</time>
      </trkpt>
      <trkpt lat="35.404209" lon="129.105659">
        <ele>851.1924056827462</ele>
        <time>2024-07-20T01:58:38.000Z</time>
      </trkpt>
      <trkpt lat="35.404220" lon="129.105712">
        <ele>851.5736430560868</ele>
        <time>2024-07-20T01:58:43.000Z</time>
      </trkpt>
      <trkpt lat="35.404231" lon="129.105766">
        <ele>851.9645180431327</ele>
        <time>2024-07-20T01:58:49.000Z</time>
      </trkpt>
      <trkpt lat="35.404242" lon="129.105819">
        <ele>852.3209347419275</ele>
        <time>2024-07-20T01:58:52.000Z</time>
      </trkpt>
      <trkpt lat="35.404255" lon="129.105872">
        <ele>852.589103014343</ele>
        <time>2024-07-20T01:58:57.000Z</time>
      </trkpt>
      <trkpt lat="35.404269" lon="129.105924">
        <ele>852.7536990990321</ele>
        <time>2024-07-20T01:59:00.000Z</time>
      </trkpt>
      <trkpt lat="35.404286" lon="129.105976">
        <ele>852.8510906985767</ele>
        <time>2024-07-20T01:59:09.000Z</time>
      </trkpt>
      <trkpt lat="35.404302" lon="129.106027">
        <ele>852.934752261389</ele>
        <time>2024-07-20T01:59:09.000Z</time>
      </trkpt>
      <trkpt lat="35.404316" lon="129.106080">
        <ele>853.0377971061849</ele>
        <time>2024-07-20T01:59:14.000Z</time>
      </trkpt>
      <trkpt lat="35.404325" lon="129.106133">
        <ele>853.1700878574703</ele>
        <time>2024-07-20T01:59:18.000Z</time>
      </trkpt>
      <trkpt lat="35.404329" lon="129.106188">
        <ele>853.3415995975662</ele>
        <time>2024-07-20T01:59:18.000Z</time>
      </trkpt>
      <trkpt lat="35.404329" lon="129.106243">
        <ele>853.576249530735</ele>
        <time>2024-07-20T01:59:26.000Z</time>
      </trkpt>
      <trkpt lat="35.404323" lon="129.106298">
        <ele>853.8922269896624</ele>
        <time>2024-07-20T01:59:29.000Z</time>
      </trkpt>
      <trkpt lat="35.404314" lon="129.106352">
        <ele>854.2775098890498</ele>
        <time>2024-07-20T01:59:33.000Z</time>
      </trkpt>
      <trkpt lat="35.404302" lon="129.106405">
        <ele>854.7114817223438</ele>
        <time>2024-07-20T01:59:41.000Z</time>
      </trkpt>
      <trkpt lat="35.404289" lon="129.106458">
        <ele>855.2085119241724</ele>
        <time>2024-07-20T01:59:41.000Z</time>
      </trkpt>
      <trkpt lat="35.404272" lon="129.106509">
        <ele>855.7986957537559</ele>
        <time>2024-07-20T01:59:51.000Z</time>
      </trkpt>
      <trkpt lat="35.404256" lon="129.106553">
        <ele>856.3801205116674</ele>
        <time>2024-07-20T01:59:51.000Z</time>
      </trkpt>
      <trkpt lat="35.404251" lon="129.106554">
        <ele>856.4746698951684</ele>
        <time>2024-07-20T01:59:51.000Z</time>
      </trkpt>
      <trkpt lat="35.404206" lon="129.106556">
        <ele>857.3255297154298</ele>
        <time>2024-07-20T02:00:07.000Z</time>
      </trkpt>
      <trkpt lat="35.404161" lon="129.106560">
        <ele>858.3896909089154</ele>
        <time>2024-07-20T02:00:15.000Z</time>
      </trkpt>
      <trkpt lat="35.404116" lon="129.106566">
        <ele>859.7045424014354</ele>
        <time>2024-07-20T02:00:21.000Z</time>
      </trkpt>
      <trkpt lat="35.404072" lon="129.106573">
        <ele>861.1860854788484</ele>
        <time>2024-07-20T02:00:27.000Z</time>
      </trkpt>
      <trkpt lat="35.404027" lon="129.106579">
        <ele>862.7436464979414</ele>
        <time>2024-07-20T02:00:36.000Z</time>
      </trkpt>
      <trkpt lat="35.403982" lon="129.106586">
        <ele>864.3461729208209</ele>
        <time>2024-07-20T02:00:46.000Z</time>
      </trkpt>
      <trkpt lat="35.403938" lon="129.106591">
        <ele>865.978992231935</ele>
        <time>2024-07-20T02:00:52.000Z</time>
      </trkpt>
      <trkpt lat="35.403893" lon="129.106596">
        <ele>867.5875222335376</ele>
        <time>2024-07-20T02:00:58.000Z</time>
      </trkpt>
      <trkpt lat="35.403848" lon="129.106598">
        <ele>869.0979214994219</ele>
        <time>2024-07-20T02:01:08.000Z</time>
      </trkpt>
      <trkpt lat="35.403803" lon="129.106595">
        <ele>870.4706283888636</ele>
        <time>2024-07-20T02:01:17.000Z</time>
      </trkpt>
      <trkpt lat="35.403759" lon="129.106587">
        <ele>871.7142868649852</ele>
        <time>2024-07-20T02:01:20.000Z</time>
      </trkpt>
      <trkpt lat="35.403715" lon="129.106575">
        <ele>872.8737988751741</ele>
        <time>2024-07-20T02:01:35.000Z</time>
      </trkpt>
      <trkpt lat="35.403671" lon="129.106562">
        <ele>874.0191475196117</ele>
        <time>2024-07-20T02:01:41.000Z</time>
      </trkpt>
      <trkpt lat="35.403627" lon="129.106552">
        <ele>875.2062869211585</ele>
        <time>2024-07-20T02:01:46.000Z</time>
      </trkpt>
      <trkpt lat="35.403582" lon="129.106546">
        <ele>876.4205244392729</ele>
        <time>2024-07-20T02:01:56.000Z</time>
      </trkpt>
      <trkpt lat="35.403537" lon="129.106544">
        <ele>877.5770608950962</ele>
        <time>2024-07-20T02:02:07.000Z</time>
      </trkpt>
      <trkpt lat="35.403493" lon="129.106540">
        <ele>878.5864353255614</ele>
        <time>2024-07-20T02:02:18.000Z</time>
      </trkpt>
      <trkpt lat="35.403448" lon="129.106533">
        <ele>879.4133553886489</ele>
        <time>2024-07-20T02:02:18.000Z</time>
      </trkpt>
      <trkpt lat="35.403404" lon="129.106521">
        <ele>880.0892417610335</ele>
        <time>2024-07-20T02:02:20.000Z</time>
      </trkpt>
      <trkpt lat="35.403361" lon="129.106504">
        <ele>880.6819609211069</ele>
        <time>2024-07-20T02:02:29.000Z</time>
      </trkpt>
      <trkpt lat="35.403320" lon="129.106484">
        <ele>881.25368504366</ele>
        <time>2024-07-20T02:02:34.000Z</time>
      </trkpt>
      <trkpt lat="35.403277" lon="129.106465">
        <ele>881.8389090372415</ele>
        <time>2024-07-20T02:02:38.000Z</time>
      </trkpt>
      <trkpt lat="35.403234" lon="129.106452">
        <ele>882.4449367981236</ele>
        <time>2024-07-20T02:02:48.000Z</time>
      </trkpt>
      <trkpt lat="35.403189" lon="129.106447">
        <ele>883.0684584927444</ele>
        <time>2024-07-20T02:02:50.000Z</time>
      </trkpt>
      <trkpt lat="35.403144" lon="129.106449">
        <ele>883.7153792574115</ele>
        <time>2024-07-20T02:02:53.000Z</time>
      </trkpt>
      <trkpt lat="35.403100" lon="129.106456">
        <ele>884.3997793452467</ele>
        <time>2024-07-20T02:03:04.000Z</time>
      </trkpt>
      <trkpt lat="35.403056" lon="129.106466">
        <ele>885.1250809712565</ele>
        <time>2024-07-20T02:03:07.000Z</time>
      </trkpt>
      <trkpt lat="35.403011" lon="129.106476">
        <ele>885.8728163472081</ele>
        <time>2024-07-20T02:03:08.000Z</time>
      </trkpt>
      <trkpt lat="35.402967" lon="129.106486">
        <ele>886.6120433096115</ele>
        <time>2024-07-20T02:03:17.000Z</time>
      </trkpt>
      <trkpt lat="35.402923" lon="129.106498">
        <ele>887.3261887586316</ele>
        <time>2024-07-20T02:03:23.000Z</time>
      </trkpt>
      <trkpt lat="35.402880" lon="129.106511">
        <ele>888.0318369883597</ele>
        <time>2024-07-20T02:03:29.000Z</time>
      </trkpt>
      <trkpt lat="35.402836" lon="129.106525">
        <ele>888.7685948585842</ele>
        <time>2024-07-20T02:03:37.000Z</time>
      </trkpt>
      <trkpt lat="35.402792" lon="129.106539">
        <ele>889.575475329137</ele>
        <time>2024-07-20T02:03:44.000Z</time>
      </trkpt>
      <trkpt lat="35.402749" lon="129.106551">
        <ele>890.4671022592784</ele>
        <time>2024-07-20T02:03:45.000Z</time>
      </trkpt>
      <trkpt lat="35.402704" lon="129.106561">
        <ele>891.4122228410945</ele>
        <time>2024-07-20T02:03:54.000Z</time>
      </trkpt>
      <trkpt lat="35.402660" lon="129.106566">
        <ele>892.3460857969175</ele>
        <time>2024-07-20T02:04:03.000Z</time>
      </trkpt>
      <trkpt lat="35.402615" lon="129.106569">
        <ele>893.2226432702209</ele>
        <time>2024-07-20T02:04:05.000Z</time>
      </trkpt>
      <trkpt lat="35.402570" lon="129.106568">
        <ele>894.042168745073</ele>
        <time>2024-07-20T02:04:08.000Z</time>
      </trkpt>
      <trkpt lat="35.402525" lon="129.106567">
        <ele>894.8226745186295</ele>
        <time>2024-07-20T02:04:17.000Z</time>
      </trkpt>
      <trkpt lat="35.402480" lon="129.106568">
        <ele>895.5623339251124</ele>
        <time>2024-07-20T02:04:21.000Z</time>
      </trkpt>
      <trkpt lat="35.402435" lon="129.106570">
        <ele>896.2348767860549</ele>
        <time>2024-07-20T02:04:28.000Z</time>
      </trkpt>
      <trkpt lat="35.402390" lon="129.106575">
        <ele>896.8215417927757</ele>
        <time>2024-07-20T02:04:28.000Z</time>
      </trkpt>
      <trkpt lat="35.402345" lon="129.106580">
        <ele>897.3511198647661</ele>
        <time>2024-07-20T02:04:38.000Z</time>
      </trkpt>
      <trkpt lat="35.402301" lon="129.106586">
        <ele>897.8994748106483</ele>
        <time>2024-07-20T02:04:40.000Z</time>
      </trkpt>
      <trkpt lat="35.402256" lon="129.106590">
        <ele>898.5489652344917</ele>
        <time>2024-07-20T02:04:49.000Z</time>
      </trkpt>
      <trkpt lat="35.402211" lon="129.106591">
        <ele>899.3720998140898</ele>
        <time>2024-07-20T02:04:57.000Z</time>
      </trkpt>
      <trkpt lat="35.402166" lon="129.106588">
        <ele>900.4469985681253</ele>
        <time>2024-07-20T02:05:01.000Z</time>
      </trkpt>
      <trkpt lat="35.402123" lon="129.106575">
        <ele>901.8156664043634</ele>
        <time>2024-07-20T02:05:10.000Z</time>
      </trkpt>
      <trkpt lat="35.402081" lon="129.106554">
        <ele>903.4028000913881</ele>
        <time>2024-07-20T02:05:23.000Z</time>
      </trkpt>
      <trkpt lat="35.402043" lon="129.106525">
        <ele>905.0724646767237</ele>
        <time>2024-07-20T02:05:33.000Z</time>
      </trkpt>
      <trkpt lat="35.402005" lon="129.106496">
        <ele>906.7750325377757</ele>
        <time>2024-07-20T02:05:42.000Z</time>
      </trkpt>
      <trkpt lat="35.401966" lon="129.106469">
        <ele>908.5257215765979</ele>
        <time>2024-07-20T02:05:48.000Z</time>
      </trkpt>
      <trkpt lat="35.401925" lon="129.106446">
        <ele>910.2657240584379</ele>
        <time>2024-07-20T02:05:56.000Z</time>
      </trkpt>
      <trkpt lat="35.401883" lon="129.106424">
        <ele>911.8669722155965</ele>
        <time>2024-07-20T02:06:07.000Z</time>
      </trkpt>
      <trkpt lat="35.401845" lon="129.106396">
        <ele>913.2436303333762</ele>
        <time>2024-07-20T02:06:15.000Z</time>
      </trkpt>
      <trkpt lat="35.401811" lon="129.106360">
        <ele>914.3677644366242</ele>
        <time>2024-07-20T02:06:30.000Z</time>
      </trkpt>
      <trkpt lat="35.401781" lon="129.106319">
        <ele>915.2486937847553</ele>
        <time>2024-07-20T02:06:30.000Z</time>
      </trkpt>
      <trkpt lat="35.401750" lon="129.106279">
        <ele>915.9406909374959</ele>
        <time>2024-07-20T02:06:36.000Z</time>
      </trkpt>
      <trkpt lat="35.401714" lon="129.106247">
        <ele>916.5231947198258</ele>
        <time>2024-07-20T02:06:40.000Z</time>
      </trkpt>
      <trkpt lat="35.401672" lon="129.106231">
        <ele>917.0830021438313</ele>
        <time>2024-07-20T02:06:49.000Z</time>
      </trkpt>
      <trkpt lat="35.401628" lon="129.106234">
        <ele>917.7092788705219</ele>
        <time>2024-07-20T02:06:54.000Z</time>
      </trkpt>
      <trkpt lat="35.401586" lon="129.106254">
        <ele>918.4376534781944</ele>
        <time>2024-07-20T02:07:03.000Z</time>
      </trkpt>
      <trkpt lat="35.401567" lon="129.106267">
        <ele>918.8189033585295</ele>
        <time>2024-07-20T02:07:03.000Z</time>
      </trkpt>
      <trkpt lat="35.401546" lon="129.106273">
        <ele>919.0778172261631</ele>
        <time>2024-07-20T02:07:03.000Z</time>
      </trkpt>
      <trkpt lat="35.401501" lon="129.106266">
        <ele>919.2968110099512</ele>
        <time>2024-07-20T02:08:00.000Z</time>
      </trkpt>
      <trkpt lat="35.401458" lon="129.106252">
        <ele>919.4766296990715</ele>
        <time>2024-07-20T02:08:08.000Z</time>
      </trkpt>
      <trkpt lat="35.401416" lon="129.106233">
        <ele>919.7782464588013</ele>
        <time>2024-07-20T02:08:19.000Z</time>
      </trkpt>
      <trkpt lat="35.401375" lon="129.106210">
        <ele>920.2282811556646</ele>
        <time>2024-07-20T02:08:27.000Z</time>
      </trkpt>
      <trkpt lat="35.401335" lon="129.106184">
        <ele>920.6716802094068</ele>
        <time>2024-07-20T02:08:35.000Z</time>
      </trkpt>
      <trkpt lat="35.401297" lon="129.106155">
        <ele>920.9583172986424</ele>
        <time>2024-07-20T02:08:35.000Z</time>
      </trkpt>
      <trkpt lat="35.401262" lon="129.106120">
        <ele>921.0515338696283</ele>
        <time>2024-07-20T02:08:44.000Z</time>
      </trkpt>
      <trkpt lat="35.401230" lon="129.106082">
        <ele>921.0106740481931</ele>
        <time>2024-07-20T02:09:08.000Z</time>
      </trkpt>
      <trkpt lat="35.401199" lon="129.106042">
        <ele>920.9349138986937</ele>
        <time>2024-07-20T02:09:17.000Z</time>
      </trkpt>
      <trkpt lat="35.401169" lon="129.106001">
        <ele>920.8582375018746</ele>
        <time>2024-07-20T02:09:29.000Z</time>
      </trkpt>
      <trkpt lat="35.401138" lon="129.105961">
        <ele>920.6443016440986</ele>
        <time>2024-07-20T02:09:35.000Z</time>
      </trkpt>
      <trkpt lat="35.401105" lon="129.105924">
        <ele>920.0649989747367</ele>
        <time>2024-07-20T02:09:38.000Z</time>
      </trkpt>
      <trkpt lat="35.401068" lon="129.105893">
        <ele>919.0470577043981</ele>
        <time>2024-07-20T02:09:43.000Z</time>
      </trkpt>
      <trkpt lat="35.401028" lon="129.105867">
        <ele>917.7767114716725</ele>
        <time>2024-07-20T02:09:48.000Z</time>
      </trkpt>
      <trkpt lat="35.400987" lon="129.105844">
        <ele>916.5258581035536</ele>
        <time>2024-07-20T02:09:55.000Z</time>
      </trkpt>
      <trkpt lat="35.400946" lon="129.105823">
        <ele>915.4432927672718</ele>
        <time>2024-07-20T02:10:00.000Z</time>
      </trkpt>
      <trkpt lat="35.400904" lon="129.105803">
        <ele>914.5174220891303</ele>
        <time>2024-07-20T02:10:04.000Z</time>
      </trkpt>
      <trkpt lat="35.400862" lon="129.105783">
        <ele>913.6555739513416</ele>
        <time>2024-07-20T02:10:27.000Z</time>
      </trkpt>
      <trkpt lat="35.400820" lon="129.105763">
        <ele>912.7384508899586</ele>
        <time>2024-07-20T02:10:43.000Z</time>
      </trkpt>
      <trkpt lat="35.400778" lon="129.105744">
        <ele>911.6390445982347</ele>
        <time>2024-07-20T02:10:48.000Z</time>
      </trkpt>
      <trkpt lat="35.400735" lon="129.105726">
        <ele>910.3036437134907</ele>
        <time>2024-07-20T02:10:51.000Z</time>
      </trkpt>
      <trkpt lat="35.400693" lon="129.105708">
        <ele>908.8658479760422</ele>
        <time>2024-07-20T02:10:56.000Z</time>
      </trkpt>
      <trkpt lat="35.400651" lon="129.105687">
        <ele>907.6147990321896</ele>
        <time>2024-07-20T02:10:56.000Z</time>
      </trkpt>
      <trkpt lat="35.400611" lon="129.105662">
        <ele>906.7877886253638</ele>
        <time>2024-07-20T02:11:02.000Z</time>
      </trkpt>
      <trkpt lat="35.400572" lon="129.105634">
        <ele>906.4152260288408</ele>
        <time>2024-07-20T02:11:07.000Z</time>
      </trkpt>
      <trkpt lat="35.400534" lon="129.105605">
        <ele>906.3767842477346</ele>
        <time>2024-07-20T02:11:10.000Z</time>
      </trkpt>
      <trkpt lat="35.400496" lon="129.105576">
        <ele>906.5354205173807</ele>
        <time>2024-07-20T02:11:14.000Z</time>
      </trkpt>
      <trkpt lat="35.400457" lon="129.105549">
        <ele>906.7919268644307</ele>
        <time>2024-07-20T02:11:17.000Z</time>
      </trkpt>
      <trkpt lat="35.400418" lon="129.105522">
        <ele>907.0754426944492</ele>
        <time>2024-07-20T02:11:17.000Z</time>
      </trkpt>
      <trkpt lat="35.400378" lon="129.105495">
        <ele>907.3366019296504</ele>
        <time>2024-07-20T02:11:27.000Z</time>
      </trkpt>
      <trkpt lat="35.400339" lon="129.105469">
        <ele>907.5612061803971</ele>
        <time>2024-07-20T02:11:27.000Z</time>
      </trkpt>
      <trkpt lat="35.400299" lon="129.105443">
        <ele>907.7854089636326</ele>
        <time>2024-07-20T02:11:34.000Z</time>
      </trkpt>
      <trkpt lat="35.400259" lon="129.105417">
        <ele>908.08631968938</ele>
        <time>2024-07-20T02:11:38.000Z</time>
      </trkpt>
      <trkpt lat="35.400219" lon="129.105393">
        <ele>908.5337071743537</ele>
        <time>2024-07-20T02:11:41.000Z</time>
      </trkpt>
      <trkpt lat="35.400178" lon="129.105371">
        <ele>909.1351010902126</ele>
        <time>2024-07-20T02:11:48.000Z</time>
      </trkpt>
      <trkpt lat="35.400136" lon="129.105351">
        <ele>909.8416212257156</ele>
        <time>2024-07-20T02:11:54.000Z</time>
      </trkpt>
      <trkpt lat="35.400093" lon="129.105334">
        <ele>910.604488548076</ele>
        <time>2024-07-20T02:11:59.000Z</time>
      </trkpt>
      <trkpt lat="35.400050" lon="129.105319">
        <ele>911.3917053364061</ele>
        <time>2024-07-20T02:12:05.000Z</time>
      </trkpt>
      <trkpt lat="35.400006" lon="129.105308">
        <ele>912.1614932995367</ele>
        <time>2024-07-20T02:12:10.000Z</time>
      </trkpt>
      <trkpt lat="35.399961" lon="129.105298">
        <ele>912.870705440553</ele>
        <time>2024-07-20T02:12:12.000Z</time>
      </trkpt>
      <trkpt lat="35.399917" lon="129.105289">
        <ele>913.5097434859256</ele>
        <time>2024-07-20T02:12:22.000Z</time>
      </trkpt>
      <trkpt lat="35.399873" lon="129.105278">
        <ele>914.1014157000093</ele>
        <time>2024-07-20T02:12:24.000Z</time>
      </trkpt>
      <trkpt lat="35.399830" lon="129.105262">
        <ele>914.6716140322446</ele>
        <time>2024-07-20T02:12:32.000Z</time>
      </trkpt>
      <trkpt lat="35.399789" lon="129.105239">
        <ele>915.2321712140755</ele>
        <time>2024-07-20T02:12:35.000Z</time>
      </trkpt>
      <trkpt lat="35.399751" lon="129.105210">
        <ele>915.7799315007493</ele>
        <time>2024-07-20T02:12:42.000Z</time>
      </trkpt>
      <trkpt lat="35.399716" lon="129.105176">
        <ele>916.296482154124</ele>
        <time>2024-07-20T02:12:42.000Z</time>
      </trkpt>
      <trkpt lat="35.399682" lon="129.105140">
        <ele>916.7479626132255</ele>
        <time>2024-07-20T02:12:47.000Z</time>
      </trkpt>
      <trkpt lat="35.399647" lon="129.105106">
        <ele>917.0965381570117</ele>
        <time>2024-07-20T02:12:47.000Z</time>
      </trkpt>
      <trkpt lat="35.399609" lon="129.105076">
        <ele>917.3207695283644</ele>
        <time>2024-07-20T02:12:59.000Z</time>
      </trkpt>
      <trkpt lat="35.399567" lon="129.105055">
        <ele>917.4268909584922</ele>
        <time>2024-07-20T02:12:59.000Z</time>
      </trkpt>
      <trkpt lat="35.399524" lon="129.105042">
        <ele>917.4356073940154</ele>
        <time>2024-07-20T02:13:06.000Z</time>
      </trkpt>
      <trkpt lat="35.399479" lon="129.105035">
        <ele>917.354453085324</ele>
        <time>2024-07-20T02:13:06.000Z</time>
      </trkpt>
      <trkpt lat="35.399434" lon="129.105035">
        <ele>917.166243008895</ele>
        <time>2024-07-20T02:13:11.000Z</time>
      </trkpt>
      <trkpt lat="35.399390" lon="129.105039">
        <ele>916.8426443164212</ele>
        <time>2024-07-20T02:13:17.000Z</time>
      </trkpt>
      <trkpt lat="35.399345" lon="129.105045">
        <ele>916.371088204929</ele>
        <time>2024-07-20T02:13:20.000Z</time>
      </trkpt>
      <trkpt lat="35.399300" lon="129.105051">
        <ele>915.781680462152</ele>
        <time>2024-07-20T02:13:21.000Z</time>
      </trkpt>
      <trkpt lat="35.399255" lon="129.105055">
        <ele>915.1525090014411</ele>
        <time>2024-07-20T02:13:32.000Z</time>
      </trkpt>
      <trkpt lat="35.399210" lon="129.105055">
        <ele>914.570510693845</ele>
        <time>2024-07-20T02:13:32.000Z</time>
      </trkpt>
      <trkpt lat="35.399166" lon="129.105052">
        <ele>914.0684888142753</ele>
        <time>2024-07-20T02:13:34.000Z</time>
      </trkpt>
      <trkpt lat="35.399121" lon="129.105043">
        <ele>913.6111901551733</ele>
        <time>2024-07-20T02:13:40.000Z</time>
      </trkpt>
      <trkpt lat="35.399077" lon="129.105032">
        <ele>913.1518436171048</ele>
        <time>2024-07-20T02:13:44.000Z</time>
      </trkpt>
      <trkpt lat="35.399033" lon="129.105019">
        <ele>912.6780288336977</ele>
        <time>2024-07-20T02:13:52.000Z</time>
      </trkpt>
      <trkpt lat="35.398989" lon="129.105009">
        <ele>912.1966912493971</ele>
        <time>2024-07-20T02:13:55.000Z</time>
      </trkpt>
      <trkpt lat="35.398945" lon="129.105004">
        <ele>911.7061314366847</ele>
        <time>2024-07-20T02:13:58.000Z</time>
      </trkpt>
      <trkpt lat="35.398900" lon="129.105007">
        <ele>911.1960337689461</ele>
        <time>2024-07-20T02:14:02.000Z</time>
      </trkpt>
      <trkpt lat="35.398855" lon="129.105015">
        <ele>910.6586205262801</ele>
        <time>2024-07-20T02:14:07.000Z</time>
      </trkpt>
      <trkpt lat="35.398811" lon="129.105026">
        <ele>910.0929912861942</ele>
        <time>2024-07-20T02:14:08.000Z</time>
      </trkpt>
      <trkpt lat="35.398768" lon="129.105039">
        <ele>909.5119622060023</ele>
        <time>2024-07-20T02:14:17.000Z</time>
      </trkpt>
      <trkpt lat="35.398724" lon="129.105053">
        <ele>908.9356937012112</ele>
        <time>2024-07-20T02:14:17.000Z</time>
      </trkpt>
      <trkpt lat="35.398682" lon="129.105072">
        <ele>908.3515280382084</ele>
        <time>2024-07-20T02:14:20.000Z</time>
      </trkpt>
      <trkpt lat="35.398645" lon="129.105103">
        <ele>907.7192706524498</ele>
        <time>2024-07-20T02:14:23.000Z</time>
      </trkpt>
      <trkpt lat="35.398620" lon="129.105147">
        <ele>907.0640934832676</ele>
        <time>2024-07-20T02:14:32.000Z</time>
      </trkpt>
      <trkpt lat="35.398610" lon="129.105200">
        <ele>906.4481433842699</ele>
        <time>2024-07-20T02:14:32.000Z</time>
      </trkpt>
      <trkpt lat="35.398612" lon="129.105255">
        <ele>905.8275338670902</ele>
        <time>2024-07-20T02:14:37.000Z</time>
      </trkpt>
      <trkpt lat="35.398621" lon="129.105309">
        <ele>905.1089343389829</ele>
        <time>2024-07-20T02:14:42.000Z</time>
      </trkpt>
      <trkpt lat="35.398633" lon="129.105362">
        <ele>904.2915960026104</ele>
        <time>2024-07-20T02:14:45.000Z</time>
      </trkpt>
      <trkpt lat="35.398647" lon="129.105415">
        <ele>903.4639919470151</ele>
        <time>2024-07-20T02:14:51.000Z</time>
      </trkpt>
      <trkpt lat="35.398661" lon="129.105467">
        <ele>902.703929786311</ele>
        <time>2024-07-20T02:14:53.000Z</time>
      </trkpt>
      <trkpt lat="35.398675" lon="129.105520">
        <ele>902.0261092892856</ele>
        <time>2024-07-20T02:14:56.000Z</time>
      </trkpt>
      <trkpt lat="35.398689" lon="129.105572">
        <ele>901.4103841894482</ele>
        <time>2024-07-20T02:15:02.000Z</time>
      </trkpt>
      <trkpt lat="35.398705" lon="129.105623">
        <ele>900.8450442431335</ele>
        <time>2024-07-20T02:15:03.000Z</time>
      </trkpt>
      <trkpt lat="35.398722" lon="129.105674">
        <ele>900.3426961060054</ele>
        <time>2024-07-20T02:15:09.000Z</time>
      </trkpt>
      <trkpt lat="35.398740" lon="129.105725">
        <ele>899.9283371334461</ele>
        <time>2024-07-20T02:15:09.000Z</time>
      </trkpt>
      <trkpt lat="35.398759" lon="129.105775">
        <ele>899.6066868629297</ele>
        <time>2024-07-20T02:15:20.000Z</time>
      </trkpt>
      <trkpt lat="35.398778" lon="129.105825">
        <ele>899.3421711505357</ele>
        <time>2024-07-20T02:15:20.000Z</time>
      </trkpt>
      <trkpt lat="35.398799" lon="129.105874">
        <ele>899.0833811527925</ele>
        <time>2024-07-20T02:15:23.000Z</time>
      </trkpt>
      <trkpt lat="35.398823" lon="129.105920">
        <ele>898.8047545816312</ele>
        <time>2024-07-20T02:15:31.000Z</time>
      </trkpt>
      <trkpt lat="35.398850" lon="129.105965">
        <ele>898.5139416323746</ele>
        <time>2024-07-20T02:15:31.000Z</time>
      </trkpt>
      <trkpt lat="35.398879" lon="129.106007">
        <ele>898.2241256312684</ele>
        <time>2024-07-20T02:15:38.000Z</time>
      </trkpt>
      <trkpt lat="35.398909" lon="129.106048">
        <ele>897.9325481105473</ele>
        <time>2024-07-20T02:15:38.000Z</time>
      </trkpt>
      <trkpt lat="35.398938" lon="129.106090">
        <ele>897.6237847860832</ele>
        <time>2024-07-20T02:15:45.000Z</time>
      </trkpt>
      <trkpt lat="35.398965" lon="129.106133">
        <ele>897.2801813675538</ele>
        <time>2024-07-20T02:15:45.000Z</time>
      </trkpt>
      <trkpt lat="35.398990" lon="129.106180">
        <ele>896.8783989974461</ele>
        <time>2024-07-20T02:15:50.000Z</time>
      </trkpt>
      <trkpt lat="35.399011" lon="129.106229">
        <ele>896.375042964039</ele>
        <time>2024-07-20T02:15:56.000Z</time>
      </trkpt>
      <trkpt lat="35.399030" lon="129.106278">
        <ele>895.716674320152</ele>
        <time>2024-07-20T02:16:02.000Z</time>
      </trkpt>
      <trkpt lat="35.399048" lon="129.106329">
        <ele>894.8946766840071</ele>
        <time>2024-07-20T02:16:03.000Z</time>
      </trkpt>
      <trkpt lat="35.399063" lon="129.106381">
        <ele>893.9869543888213</ele>
        <time>2024-07-20T02:16:12.000Z</time>
      </trkpt>
      <trkpt lat="35.399073" lon="129.106435">
        <ele>893.1132868239005</ele>
        <time>2024-07-20T02:16:12.000Z</time>
      </trkpt>
      <trkpt lat="35.399076" lon="129.106490">
        <ele>892.3354142644804</ele>
        <time>2024-07-20T02:16:19.000Z</time>
      </trkpt>
      <trkpt lat="35.399073" lon="129.106545">
        <ele>891.6082738925135</ele>
        <time>2024-07-20T02:16:24.000Z</time>
      </trkpt>
      <trkpt lat="35.399067" lon="129.106599">
        <ele>890.8419036801135</ele>
        <time>2024-07-20T02:16:26.000Z</time>
      </trkpt>
      <trkpt lat="35.399061" lon="129.106654">
        <ele>890.0172358335171</ele>
        <time>2024-07-20T02:16:30.000Z</time>
      </trkpt>
      <trkpt lat="35.399058" lon="129.106709">
        <ele>889.2403172599988</ele>
        <time>2024-07-20T02:16:52.000Z</time>
      </trkpt>
      <trkpt lat="35.399059" lon="129.106764">
        <ele>888.6762485934952</ele>
        <time>2024-07-20T02:16:57.000Z</time>
      </trkpt>
      <trkpt lat="35.399063" lon="129.106819">
        <ele>888.4229926763211</ele>
        <time>2024-07-20T02:17:04.000Z</time>
      </trkpt>
      <trkpt lat="35.399068" lon="129.106873">
        <ele>888.4592032833054</ele>
        <time>2024-07-20T02:17:08.000Z</time>
      </trkpt>
      <trkpt lat="35.399073" lon="129.106928">
        <ele>888.7016150625194</ele>
        <time>2024-07-20T02:17:14.000Z</time>
      </trkpt>
      <trkpt lat="35.399076" lon="129.106983">
        <ele>889.0770270085703</ele>
        <time>2024-07-20T02:17:19.000Z</time>
      </trkpt>
      <trkpt lat="35.399079" lon="129.107038">
        <ele>889.5328234452387</ele>
        <time>2024-07-20T02:17:23.000Z</time>
      </trkpt>
      <trkpt lat="35.399081" lon="129.107093">
        <ele>890.0141941721614</ele>
        <time>2024-07-20T02:17:29.000Z</time>
      </trkpt>
      <trkpt lat="35.399084" lon="129.107149">
        <ele>890.465291229714</ele>
        <time>2024-07-20T02:17:31.000Z</time>
      </trkpt>
      <trkpt lat="35.399088" lon="129.107204">
        <ele>890.8605861701757</ele>
        <time>2024-07-20T02:17:39.000Z</time>
      </trkpt>
      <trkpt lat="35.399093" lon="129.107258">
        <ele>891.234794505691</ele>
        <time>2024-07-20T02:17:43.000Z</time>
      </trkpt>
      <trkpt lat="35.399098" lon="129.107313">
        <ele>891.6673330761821</ele>
        <time>2024-07-20T02:17:47.000Z</time>
      </trkpt>
      <trkpt lat="35.399104" lon="129.107368">
        <ele>892.2186823673198</ele>
        <time>2024-07-20T02:17:57.000Z</time>
      </trkpt>
      <trkpt lat="35.399110" lon="129.107422">
        <ele>892.8794317978824</ele>
        <time>2024-07-20T02:18:01.000Z</time>
      </trkpt>
      <trkpt lat="35.399115" lon="129.107477">
        <ele>893.5807396109035</ele>
        <time>2024-07-20T02:18:05.000Z</time>
      </trkpt>
      <trkpt lat="35.399120" lon="129.107532">
        <ele>894.2676016030523</ele>
        <time>2024-07-20T02:18:09.000Z</time>
      </trkpt>
      <trkpt lat="35.399124" lon="129.107587">
        <ele>894.9692031169793</ele>
        <time>2024-07-20T02:18:17.000Z</time>
      </trkpt>
      <trkpt lat="35.399129" lon="129.107642">
        <ele>895.7740643951959</ele>
        <time>2024-07-20T02:18:23.000Z</time>
      </trkpt>
      <trkpt lat="35.399133" lon="129.107697">
        <ele>896.7359559738492</ele>
        <time>2024-07-20T02:18:26.000Z</time>
      </trkpt>
      <trkpt lat="35.399142" lon="129.107751">
        <ele>897.7982492646488</ele>
        <time>2024-07-20T02:18:40.000Z</time>
      </trkpt>
      <trkpt lat="35.399158" lon="129.107802">
        <ele>898.7550139207742</ele>
        <time>2024-07-20T02:18:49.000Z</time>
      </trkpt>
      <trkpt lat="35.399181" lon="129.107849">
        <ele>899.3522009970407</ele>
        <time>2024-07-20T02:18:49.000Z</time>
      </trkpt>
      <trkpt lat="35.399205" lon="129.107896">
        <ele>899.4395246360285</ele>
        <time>2024-07-20T02:18:57.000Z</time>
      </trkpt>
      <trkpt lat="35.399226" lon="129.107944">
        <ele>898.936624322949</ele>
        <time>2024-07-20T02:20:25.000Z</time>
      </trkpt>
      <trkpt lat="35.399250" lon="129.107991">
        <ele>897.9176315846958</ele>
        <time>2024-07-20T02:46:58.000Z</time>
      </trkpt>
      <trkpt lat="35.399283" lon="129.108028">
        <ele>896.8071757067025</ele>
        <time>2024-07-20T02:47:01.000Z</time>
      </trkpt>
      <trkpt lat="35.399322" lon="129.108055">
        <ele>896.0840093515134</ele>
        <time>2024-07-20T02:47:18.000Z</time>
      </trkpt>
      <trkpt lat="35.399363" lon="129.108076">
        <ele>895.8152550589313</ele>
        <time>2024-07-20T02:47:48.000Z</time>
      </trkpt>
      <trkpt lat="35.399404" lon="129.108098">
        <ele>895.7759401823129</ele>
        <time>2024-07-20T02:47:52.000Z</time>
      </trkpt>
      <trkpt lat="35.399444" lon="129.108125">
        <ele>895.790663715187</ele>
        <time>2024-07-20T02:47:52.000Z</time>
      </trkpt>
      <trkpt lat="35.399479" lon="129.108159">
        <ele>895.8374765058876</ele>
        <time>2024-07-20T02:48:00.000Z</time>
      </trkpt>
      <trkpt lat="35.399510" lon="129.108199">
        <ele>895.9543834136476</ele>
        <time>2024-07-20T02:48:00.000Z</time>
      </trkpt>
      <trkpt lat="35.399538" lon="129.108242">
        <ele>896.1656720437396</ele>
        <time>2024-07-20T02:48:08.000Z</time>
      </trkpt>
      <trkpt lat="35.399566" lon="129.108285">
        <ele>896.4783821223084</ele>
        <time>2024-07-20T02:48:10.000Z</time>
      </trkpt>
      <trkpt lat="35.399597" lon="129.108324">
        <ele>896.8978590441673</ele>
        <time>2024-07-20T02:48:17.000Z</time>
      </trkpt>
      <trkpt lat="35.399634" lon="129.108355">
        <ele>897.4186097777671</ele>
        <time>2024-07-20T02:48:22.000Z</time>
      </trkpt>
      <trkpt lat="35.399676" lon="129.108373">
        <ele>897.9726644590233</ele>
        <time>2024-07-20T02:48:26.000Z</time>
      </trkpt>
      <trkpt lat="35.399721" lon="129.108382">
        <ele>898.4259778668246</ele>
        <time>2024-07-20T02:48:30.000Z</time>
      </trkpt>
      <trkpt lat="35.399765" lon="129.108393">
        <ele>898.67110039028</ele>
        <time>2024-07-20T02:48:41.000Z</time>
      </trkpt>
      <trkpt lat="35.399806" lon="129.108414">
        <ele>898.7131870370116</ele>
        <time>2024-07-20T02:48:45.000Z</time>
      </trkpt>
      <trkpt lat="35.399841" lon="129.108448">
        <ele>898.6676776810632</ele>
        <time>2024-07-20T02:48:48.000Z</time>
      </trkpt>
      <trkpt lat="35.399870" lon="129.108490">
        <ele>898.6676377512431</ele>
        <time>2024-07-20T02:48:48.000Z</time>
      </trkpt>
      <trkpt lat="35.399892" lon="129.108538">
        <ele>898.7830909784956</ele>
        <time>2024-07-20T02:48:54.000Z</time>
      </trkpt>
      <trkpt lat="35.399911" lon="129.108588">
        <ele>899.0118070089059</ele>
        <time>2024-07-20T02:48:58.000Z</time>
      </trkpt>
      <trkpt lat="35.399929" lon="129.108638">
        <ele>899.3093990904817</ele>
        <time>2024-07-20T02:49:04.000Z</time>
      </trkpt>
      <trkpt lat="35.399951" lon="129.108687">
        <ele>899.603690859427</ele>
        <time>2024-07-20T02:49:08.000Z</time>
      </trkpt>
      <trkpt lat="35.399979" lon="129.108730">
        <ele>899.7688991412465</ele>
        <time>2024-07-20T02:49:10.000Z</time>
      </trkpt>
      <trkpt lat="35.400013" lon="129.108766">
        <ele>899.6641267159061</ele>
        <time>2024-07-20T02:49:16.000Z</time>
      </trkpt>
      <trkpt lat="35.400050" lon="129.108796">
        <ele>899.2829622020728</ele>
        <time>2024-07-20T02:49:20.000Z</time>
      </trkpt>
      <trkpt lat="35.400091" lon="129.108820">
        <ele>898.7924024055875</ele>
        <time>2024-07-20T02:49:26.000Z</time>
      </trkpt>
      <trkpt lat="35.400132" lon="129.108842">
        <ele>898.3635153474495</ele>
        <time>2024-07-20T02:49:26.000Z</time>
      </trkpt>
      <trkpt lat="35.400174" lon="129.108861">
        <ele>898.0389553750547</ele>
        <time>2024-07-20T02:49:26.000Z</time>
      </trkpt>
      <trkpt lat="35.400216" lon="129.108881">
        <ele>897.7763997024038</ele>
        <time>2024-07-20T02:49:36.000Z</time>
      </trkpt>
      <trkpt lat="35.400258" lon="129.108901">
        <ele>897.5416742376865</ele>
        <time>2024-07-20T02:49:38.000Z</time>
      </trkpt>
      <trkpt lat="35.400300" lon="129.108922">
        <ele>897.3335714107047</ele>
        <time>2024-07-20T02:49:38.000Z</time>
      </trkpt>
      <trkpt lat="35.400341" lon="129.108943">
        <ele>897.1520271223878</ele>
        <time>2024-07-20T02:49:48.000Z</time>
      </trkpt>
      <trkpt lat="35.400383" lon="129.108964">
        <ele>896.9880203486115</ele>
        <time>2024-07-20T02:49:50.000Z</time>
      </trkpt>
      <trkpt lat="35.400425" lon="129.108984">
        <ele>896.842851585441</ele>
        <time>2024-07-20T02:49:54.000Z</time>
      </trkpt>
      <trkpt lat="35.400467" lon="129.109003">
        <ele>896.7222349119777</ele>
        <time>2024-07-20T02:50:02.000Z</time>
      </trkpt>
      <trkpt lat="35.400510" lon="129.109020">
        <ele>896.6152028850764</ele>
        <time>2024-07-20T02:50:02.000Z</time>
      </trkpt>
      <trkpt lat="35.400552" lon="129.109037">
        <ele>896.4921805143522</ele>
        <time>2024-07-20T02:50:02.000Z</time>
      </trkpt>
      <trkpt lat="35.400595" lon="129.109054">
        <ele>896.3129225407755</ele>
        <time>2024-07-20T02:50:11.000Z</time>
      </trkpt>
      <trkpt lat="35.400638" lon="129.109070">
        <ele>896.0409946893484</ele>
        <time>2024-07-20T02:50:14.000Z</time>
      </trkpt>
      <trkpt lat="35.400681" lon="129.109085">
        <ele>895.6724143655323</ele>
        <time>2024-07-20T02:50:16.000Z</time>
      </trkpt>
      <trkpt lat="35.400724" lon="129.109102">
        <ele>895.2525378268995</ele>
        <time>2024-07-20T02:50:22.000Z</time>
      </trkpt>
      <trkpt lat="35.400767" lon="129.109120">
        <ele>894.8487682816861</ele>
        <time>2024-07-20T02:50:29.000Z</time>
      </trkpt>
      <trkpt lat="35.400809" lon="129.109139">
        <ele>894.4978148322905</ele>
        <time>2024-07-20T02:50:29.000Z</time>
      </trkpt>
      <trkpt lat="35.400851" lon="129.109158">
        <ele>894.1878849090742</ele>
        <time>2024-07-20T02:50:34.000Z</time>
      </trkpt>
      <trkpt lat="35.400894" lon="129.109176">
        <ele>893.8861150360594</ele>
        <time>2024-07-20T02:50:40.000Z</time>
      </trkpt>
      <trkpt lat="35.400936" lon="129.109193">
        <ele>893.5652681575406</ele>
        <time>2024-07-20T02:50:42.000Z</time>
      </trkpt>
      <trkpt lat="35.400980" lon="129.109208">
        <ele>893.2149005948727</ele>
        <time>2024-07-20T02:50:46.000Z</time>
      </trkpt>
      <trkpt lat="35.401023" lon="129.109222">
        <ele>892.853581334369</ele>
        <time>2024-07-20T02:50:51.000Z</time>
      </trkpt>
      <trkpt lat="35.401067" lon="129.109237">
        <ele>892.5362117865577</ele>
        <time>2024-07-20T02:50:55.000Z</time>
      </trkpt>
      <trkpt lat="35.401109" lon="129.109256">
        <ele>892.326874050897</ele>
        <time>2024-07-20T02:50:59.000Z</time>
      </trkpt>
      <trkpt lat="35.401149" lon="129.109280">
        <ele>892.2475645328284</ele>
        <time>2024-07-20T02:51:04.000Z</time>
      </trkpt>
      <trkpt lat="35.401188" lon="129.109307">
        <ele>892.2660145921018</ele>
        <time>2024-07-20T02:51:06.000Z</time>
      </trkpt>
      <trkpt lat="35.401227" lon="129.109336">
        <ele>892.3258434835399</ele>
        <time>2024-07-20T02:51:11.000Z</time>
      </trkpt>
      <trkpt lat="35.401264" lon="129.109365">
        <ele>892.3612390863381</ele>
        <time>2024-07-20T02:51:17.000Z</time>
      </trkpt>
      <trkpt lat="35.401302" lon="129.109396">
        <ele>892.2898440881316</ele>
        <time>2024-07-20T02:51:19.000Z</time>
      </trkpt>
      <trkpt lat="35.401337" lon="129.109430">
        <ele>892.0048789422679</ele>
        <time>2024-07-20T02:51:19.000Z</time>
      </trkpt>
      <trkpt lat="35.401371" lon="129.109466">
        <ele>891.4123315155124</ele>
        <time>2024-07-20T02:51:28.000Z</time>
      </trkpt>
      <trkpt lat="35.401405" lon="129.109503">
        <ele>890.5663902797523</ele>
        <time>2024-07-20T02:51:32.000Z</time>
      </trkpt>
      <trkpt lat="35.401438" lon="129.109540">
        <ele>889.715009776764</ele>
        <time>2024-07-20T02:51:36.000Z</time>
      </trkpt>
      <trkpt lat="35.401473" lon="129.109575">
        <ele>889.0842309296132</ele>
        <time>2024-07-20T02:51:40.000Z</time>
      </trkpt>
      <trkpt lat="35.401508" lon="129.109609">
        <ele>888.7106870541248</ele>
        <time>2024-07-20T02:51:40.000Z</time>
      </trkpt>
      <trkpt lat="35.401545" lon="129.109640">
        <ele>888.5281276432979</ele>
        <time>2024-07-20T02:51:48.000Z</time>
      </trkpt>
      <trkpt lat="35.401583" lon="129.109669">
        <ele>888.4856788865667</ele>
        <time>2024-07-20T02:51:48.000Z</time>
      </trkpt>
      <trkpt lat="35.401623" lon="129.109696">
        <ele>888.5601170725022</ele>
        <time>2024-07-20T02:51:54.000Z</time>
      </trkpt>
      <trkpt lat="35.401664" lon="129.109718">
        <ele>888.7243529253707</ele>
        <time>2024-07-20T02:51:57.000Z</time>
      </trkpt>
      <trkpt lat="35.401706" lon="129.109737">
        <ele>888.9475678279971</ele>
        <time>2024-07-20T02:51:57.000Z</time>
      </trkpt>
      <trkpt lat="35.401748" lon="129.109756">
        <ele>889.2268533537673</ele>
        <time>2024-07-20T02:52:06.000Z</time>
      </trkpt>
      <trkpt lat="35.401789" lon="129.109779">
        <ele>889.5890010071494</ele>
        <time>2024-07-20T02:52:08.000Z</time>
      </trkpt>
      <trkpt lat="35.401827" lon="129.109809">
        <ele>890.0663293465224</ele>
        <time>2024-07-20T02:52:15.000Z</time>
      </trkpt>
      <trkpt lat="35.401860" lon="129.109846">
        <ele>890.6878936652417</ele>
        <time>2024-07-20T02:52:16.000Z</time>
      </trkpt>
      <trkpt lat="35.401890" lon="129.109887">
        <ele>891.4706955726565</ele>
        <time>2024-07-20T02:52:21.000Z</time>
      </trkpt>
      <trkpt lat="35.401919" lon="129.109929">
        <ele>892.4506916775175</ele>
        <time>2024-07-20T02:52:26.000Z</time>
      </trkpt>
      <trkpt lat="35.401950" lon="129.109969">
        <ele>893.764204120889</ele>
        <time>2024-07-20T02:52:30.000Z</time>
      </trkpt>
      <trkpt lat="35.401983" lon="129.110007">
        <ele>895.5193053923651</ele>
        <time>2024-07-20T02:52:34.000Z</time>
      </trkpt>
      <trkpt lat="35.402019" lon="129.110039">
        <ele>897.3733831884148</ele>
        <time>2024-07-20T02:54:14.000Z</time>
      </trkpt>
      <trkpt lat="35.402058" lon="129.110067">
        <ele>898.5348718725113</ele>
        <time>2024-07-20T02:54:47.000Z</time>
      </trkpt>
      <trkpt lat="35.402097" lon="129.110094">
        <ele>898.5040462939176</ele>
        <time>2024-07-20T02:54:51.000Z</time>
      </trkpt>
      <trkpt lat="35.402132" lon="129.110128">
        <ele>897.5621274065201</ele>
        <time>2024-07-20T02:55:01.000Z</time>
      </trkpt>
      <trkpt lat="35.402161" lon="129.110170">
        <ele>896.4981312485837</ele>
        <time>2024-07-20T02:55:05.000Z</time>
      </trkpt>
      <trkpt lat="35.402187" lon="129.110215">
        <ele>895.9667952994145</ele>
        <time>2024-07-20T02:55:13.000Z</time>
      </trkpt>
      <trkpt lat="35.402216" lon="129.110258">
        <ele>896.2022515718038</ele>
        <time>2024-07-20T02:55:25.000Z</time>
      </trkpt>
      <trkpt lat="35.402247" lon="129.110297">
        <ele>897.0846285601244</ele>
        <time>2024-07-20T02:55:29.000Z</time>
      </trkpt>
      <trkpt lat="35.402279" lon="129.110336">
        <ele>898.2721013590142</ele>
        <time>2024-07-20T02:55:32.000Z</time>
      </trkpt>
      <trkpt lat="35.402312" lon="129.110374">
        <ele>899.3654731094574</ele>
        <time>2024-07-20T02:55:36.000Z</time>
      </trkpt>
      <trkpt lat="35.402343" lon="129.110413">
        <ele>900.0812985340763</ele>
        <time>2024-07-20T02:55:40.000Z</time>
      </trkpt>
      <trkpt lat="35.402374" lon="129.110453">
        <ele>900.3360293256106</ele>
        <time>2024-07-20T02:55:44.000Z</time>
      </trkpt>
      <trkpt lat="35.402405" lon="129.110493">
        <ele>900.1902477926316</ele>
        <time>2024-07-20T02:55:48.000Z</time>
      </trkpt>
      <trkpt lat="35.402437" lon="129.110533">
        <ele>899.7622337468156</ele>
        <time>2024-07-20T02:55:51.000Z</time>
      </trkpt>
      <trkpt lat="35.402468" lon="129.110572">
        <ele>899.1982741502973</ele>
        <time>2024-07-20T02:55:56.000Z</time>
      </trkpt>
      <trkpt lat="35.402502" lon="129.110608">
        <ele>898.6395428260986</ele>
        <time>2024-07-20T02:55:58.000Z</time>
      </trkpt>
      <trkpt lat="35.402539" lon="129.110639">
        <ele>898.138455669419</ele>
        <time>2024-07-20T02:56:04.000Z</time>
      </trkpt>
      <trkpt lat="35.402578" lon="129.110667">
        <ele>897.6072697797858</ele>
        <time>2024-07-20T02:56:11.000Z</time>
      </trkpt>
      <trkpt lat="35.402616" lon="129.110696">
        <ele>896.8933545067341</ele>
        <time>2024-07-20T02:56:12.000Z</time>
      </trkpt>
      <trkpt lat="35.402652" lon="129.110729">
        <ele>895.9238479221196</ele>
        <time>2024-07-20T02:56:16.000Z</time>
      </trkpt>
      <trkpt lat="35.402687" lon="129.110765">
        <ele>894.7667740310261</ele>
        <time>2024-07-20T02:56:24.000Z</time>
      </trkpt>
      <trkpt lat="35.402720" lon="129.110801">
        <ele>893.5880172127135</ele>
        <time>2024-07-20T02:56:27.000Z</time>
      </trkpt>
      <trkpt lat="35.402754" lon="129.110838">
        <ele>892.5599479745642</ele>
        <time>2024-07-20T02:56:32.000Z</time>
      </trkpt>
      <trkpt lat="35.402787" lon="129.110875">
        <ele>891.7684351444751</ele>
        <time>2024-07-20T02:56:38.000Z</time>
      </trkpt>
      <trkpt lat="35.402819" lon="129.110914">
        <ele>891.195147521533</ele>
        <time>2024-07-20T02:56:38.000Z</time>
      </trkpt>
      <trkpt lat="35.402850" lon="129.110953">
        <ele>890.7739441100143</ele>
        <time>2024-07-20T02:56:45.000Z</time>
      </trkpt>
      <trkpt lat="35.402881" lon="129.110994">
        <ele>890.4380967534498</ele>
        <time>2024-07-20T02:56:48.000Z</time>
      </trkpt>
      <trkpt lat="35.402911" lon="129.111035">
        <ele>890.1242372724619</ele>
        <time>2024-07-20T02:56:48.000Z</time>
      </trkpt>
      <trkpt lat="35.402942" lon="129.111076">
        <ele>889.7763488475189</ele>
        <time>2024-07-20T02:56:58.000Z</time>
      </trkpt>
      <trkpt lat="35.402972" lon="129.111117">
        <ele>889.3702240162538</ele>
        <time>2024-07-20T02:56:59.000Z</time>
      </trkpt>
      <trkpt lat="35.403001" lon="129.111158">
        <ele>888.9203577427518</ele>
        <time>2024-07-20T02:57:06.000Z</time>
      </trkpt>
      <trkpt lat="35.403031" lon="129.111200">
        <ele>888.4560125489955</ele>
        <time>2024-07-20T02:57:10.000Z</time>
      </trkpt>
      <trkpt lat="35.403059" lon="129.111243">
        <ele>887.9982958192267</ele>
        <time>2024-07-20T02:57:13.000Z</time>
      </trkpt>
      <trkpt lat="35.403087" lon="129.111286">
        <ele>887.5518940018542</ele>
        <time>2024-07-20T02:57:21.000Z</time>
      </trkpt>
      <trkpt lat="35.403092" lon="129.111295">
        <ele>887.461685285951</ele>
        <time>2024-07-20T02:57:21.000Z</time>
      </trkpt>
      <trkpt lat="35.403092" lon="129.111339">
        <ele>886.6113112339372</ele>
        <time>2024-07-20T02:57:21.000Z</time>
      </trkpt>
      <trkpt lat="35.403094" lon="129.111394">
        <ele>885.6232411849134</ele>
        <time>2024-07-20T02:57:27.000Z</time>
      </trkpt>
      <trkpt lat="35.403099" lon="129.111449">
        <ele>884.8309880773706</ele>
        <time>2024-07-20T02:57:36.000Z</time>
      </trkpt>
      <trkpt lat="35.403108" lon="129.111503">
        <ele>884.3090929757839</ele>
        <time>2024-07-20T02:57:38.000Z</time>
      </trkpt>
      <trkpt lat="35.403119" lon="129.111556">
        <ele>884.0301363808717</ele>
        <time>2024-07-20T02:57:48.000Z</time>
      </trkpt>
      <trkpt lat="35.403128" lon="129.111610">
        <ele>883.9045028918713</ele>
        <time>2024-07-20T02:57:48.000Z</time>
      </trkpt>
      <trkpt lat="35.403138" lon="129.111664">
        <ele>883.8531027952347</ele>
        <time>2024-07-20T02:57:55.000Z</time>
      </trkpt>
      <trkpt lat="35.403149" lon="129.111717">
        <ele>883.8363158926111</ele>
        <time>2024-07-20T02:57:55.000Z</time>
      </trkpt>
      <trkpt lat="35.403166" lon="129.111768">
        <ele>883.8401252967154</ele>
        <time>2024-07-20T02:58:04.000Z</time>
      </trkpt>
      <trkpt lat="35.403189" lon="129.111816">
        <ele>883.8520065656094</ele>
        <time>2024-07-20T02:58:04.000Z</time>
      </trkpt>
      <trkpt lat="35.403214" lon="129.111861">
        <ele>883.8534991891042</ele>
        <time>2024-07-20T02:58:12.000Z</time>
      </trkpt>
      <trkpt lat="35.403240" lon="129.111906">
        <ele>883.8345022305789</ele>
        <time>2024-07-20T02:58:15.000Z</time>
      </trkpt>
      <trkpt lat="35.403265" lon="129.111953">
        <ele>883.8042230166209</ele>
        <time>2024-07-20T02:58:20.000Z</time>
      </trkpt>
      <trkpt lat="35.403287" lon="129.112001">
        <ele>883.7790612305902</ele>
        <time>2024-07-20T02:58:21.000Z</time>
      </trkpt>
      <trkpt lat="35.403308" lon="129.112049">
        <ele>883.7652652549942</ele>
        <time>2024-07-20T02:58:29.000Z</time>
      </trkpt>
      <trkpt lat="35.403330" lon="129.112097">
        <ele>883.7573001511886</ele>
        <time>2024-07-20T02:58:35.000Z</time>
      </trkpt>
      <trkpt lat="35.403352" lon="129.112146">
        <ele>883.7430675042033</ele>
        <time>2024-07-20T02:58:35.000Z</time>
      </trkpt>
      <trkpt lat="35.403372" lon="129.112195">
        <ele>883.7020969251688</ele>
        <time>2024-07-20T02:58:43.000Z</time>
      </trkpt>
      <trkpt lat="35.403390" lon="129.112246">
        <ele>883.6001126458992</ele>
        <time>2024-07-20T02:58:44.000Z</time>
      </trkpt>
      <trkpt lat="35.403406" lon="129.112297">
        <ele>883.3983915048015</ele>
        <time>2024-07-20T02:58:50.000Z</time>
      </trkpt>
      <trkpt lat="35.403421" lon="129.112349">
        <ele>883.0895185611043</ele>
        <time>2024-07-20T02:58:55.000Z</time>
      </trkpt>
      <trkpt lat="35.403436" lon="129.112401">
        <ele>882.7286079071041</ele>
        <time>2024-07-20T02:58:57.000Z</time>
      </trkpt>
      <trkpt lat="35.403451" lon="129.112453">
        <ele>882.4103181791446</ele>
        <time>2024-07-20T02:58:59.000Z</time>
      </trkpt>
      <trkpt lat="35.403467" lon="129.112505">
        <ele>882.2095820165018</ele>
        <time>2024-07-20T02:59:05.000Z</time>
      </trkpt>
      <trkpt lat="35.403484" lon="129.112556">
        <ele>882.1568196102664</ele>
        <time>2024-07-20T02:59:11.000Z</time>
      </trkpt>
      <trkpt lat="35.403504" lon="129.112605">
        <ele>882.2558109836913</ele>
        <time>2024-07-20T02:59:11.000Z</time>
      </trkpt>
      <trkpt lat="35.403527" lon="129.112653">
        <ele>882.4895399359414</ele>
        <time>2024-07-20T02:59:16.000Z</time>
      </trkpt>
      <trkpt lat="35.403552" lon="129.112698">
        <ele>882.8062090136759</ele>
        <time>2024-07-20T02:59:23.000Z</time>
      </trkpt>
      <trkpt lat="35.403579" lon="129.112742">
        <ele>883.1343729216135</ele>
        <time>2024-07-20T02:59:24.000Z</time>
      </trkpt>
      <trkpt lat="35.403607" lon="129.112786">
        <ele>883.4330091503522</ele>
        <time>2024-07-20T02:59:24.000Z</time>
      </trkpt>
      <trkpt lat="35.403635" lon="129.112829">
        <ele>883.7200053303557</ele>
        <time>2024-07-20T02:59:36.000Z</time>
      </trkpt>
      <trkpt lat="35.403662" lon="129.112873">
        <ele>884.0484681966723</ele>
        <time>2024-07-20T02:59:36.000Z</time>
      </trkpt>
      <trkpt lat="35.403689" lon="129.112917">
        <ele>884.4596181603465</ele>
        <time>2024-07-20T02:59:40.000Z</time>
      </trkpt>
      <trkpt lat="35.403717" lon="129.112960">
        <ele>884.9442962657591</ele>
        <time>2024-07-20T02:59:47.000Z</time>
      </trkpt>
      <trkpt lat="35.403747" lon="129.113001">
        <ele>885.4262620362372</ele>
        <time>2024-07-20T02:59:52.000Z</time>
      </trkpt>
      <trkpt lat="35.403780" lon="129.113038">
        <ele>885.7857181522734</ele>
        <time>2024-07-20T02:59:56.000Z</time>
      </trkpt>
      <trkpt lat="35.403817" lon="129.113069">
        <ele>885.9254894047265</ele>
        <time>2024-07-20T03:00:02.000Z</time>
      </trkpt>
      <trkpt lat="35.403856" lon="129.113097">
        <ele>885.8301346352287</ele>
        <time>2024-07-20T03:00:04.000Z</time>
      </trkpt>
      <trkpt lat="35.403896" lon="129.113124">
        <ele>885.5580527262796</ele>
        <time>2024-07-20T03:00:09.000Z</time>
      </trkpt>
      <trkpt lat="35.403933" lon="129.113154">
        <ele>885.1877276066504</ele>
        <time>2024-07-20T03:00:13.000Z</time>
      </trkpt>
      <trkpt lat="35.403966" lon="129.113191">
        <ele>884.7934437347178</ele>
        <time>2024-07-20T03:00:16.000Z</time>
      </trkpt>
      <trkpt lat="35.403993" lon="129.113235">
        <ele>884.4558428966296</ele>
        <time>2024-07-20T03:00:19.000Z</time>
      </trkpt>
      <trkpt lat="35.404013" lon="129.113284">
        <ele>884.2363537325685</ele>
        <time>2024-07-20T03:00:21.000Z</time>
      </trkpt>
      <trkpt lat="35.404030" lon="129.113335">
        <ele>884.1302080389609</ele>
        <time>2024-07-20T03:00:28.000Z</time>
      </trkpt>
      <trkpt lat="35.404049" lon="129.113385">
        <ele>884.0782806744992</ele>
        <time>2024-07-20T03:00:31.000Z</time>
      </trkpt>
      <trkpt lat="35.404074" lon="129.113432">
        <ele>884.0223457764287</ele>
        <time>2024-07-20T03:00:42.000Z</time>
      </trkpt>
      <trkpt lat="35.404105" lon="129.113471">
        <ele>883.9463503018692</ele>
        <time>2024-07-20T03:00:42.000Z</time>
      </trkpt>
      <trkpt lat="35.404141" lon="129.113503">
        <ele>883.8726815764959</ele>
        <time>2024-07-20T03:00:51.000Z</time>
      </trkpt>
      <trkpt lat="35.404182" lon="129.113527">
        <ele>883.825608586499</ele>
        <time>2024-07-20T03:00:52.000Z</time>
      </trkpt>
      <trkpt lat="35.404224" lon="129.113547">
        <ele>883.7994822256593</ele>
        <time>2024-07-20T03:01:00.000Z</time>
      </trkpt>
      <trkpt lat="35.404266" lon="129.113564">
        <ele>883.7521126797292</ele>
        <time>2024-07-20T03:01:07.000Z</time>
      </trkpt>
      <trkpt lat="35.404309" lon="129.113582">
        <ele>883.6293691262296</ele>
        <time>2024-07-20T03:01:08.000Z</time>
      </trkpt>
      <trkpt lat="35.404351" lon="129.113602">
        <ele>883.4076991639863</ele>
        <time>2024-07-20T03:01:14.000Z</time>
      </trkpt>
      <trkpt lat="35.404392" lon="129.113625">
        <ele>883.1047058594191</ele>
        <time>2024-07-20T03:01:20.000Z</time>
      </trkpt>
      <trkpt lat="35.404433" lon="129.113647">
        <ele>882.7353477005961</ele>
        <time>2024-07-20T03:01:25.000Z</time>
      </trkpt>
      <trkpt lat="35.404474" lon="129.113668">
        <ele>882.2785881659055</ele>
        <time>2024-07-20T03:01:28.000Z</time>
      </trkpt>
      <trkpt lat="35.404515" lon="129.113692">
        <ele>881.708089682678</ele>
        <time>2024-07-20T03:01:32.000Z</time>
      </trkpt>
      <trkpt lat="35.404554" lon="129.113719">
        <ele>881.0372233566876</ele>
        <time>2024-07-20T03:01:36.000Z</time>
      </trkpt>
      <trkpt lat="35.404593" lon="129.113747">
        <ele>880.3110652799257</ele>
        <time>2024-07-20T03:01:43.000Z</time>
      </trkpt>
      <trkpt lat="35.404632" lon="129.113773">
        <ele>879.5671926634933</ele>
        <time>2024-07-20T03:01:46.000Z</time>
      </trkpt>
      <trkpt lat="35.404673" lon="129.113797">
        <ele>878.8061050845818</ele>
        <time>2024-07-20T03:01:46.000Z</time>
      </trkpt>
      <trkpt lat="35.404715" lon="129.113817">
        <ele>877.9951245070226</ele>
        <time>2024-07-20T03:01:53.000Z</time>
      </trkpt>
      <trkpt lat="35.404757" lon="129.113835">
        <ele>877.1346141571609</ele>
        <time>2024-07-20T03:01:56.000Z</time>
      </trkpt>
      <trkpt lat="35.404800" lon="129.113853">
        <ele>876.3223444436704</ele>
        <time>2024-07-20T03:02:00.000Z</time>
      </trkpt>
      <trkpt lat="35.404842" lon="129.113870">
        <ele>875.7042977459773</ele>
        <time>2024-07-20T03:02:11.000Z</time>
      </trkpt>
      <trkpt lat="35.404885" lon="129.113888">
        <ele>875.3578033916787</ele>
        <time>2024-07-20T03:02:11.000Z</time>
      </trkpt>
      <trkpt lat="35.404927" lon="129.113909">
        <ele>875.2534380293748</ele>
        <time>2024-07-20T03:02:16.000Z</time>
      </trkpt>
      <trkpt lat="35.404965" lon="129.113937">
        <ele>875.3017317357155</ele>
        <time>2024-07-20T03:02:18.000Z</time>
      </trkpt>
      <trkpt lat="35.404998" lon="129.113974">
        <ele>875.382207224366</ele>
        <time>2024-07-20T03:02:24.000Z</time>
      </trkpt>
      <trkpt lat="35.405026" lon="129.114018">
        <ele>875.3505236931372</ele>
        <time>2024-07-20T03:02:25.000Z</time>
      </trkpt>
      <trkpt lat="35.405051" lon="129.114063">
        <ele>875.0676270412793</ele>
        <time>2024-07-20T03:02:32.000Z</time>
      </trkpt>
      <trkpt lat="35.405079" lon="129.114106">
        <ele>874.4476917303683</ele>
        <time>2024-07-20T03:02:38.000Z</time>
      </trkpt>
      <trkpt lat="35.405109" lon="129.114147">
        <ele>873.498119559312</ele>
        <time>2024-07-20T03:02:41.000Z</time>
      </trkpt>
      <trkpt lat="35.405141" lon="129.114186">
        <ele>872.2898066176277</ele>
        <time>2024-07-20T03:02:47.000Z</time>
      </trkpt>
      <trkpt lat="35.405172" lon="129.114226">
        <ele>870.8925552547274</ele>
        <time>2024-07-20T03:02:51.000Z</time>
      </trkpt>
      <trkpt lat="35.405203" lon="129.114266">
        <ele>869.3636386882698</ele>
        <time>2024-07-20T03:02:58.000Z</time>
      </trkpt>
      <trkpt lat="35.405234" lon="129.114306">
        <ele>867.7889429602633</ele>
        <time>2024-07-20T03:03:04.000Z</time>
      </trkpt>
      <trkpt lat="35.405264" lon="129.114347">
        <ele>866.296290784756</ele>
        <time>2024-07-20T03:03:14.000Z</time>
      </trkpt>
      <trkpt lat="35.405295" lon="129.114387">
        <ele>865.016793183894</ele>
        <time>2024-07-20T03:03:15.000Z</time>
      </trkpt>
      <trkpt lat="35.405328" lon="129.114424">
        <ele>864.0469208069732</ele>
        <time>2024-07-20T03:03:24.000Z</time>
      </trkpt>
      <trkpt lat="35.405363" lon="129.114460">
        <ele>863.4072311374665</ele>
        <time>2024-07-20T03:03:32.000Z</time>
      </trkpt>
      <trkpt lat="35.405396" lon="129.114496">
        <ele>862.9984830387734</ele>
        <time>2024-07-20T03:03:39.000Z</time>
      </trkpt>
      <trkpt lat="35.405429" lon="129.114534">
        <ele>862.6094773334981</ele>
        <time>2024-07-20T03:03:41.000Z</time>
      </trkpt>
      <trkpt lat="35.405461" lon="129.114574">
        <ele>862.006098901648</ele>
        <time>2024-07-20T03:03:46.000Z</time>
      </trkpt>
      <trkpt lat="35.405492" lon="129.114613">
        <ele>861.0443936194262</ele>
        <time>2024-07-20T03:03:49.000Z</time>
      </trkpt>
      <trkpt lat="35.405525" lon="129.114651">
        <ele>859.7040790164295</ele>
        <time>2024-07-20T03:03:58.000Z</time>
      </trkpt>
      <trkpt lat="35.405559" lon="129.114687">
        <ele>858.020942563395</ele>
        <time>2024-07-20T03:04:03.000Z</time>
      </trkpt>
      <trkpt lat="35.405594" lon="129.114722">
        <ele>856.0213252387056</ele>
        <time>2024-07-20T03:04:13.000Z</time>
      </trkpt>
      <trkpt lat="35.405629" lon="129.114756">
        <ele>853.7775323529289</ele>
        <time>2024-07-20T03:04:14.000Z</time>
      </trkpt>
      <trkpt lat="35.405664" lon="129.114791">
        <ele>851.5215372850009</ele>
        <time>2024-07-20T03:04:21.000Z</time>
      </trkpt>
      <trkpt lat="35.405699" lon="129.114825">
        <ele>849.5944337555395</ele>
        <time>2024-07-20T03:04:28.000Z</time>
      </trkpt>
      <trkpt lat="35.405736" lon="129.114857">
        <ele>848.2197069759882</ele>
        <time>2024-07-20T03:04:33.000Z</time>
      </trkpt>
      <trkpt lat="35.405774" lon="129.114887">
        <ele>847.366940539935</ele>
        <time>2024-07-20T03:04:39.000Z</time>
      </trkpt>
      <trkpt lat="35.405813" lon="129.114914">
        <ele>846.8404317650663</ele>
        <time>2024-07-20T03:04:51.000Z</time>
      </trkpt>
      <trkpt lat="35.405852" lon="129.114940">
        <ele>846.4142447384196</ele>
        <time>2024-07-20T03:04:58.000Z</time>
      </trkpt>
      <trkpt lat="35.405893" lon="129.114963">
        <ele>845.856576976781</ele>
        <time>2024-07-20T03:05:02.000Z</time>
      </trkpt>
      <trkpt lat="35.405936" lon="129.114981">
        <ele>844.9480239812294</ele>
        <time>2024-07-20T03:05:06.000Z</time>
      </trkpt>
      <trkpt lat="35.405980" lon="129.114992">
        <ele>843.6089467536272</ele>
        <time>2024-07-20T03:05:14.000Z</time>
      </trkpt>
      <trkpt lat="35.406024" lon="129.114996">
        <ele>841.9922945320278</ele>
        <time>2024-07-20T03:05:26.000Z</time>
      </trkpt>
      <trkpt lat="35.406069" lon="129.114998">
        <ele>840.3480658821227</ele>
        <time>2024-07-20T03:05:29.000Z</time>
      </trkpt>
      <trkpt lat="35.406114" lon="129.115005">
        <ele>838.8393300396893</ele>
        <time>2024-07-20T03:05:37.000Z</time>
      </trkpt>
      <trkpt lat="35.406157" lon="129.115021">
        <ele>837.5021694898732</ele>
        <time>2024-07-20T03:05:47.000Z</time>
      </trkpt>
      <trkpt lat="35.406197" lon="129.115045">
        <ele>836.2618953842691</ele>
        <time>2024-07-20T03:05:48.000Z</time>
      </trkpt>
      <trkpt lat="35.406236" lon="129.115073">
        <ele>835.0166322552844</ele>
        <time>2024-07-20T03:05:56.000Z</time>
      </trkpt>
      <trkpt lat="35.406272" lon="129.115105">
        <ele>833.7492337858172</ele>
        <time>2024-07-20T03:06:00.000Z</time>
      </trkpt>
      <trkpt lat="35.406308" lon="129.115139">
        <ele>832.547243301777</ele>
        <time>2024-07-20T03:06:05.000Z</time>
      </trkpt>
      <trkpt lat="35.406344" lon="129.115172">
        <ele>831.5344405811925</ele>
        <time>2024-07-20T03:06:10.000Z</time>
      </trkpt>
      <trkpt lat="35.406380" lon="129.115204">
        <ele>830.7918516269822</ele>
        <time>2024-07-20T03:06:16.000Z</time>
      </trkpt>
      <trkpt lat="35.406416" lon="129.115238">
        <ele>830.3217745573512</ele>
        <time>2024-07-20T03:06:19.000Z</time>
      </trkpt>
      <trkpt lat="35.406450" lon="129.115274">
        <ele>830.0565576771751</ele>
        <time>2024-07-20T03:06:33.000Z</time>
      </trkpt>
      <trkpt lat="35.406481" lon="129.115313">
        <ele>829.870829102385</ele>
        <time>2024-07-20T03:06:33.000Z</time>
      </trkpt>
      <trkpt lat="35.406510" lon="129.115356">
        <ele>829.5971885633755</ele>
        <time>2024-07-20T03:06:41.000Z</time>
      </trkpt>
      <trkpt lat="35.406537" lon="129.115400">
        <ele>829.0891466167444</ele>
        <time>2024-07-20T03:06:44.000Z</time>
      </trkpt>
      <trkpt lat="35.406564" lon="129.115445">
        <ele>828.310173870663</ele>
        <time>2024-07-20T03:06:50.000Z</time>
      </trkpt>
      <trkpt lat="35.406591" lon="129.115488">
        <ele>827.3534584924182</ele>
        <time>2024-07-20T03:06:57.000Z</time>
      </trkpt>
      <trkpt lat="35.406617" lon="129.115533">
        <ele>826.3471094095027</ele>
        <time>2024-07-20T03:06:57.000Z</time>
      </trkpt>
      <trkpt lat="35.406643" lon="129.115578">
        <ele>825.3390138282474</ele>
        <time>2024-07-20T03:07:05.000Z</time>
      </trkpt>
      <trkpt lat="35.406668" lon="129.115624">
        <ele>824.2842104308838</ele>
        <time>2024-07-20T03:07:11.000Z</time>
      </trkpt>
      <trkpt lat="35.406694" lon="129.115669">
        <ele>823.1230824989412</ele>
        <time>2024-07-20T03:07:19.000Z</time>
      </trkpt>
      <trkpt lat="35.406721" lon="129.115713">
        <ele>821.8300675740873</ele>
        <time>2024-07-20T03:07:25.000Z</time>
      </trkpt>
      <trkpt lat="35.406749" lon="129.115756">
        <ele>820.408548746239</ele>
        <time>2024-07-20T03:07:29.000Z</time>
      </trkpt>
      <trkpt lat="35.406777" lon="129.115800">
        <ele>818.8736711358223</ele>
        <time>2024-07-20T03:07:38.000Z</time>
      </trkpt>
      <trkpt lat="35.406803" lon="129.115845">
        <ele>817.1963631491145</ele>
        <time>2024-07-20T03:07:44.000Z</time>
      </trkpt>
      <trkpt lat="35.406824" lon="129.115894">
        <ele>815.2551200527889</ele>
        <time>2024-07-20T03:07:50.000Z</time>
      </trkpt>
      <trkpt lat="35.406834" lon="129.115947">
        <ele>812.9695262633927</ele>
        <time>2024-07-20T03:08:01.000Z</time>
      </trkpt>
      <trkpt lat="35.406830" lon="129.116001">
        <ele>810.5724023663317</ele>
        <time>2024-07-20T03:08:09.000Z</time>
      </trkpt>
      <trkpt lat="35.406813" lon="129.116052">
        <ele>808.4412857016781</ele>
        <time>2024-07-20T03:08:14.000Z</time>
      </trkpt>
      <trkpt lat="35.406791" lon="129.116100">
        <ele>806.5572170645241</ele>
        <time>2024-07-20T03:08:27.000Z</time>
      </trkpt>
      <trkpt lat="35.406773" lon="129.116151">
        <ele>804.4435629615604</ele>
        <time>2024-07-20T03:08:28.000Z</time>
      </trkpt>
      <trkpt lat="35.406771" lon="129.116205">
        <ele>801.783682752119</ele>
        <time>2024-07-20T03:08:38.000Z</time>
      </trkpt>
      <trkpt lat="35.406785" lon="129.116258">
        <ele>799.0656031775936</ele>
        <time>2024-07-20T03:08:43.000Z</time>
      </trkpt>
      <trkpt lat="35.406801" lon="129.116309">
        <ele>796.7800637943159</ele>
        <time>2024-07-20T03:08:59.000Z</time>
      </trkpt>
      <trkpt lat="35.406807" lon="129.116363">
        <ele>794.9959193556987</ele>
        <time>2024-07-20T03:09:06.000Z</time>
      </trkpt>
      <trkpt lat="35.406798" lon="129.116417">
        <ele>793.6506130558284</ele>
        <time>2024-07-20T03:09:09.000Z</time>
      </trkpt>
      <trkpt lat="35.406780" lon="129.116468">
        <ele>792.5871574859528</ele>
        <time>2024-07-20T03:09:17.000Z</time>
      </trkpt>
      <trkpt lat="35.406759" lon="129.116516">
        <ele>791.6572326714968</ele>
        <time>2024-07-20T03:09:20.000Z</time>
      </trkpt>
      <trkpt lat="35.406736" lon="129.116564">
        <ele>790.7565233977713</ele>
        <time>2024-07-20T03:09:28.000Z</time>
      </trkpt>
      <trkpt lat="35.406712" lon="129.116610">
        <ele>789.8483709062224</ele>
        <time>2024-07-20T03:09:31.000Z</time>
      </trkpt>
      <trkpt lat="35.406688" lon="129.116657">
        <ele>788.9745792479782</ele>
        <time>2024-07-20T03:09:33.000Z</time>
      </trkpt>
      <trkpt lat="35.406664" lon="129.116704">
        <ele>788.1643588340844</ele>
        <time>2024-07-20T03:09:37.000Z</time>
      </trkpt>
      <trkpt lat="35.406641" lon="129.116751">
        <ele>787.3586921160436</ele>
        <time>2024-07-20T03:09:44.000Z</time>
      </trkpt>
      <trkpt lat="35.406618" lon="129.116798">
        <ele>786.4840270870651</ele>
        <time>2024-07-20T03:09:51.000Z</time>
      </trkpt>
      <trkpt lat="35.406593" lon="129.116844">
        <ele>785.5329740971325</ele>
        <time>2024-07-20T03:09:57.000Z</time>
      </trkpt>
      <trkpt lat="35.406567" lon="129.116889">
        <ele>784.5038086091068</ele>
        <time>2024-07-20T03:09:57.000Z</time>
      </trkpt>
      <trkpt lat="35.406541" lon="129.116934">
        <ele>783.3476786892572</ele>
        <time>2024-07-20T03:10:02.000Z</time>
      </trkpt>
      <trkpt lat="35.406519" lon="129.116982">
        <ele>782.0515200046881</ele>
        <time>2024-07-20T03:10:07.000Z</time>
      </trkpt>
      <trkpt lat="35.406502" lon="129.117033">
        <ele>780.7024407015808</ele>
        <time>2024-07-20T03:10:14.000Z</time>
      </trkpt>
      <trkpt lat="35.406492" lon="129.117087">
        <ele>779.4302104395813</ele>
        <time>2024-07-20T03:10:27.000Z</time>
      </trkpt>
      <trkpt lat="35.406491" lon="129.117142">
        <ele>778.3350132942592</ele>
        <time>2024-07-20T03:10:27.000Z</time>
      </trkpt>
      <trkpt lat="35.406495" lon="129.117197">
        <ele>777.4270876718551</ele>
        <time>2024-07-20T03:10:34.000Z</time>
      </trkpt>
      <trkpt lat="35.406502" lon="129.117252">
        <ele>776.6144329818426</ele>
        <time>2024-07-20T03:10:38.000Z</time>
      </trkpt>
      <trkpt lat="35.406507" lon="129.117306">
        <ele>775.7902166025862</ele>
        <time>2024-07-20T03:10:43.000Z</time>
      </trkpt>
      <trkpt lat="35.406511" lon="129.117361">
        <ele>774.9097474353501</ele>
        <time>2024-07-20T03:10:46.000Z</time>
      </trkpt>
      <trkpt lat="35.406515" lon="129.117416">
        <ele>773.9912821848548</ele>
        <time>2024-07-20T03:10:53.000Z</time>
      </trkpt>
      <trkpt lat="35.406520" lon="129.117471">
        <ele>773.0657733021529</ele>
        <time>2024-07-20T03:10:53.000Z</time>
      </trkpt>
      <trkpt lat="35.406524" lon="129.117526">
        <ele>772.1262033143626</ele>
        <time>2024-07-20T03:10:59.000Z</time>
      </trkpt>
      <trkpt lat="35.406528" lon="129.117581">
        <ele>771.12957733216</ele>
        <time>2024-07-20T03:11:03.000Z</time>
      </trkpt>
      <trkpt lat="35.406536" lon="129.117635">
        <ele>770.0478457795163</ele>
        <time>2024-07-20T03:11:08.000Z</time>
      </trkpt>
      <trkpt lat="35.406547" lon="129.117689">
        <ele>768.9169654534264</ele>
        <time>2024-07-20T03:11:13.000Z</time>
      </trkpt>
      <trkpt lat="35.406559" lon="129.117742">
        <ele>767.7946924908094</ele>
        <time>2024-07-20T03:11:27.000Z</time>
      </trkpt>
      <trkpt lat="35.406569" lon="129.117796">
        <ele>766.6865400783158</ele>
        <time>2024-07-20T03:11:31.000Z</time>
      </trkpt>
      <trkpt lat="35.406575" lon="129.117851">
        <ele>765.5580200796809</ele>
        <time>2024-07-20T03:11:36.000Z</time>
      </trkpt>
      <trkpt lat="35.406577" lon="129.117906">
        <ele>764.3683305961893</ele>
        <time>2024-07-20T03:11:41.000Z</time>
      </trkpt>
      <trkpt lat="35.406578" lon="129.117961">
        <ele>763.0535995977266</ele>
        <time>2024-07-20T03:11:42.000Z</time>
      </trkpt>
      <trkpt lat="35.406579" lon="129.118016">
        <ele>761.5519462577319</ele>
        <time>2024-07-20T03:11:51.000Z</time>
      </trkpt>
      <trkpt lat="35.406579" lon="129.118071">
        <ele>759.9021494512482</ele>
        <time>2024-07-20T03:11:58.000Z</time>
      </trkpt>
      <trkpt lat="35.406577" lon="129.118126">
        <ele>758.2698524950808</ele>
        <time>2024-07-20T03:12:03.000Z</time>
      </trkpt>
      <trkpt lat="35.406574" lon="129.118181">
        <ele>756.8110704816097</ele>
        <time>2024-07-20T03:12:06.000Z</time>
      </trkpt>
      <trkpt lat="35.406571" lon="129.118236">
        <ele>755.5303227824589</ele>
        <time>2024-07-20T03:12:11.000Z</time>
      </trkpt>
      <trkpt lat="35.406568" lon="129.118291">
        <ele>754.3036466087942</ele>
        <time>2024-07-20T03:12:18.000Z</time>
      </trkpt>
      <trkpt lat="35.406567" lon="129.118347">
        <ele>752.9792887868614</ele>
        <time>2024-07-20T03:12:21.000Z</time>
      </trkpt>
      <trkpt lat="35.406568" lon="129.118402">
        <ele>751.4399894500035</ele>
        <time>2024-07-20T03:12:28.000Z</time>
      </trkpt>
      <trkpt lat="35.406572" lon="129.118457">
        <ele>749.6690209653012</ele>
        <time>2024-07-20T03:12:34.000Z</time>
      </trkpt>
      <trkpt lat="35.406578" lon="129.118511">
        <ele>747.8279365608831</ele>
        <time>2024-07-20T03:12:42.000Z</time>
      </trkpt>
      <trkpt lat="35.406586" lon="129.118566">
        <ele>746.1808094558585</ele>
        <time>2024-07-20T03:12:45.000Z</time>
      </trkpt>
      <trkpt lat="35.406593" lon="129.118620">
        <ele>744.8860502749052</ele>
        <time>2024-07-20T03:12:50.000Z</time>
      </trkpt>
      <trkpt lat="35.406599" lon="129.118675">
        <ele>743.9166303608239</ele>
        <time>2024-07-20T03:12:54.000Z</time>
      </trkpt>
      <trkpt lat="35.406603" lon="129.118730">
        <ele>743.1608377043483</ele>
        <time>2024-07-20T03:12:54.000Z</time>
      </trkpt>
      <trkpt lat="35.406602" lon="129.118785">
        <ele>742.5110146964693</ele>
        <time>2024-07-20T03:13:00.000Z</time>
      </trkpt>
      <trkpt lat="35.406597" lon="129.118840">
        <ele>741.86886815149</ele>
        <time>2024-07-20T03:13:00.000Z</time>
      </trkpt>
      <trkpt lat="35.406588" lon="129.118893">
        <ele>741.1753034532892</ele>
        <time>2024-07-20T03:13:06.000Z</time>
      </trkpt>
      <trkpt lat="35.406577" lon="129.118947">
        <ele>740.4775409733413</ele>
        <time>2024-07-20T03:13:11.000Z</time>
      </trkpt>
      <trkpt lat="35.406566" lon="129.119001">
        <ele>739.9032949247643</ele>
        <time>2024-07-20T03:13:14.000Z</time>
      </trkpt>
      <trkpt lat="35.406558" lon="129.119055">
        <ele>739.5319354896402</ele>
        <time>2024-07-20T03:13:21.000Z</time>
      </trkpt>
      <trkpt lat="35.406551" lon="129.119109">
        <ele>739.3210563311238</ele>
        <time>2024-07-20T03:13:21.000Z</time>
      </trkpt>
      <trkpt lat="35.406550" lon="129.119122">
        <ele>739.2800464714434</ele>
        <time>2024-07-20T03:13:21.000Z</time>
      </trkpt>
      <trkpt lat="35.406566" lon="129.119159">
        <ele>739.7135748890104</ele>
        <time>2024-07-20T03:13:30.000Z</time>
      </trkpt>
      <trkpt lat="35.406592" lon="129.119204">
        <ele>740.5969004523938</ele>
        <time>2024-07-20T03:14:23.000Z</time>
      </trkpt>
      <trkpt lat="35.406625" lon="129.119243">
        <ele>741.7043298571105</ele>
        <time>2024-07-20T03:14:30.000Z</time>
      </trkpt>
      <trkpt lat="35.406660" lon="129.119277">
        <ele>742.7344463872035</ele>
        <time>2024-07-20T03:14:33.000Z</time>
      </trkpt>
      <trkpt lat="35.406694" lon="129.119313">
        <ele>743.5731205063133</ele>
        <time>2024-07-20T03:14:35.000Z</time>
      </trkpt>
      <trkpt lat="35.406724" lon="129.119354">
        <ele>744.2155282468007</ele>
        <time>2024-07-20T03:14:39.000Z</time>
      </trkpt>
      <trkpt lat="35.406751" lon="129.119398">
        <ele>744.6950044565705</ele>
        <time>2024-07-20T03:14:44.000Z</time>
      </trkpt>
      <trkpt lat="35.406778" lon="129.119442">
        <ele>745.0783929895265</ele>
        <time>2024-07-20T03:14:53.000Z</time>
      </trkpt>
      <trkpt lat="35.406807" lon="129.119484">
        <ele>745.4017253166631</ele>
        <time>2024-07-20T03:14:56.000Z</time>
      </trkpt>
      <trkpt lat="35.406840" lon="129.119522">
        <ele>745.6484648913771</ele>
        <time>2024-07-20T03:14:56.000Z</time>
      </trkpt>
      <trkpt lat="35.406877" lon="129.119554">
        <ele>745.806648683078</ele>
        <time>2024-07-20T03:15:03.000Z</time>
      </trkpt>
      <trkpt lat="35.406915" lon="129.119582">
        <ele>745.9030068271812</ele>
        <time>2024-07-20T03:15:06.000Z</time>
      </trkpt>
      <trkpt lat="35.406955" lon="129.119608">
        <ele>745.9794356235038</ele>
        <time>2024-07-20T03:15:15.000Z</time>
      </trkpt>
      <trkpt lat="35.406993" lon="129.119637">
        <ele>746.0743794867691</ele>
        <time>2024-07-20T03:15:16.000Z</time>
      </trkpt>
      <trkpt lat="35.407028" lon="129.119672">
        <ele>746.237956481179</ele>
        <time>2024-07-20T03:15:16.000Z</time>
      </trkpt>
      <trkpt lat="35.407060" lon="129.119711">
        <ele>746.5235775570579</ele>
        <time>2024-07-20T03:15:26.000Z</time>
      </trkpt>
      <trkpt lat="35.407091" lon="129.119750">
        <ele>746.9238359377384</ele>
        <time>2024-07-20T03:15:27.000Z</time>
      </trkpt>
      <trkpt lat="35.407123" lon="129.119789">
        <ele>747.3615740159834</ele>
        <time>2024-07-20T03:15:32.000Z</time>
      </trkpt>
      <trkpt lat="35.407156" lon="129.119827">
        <ele>747.7830930436306</ele>
        <time>2024-07-20T03:15:40.000Z</time>
      </trkpt>
      <trkpt lat="35.407188" lon="129.119865">
        <ele>748.1941312781543</ele>
        <time>2024-07-20T03:15:41.000Z</time>
      </trkpt>
      <trkpt lat="35.407221" lon="129.119903">
        <ele>748.5944642450394</ele>
        <time>2024-07-20T03:15:46.000Z</time>
      </trkpt>
      <trkpt lat="35.407254" lon="129.119940">
        <ele>748.9536523444486</ele>
        <time>2024-07-20T03:15:48.000Z</time>
      </trkpt>
      <trkpt lat="35.407288" lon="129.119976">
        <ele>749.2659623392672</ele>
        <time>2024-07-20T03:15:50.000Z</time>
      </trkpt>
      <trkpt lat="35.407322" lon="129.120012">
        <ele>749.5767354769038</ele>
        <time>2024-07-20T03:15:57.000Z</time>
      </trkpt>
      <trkpt lat="35.407354" lon="129.120052">
        <ele>749.9312565430887</ele>
        <time>2024-07-20T03:15:58.000Z</time>
      </trkpt>
      <trkpt lat="35.407385" lon="129.120092">
        <ele>750.3624337603495</ele>
        <time>2024-07-20T03:16:08.000Z</time>
      </trkpt>
      <trkpt lat="35.407418" lon="129.120129">
        <ele>750.9316053781669</ele>
        <time>2024-07-20T03:16:08.000Z</time>
      </trkpt>
      <trkpt lat="35.407456" lon="129.120158">
        <ele>751.6623181456924</ele>
        <time>2024-07-20T03:16:15.000Z</time>
      </trkpt>
      <trkpt lat="35.407497" lon="129.120180">
        <ele>752.4651897912069</ele>
        <time>2024-07-20T03:16:27.000Z</time>
      </trkpt>
      <trkpt lat="35.407539" lon="129.120199">
        <ele>753.2366451824824</ele>
        <time>2024-07-20T03:16:34.000Z</time>
      </trkpt>
      <trkpt lat="35.407579" lon="129.120224">
        <ele>753.9273848497298</ele>
        <time>2024-07-20T03:16:34.000Z</time>
      </trkpt>
      <trkpt lat="35.407616" lon="129.120257">
        <ele>754.492667555496</ele>
        <time>2024-07-20T03:16:37.000Z</time>
      </trkpt>
      <trkpt lat="35.407646" lon="129.120298">
        <ele>754.8754369953261</ele>
        <time>2024-07-20T03:16:43.000Z</time>
      </trkpt>
      <trkpt lat="35.407670" lon="129.120344">
        <ele>755.0485560192279</ele>
        <time>2024-07-20T03:16:47.000Z</time>
      </trkpt>
      <trkpt lat="35.407689" lon="129.120394">
        <ele>755.0456188315127</ele>
        <time>2024-07-20T03:16:57.000Z</time>
      </trkpt>
      <trkpt lat="35.407706" lon="129.120445">
        <ele>754.9333252965671</ele>
        <time>2024-07-20T03:16:57.000Z</time>
      </trkpt>
      <trkpt lat="35.407723" lon="129.120497">
        <ele>754.7738714779686</ele>
        <time>2024-07-20T03:17:02.000Z</time>
      </trkpt>
      <trkpt lat="35.407738" lon="129.120548">
        <ele>754.6356233963711</ele>
        <time>2024-07-20T03:17:04.000Z</time>
      </trkpt>
      <trkpt lat="35.407750" lon="129.120601">
        <ele>754.5993087423093</ele>
        <time>2024-07-20T03:17:05.000Z</time>
      </trkpt>
      <trkpt lat="35.407760" lon="129.120655">
        <ele>754.7166319086641</ele>
        <time>2024-07-20T03:17:14.000Z</time>
      </trkpt>
      <trkpt lat="35.407771" lon="129.120709">
        <ele>754.9875585917821</ele>
        <time>2024-07-20T03:17:17.000Z</time>
      </trkpt>
      <trkpt lat="35.407789" lon="129.120759">
        <ele>755.3798599246758</ele>
        <time>2024-07-20T03:17:20.000Z</time>
      </trkpt>
      <trkpt lat="35.407816" lon="129.120803">
        <ele>755.8510305614059</ele>
        <time>2024-07-20T03:17:26.000Z</time>
      </trkpt>
      <trkpt lat="35.407850" lon="129.120840">
        <ele>756.383381936051</ele>
        <time>2024-07-20T03:17:30.000Z</time>
      </trkpt>
      <trkpt lat="35.407887" lon="129.120870">
        <ele>756.9978243822665</ele>
        <time>2024-07-20T03:17:34.000Z</time>
      </trkpt>
      <trkpt lat="35.407925" lon="129.120899">
        <ele>757.7009012236067</ele>
        <time>2024-07-20T03:17:40.000Z</time>
      </trkpt>
      <trkpt lat="35.407965" lon="129.120926">
        <ele>758.4543033079385</ele>
        <time>2024-07-20T03:17:42.000Z</time>
      </trkpt>
      <trkpt lat="35.408005" lon="129.120951">
        <ele>759.2016253208984</ele>
        <time>2024-07-20T03:17:45.000Z</time>
      </trkpt>
      <trkpt lat="35.408045" lon="129.120975">
        <ele>759.9062738251458</ele>
        <time>2024-07-20T03:17:51.000Z</time>
      </trkpt>
      <trkpt lat="35.408086" lon="129.120997">
        <ele>760.5569107392502</ele>
        <time>2024-07-20T03:17:54.000Z</time>
      </trkpt>
      <trkpt lat="35.408127" lon="129.121020">
        <ele>761.1431873673241</ele>
        <time>2024-07-20T03:18:01.000Z</time>
      </trkpt>
      <trkpt lat="35.408168" lon="129.121043">
        <ele>761.6558509035624</ele>
        <time>2024-07-20T03:18:05.000Z</time>
      </trkpt>
      <trkpt lat="35.408208" lon="129.121069">
        <ele>762.1176524634338</ele>
        <time>2024-07-20T03:18:11.000Z</time>
      </trkpt>
      <trkpt lat="35.408245" lon="129.121099">
        <ele>762.5827304998472</ele>
        <time>2024-07-20T03:18:19.000Z</time>
      </trkpt>
      <trkpt lat="35.408279" lon="129.121136">
        <ele>763.0793801550126</ele>
        <time>2024-07-20T03:18:21.000Z</time>
      </trkpt>
      <trkpt lat="35.408307" lon="129.121179">
        <ele>763.5633446351587</ele>
        <time>2024-07-20T03:18:25.000Z</time>
      </trkpt>
      <trkpt lat="35.408330" lon="129.121226">
        <ele>763.931365329514</ele>
        <time>2024-07-20T03:18:27.000Z</time>
      </trkpt>
      <trkpt lat="35.408350" lon="129.121276">
        <ele>764.074120117196</ele>
        <time>2024-07-20T03:18:35.000Z</time>
      </trkpt>
      <trkpt lat="35.408368" lon="129.121326">
        <ele>763.9471931866574</ele>
        <time>2024-07-20T03:18:35.000Z</time>
      </trkpt>
      <trkpt lat="35.408386" lon="129.121377">
        <ele>763.6335491367071</ele>
        <time>2024-07-20T03:18:46.000Z</time>
      </trkpt>
      <trkpt lat="35.408404" lon="129.121428">
        <ele>763.3477261049351</ele>
        <time>2024-07-20T03:18:49.000Z</time>
      </trkpt>
      <trkpt lat="35.408423" lon="129.121478">
        <ele>763.3398032339771</ele>
        <time>2024-07-20T03:18:55.000Z</time>
      </trkpt>
      <trkpt lat="35.408446" lon="129.121525">
        <ele>763.7310152945759</ele>
        <time>2024-07-20T03:19:01.000Z</time>
      </trkpt>
      <trkpt lat="35.408474" lon="129.121568">
        <ele>764.4146634715523</ele>
        <time>2024-07-20T03:19:05.000Z</time>
      </trkpt>
      <trkpt lat="35.408505" lon="129.121608">
        <ele>765.1623716068298</ele>
        <time>2024-07-20T03:19:09.000Z</time>
      </trkpt>
      <trkpt lat="35.408537" lon="129.121647">
        <ele>765.8303553581593</ele>
        <time>2024-07-20T03:19:18.000Z</time>
      </trkpt>
      <trkpt lat="35.408567" lon="129.121688">
        <ele>766.4361474107138</ele>
        <time>2024-07-20T03:19:19.000Z</time>
      </trkpt>
      <trkpt lat="35.408595" lon="129.121731">
        <ele>767.0935354259636</ele>
        <time>2024-07-20T03:19:19.000Z</time>
      </trkpt>
      <trkpt lat="35.408621" lon="129.121776">
        <ele>767.8965246561181</ele>
        <time>2024-07-20T03:19:29.000Z</time>
      </trkpt>
      <trkpt lat="35.408647" lon="129.121821">
        <ele>768.8324513359304</ele>
        <time>2024-07-20T03:19:36.000Z</time>
      </trkpt>
      <trkpt lat="35.408675" lon="129.121864">
        <ele>769.8183242406276</ele>
        <time>2024-07-20T03:19:38.000Z</time>
      </trkpt>
      <trkpt lat="35.408706" lon="129.121904">
        <ele>770.842224310898</ele>
        <time>2024-07-20T03:19:43.000Z</time>
      </trkpt>
      <trkpt lat="35.408741" lon="129.121938">
        <ele>772.0385415957195</ele>
        <time>2024-07-20T03:19:50.000Z</time>
      </trkpt>
      <trkpt lat="35.408782" lon="129.121961">
        <ele>773.5769427383691</ele>
        <time>2024-07-20T03:19:55.000Z</time>
      </trkpt>
      <trkpt lat="35.408827" lon="129.121963">
        <ele>775.3910306437023</ele>
        <time>2024-07-20T03:20:05.000Z</time>
      </trkpt>
      <trkpt lat="35.408871" lon="129.121950">
        <ele>777.2446060955975</ele>
        <time>2024-07-20T03:20:14.000Z</time>
      </trkpt>
      <trkpt lat="35.408914" lon="129.121933">
        <ele>779.0679435611204</ele>
        <time>2024-07-20T03:20:23.000Z</time>
      </trkpt>
      <trkpt lat="35.408958" lon="129.121922">
        <ele>780.8230221918212</ele>
        <time>2024-07-20T03:20:29.000Z</time>
      </trkpt>
      <trkpt lat="35.409002" lon="129.121915">
        <ele>782.4801839214774</ele>
        <time>2024-07-20T03:20:35.000Z</time>
      </trkpt>
      <trkpt lat="35.409047" lon="129.121915">
        <ele>784.1420556511013</ele>
        <time>2024-07-20T03:20:43.000Z</time>
      </trkpt>
      <trkpt lat="35.409091" lon="129.121927">
        <ele>785.9467907941108</ele>
        <time>2024-07-20T03:20:51.000Z</time>
      </trkpt>
      <trkpt lat="35.409132" lon="129.121952">
        <ele>787.8807953966509</ele>
        <time>2024-07-20T03:22:04.000Z</time>
      </trkpt>
      <trkpt lat="35.409168" lon="129.121984">
        <ele>789.8178605408589</ele>
        <time>2024-07-20T03:22:16.000Z</time>
      </trkpt>
      <trkpt lat="35.409204" lon="129.122017">
        <ele>791.5353307890465</ele>
        <time>2024-07-20T03:22:24.000Z</time>
      </trkpt>
      <trkpt lat="35.409241" lon="129.122049">
        <ele>792.7388817055253</ele>
        <time>2024-07-20T03:22:42.000Z</time>
      </trkpt>
      <trkpt lat="35.409279" lon="129.122078">
        <ele>793.3324940528281</ele>
        <time>2024-07-20T03:22:51.000Z</time>
      </trkpt>
      <trkpt lat="35.409319" lon="129.122103">
        <ele>793.5925210523578</ele>
        <time>2024-07-20T03:22:53.000Z</time>
      </trkpt>
      <trkpt lat="35.409360" lon="129.122125">
        <ele>793.9889397522119</ele>
        <time>2024-07-20T03:23:02.000Z</time>
      </trkpt>
      <trkpt lat="35.409403" lon="129.122144">
        <ele>794.8320208951487</ele>
        <time>2024-07-20T03:23:13.000Z</time>
      </trkpt>
      <trkpt lat="35.409446" lon="129.122159">
        <ele>796.0842004841929</ele>
        <time>2024-07-20T03:23:24.000Z</time>
      </trkpt>
      <trkpt lat="35.409490" lon="129.122169">
        <ele>797.4599713024414</ele>
        <time>2024-07-20T03:23:29.000Z</time>
      </trkpt>
      <trkpt lat="35.409535" lon="129.122174">
        <ele>798.661671928543</ele>
        <time>2024-07-20T03:23:37.000Z</time>
      </trkpt>
      <trkpt lat="35.409580" lon="129.122175">
        <ele>799.5486522705917</ele>
        <time>2024-07-20T03:23:48.000Z</time>
      </trkpt>
      <trkpt lat="35.409625" lon="129.122171">
        <ele>800.1799126879721</ele>
        <time>2024-07-20T03:23:54.000Z</time>
      </trkpt>
      <trkpt lat="35.409669" lon="129.122161">
        <ele>800.7460261913358</ele>
        <time>2024-07-20T03:24:05.000Z</time>
      </trkpt>
      <trkpt lat="35.409712" lon="129.122145">
        <ele>801.427460441471</ele>
        <time>2024-07-20T03:24:16.000Z</time>
      </trkpt>
      <trkpt lat="35.409754" lon="129.122126">
        <ele>802.2904932005774</ele>
        <time>2024-07-20T03:24:21.000Z</time>
      </trkpt>
      <trkpt lat="35.409796" lon="129.122105">
        <ele>803.2867370344806</ele>
        <time>2024-07-20T03:24:23.000Z</time>
      </trkpt>
      <trkpt lat="35.409837" lon="129.122084">
        <ele>804.3235777819707</ele>
        <time>2024-07-20T03:24:28.000Z</time>
      </trkpt>
      <trkpt lat="35.409867" lon="129.122070">
        <ele>805.0437225382188</ele>
        <time>2024-07-20T03:24:40.000Z</time>
      </trkpt>
      <trkpt lat="35.409880" lon="129.122067">
        <ele>805.3698855457094</ele>
        <time>2024-07-20T03:24:40.000Z</time>
      </trkpt>
      <trkpt lat="35.409925" lon="129.122067">
        <ele>806.5543410673343</ele>
        <time>2024-07-20T03:24:40.000Z</time>
      </trkpt>
      <trkpt lat="35.409970" lon="129.122065">
        <ele>808.0369177909186</ele>
        <time>2024-07-20T03:24:47.000Z</time>
      </trkpt>
      <trkpt lat="35.410014" lon="129.122058">
        <ele>809.9004325231231</ele>
        <time>2024-07-20T03:24:55.000Z</time>
      </trkpt>
      <trkpt lat="35.410058" lon="129.122044">
        <ele>811.8460044657586</ele>
        <time>2024-07-20T03:24:57.000Z</time>
      </trkpt>
      <trkpt lat="35.410100" lon="129.122024">
        <ele>813.3481082585326</ele>
        <time>2024-07-20T03:25:01.000Z</time>
      </trkpt>
      <trkpt lat="35.410141" lon="129.122002">
        <ele>814.1190311424675</ele>
        <time>2024-07-20T03:25:11.000Z</time>
      </trkpt>
      <trkpt lat="35.410182" lon="129.121979">
        <ele>814.2672489008619</ele>
        <time>2024-07-20T03:25:11.000Z</time>
      </trkpt>
      <trkpt lat="35.410224" lon="129.121959">
        <ele>814.0591291303798</ele>
        <time>2024-07-20T03:25:18.000Z</time>
      </trkpt>
      <trkpt lat="35.410267" lon="129.121942">
        <ele>813.7161511976681</ele>
        <time>2024-07-20T03:25:22.000Z</time>
      </trkpt>
      <trkpt lat="35.410311" lon="129.121931">
        <ele>813.3851636663612</ele>
        <time>2024-07-20T03:25:32.000Z</time>
      </trkpt>
      <trkpt lat="35.410355" lon="129.121926">
        <ele>813.1481824250408</ele>
        <time>2024-07-20T03:25:34.000Z</time>
      </trkpt>
      <trkpt lat="35.410400" lon="129.121924">
        <ele>813.0104293302447</ele>
        <time>2024-07-20T03:25:44.000Z</time>
      </trkpt>
      <trkpt lat="35.410445" lon="129.121922">
        <ele>812.903241235139</ele>
        <time>2024-07-20T03:25:44.000Z</time>
      </trkpt>
      <trkpt lat="35.410490" lon="129.121916">
        <ele>812.7220156440276</ele>
        <time>2024-07-20T03:25:48.000Z</time>
      </trkpt>
      <trkpt lat="35.410534" lon="129.121906">
        <ele>812.3742359723122</ele>
        <time>2024-07-20T03:25:54.000Z</time>
      </trkpt>
      <trkpt lat="35.410577" lon="129.121891">
        <ele>811.803331336004</ele>
        <time>2024-07-20T03:25:54.000Z</time>
      </trkpt>
      <trkpt lat="35.410620" lon="129.121872">
        <ele>811.0071051972018</ele>
        <time>2024-07-20T03:26:02.000Z</time>
      </trkpt>
      <trkpt lat="35.410662" lon="129.121853">
        <ele>810.1019369236545</ele>
        <time>2024-07-20T03:26:09.000Z</time>
      </trkpt>
      <trkpt lat="35.410704" lon="129.121835">
        <ele>809.3300747937953</ele>
        <time>2024-07-20T03:26:12.000Z</time>
      </trkpt>
      <trkpt lat="35.410748" lon="129.121820">
        <ele>808.8765856135647</ele>
        <time>2024-07-20T03:26:19.000Z</time>
      </trkpt>
      <trkpt lat="35.410791" lon="129.121805">
        <ele>808.6796605948285</ele>
        <time>2024-07-20T03:26:22.000Z</time>
      </trkpt>
      <trkpt lat="35.410834" lon="129.121791">
        <ele>808.4791017655415</ele>
        <time>2024-07-20T03:26:27.000Z</time>
      </trkpt>
      <trkpt lat="35.410878" lon="129.121776">
        <ele>808.0455603127482</ele>
        <time>2024-07-20T03:26:32.000Z</time>
      </trkpt>
      <trkpt lat="35.410921" lon="129.121761">
        <ele>807.3776984345847</ele>
        <time>2024-07-20T03:26:38.000Z</time>
      </trkpt>
      <trkpt lat="35.410965" lon="129.121747">
        <ele>806.67930334239</ele>
        <time>2024-07-20T03:26:41.000Z</time>
      </trkpt>
      <trkpt lat="35.411009" lon="129.121738">
        <ele>806.1497489612411</ele>
        <time>2024-07-20T03:26:44.000Z</time>
      </trkpt>
      <trkpt lat="35.411054" lon="129.121736">
        <ele>805.8289089329315</ele>
        <time>2024-07-20T03:26:52.000Z</time>
      </trkpt>
      <trkpt lat="35.411099" lon="129.121740">
        <ele>805.6137787005262</ele>
        <time>2024-07-20T03:26:52.000Z</time>
      </trkpt>
      <trkpt lat="35.411143" lon="129.121744">
        <ele>805.3647620052802</ele>
        <time>2024-07-20T03:26:57.000Z</time>
      </trkpt>
      <trkpt lat="35.411188" lon="129.121743">
        <ele>804.9916980286822</ele>
        <time>2024-07-20T03:27:04.000Z</time>
      </trkpt>
      <trkpt lat="35.411233" lon="129.121734">
        <ele>804.5015159698248</ele>
        <time>2024-07-20T03:27:06.000Z</time>
      </trkpt>
      <trkpt lat="35.411277" lon="129.121721">
        <ele>803.9815082663948</ele>
        <time>2024-07-20T03:27:15.000Z</time>
      </trkpt>
      <trkpt lat="35.411321" lon="129.121710">
        <ele>803.542668067433</ele>
        <time>2024-07-20T03:27:18.000Z</time>
      </trkpt>
      <trkpt lat="35.411365" lon="129.121705">
        <ele>803.270070084078</ele>
        <time>2024-07-20T03:27:18.000Z</time>
      </trkpt>
      <trkpt lat="35.411410" lon="129.121705">
        <ele>803.1798181401977</ele>
        <time>2024-07-20T03:27:27.000Z</time>
      </trkpt>
      <trkpt lat="35.411455" lon="129.121709">
        <ele>803.2395023765841</ele>
        <time>2024-07-20T03:27:27.000Z</time>
      </trkpt>
      <trkpt lat="35.411500" lon="129.121714">
        <ele>803.4333557968395</ele>
        <time>2024-07-20T03:27:39.000Z</time>
      </trkpt>
      <trkpt lat="35.411545" lon="129.121718">
        <ele>803.7809170998934</ele>
        <time>2024-07-20T03:27:39.000Z</time>
      </trkpt>
      <trkpt lat="35.411590" lon="129.121721">
        <ele>804.2973357379149</ele>
        <time>2024-07-20T03:27:43.000Z</time>
      </trkpt>
      <trkpt lat="35.411635" lon="129.121726">
        <ele>804.9573851225516</ele>
        <time>2024-07-20T03:27:49.000Z</time>
      </trkpt>
      <trkpt lat="35.411679" lon="129.121736">
        <ele>805.7089265764553</ele>
        <time>2024-07-20T03:27:51.000Z</time>
      </trkpt>
      <trkpt lat="35.411722" lon="129.121751">
        <ele>806.5247041754631</ele>
        <time>2024-07-20T03:27:58.000Z</time>
      </trkpt>
      <trkpt lat="35.411765" lon="129.121769">
        <ele>807.4230205354896</ele>
        <time>2024-07-20T03:28:02.000Z</time>
      </trkpt>
      <trkpt lat="35.411807" lon="129.121786">
        <ele>808.4291312457173</ele>
        <time>2024-07-20T03:28:09.000Z</time>
      </trkpt>
      <trkpt lat="35.411850" lon="129.121803">
        <ele>809.5432381667877</ele>
        <time>2024-07-20T03:28:17.000Z</time>
      </trkpt>
      <trkpt lat="35.411894" lon="129.121817">
        <ele>810.7217338014574</ele>
        <time>2024-07-20T03:28:18.000Z</time>
      </trkpt>
      <trkpt lat="35.411937" lon="129.121830">
        <ele>811.8569729079738</ele>
        <time>2024-07-20T03:28:28.000Z</time>
      </trkpt>
      <trkpt lat="35.411982" lon="129.121838">
        <ele>812.8200943273088</ele>
        <time>2024-07-20T03:28:37.000Z</time>
      </trkpt>
      <trkpt lat="35.412027" lon="129.121843">
        <ele>813.5715231660313</ele>
        <time>2024-07-20T03:28:51.000Z</time>
      </trkpt>
      <trkpt lat="35.412071" lon="129.121847">
        <ele>814.2176457245544</ele>
        <time>2024-07-20T03:28:51.000Z</time>
      </trkpt>
      <trkpt lat="35.412116" lon="129.121854">
        <ele>814.9205252557829</ele>
        <time>2024-07-20T03:29:02.000Z</time>
      </trkpt>
      <trkpt lat="35.412161" lon="129.121862">
        <ele>815.7581087185644</ele>
        <time>2024-07-20T03:29:06.000Z</time>
      </trkpt>
      <trkpt lat="35.412205" lon="129.121871">
        <ele>816.6967845113077</ele>
        <time>2024-07-20T03:29:11.000Z</time>
      </trkpt>
      <trkpt lat="35.412250" lon="129.121878">
        <ele>817.678495602958</ele>
        <time>2024-07-20T03:29:17.000Z</time>
      </trkpt>
      <trkpt lat="35.412294" lon="129.121887">
        <ele>818.7049654706905</ele>
        <time>2024-07-20T03:29:23.000Z</time>
      </trkpt>
      <trkpt lat="35.412337" lon="129.121902">
        <ele>819.8235598337375</ele>
        <time>2024-07-20T03:29:33.000Z</time>
      </trkpt>
      <trkpt lat="35.412377" lon="129.121927">
        <ele>821.0355651636605</ele>
        <time>2024-07-20T03:29:34.000Z</time>
      </trkpt>
      <trkpt lat="35.412414" lon="129.121959">
        <ele>822.2774106990029</ele>
        <time>2024-07-20T03:29:43.000Z</time>
      </trkpt>
      <trkpt lat="35.412448" lon="129.121995">
        <ele>823.4838052765629</ele>
        <time>2024-07-20T03:29:51.000Z</time>
      </trkpt>
      <trkpt lat="35.412483" lon="129.122029">
        <ele>824.6191790767296</ele>
        <time>2024-07-20T03:29:56.000Z</time>
      </trkpt>
      <trkpt lat="35.412521" lon="129.122060">
        <ele>825.7042092108017</ele>
        <time>2024-07-20T03:30:05.000Z</time>
      </trkpt>
      <trkpt lat="35.412560" lon="129.122087">
        <ele>826.8004439093615</ele>
        <time>2024-07-20T03:30:05.000Z</time>
      </trkpt>
      <trkpt lat="35.412600" lon="129.122111">
        <ele>827.9308495569154</ele>
        <time>2024-07-20T03:30:10.000Z</time>
      </trkpt>
      <trkpt lat="35.412641" lon="129.122133">
        <ele>829.0646727982262</ele>
        <time>2024-07-20T03:30:24.000Z</time>
      </trkpt>
      <trkpt lat="35.412683" lon="129.122154">
        <ele>830.1881938432684</ele>
        <time>2024-07-20T03:30:35.000Z</time>
      </trkpt>
      <trkpt lat="35.412724" lon="129.122176">
        <ele>831.3308326485483</ele>
        <time>2024-07-20T03:30:40.000Z</time>
      </trkpt>
      <trkpt lat="35.412766" lon="129.122198">
        <ele>832.5306774627231</ele>
        <time>2024-07-20T03:30:45.000Z</time>
      </trkpt>
      <trkpt lat="35.412807" lon="129.122219">
        <ele>833.8143376582625</ele>
        <time>2024-07-20T03:30:53.000Z</time>
      </trkpt>
      <trkpt lat="35.412849" lon="129.122239">
        <ele>835.1850218488964</ele>
        <time>2024-07-20T03:31:00.000Z</time>
      </trkpt>
      <trkpt lat="35.412891" lon="129.122259">
        <ele>836.6197833091588</ele>
        <time>2024-07-20T03:31:09.000Z</time>
      </trkpt>
      <trkpt lat="35.412933" lon="129.122277">
        <ele>838.11181045698</ele>
        <time>2024-07-20T03:31:15.000Z</time>
      </trkpt>
      <trkpt lat="35.412977" lon="129.122290">
        <ele>839.6743220775843</ele>
        <time>2024-07-20T03:31:24.000Z</time>
      </trkpt>
      <trkpt lat="35.413021" lon="129.122300">
        <ele>841.2588709445731</ele>
        <time>2024-07-20T03:31:38.000Z</time>
      </trkpt>
      <trkpt lat="35.413066" lon="129.122310">
        <ele>842.7084772604695</ele>
        <time>2024-07-20T03:31:48.000Z</time>
      </trkpt>
      <trkpt lat="35.413108" lon="129.122326">
        <ele>843.7868678505837</ele>
        <time>2024-07-20T03:31:55.000Z</time>
      </trkpt>
      <trkpt lat="35.413149" lon="129.122350">
        <ele>844.2997432530087</ele>
        <time>2024-07-20T03:32:00.000Z</time>
      </trkpt>
      <trkpt lat="35.413187" lon="129.122379">
        <ele>844.2634785344806</ele>
        <time>2024-07-20T03:36:20.000Z</time>
      </trkpt>
      <trkpt lat="35.413225" lon="129.122409">
        <ele>843.8851860171221</ele>
        <time>2024-07-20T03:36:26.000Z</time>
      </trkpt>
      <trkpt lat="35.413241" lon="129.122422">
        <ele>843.6743473395222</ele>
        <time>2024-07-20T03:36:31.000Z</time>
      </trkpt>
      <trkpt lat="35.413266" lon="129.122431">
        <ele>843.923525396805</ele>
        <time>2024-07-20T03:36:31.000Z</time>
      </trkpt>
      <trkpt lat="35.413309" lon="129.122448">
        <ele>844.364032426768</ele>
        <time>2024-07-20T03:36:36.000Z</time>
      </trkpt>
      <trkpt lat="35.413352" lon="129.122462">
        <ele>844.7736960284124</ele>
        <time>2024-07-20T03:36:41.000Z</time>
      </trkpt>
      <trkpt lat="35.413395" lon="129.122477">
        <ele>845.0444880832475</ele>
        <time>2024-07-20T03:36:46.000Z</time>
      </trkpt>
      <trkpt lat="35.413438" lon="129.122493">
        <ele>845.0267301938494</ele>
        <time>2024-07-20T03:36:50.000Z</time>
      </trkpt>
      <trkpt lat="35.413481" lon="129.122512">
        <ele>844.6690992158357</ele>
        <time>2024-07-20T03:36:56.000Z</time>
      </trkpt>
      <trkpt lat="35.413522" lon="129.122534">
        <ele>844.1052146068314</ele>
        <time>2024-07-20T03:37:01.000Z</time>
      </trkpt>
      <trkpt lat="35.413563" lon="129.122557">
        <ele>843.5603949408872</ele>
        <time>2024-07-20T03:37:09.000Z</time>
      </trkpt>
      <trkpt lat="35.413604" lon="129.122580">
        <ele>843.1948927806</ele>
        <time>2024-07-20T03:37:15.000Z</time>
      </trkpt>
      <trkpt lat="35.413644" lon="129.122603">
        <ele>843.0424797651846</ele>
        <time>2024-07-20T03:37:17.000Z</time>
      </trkpt>
      <trkpt lat="35.413685" lon="129.122627">
        <ele>843.060071282795</ele>
        <time>2024-07-20T03:37:26.000Z</time>
      </trkpt>
      <trkpt lat="35.413726" lon="129.122650">
        <ele>843.2010430734224</ele>
        <time>2024-07-20T03:37:26.000Z</time>
      </trkpt>
      <trkpt lat="35.413767" lon="129.122672">
        <ele>843.4534914144917</ele>
        <time>2024-07-20T03:37:26.000Z</time>
      </trkpt>
      <trkpt lat="35.413809" lon="129.122693">
        <ele>843.8370735764784</ele>
        <time>2024-07-20T03:37:36.000Z</time>
      </trkpt>
      <trkpt lat="35.413851" lon="129.122710">
        <ele>844.3634433680452</ele>
        <time>2024-07-20T03:37:36.000Z</time>
      </trkpt>
      <trkpt lat="35.413895" lon="129.122724">
        <ele>844.9916235387216</ele>
        <time>2024-07-20T03:37:42.000Z</time>
      </trkpt>
      <trkpt lat="35.413939" lon="129.122736">
        <ele>845.6357058745313</ele>
        <time>2024-07-20T03:37:48.000Z</time>
      </trkpt>
      <trkpt lat="35.413983" lon="129.122748">
        <ele>846.2099644296491</ele>
        <time>2024-07-20T03:37:52.000Z</time>
      </trkpt>
      <trkpt lat="35.414026" lon="129.122763">
        <ele>846.6440605860669</ele>
        <time>2024-07-20T03:37:54.000Z</time>
      </trkpt>
      <trkpt lat="35.414068" lon="129.122782">
        <ele>846.8849777968642</ele>
        <time>2024-07-20T03:37:59.000Z</time>
      </trkpt>
      <trkpt lat="35.414109" lon="129.122805">
        <ele>846.9248828966247</ele>
        <time>2024-07-20T03:38:01.000Z</time>
      </trkpt>
      <trkpt lat="35.414149" lon="129.122829">
        <ele>846.8233530069094</ele>
        <time>2024-07-20T03:38:07.000Z</time>
      </trkpt>
      <trkpt lat="35.414190" lon="129.122853">
        <ele>846.6778296029128</ele>
        <time>2024-07-20T03:38:11.000Z</time>
      </trkpt>
      <trkpt lat="35.414230" lon="129.122879">
        <ele>846.5583399447423</ele>
        <time>2024-07-20T03:38:15.000Z</time>
      </trkpt>
      <trkpt lat="35.414267" lon="129.122909">
        <ele>846.4828354854413</ele>
        <time>2024-07-20T03:38:22.000Z</time>
      </trkpt>
      <trkpt lat="35.414304" lon="129.122942">
        <ele>846.4510696276805</ele>
        <time>2024-07-20T03:38:22.000Z</time>
      </trkpt>
      <trkpt lat="35.414341" lon="129.122972">
        <ele>846.4801235109328</ele>
        <time>2024-07-20T03:38:30.000Z</time>
      </trkpt>
      <trkpt lat="35.414383" lon="129.122993">
        <ele>846.6212437508714</ele>
        <time>2024-07-20T03:38:30.000Z</time>
      </trkpt>
      <trkpt lat="35.414427" lon="129.123004">
        <ele>846.9621618583128</ele>
        <time>2024-07-20T03:38:35.000Z</time>
      </trkpt>
      <trkpt lat="35.414472" lon="129.123007">
        <ele>847.6066764726548</ele>
        <time>2024-07-20T03:38:42.000Z</time>
      </trkpt>
      <trkpt lat="35.414517" lon="129.123006">
        <ele>848.6214398144913</ele>
        <time>2024-07-20T03:38:46.000Z</time>
      </trkpt>
      <trkpt lat="35.414561" lon="129.123003">
        <ele>849.9759929561989</ele>
        <time>2024-07-20T03:38:48.000Z</time>
      </trkpt>
      <trkpt lat="35.414606" lon="129.122998">
        <ele>851.5567595879517</ele>
        <time>2024-07-20T03:38:52.000Z</time>
      </trkpt>
      <trkpt lat="35.414651" lon="129.122991">
        <ele>853.2440004761422</ele>
        <time>2024-07-20T03:38:52.000Z</time>
      </trkpt>
      <trkpt lat="35.414695" lon="129.122983">
        <ele>854.9657716499453</ele>
        <time>2024-07-20T03:38:52.000Z</time>
      </trkpt>
      <trkpt lat="35.414740" lon="129.122975">
        <ele>856.6949355436715</ele>
        <time>2024-07-20T03:38:52.000Z</time>
      </trkpt>
      <trkpt lat="35.414784" lon="129.122967">
        <ele>858.4250492422098</ele>
        <time>2024-07-20T03:39:01.000Z</time>
      </trkpt>
      <trkpt lat="35.414829" lon="129.122959">
        <ele>860.155148924037</ele>
        <time>2024-07-20T03:39:01.000Z</time>
      </trkpt>
      <trkpt lat="35.414873" lon="129.122951">
        <ele>861.8849925642664</ele>
        <time>2024-07-20T03:39:01.000Z</time>
      </trkpt>
      <trkpt lat="35.414880" lon="129.122950">
        <ele>862.1461652480951</ele>
        <time>2024-07-20T03:39:01.000Z</time>
      </trkpt>
      <trkpt lat="35.414915" lon="129.122968">
        <ele>861.8766939422452</ele>
        <time>2024-07-20T03:39:01.000Z</time>
      </trkpt>
      <trkpt lat="35.414957" lon="129.122989">
        <ele>861.5585179503396</ele>
        <time>2024-07-20T03:39:01.000Z</time>
      </trkpt>
      <trkpt lat="35.414999" lon="129.123009">
        <ele>861.2394921900814</ele>
        <time>2024-07-20T03:39:01.000Z</time>
      </trkpt>
      <trkpt lat="35.415040" lon="129.123030">
        <ele>860.9149317542646</ele>
        <time>2024-07-20T03:39:01.000Z</time>
      </trkpt>
      <trkpt lat="35.415082" lon="129.123052">
        <ele>860.5600796300009</ele>
        <time>2024-07-20T03:39:01.000Z</time>
      </trkpt>
      <trkpt lat="35.415123" lon="129.123074">
        <ele>860.0889828045723</ele>
        <time>2024-07-20T03:58:56.000Z</time>
      </trkpt>
      <trkpt lat="35.415163" lon="129.123099">
        <ele>859.3009447135319</ele>
        <time>2024-07-20T03:58:56.000Z</time>
      </trkpt>
      <trkpt lat="35.415201" lon="129.123128">
        <ele>857.9049485673265</ele>
        <time>2024-07-20T03:58:56.000Z</time>
      </trkpt>
      <trkpt lat="35.415236" lon="129.123162">
        <ele>855.7363888097332</ele>
        <time>2024-07-20T03:58:56.000Z</time>
      </trkpt>
      <trkpt lat="35.415274" lon="129.123193">
        <ele>853.0275904151872</ele>
        <time>2024-07-20T03:59:03.000Z</time>
      </trkpt>
      <trkpt lat="35.415316" lon="129.123212">
        <ele>850.4984891978099</ele>
        <time>2024-07-20T04:00:05.000Z</time>
      </trkpt>
      <trkpt lat="35.415361" lon="129.123217">
        <ele>848.8170481786522</ele>
        <time>2024-07-20T04:00:14.000Z</time>
      </trkpt>
      <trkpt lat="35.415405" lon="129.123216">
        <ele>847.8827641812871</ele>
        <time>2024-07-20T04:00:56.000Z</time>
      </trkpt>
      <trkpt lat="35.415450" lon="129.123215">
        <ele>847.337530747134</ele>
        <time>2024-07-20T04:01:15.000Z</time>
      </trkpt>
      <trkpt lat="35.415495" lon="129.123218">
        <ele>846.9856486395718</ele>
        <time>2024-07-20T04:01:18.000Z</time>
      </trkpt>
      <trkpt lat="35.415540" lon="129.123225">
        <ele>846.7575422362887</ele>
        <time>2024-07-20T04:01:25.000Z</time>
      </trkpt>
      <trkpt lat="35.415584" lon="129.123235">
        <ele>846.6131257687422</ele>
        <time>2024-07-20T04:01:25.000Z</time>
      </trkpt>
      <trkpt lat="35.415628" lon="129.123247">
        <ele>846.514429192079</ele>
        <time>2024-07-20T04:01:32.000Z</time>
      </trkpt>
      <trkpt lat="35.415645" lon="129.123252">
        <ele>846.4806184505538</ele>
        <time>2024-07-20T04:01:41.000Z</time>
      </trkpt>
      <trkpt lat="35.415672" lon="129.123245">
        <ele>846.1456758445861</ele>
        <time>2024-07-20T04:01:41.000Z</time>
      </trkpt>
      <trkpt lat="35.415715" lon="129.123229">
        <ele>845.481838580302</ele>
        <time>2024-07-20T04:01:41.000Z</time>
      </trkpt>
      <trkpt lat="35.415755" lon="129.123205">
        <ele>844.555796291946</ele>
        <time>2024-07-20T04:06:02.000Z</time>
      </trkpt>
      <trkpt lat="35.415794" lon="129.123178">
        <ele>843.2801930886351</ele>
        <time>2024-07-20T04:06:18.000Z</time>
      </trkpt>
      <trkpt lat="35.415836" lon="129.123156">
        <ele>841.6881841374217</ele>
        <time>2024-07-20T04:06:24.000Z</time>
      </trkpt>
      <trkpt lat="35.415879" lon="129.123143">
        <ele>839.9522324092418</ele>
        <time>2024-07-20T04:06:34.000Z</time>
      </trkpt>
      <trkpt lat="35.415924" lon="129.123132">
        <ele>838.1874728084125</ele>
        <time>2024-07-20T04:06:38.000Z</time>
      </trkpt>
      <trkpt lat="35.415967" lon="129.123117">
        <ele>836.4669089405222</ele>
        <time>2024-07-20T04:06:45.000Z</time>
      </trkpt>
      <trkpt lat="35.416008" lon="129.123096">
        <ele>834.9128469298519</ele>
        <time>2024-07-20T04:06:50.000Z</time>
      </trkpt>
      <trkpt lat="35.416049" lon="129.123072">
        <ele>833.5947169953823</ele>
        <time>2024-07-20T04:06:53.000Z</time>
      </trkpt>
      <trkpt lat="35.416089" lon="129.123046">
        <ele>832.4981278331841</ele>
        <time>2024-07-20T04:06:54.000Z</time>
      </trkpt>
      <trkpt lat="35.416128" lon="129.123019">
        <ele>831.6032223932564</ele>
        <time>2024-07-20T04:07:01.000Z</time>
      </trkpt>
      <trkpt lat="35.416166" lon="129.122989">
        <ele>830.9318694605037</ele>
        <time>2024-07-20T04:07:06.000Z</time>
      </trkpt>
      <trkpt lat="35.416201" lon="129.122955">
        <ele>830.5405934318727</ele>
        <time>2024-07-20T04:07:10.000Z</time>
      </trkpt>
      <trkpt lat="35.416233" lon="129.122917">
        <ele>830.4802748894399</ele>
        <time>2024-07-20T04:07:14.000Z</time>
      </trkpt>
      <trkpt lat="35.416264" lon="129.122876">
        <ele>830.7399256422278</ele>
        <time>2024-07-20T04:07:18.000Z</time>
      </trkpt>
      <trkpt lat="35.416294" lon="129.122835">
        <ele>831.2178267105573</ele>
        <time>2024-07-20T04:07:23.000Z</time>
      </trkpt>
      <trkpt lat="35.416324" lon="129.122795">
        <ele>831.7597515241592</ele>
        <time>2024-07-20T04:07:29.000Z</time>
      </trkpt>
      <trkpt lat="35.416356" lon="129.122756">
        <ele>832.2296429569357</ele>
        <time>2024-07-20T04:07:33.000Z</time>
      </trkpt>
      <trkpt lat="35.416389" lon="129.122718">
        <ele>832.5590428796554</ele>
        <time>2024-07-20T04:07:37.000Z</time>
      </trkpt>
      <trkpt lat="35.416422" lon="129.122681">
        <ele>832.7611339996549</ele>
        <time>2024-07-20T04:07:39.000Z</time>
      </trkpt>
      <trkpt lat="35.416456" lon="129.122644">
        <ele>832.9083043630877</ele>
        <time>2024-07-20T04:07:49.000Z</time>
      </trkpt>
      <trkpt lat="35.416490" lon="129.122609">
        <ele>833.0835686645879</ele>
        <time>2024-07-20T04:07:50.000Z</time>
      </trkpt>
      <trkpt lat="35.416524" lon="129.122572">
        <ele>833.3407322748039</ele>
        <time>2024-07-20T04:07:55.000Z</time>
      </trkpt>
      <trkpt lat="35.416558" lon="129.122536">
        <ele>833.6927633220192</ele>
        <time>2024-07-20T04:07:57.000Z</time>
      </trkpt>
      <trkpt lat="35.416593" lon="129.122502">
        <ele>834.1149647182893</ele>
        <time>2024-07-20T04:08:02.000Z</time>
      </trkpt>
      <trkpt lat="35.416629" lon="129.122469">
        <ele>834.5466203202703</ele>
        <time>2024-07-20T04:08:03.000Z</time>
      </trkpt>
      <trkpt lat="35.416665" lon="129.122435">
        <ele>834.9033646055179</ele>
        <time>2024-07-20T04:08:09.000Z</time>
      </trkpt>
      <trkpt lat="35.416698" lon="129.122398">
        <ele>835.0419585067343</ele>
        <time>2024-07-20T04:08:14.000Z</time>
      </trkpt>
      <trkpt lat="35.416724" lon="129.122353">
        <ele>834.6790408159579</ele>
        <time>2024-07-20T04:08:36.000Z</time>
      </trkpt>
      <trkpt lat="35.416739" lon="129.122301">
        <ele>833.8147092281516</ele>
        <time>2024-07-20T04:12:18.000Z</time>
      </trkpt>
      <trkpt lat="35.416754" lon="129.122250">
        <ele>833.0907501189519</ele>
        <time>2024-07-20T04:12:44.000Z</time>
      </trkpt>
      <trkpt lat="35.416782" lon="129.122206">
        <ele>832.901074610458</ele>
        <time>2024-07-20T04:13:17.000Z</time>
      </trkpt>
      <trkpt lat="35.416812" lon="129.122166">
        <ele>832.5817747963891</ele>
        <time>2024-07-20T04:15:36.000Z</time>
      </trkpt>
      <trkpt lat="35.416848" lon="129.122171">
        <ele>831.9275825155379</ele>
        <time>2024-07-20T04:21:37.000Z</time>
      </trkpt>
      <trkpt lat="35.416871" lon="129.122218">
        <ele>832.3083606373827</ele>
        <time>2024-07-20T04:21:45.000Z</time>
      </trkpt>
      <trkpt lat="35.416900" lon="129.122260">
        <ele>831.6543946637985</ele>
        <time>2024-07-20T04:22:19.000Z</time>
      </trkpt>
      <trkpt lat="35.416936" lon="129.122293">
        <ele>829.6678467548161</ele>
        <time>2024-07-20T04:22:32.000Z</time>
      </trkpt>
      <trkpt lat="35.416978" lon="129.122307">
        <ele>826.5485529798667</ele>
        <time>2024-07-20T04:22:42.000Z</time>
      </trkpt>
      <trkpt lat="35.417020" lon="129.122295">
        <ele>823.2969607204324</ele>
        <time>2024-07-20T04:22:46.000Z</time>
      </trkpt>
      <trkpt lat="35.417057" lon="129.122263">
        <ele>820.7762619452309</ele>
        <time>2024-07-20T04:23:31.000Z</time>
      </trkpt>
      <trkpt lat="35.417090" lon="129.122225">
        <ele>818.8173080895939</ele>
        <time>2024-07-20T04:23:37.000Z</time>
      </trkpt>
      <trkpt lat="35.417122" lon="129.122186">
        <ele>817.034844009679</ele>
        <time>2024-07-20T04:23:40.000Z</time>
      </trkpt>
      <trkpt lat="35.417154" lon="129.122148">
        <ele>815.289147217592</ele>
        <time>2024-07-20T04:23:53.000Z</time>
      </trkpt>
      <trkpt lat="35.417186" lon="129.122110">
        <ele>813.5687755628065</ele>
        <time>2024-07-20T04:23:58.000Z</time>
      </trkpt>
      <trkpt lat="35.417220" lon="129.122073">
        <ele>811.8771475153753</ele>
        <time>2024-07-20T04:24:01.000Z</time>
      </trkpt>
      <trkpt lat="35.417255" lon="129.122038">
        <ele>810.2138692683463</ele>
        <time>2024-07-20T04:24:06.000Z</time>
      </trkpt>
      <trkpt lat="35.417290" lon="129.122005">
        <ele>808.5657468233806</ele>
        <time>2024-07-20T04:24:10.000Z</time>
      </trkpt>
      <trkpt lat="35.417326" lon="129.121972">
        <ele>806.8794099454634</ele>
        <time>2024-07-20T04:24:15.000Z</time>
      </trkpt>
      <trkpt lat="35.417361" lon="129.121937">
        <ele>805.0480200454301</ele>
        <time>2024-07-20T04:24:18.000Z</time>
      </trkpt>
      <trkpt lat="35.417393" lon="129.121898">
        <ele>802.9578887007998</ele>
        <time>2024-07-20T04:24:26.000Z</time>
      </trkpt>
      <trkpt lat="35.417420" lon="129.121854">
        <ele>800.5916385427641</ele>
        <time>2024-07-20T04:24:30.000Z</time>
      </trkpt>
      <trkpt lat="35.417443" lon="129.121806">
        <ele>798.0682292943611</ele>
        <time>2024-07-20T04:24:41.000Z</time>
      </trkpt>
      <trkpt lat="35.417462" lon="129.121757">
        <ele>795.5531355265985</ele>
        <time>2024-07-20T04:24:47.000Z</time>
      </trkpt>
      <trkpt lat="35.417480" lon="129.121706">
        <ele>793.1478034931229</ele>
        <time>2024-07-20T04:24:53.000Z</time>
      </trkpt>
      <trkpt lat="35.417495" lon="129.121654">
        <ele>790.8491367053202</ele>
        <time>2024-07-20T04:25:01.000Z</time>
      </trkpt>
      <trkpt lat="35.417507" lon="129.121601">
        <ele>788.588561949907</ele>
        <time>2024-07-20T04:25:10.000Z</time>
      </trkpt>
      <trkpt lat="35.417518" lon="129.121547">
        <ele>786.3106921228797</ele>
        <time>2024-07-20T04:25:17.000Z</time>
      </trkpt>
      <trkpt lat="35.417529" lon="129.121494">
        <ele>784.02444797038</ele>
        <time>2024-07-20T04:25:22.000Z</time>
      </trkpt>
      <trkpt lat="35.417541" lon="129.121440">
        <ele>781.7830591156243</ele>
        <time>2024-07-20T04:25:29.000Z</time>
      </trkpt>
      <trkpt lat="35.417552" lon="129.121387">
        <ele>779.6202804064636</ele>
        <time>2024-07-20T04:25:35.000Z</time>
      </trkpt>
      <trkpt lat="35.417562" lon="129.121333">
        <ele>777.5175523998645</ele>
        <time>2024-07-20T04:25:43.000Z</time>
      </trkpt>
      <trkpt lat="35.417574" lon="129.121280">
        <ele>775.4283576382162</ele>
        <time>2024-07-20T04:25:48.000Z</time>
      </trkpt>
      <trkpt lat="35.417587" lon="129.121227">
        <ele>773.3305168117439</ele>
        <time>2024-07-20T04:25:55.000Z</time>
      </trkpt>
      <trkpt lat="35.417603" lon="129.121176">
        <ele>771.2684656712879</ele>
        <time>2024-07-20T04:26:16.000Z</time>
      </trkpt>
      <trkpt lat="35.417622" lon="129.121125">
        <ele>769.3537242075283</ele>
        <time>2024-07-20T04:26:23.000Z</time>
      </trkpt>
      <trkpt lat="35.417642" lon="129.121076">
        <ele>767.7111158985173</ele>
        <time>2024-07-20T04:26:30.000Z</time>
      </trkpt>
      <trkpt lat="35.417665" lon="129.121029">
        <ele>766.3959624480973</ele>
        <time>2024-07-20T04:26:39.000Z</time>
      </trkpt>
      <trkpt lat="35.417695" lon="129.120988">
        <ele>765.361113893963</ele>
        <time>2024-07-20T04:26:41.000Z</time>
      </trkpt>
      <trkpt lat="35.417732" lon="129.120959">
        <ele>764.5085924430864</ele>
        <time>2024-07-20T04:26:45.000Z</time>
      </trkpt>
      <trkpt lat="35.417775" lon="129.120944">
        <ele>763.7522095103876</ele>
        <time>2024-07-20T04:26:54.000Z</time>
      </trkpt>
      <trkpt lat="35.417820" lon="129.120941">
        <ele>763.0198829152982</ele>
        <time>2024-07-20T04:27:15.000Z</time>
      </trkpt>
      <trkpt lat="35.417865" lon="129.120937">
        <ele>762.2620925419749</ele>
        <time>2024-07-20T04:28:26.000Z</time>
      </trkpt>
      <trkpt lat="35.417909" lon="129.120926">
        <ele>761.5022657257339</ele>
        <time>2024-07-20T04:28:30.000Z</time>
      </trkpt>
      <trkpt lat="35.417951" lon="129.120908">
        <ele>760.8157838156751</ele>
        <time>2024-07-20T04:28:39.000Z</time>
      </trkpt>
      <trkpt lat="35.417993" lon="129.120887">
        <ele>760.2472830163449</ele>
        <time>2024-07-20T04:28:41.000Z</time>
      </trkpt>
      <trkpt lat="35.418035" lon="129.120867">
        <ele>759.7803743600334</ele>
        <time>2024-07-20T04:28:47.000Z</time>
      </trkpt>
      <trkpt lat="35.418077" lon="129.120850">
        <ele>759.3590846640496</ele>
        <time>2024-07-20T04:28:50.000Z</time>
      </trkpt>
      <trkpt lat="35.418120" lon="129.120833">
        <ele>758.9326219375824</ele>
        <time>2024-07-20T04:28:53.000Z</time>
      </trkpt>
      <trkpt lat="35.418163" lon="129.120817">
        <ele>758.4913294305528</ele>
        <time>2024-07-20T04:28:56.000Z</time>
      </trkpt>
      <trkpt lat="35.418206" lon="129.120800">
        <ele>758.0516337437147</ele>
        <time>2024-07-20T04:29:00.000Z</time>
      </trkpt>
      <trkpt lat="35.418249" lon="129.120784">
        <ele>757.60520604216</ele>
        <time>2024-07-20T04:29:06.000Z</time>
      </trkpt>
      <trkpt lat="35.418292" lon="129.120769">
        <ele>757.0973958826804</ele>
        <time>2024-07-20T04:29:07.000Z</time>
      </trkpt>
      <trkpt lat="35.418336" lon="129.120757">
        <ele>756.4623619610053</ele>
        <time>2024-07-20T04:29:09.000Z</time>
      </trkpt>
      <trkpt lat="35.418381" lon="129.120750">
        <ele>755.6767601542643</ele>
        <time>2024-07-20T04:29:14.000Z</time>
      </trkpt>
      <trkpt lat="35.418426" lon="129.120747">
        <ele>754.7841007430931</ele>
        <time>2024-07-20T04:29:15.000Z</time>
      </trkpt>
      <trkpt lat="35.418471" lon="129.120748">
        <ele>753.876348217488</ele>
        <time>2024-07-20T04:29:20.000Z</time>
      </trkpt>
      <trkpt lat="35.418516" lon="129.120748">
        <ele>753.0537266324841</ele>
        <time>2024-07-20T04:29:23.000Z</time>
      </trkpt>
      <trkpt lat="35.418561" lon="129.120747">
        <ele>752.3849440582661</ele>
        <time>2024-07-20T04:29:25.000Z</time>
      </trkpt>
      <trkpt lat="35.418606" lon="129.120747">
        <ele>751.8809392262048</ele>
        <time>2024-07-20T04:29:29.000Z</time>
      </trkpt>
      <trkpt lat="35.418651" lon="129.120749">
        <ele>751.4961103374063</ele>
        <time>2024-07-20T04:29:29.000Z</time>
      </trkpt>
      <trkpt lat="35.418695" lon="129.120752">
        <ele>751.154361333405</ele>
        <time>2024-07-20T04:29:36.000Z</time>
      </trkpt>
      <trkpt lat="35.418740" lon="129.120755">
        <ele>750.7838611734635</ele>
        <time>2024-07-20T04:29:38.000Z</time>
      </trkpt>
      <trkpt lat="35.418785" lon="129.120756">
        <ele>750.3395220981739</ele>
        <time>2024-07-20T04:29:41.000Z</time>
      </trkpt>
      <trkpt lat="35.418830" lon="129.120753">
        <ele>749.8012959374042</ele>
        <time>2024-07-20T04:29:45.000Z</time>
      </trkpt>
      <trkpt lat="35.418875" lon="129.120749">
        <ele>749.1666835918501</ele>
        <time>2024-07-20T04:29:49.000Z</time>
      </trkpt>
      <trkpt lat="35.418920" lon="129.120745">
        <ele>748.4531629926954</ele>
        <time>2024-07-20T04:29:51.000Z</time>
      </trkpt>
      <trkpt lat="35.418965" lon="129.120745">
        <ele>747.6843496363812</ele>
        <time>2024-07-20T04:29:56.000Z</time>
      </trkpt>
      <trkpt lat="35.419009" lon="129.120752">
        <ele>746.8512590180972</ele>
        <time>2024-07-20T04:30:02.000Z</time>
      </trkpt>
      <trkpt lat="35.419053" lon="129.120765">
        <ele>745.904108523566</ele>
        <time>2024-07-20T04:30:05.000Z</time>
      </trkpt>
      <trkpt lat="35.419096" lon="129.120781">
        <ele>744.8073996954057</ele>
        <time>2024-07-20T04:30:09.000Z</time>
      </trkpt>
      <trkpt lat="35.419139" lon="129.120796">
        <ele>743.5977131213062</ele>
        <time>2024-07-20T04:30:16.000Z</time>
      </trkpt>
      <trkpt lat="35.419183" lon="129.120806">
        <ele>742.3697716520811</ele>
        <time>2024-07-20T04:30:21.000Z</time>
      </trkpt>
      <trkpt lat="35.419228" lon="129.120813">
        <ele>741.2090291052027</ele>
        <time>2024-07-20T04:30:25.000Z</time>
      </trkpt>
      <trkpt lat="35.419273" lon="129.120818">
        <ele>740.1645381598512</ele>
        <time>2024-07-20T04:30:27.000Z</time>
      </trkpt>
      <trkpt lat="35.419318" lon="129.120822">
        <ele>739.2732122669631</ele>
        <time>2024-07-20T04:30:29.000Z</time>
      </trkpt>
      <trkpt lat="35.419363" lon="129.120824">
        <ele>738.5598587548405</ele>
        <time>2024-07-20T04:30:34.000Z</time>
      </trkpt>
      <trkpt lat="35.419407" lon="129.120823">
        <ele>738.0081122575958</ele>
        <time>2024-07-20T04:30:38.000Z</time>
      </trkpt>
      <trkpt lat="35.419452" lon="129.120819">
        <ele>737.5622884636535</ele>
        <time>2024-07-20T04:30:40.000Z</time>
      </trkpt>
      <trkpt lat="35.419497" lon="129.120813">
        <ele>737.1612029604009</ele>
        <time>2024-07-20T04:30:46.000Z</time>
      </trkpt>
      <trkpt lat="35.419542" lon="129.120806">
        <ele>736.7553032119623</ele>
        <time>2024-07-20T04:30:46.000Z</time>
      </trkpt>
      <trkpt lat="35.419586" lon="129.120797">
        <ele>736.3124986688607</ele>
        <time>2024-07-20T04:30:50.000Z</time>
      </trkpt>
      <trkpt lat="35.419630" lon="129.120788">
        <ele>735.8438910076089</ele>
        <time>2024-07-20T04:30:53.000Z</time>
      </trkpt>
      <trkpt lat="35.419675" lon="129.120780">
        <ele>735.4195927267939</ele>
        <time>2024-07-20T04:30:55.000Z</time>
      </trkpt>
      <trkpt lat="35.419719" lon="129.120772">
        <ele>735.1346243929544</ele>
        <time>2024-07-20T04:31:00.000Z</time>
      </trkpt>
      <trkpt lat="35.419764" lon="129.120763">
        <ele>735.0539857033021</ele>
        <time>2024-07-20T04:31:05.000Z</time>
      </trkpt>
      <trkpt lat="35.419808" lon="129.120753">
        <ele>735.1882188821668</ele>
        <time>2024-07-20T04:31:06.000Z</time>
      </trkpt>
      <trkpt lat="35.419852" lon="129.120744">
        <ele>735.5049697776851</ele>
        <time>2024-07-20T04:31:13.000Z</time>
      </trkpt>
      <trkpt lat="35.419897" lon="129.120736">
        <ele>735.9471467502993</ele>
        <time>2024-07-20T04:31:14.000Z</time>
      </trkpt>
      <trkpt lat="35.419941" lon="129.120730">
        <ele>736.4394089678992</ele>
        <time>2024-07-20T04:31:19.000Z</time>
      </trkpt>
      <trkpt lat="35.419986" lon="129.120724">
        <ele>736.898026313323</ele>
        <time>2024-07-20T04:31:22.000Z</time>
      </trkpt>
      <trkpt lat="35.420031" lon="129.120716">
        <ele>737.2589589181777</ele>
        <time>2024-07-20T04:31:25.000Z</time>
      </trkpt>
      <trkpt lat="35.420075" lon="129.120704">
        <ele>737.504712290529</ele>
        <time>2024-07-20T04:31:30.000Z</time>
      </trkpt>
      <trkpt lat="35.420118" lon="129.120690">
        <ele>737.6609029611832</ele>
        <time>2024-07-20T04:31:30.000Z</time>
      </trkpt>
      <trkpt lat="35.420161" lon="129.120674">
        <ele>737.7675583836208</ele>
        <time>2024-07-20T04:31:34.000Z</time>
      </trkpt>
      <trkpt lat="35.420203" lon="129.120655">
        <ele>737.8572097098939</ele>
        <time>2024-07-20T04:31:34.000Z</time>
      </trkpt>
      <trkpt lat="35.420245" lon="129.120635">
        <ele>737.9534660955906</ele>
        <time>2024-07-20T04:31:42.000Z</time>
      </trkpt>
      <trkpt lat="35.420287" lon="129.120614">
        <ele>738.0758893911757</ele>
        <time>2024-07-20T04:31:45.000Z</time>
      </trkpt>
      <trkpt lat="35.420328" lon="129.120592">
        <ele>738.2366387002801</ele>
        <time>2024-07-20T04:31:49.000Z</time>
      </trkpt>
      <trkpt lat="35.420369" lon="129.120569">
        <ele>738.4327647740669</ele>
        <time>2024-07-20T04:31:51.000Z</time>
      </trkpt>
      <trkpt lat="35.420408" lon="129.120543">
        <ele>738.6472976583659</ele>
        <time>2024-07-20T04:31:57.000Z</time>
      </trkpt>
      <trkpt lat="35.420448" lon="129.120516">
        <ele>738.860678454939</ele>
        <time>2024-07-20T04:31:59.000Z</time>
      </trkpt>
      <trkpt lat="35.420488" lon="129.120493">
        <ele>739.059722421794</ele>
        <time>2024-07-20T04:32:03.000Z</time>
      </trkpt>
      <trkpt lat="35.420531" lon="129.120474">
        <ele>739.2397710707792</ele>
        <time>2024-07-20T04:32:04.000Z</time>
      </trkpt>
      <trkpt lat="35.420574" lon="129.120460">
        <ele>739.4074841699327</ele>
        <time>2024-07-20T04:32:10.000Z</time>
      </trkpt>
      <trkpt lat="35.420617" lon="129.120445">
        <ele>739.5817422785971</ele>
        <time>2024-07-20T04:32:11.000Z</time>
      </trkpt>
      <trkpt lat="35.420660" lon="129.120426">
        <ele>739.7854589387329</ele>
        <time>2024-07-20T04:32:20.000Z</time>
      </trkpt>
      <trkpt lat="35.420700" lon="129.120402">
        <ele>740.0236653726648</ele>
        <time>2024-07-20T04:32:21.000Z</time>
      </trkpt>
      <trkpt lat="35.420738" lon="129.120372">
        <ele>740.2558747318895</ele>
        <time>2024-07-20T04:32:25.000Z</time>
      </trkpt>
      <trkpt lat="35.420774" lon="129.120340">
        <ele>740.3981612807091</ele>
        <time>2024-07-20T04:32:26.000Z</time>
      </trkpt>
      <trkpt lat="35.420811" lon="129.120308">
        <ele>740.3689852516864</ele>
        <time>2024-07-20T04:32:34.000Z</time>
      </trkpt>
      <trkpt lat="35.420848" lon="129.120276">
        <ele>740.1333090800139</ele>
        <time>2024-07-20T04:32:35.000Z</time>
      </trkpt>
      <trkpt lat="35.420885" lon="129.120246">
        <ele>739.703193413172</ele>
        <time>2024-07-20T04:32:41.000Z</time>
      </trkpt>
      <trkpt lat="35.420923" lon="129.120216">
        <ele>739.1200755687541</ele>
        <time>2024-07-20T04:32:45.000Z</time>
      </trkpt>
      <trkpt lat="35.420961" lon="129.120187">
        <ele>738.4573480849084</ele>
        <time>2024-07-20T04:32:49.000Z</time>
      </trkpt>
      <trkpt lat="35.420999" lon="129.120157">
        <ele>737.8168169957403</ele>
        <time>2024-07-20T04:32:51.000Z</time>
      </trkpt>
      <trkpt lat="35.421037" lon="129.120128">
        <ele>737.2820301020308</ele>
        <time>2024-07-20T04:32:51.000Z</time>
      </trkpt>
      <trkpt lat="35.421076" lon="129.120101">
        <ele>736.8685859750816</ele>
        <time>2024-07-20T04:32:59.000Z</time>
      </trkpt>
      <trkpt lat="35.421116" lon="129.120075">
        <ele>736.536768593667</ele>
        <time>2024-07-20T04:33:02.000Z</time>
      </trkpt>
      <trkpt lat="35.421157" lon="129.120053">
        <ele>736.2492224167588</ele>
        <time>2024-07-20T04:33:02.000Z</time>
      </trkpt>
      <trkpt lat="35.421199" lon="129.120032">
        <ele>735.9992673468643</ele>
        <time>2024-07-20T04:33:07.000Z</time>
      </trkpt>
      <trkpt lat="35.421240" lon="129.120011">
        <ele>735.7900693675407</ele>
        <time>2024-07-20T04:33:07.000Z</time>
      </trkpt>
      <trkpt lat="35.421281" lon="129.119988">
        <ele>735.6105431648635</ele>
        <time>2024-07-20T04:33:16.000Z</time>
      </trkpt>
      <trkpt lat="35.421321" lon="129.119961">
        <ele>735.4365839404675</ele>
        <time>2024-07-20T04:33:17.000Z</time>
      </trkpt>
      <trkpt lat="35.421358" lon="129.119931">
        <ele>735.2425554476308</ele>
        <time>2024-07-20T04:33:21.000Z</time>
      </trkpt>
      <trkpt lat="35.421394" lon="129.119897">
        <ele>735.012733861606</ele>
        <time>2024-07-20T04:33:27.000Z</time>
      </trkpt>
      <trkpt lat="35.421428" lon="129.119861">
        <ele>734.7620943178431</ele>
        <time>2024-07-20T04:33:29.000Z</time>
      </trkpt>
      <trkpt lat="35.421464" lon="129.119828">
        <ele>734.5592143445863</ele>
        <time>2024-07-20T04:33:32.000Z</time>
      </trkpt>
      <trkpt lat="35.421503" lon="129.119801">
        <ele>734.5202378579155</ele>
        <time>2024-07-20T04:33:33.000Z</time>
      </trkpt>
      <trkpt lat="35.421544" lon="129.119780">
        <ele>734.7617234285514</ele>
        <time>2024-07-20T04:33:40.000Z</time>
      </trkpt>
      <trkpt lat="35.421586" lon="129.119760">
        <ele>735.3658146764228</ele>
        <time>2024-07-20T04:33:46.000Z</time>
      </trkpt>
      <trkpt lat="35.421628" lon="129.119739">
        <ele>736.3747798592906</ele>
        <time>2024-07-20T04:33:51.000Z</time>
      </trkpt>
      <trkpt lat="35.421668" lon="129.119715">
        <ele>737.7638882974936</ele>
        <time>2024-07-20T04:33:55.000Z</time>
      </trkpt>
      <trkpt lat="35.421708" lon="129.119690">
        <ele>739.4097793031112</ele>
        <time>2024-07-20T04:34:01.000Z</time>
      </trkpt>
      <trkpt lat="35.421749" lon="129.119667">
        <ele>741.1093380877832</ele>
        <time>2024-07-20T04:34:07.000Z</time>
      </trkpt>
      <trkpt lat="35.421790" lon="129.119645">
        <ele>742.6638903482475</ele>
        <time>2024-07-20T04:34:13.000Z</time>
      </trkpt>
      <trkpt lat="35.421831" lon="129.119622">
        <ele>743.9732057937839</ele>
        <time>2024-07-20T04:34:19.000Z</time>
      </trkpt>
      <trkpt lat="35.421872" lon="129.119598">
        <ele>745.0659034554576</ele>
        <time>2024-07-20T04:34:23.000Z</time>
      </trkpt>
      <trkpt lat="35.421912" lon="129.119573">
        <ele>746.0564733291887</ele>
        <time>2024-07-20T04:34:30.000Z</time>
      </trkpt>
      <trkpt lat="35.421953" lon="129.119550">
        <ele>747.0652826188817</ele>
        <time>2024-07-20T04:34:35.000Z</time>
      </trkpt>
      <trkpt lat="35.421994" lon="129.119530">
        <ele>748.1363141987003</ele>
        <time>2024-07-20T04:34:41.000Z</time>
      </trkpt>
      <trkpt lat="35.422038" lon="129.119515">
        <ele>749.2168716956994</ele>
        <time>2024-07-20T04:34:51.000Z</time>
      </trkpt>
      <trkpt lat="35.422082" lon="129.119505">
        <ele>750.2518670613255</ele>
        <time>2024-07-20T04:35:35.000Z</time>
      </trkpt>
      <trkpt lat="35.422090" lon="129.119503">
        <ele>750.4368148705464</ele>
        <time>2024-07-20T04:35:35.000Z</time>
      </trkpt>
      <trkpt lat="35.422126" lon="129.119511">
        <ele>750.5320569376107</ele>
        <time>2024-07-20T04:35:35.000Z</time>
      </trkpt>
      <trkpt lat="35.422170" lon="129.119522">
        <ele>750.6465290634253</ele>
        <time>2024-07-20T04:36:11.000Z</time>
      </trkpt>
      <trkpt lat="35.422214" lon="129.119533">
        <ele>750.7954788332128</ele>
        <time>2024-07-20T04:36:16.000Z</time>
      </trkpt>
      <trkpt lat="35.422259" lon="129.119542">
        <ele>750.9940031335261</ele>
        <time>2024-07-20T04:36:21.000Z</time>
      </trkpt>
      <trkpt lat="35.422303" lon="129.119550">
        <ele>751.2094743390695</ele>
        <time>2024-07-20T04:36:21.000Z</time>
      </trkpt>
      <trkpt lat="35.422348" lon="129.119556">
        <ele>751.3891562229574</ele>
        <time>2024-07-20T04:36:30.000Z</time>
      </trkpt>
      <trkpt lat="35.422393" lon="129.119556">
        <ele>751.4385613670943</ele>
        <time>2024-07-20T04:36:31.000Z</time>
      </trkpt>
      <trkpt lat="35.422437" lon="129.119552">
        <ele>751.2335581600884</ele>
        <time>2024-07-20T04:36:37.000Z</time>
      </trkpt>
      <trkpt lat="35.422482" lon="129.119546">
        <ele>750.7034807822708</ele>
        <time>2024-07-20T04:36:41.000Z</time>
      </trkpt>
      <trkpt lat="35.422527" lon="129.119542">
        <ele>749.9033741951077</ele>
        <time>2024-07-20T04:36:44.000Z</time>
      </trkpt>
      <trkpt lat="35.422572" lon="129.119540">
        <ele>748.9735480649331</ele>
        <time>2024-07-20T04:36:49.000Z</time>
      </trkpt>
      <trkpt lat="35.422617" lon="129.119541">
        <ele>748.0314394878174</ele>
        <time>2024-07-20T04:36:53.000Z</time>
      </trkpt>
      <trkpt lat="35.422662" lon="129.119543">
        <ele>747.1112848111837</ele>
        <time>2024-07-20T04:36:56.000Z</time>
      </trkpt>
      <trkpt lat="35.422707" lon="129.119546">
        <ele>746.1709501959123</ele>
        <time>2024-07-20T04:36:59.000Z</time>
      </trkpt>
      <trkpt lat="35.422752" lon="129.119546">
        <ele>745.1533063915881</ele>
        <time>2024-07-20T04:37:02.000Z</time>
      </trkpt>
      <trkpt lat="35.422797" lon="129.119546">
        <ele>744.0535760296142</ele>
        <time>2024-07-20T04:37:07.000Z</time>
      </trkpt>
      <trkpt lat="35.422842" lon="129.119547">
        <ele>742.903327749626</ele>
        <time>2024-07-20T04:37:10.000Z</time>
      </trkpt>
      <trkpt lat="35.422886" lon="129.119551">
        <ele>741.6989386264208</ele>
        <time>2024-07-20T04:37:14.000Z</time>
      </trkpt>
      <trkpt lat="35.422931" lon="129.119557">
        <ele>740.3883371489259</ele>
        <time>2024-07-20T04:37:18.000Z</time>
      </trkpt>
      <trkpt lat="35.422976" lon="129.119566">
        <ele>738.9331655647144</ele>
        <time>2024-07-20T04:37:21.000Z</time>
      </trkpt>
      <trkpt lat="35.423019" lon="129.119579">
        <ele>737.3568666830507</ele>
        <time>2024-07-20T04:37:26.000Z</time>
      </trkpt>
      <trkpt lat="35.423061" lon="129.119600">
        <ele>735.7304072222596</ele>
        <time>2024-07-20T04:37:33.000Z</time>
      </trkpt>
      <trkpt lat="35.423100" lon="129.119626">
        <ele>734.1305936521571</ele>
        <time>2024-07-20T04:37:37.000Z</time>
      </trkpt>
      <trkpt lat="35.423139" lon="129.119654">
        <ele>732.6248141235951</ele>
        <time>2024-07-20T04:37:43.000Z</time>
      </trkpt>
      <trkpt lat="35.423178" lon="129.119681">
        <ele>731.2614073228989</ele>
        <time>2024-07-20T04:37:47.000Z</time>
      </trkpt>
      <trkpt lat="35.423219" lon="129.119704">
        <ele>730.0451388622465</ele>
        <time>2024-07-20T04:37:49.000Z</time>
      </trkpt>
      <trkpt lat="35.423261" lon="129.119724">
        <ele>728.9602055861347</ele>
        <time>2024-07-20T04:37:54.000Z</time>
      </trkpt>
      <trkpt lat="35.423304" lon="129.119739">
        <ele>728.0029003435267</ele>
        <time>2024-07-20T04:37:56.000Z</time>
      </trkpt>
      <trkpt lat="35.423348" lon="129.119752">
        <ele>727.1481247104362</ele>
        <time>2024-07-20T04:38:01.000Z</time>
      </trkpt>
      <trkpt lat="35.423392" lon="129.119765">
        <ele>726.3238431082402</ele>
        <time>2024-07-20T04:38:04.000Z</time>
      </trkpt>
      <trkpt lat="35.423435" lon="129.119777">
        <ele>725.4533100619619</ele>
        <time>2024-07-20T04:38:08.000Z</time>
      </trkpt>
      <trkpt lat="35.423480" lon="129.119787">
        <ele>724.4895201021856</ele>
        <time>2024-07-20T04:38:10.000Z</time>
      </trkpt>
      <trkpt lat="35.423524" lon="129.119790">
        <ele>723.384518080103</ele>
        <time>2024-07-20T04:38:18.000Z</time>
      </trkpt>
      <trkpt lat="35.423569" lon="129.119783">
        <ele>722.0661709610137</ele>
        <time>2024-07-20T04:38:24.000Z</time>
      </trkpt>
      <trkpt lat="35.423612" lon="129.119768">
        <ele>720.4872523038061</ele>
        <time>2024-07-20T04:38:30.000Z</time>
      </trkpt>
      <trkpt lat="35.423654" lon="129.119747">
        <ele>718.6672003878462</ele>
        <time>2024-07-20T04:38:41.000Z</time>
      </trkpt>
      <trkpt lat="35.423695" lon="129.119726">
        <ele>716.6837748324975</ele>
        <time>2024-07-20T04:38:47.000Z</time>
      </trkpt>
      <trkpt lat="35.423737" lon="129.119707">
        <ele>714.659122323516</ele>
        <time>2024-07-20T04:38:51.000Z</time>
      </trkpt>
      <trkpt lat="35.423779" lon="129.119686">
        <ele>712.7174752785809</ele>
        <time>2024-07-20T04:38:57.000Z</time>
      </trkpt>
      <trkpt lat="35.423820" lon="129.119663">
        <ele>710.9074536532213</ele>
        <time>2024-07-20T04:39:01.000Z</time>
      </trkpt>
      <trkpt lat="35.423859" lon="129.119637">
        <ele>709.1792281146907</ele>
        <time>2024-07-20T04:39:04.000Z</time>
      </trkpt>
      <trkpt lat="35.423899" lon="129.119610">
        <ele>707.4834199963926</ele>
        <time>2024-07-20T04:39:11.000Z</time>
      </trkpt>
      <trkpt lat="35.423938" lon="129.119583">
        <ele>705.8491902336265</ele>
        <time>2024-07-20T04:39:17.000Z</time>
      </trkpt>
      <trkpt lat="35.423976" lon="129.119553">
        <ele>704.2978708902139</ele>
        <time>2024-07-20T04:39:21.000Z</time>
      </trkpt>
      <trkpt lat="35.424012" lon="129.119521">
        <ele>702.7665374133616</ele>
        <time>2024-07-20T04:39:29.000Z</time>
      </trkpt>
      <trkpt lat="35.424048" lon="129.119487">
        <ele>701.2266651923953</ele>
        <time>2024-07-20T04:39:32.000Z</time>
      </trkpt>
      <trkpt lat="35.424086" lon="129.119459">
        <ele>699.8596365380714</ele>
        <time>2024-07-20T04:39:37.000Z</time>
      </trkpt>
      <trkpt lat="35.424128" lon="129.119442">
        <ele>699.0239334449847</ele>
        <time>2024-07-20T04:39:40.000Z</time>
      </trkpt>
      <trkpt lat="35.424173" lon="129.119435">
        <ele>698.9154468076954</ele>
        <time>2024-07-20T04:39:46.000Z</time>
      </trkpt>
      <trkpt lat="35.424218" lon="129.119432">
        <ele>699.3535785563948</ele>
        <time>2024-07-20T04:39:51.000Z</time>
      </trkpt>
      <trkpt lat="35.424262" lon="129.119424">
        <ele>699.9534047996284</ele>
        <time>2024-07-20T04:39:54.000Z</time>
      </trkpt>
      <trkpt lat="35.424305" lon="129.119407">
        <ele>700.3899098964998</ele>
        <time>2024-07-20T04:39:59.000Z</time>
      </trkpt>
      <trkpt lat="35.424344" lon="129.119381">
        <ele>700.5638993070844</ele>
        <time>2024-07-20T04:40:03.000Z</time>
      </trkpt>
      <trkpt lat="35.424381" lon="129.119349">
        <ele>700.5630732176105</ele>
        <time>2024-07-20T04:40:08.000Z</time>
      </trkpt>
      <trkpt lat="35.424415" lon="129.119314">
        <ele>700.4742838409016</ele>
        <time>2024-07-20T04:40:14.000Z</time>
      </trkpt>
      <trkpt lat="35.424445" lon="129.119273">
        <ele>700.2365250934603</ele>
        <time>2024-07-20T04:40:16.000Z</time>
      </trkpt>
      <trkpt lat="35.424470" lon="129.119227">
        <ele>699.6445691266282</ele>
        <time>2024-07-20T04:40:22.000Z</time>
      </trkpt>
      <trkpt lat="35.424487" lon="129.119176">
        <ele>698.4928921618764</ele>
        <time>2024-07-20T04:40:30.000Z</time>
      </trkpt>
      <trkpt lat="35.424500" lon="129.119123">
        <ele>696.7291863560503</ele>
        <time>2024-07-20T04:40:36.000Z</time>
      </trkpt>
      <trkpt lat="35.424512" lon="129.119070">
        <ele>694.5080126449953</ele>
        <time>2024-07-20T04:40:42.000Z</time>
      </trkpt>
      <trkpt lat="35.424528" lon="129.119018">
        <ele>692.1378153308184</ele>
        <time>2024-07-20T04:40:50.000Z</time>
      </trkpt>
      <trkpt lat="35.424550" lon="129.118971">
        <ele>689.9750481508901</ele>
        <time>2024-07-20T04:41:01.000Z</time>
      </trkpt>
      <trkpt lat="35.424581" lon="129.118933">
        <ele>688.3293195379397</ele>
        <time>2024-07-20T04:41:22.000Z</time>
      </trkpt>
      <trkpt lat="35.424621" lon="129.118907">
        <ele>687.3193410157543</ele>
        <time>2024-07-20T04:41:25.000Z</time>
      </trkpt>
      <trkpt lat="35.424664" lon="129.118890">
        <ele>686.8260239679003</ele>
        <time>2024-07-20T04:41:28.000Z</time>
      </trkpt>
      <trkpt lat="35.424707" lon="129.118877">
        <ele>686.659578716995</ele>
        <time>2024-07-20T04:41:32.000Z</time>
      </trkpt>
      <trkpt lat="35.424751" lon="129.118863">
        <ele>686.6683149032448</ele>
        <time>2024-07-20T04:41:37.000Z</time>
      </trkpt>
      <trkpt lat="35.424793" lon="129.118844">
        <ele>686.696199854815</ele>
        <time>2024-07-20T04:41:40.000Z</time>
      </trkpt>
      <trkpt lat="35.424833" lon="129.118818">
        <ele>686.53147092202</ele>
        <time>2024-07-20T04:41:47.000Z</time>
      </trkpt>
      <trkpt lat="35.424870" lon="129.118788">
        <ele>685.9834341922498</ele>
        <time>2024-07-20T04:41:54.000Z</time>
      </trkpt>
      <trkpt lat="35.424906" lon="129.118755">
        <ele>685.0770916304454</ele>
        <time>2024-07-20T04:42:09.000Z</time>
      </trkpt>
      <trkpt lat="35.424945" lon="129.118728">
        <ele>684.1420210479049</ele>
        <time>2024-07-20T04:42:16.000Z</time>
      </trkpt>
      <trkpt lat="35.424988" lon="129.118712">
        <ele>683.6021894750663</ele>
        <time>2024-07-20T04:42:25.000Z</time>
      </trkpt>
      <trkpt lat="35.425033" lon="129.118705">
        <ele>683.5893999866505</ele>
        <time>2024-07-20T04:42:30.000Z</time>
      </trkpt>
      <trkpt lat="35.425077" lon="129.118701">
        <ele>683.9059022500091</ele>
        <time>2024-07-20T04:42:37.000Z</time>
      </trkpt>
      <trkpt lat="35.425122" lon="129.118695">
        <ele>684.2907830096951</ele>
        <time>2024-07-20T04:42:38.000Z</time>
      </trkpt>
      <trkpt lat="35.425166" lon="129.118685">
        <ele>684.5782459187355</ele>
        <time>2024-07-20T04:42:44.000Z</time>
      </trkpt>
      <trkpt lat="35.425210" lon="129.118673">
        <ele>684.6962338125161</ele>
        <time>2024-07-20T04:42:44.000Z</time>
      </trkpt>
      <trkpt lat="35.425254" lon="129.118660">
        <ele>684.6043489699051</ele>
        <time>2024-07-20T04:42:45.000Z</time>
      </trkpt>
      <trkpt lat="35.425298" lon="129.118650">
        <ele>684.2315810116194</ele>
        <time>2024-07-20T04:42:52.000Z</time>
      </trkpt>
      <trkpt lat="35.425343" lon="129.118648">
        <ele>683.4421181675914</ele>
        <time>2024-07-20T04:42:58.000Z</time>
      </trkpt>
      <trkpt lat="35.425386" lon="129.118660">
        <ele>682.0705421882617</ele>
        <time>2024-07-20T04:43:03.000Z</time>
      </trkpt>
      <trkpt lat="35.425423" lon="129.118689">
        <ele>680.0580507710608</ele>
        <time>2024-07-20T04:43:15.000Z</time>
      </trkpt>
      <trkpt lat="35.425451" lon="129.118732">
        <ele>677.5680697145067</ele>
        <time>2024-07-20T04:43:22.000Z</time>
      </trkpt>
      <trkpt lat="35.425474" lon="129.118779">
        <ele>674.8439123381078</ele>
        <time>2024-07-20T04:43:41.000Z</time>
      </trkpt>
      <trkpt lat="35.425501" lon="129.118824">
        <ele>672.1224211065932</ele>
        <time>2024-07-20T04:43:50.000Z</time>
      </trkpt>
      <trkpt lat="35.425534" lon="129.118860">
        <ele>669.6891731067407</ele>
        <time>2024-07-20T04:43:53.000Z</time>
      </trkpt>
      <trkpt lat="35.425573" lon="129.118887">
        <ele>667.6754513332945</ele>
        <time>2024-07-20T04:43:57.000Z</time>
      </trkpt>
      <trkpt lat="35.425615" lon="129.118907">
        <ele>665.9643771783059</ele>
        <time>2024-07-20T04:44:01.000Z</time>
      </trkpt>
      <trkpt lat="35.425659" lon="129.118922">
        <ele>664.3616043425789</ele>
        <time>2024-07-20T04:44:06.000Z</time>
      </trkpt>
      <trkpt lat="35.425702" lon="129.118937">
        <ele>662.6759118278933</ele>
        <time>2024-07-20T04:44:12.000Z</time>
      </trkpt>
      <trkpt lat="35.425743" lon="129.118958">
        <ele>660.6941695221511</ele>
        <time>2024-07-20T04:44:25.000Z</time>
      </trkpt>
      <trkpt lat="35.425781" lon="129.118988">
        <ele>658.2622961143494</ele>
        <time>2024-07-20T04:44:33.000Z</time>
      </trkpt>
      <trkpt lat="35.425815" lon="129.119023">
        <ele>655.3647887375876</ele>
        <time>2024-07-20T04:45:05.000Z</time>
      </trkpt>
      <trkpt lat="35.425850" lon="129.119058">
        <ele>652.1214605126371</ele>
        <time>2024-07-20T04:45:12.000Z</time>
      </trkpt>
      <trkpt lat="35.425887" lon="129.119089">
        <ele>648.7149206920262</ele>
        <time>2024-07-20T04:45:19.000Z</time>
      </trkpt>
      <trkpt lat="35.425924" lon="129.119121">
        <ele>645.2227548624335</ele>
        <time>2024-07-20T04:45:30.000Z</time>
      </trkpt>
      <trkpt lat="35.425960" lon="129.119154">
        <ele>641.678244192203</ele>
        <time>2024-07-20T04:45:36.000Z</time>
      </trkpt>
      <trkpt lat="35.425995" lon="129.119188">
        <ele>638.2268440418151</ele>
        <time>2024-07-20T04:45:57.000Z</time>
      </trkpt>
      <trkpt lat="35.426030" lon="129.119223">
        <ele>635.0709914714961</ele>
        <time>2024-07-20T04:46:02.000Z</time>
      </trkpt>
      <trkpt lat="35.426063" lon="129.119260">
        <ele>632.2947657715499</ele>
        <time>2024-07-20T04:46:10.000Z</time>
      </trkpt>
      <trkpt lat="35.426094" lon="129.119301">
        <ele>629.8129762753019</ele>
        <time>2024-07-20T04:46:24.000Z</time>
      </trkpt>
      <trkpt lat="35.426121" lon="129.119344">
        <ele>627.4737175158049</ele>
        <time>2024-07-20T04:46:30.000Z</time>
      </trkpt>
      <trkpt lat="35.426146" lon="129.119391">
        <ele>625.1544040608566</ele>
        <time>2024-07-20T04:46:35.000Z</time>
      </trkpt>
      <trkpt lat="35.426164" lon="129.119441">
        <ele>622.7716607968699</ele>
        <time>2024-07-20T04:46:43.000Z</time>
      </trkpt>
      <trkpt lat="35.426177" lon="129.119494">
        <ele>620.2651582320924</ele>
        <time>2024-07-20T04:46:50.000Z</time>
      </trkpt>
      <trkpt lat="35.426185" lon="129.119548">
        <ele>617.5623526312311</ele>
        <time>2024-07-20T04:46:53.000Z</time>
      </trkpt>
      <trkpt lat="35.426198" lon="129.119600">
        <ele>614.627626789429</ele>
        <time>2024-07-20T04:47:23.000Z</time>
      </trkpt>
      <trkpt lat="35.426222" lon="129.119646">
        <ele>611.7057201257185</ele>
        <time>2024-07-20T04:47:28.000Z</time>
      </trkpt>
      <trkpt lat="35.426256" lon="129.119682">
        <ele>609.1286482209073</ele>
        <time>2024-07-20T04:47:33.000Z</time>
      </trkpt>
      <trkpt lat="35.426294" lon="129.119712">
        <ele>606.8904161767218</ele>
        <time>2024-07-20T04:47:38.000Z</time>
      </trkpt>
      <trkpt lat="35.426332" lon="129.119740">
        <ele>604.8172257863313</ele>
        <time>2024-07-20T04:47:43.000Z</time>
      </trkpt>
      <trkpt lat="35.426371" lon="129.119768">
        <ele>602.8215365486967</ele>
        <time>2024-07-20T04:47:50.000Z</time>
      </trkpt>
      <trkpt lat="35.426410" lon="129.119795">
        <ele>600.9148699177738</ele>
        <time>2024-07-20T04:47:54.000Z</time>
      </trkpt>
      <trkpt lat="35.426450" lon="129.119821">
        <ele>599.1299333748235</ele>
        <time>2024-07-20T04:47:58.000Z</time>
      </trkpt>
      <trkpt lat="35.426489" lon="129.119848">
        <ele>597.4572378354496</ele>
        <time>2024-07-20T04:48:03.000Z</time>
      </trkpt>
      <trkpt lat="35.426529" lon="129.119874">
        <ele>595.8272189042236</ele>
        <time>2024-07-20T04:48:06.000Z</time>
      </trkpt>
      <trkpt lat="35.426569" lon="129.119898">
        <ele>594.1448429885082</ele>
        <time>2024-07-20T04:48:15.000Z</time>
      </trkpt>
      <trkpt lat="35.426611" lon="129.119919">
        <ele>592.3744644860745</ele>
        <time>2024-07-20T04:48:20.000Z</time>
      </trkpt>
      <trkpt lat="35.426652" lon="129.119941">
        <ele>590.5962180505471</ele>
        <time>2024-07-20T04:48:29.000Z</time>
      </trkpt>
      <trkpt lat="35.426692" lon="129.119965">
        <ele>588.9739350913192</ele>
        <time>2024-07-20T04:48:35.000Z</time>
      </trkpt>
      <trkpt lat="35.426731" lon="129.119993">
        <ele>587.6293710048832</ele>
        <time>2024-07-20T04:48:36.000Z</time>
      </trkpt>
      <trkpt lat="35.426770" lon="129.120021">
        <ele>586.538171345127</ele>
        <time>2024-07-20T04:48:43.000Z</time>
      </trkpt>
      <trkpt lat="35.426811" lon="129.120044">
        <ele>585.5770335907382</ele>
        <time>2024-07-20T04:48:48.000Z</time>
      </trkpt>
      <trkpt lat="35.426853" lon="129.120063">
        <ele>584.6262901342127</ele>
        <time>2024-07-20T04:48:53.000Z</time>
      </trkpt>
      <trkpt lat="35.426896" lon="129.120080">
        <ele>583.6376154435379</ele>
        <time>2024-07-20T04:48:58.000Z</time>
      </trkpt>
      <trkpt lat="35.426939" lon="129.120096">
        <ele>582.6338874143319</ele>
        <time>2024-07-20T04:49:03.000Z</time>
      </trkpt>
      <trkpt lat="35.426982" lon="129.120111">
        <ele>581.6512080402413</ele>
        <time>2024-07-20T04:49:07.000Z</time>
      </trkpt>
      <trkpt lat="35.427025" lon="129.120126">
        <ele>580.6933652834483</ele>
        <time>2024-07-20T04:49:15.000Z</time>
      </trkpt>
      <trkpt lat="35.427069" lon="129.120140">
        <ele>579.7419907892261</ele>
        <time>2024-07-20T04:49:21.000Z</time>
      </trkpt>
      <trkpt lat="35.427113" lon="129.120152">
        <ele>578.7908283493256</ele>
        <time>2024-07-20T04:49:26.000Z</time>
      </trkpt>
      <trkpt lat="35.427157" lon="129.120164">
        <ele>577.8605929196113</ele>
        <time>2024-07-20T04:49:27.000Z</time>
      </trkpt>
      <trkpt lat="35.427200" lon="129.120177">
        <ele>576.990742147223</ele>
        <time>2024-07-20T04:49:31.000Z</time>
      </trkpt>
      <trkpt lat="35.427244" lon="129.120190">
        <ele>576.2187061201364</ele>
        <time>2024-07-20T04:49:35.000Z</time>
      </trkpt>
      <trkpt lat="35.427288" lon="129.120201">
        <ele>575.5614975831463</ele>
        <time>2024-07-20T04:49:43.000Z</time>
      </trkpt>
      <trkpt lat="35.427333" lon="129.120209">
        <ele>575.0086153247405</ele>
        <time>2024-07-20T04:49:49.000Z</time>
      </trkpt>
      <trkpt lat="35.427377" lon="129.120216">
        <ele>574.528247154617</ele>
        <time>2024-07-20T04:50:54.000Z</time>
      </trkpt>
      <trkpt lat="35.427422" lon="129.120214">
        <ele>574.1004787630277</ele>
        <time>2024-07-20T04:52:12.000Z</time>
      </trkpt>
      <trkpt lat="35.427465" lon="129.120200">
        <ele>573.7266692026187</ele>
        <time>2024-07-20T04:52:12.000Z</time>
      </trkpt>
      <trkpt lat="35.427482" lon="129.120181">
        <ele>573.589985001903</ele>
        <time>2024-07-20T04:52:12.000Z</time>
      </trkpt>
      <trkpt lat="35.427489" lon="129.120157">
        <ele>573.5117972163772</ele>
        <time>2024-07-20T04:53:18.000Z</time>
      </trkpt>
      <trkpt lat="35.427504" lon="129.120105">
        <ele>573.3296343429149</ele>
        <time>2024-07-20T04:53:31.000Z</time>
      </trkpt>
      <trkpt lat="35.427516" lon="129.120052">
        <ele>573.0943107816852</ele>
        <time>2024-07-20T04:53:31.000Z</time>
      </trkpt>
      <trkpt lat="35.427529" lon="129.119999">
        <ele>572.7469267212554</ele>
        <time>2024-07-20T04:53:38.000Z</time>
      </trkpt>
      <trkpt lat="35.427539" lon="129.119946">
        <ele>572.2466587043631</ele>
        <time>2024-07-20T04:53:45.000Z</time>
      </trkpt>
      <trkpt lat="35.427548" lon="129.119891">
        <ele>571.6248685842487</ele>
        <time>2024-07-20T04:53:51.000Z</time>
      </trkpt>
      <trkpt lat="35.427555" lon="129.119837">
        <ele>570.9750597832253</ele>
        <time>2024-07-20T04:53:55.000Z</time>
      </trkpt>
      <trkpt lat="35.427562" lon="129.119782">
        <ele>570.3736418631248</ele>
        <time>2024-07-20T04:54:02.000Z</time>
      </trkpt>
      <trkpt lat="35.427569" lon="129.119728">
        <ele>569.8345163327994</ele>
        <time>2024-07-20T04:54:06.000Z</time>
      </trkpt>
      <trkpt lat="35.427578" lon="129.119674">
        <ele>569.3311203453432</ele>
        <time>2024-07-20T04:54:13.000Z</time>
      </trkpt>
      <trkpt lat="35.427590" lon="129.119621">
        <ele>568.8271583782562</ele>
        <time>2024-07-20T04:54:19.000Z</time>
      </trkpt>
      <trkpt lat="35.427604" lon="129.119568">
        <ele>568.2909931006371</ele>
        <time>2024-07-20T04:54:23.000Z</time>
      </trkpt>
      <trkpt lat="35.427620" lon="129.119517">
        <ele>567.7100088170699</ele>
        <time>2024-07-20T04:54:27.000Z</time>
      </trkpt>
      <trkpt lat="35.427638" lon="129.119466">
        <ele>567.0928520605048</ele>
        <time>2024-07-20T04:54:32.000Z</time>
      </trkpt>
      <trkpt lat="35.427658" lon="129.119417">
        <ele>566.4550864403858</ele>
        <time>2024-07-20T04:54:37.000Z</time>
      </trkpt>
      <trkpt lat="35.427679" lon="129.119368">
        <ele>565.8182921232514</ele>
        <time>2024-07-20T04:54:43.000Z</time>
      </trkpt>
      <trkpt lat="35.427699" lon="129.119318">
        <ele>565.2109179674309</ele>
        <time>2024-07-20T04:54:43.000Z</time>
      </trkpt>
      <trkpt lat="35.427714" lon="129.119266">
        <ele>564.6372061155212</ele>
        <time>2024-07-20T04:54:54.000Z</time>
      </trkpt>
      <trkpt lat="35.427722" lon="129.119212">
        <ele>564.0549987222896</ele>
        <time>2024-07-20T04:54:58.000Z</time>
      </trkpt>
      <trkpt lat="35.427725" lon="129.119157">
        <ele>563.4160740813782</ele>
        <time>2024-07-20T04:55:02.000Z</time>
      </trkpt>
      <trkpt lat="35.427725" lon="129.119102">
        <ele>562.7155110698193</ele>
        <time>2024-07-20T04:55:07.000Z</time>
      </trkpt>
      <trkpt lat="35.427726" lon="129.119047">
        <ele>561.9778287132258</ele>
        <time>2024-07-20T04:55:10.000Z</time>
      </trkpt>
      <trkpt lat="35.427729" lon="129.118992">
        <ele>561.2060605521523</ele>
        <time>2024-07-20T04:55:14.000Z</time>
      </trkpt>
      <trkpt lat="35.427735" lon="129.118937">
        <ele>560.355011827396</ele>
        <time>2024-07-20T04:55:19.000Z</time>
      </trkpt>
      <trkpt lat="35.427738" lon="129.118882">
        <ele>559.3582945943327</ele>
        <time>2024-07-20T04:55:24.000Z</time>
      </trkpt>
      <trkpt lat="35.427736" lon="129.118827">
        <ele>558.1981975433579</ele>
        <time>2024-07-20T04:55:27.000Z</time>
      </trkpt>
      <trkpt lat="35.427730" lon="129.118772">
        <ele>556.9491491282836</ele>
        <time>2024-07-20T04:55:35.000Z</time>
      </trkpt>
      <trkpt lat="35.427722" lon="129.118718">
        <ele>555.7308238488175</ele>
        <time>2024-07-20T04:55:39.000Z</time>
      </trkpt>
      <trkpt lat="35.427716" lon="129.118664">
        <ele>554.6220514578896</ele>
        <time>2024-07-20T04:55:43.000Z</time>
      </trkpt>
      <trkpt lat="35.427711" lon="129.118609">
        <ele>553.6277626588818</ele>
        <time>2024-07-20T04:55:46.000Z</time>
      </trkpt>
      <trkpt lat="35.427709" lon="129.118554">
        <ele>552.7140414309623</ele>
        <time>2024-07-20T04:55:55.000Z</time>
      </trkpt>
      <trkpt lat="35.427708" lon="129.118498">
        <ele>551.8470644423899</ele>
        <time>2024-07-20T04:55:58.000Z</time>
      </trkpt>
      <trkpt lat="35.427711" lon="129.118443">
        <ele>551.0043557232357</ele>
        <time>2024-07-20T04:56:02.000Z</time>
      </trkpt>
      <trkpt lat="35.427716" lon="129.118388">
        <ele>550.1760422811424</ele>
        <time>2024-07-20T04:56:06.000Z</time>
      </trkpt>
      <trkpt lat="35.427723" lon="129.118334">
        <ele>549.3634640156451</ele>
        <time>2024-07-20T04:56:11.000Z</time>
      </trkpt>
      <trkpt lat="35.427731" lon="129.118280">
        <ele>548.5749617700316</ele>
        <time>2024-07-20T04:56:13.000Z</time>
      </trkpt>
      <trkpt lat="35.427742" lon="129.118226">
        <ele>547.8146178277967</ele>
        <time>2024-07-20T04:56:17.000Z</time>
      </trkpt>
      <trkpt lat="35.427754" lon="129.118173">
        <ele>547.0671123892845</ele>
        <time>2024-07-20T04:56:20.000Z</time>
      </trkpt>
      <trkpt lat="35.427766" lon="129.118120">
        <ele>546.2933108538889</ele>
        <time>2024-07-20T04:56:25.000Z</time>
      </trkpt>
      <trkpt lat="35.427776" lon="129.118066">
        <ele>545.4430595425811</ele>
        <time>2024-07-20T04:56:29.000Z</time>
      </trkpt>
      <trkpt lat="35.427781" lon="129.118011">
        <ele>544.4873066629405</ele>
        <time>2024-07-20T04:56:35.000Z</time>
      </trkpt>
      <trkpt lat="35.427782" lon="129.117956">
        <ele>543.4486676330861</ele>
        <time>2024-07-20T04:56:37.000Z</time>
      </trkpt>
      <trkpt lat="35.427782" lon="129.117901">
        <ele>542.3888502790271</ele>
        <time>2024-07-20T04:56:41.000Z</time>
      </trkpt>
      <trkpt lat="35.427785" lon="129.117846">
        <ele>541.3705973109071</ele>
        <time>2024-07-20T04:56:46.000Z</time>
      </trkpt>
      <trkpt lat="35.427792" lon="129.117792">
        <ele>540.4174390712059</ele>
        <time>2024-07-20T04:56:50.000Z</time>
      </trkpt>
      <trkpt lat="35.427801" lon="129.117738">
        <ele>539.480018479608</ele>
        <time>2024-07-20T04:56:57.000Z</time>
      </trkpt>
      <trkpt lat="35.427807" lon="129.117683">
        <ele>538.5006340541331</ele>
        <time>2024-07-20T04:57:02.000Z</time>
      </trkpt>
      <trkpt lat="35.427809" lon="129.117628">
        <ele>537.5107601848473</ele>
        <time>2024-07-20T04:57:07.000Z</time>
      </trkpt>
      <trkpt lat="35.427810" lon="129.117573">
        <ele>536.5867562486856</ele>
        <time>2024-07-20T04:57:07.000Z</time>
      </trkpt>
      <trkpt lat="35.427815" lon="129.117518">
        <ele>535.755059174409</ele>
        <time>2024-07-20T04:57:11.000Z</time>
      </trkpt>
      <trkpt lat="35.427826" lon="129.117464">
        <ele>534.9883401802799</ele>
        <time>2024-07-20T04:57:13.000Z</time>
      </trkpt>
      <trkpt lat="35.427842" lon="129.117413">
        <ele>534.253271022122</ele>
        <time>2024-07-20T04:57:18.000Z</time>
      </trkpt>
      <trkpt lat="35.427862" lon="129.117363">
        <ele>533.5346636365168</ele>
        <time>2024-07-20T04:57:22.000Z</time>
      </trkpt>
      <trkpt lat="35.427882" lon="129.117314">
        <ele>532.8346155195673</ele>
        <time>2024-07-20T04:57:23.000Z</time>
      </trkpt>
      <trkpt lat="35.427904" lon="129.117266">
        <ele>532.16195236018</ele>
        <time>2024-07-20T04:57:26.000Z</time>
      </trkpt>
      <trkpt lat="35.427928" lon="129.117219">
        <ele>531.5107610755548</ele>
        <time>2024-07-20T04:57:31.000Z</time>
      </trkpt>
      <trkpt lat="35.427954" lon="129.117174">
        <ele>530.8476957626123</ele>
        <time>2024-07-20T04:57:36.000Z</time>
      </trkpt>
      <trkpt lat="35.427980" lon="129.117129">
        <ele>530.1300362672135</ele>
        <time>2024-07-20T04:57:39.000Z</time>
      </trkpt>
      <trkpt lat="35.428006" lon="129.117085">
        <ele>529.3411964412395</ele>
        <time>2024-07-20T04:57:42.000Z</time>
      </trkpt>
      <trkpt lat="35.428035" lon="129.117042">
        <ele>528.5036636497009</ele>
        <time>2024-07-20T04:57:47.000Z</time>
      </trkpt>
      <trkpt lat="35.428066" lon="129.117002">
        <ele>527.6530200908061</ele>
        <time>2024-07-20T04:57:55.000Z</time>
      </trkpt>
      <trkpt lat="35.428098" lon="129.116963">
        <ele>526.8064194912678</ele>
        <time>2024-07-20T04:57:55.000Z</time>
      </trkpt>
      <trkpt lat="35.428106" lon="129.116954">
        <ele>526.5999122026141</ele>
        <time>2024-07-20T04:57:55.000Z</time>
      </trkpt>
      <trkpt lat="35.428120" lon="129.116916">
        <ele>525.8139573699118</ele>
        <time>2024-07-20T04:58:03.000Z</time>
      </trkpt>
      <trkpt lat="35.428139" lon="129.116866">
        <ele>524.7539389390723</ele>
        <time>2024-07-20T04:58:09.000Z</time>
      </trkpt>
      <trkpt lat="35.428164" lon="129.116820">
        <ele>523.6607359251302</ele>
        <time>2024-07-20T04:58:11.000Z</time>
      </trkpt>
      <trkpt lat="35.428193" lon="129.116778">
        <ele>522.559493103266</ele>
        <time>2024-07-20T04:58:14.000Z</time>
      </trkpt>
      <trkpt lat="35.428225" lon="129.116740">
        <ele>521.5017192982491</ele>
        <time>2024-07-20T04:58:19.000Z</time>
      </trkpt>
      <trkpt lat="35.428259" lon="129.116703">
        <ele>520.5185646192466</ele>
        <time>2024-07-20T04:58:24.000Z</time>
      </trkpt>
      <trkpt lat="35.428293" lon="129.116668">
        <ele>519.6001580839832</ele>
        <time>2024-07-20T04:58:33.000Z</time>
      </trkpt>
      <trkpt lat="35.428331" lon="129.116637">
        <ele>518.7174876544614</ele>
        <time>2024-07-20T04:58:36.000Z</time>
      </trkpt>
      <trkpt lat="35.428371" lon="129.116612">
        <ele>517.8587014540011</ele>
        <time>2024-07-20T04:58:41.000Z</time>
      </trkpt>
      <trkpt lat="35.428412" lon="129.116592">
        <ele>517.0220858829538</ele>
        <time>2024-07-20T04:58:47.000Z</time>
      </trkpt>
      <trkpt lat="35.428455" lon="129.116573">
        <ele>516.2039979007545</ele>
        <time>2024-07-20T04:58:52.000Z</time>
      </trkpt>
      <trkpt lat="35.428497" lon="129.116555">
        <ele>515.4166560597224</ele>
        <time>2024-07-20T04:58:54.000Z</time>
      </trkpt>
      <trkpt lat="35.428541" lon="129.116542">
        <ele>514.6886838013845</ele>
        <time>2024-07-20T04:58:56.000Z</time>
      </trkpt>
      <trkpt lat="35.428586" lon="129.116536">
        <ele>514.0252127959649</ele>
        <time>2024-07-20T04:59:01.000Z</time>
      </trkpt>
      <trkpt lat="35.428630" lon="129.116532">
        <ele>513.3731129220585</ele>
        <time>2024-07-20T04:59:22.000Z</time>
      </trkpt>
      <trkpt lat="35.428675" lon="129.116523">
        <ele>512.6939178841641</ele>
        <time>2024-07-20T04:59:35.000Z</time>
      </trkpt>
      <trkpt lat="35.428717" lon="129.116504">
        <ele>512.0533926099049</ele>
        <time>2024-07-20T04:59:38.000Z</time>
      </trkpt>
      <trkpt lat="35.428757" lon="129.116479">
        <ele>511.5281531591822</ele>
        <time>2024-07-20T04:59:49.000Z</time>
      </trkpt>
      <trkpt lat="35.428798" lon="129.116457">
        <ele>511.10445166180807</ele>
        <time>2024-07-20T05:00:02.000Z</time>
      </trkpt>
      <trkpt lat="35.428841" lon="129.116441">
        <ele>510.7106866219133</ele>
        <time>2024-07-20T05:00:04.000Z</time>
      </trkpt>
      <trkpt lat="35.428886" lon="129.116433">
        <ele>510.2845549421071</ele>
        <time>2024-07-20T05:00:12.000Z</time>
      </trkpt>
      <trkpt lat="35.428931" lon="129.116430">
        <ele>509.8130521576148</ele>
        <time>2024-07-20T05:00:15.000Z</time>
      </trkpt>
      <trkpt lat="35.428975" lon="129.116431">
        <ele>509.33804297324724</ele>
        <time>2024-07-20T05:00:24.000Z</time>
      </trkpt>
      <trkpt lat="35.429020" lon="129.116433">
        <ele>508.9058476384191</ele>
        <time>2024-07-20T05:00:24.000Z</time>
      </trkpt>
      <trkpt lat="35.429065" lon="129.116437">
        <ele>508.4777866844114</ele>
        <time>2024-07-20T05:00:29.000Z</time>
      </trkpt>
      <trkpt lat="35.429110" lon="129.116442">
        <ele>507.9138313899851</ele>
        <time>2024-07-20T05:00:38.000Z</time>
      </trkpt>
      <trkpt lat="35.429155" lon="129.116449">
        <ele>507.09041235016747</ele>
        <time>2024-07-20T05:00:44.000Z</time>
      </trkpt>
      <trkpt lat="35.429199" lon="129.116454">
        <ele>506.0243468979541</ele>
        <time>2024-07-20T05:00:48.000Z</time>
      </trkpt>
      <trkpt lat="35.429244" lon="129.116454">
        <ele>504.86078113958405</ele>
        <time>2024-07-20T05:00:54.000Z</time>
      </trkpt>
      <trkpt lat="35.429289" lon="129.116453">
        <ele>503.7554672003166</ele>
        <time>2024-07-20T05:00:57.000Z</time>
      </trkpt>
      <trkpt lat="35.429334" lon="129.116455">
        <ele>502.7939623284367</ele>
        <time>2024-07-20T05:01:06.000Z</time>
      </trkpt>
      <trkpt lat="35.429379" lon="129.116464">
        <ele>502.0021365205766</ele>
        <time>2024-07-20T05:01:14.000Z</time>
      </trkpt>
      <trkpt lat="35.429423" lon="129.116475">
        <ele>501.342479942722</ele>
        <time>2024-07-20T05:01:20.000Z</time>
      </trkpt>
      <trkpt lat="35.429467" lon="129.116477">
        <ele>500.76075282324973</ele>
        <time>2024-07-20T05:01:21.000Z</time>
      </trkpt>
      <trkpt lat="35.429512" lon="129.116468">
        <ele>500.2601520294627</ele>
        <time>2024-07-20T05:01:31.000Z</time>
      </trkpt>
      <trkpt lat="35.429555" lon="129.116454">
        <ele>499.8571259636682</ele>
        <time>2024-07-20T05:01:31.000Z</time>
      </trkpt>
      <trkpt lat="35.429599" lon="129.116440">
        <ele>499.5457423419365</ele>
        <time>2024-07-20T05:01:32.000Z</time>
      </trkpt>
      <trkpt lat="35.429643" lon="129.116433">
        <ele>499.32017684357356</ele>
        <time>2024-07-20T05:01:39.000Z</time>
      </trkpt>
      <trkpt lat="35.429688" lon="129.116431">
        <ele>499.1809639054155</ele>
        <time>2024-07-20T05:01:43.000Z</time>
      </trkpt>
      <trkpt lat="35.429733" lon="129.116435">
        <ele>499.11503477319405</ele>
        <time>2024-07-20T05:01:46.000Z</time>
      </trkpt>
      <trkpt lat="35.429778" lon="129.116441">
        <ele>499.0584217468615</ele>
        <time>2024-07-20T05:01:53.000Z</time>
      </trkpt>
      <trkpt lat="35.429822" lon="129.116446">
        <ele>498.8625667320721</ele>
        <time>2024-07-20T05:01:53.000Z</time>
      </trkpt>
      <trkpt lat="35.429867" lon="129.116445">
        <ele>498.33673360808376</ele>
        <time>2024-07-20T05:02:04.000Z</time>
      </trkpt>
      <trkpt lat="35.429912" lon="129.116437">
        <ele>497.3681105476194</ele>
        <time>2024-07-20T05:02:13.000Z</time>
      </trkpt>
      <trkpt lat="35.429955" lon="129.116424">
        <ele>495.9947592551252</ele>
        <time>2024-07-20T05:02:17.000Z</time>
      </trkpt>
      <trkpt lat="35.429998" lon="129.116406">
        <ele>494.3923470801436</ele>
        <time>2024-07-20T05:02:21.000Z</time>
      </trkpt>
      <trkpt lat="35.430039" lon="129.116384">
        <ele>492.78062816115204</ele>
        <time>2024-07-20T05:02:29.000Z</time>
      </trkpt>
      <trkpt lat="35.430080" lon="129.116360">
        <ele>491.31187027930395</ele>
        <time>2024-07-20T05:02:34.000Z</time>
      </trkpt>
      <trkpt lat="35.430120" lon="129.116336">
        <ele>490.0302625433036</ele>
        <time>2024-07-20T05:02:39.000Z</time>
      </trkpt>
      <trkpt lat="35.430161" lon="129.116313">
        <ele>488.8835595033924</ele>
        <time>2024-07-20T05:02:43.000Z</time>
      </trkpt>
      <trkpt lat="35.430202" lon="129.116292">
        <ele>487.80265034843063</ele>
        <time>2024-07-20T05:02:47.000Z</time>
      </trkpt>
      <trkpt lat="35.430244" lon="129.116269">
        <ele>486.79481489950524</ele>
        <time>2024-07-20T05:02:52.000Z</time>
      </trkpt>
      <trkpt lat="35.430284" lon="129.116245">
        <ele>485.9207684037356</ele>
        <time>2024-07-20T05:02:56.000Z</time>
      </trkpt>
      <trkpt lat="35.430325" lon="129.116221">
        <ele>485.18995834040055</ele>
        <time>2024-07-20T05:03:01.000Z</time>
      </trkpt>
      <trkpt lat="35.430339" lon="129.116213">
        <ele>484.9415508888316</ele>
        <time>2024-07-20T05:03:01.000Z</time>
      </trkpt>
      <trkpt lat="35.430368" lon="129.116208">
        <ele>484.7167567682837</ele>
        <time>2024-07-20T05:03:08.000Z</time>
      </trkpt>
      <trkpt lat="35.430412" lon="129.116198">
        <ele>484.407377160744</ele>
        <time>2024-07-20T05:03:08.000Z</time>
      </trkpt>
      <trkpt lat="35.430456" lon="129.116187">
        <ele>484.14076237108895</ele>
        <time>2024-07-20T05:03:15.000Z</time>
      </trkpt>
      <trkpt lat="35.430500" lon="129.116174">
        <ele>483.8890673433885</ele>
        <time>2024-07-20T05:03:18.000Z</time>
      </trkpt>
      <trkpt lat="35.430543" lon="129.116160">
        <ele>483.63842397257935</ele>
        <time>2024-07-20T05:03:20.000Z</time>
      </trkpt>
      <trkpt lat="35.430587" lon="129.116148">
        <ele>483.3789876441916</ele>
        <time>2024-07-20T05:03:29.000Z</time>
      </trkpt>
      <trkpt lat="35.430631" lon="129.116136">
        <ele>483.0841128354109</ele>
        <time>2024-07-20T05:03:30.000Z</time>
      </trkpt>
      <trkpt lat="35.430675" lon="129.116125">
        <ele>482.7188908318993</ele>
        <time>2024-07-20T05:03:37.000Z</time>
      </trkpt>
      <trkpt lat="35.430719" lon="129.116112">
        <ele>482.2497047641512</ele>
        <time>2024-07-20T05:03:39.000Z</time>
      </trkpt>
      <trkpt lat="35.430762" lon="129.116097">
        <ele>481.6579667373065</ele>
        <time>2024-07-20T05:03:43.000Z</time>
      </trkpt>
      <trkpt lat="35.430805" lon="129.116080">
        <ele>480.9331773475546</ele>
        <time>2024-07-20T05:03:43.000Z</time>
      </trkpt>
      <trkpt lat="35.430847" lon="129.116061">
        <ele>480.0488628102234</ele>
        <time>2024-07-20T05:03:49.000Z</time>
      </trkpt>
      <trkpt lat="35.430889" lon="129.116040">
        <ele>479.02478370801686</ele>
        <time>2024-07-20T05:03:52.000Z</time>
      </trkpt>
      <trkpt lat="35.430930" lon="129.116017">
        <ele>478.01294176142073</ele>
        <time>2024-07-20T05:03:55.000Z</time>
      </trkpt>
      <trkpt lat="35.430969" lon="129.115992">
        <ele>477.2085120271534</ele>
        <time>2024-07-20T05:03:59.000Z</time>
      </trkpt>
      <trkpt lat="35.431009" lon="129.115965">
        <ele>476.669827831813</ele>
        <time>2024-07-20T05:03:59.000Z</time>
      </trkpt>
      <trkpt lat="35.431049" lon="129.115941">
        <ele>476.30215663788005</ele>
        <time>2024-07-20T05:04:06.000Z</time>
      </trkpt>
      <trkpt lat="35.431091" lon="129.115919">
        <ele>475.9903584269278</ele>
        <time>2024-07-20T05:04:07.000Z</time>
      </trkpt>
      <trkpt lat="35.431133" lon="129.115901">
        <ele>475.6837011621415</ele>
        <time>2024-07-20T05:04:14.000Z</time>
      </trkpt>
      <trkpt lat="35.431176" lon="129.115883">
        <ele>475.3806118929585</ele>
        <time>2024-07-20T05:04:17.000Z</time>
      </trkpt>
      <trkpt lat="35.431219" lon="129.115870">
        <ele>475.08834777321687</ele>
        <time>2024-07-20T05:04:19.000Z</time>
      </trkpt>
      <trkpt lat="35.431264" lon="129.115863">
        <ele>474.7766313338684</ele>
        <time>2024-07-20T05:04:26.000Z</time>
      </trkpt>
      <trkpt lat="35.431309" lon="129.115865">
        <ele>474.3467324620003</ele>
        <time>2024-07-20T05:04:26.000Z</time>
      </trkpt>
      <trkpt lat="35.431353" lon="129.115871">
        <ele>473.7047400497594</ele>
        <time>2024-07-20T05:04:32.000Z</time>
      </trkpt>
      <trkpt lat="35.431398" lon="129.115868">
        <ele>472.91960023761857</ele>
        <time>2024-07-20T05:04:37.000Z</time>
      </trkpt>
      <trkpt lat="35.431437" lon="129.115842">
        <ele>472.2894987924173</ele>
        <time>2024-07-20T05:04:44.000Z</time>
      </trkpt>
      <trkpt lat="35.431466" lon="129.115800">
        <ele>471.98457733738644</ele>
        <time>2024-07-20T05:04:49.000Z</time>
      </trkpt>
      <trkpt lat="35.431489" lon="129.115753">
        <ele>471.8547412888919</ele>
        <time>2024-07-20T05:04:52.000Z</time>
      </trkpt>
      <trkpt lat="35.431513" lon="129.115706">
        <ele>471.74271124529673</ele>
        <time>2024-07-20T05:04:55.000Z</time>
      </trkpt>
      <trkpt lat="35.431539" lon="129.115661">
        <ele>471.5708770049471</ele>
        <time>2024-07-20T05:04:58.000Z</time>
      </trkpt>
      <trkpt lat="35.431566" lon="129.115617">
        <ele>471.27120347200037</ele>
        <time>2024-07-20T05:04:58.000Z</time>
      </trkpt>
      <trkpt lat="35.431592" lon="129.115572">
        <ele>470.76152946386054</ele>
        <time>2024-07-20T05:05:07.000Z</time>
      </trkpt>
      <trkpt lat="35.431618" lon="129.115527">
        <ele>469.99943189975454</ele>
        <time>2024-07-20T05:05:11.000Z</time>
      </trkpt>
      <trkpt lat="35.431645" lon="129.115483">
        <ele>469.03549387951665</ele>
        <time>2024-07-20T05:05:15.000Z</time>
      </trkpt>
      <trkpt lat="35.431674" lon="129.115441">
        <ele>467.99800686372146</ele>
        <time>2024-07-20T05:05:19.000Z</time>
      </trkpt>
      <trkpt lat="35.431703" lon="129.115399">
        <ele>467.0164776002581</ele>
        <time>2024-07-20T05:05:22.000Z</time>
      </trkpt>
      <trkpt lat="35.431732" lon="129.115356">
        <ele>466.15644833156506</ele>
        <time>2024-07-20T05:05:27.000Z</time>
      </trkpt>
      <trkpt lat="35.431761" lon="129.115314">
        <ele>465.39800023888057</ele>
        <time>2024-07-20T05:05:31.000Z</time>
      </trkpt>
      <trkpt lat="35.431792" lon="129.115274">
        <ele>464.65946735764595</ele>
        <time>2024-07-20T05:05:35.000Z</time>
      </trkpt>
      <trkpt lat="35.431825" lon="129.115236">
        <ele>463.8344851935936</ele>
        <time>2024-07-20T05:05:40.000Z</time>
      </trkpt>
      <trkpt lat="35.431857" lon="129.115198">
        <ele>462.8456883684482</ele>
        <time>2024-07-20T05:05:42.000Z</time>
      </trkpt>
      <trkpt lat="35.431888" lon="129.115158">
        <ele>461.7034660391438</ele>
        <time>2024-07-20T05:05:47.000Z</time>
      </trkpt>
      <trkpt lat="35.431919" lon="129.115118">
        <ele>460.49404608434617</ele>
        <time>2024-07-20T05:05:51.000Z</time>
      </trkpt>
      <trkpt lat="35.431951" lon="129.115080">
        <ele>459.283934248926</ele>
        <time>2024-07-20T05:05:55.000Z</time>
      </trkpt>
      <trkpt lat="35.431985" lon="129.115043">
        <ele>458.03338459457717</ele>
        <time>2024-07-20T05:06:00.000Z</time>
      </trkpt>
      <trkpt lat="35.432019" lon="129.115007">
        <ele>456.64306770434234</ele>
        <time>2024-07-20T05:06:03.000Z</time>
      </trkpt>
      <trkpt lat="35.432052" lon="129.114970">
        <ele>455.1165329836842</ele>
        <time>2024-07-20T05:06:11.000Z</time>
      </trkpt>
      <trkpt lat="35.432086" lon="129.114933">
        <ele>453.5994428496993</ele>
        <time>2024-07-20T05:06:15.000Z</time>
      </trkpt>
      <trkpt lat="35.432120" lon="129.114897">
        <ele>452.2288595855553</ele>
        <time>2024-07-20T05:06:20.000Z</time>
      </trkpt>
      <trkpt lat="35.432155" lon="129.114863">
        <ele>451.0370058267566</ele>
        <time>2024-07-20T05:06:27.000Z</time>
      </trkpt>
      <trkpt lat="35.432192" lon="129.114832">
        <ele>449.999399244205</ele>
        <time>2024-07-20T05:06:29.000Z</time>
      </trkpt>
      <trkpt lat="35.432229" lon="129.114800">
        <ele>449.07718812586063</ele>
        <time>2024-07-20T05:06:37.000Z</time>
      </trkpt>
      <trkpt lat="35.432264" lon="129.114765">
        <ele>448.23256201076947</ele>
        <time>2024-07-20T05:06:40.000Z</time>
      </trkpt>
      <trkpt lat="35.432297" lon="129.114728">
        <ele>447.434979135321</ele>
        <time>2024-07-20T05:06:47.000Z</time>
      </trkpt>
      <trkpt lat="35.432332" lon="129.114693">
        <ele>446.6485512326691</ele>
        <time>2024-07-20T05:06:50.000Z</time>
      </trkpt>
      <trkpt lat="35.432371" lon="129.114666">
        <ele>445.86013439475096</ele>
        <time>2024-07-20T05:06:54.000Z</time>
      </trkpt>
      <trkpt lat="35.432413" lon="129.114647">
        <ele>445.0660203195525</ele>
        <time>2024-07-20T05:06:56.000Z</time>
      </trkpt>
      <trkpt lat="35.432456" lon="129.114631">
        <ele>444.24644182445405</ele>
        <time>2024-07-20T05:07:00.000Z</time>
      </trkpt>
      <trkpt lat="35.432499" lon="129.114615">
        <ele>443.4041104098061</ele>
        <time>2024-07-20T05:07:05.000Z</time>
      </trkpt>
      <trkpt lat="35.432542" lon="129.114597">
        <ele>442.55902689531337</ele>
        <time>2024-07-20T05:07:09.000Z</time>
      </trkpt>
      <trkpt lat="35.432584" lon="129.114578">
        <ele>441.7097664326623</ele>
        <time>2024-07-20T05:07:14.000Z</time>
      </trkpt>
      <trkpt lat="35.432626" lon="129.114560">
        <ele>440.8590727774213</ele>
        <time>2024-07-20T05:07:17.000Z</time>
      </trkpt>
      <trkpt lat="35.432670" lon="129.114546">
        <ele>440.05573411356283</ele>
        <time>2024-07-20T05:07:20.000Z</time>
      </trkpt>
      <trkpt lat="35.432714" lon="129.114538">
        <ele>439.36228309770337</ele>
        <time>2024-07-20T05:07:25.000Z</time>
      </trkpt>
      <trkpt lat="35.432759" lon="129.114535">
        <ele>438.7959355853937</ele>
        <time>2024-07-20T05:07:27.000Z</time>
      </trkpt>
      <trkpt lat="35.432804" lon="129.114532">
        <ele>438.332749767594</ele>
        <time>2024-07-20T05:07:31.000Z</time>
      </trkpt>
      <trkpt lat="35.432849" lon="129.114529">
        <ele>437.95524283081403</ele>
        <time>2024-07-20T05:07:32.000Z</time>
      </trkpt>
      <trkpt lat="35.432894" lon="129.114523">
        <ele>437.66517332668815</ele>
        <time>2024-07-20T05:07:42.000Z</time>
      </trkpt>
      <trkpt lat="35.432938" lon="129.114516">
        <ele>437.44730312617645</ele>
        <time>2024-07-20T05:07:42.000Z</time>
      </trkpt>
      <trkpt lat="35.432983" lon="129.114507">
        <ele>437.2434739170851</ele>
        <time>2024-07-20T05:07:45.000Z</time>
      </trkpt>
      <trkpt lat="35.433027" lon="129.114498">
        <ele>436.9818388240124</ele>
        <time>2024-07-20T05:07:49.000Z</time>
      </trkpt>
      <trkpt lat="35.433071" lon="129.114488">
        <ele>436.6211923209703</ele>
        <time>2024-07-20T05:07:54.000Z</time>
      </trkpt>
      <trkpt lat="35.433115" lon="129.114476">
        <ele>436.1511254763655</ele>
        <time>2024-07-20T05:07:56.000Z</time>
      </trkpt>
      <trkpt lat="35.433159" lon="129.114463">
        <ele>435.5588115118613</ele>
        <time>2024-07-20T05:08:00.000Z</time>
      </trkpt>
      <trkpt lat="35.433203" lon="129.114452">
        <ele>434.8130858300981</ele>
        <time>2024-07-20T05:08:05.000Z</time>
      </trkpt>
      <trkpt lat="35.433247" lon="129.114443">
        <ele>433.87308666656884</ele>
        <time>2024-07-20T05:08:09.000Z</time>
      </trkpt>
      <trkpt lat="35.433292" lon="129.114434">
        <ele>432.71115022430433</ele>
        <time>2024-07-20T05:08:13.000Z</time>
      </trkpt>
      <trkpt lat="35.433336" lon="129.114422">
        <ele>431.3785888169638</ele>
        <time>2024-07-20T05:08:19.000Z</time>
      </trkpt>
      <trkpt lat="35.433379" lon="129.114407">
        <ele>430.03301524279544</ele>
        <time>2024-07-20T05:08:21.000Z</time>
      </trkpt>
      <trkpt lat="35.433422" lon="129.114392">
        <ele>428.81657440452886</ele>
        <time>2024-07-20T05:08:25.000Z</time>
      </trkpt>
      <trkpt lat="35.433465" lon="129.114377">
        <ele>427.7530593827801</ele>
        <time>2024-07-20T05:08:31.000Z</time>
      </trkpt>
      <trkpt lat="35.433509" lon="129.114364">
        <ele>426.7982792230866</ele>
        <time>2024-07-20T05:08:34.000Z</time>
      </trkpt>
      <trkpt lat="35.433553" lon="129.114352">
        <ele>425.8969024606806</ele>
        <time>2024-07-20T05:08:37.000Z</time>
      </trkpt>
      <trkpt lat="35.433597" lon="129.114341">
        <ele>424.96918471764366</ele>
        <time>2024-07-20T05:08:42.000Z</time>
      </trkpt>
      <trkpt lat="35.433641" lon="129.114331">
        <ele>423.93215906795444</ele>
        <time>2024-07-20T05:08:46.000Z</time>
      </trkpt>
      <trkpt lat="35.433686" lon="129.114321">
        <ele>422.77532985734786</ele>
        <time>2024-07-20T05:08:51.000Z</time>
      </trkpt>
      <trkpt lat="35.433730" lon="129.114313">
        <ele>421.58027790348865</ele>
        <time>2024-07-20T05:08:55.000Z</time>
      </trkpt>
      <trkpt lat="35.433775" lon="129.114305">
        <ele>420.4346060618935</ele>
        <time>2024-07-20T05:08:58.000Z</time>
      </trkpt>
      <trkpt lat="35.433819" lon="129.114298">
        <ele>419.31802562316847</ele>
        <time>2024-07-20T05:09:05.000Z</time>
      </trkpt>
      <trkpt lat="35.433864" lon="129.114292">
        <ele>418.1250902384591</ele>
        <time>2024-07-20T05:09:09.000Z</time>
      </trkpt>
      <trkpt lat="35.433909" lon="129.114289">
        <ele>416.829579014096</ele>
        <time>2024-07-20T05:09:14.000Z</time>
      </trkpt>
      <trkpt lat="35.433954" lon="129.114288">
        <ele>415.5189585162421</ele>
        <time>2024-07-20T05:09:18.000Z</time>
      </trkpt>
      <trkpt lat="35.433999" lon="129.114289">
        <ele>414.2536287263522</ele>
        <time>2024-07-20T05:09:28.000Z</time>
      </trkpt>
      <trkpt lat="35.434044" lon="129.114290">
        <ele>413.02099786248607</ele>
        <time>2024-07-20T05:09:32.000Z</time>
      </trkpt>
      <trkpt lat="35.434089" lon="129.114291">
        <ele>411.82885687664873</ele>
        <time>2024-07-20T05:09:33.000Z</time>
      </trkpt>
      <trkpt lat="35.434133" lon="129.114291">
        <ele>410.7466274632345</ele>
        <time>2024-07-20T05:09:41.000Z</time>
      </trkpt>
      <trkpt lat="35.434178" lon="129.114291">
        <ele>409.8146217209996</ele>
        <time>2024-07-20T05:09:42.000Z</time>
      </trkpt>
      <trkpt lat="35.434223" lon="129.114285">
        <ele>408.93310665450076</ele>
        <time>2024-07-20T05:10:08.000Z</time>
      </trkpt>
      <trkpt lat="35.434266" lon="129.114268">
        <ele>407.93196323111795</ele>
        <time>2024-07-20T05:10:11.000Z</time>
      </trkpt>
      <trkpt lat="35.434304" lon="129.114240">
        <ele>406.7442454146079</ele>
        <time>2024-07-20T05:10:16.000Z</time>
      </trkpt>
      <trkpt lat="35.434341" lon="129.114208">
        <ele>405.3976148755443</ele>
        <time>2024-07-20T05:10:22.000Z</time>
      </trkpt>
      <trkpt lat="35.434378" lon="129.114177">
        <ele>403.955494281463</ele>
        <time>2024-07-20T05:10:28.000Z</time>
      </trkpt>
      <trkpt lat="35.434417" lon="129.114149">
        <ele>402.48890520938727</ele>
        <time>2024-07-20T05:10:32.000Z</time>
      </trkpt>
      <trkpt lat="35.434456" lon="129.114123">
        <ele>401.0479612575181</ele>
        <time>2024-07-20T05:10:37.000Z</time>
      </trkpt>
      <trkpt lat="35.434496" lon="129.114097">
        <ele>399.6185975966253</ele>
        <time>2024-07-20T05:10:52.000Z</time>
      </trkpt>
      <trkpt lat="35.434536" lon="129.114070">
        <ele>398.0928174957015</ele>
        <time>2024-07-20T05:10:59.000Z</time>
      </trkpt>
      <trkpt lat="35.434574" lon="129.114041">
        <ele>396.38803837696446</ele>
        <time>2024-07-20T05:11:08.000Z</time>
      </trkpt>
      <trkpt lat="35.434611" lon="129.114011">
        <ele>394.5834242352221</ele>
        <time>2024-07-20T05:11:15.000Z</time>
      </trkpt>
      <trkpt lat="35.434649" lon="129.113981">
        <ele>392.82507612811435</ele>
        <time>2024-07-20T05:11:20.000Z</time>
      </trkpt>
      <trkpt lat="35.434687" lon="129.113952">
        <ele>391.1948945500536</ele>
        <time>2024-07-20T05:11:26.000Z</time>
      </trkpt>
      <trkpt lat="35.434725" lon="129.113922">
        <ele>389.7526880380816</ele>
        <time>2024-07-20T05:11:28.000Z</time>
      </trkpt>
      <trkpt lat="35.434763" lon="129.113892">
        <ele>388.5460084416543</ele>
        <time>2024-07-20T05:11:32.000Z</time>
      </trkpt>
      <trkpt lat="35.434800" lon="129.113861">
        <ele>387.53880072939126</ele>
        <time>2024-07-20T05:11:38.000Z</time>
      </trkpt>
      <trkpt lat="35.434837" lon="129.113829">
        <ele>386.6482165344966</ele>
        <time>2024-07-20T05:11:41.000Z</time>
      </trkpt>
      <trkpt lat="35.434873" lon="129.113797">
        <ele>385.816454177952</ele>
        <time>2024-07-20T05:11:44.000Z</time>
      </trkpt>
      <trkpt lat="35.434910" lon="129.113765">
        <ele>385.0107527204119</ele>
        <time>2024-07-20T05:11:51.000Z</time>
      </trkpt>
      <trkpt lat="35.434947" lon="129.113733">
        <ele>384.20314780384945</ele>
        <time>2024-07-20T05:11:54.000Z</time>
      </trkpt>
      <trkpt lat="35.434984" lon="129.113702">
        <ele>383.3638205915661</ele>
        <time>2024-07-20T05:11:56.000Z</time>
      </trkpt>
      <trkpt lat="35.435023" lon="129.113674">
        <ele>382.5026019054059</ele>
        <time>2024-07-20T05:12:02.000Z</time>
      </trkpt>
      <trkpt lat="35.435062" lon="129.113647">
        <ele>381.70767951242715</ele>
        <time>2024-07-20T05:12:10.000Z</time>
      </trkpt>
      <trkpt lat="35.435102" lon="129.113621">
        <ele>381.0782568276914</ele>
        <time>2024-07-20T05:12:10.000Z</time>
      </trkpt>
      <trkpt lat="35.435142" lon="129.113596">
        <ele>380.6364488325997</ele>
        <time>2024-07-20T05:12:10.000Z</time>
      </trkpt>
      <trkpt lat="35.435181" lon="129.113570">
        <ele>380.33690196023906</ele>
        <time>2024-07-20T05:12:19.000Z</time>
      </trkpt>
      <trkpt lat="35.435220" lon="129.113542">
        <ele>380.12068229121184</ele>
        <time>2024-07-20T05:12:19.000Z</time>
      </trkpt>
      <trkpt lat="35.435258" lon="129.113513">
        <ele>379.93270891743003</ele>
        <time>2024-07-20T05:12:22.000Z</time>
      </trkpt>
      <trkpt lat="35.435296" lon="129.113483">
        <ele>379.719179869628</ele>
        <time>2024-07-20T05:12:24.000Z</time>
      </trkpt>
      <trkpt lat="35.435334" lon="129.113454">
        <ele>379.44225952639954</ele>
        <time>2024-07-20T05:12:30.000Z</time>
      </trkpt>
      <trkpt lat="35.435373" lon="129.113425">
        <ele>379.0940697665106</ele>
        <time>2024-07-20T05:12:33.000Z</time>
      </trkpt>
      <trkpt lat="35.435410" lon="129.113394">
        <ele>378.68625265658056</ele>
        <time>2024-07-20T05:12:40.000Z</time>
      </trkpt>
      <trkpt lat="35.435446" lon="129.113362">
        <ele>378.2070199159423</ele>
        <time>2024-07-20T05:12:44.000Z</time>
      </trkpt>
      <trkpt lat="35.435482" lon="129.113328">
        <ele>377.6125138303985</ele>
        <time>2024-07-20T05:12:44.000Z</time>
      </trkpt>
      <trkpt lat="35.435514" lon="129.113298">
        <ele>377.0000840539249</ele>
        <time>2024-07-20T05:12:44.000Z</time>
      </trkpt>
      <trkpt lat="35.435512" lon="129.113293">
        <ele>376.8476097044347</ele>
        <time>2024-07-20T05:12:44.000Z</time>
      </trkpt>
      <trkpt lat="35.435492" lon="129.113243">
        <ele>375.32562332389585</ele>
        <time>2024-07-20T05:13:09.000Z</time>
      </trkpt>
      <trkpt lat="35.435474" lon="129.113193">
        <ele>373.7006960938904</ele>
        <time>2024-07-20T05:13:17.000Z</time>
      </trkpt>
      <trkpt lat="35.435457" lon="129.113142">
        <ele>371.9667515227492</ele>
        <time>2024-07-20T05:13:21.000Z</time>
      </trkpt>
      <trkpt lat="35.435448" lon="129.113088">
        <ele>370.2115995130758</ele>
        <time>2024-07-20T05:13:25.000Z</time>
      </trkpt>
      <trkpt lat="35.435454" lon="129.113033">
        <ele>368.60187619301735</ele>
        <time>2024-07-20T05:13:36.000Z</time>
      </trkpt>
      <trkpt lat="35.435474" lon="129.112985">
        <ele>367.2235775730599</ele>
        <time>2024-07-20T05:13:41.000Z</time>
      </trkpt>
      <trkpt lat="35.435506" lon="129.112946">
        <ele>366.0815412221952</ele>
        <time>2024-07-20T05:13:49.000Z</time>
      </trkpt>
      <trkpt lat="35.435539" lon="129.112908">
        <ele>365.1364821190725</ele>
        <time>2024-07-20T05:13:58.000Z</time>
      </trkpt>
      <trkpt lat="35.435562" lon="129.112861">
        <ele>364.2591299842914</ele>
        <time>2024-07-20T05:14:03.000Z</time>
      </trkpt>
      <trkpt lat="35.435569" lon="129.112807">
        <ele>363.2866040071827</ele>
        <time>2024-07-20T05:14:06.000Z</time>
      </trkpt>
      <trkpt lat="35.435564" lon="129.112752">
        <ele>362.1442009314325</ele>
        <time>2024-07-20T05:14:13.000Z</time>
      </trkpt>
      <trkpt lat="35.435558" lon="129.112698">
        <ele>360.8396151224416</ele>
        <time>2024-07-20T05:14:18.000Z</time>
      </trkpt>
      <trkpt lat="35.435554" lon="129.112643">
        <ele>359.4034306483667</ele>
        <time>2024-07-20T05:14:24.000Z</time>
      </trkpt>
      <trkpt lat="35.435553" lon="129.112587">
        <ele>357.83911588083197</ele>
        <time>2024-07-20T05:14:30.000Z</time>
      </trkpt>
      <trkpt lat="35.435554" lon="129.112532">
        <ele>356.20640524928837</ele>
        <time>2024-07-20T05:14:37.000Z</time>
      </trkpt>
      <trkpt lat="35.435558" lon="129.112477">
        <ele>354.6713918039089</ele>
        <time>2024-07-20T05:14:42.000Z</time>
      </trkpt>
      <trkpt lat="35.435567" lon="129.112423">
        <ele>353.3136118645008</ele>
        <time>2024-07-20T05:14:47.000Z</time>
      </trkpt>
      <trkpt lat="35.435579" lon="129.112370">
        <ele>351.9984956532789</ele>
        <time>2024-07-20T05:14:52.000Z</time>
      </trkpt>
      <trkpt lat="35.435594" lon="129.112318">
        <ele>350.59426744956403</ele>
        <time>2024-07-20T05:15:00.000Z</time>
      </trkpt>
      <trkpt lat="35.435608" lon="129.112266">
        <ele>349.19049112393145</ele>
        <time>2024-07-20T05:15:05.000Z</time>
      </trkpt>
      <trkpt lat="35.435622" lon="129.112213">
        <ele>347.8928285145439</ele>
        <time>2024-07-20T05:15:10.000Z</time>
      </trkpt>
      <trkpt lat="35.435631" lon="129.112159">
        <ele>346.5954179645664</ele>
        <time>2024-07-20T05:15:14.000Z</time>
      </trkpt>
      <trkpt lat="35.435635" lon="129.112104">
        <ele>345.1587144476779</ele>
        <time>2024-07-20T05:15:20.000Z</time>
      </trkpt>
      <trkpt lat="35.435631" lon="129.112049">
        <ele>343.59774465347647</ele>
        <time>2024-07-20T05:15:31.000Z</time>
      </trkpt>
      <trkpt lat="35.435622" lon="129.111995">
        <ele>342.01103642476943</ele>
        <time>2024-07-20T05:15:39.000Z</time>
      </trkpt>
      <trkpt lat="35.435612" lon="129.111941">
        <ele>340.4591330811376</ele>
        <time>2024-07-20T05:15:47.000Z</time>
      </trkpt>
      <trkpt lat="35.435603" lon="129.111887">
        <ele>338.9323666850186</ele>
        <time>2024-07-20T05:15:52.000Z</time>
      </trkpt>
      <trkpt lat="35.435592" lon="129.111834">
        <ele>337.3608193851817</ele>
        <time>2024-07-20T05:15:56.000Z</time>
      </trkpt>
      <trkpt lat="35.435574" lon="129.111783">
        <ele>335.77810926890703</ele>
        <time>2024-07-20T05:16:06.000Z</time>
      </trkpt>
      <trkpt lat="35.435551" lon="129.111736">
        <ele>334.51248873663985</ele>
        <time>2024-07-20T05:16:24.000Z</time>
      </trkpt>
      <trkpt lat="35.435528" lon="129.111689">
        <ele>333.91421661654437</ele>
        <time>2024-07-20T05:16:34.000Z</time>
      </trkpt>
      <trkpt lat="35.435515" lon="129.111636">
        <ele>333.87992041300487</ele>
        <time>2024-07-20T05:16:51.000Z</time>
      </trkpt>
      <trkpt lat="35.435521" lon="129.111581">
        <ele>333.8368405567877</ele>
        <time>2024-07-20T05:16:56.000Z</time>
      </trkpt>
      <trkpt lat="35.435540" lon="129.111532">
        <ele>333.4473144421629</ele>
        <time>2024-07-20T05:17:02.000Z</time>
      </trkpt>
      <trkpt lat="35.435566" lon="129.111487">
        <ele>332.77005203662503</ele>
        <time>2024-07-20T05:17:09.000Z</time>
      </trkpt>
      <trkpt lat="35.435594" lon="129.111443">
        <ele>331.8790972463057</ele>
        <time>2024-07-20T05:17:13.000Z</time>
      </trkpt>
      <trkpt lat="35.435620" lon="129.111399">
        <ele>330.790111678809</ele>
        <time>2024-07-20T05:17:22.000Z</time>
      </trkpt>
      <trkpt lat="35.435644" lon="129.111352">
        <ele>329.64324043728703</ele>
        <time>2024-07-20T05:17:27.000Z</time>
      </trkpt>
      <trkpt lat="35.435664" lon="129.111303">
        <ele>328.7516055357925</ele>
        <time>2024-07-20T05:17:41.000Z</time>
      </trkpt>
      <trkpt lat="35.435679" lon="129.111251">
        <ele>328.3605059256008</ele>
        <time>2024-07-20T05:17:46.000Z</time>
      </trkpt>
      <trkpt lat="35.435689" lon="129.111197">
        <ele>328.45174700440356</ele>
        <time>2024-07-20T05:17:51.000Z</time>
      </trkpt>
      <trkpt lat="35.435693" lon="129.111142">
        <ele>328.8253704807938</ele>
        <time>2024-07-20T05:17:57.000Z</time>
      </trkpt>
      <trkpt lat="35.435690" lon="129.111087">
        <ele>329.24630377769427</ele>
        <time>2024-07-20T05:18:02.000Z</time>
      </trkpt>
      <trkpt lat="35.435685" lon="129.111032">
        <ele>329.4695069334598</ele>
        <time>2024-07-20T05:18:09.000Z</time>
      </trkpt>
      <trkpt lat="35.435682" lon="129.110977">
        <ele>329.24783798296403</ele>
        <time>2024-07-20T05:18:12.000Z</time>
      </trkpt>
      <trkpt lat="35.435686" lon="129.110922">
        <ele>328.4920372451395</ele>
        <time>2024-07-20T05:18:20.000Z</time>
      </trkpt>
      <trkpt lat="35.435693" lon="129.110868">
        <ele>327.42126756203834</ele>
        <time>2024-07-20T05:18:40.000Z</time>
      </trkpt>
      <trkpt lat="35.435690" lon="129.110813">
        <ele>326.38076472325633</ele>
        <time>2024-07-20T05:18:43.000Z</time>
      </trkpt>
      <trkpt lat="35.435671" lon="129.110763">
        <ele>325.75657097856396</ele>
        <time>2024-07-20T05:19:27.000Z</time>
      </trkpt>
      <trkpt lat="35.435647" lon="129.110717">
        <ele>325.6300853963285</ele>
        <time>2024-07-20T05:19:31.000Z</time>
      </trkpt>
      <trkpt lat="35.435625" lon="129.110669">
        <ele>325.80633352611017</ele>
        <time>2024-07-20T05:19:36.000Z</time>
      </trkpt>
      <trkpt lat="35.435607" lon="129.110618">
        <ele>325.96926038571195</ele>
        <time>2024-07-20T05:19:38.000Z</time>
      </trkpt>
      <trkpt lat="35.435594" lon="129.110565">
        <ele>325.80648691859346</ele>
        <time>2024-07-20T05:19:46.000Z</time>
      </trkpt>
      <trkpt lat="35.435580" lon="129.110513">
        <ele>325.07418238612746</ele>
        <time>2024-07-20T05:19:52.000Z</time>
      </trkpt>
      <trkpt lat="35.435561" lon="129.110462">
        <ele>323.6563419096736</ele>
        <time>2024-07-20T05:20:01.000Z</time>
      </trkpt>
      <trkpt lat="35.435538" lon="129.110415">
        <ele>321.58910305251095</ele>
        <time>2024-07-20T05:20:08.000Z</time>
      </trkpt>
      <trkpt lat="35.435519" lon="129.110365">
        <ele>318.9001163438974</ele>
        <time>2024-07-20T05:20:24.000Z</time>
      </trkpt>
      <trkpt lat="35.435523" lon="129.110311">
        <ele>315.9138751252239</ele>
        <time>2024-07-20T05:20:39.000Z</time>
      </trkpt>
      <trkpt lat="35.435559" lon="129.110279">
        <ele>314.1120895302424</ele>
        <time>2024-07-20T05:20:44.000Z</time>
      </trkpt>
      <trkpt lat="35.435604" lon="129.110278">
        <ele>313.56726269038444</ele>
        <time>2024-07-20T05:20:50.000Z</time>
      </trkpt>
      <trkpt lat="35.435647" lon="129.110294">
        <ele>313.62504698357867</ele>
        <time>2024-07-20T05:20:52.000Z</time>
      </trkpt>
      <trkpt lat="35.435686" lon="129.110320">
        <ele>313.87187317103013</ele>
        <time>2024-07-20T05:21:01.000Z</time>
      </trkpt>
      <trkpt lat="35.435723" lon="129.110352">
        <ele>313.85085719650033</ele>
        <time>2024-07-20T05:21:04.000Z</time>
      </trkpt>
      <trkpt lat="35.435761" lon="129.110382">
        <ele>312.95857812676275</ele>
        <time>2024-07-20T05:21:08.000Z</time>
      </trkpt>
      <trkpt lat="35.435805" lon="129.110383">
        <ele>310.69029966907266</ele>
        <time>2024-07-20T05:21:11.000Z</time>
      </trkpt>
      <trkpt lat="35.435836" lon="129.110343">
        <ele>308.2123726221249</ele>
        <time>2024-07-20T05:21:48.000Z</time>
      </trkpt>
      <trkpt lat="35.435854" lon="129.110292">
        <ele>306.0472266909657</ele>
        <time>2024-07-20T05:21:55.000Z</time>
      </trkpt>
      <trkpt lat="35.435871" lon="129.110241">
        <ele>303.7349196093969</ele>
        <time>2024-07-20T05:22:00.000Z</time>
      </trkpt>
      <trkpt lat="35.435887" lon="129.110190">
        <ele>301.36273641453994</ele>
        <time>2024-07-20T05:22:14.000Z</time>
      </trkpt>
      <trkpt lat="35.435896" lon="129.110136">
        <ele>299.2374362338326</ele>
        <time>2024-07-20T05:22:24.000Z</time>
      </trkpt>
      <trkpt lat="35.435883" lon="129.110084">
        <ele>297.4242097941347</ele>
        <time>2024-07-20T05:22:32.000Z</time>
      </trkpt>
      <trkpt lat="35.435851" lon="129.110047">
        <ele>295.8153781923567</ele>
        <time>2024-07-20T05:22:43.000Z</time>
      </trkpt>
      <trkpt lat="35.435821" lon="129.110007">
        <ele>293.8970274175158</ele>
        <time>2024-07-20T05:22:51.000Z</time>
      </trkpt>
      <trkpt lat="35.435823" lon="129.109955">
        <ele>291.66210185403327</ele>
        <time>2024-07-20T05:23:18.000Z</time>
      </trkpt>
      <trkpt lat="35.435850" lon="129.109911">
        <ele>289.88363663706144</ele>
        <time>2024-07-20T05:23:25.000Z</time>
      </trkpt>
      <trkpt lat="35.435886" lon="129.109878">
        <ele>288.22315722533386</ele>
        <time>2024-07-20T05:23:35.000Z</time>
      </trkpt>
      <trkpt lat="35.435926" lon="129.109853">
        <ele>286.37645082087823</ele>
        <time>2024-07-20T05:23:41.000Z</time>
      </trkpt>
      <trkpt lat="35.435969" lon="129.109842">
        <ele>284.37898775127996</ele>
        <time>2024-07-20T05:23:51.000Z</time>
      </trkpt>
      <trkpt lat="35.436014" lon="129.109844">
        <ele>282.42466660947827</ele>
        <time>2024-07-20T05:23:55.000Z</time>
      </trkpt>
      <trkpt lat="35.436059" lon="129.109850">
        <ele>280.5006562959336</ele>
        <time>2024-07-20T05:24:03.000Z</time>
      </trkpt>
      <trkpt lat="35.436101" lon="129.109839">
        <ele>278.4092499368876</ele>
        <time>2024-07-20T05:24:40.000Z</time>
      </trkpt>
      <trkpt lat="35.436129" lon="129.109800">
        <ele>276.27798206859495</ele>
        <time>2024-07-20T05:24:49.000Z</time>
      </trkpt>
      <trkpt lat="35.436140" lon="129.109746">
        <ele>274.2327822830271</ele>
        <time>2024-07-20T05:24:58.000Z</time>
      </trkpt>
      <trkpt lat="35.436141" lon="129.109691">
        <ele>272.0235987640099</ele>
        <time>2024-07-20T05:25:10.000Z</time>
      </trkpt>
      <trkpt lat="35.436141" lon="129.109636">
        <ele>269.6579009602739</ele>
        <time>2024-07-20T05:25:22.000Z</time>
      </trkpt>
      <trkpt lat="35.436142" lon="129.109581">
        <ele>267.4575823487102</ele>
        <time>2024-07-20T05:25:29.000Z</time>
      </trkpt>
      <trkpt lat="35.436141" lon="129.109526">
        <ele>265.81566505871626</ele>
        <time>2024-07-20T05:25:38.000Z</time>
      </trkpt>
      <trkpt lat="35.436135" lon="129.109471">
        <ele>264.9229364866919</ele>
        <time>2024-07-20T05:25:42.000Z</time>
      </trkpt>
      <trkpt lat="35.436122" lon="129.109418">
        <ele>264.6774348404522</ele>
        <time>2024-07-20T05:25:51.000Z</time>
      </trkpt>
      <trkpt lat="35.436102" lon="129.109370">
        <ele>264.8889603711579</ele>
        <time>2024-07-20T05:26:02.000Z</time>
      </trkpt>
      <trkpt lat="35.436075" lon="129.109325">
        <ele>265.4972150331978</ele>
        <time>2024-07-20T05:26:08.000Z</time>
      </trkpt>
      <trkpt lat="35.436048" lon="129.109281">
        <ele>266.51848290495934</ele>
        <time>2024-07-20T05:26:16.000Z</time>
      </trkpt>
      <trkpt lat="35.436030" lon="129.109232">
        <ele>267.7663818521124</ele>
        <time>2024-07-20T05:26:16.000Z</time>
      </trkpt>
      <trkpt lat="35.436028" lon="129.109178">
        <ele>268.71837235009406</ele>
        <time>2024-07-20T05:26:37.000Z</time>
      </trkpt>
      <trkpt lat="35.436039" lon="129.109124">
        <ele>268.9799815491247</ele>
        <time>2024-07-20T05:26:42.000Z</time>
      </trkpt>
      <trkpt lat="35.436053" lon="129.109072">
        <ele>268.5735123130134</ele>
        <time>2024-07-20T05:26:51.000Z</time>
      </trkpt>
      <trkpt lat="35.436064" lon="129.109018">
        <ele>267.68038213211355</ele>
        <time>2024-07-20T05:26:55.000Z</time>
      </trkpt>
      <trkpt lat="35.436074" lon="129.108964">
        <ele>266.51716177161086</ele>
        <time>2024-07-20T05:27:03.000Z</time>
      </trkpt>
      <trkpt lat="35.436083" lon="129.108911">
        <ele>265.23374036770355</ele>
        <time>2024-07-20T05:27:14.000Z</time>
      </trkpt>
      <trkpt lat="35.436099" lon="129.108860">
        <ele>263.6738422552889</ele>
        <time>2024-07-20T05:27:27.000Z</time>
      </trkpt>
      <trkpt lat="35.436130" lon="129.108823">
        <ele>261.4618487458112</ele>
        <time>2024-07-20T05:28:16.000Z</time>
      </trkpt>
      <trkpt lat="35.436173" lon="129.108816">
        <ele>258.84162214650684</ele>
        <time>2024-07-20T05:28:23.000Z</time>
      </trkpt>
      <trkpt lat="35.436217" lon="129.108827">
        <ele>256.2833383473426</ele>
        <time>2024-07-20T05:28:31.000Z</time>
      </trkpt>
      <trkpt lat="35.436261" lon="129.108834">
        <ele>253.61632484691265</ele>
        <time>2024-07-20T05:28:40.000Z</time>
      </trkpt>
      <trkpt lat="35.436304" lon="129.108821">
        <ele>250.6672286215356</ele>
        <time>2024-07-20T05:28:54.000Z</time>
      </trkpt>
      <trkpt lat="35.436335" lon="129.108784">
        <ele>247.7887830960967</ele>
        <time>2024-07-20T05:28:59.000Z</time>
      </trkpt>
      <trkpt lat="35.436347" lon="129.108732">
        <ele>245.4941582177941</ele>
        <time>2024-07-20T05:29:04.000Z</time>
      </trkpt>
      <trkpt lat="35.436346" lon="129.108677">
        <ele>243.78919150590255</ele>
        <time>2024-07-20T05:29:12.000Z</time>
      </trkpt>
      <trkpt lat="35.436340" lon="129.108622">
        <ele>242.45336373551828</ele>
        <time>2024-07-20T05:29:17.000Z</time>
      </trkpt>
      <trkpt lat="35.436334" lon="129.108568">
        <ele>241.31824409778753</ele>
        <time>2024-07-20T05:29:27.000Z</time>
      </trkpt>
      <trkpt lat="35.436331" lon="129.108513">
        <ele>240.2137946719987</ele>
        <time>2024-07-20T05:29:30.000Z</time>
      </trkpt>
      <trkpt lat="35.436334" lon="129.108458">
        <ele>239.0291491874145</ele>
        <time>2024-07-20T05:29:38.000Z</time>
      </trkpt>
      <trkpt lat="35.436343" lon="129.108404">
        <ele>237.83954430457462</ele>
        <time>2024-07-20T05:29:43.000Z</time>
      </trkpt>
      <trkpt lat="35.436356" lon="129.108351">
        <ele>236.85252547817308</ele>
        <time>2024-07-20T05:29:56.000Z</time>
      </trkpt>
      <trkpt lat="35.436371" lon="129.108299">
        <ele>236.21329668273697</ele>
        <time>2024-07-20T05:29:56.000Z</time>
      </trkpt>
      <trkpt lat="35.436388" lon="129.108248">
        <ele>235.88255915807</ele>
        <time>2024-07-20T05:30:10.000Z</time>
      </trkpt>
      <trkpt lat="35.436405" lon="129.108197">
        <ele>235.67685714116948</ele>
        <time>2024-07-20T05:30:10.000Z</time>
      </trkpt>
      <trkpt lat="35.436422" lon="129.108146">
        <ele>235.39115903952631</ele>
        <time>2024-07-20T05:30:14.000Z</time>
      </trkpt>
      <trkpt lat="35.436439" lon="129.108095">
        <ele>234.91121540720087</ele>
        <time>2024-07-20T05:30:20.000Z</time>
      </trkpt>
      <trkpt lat="35.436454" lon="129.108042">
        <ele>234.2705552522241</ele>
        <time>2024-07-20T05:30:25.000Z</time>
      </trkpt>
      <trkpt lat="35.436466" lon="129.107990">
        <ele>233.5961712461371</ele>
        <time>2024-07-20T05:30:28.000Z</time>
      </trkpt>
      <trkpt lat="35.436477" lon="129.107936">
        <ele>232.95772776442465</ele>
        <time>2024-07-20T05:30:39.000Z</time>
      </trkpt>
      <trkpt lat="35.436489" lon="129.107883">
        <ele>232.269838227545</ele>
        <time>2024-07-20T05:30:39.000Z</time>
      </trkpt>
      <trkpt lat="35.436502" lon="129.107830">
        <ele>231.36975651577905</ele>
        <time>2024-07-20T05:30:45.000Z</time>
      </trkpt>
      <trkpt lat="35.436520" lon="129.107779">
        <ele>230.2069122570412</ele>
        <time>2024-07-20T05:30:51.000Z</time>
      </trkpt>
      <trkpt lat="35.436541" lon="129.107730">
        <ele>228.93250084276403</ele>
        <time>2024-07-20T05:30:56.000Z</time>
      </trkpt>
      <trkpt lat="35.436564" lon="129.107683">
        <ele>227.77319676485396</ele>
        <time>2024-07-20T05:30:59.000Z</time>
      </trkpt>
      <trkpt lat="35.436587" lon="129.107636">
        <ele>226.8423290661338</ele>
        <time>2024-07-20T05:31:09.000Z</time>
      </trkpt>
      <trkpt lat="35.436610" lon="129.107588">
        <ele>226.08777643561658</ele>
        <time>2024-07-20T05:31:09.000Z</time>
      </trkpt>
      <trkpt lat="35.436631" lon="129.107539">
        <ele>225.38202514951922</ele>
        <time>2024-07-20T05:31:16.000Z</time>
      </trkpt>
      <trkpt lat="35.436651" lon="129.107490">
        <ele>224.64178337312856</ele>
        <time>2024-07-20T05:31:19.000Z</time>
      </trkpt>
      <trkpt lat="35.436672" lon="129.107442">
        <ele>223.8849175421933</ele>
        <time>2024-07-20T05:31:21.000Z</time>
      </trkpt>
      <trkpt lat="35.436693" lon="129.107393">
        <ele>223.18962667536186</ele>
        <time>2024-07-20T05:31:29.000Z</time>
      </trkpt>
      <trkpt lat="35.436714" lon="129.107344">
        <ele>222.60071387921155</ele>
        <time>2024-07-20T05:31:36.000Z</time>
      </trkpt>
      <trkpt lat="35.436735" lon="129.107295">
        <ele>222.0737421445909</ele>
        <time>2024-07-20T05:31:41.000Z</time>
      </trkpt>
      <trkpt lat="35.436756" lon="129.107246">
        <ele>221.48867215771702</ele>
        <time>2024-07-20T05:31:41.000Z</time>
      </trkpt>
      <trkpt lat="35.436779" lon="129.107199">
        <ele>220.71280664692108</ele>
        <time>2024-07-20T05:31:48.000Z</time>
      </trkpt>
      <trkpt lat="35.436805" lon="129.107154">
        <ele>219.69203483881722</ele>
        <time>2024-07-20T05:31:52.000Z</time>
      </trkpt>
      <trkpt lat="35.436835" lon="129.107112">
        <ele>218.4936299527384</ele>
        <time>2024-07-20T05:32:02.000Z</time>
      </trkpt>
      <trkpt lat="35.436863" lon="129.107076">
        <ele>217.32944442583042</ele>
        <time>2024-07-20T05:32:02.000Z</time>
      </trkpt>
      <trkpt lat="35.436866" lon="129.107073">
        <ele>217.26466048300819</ele>
        <time>2024-07-20T05:32:02.000Z</time>
      </trkpt>
      <trkpt lat="35.436897" lon="129.107033">
        <ele>216.47717770650885</ele>
        <time>2024-07-20T05:32:11.000Z</time>
      </trkpt>
      <trkpt lat="35.436929" lon="129.106995">
        <ele>215.61641887711295</ele>
        <time>2024-07-20T05:32:21.000Z</time>
      </trkpt>
      <trkpt lat="35.436963" lon="129.106958">
        <ele>214.59884619424543</ele>
        <time>2024-07-20T05:32:24.000Z</time>
      </trkpt>
      <trkpt lat="35.436997" lon="129.106921">
        <ele>213.48545190640016</ele>
        <time>2024-07-20T05:32:29.000Z</time>
      </trkpt>
      <trkpt lat="35.437030" lon="129.106884">
        <ele>212.44870628258616</ele>
        <time>2024-07-20T05:32:36.000Z</time>
      </trkpt>
      <trkpt lat="35.437061" lon="129.106845">
        <ele>211.67821309740626</ele>
        <time>2024-07-20T05:32:44.000Z</time>
      </trkpt>
      <trkpt lat="35.437094" lon="129.106807">
        <ele>211.26118730568732</ele>
        <time>2024-07-20T05:32:44.000Z</time>
      </trkpt>
      <trkpt lat="35.437129" lon="129.106772">
        <ele>211.1604024662678</ele>
        <time>2024-07-20T05:32:44.000Z</time>
      </trkpt>
      <trkpt lat="35.437166" lon="129.106741">
        <ele>211.2943384083594</ele>
        <time>2024-07-20T05:32:56.000Z</time>
      </trkpt>
      <trkpt lat="35.437205" lon="129.106714">
        <ele>211.59133316065444</ele>
        <time>2024-07-20T05:32:59.000Z</time>
      </trkpt>
      <trkpt lat="35.437245" lon="129.106690">
        <ele>211.99065658103953</ele>
        <time>2024-07-20T05:33:02.000Z</time>
      </trkpt>
      <trkpt lat="35.437285" lon="129.106663">
        <ele>212.43708642705036</ele>
        <time>2024-07-20T05:33:07.000Z</time>
      </trkpt>
      <trkpt lat="35.437323" lon="129.106633">
        <ele>212.85528236821168</ele>
        <time>2024-07-20T05:33:09.000Z</time>
      </trkpt>
      <trkpt lat="35.437358" lon="129.106600">
        <ele>213.12226263678951</ele>
        <time>2024-07-20T05:33:15.000Z</time>
      </trkpt>
      <trkpt lat="35.437392" lon="129.106564">
        <ele>213.10549053745407</ele>
        <time>2024-07-20T05:33:22.000Z</time>
      </trkpt>
      <trkpt lat="35.437425" lon="129.106526">
        <ele>212.74342057372868</ele>
        <time>2024-07-20T05:33:34.000Z</time>
      </trkpt>
      <trkpt lat="35.437458" lon="129.106488">
        <ele>212.07240332656318</ele>
        <time>2024-07-20T05:33:43.000Z</time>
      </trkpt>
      <trkpt lat="35.437492" lon="129.106452">
        <ele>211.19171722355617</ele>
        <time>2024-07-20T05:33:46.000Z</time>
      </trkpt>
      <trkpt lat="35.437527" lon="129.106418">
        <ele>210.22685130837357</ele>
        <time>2024-07-20T05:33:52.000Z</time>
      </trkpt>
      <trkpt lat="35.437563" lon="129.106384">
        <ele>209.28416928470475</ele>
        <time>2024-07-20T05:34:00.000Z</time>
      </trkpt>
      <trkpt lat="35.437597" lon="129.106348">
        <ele>208.40757403653257</ele>
        <time>2024-07-20T05:34:02.000Z</time>
      </trkpt>
      <trkpt lat="35.437629" lon="129.106310">
        <ele>207.58269523367156</ele>
        <time>2024-07-20T05:34:07.000Z</time>
      </trkpt>
      <trkpt lat="35.437661" lon="129.106272">
        <ele>206.7719133675786</ele>
        <time>2024-07-20T05:34:16.000Z</time>
      </trkpt>
      <trkpt lat="35.437697" lon="129.106237">
        <ele>205.93648527914186</ele>
        <time>2024-07-20T05:34:22.000Z</time>
      </trkpt>
      <trkpt lat="35.437733" lon="129.106205">
        <ele>204.99765523194554</ele>
        <time>2024-07-20T05:34:29.000Z</time>
      </trkpt>
      <trkpt lat="35.437768" lon="129.106171">
        <ele>203.8530012873381</ele>
        <time>2024-07-20T05:34:34.000Z</time>
      </trkpt>
      <trkpt lat="35.437798" lon="129.106129">
        <ele>202.53051838943458</ele>
        <time>2024-07-20T05:34:37.000Z</time>
      </trkpt>
      <trkpt lat="35.437822" lon="129.106083">
        <ele>201.22036712742582</ele>
        <time>2024-07-20T05:34:41.000Z</time>
      </trkpt>
      <trkpt lat="35.437845" lon="129.106036">
        <ele>200.09744058593688</ele>
        <time>2024-07-20T05:34:49.000Z</time>
      </trkpt>
      <trkpt lat="35.437871" lon="129.105991">
        <ele>199.21741894711047</ele>
        <time>2024-07-20T05:34:57.000Z</time>
      </trkpt>
      <trkpt lat="35.437902" lon="129.105950">
        <ele>198.53257034068452</ele>
        <time>2024-07-20T05:34:59.000Z</time>
      </trkpt>
      <trkpt lat="35.437936" lon="129.105914">
        <ele>197.91906316050847</ele>
        <time>2024-07-20T05:35:09.000Z</time>
      </trkpt>
      <trkpt lat="35.437971" lon="129.105881">
        <ele>197.18429055013428</ele>
        <time>2024-07-20T05:35:09.000Z</time>
      </trkpt>
      <trkpt lat="35.438004" lon="129.105844">
        <ele>196.09854065872904</ele>
        <time>2024-07-20T05:35:16.000Z</time>
      </trkpt>
      <trkpt lat="35.438029" lon="129.105798">
        <ele>194.71194750141123</ele>
        <time>2024-07-20T05:35:19.000Z</time>
      </trkpt>
      <trkpt lat="35.438041" lon="129.105745">
        <ele>193.67127153610053</ele>
        <time>2024-07-20T05:36:08.000Z</time>
      </trkpt>
      <trkpt lat="35.438054" lon="129.105693">
        <ele>193.3756870426448</ele>
        <time>2024-07-20T05:36:22.000Z</time>
      </trkpt>
      <trkpt lat="35.438078" lon="129.105647">
        <ele>193.54787747766542</ele>
        <time>2024-07-20T05:36:34.000Z</time>
      </trkpt>
      <trkpt lat="35.438110" lon="129.105608">
        <ele>193.97475361669242</ele>
        <time>2024-07-20T05:36:40.000Z</time>
      </trkpt>
      <trkpt lat="35.438143" lon="129.105570">
        <ele>194.75333273353857</ele>
        <time>2024-07-20T05:36:53.000Z</time>
      </trkpt>
      <trkpt lat="35.438173" lon="129.105530">
        <ele>195.70513969071382</ele>
        <time>2024-07-20T05:37:38.000Z</time>
      </trkpt>
      <trkpt lat="35.438204" lon="129.105489">
        <ele>196.37722277618948</ele>
        <time>2024-07-20T05:37:41.000Z</time>
      </trkpt>
      <trkpt lat="35.438237" lon="129.105452">
        <ele>196.58256376915833</ele>
        <time>2024-07-20T05:37:46.000Z</time>
      </trkpt>
      <trkpt lat="35.438275" lon="129.105423">
        <ele>196.4432034959596</ele>
        <time>2024-07-20T05:37:49.000Z</time>
      </trkpt>
      <trkpt lat="35.438316" lon="129.105401">
        <ele>196.09490789298914</ele>
        <time>2024-07-20T05:37:49.000Z</time>
      </trkpt>
      <trkpt lat="35.438359" lon="129.105382">
        <ele>195.57363514156623</ele>
        <time>2024-07-20T05:38:00.000Z</time>
      </trkpt>
      <trkpt lat="35.438401" lon="129.105364">
        <ele>194.86866930724705</ele>
        <time>2024-07-20T05:38:01.000Z</time>
      </trkpt>
      <trkpt lat="35.438444" lon="129.105346">
        <ele>193.98184974466037</ele>
        <time>2024-07-20T05:38:09.000Z</time>
      </trkpt>
      <trkpt lat="35.438486" lon="129.105327">
        <ele>192.9602118695033</ele>
        <time>2024-07-20T05:38:12.000Z</time>
      </trkpt>
      <trkpt lat="35.438527" lon="129.105306">
        <ele>191.87982078894746</ele>
        <time>2024-07-20T05:38:17.000Z</time>
      </trkpt>
      <trkpt lat="35.438567" lon="129.105281">
        <ele>190.80282135400526</ele>
        <time>2024-07-20T05:38:21.000Z</time>
      </trkpt>
      <trkpt lat="35.438605" lon="129.105250">
        <ele>189.79116506658843</ele>
        <time>2024-07-20T05:38:35.000Z</time>
      </trkpt>
      <trkpt lat="35.438639" lon="129.105215">
        <ele>188.89814717168707</ele>
        <time>2024-07-20T05:38:41.000Z</time>
      </trkpt>
      <trkpt lat="35.438674" lon="129.105180">
        <ele>188.04928514906302</ele>
        <time>2024-07-20T05:38:51.000Z</time>
      </trkpt>
      <trkpt lat="35.438712" lon="129.105151">
        <ele>187.01631473343232</ele>
        <time>2024-07-20T05:38:51.000Z</time>
      </trkpt>
      <trkpt lat="35.438755" lon="129.105134">
        <ele>185.69645546728577</ele>
        <time>2024-07-20T05:39:01.000Z</time>
      </trkpt>
      <trkpt lat="35.438799" lon="129.105131">
        <ele>184.40116551203025</ele>
        <time>2024-07-20T05:39:05.000Z</time>
      </trkpt>
      <trkpt lat="35.438844" lon="129.105134">
        <ele>183.57104894685838</ele>
        <time>2024-07-20T05:39:31.000Z</time>
      </trkpt>
      <trkpt lat="35.438889" lon="129.105133">
        <ele>183.33338007821882</ele>
        <time>2024-07-20T05:39:48.000Z</time>
      </trkpt>
      <trkpt lat="35.438932" lon="129.105120">
        <ele>183.4591933688394</ele>
        <time>2024-07-20T05:39:59.000Z</time>
      </trkpt>
      <trkpt lat="35.438972" lon="129.105094">
        <ele>183.5690310912431</ele>
        <time>2024-07-20T05:40:08.000Z</time>
      </trkpt>
      <trkpt lat="35.439006" lon="129.105059">
        <ele>183.4018584801697</ele>
        <time>2024-07-20T05:40:18.000Z</time>
      </trkpt>
      <trkpt lat="35.439039" lon="129.105020">
        <ele>182.9482597480669</ele>
        <time>2024-07-20T05:40:32.000Z</time>
      </trkpt>
      <trkpt lat="35.439071" lon="129.104982">
        <ele>182.34642978718796</ele>
        <time>2024-07-20T05:40:38.000Z</time>
      </trkpt>
      <trkpt lat="35.439104" lon="129.104945">
        <ele>181.71652703988636</ele>
        <time>2024-07-20T05:40:40.000Z</time>
      </trkpt>
      <trkpt lat="35.439137" lon="129.104907">
        <ele>181.12662528967903</ele>
        <time>2024-07-20T05:40:45.000Z</time>
      </trkpt>
      <trkpt lat="35.439170" lon="129.104870">
        <ele>180.6839154133489</ele>
        <time>2024-07-20T05:40:47.000Z</time>
      </trkpt>
      <trkpt lat="35.439202" lon="129.104831">
        <ele>180.5578107739146</ele>
        <time>2024-07-20T05:40:53.000Z</time>
      </trkpt>
      <trkpt lat="35.439234" lon="129.104792">
        <ele>180.8284593622871</ele>
        <time>2024-07-20T05:40:57.000Z</time>
      </trkpt>
      <trkpt lat="35.439266" lon="129.104753">
        <ele>181.34461772549838</ele>
        <time>2024-07-20T05:41:03.000Z</time>
      </trkpt>
      <trkpt lat="35.439298" lon="129.104715">
        <ele>181.80492050325145</ele>
        <time>2024-07-20T05:41:10.000Z</time>
      </trkpt>
      <trkpt lat="35.439331" lon="129.104678">
        <ele>181.97462367665977</ele>
        <time>2024-07-20T05:41:13.000Z</time>
      </trkpt>
      <trkpt lat="35.439366" lon="129.104643">
        <ele>181.8062380586311</ele>
        <time>2024-07-20T05:41:21.000Z</time>
      </trkpt>
      <trkpt lat="35.439402" lon="129.104610">
        <ele>181.40220005314742</ele>
        <time>2024-07-20T05:41:26.000Z</time>
      </trkpt>
      <trkpt lat="35.439439" lon="129.104578">
        <ele>180.91348846200518</ele>
        <time>2024-07-20T05:41:31.000Z</time>
      </trkpt>
      <trkpt lat="35.439476" lon="129.104546">
        <ele>180.46462464210651</ele>
        <time>2024-07-20T05:41:34.000Z</time>
      </trkpt>
      <trkpt lat="35.439513" lon="129.104515">
        <ele>180.11962882608438</ele>
        <time>2024-07-20T05:41:42.000Z</time>
      </trkpt>
      <trkpt lat="35.439551" lon="129.104486">
        <ele>179.85822510763714</ele>
        <time>2024-07-20T05:41:43.000Z</time>
      </trkpt>
      <trkpt lat="35.439590" lon="129.104459">
        <ele>179.57457722151392</ele>
        <time>2024-07-20T05:41:51.000Z</time>
      </trkpt>
      <trkpt lat="35.439631" lon="129.104437">
        <ele>179.1523185603193</ele>
        <time>2024-07-20T05:41:52.000Z</time>
      </trkpt>
      <trkpt lat="35.439673" lon="129.104416">
        <ele>178.576248399532</ele>
        <time>2024-07-20T05:42:00.000Z</time>
      </trkpt>
      <trkpt lat="35.439714" lon="129.104394">
        <ele>177.95049932059314</ele>
        <time>2024-07-20T05:42:04.000Z</time>
      </trkpt>
      <trkpt lat="35.439753" lon="129.104366">
        <ele>177.3996654518687</ele>
        <time>2024-07-20T05:42:11.000Z</time>
      </trkpt>
      <trkpt lat="35.439789" lon="129.104333">
        <ele>176.9744003904512</ele>
        <time>2024-07-20T05:42:15.000Z</time>
      </trkpt>
      <trkpt lat="35.439823" lon="129.104297">
        <ele>176.67051477548534</ele>
        <time>2024-07-20T05:42:20.000Z</time>
      </trkpt>
      <trkpt lat="35.439856" lon="129.104260">
        <ele>176.48991559313092</ele>
        <time>2024-07-20T05:42:24.000Z</time>
      </trkpt>
      <trkpt lat="35.439890" lon="129.104223">
        <ele>176.42668422354018</ele>
        <time>2024-07-20T05:42:26.000Z</time>
      </trkpt>
      <trkpt lat="35.439923" lon="129.104186">
        <ele>176.41313109370998</ele>
        <time>2024-07-20T05:42:34.000Z</time>
      </trkpt>
      <trkpt lat="35.439958" lon="129.104151">
        <ele>176.30692518960842</ele>
        <time>2024-07-20T05:42:34.000Z</time>
      </trkpt>
      <trkpt lat="35.439994" lon="129.104119">
        <ele>175.96150943942683</ele>
        <time>2024-07-20T05:42:37.000Z</time>
      </trkpt>
      <trkpt lat="35.440033" lon="129.104091">
        <ele>175.36919160823265</ele>
        <time>2024-07-20T05:43:19.000Z</time>
      </trkpt>
      <trkpt lat="35.440041" lon="129.104086">
        <ele>175.24010067114023</ele>
        <time>2024-07-20T05:43:19.000Z</time>
      </trkpt>
      <trkpt lat="35.440074" lon="129.104068">
        <ele>173.6082252933735</ele>
        <time>2024-07-20T05:43:19.000Z</time>
      </trkpt>
      <trkpt lat="35.440115" lon="129.104045">
        <ele>171.67151864970907</ele>
        <time>2024-07-20T05:43:28.000Z</time>
      </trkpt>
      <trkpt lat="35.440155" lon="129.104020">
        <ele>169.92745805051484</ele>
        <time>2024-07-20T05:43:36.000Z</time>
      </trkpt>
      <trkpt lat="35.440194" lon="129.103992">
        <ele>168.4180307965237</ele>
        <time>2024-07-20T05:43:46.000Z</time>
      </trkpt>
      <trkpt lat="35.440233" lon="129.103965">
        <ele>167.10884365781973</ele>
        <time>2024-07-20T05:43:55.000Z</time>
      </trkpt>
      <trkpt lat="35.440273" lon="129.103940">
        <ele>165.92688488987378</ele>
        <time>2024-07-20T05:43:57.000Z</time>
      </trkpt>
      <trkpt lat="35.440314" lon="129.103918">
        <ele>164.82808387924996</ele>
        <time>2024-07-20T05:44:00.000Z</time>
      </trkpt>
      <trkpt lat="35.440355" lon="129.103895">
        <ele>163.8431681285092</ele>
        <time>2024-07-20T05:44:10.000Z</time>
      </trkpt>
      <trkpt lat="35.440393" lon="129.103865">
        <ele>163.06939958281342</ele>
        <time>2024-07-20T05:44:18.000Z</time>
      </trkpt>
      <trkpt lat="35.440426" lon="129.103828">
        <ele>162.56686013153728</ele>
        <time>2024-07-20T05:44:28.000Z</time>
      </trkpt>
      <trkpt lat="35.440453" lon="129.103785">
        <ele>162.2514493326327</ele>
        <time>2024-07-20T05:44:32.000Z</time>
      </trkpt>
      <trkpt lat="35.440478" lon="129.103738">
        <ele>161.94459688954072</ele>
        <time>2024-07-20T05:44:40.000Z</time>
      </trkpt>
      <trkpt lat="35.440502" lon="129.103692">
        <ele>161.49439761696735</ele>
        <time>2024-07-20T05:44:49.000Z</time>
      </trkpt>
      <trkpt lat="35.440528" lon="129.103647">
        <ele>160.86090185845734</ele>
        <time>2024-07-20T05:44:50.000Z</time>
      </trkpt>
      <trkpt lat="35.440554" lon="129.103602">
        <ele>160.2111558423376</ele>
        <time>2024-07-20T05:44:54.000Z</time>
      </trkpt>
      <trkpt lat="35.440578" lon="129.103555">
        <ele>159.87987131914002</ele>
        <time>2024-07-20T05:45:18.000Z</time>
      </trkpt>
      <trkpt lat="35.440598" lon="129.103506">
        <ele>159.9507253050586</ele>
        <time>2024-07-20T05:45:47.000Z</time>
      </trkpt>
      <trkpt lat="35.440609" lon="129.103453">
        <ele>159.98732890973213</ele>
        <time>2024-07-20T05:45:59.000Z</time>
      </trkpt>
      <trkpt lat="35.440616" lon="129.103398">
        <ele>159.61078335964518</ele>
        <time>2024-07-20T05:46:05.000Z</time>
      </trkpt>
      <trkpt lat="35.440622" lon="129.103344">
        <ele>158.9846688788968</ele>
        <time>2024-07-20T05:46:07.000Z</time>
      </trkpt>
      <trkpt lat="35.440632" lon="129.103290">
        <ele>158.44829132693954</ele>
        <time>2024-07-20T05:46:14.000Z</time>
      </trkpt>
      <trkpt lat="35.440645" lon="129.103237">
        <ele>158.09955650605556</ele>
        <time>2024-07-20T05:46:18.000Z</time>
      </trkpt>
      <trkpt lat="35.440663" lon="129.103186">
        <ele>157.83179407774662</ele>
        <time>2024-07-20T05:46:25.000Z</time>
      </trkpt>
      <trkpt lat="35.440684" lon="129.103138">
        <ele>157.52838658989322</ele>
        <time>2024-07-20T05:46:26.000Z</time>
      </trkpt>
      <trkpt lat="35.440709" lon="129.103092">
        <ele>157.1613807084164</ele>
        <time>2024-07-20T05:46:31.000Z</time>
      </trkpt>
      <trkpt lat="35.440738" lon="129.103049">
        <ele>156.77744706582436</ele>
        <time>2024-07-20T05:46:35.000Z</time>
      </trkpt>
      <trkpt lat="35.440768" lon="129.103009">
        <ele>156.44448661682512</ele>
        <time>2024-07-20T05:46:39.000Z</time>
      </trkpt>
      <trkpt lat="35.440799" lon="129.102969">
        <ele>156.21549366070204</ele>
        <time>2024-07-20T05:46:44.000Z</time>
      </trkpt>
      <trkpt lat="35.440830" lon="129.102929">
        <ele>156.10073396719585</ele>
        <time>2024-07-20T05:46:47.000Z</time>
      </trkpt>
      <trkpt lat="35.440861" lon="129.102888">
        <ele>156.0413418454558</ele>
        <time>2024-07-20T05:46:51.000Z</time>
      </trkpt>
      <trkpt lat="35.440891" lon="129.102847">
        <ele>155.92386773645887</ele>
        <time>2024-07-20T05:46:55.000Z</time>
      </trkpt>
      <trkpt lat="35.440920" lon="129.102805">
        <ele>155.64829647654966</ele>
        <time>2024-07-20T05:47:03.000Z</time>
      </trkpt>
      <trkpt lat="35.440948" lon="129.102763">
        <ele>155.194420888365</ele>
        <time>2024-07-20T05:47:03.000Z</time>
      </trkpt>
      <trkpt lat="35.440977" lon="129.102720">
        <ele>154.62866707126855</ele>
        <time>2024-07-20T05:47:09.000Z</time>
      </trkpt>
      <trkpt lat="35.441004" lon="129.102676">
        <ele>154.05364832989588</ele>
        <time>2024-07-20T05:47:19.000Z</time>
      </trkpt>
      <trkpt lat="35.441028" lon="129.102629">
        <ele>153.55567889968347</ele>
        <time>2024-07-20T05:47:27.000Z</time>
      </trkpt>
      <trkpt lat="35.441046" lon="129.102578">
        <ele>153.18453074547614</ele>
        <time>2024-07-20T05:47:29.000Z</time>
      </trkpt>
      <trkpt lat="35.441058" lon="129.102526">
        <ele>152.94986610001908</ele>
        <time>2024-07-20T05:47:32.000Z</time>
      </trkpt>
      <trkpt lat="35.441067" lon="129.102471">
        <ele>152.83564210975075</ele>
        <time>2024-07-20T05:47:40.000Z</time>
      </trkpt>
      <trkpt lat="35.441071" lon="129.102416">
        <ele>152.84073703734146</ele>
        <time>2024-07-20T05:47:44.000Z</time>
      </trkpt>
      <trkpt lat="35.441068" lon="129.102362">
        <ele>153.00512932428967</ele>
        <time>2024-07-20T05:47:50.000Z</time>
      </trkpt>
      <trkpt lat="35.441058" lon="129.102308">
        <ele>153.3640547083963</ele>
        <time>2024-07-20T05:47:56.000Z</time>
      </trkpt>
      <trkpt lat="35.441042" lon="129.102256">
        <ele>153.85654072368283</ele>
        <time>2024-07-20T05:48:07.000Z</time>
      </trkpt>
      <trkpt lat="35.441025" lon="129.102205">
        <ele>154.27544607346564</ele>
        <time>2024-07-20T05:48:14.000Z</time>
      </trkpt>
      <trkpt lat="35.441013" lon="129.102152">
        <ele>154.29057436202976</ele>
        <time>2024-07-20T05:48:35.000Z</time>
      </trkpt>
      <trkpt lat="35.441008" lon="129.102098">
        <ele>153.61822486116043</ele>
        <time>2024-07-20T05:48:42.000Z</time>
      </trkpt>
      <trkpt lat="35.441011" lon="129.102043">
        <ele>152.29762107487244</ele>
        <time>2024-07-20T05:48:48.000Z</time>
      </trkpt>
      <trkpt lat="35.441018" lon="129.101988">
        <ele>150.75143022350582</ele>
        <time>2024-07-20T05:48:53.000Z</time>
      </trkpt>
      <trkpt lat="35.441028" lon="129.101934">
        <ele>149.50852929235032</ele>
        <time>2024-07-20T05:49:06.000Z</time>
      </trkpt>
      <trkpt lat="35.441038" lon="129.101881">
        <ele>148.8428294724547</ele>
        <time>2024-07-20T05:49:09.000Z</time>
      </trkpt>
      <trkpt lat="35.441048" lon="129.101827">
        <ele>148.63002454961554</ele>
        <time>2024-07-20T05:49:16.000Z</time>
      </trkpt>
      <trkpt lat="35.441058" lon="129.101773">
        <ele>148.4846000900041</ele>
        <time>2024-07-20T05:49:22.000Z</time>
      </trkpt>
      <trkpt lat="35.441066" lon="129.101719">
        <ele>148.01794095925342</ele>
        <time>2024-07-20T05:49:29.000Z</time>
      </trkpt>
      <trkpt lat="35.441075" lon="129.101664">
        <ele>147.0634511991899</ele>
        <time>2024-07-20T05:49:40.000Z</time>
      </trkpt>
      <trkpt lat="35.441087" lon="129.101611">
        <ele>145.75353889425782</ele>
        <time>2024-07-20T05:49:58.000Z</time>
      </trkpt>
      <trkpt lat="35.441108" lon="129.101563">
        <ele>144.44493841751043</ele>
        <time>2024-07-20T05:50:06.000Z</time>
      </trkpt>
      <trkpt lat="35.441138" lon="129.101522">
        <ele>143.57301043967553</ele>
        <time>2024-07-20T05:50:28.000Z</time>
      </trkpt>
      <trkpt lat="35.441171" lon="129.101484">
        <ele>143.36930975863746</ele>
        <time>2024-07-20T05:50:37.000Z</time>
      </trkpt>
      <trkpt lat="35.441196" lon="129.101440">
        <ele>143.68227407506285</ele>
        <time>2024-07-20T05:51:10.000Z</time>
      </trkpt>
      <trkpt lat="35.441212" lon="129.101388">
        <ele>144.09244570915433</ele>
        <time>2024-07-20T05:51:34.000Z</time>
      </trkpt>
      <trkpt lat="35.441225" lon="129.101335">
        <ele>144.35200902560388</ele>
        <time>2024-07-20T05:51:45.000Z</time>
      </trkpt>
      <trkpt lat="35.441241" lon="129.101284">
        <ele>144.44127271697855</ele>
        <time>2024-07-20T05:51:45.000Z</time>
      </trkpt>
      <trkpt lat="35.441260" lon="129.101234">
        <ele>144.40053539036504</ele>
        <time>2024-07-20T05:51:58.000Z</time>
      </trkpt>
      <trkpt lat="35.441281" lon="129.101185">
        <ele>144.34310010033502</ele>
        <time>2024-07-20T05:52:07.000Z</time>
      </trkpt>
      <trkpt lat="35.441299" lon="129.101134">
        <ele>145.17156739537867</ele>
        <time>2024-07-20T05:53:03.000Z</time>
      </trkpt>
      <trkpt lat="35.441301" lon="129.101080">
        <ele>146.94492333426834</ele>
        <time>2024-07-20T05:53:24.000Z</time>
      </trkpt>
      <trkpt lat="35.441297" lon="129.101025">
        <ele>148.0881409813089</ele>
        <time>2024-07-20T05:53:38.000Z</time>
      </trkpt>
      <trkpt lat="35.441301" lon="129.100971">
        <ele>148.1822443507082</ele>
        <time>2024-07-20T05:53:38.000Z</time>
      </trkpt>
      <trkpt lat="35.441313" lon="129.100918">
        <ele>147.65280796297512</ele>
        <time>2024-07-20T05:53:46.000Z</time>
      </trkpt>
      <trkpt lat="35.441330" lon="129.100867">
        <ele>146.8420273635618</ele>
        <time>2024-07-20T05:53:50.000Z</time>
      </trkpt>
      <trkpt lat="35.441349" lon="129.100817">
        <ele>146.04592557516128</ele>
        <time>2024-07-20T05:53:55.000Z</time>
      </trkpt>
      <trkpt lat="35.441372" lon="129.100769">
        <ele>145.52394942609794</ele>
        <time>2024-07-20T05:53:58.000Z</time>
      </trkpt>
      <trkpt lat="35.441398" lon="129.100725">
        <ele>145.38162702901212</ele>
        <time>2024-07-20T05:54:08.000Z</time>
      </trkpt>
      <trkpt lat="35.441427" lon="129.100682">
        <ele>145.5366201973442</ele>
        <time>2024-07-20T05:54:12.000Z</time>
      </trkpt>
      <trkpt lat="35.441455" lon="129.100639">
        <ele>145.78344545489225</ele>
        <time>2024-07-20T05:54:19.000Z</time>
      </trkpt>
      <trkpt lat="35.441480" lon="129.100593">
        <ele>145.87042733348082</ele>
        <time>2024-07-20T05:54:27.000Z</time>
      </trkpt>
      <trkpt lat="35.441504" lon="129.100547">
        <ele>145.62536772801985</ele>
        <time>2024-07-20T05:54:27.000Z</time>
      </trkpt>
      <trkpt lat="35.441529" lon="129.100501">
        <ele>145.08881483514625</ele>
        <time>2024-07-20T05:54:33.000Z</time>
      </trkpt>
      <trkpt lat="35.441557" lon="129.100457">
        <ele>144.491777293277</ele>
        <time>2024-07-20T05:54:37.000Z</time>
      </trkpt>
      <trkpt lat="35.441586" lon="129.100415">
        <ele>144.05595377434923</ele>
        <time>2024-07-20T05:54:42.000Z</time>
      </trkpt>
      <trkpt lat="35.441615" lon="129.100373">
        <ele>143.8345946808979</ele>
        <time>2024-07-20T05:54:44.000Z</time>
      </trkpt>
      <trkpt lat="35.441645" lon="129.100332">
        <ele>143.73820911418593</ele>
        <time>2024-07-20T05:54:51.000Z</time>
      </trkpt>
      <trkpt lat="35.441676" lon="129.100291">
        <ele>143.64969610121912</ele>
        <time>2024-07-20T05:54:55.000Z</time>
      </trkpt>
      <trkpt lat="35.441706" lon="129.100251">
        <ele>143.4895281284767</ele>
        <time>2024-07-20T05:54:55.000Z</time>
      </trkpt>
      <trkpt lat="35.441735" lon="129.100209">
        <ele>143.21809933138954</ele>
        <time>2024-07-20T05:55:02.000Z</time>
      </trkpt>
      <trkpt lat="35.441763" lon="129.100165">
        <ele>142.8337280354025</ele>
        <time>2024-07-20T05:55:11.000Z</time>
      </trkpt>
      <trkpt lat="35.441788" lon="129.100120">
        <ele>142.37576749445196</ele>
        <time>2024-07-20T05:55:20.000Z</time>
      </trkpt>
      <trkpt lat="35.441812" lon="129.100073">
        <ele>141.90354553611039</ele>
        <time>2024-07-20T05:55:20.000Z</time>
      </trkpt>
      <trkpt lat="35.441835" lon="129.100026">
        <ele>141.46000324142585</ele>
        <time>2024-07-20T05:55:26.000Z</time>
      </trkpt>
      <trkpt lat="35.441860" lon="129.099979">
        <ele>141.05563414217863</ele>
        <time>2024-07-20T05:55:33.000Z</time>
      </trkpt>
      <trkpt lat="35.441886" lon="129.099935">
        <ele>140.6817278577583</ele>
        <time>2024-07-20T05:55:35.000Z</time>
      </trkpt>
      <trkpt lat="35.441916" lon="129.099893">
        <ele>140.3336101285045</ele>
        <time>2024-07-20T05:55:42.000Z</time>
      </trkpt>
      <trkpt lat="35.441947" lon="129.099854">
        <ele>140.01893094188</ele>
        <time>2024-07-20T05:55:50.000Z</time>
      </trkpt>
      <trkpt lat="35.441980" lon="129.099816">
        <ele>139.7438444642649</ele>
        <time>2024-07-20T05:55:50.000Z</time>
      </trkpt>
      <trkpt lat="35.442015" lon="129.099781">
        <ele>139.4987101444726</ele>
        <time>2024-07-20T05:56:01.000Z</time>
      </trkpt>
      <trkpt lat="35.442051" lon="129.099748">
        <ele>139.26645452369252</ele>
        <time>2024-07-20T05:56:08.000Z</time>
      </trkpt>
      <trkpt lat="35.442087" lon="129.099715">
        <ele>139.04275451147984</ele>
        <time>2024-07-20T05:56:12.000Z</time>
      </trkpt>
      <trkpt lat="35.442121" lon="129.099680">
        <ele>138.83982631090518</ele>
        <time>2024-07-20T05:56:22.000Z</time>
      </trkpt>
      <trkpt lat="35.442153" lon="129.099641">
        <ele>138.66881552606725</ele>
        <time>2024-07-20T05:56:22.000Z</time>
      </trkpt>
      <trkpt lat="35.442183" lon="129.099599">
        <ele>138.52164252021137</ele>
        <time>2024-07-20T05:56:35.000Z</time>
      </trkpt>
      <trkpt lat="35.442212" lon="129.099557">
        <ele>138.37252614516163</ele>
        <time>2024-07-20T05:56:35.000Z</time>
      </trkpt>
      <trkpt lat="35.442241" lon="129.099515">
        <ele>138.19777306350045</ele>
        <time>2024-07-20T05:56:44.000Z</time>
      </trkpt>
      <trkpt lat="35.442271" lon="129.099474">
        <ele>137.99729492209124</ele>
        <time>2024-07-20T05:56:48.000Z</time>
      </trkpt>
      <trkpt lat="35.442300" lon="129.099432">
        <ele>137.79801946989716</ele>
        <time>2024-07-20T05:56:54.000Z</time>
      </trkpt>
      <trkpt lat="35.442328" lon="129.099389">
        <ele>137.6335387533932</ele>
        <time>2024-07-20T05:56:58.000Z</time>
      </trkpt>
      <trkpt lat="35.442354" lon="129.099343">
        <ele>137.51946882971404</ele>
        <time>2024-07-20T05:57:09.000Z</time>
      </trkpt>
      <trkpt lat="35.442379" lon="129.099298">
        <ele>137.44834547963706</ele>
        <time>2024-07-20T05:57:09.000Z</time>
      </trkpt>
      <trkpt lat="35.442406" lon="129.099254">
        <ele>137.40331760714105</ele>
        <time>2024-07-20T05:57:09.000Z</time>
      </trkpt>
      <trkpt lat="35.442436" lon="129.099213">
        <ele>137.37089960619326</ele>
        <time>2024-07-20T05:57:20.000Z</time>
      </trkpt>
      <trkpt lat="35.442469" lon="129.099175">
        <ele>137.34487628949168</ele>
        <time>2024-07-20T05:57:28.000Z</time>
      </trkpt>
      <trkpt lat="35.442503" lon="129.099139">
        <ele>137.32404527275534</ele>
        <time>2024-07-20T05:57:28.000Z</time>
      </trkpt>
      <trkpt lat="35.442539" lon="129.099105">
        <ele>137.3103774177252</ele>
        <time>2024-07-20T05:57:45.000Z</time>
      </trkpt>
      <trkpt lat="35.442574" lon="129.099072">
        <ele>137.31983520614344</ele>
        <time>2024-07-20T05:58:58.000Z</time>
      </trkpt>
      <trkpt lat="35.442607" lon="129.099033">
        <ele>137.3538480106699</ele>
        <time>2024-07-20T05:59:29.000Z</time>
      </trkpt>
      <trkpt lat="35.442625" lon="129.098984">
        <ele>137.34379117260258</ele>
        <time>2024-07-20T05:59:31.000Z</time>
      </trkpt>
      <trkpt lat="35.442627" lon="129.098929">
        <ele>137.23470141003088</ele>
        <time>2024-07-20T05:59:43.000Z</time>
      </trkpt>
      <trkpt lat="35.442624" lon="129.098874">
        <ele>137.0467702734402</ele>
        <time>2024-07-20T05:59:46.000Z</time>
      </trkpt>
      <trkpt lat="35.442626" lon="129.098819">
        <ele>136.8258105123172</ele>
        <time>2024-07-20T05:59:49.000Z</time>
      </trkpt>
      <trkpt lat="35.442634" lon="129.098765">
        <ele>136.64206077798633</ele>
        <time>2024-07-20T05:59:58.000Z</time>
      </trkpt>
      <trkpt lat="35.442647" lon="129.098712">
        <ele>136.56137253183257</ele>
        <time>2024-07-20T05:59:58.000Z</time>
      </trkpt>
      <trkpt lat="35.442661" lon="129.098660">
        <ele>136.5967863538602</ele>
        <time>2024-07-20T06:00:06.000Z</time>
      </trkpt>
      <trkpt lat="35.442674" lon="129.098607">
        <ele>136.70588212698658</ele>
        <time>2024-07-20T06:00:10.000Z</time>
      </trkpt>
      <trkpt lat="35.442686" lon="129.098554">
        <ele>136.8271824008263</ele>
        <time>2024-07-20T06:00:14.000Z</time>
      </trkpt>
      <trkpt lat="35.442698" lon="129.098500">
        <ele>136.9217672685585</ele>
        <time>2024-07-20T06:00:20.000Z</time>
      </trkpt>
      <trkpt lat="35.442707" lon="129.098446">
        <ele>136.99046278196198</ele>
        <time>2024-07-20T06:00:32.000Z</time>
      </trkpt>
      <trkpt lat="35.442714" lon="129.098392">
        <ele>137.0532036679054</ele>
        <time>2024-07-20T06:00:32.000Z</time>
      </trkpt>
      <trkpt lat="35.442721" lon="129.098337">
        <ele>137.11402776659676</ele>
        <time>2024-07-20T06:00:41.000Z</time>
      </trkpt>
      <trkpt lat="35.442729" lon="129.098283">
        <ele>137.140915678476</ele>
        <time>2024-07-20T06:00:42.000Z</time>
      </trkpt>
      <trkpt lat="35.442741" lon="129.098230">
        <ele>137.07089853207688</ele>
        <time>2024-07-20T06:00:44.000Z</time>
      </trkpt>
      <trkpt lat="35.442757" lon="129.098178">
        <ele>136.85104864967914</ele>
        <time>2024-07-20T06:00:48.000Z</time>
      </trkpt>
      <trkpt lat="35.442777" lon="129.098129">
        <ele>136.49049881622372</ele>
        <time>2024-07-20T06:00:52.000Z</time>
      </trkpt>
      <trkpt lat="35.442801" lon="129.098083">
        <ele>136.0605746195888</ele>
        <time>2024-07-20T06:00:54.000Z</time>
      </trkpt>
      <trkpt lat="35.442826" lon="129.098037">
        <ele>135.6407114936027</ele>
        <time>2024-07-20T06:00:59.000Z</time>
      </trkpt>
      <trkpt lat="35.442850" lon="129.097990">
        <ele>135.2751557074781</ele>
        <time>2024-07-20T06:01:02.000Z</time>
      </trkpt>
      <trkpt lat="35.442874" lon="129.097944">
        <ele>134.96734277185206</ele>
        <time>2024-07-20T06:01:09.000Z</time>
      </trkpt>
      <trkpt lat="35.442901" lon="129.097899">
        <ele>134.67532313666257</ele>
        <time>2024-07-20T06:01:11.000Z</time>
      </trkpt>
      <trkpt lat="35.442933" lon="129.097861">
        <ele>134.287950366203</ele>
        <time>2024-07-20T06:01:15.000Z</time>
      </trkpt>
      <trkpt lat="35.442972" lon="129.097833">
        <ele>133.6640640372316</ele>
        <time>2024-07-20T06:01:22.000Z</time>
      </trkpt>
      <trkpt lat="35.443010" lon="129.097805">
        <ele>132.83565861456367</ele>
        <time>2024-07-20T06:01:27.000Z</time>
      </trkpt>
      <trkpt lat="35.443040" lon="129.097764">
        <ele>132.20439734257863</ele>
        <time>2024-07-20T06:02:25.000Z</time>
      </trkpt>
      <trkpt lat="35.443064" lon="129.097717">
        <ele>131.95070868492581</ele>
        <time>2024-07-20T06:02:32.000Z</time>
      </trkpt>
      <trkpt lat="35.443090" lon="129.097673">
        <ele>131.81521289691455</ele>
        <time>2024-07-20T06:02:40.000Z</time>
      </trkpt>
      <trkpt lat="35.443121" lon="129.097633">
        <ele>131.60926906167168</ele>
        <time>2024-07-20T06:02:44.000Z</time>
      </trkpt>
      <trkpt lat="35.443154" lon="129.097595">
        <ele>131.34325313600996</ele>
        <time>2024-07-20T06:02:50.000Z</time>
      </trkpt>
      <trkpt lat="35.443185" lon="129.097556">
        <ele>131.0615531819011</ele>
        <time>2024-07-20T06:02:53.000Z</time>
      </trkpt>
      <trkpt lat="35.443216" lon="129.097515">
        <ele>130.75643587498828</ele>
        <time>2024-07-20T06:02:56.000Z</time>
      </trkpt>
      <trkpt lat="35.443246" lon="129.097474">
        <ele>130.39972546965004</ele>
        <time>2024-07-20T06:03:01.000Z</time>
      </trkpt>
      <trkpt lat="35.443276" lon="129.097432">
        <ele>129.9964486059565</ele>
        <time>2024-07-20T06:03:05.000Z</time>
      </trkpt>
      <trkpt lat="35.443304" lon="129.097390">
        <ele>129.58785387622913</ele>
        <time>2024-07-20T06:03:10.000Z</time>
      </trkpt>
      <trkpt lat="35.443331" lon="129.097346">
        <ele>129.21491748340975</ele>
        <time>2024-07-20T06:03:14.000Z</time>
      </trkpt>
      <trkpt lat="35.443359" lon="129.097302">
        <ele>128.8954091198404</ele>
        <time>2024-07-20T06:03:17.000Z</time>
      </trkpt>
      <trkpt lat="35.443387" lon="129.097259">
        <ele>128.62846574732632</ele>
        <time>2024-07-20T06:03:23.000Z</time>
      </trkpt>
      <trkpt lat="35.443414" lon="129.097215">
        <ele>128.40195984202379</ele>
        <time>2024-07-20T06:03:27.000Z</time>
      </trkpt>
      <trkpt lat="35.443438" lon="129.097168">
        <ele>128.1960969156206</ele>
        <time>2024-07-20T06:03:31.000Z</time>
      </trkpt>
      <trkpt lat="35.443459" lon="129.097120">
        <ele>127.98973149218429</ele>
        <time>2024-07-20T06:03:37.000Z</time>
      </trkpt>
      <trkpt lat="35.443479" lon="129.097070">
        <ele>127.76932784614816</ele>
        <time>2024-07-20T06:03:39.000Z</time>
      </trkpt>
      <trkpt lat="35.443500" lon="129.097021">
        <ele>127.53225933304222</ele>
        <time>2024-07-20T06:03:41.000Z</time>
      </trkpt>
      <trkpt lat="35.443522" lon="129.096973">
        <ele>127.28079901986649</ele>
        <time>2024-07-20T06:03:45.000Z</time>
      </trkpt>
      <trkpt lat="35.443546" lon="129.096927">
        <ele>127.01539620324084</ele>
        <time>2024-07-20T06:03:49.000Z</time>
      </trkpt>
      <trkpt lat="35.443571" lon="129.096880">
        <ele>126.73515491290506</ele>
        <time>2024-07-20T06:03:56.000Z</time>
      </trkpt>
      <trkpt lat="35.443594" lon="129.096833">
        <ele>126.44460977287713</ele>
        <time>2024-07-20T06:03:56.000Z</time>
      </trkpt>
      <trkpt lat="35.443616" lon="129.096785">
        <ele>126.15937111987652</ele>
        <time>2024-07-20T06:04:04.000Z</time>
      </trkpt>
      <trkpt lat="35.443635" lon="129.096735">
        <ele>125.90002164470899</ele>
        <time>2024-07-20T06:04:06.000Z</time>
      </trkpt>
      <trkpt lat="35.443654" lon="129.096685">
        <ele>125.6740378521663</ele>
        <time>2024-07-20T06:04:12.000Z</time>
      </trkpt>
      <trkpt lat="35.443671" lon="129.096634">
        <ele>125.46418555766249</ele>
        <time>2024-07-20T06:04:14.000Z</time>
      </trkpt>
      <trkpt lat="35.443691" lon="129.096584">
        <ele>125.23477873838397</ele>
        <time>2024-07-20T06:04:20.000Z</time>
      </trkpt>
      <trkpt lat="35.443714" lon="129.096537">
        <ele>124.89513315883232</ele>
        <time>2024-07-20T06:04:26.000Z</time>
      </trkpt>
      <trkpt lat="35.443743" lon="129.096495">
        <ele>124.12057867880435</ele>
        <time>2024-07-20T06:04:35.000Z</time>
      </trkpt>
      <trkpt lat="35.443775" lon="129.096456">
        <ele>122.50822204630045</ele>
        <time>2024-07-20T06:08:50.000Z</time>
      </trkpt>
      <trkpt lat="35.443805" lon="129.096415">
        <ele>120.38673910657023</ele>
        <time>2024-07-20T06:09:45.000Z</time>
      </trkpt>
      <trkpt lat="35.443829" lon="129.096368">
        <ele>118.7457726309151</ele>
        <time>2024-07-20T06:09:47.000Z</time>
      </trkpt>
      <trkpt lat="35.443849" lon="129.096319">
        <ele>117.97572508089593</ele>
        <time>2024-07-20T06:09:47.000Z</time>
      </trkpt>
      <trkpt lat="35.443869" lon="129.096270">
        <ele>117.74461713051691</ele>
        <time>2024-07-20T06:09:57.000Z</time>
      </trkpt>
      <trkpt lat="35.443888" lon="129.096220">
        <ele>117.67371992277307</ele>
        <time>2024-07-20T06:09:59.000Z</time>
      </trkpt>
      <trkpt lat="35.443908" lon="129.096170">
        <ele>117.60154028680962</ele>
        <time>2024-07-20T06:10:05.000Z</time>
      </trkpt>
      <trkpt lat="35.443930" lon="129.096122">
        <ele>117.51119700542259</ele>
        <time>2024-07-20T06:10:10.000Z</time>
      </trkpt>
      <trkpt lat="35.443953" lon="129.096074">
        <ele>117.4326074751662</ele>
        <time>2024-07-20T06:10:13.000Z</time>
      </trkpt>
      <trkpt lat="35.443976" lon="129.096027">
        <ele>117.38122897608885</ele>
        <time>2024-07-20T06:10:13.000Z</time>
      </trkpt>
      <trkpt lat="35.444000" lon="129.095981">
        <ele>117.33668696725586</ele>
        <time>2024-07-20T06:10:21.000Z</time>
      </trkpt>
      <trkpt lat="35.444024" lon="129.095934">
        <ele>117.2603333036921</ele>
        <time>2024-07-20T06:10:27.000Z</time>
      </trkpt>
      <trkpt lat="35.444047" lon="129.095887">
        <ele>117.12420733628417</ele>
        <time>2024-07-20T06:10:30.000Z</time>
      </trkpt>
      <trkpt lat="35.444070" lon="129.095839">
        <ele>116.92433455750852</ele>
        <time>2024-07-20T06:10:35.000Z</time>
      </trkpt>
      <trkpt lat="35.444089" lon="129.095789">
        <ele>116.6713915379585</ele>
        <time>2024-07-20T06:10:41.000Z</time>
      </trkpt>
      <trkpt lat="35.444106" lon="129.095738">
        <ele>116.36365479772269</ele>
        <time>2024-07-20T06:10:41.000Z</time>
      </trkpt>
      <trkpt lat="35.444120" lon="129.095686">
        <ele>115.95822336849261</ele>
        <time>2024-07-20T06:10:49.000Z</time>
      </trkpt>
      <trkpt lat="35.444134" lon="129.095633">
        <ele>115.3733689189066</ele>
        <time>2024-07-20T06:10:53.000Z</time>
      </trkpt>
      <trkpt lat="35.444148" lon="129.095581">
        <ele>114.5556614414252</ele>
        <time>2024-07-20T06:10:57.000Z</time>
      </trkpt>
      <trkpt lat="35.444165" lon="129.095530">
        <ele>113.60240647559489</ele>
        <time>2024-07-20T06:10:59.000Z</time>
      </trkpt>
      <trkpt lat="35.444186" lon="129.095480">
        <ele>112.82179992749715</ele>
        <time>2024-07-20T06:11:03.000Z</time>
      </trkpt>
      <trkpt lat="35.444210" lon="129.095434">
        <ele>112.57116463676817</ele>
        <time>2024-07-20T06:11:07.000Z</time>
      </trkpt>
      <trkpt lat="35.444239" lon="129.095392">
        <ele>112.93702143724362</ele>
        <time>2024-07-20T06:11:09.000Z</time>
      </trkpt>
      <trkpt lat="35.444269" lon="129.095351">
        <ele>113.62725294489475</ele>
        <time>2024-07-20T06:11:14.000Z</time>
      </trkpt>
      <trkpt lat="35.444299" lon="129.095310">
        <ele>114.2497954012904</ele>
        <time>2024-07-20T06:11:16.000Z</time>
      </trkpt>
      <trkpt lat="35.444327" lon="129.095267">
        <ele>114.6170448974777</ele>
        <time>2024-07-20T06:11:20.000Z</time>
      </trkpt>
      <trkpt lat="35.444351" lon="129.095220">
        <ele>114.75285826946437</ele>
        <time>2024-07-20T06:11:23.000Z</time>
      </trkpt>
      <trkpt lat="35.444370" lon="129.095170">
        <ele>114.7252006341623</ele>
        <time>2024-07-20T06:11:31.000Z</time>
      </trkpt>
      <trkpt lat="35.444386" lon="129.095118">
        <ele>114.56214408314774</ele>
        <time>2024-07-20T06:11:32.000Z</time>
      </trkpt>
      <trkpt lat="35.444402" lon="129.095067">
        <ele>114.27804065499063</ele>
        <time>2024-07-20T06:11:41.000Z</time>
      </trkpt>
      <trkpt lat="35.444424" lon="129.095019">
        <ele>113.91369325432392</ele>
        <time>2024-07-20T06:11:41.000Z</time>
      </trkpt>
      <trkpt lat="35.444451" lon="129.094975">
        <ele>113.52912316491214</ele>
        <time>2024-07-20T06:11:41.000Z</time>
      </trkpt>
      <trkpt lat="35.444478" lon="129.094940">
        <ele>113.20019158436192</ele>
        <time>2024-07-20T06:11:41.000Z</time>
      </trkpt>
    </trkseg>
  </trk>
</gpx>