<?xml version="1.0" encoding="UTF-8"?>
<gpx version="1.1" creator="gajago-nav" xmlns="http://www.topografix.com/GPX/1/1">
  <metadata><name>화엄사-노고단-세석대피소_20230909_013405</name></metadata>
  <wpt lat="35.254682" lon="127.496993">
    <name>들머리 (화엄사)</name>
    <ele>252</ele>
  </wpt>
  <wpt lat="35.296140" lon="127.520300">
    <name>코재</name>
    <ele>1258</ele>
  </wpt>
  <wpt lat="35.296097" lon="127.526102">
    <name>갈림길</name>
  </wpt>
  <wpt lat="35.296840" lon="127.529570">
    <name>노고단 고개</name>
    <ele>1440</ele>
  </wpt>
  <wpt lat="35.295240" lon="127.540870">
    <name>비목</name>
    <ele>1384</ele>
  </wpt>
  <wpt lat="35.296410" lon="127.547410">
    <name>돼지령</name>
  </wpt>
  <wpt lat="35.301016" lon="127.555618">
    <name>갈림길</name>
  </wpt>
  <wpt lat="35.309590" lon="127.569722">
    <name>갈림길</name>
  </wpt>
  <wpt lat="35.309990" lon="127.570360">
    <name>노루목</name>
    <ele>1484</ele>
  </wpt>
  <wpt lat="35.310294" lon="127.575173">
    <name>갈림길</name>
  </wpt>
  <wpt lat="35.308750" lon="127.577460">
    <name>삼도봉</name>
    <ele>1506</ele>
  </wpt>
  <wpt lat="35.309060" lon="127.584160">
    <name>화개재</name>
    <ele>1316</ele>
  </wpt>
  <wpt lat="35.313620" lon="127.595740">
    <name>토끼봉</name>
    <ele>1534</ele>
  </wpt>
  <wpt lat="35.328040" lon="127.612720">
    <name>명선봉</name>
    <ele>1589</ele>
  </wpt>
  <wpt lat="35.327060" lon="127.630650">
    <name>형제봉</name>
    <ele>1405</ele>
  </wpt>
  <wpt lat="35.326185" lon="127.642419">
    <name>벽소령대피소</name>
  </wpt>
  <wpt lat="35.323050" lon="127.661490">
    <name>덕평봉</name>
    <ele>1522</ele>
  </wpt>
  <wpt lat="35.321530" lon="127.675600">
    <name>칠선봉</name>
    <ele>1560</ele>
  </wpt>
  <wpt lat="35.319420" lon="127.688840">
    <name>영신봉</name>
    <ele>1668</ele>
  </wpt>
  <wpt lat="35.318019" lon="127.693424">
    <name>날머리 (세석대피소)</name>
    <ele>1593</ele>
  </wpt>
  <trk>
    <name>화엄사-노고단-세석대피소_20230909_013405</name>
    <trkseg>
      <trkpt lat="35.254682" lon="127.496993"><ele>252.4</ele><time>2023-09-08T16:34:02.000Z</time></trkpt>
      <trkpt lat="35.254720" lon="127.497023"><ele>252.4</ele><time>2023-09-08T16:34:02.000Z</time></trkpt>
      <trkpt lat="35.254757" lon="127.497053"><ele>252.5</ele><time>2023-09-08T16:34:19.000Z</time></trkpt>
      <trkpt lat="35.254791" lon="127.497089"><ele>252.6</ele><time>2023-09-08T16:34:19.000Z</time></trkpt>
      <trkpt lat="35.254821" lon="127.497131"><ele>252.8</ele><time>2023-09-08T16:34:27.000Z</time></trkpt>
      <trkpt lat="35.254860" lon="127.497158"><ele>253.0</ele><time>2023-09-08T16:34:27.000Z</time></trkpt>
      <trkpt lat="35.254903" lon="127.497173"><ele>253.3</ele><time>2023-09-08T16:34:34.000Z</time></trkpt>
      <trkpt lat="35.254948" lon="127.497169"><ele>253.5</ele><time>2023-09-08T16:34:34.000Z</time></trkpt>
      <trkpt lat="35.254992" lon="127.497158"><ele>253.6</ele><time>2023-09-08T16:34:40.000Z</time></trkpt>
      <trkpt lat="35.255036" lon="127.497147"><ele>253.7</ele><time>2023-09-08T16:34:47.000Z</time></trkpt>
      <trkpt lat="35.255081" lon="127.497139"><ele>253.8</ele><time>2023-09-08T16:34:47.000Z</time></trkpt>
      <trkpt lat="35.255126" lon="127.497140"><ele>253.8</ele><time>2023-09-08T16:34:47.000Z</time></trkpt>
      <trkpt lat="35.255171" lon="127.497141"><ele>253.9</ele><time>2023-09-08T16:34:56.000Z</time></trkpt>
      <trkpt lat="35.255215" lon="127.497149"><ele>254.1</ele><time>2023-09-08T16:34:56.000Z</time></trkpt>
      <trkpt lat="35.255259" lon="127.497163"><ele>254.2</ele><time>2023-09-08T16:35:03.000Z</time></trkpt>
      <trkpt lat="35.255290" lon="127.497203"><ele>254.3</ele><time>2023-09-08T16:35:03.000Z</time></trkpt>
      <trkpt lat="35.255309" lon="127.497252"><ele>254.3</ele><time>2023-09-08T16:35:17.000Z</time></trkpt>
      <trkpt lat="35.255326" lon="127.497303"><ele>254.4</ele><time>2023-09-08T16:35:17.000Z</time></trkpt>
      <trkpt lat="35.255337" lon="127.497357"><ele>254.4</ele><time>2023-09-08T16:35:17.000Z</time></trkpt>
      <trkpt lat="35.255325" lon="127.497351"><ele>254.3</ele><time>2023-09-08T16:37:02.000Z</time></trkpt>
      <trkpt lat="35.255298" lon="127.497308"><ele>254.3</ele><time>2023-09-08T16:39:50.000Z</time></trkpt>
      <trkpt lat="35.255264" lon="127.497273"><ele>254.1</ele><time>2023-09-08T16:39:50.000Z</time></trkpt>
      <trkpt lat="35.255229" lon="127.497237"><ele>254.0</ele><time>2023-09-08T16:40:04.000Z</time></trkpt>
      <trkpt lat="35.255191" lon="127.497209"><ele>253.8</ele><time>2023-09-08T16:40:04.000Z</time></trkpt>
      <trkpt lat="35.255148" lon="127.497199"><ele>253.6</ele><time>2023-09-08T16:40:04.000Z</time></trkpt>
      <trkpt lat="35.255104" lon="127.497205"><ele>253.5</ele><time>2023-09-08T16:40:11.000Z</time></trkpt>
      <trkpt lat="35.255062" lon="127.497225"><ele>253.4</ele><time>2023-09-08T16:40:11.000Z</time></trkpt>
      <trkpt lat="35.255031" lon="127.497263"><ele>253.4</ele><time>2023-09-08T16:40:25.000Z</time></trkpt>
      <trkpt lat="35.255028" lon="127.497315"><ele>253.4</ele><time>2023-09-08T16:40:25.000Z</time></trkpt>
      <trkpt lat="35.255044" lon="127.497366"><ele>253.4</ele><time>2023-09-08T16:40:31.000Z</time></trkpt>
      <trkpt lat="35.255063" lon="127.497416"><ele>253.6</ele><time>2023-09-08T16:40:31.000Z</time></trkpt>
      <trkpt lat="35.255081" lon="127.497466"><ele>253.8</ele><time>2023-09-08T16:40:44.000Z</time></trkpt>
      <trkpt lat="35.255098" lon="127.497517"><ele>254.1</ele><time>2023-09-08T16:40:44.000Z</time></trkpt>
      <trkpt lat="35.255112" lon="127.497569"><ele>254.4</ele><time>2023-09-08T16:40:52.000Z</time></trkpt>
      <trkpt lat="35.255120" lon="127.497623"><ele>254.9</ele><time>2023-09-08T16:40:52.000Z</time></trkpt>
      <trkpt lat="35.255126" lon="127.497678"><ele>255.5</ele><time>2023-09-08T16:41:06.000Z</time></trkpt>
      <trkpt lat="35.255138" lon="127.497730"><ele>256.0</ele><time>2023-09-08T16:41:06.000Z</time></trkpt>
      <trkpt lat="35.255156" lon="127.497781"><ele>256.6</ele><time>2023-09-08T16:41:18.000Z</time></trkpt>
      <trkpt lat="35.255178" lon="127.497829"><ele>257.2</ele><time>2023-09-08T16:41:18.000Z</time></trkpt>
      <trkpt lat="35.255205" lon="127.497872"><ele>257.7</ele><time>2023-09-08T16:41:18.000Z</time></trkpt>
      <trkpt lat="35.255238" lon="127.497910"><ele>258.2</ele><time>2023-09-08T16:41:30.000Z</time></trkpt>
      <trkpt lat="35.255274" lon="127.497942"><ele>258.6</ele><time>2023-09-08T16:41:30.000Z</time></trkpt>
      <trkpt lat="35.255310" lon="127.497976"><ele>259.0</ele><time>2023-09-08T16:41:38.000Z</time></trkpt>
      <trkpt lat="35.255343" lon="127.498013"><ele>259.4</ele><time>2023-09-08T16:41:38.000Z</time></trkpt>
      <trkpt lat="35.255376" lon="127.498050"><ele>259.7</ele><time>2023-09-08T16:41:47.000Z</time></trkpt>
      <trkpt lat="35.255411" lon="127.498086"><ele>260.1</ele><time>2023-09-08T16:41:47.000Z</time></trkpt>
      <trkpt lat="35.255449" lon="127.498116"><ele>260.4</ele><time>2023-09-08T16:41:54.000Z</time></trkpt>
      <trkpt lat="35.255490" lon="127.498137"><ele>260.8</ele><time>2023-09-08T16:41:54.000Z</time></trkpt>
      <trkpt lat="35.255531" lon="127.498159"><ele>261.2</ele><time>2023-09-08T16:42:39.000Z</time></trkpt>
      <trkpt lat="35.255568" lon="127.498190"><ele>261.7</ele><time>2023-09-08T16:42:39.000Z</time></trkpt>
      <trkpt lat="35.255600" lon="127.498228"><ele>262.3</ele><time>2023-09-08T16:42:48.000Z</time></trkpt>
      <trkpt lat="35.255631" lon="127.498269"><ele>262.9</ele><time>2023-09-08T16:42:48.000Z</time></trkpt>
      <trkpt lat="35.255661" lon="127.498310"><ele>263.5</ele><time>2023-09-08T16:42:56.000Z</time></trkpt>
      <trkpt lat="35.255691" lon="127.498351"><ele>264.2</ele><time>2023-09-08T16:42:56.000Z</time></trkpt>
      <trkpt lat="35.255721" lon="127.498392"><ele>264.9</ele><time>2023-09-08T16:42:56.000Z</time></trkpt>
      <trkpt lat="35.255749" lon="127.498434"><ele>265.6</ele><time>2023-09-08T16:43:08.000Z</time></trkpt>
      <trkpt lat="35.255771" lon="127.498482"><ele>266.3</ele><time>2023-09-08T16:43:08.000Z</time></trkpt>
      <trkpt lat="35.255790" lon="127.498532"><ele>266.9</ele><time>2023-09-08T16:43:21.000Z</time></trkpt>
      <trkpt lat="35.255811" lon="127.498581"><ele>267.5</ele><time>2023-09-08T16:43:21.000Z</time></trkpt>
      <trkpt lat="35.255840" lon="127.498623"><ele>267.9</ele><time>2023-09-08T16:43:30.000Z</time></trkpt>
      <trkpt lat="35.255876" lon="127.498655"><ele>268.3</ele><time>2023-09-08T16:43:30.000Z</time></trkpt>
      <trkpt lat="35.255917" lon="127.498679"><ele>268.6</ele><time>2023-09-08T16:43:36.000Z</time></trkpt>
      <trkpt lat="35.255959" lon="127.498699"><ele>268.8</ele><time>2023-09-08T16:43:36.000Z</time></trkpt>
      <trkpt lat="35.256001" lon="127.498719"><ele>269.0</ele><time>2023-09-08T16:43:49.000Z</time></trkpt>
      <trkpt lat="35.256043" lon="127.498737"><ele>269.1</ele><time>2023-09-08T16:43:49.000Z</time></trkpt>
      <trkpt lat="35.256086" lon="127.498753"><ele>269.2</ele><time>2023-09-08T16:43:58.000Z</time></trkpt>
      <trkpt lat="35.256130" lon="127.498767"><ele>269.2</ele><time>2023-09-08T16:43:58.000Z</time></trkpt>
      <trkpt lat="35.256173" lon="127.498782"><ele>269.1</ele><time>2023-09-08T16:44:06.000Z</time></trkpt>
      <trkpt lat="35.256216" lon="127.498795"><ele>269.1</ele><time>2023-09-08T16:44:06.000Z</time></trkpt>
      <trkpt lat="35.256261" lon="127.498806"><ele>269.0</ele><time>2023-09-08T16:44:15.000Z</time></trkpt>
      <trkpt lat="35.256305" lon="127.498814"><ele>268.9</ele><time>2023-09-08T16:44:15.000Z</time></trkpt>
      <trkpt lat="35.256350" lon="127.498821"><ele>268.8</ele><time>2023-09-08T16:44:15.000Z</time></trkpt>
      <trkpt lat="35.256394" lon="127.498826"><ele>268.7</ele><time>2023-09-08T16:44:25.000Z</time></trkpt>
      <trkpt lat="35.256439" lon="127.498830"><ele>268.7</ele><time>2023-09-08T16:44:25.000Z</time></trkpt>
      <trkpt lat="35.256484" lon="127.498833"><ele>268.8</ele><time>2023-09-08T16:44:31.000Z</time></trkpt>
      <trkpt lat="35.256529" lon="127.498836"><ele>268.9</ele><time>2023-09-08T16:44:31.000Z</time></trkpt>
      <trkpt lat="35.256574" lon="127.498843"><ele>269.1</ele><time>2023-09-08T16:44:39.000Z</time></trkpt>
      <trkpt lat="35.256618" lon="127.498852"><ele>269.3</ele><time>2023-09-08T16:44:39.000Z</time></trkpt>
      <trkpt lat="35.256661" lon="127.498867"><ele>269.7</ele><time>2023-09-08T16:44:52.000Z</time></trkpt>
      <trkpt lat="35.256704" lon="127.498883"><ele>270.1</ele><time>2023-09-08T16:44:52.000Z</time></trkpt>
      <trkpt lat="35.256747" lon="127.498902"><ele>270.5</ele><time>2023-09-08T16:44:59.000Z</time></trkpt>
      <trkpt lat="35.256789" lon="127.498921"><ele>271.1</ele><time>2023-09-08T16:44:59.000Z</time></trkpt>
      <trkpt lat="35.256831" lon="127.498941"><ele>271.6</ele><time>2023-09-08T16:45:12.000Z</time></trkpt>
      <trkpt lat="35.256871" lon="127.498965"><ele>272.2</ele><time>2023-09-08T16:45:12.000Z</time></trkpt>
      <trkpt lat="35.256910" lon="127.498992"><ele>272.7</ele><time>2023-09-08T16:45:12.000Z</time></trkpt>
      <trkpt lat="35.256949" lon="127.499020"><ele>273.2</ele><time>2023-09-08T16:45:19.000Z</time></trkpt>
      <trkpt lat="35.256990" lon="127.499042"><ele>273.8</ele><time>2023-09-08T16:45:19.000Z</time></trkpt>
      <trkpt lat="35.257034" lon="127.499054"><ele>274.3</ele><time>2023-09-08T16:45:33.000Z</time></trkpt>
      <trkpt lat="35.257079" lon="127.499057"><ele>274.9</ele><time>2023-09-08T16:45:33.000Z</time></trkpt>
      <trkpt lat="35.257123" lon="127.499050"><ele>275.6</ele><time>2023-09-08T16:45:40.000Z</time></trkpt>
      <trkpt lat="35.257168" lon="127.499041"><ele>276.2</ele><time>2023-09-08T16:45:40.000Z</time></trkpt>
      <trkpt lat="35.257212" lon="127.499039"><ele>276.9</ele><time>2023-09-08T16:45:53.000Z</time></trkpt>
      <trkpt lat="35.257257" lon="127.499044"><ele>277.5</ele><time>2023-09-08T16:45:53.000Z</time></trkpt>
      <trkpt lat="35.257301" lon="127.499056"><ele>278.1</ele><time>2023-09-08T16:46:01.000Z</time></trkpt>
      <trkpt lat="35.257345" lon="127.499070"><ele>278.7</ele><time>2023-09-08T16:46:01.000Z</time></trkpt>
      <trkpt lat="35.257388" lon="127.499083"><ele>279.3</ele><time>2023-09-08T16:46:14.000Z</time></trkpt>
      <trkpt lat="35.257432" lon="127.499097"><ele>279.9</ele><time>2023-09-08T16:46:14.000Z</time></trkpt>
      <trkpt lat="35.257475" lon="127.499113"><ele>280.5</ele><time>2023-09-08T16:46:14.000Z</time></trkpt>
      <trkpt lat="35.257517" lon="127.499133"><ele>281.1</ele><time>2023-09-08T16:46:20.000Z</time></trkpt>
      <trkpt lat="35.257558" lon="127.499155"><ele>281.6</ele><time>2023-09-08T16:46:20.000Z</time></trkpt>
      <trkpt lat="35.257600" lon="127.499175"><ele>282.2</ele><time>2023-09-08T16:46:34.000Z</time></trkpt>
      <trkpt lat="35.257644" lon="127.499185"><ele>282.8</ele><time>2023-09-08T16:46:34.000Z</time></trkpt>
      <trkpt lat="35.257689" lon="127.499186"><ele>283.3</ele><time>2023-09-08T16:46:42.000Z</time></trkpt>
      <trkpt lat="35.257733" lon="127.499180"><ele>283.8</ele><time>2023-09-08T16:46:42.000Z</time></trkpt>
      <trkpt lat="35.257778" lon="127.499172"><ele>284.2</ele><time>2023-09-08T16:46:54.000Z</time></trkpt>
      <trkpt lat="35.257823" lon="127.499166"><ele>284.6</ele><time>2023-09-08T16:46:54.000Z</time></trkpt>
      <trkpt lat="35.257868" lon="127.499164"><ele>285.0</ele><time>2023-09-08T16:47:01.000Z</time></trkpt>
      <trkpt lat="35.257912" lon="127.499167"><ele>285.4</ele><time>2023-09-08T16:47:01.000Z</time></trkpt>
      <trkpt lat="35.257957" lon="127.499173"><ele>285.8</ele><time>2023-09-08T16:47:15.000Z</time></trkpt>
      <trkpt lat="35.258002" lon="127.499178"><ele>286.3</ele><time>2023-09-08T16:47:15.000Z</time></trkpt>
      <trkpt lat="35.258047" lon="127.499182"><ele>286.8</ele><time>2023-09-08T16:47:22.000Z</time></trkpt>
      <trkpt lat="35.258092" lon="127.499183"><ele>287.2</ele><time>2023-09-08T16:47:22.000Z</time></trkpt>
      <trkpt lat="35.258137" lon="127.499183"><ele>287.6</ele><time>2023-09-08T16:47:35.000Z</time></trkpt>
      <trkpt lat="35.258181" lon="127.499178"><ele>288.0</ele><time>2023-09-08T16:47:35.000Z</time></trkpt>
      <trkpt lat="35.258226" lon="127.499169"><ele>288.3</ele><time>2023-09-08T16:47:35.000Z</time></trkpt>
      <trkpt lat="35.258270" lon="127.499162"><ele>288.5</ele><time>2023-09-08T16:47:42.000Z</time></trkpt>
      <trkpt lat="35.258315" lon="127.499158"><ele>288.7</ele><time>2023-09-08T16:47:42.000Z</time></trkpt>
      <trkpt lat="35.258360" lon="127.499162"><ele>288.9</ele><time>2023-09-08T16:47:57.000Z</time></trkpt>
      <trkpt lat="35.258404" lon="127.499172"><ele>289.0</ele><time>2023-09-08T16:47:57.000Z</time></trkpt>
      <trkpt lat="35.258447" lon="127.499187"><ele>289.1</ele><time>2023-09-08T16:47:57.000Z</time></trkpt>
      <trkpt lat="35.258490" lon="127.499205"><ele>289.2</ele><time>2023-09-08T16:48:03.000Z</time></trkpt>
      <trkpt lat="35.258532" lon="127.499223"><ele>289.3</ele><time>2023-09-08T16:48:03.000Z</time></trkpt>
      <trkpt lat="35.258575" lon="127.499240"><ele>289.4</ele><time>2023-09-08T16:48:17.000Z</time></trkpt>
      <trkpt lat="35.258618" lon="127.499257"><ele>289.6</ele><time>2023-09-08T16:48:17.000Z</time></trkpt>
      <trkpt lat="35.258661" lon="127.499273"><ele>289.8</ele><time>2023-09-08T16:48:17.000Z</time></trkpt>
      <trkpt lat="35.258704" lon="127.499290"><ele>290.1</ele><time>2023-09-08T16:48:24.000Z</time></trkpt>
      <trkpt lat="35.258746" lon="127.499310"><ele>290.6</ele><time>2023-09-08T16:48:24.000Z</time></trkpt>
      <trkpt lat="35.258786" lon="127.499334"><ele>291.1</ele><time>2023-09-08T16:48:38.000Z</time></trkpt>
      <trkpt lat="35.258826" lon="127.499359"><ele>291.6</ele><time>2023-09-08T16:48:38.000Z</time></trkpt>
      <trkpt lat="35.258864" lon="127.499389"><ele>292.2</ele><time>2023-09-08T16:48:45.000Z</time></trkpt>
      <trkpt lat="35.258900" lon="127.499422"><ele>292.9</ele><time>2023-09-08T16:48:45.000Z</time></trkpt>
      <trkpt lat="35.258935" lon="127.499457"><ele>293.5</ele><time>2023-09-08T16:48:59.000Z</time></trkpt>
      <trkpt lat="35.258970" lon="127.499492"><ele>294.2</ele><time>2023-09-08T16:48:59.000Z</time></trkpt>
      <trkpt lat="35.259003" lon="127.499529"><ele>294.8</ele><time>2023-09-08T16:49:10.000Z</time></trkpt>
      <trkpt lat="35.259036" lon="127.499565"><ele>295.5</ele><time>2023-09-08T16:49:19.000Z</time></trkpt>
      <trkpt lat="35.259072" lon="127.499600"><ele>296.1</ele><time>2023-09-08T16:49:19.000Z</time></trkpt>
      <trkpt lat="35.259108" lon="127.499631"><ele>296.6</ele><time>2023-09-08T16:49:26.000Z</time></trkpt>
      <trkpt lat="35.259147" lon="127.499659"><ele>297.2</ele><time>2023-09-08T16:49:26.000Z</time></trkpt>
      <trkpt lat="35.259187" lon="127.499684"><ele>297.7</ele><time>2023-09-08T16:49:39.000Z</time></trkpt>
      <trkpt lat="35.259228" lon="127.499708"><ele>298.2</ele><time>2023-09-08T16:49:39.000Z</time></trkpt>
      <trkpt lat="35.259266" lon="127.499737"><ele>298.7</ele><time>2023-09-08T16:49:47.000Z</time></trkpt>
      <trkpt lat="35.259300" lon="127.499773"><ele>299.2</ele><time>2023-09-08T16:49:59.000Z</time></trkpt>
      <trkpt lat="35.259332" lon="127.499812"><ele>299.7</ele><time>2023-09-08T16:49:59.000Z</time></trkpt>
      <trkpt lat="35.259364" lon="127.499850"><ele>300.2</ele><time>2023-09-08T16:50:07.000Z</time></trkpt>
      <trkpt lat="35.259397" lon="127.499888"><ele>300.7</ele><time>2023-09-08T16:50:07.000Z</time></trkpt>
      <trkpt lat="35.259430" lon="127.499925"><ele>301.3</ele><time>2023-09-08T16:50:07.000Z</time></trkpt>
      <trkpt lat="35.259461" lon="127.499965"><ele>302.1</ele><time>2023-09-08T16:50:21.000Z</time></trkpt>
      <trkpt lat="35.259490" lon="127.500007"><ele>302.9</ele><time>2023-09-08T16:50:21.000Z</time></trkpt>
      <trkpt lat="35.259516" lon="127.500052"><ele>303.7</ele><time>2023-09-08T16:50:27.000Z</time></trkpt>
      <trkpt lat="35.259541" lon="127.500098"><ele>304.6</ele><time>2023-09-08T16:50:45.000Z</time></trkpt>
      <trkpt lat="35.259564" lon="127.500145"><ele>305.4</ele><time>2023-09-08T16:50:45.000Z</time></trkpt>
      <trkpt lat="35.259584" lon="127.500194"><ele>306.2</ele><time>2023-09-08T16:50:45.000Z</time></trkpt>
      <trkpt lat="35.259604" lon="127.500244"><ele>307.0</ele><time>2023-09-08T16:51:02.000Z</time></trkpt>
      <trkpt lat="35.259625" lon="127.500292"><ele>307.8</ele><time>2023-09-08T16:51:02.000Z</time></trkpt>
      <trkpt lat="35.259650" lon="127.500338"><ele>308.4</ele><time>2023-09-08T16:51:14.000Z</time></trkpt>
      <trkpt lat="35.259677" lon="127.500382"><ele>309.0</ele><time>2023-09-08T16:51:22.000Z</time></trkpt>
      <trkpt lat="35.259704" lon="127.500426"><ele>309.5</ele><time>2023-09-08T16:51:22.000Z</time></trkpt>
      <trkpt lat="35.259730" lon="127.500471"><ele>309.9</ele><time>2023-09-08T16:51:29.000Z</time></trkpt>
      <trkpt lat="35.259753" lon="127.500518"><ele>310.3</ele><time>2023-09-08T16:51:29.000Z</time></trkpt>
      <trkpt lat="35.259775" lon="127.500566"><ele>310.6</ele><time>2023-09-08T16:51:42.000Z</time></trkpt>
      <trkpt lat="35.259798" lon="127.500614"><ele>311.0</ele><time>2023-09-08T16:51:42.000Z</time></trkpt>
      <trkpt lat="35.259823" lon="127.500660"><ele>311.4</ele><time>2023-09-08T16:51:50.000Z</time></trkpt>
      <trkpt lat="35.259851" lon="127.500702"><ele>311.9</ele><time>2023-09-08T16:51:50.000Z</time></trkpt>
      <trkpt lat="35.259883" lon="127.500742"><ele>312.4</ele><time>2023-09-08T16:52:03.000Z</time></trkpt>
      <trkpt lat="35.259915" lon="127.500780"><ele>312.9</ele><time>2023-09-08T16:52:03.000Z</time></trkpt>
      <trkpt lat="35.259947" lon="127.500819"><ele>313.5</ele><time>2023-09-08T16:52:11.000Z</time></trkpt>
      <trkpt lat="35.259977" lon="127.500859"><ele>314.1</ele><time>2023-09-08T16:52:11.000Z</time></trkpt>
      <trkpt lat="35.260007" lon="127.500901"><ele>314.8</ele><time>2023-09-08T16:52:27.000Z</time></trkpt>
      <trkpt lat="35.260037" lon="127.500942"><ele>315.5</ele><time>2023-09-08T16:52:27.000Z</time></trkpt>
      <trkpt lat="35.260071" lon="127.500978"><ele>316.2</ele><time>2023-09-08T16:52:38.000Z</time></trkpt>
      <trkpt lat="35.260109" lon="127.501008"><ele>317.0</ele><time>2023-09-08T16:52:38.000Z</time></trkpt>
      <trkpt lat="35.260149" lon="127.501031"><ele>317.7</ele><time>2023-09-08T16:52:49.000Z</time></trkpt>
      <trkpt lat="35.260192" lon="127.501050"><ele>318.3</ele><time>2023-09-08T16:53:00.000Z</time></trkpt>
      <trkpt lat="35.260234" lon="127.501069"><ele>318.9</ele><time>2023-09-08T16:53:00.000Z</time></trkpt>
      <trkpt lat="35.260275" lon="127.501091"><ele>319.4</ele><time>2023-09-08T16:53:11.000Z</time></trkpt>
      <trkpt lat="35.260316" lon="127.501115"><ele>319.9</ele><time>2023-09-08T16:53:11.000Z</time></trkpt>
      <trkpt lat="35.260355" lon="127.501140"><ele>320.5</ele><time>2023-09-08T16:53:11.000Z</time></trkpt>
      <trkpt lat="35.260394" lon="127.501168"><ele>321.0</ele><time>2023-09-08T16:53:26.000Z</time></trkpt>
      <trkpt lat="35.260433" lon="127.501196"><ele>321.4</ele><time>2023-09-08T16:53:26.000Z</time></trkpt>
      <trkpt lat="35.260474" lon="127.501218"><ele>321.9</ele><time>2023-09-08T16:53:33.000Z</time></trkpt>
      <trkpt lat="35.260517" lon="127.501236"><ele>322.3</ele><time>2023-09-08T16:53:45.000Z</time></trkpt>
      <trkpt lat="35.260560" lon="127.501250"><ele>322.7</ele><time>2023-09-08T16:53:45.000Z</time></trkpt>
      <trkpt lat="35.260604" lon="127.501263"><ele>323.1</ele><time>2023-09-08T16:53:52.000Z</time></trkpt>
      <trkpt lat="35.260648" lon="127.501274"><ele>323.4</ele><time>2023-09-08T16:53:52.000Z</time></trkpt>
      <trkpt lat="35.260692" lon="127.501285"><ele>323.7</ele><time>2023-09-08T16:53:52.000Z</time></trkpt>
      <trkpt lat="35.260736" lon="127.501298"><ele>324.0</ele><time>2023-09-08T16:54:07.000Z</time></trkpt>
      <trkpt lat="35.260779" lon="127.501314"><ele>324.4</ele><time>2023-09-08T16:54:07.000Z</time></trkpt>
      <trkpt lat="35.260821" lon="127.501332"><ele>324.8</ele><time>2023-09-08T16:54:18.000Z</time></trkpt>
      <trkpt lat="35.260864" lon="127.501350"><ele>325.2</ele><time>2023-09-08T16:54:18.000Z</time></trkpt>
      <trkpt lat="35.260907" lon="127.501366"><ele>325.6</ele><time>2023-09-08T16:54:27.000Z</time></trkpt>
      <trkpt lat="35.260950" lon="127.501379"><ele>326.1</ele><time>2023-09-08T16:54:27.000Z</time></trkpt>
      <trkpt lat="35.260994" lon="127.501392"><ele>326.7</ele><time>2023-09-08T16:54:35.000Z</time></trkpt>
      <trkpt lat="35.261038" lon="127.501406"><ele>327.3</ele><time>2023-09-08T16:54:35.000Z</time></trkpt>
      <trkpt lat="35.261081" lon="127.501422"><ele>328.0</ele><time>2023-09-08T16:54:47.000Z</time></trkpt>
      <trkpt lat="35.261123" lon="127.501439"><ele>328.7</ele><time>2023-09-08T16:54:47.000Z</time></trkpt>
      <trkpt lat="35.261165" lon="127.501461"><ele>329.5</ele><time>2023-09-08T16:54:55.000Z</time></trkpt>
      <trkpt lat="35.261204" lon="127.501488"><ele>330.3</ele><time>2023-09-08T16:54:55.000Z</time></trkpt>
      <trkpt lat="35.261240" lon="127.501521"><ele>331.1</ele><time>2023-09-08T16:55:13.000Z</time></trkpt>
      <trkpt lat="35.261274" lon="127.501557"><ele>331.9</ele><time>2023-09-08T16:55:13.000Z</time></trkpt>
      <trkpt lat="35.261311" lon="127.501588"><ele>332.7</ele><time>2023-09-08T16:55:24.000Z</time></trkpt>
      <trkpt lat="35.261355" lon="127.501602"><ele>333.4</ele><time>2023-09-08T16:55:24.000Z</time></trkpt>
      <trkpt lat="35.261399" lon="127.501599"><ele>333.9</ele><time>2023-09-08T16:55:35.000Z</time></trkpt>
      <trkpt lat="35.261443" lon="127.501587"><ele>334.4</ele><time>2023-09-08T16:55:49.000Z</time></trkpt>
      <trkpt lat="35.261487" lon="127.501573"><ele>334.7</ele><time>2023-09-08T16:55:49.000Z</time></trkpt>
      <trkpt lat="35.261530" lon="127.501558"><ele>334.9</ele><time>2023-09-08T16:55:56.000Z</time></trkpt>
      <trkpt lat="35.261574" lon="127.501544"><ele>335.0</ele><time>2023-09-08T16:55:56.000Z</time></trkpt>
      <trkpt lat="35.261617" lon="127.501529"><ele>335.2</ele><time>2023-09-08T16:56:09.000Z</time></trkpt>
      <trkpt lat="35.261660" lon="127.501513"><ele>335.3</ele><time>2023-09-08T16:56:09.000Z</time></trkpt>
      <trkpt lat="35.261702" lon="127.501494"><ele>335.4</ele><time>2023-09-08T16:56:09.000Z</time></trkpt>
      <trkpt lat="35.261745" lon="127.501477"><ele>335.5</ele><time>2023-09-08T16:56:16.000Z</time></trkpt>
      <trkpt lat="35.261788" lon="127.501461"><ele>335.6</ele><time>2023-09-08T16:56:16.000Z</time></trkpt>
      <trkpt lat="35.261831" lon="127.501445"><ele>335.8</ele><time>2023-09-08T16:56:31.000Z</time></trkpt>
      <trkpt lat="35.261874" lon="127.501431"><ele>336.0</ele><time>2023-09-08T16:56:31.000Z</time></trkpt>
      <trkpt lat="35.261918" lon="127.501416"><ele>336.2</ele><time>2023-09-08T16:56:38.000Z</time></trkpt>
      <trkpt lat="35.261961" lon="127.501400"><ele>336.4</ele><time>2023-09-08T16:56:38.000Z</time></trkpt>
      <trkpt lat="35.262004" lon="127.501385"><ele>336.6</ele><time>2023-09-08T16:56:51.000Z</time></trkpt>
      <trkpt lat="35.262047" lon="127.501372"><ele>336.9</ele><time>2023-09-08T16:56:51.000Z</time></trkpt>
      <trkpt lat="35.262091" lon="127.501358"><ele>337.2</ele><time>2023-09-08T16:56:51.000Z</time></trkpt>
      <trkpt lat="35.262135" lon="127.501346"><ele>337.5</ele><time>2023-09-08T16:56:58.000Z</time></trkpt>
      <trkpt lat="35.262179" lon="127.501336"><ele>337.9</ele><time>2023-09-08T16:56:58.000Z</time></trkpt>
      <trkpt lat="35.262224" lon="127.501327"><ele>338.3</ele><time>2023-09-08T16:57:11.000Z</time></trkpt>
      <trkpt lat="35.262268" lon="127.501320"><ele>338.8</ele><time>2023-09-08T16:57:11.000Z</time></trkpt>
      <trkpt lat="35.262313" lon="127.501316"><ele>339.3</ele><time>2023-09-08T16:57:19.000Z</time></trkpt>
      <trkpt lat="35.262358" lon="127.501317"><ele>339.8</ele><time>2023-09-08T16:57:19.000Z</time></trkpt>
      <trkpt lat="35.262402" lon="127.501327"><ele>340.3</ele><time>2023-09-08T16:57:32.000Z</time></trkpt>
      <trkpt lat="35.262445" lon="127.501344"><ele>340.9</ele><time>2023-09-08T16:57:32.000Z</time></trkpt>
      <trkpt lat="35.262487" lon="127.501365"><ele>341.5</ele><time>2023-09-08T16:57:40.000Z</time></trkpt>
      <trkpt lat="35.262528" lon="127.501386"><ele>342.2</ele><time>2023-09-08T16:57:40.000Z</time></trkpt>
      <trkpt lat="35.262568" lon="127.501411"><ele>342.8</ele><time>2023-09-08T16:57:53.000Z</time></trkpt>
      <trkpt lat="35.262608" lon="127.501436"><ele>343.5</ele><time>2023-09-08T16:57:53.000Z</time></trkpt>
      <trkpt lat="35.262648" lon="127.501463"><ele>344.1</ele><time>2023-09-08T16:58:00.000Z</time></trkpt>
      <trkpt lat="35.262687" lon="127.501488"><ele>344.7</ele><time>2023-09-08T16:58:00.000Z</time></trkpt>
      <trkpt lat="35.262727" lon="127.501514"><ele>345.4</ele><time>2023-09-08T16:58:12.000Z</time></trkpt>
      <trkpt lat="35.262765" lon="127.501543"><ele>346.0</ele><time>2023-09-08T16:58:12.000Z</time></trkpt>
      <trkpt lat="35.262803" lon="127.501574"><ele>346.7</ele><time>2023-09-08T16:58:21.000Z</time></trkpt>
      <trkpt lat="35.262840" lon="127.501604"><ele>347.4</ele><time>2023-09-08T16:58:21.000Z</time></trkpt>
      <trkpt lat="35.262880" lon="127.501629"><ele>348.1</ele><time>2023-09-08T16:58:34.000Z</time></trkpt>
      <trkpt lat="35.262922" lon="127.501651"><ele>348.9</ele><time>2023-09-08T16:58:45.000Z</time></trkpt>
      <trkpt lat="35.262963" lon="127.501672"><ele>349.6</ele><time>2023-09-08T16:58:45.000Z</time></trkpt>
      <trkpt lat="35.263002" lon="127.501701"><ele>350.4</ele><time>2023-09-08T16:58:58.000Z</time></trkpt>
      <trkpt lat="35.263036" lon="127.501737"><ele>351.1</ele><time>2023-09-08T16:58:58.000Z</time></trkpt>
      <trkpt lat="35.263067" lon="127.501776"><ele>351.7</ele><time>2023-09-08T16:59:10.000Z</time></trkpt>
      <trkpt lat="35.263098" lon="127.501815"><ele>352.3</ele><time>2023-09-08T16:59:10.000Z</time></trkpt>
      <trkpt lat="35.263131" lon="127.501853"><ele>352.9</ele><time>2023-09-08T16:59:23.000Z</time></trkpt>
      <trkpt lat="35.263166" lon="127.501888"><ele>353.5</ele><time>2023-09-08T16:59:23.000Z</time></trkpt>
      <trkpt lat="35.263204" lon="127.501918"><ele>354.0</ele><time>2023-09-08T16:59:36.000Z</time></trkpt>
      <trkpt lat="35.263245" lon="127.501939"><ele>354.5</ele><time>2023-09-08T16:59:36.000Z</time></trkpt>
      <trkpt lat="35.263288" lon="127.501955"><ele>355.0</ele><time>2023-09-08T16:59:43.000Z</time></trkpt>
      <trkpt lat="35.263330" lon="127.501975"><ele>355.5</ele><time>2023-09-08T16:59:43.000Z</time></trkpt>
      <trkpt lat="35.263370" lon="127.502002"><ele>356.0</ele><time>2023-09-08T16:59:56.000Z</time></trkpt>
      <trkpt lat="35.263407" lon="127.502032"><ele>356.5</ele><time>2023-09-08T17:00:03.000Z</time></trkpt>
      <trkpt lat="35.263445" lon="127.502063"><ele>356.9</ele><time>2023-09-08T17:00:03.000Z</time></trkpt>
      <trkpt lat="35.263482" lon="127.502093"><ele>357.4</ele><time>2023-09-08T17:00:17.000Z</time></trkpt>
      <trkpt lat="35.263519" lon="127.502124"><ele>357.8</ele><time>2023-09-08T17:00:17.000Z</time></trkpt>
      <trkpt lat="35.263554" lon="127.502158"><ele>358.3</ele><time>2023-09-08T17:00:24.000Z</time></trkpt>
      <trkpt lat="35.263589" lon="127.502193"><ele>358.7</ele><time>2023-09-08T17:00:24.000Z</time></trkpt>
      <trkpt lat="35.263627" lon="127.502223"><ele>359.1</ele><time>2023-09-08T17:00:37.000Z</time></trkpt>
      <trkpt lat="35.263668" lon="127.502246"><ele>359.6</ele><time>2023-09-08T17:00:37.000Z</time></trkpt>
      <trkpt lat="35.263710" lon="127.502264"><ele>360.0</ele><time>2023-09-08T17:00:44.000Z</time></trkpt>
      <trkpt lat="35.263754" lon="127.502275"><ele>360.5</ele><time>2023-09-08T17:00:44.000Z</time></trkpt>
      <trkpt lat="35.263799" lon="127.502282"><ele>360.9</ele><time>2023-09-08T17:00:58.000Z</time></trkpt>
      <trkpt lat="35.263844" lon="127.502286"><ele>361.4</ele><time>2023-09-08T17:00:58.000Z</time></trkpt>
      <trkpt lat="35.263889" lon="127.502289"><ele>361.9</ele><time>2023-09-08T17:01:10.000Z</time></trkpt>
      <trkpt lat="35.263933" lon="127.502294"><ele>362.4</ele><time>2023-09-08T17:01:10.000Z</time></trkpt>
      <trkpt lat="35.263978" lon="127.502305"><ele>363.0</ele><time>2023-09-08T17:01:18.000Z</time></trkpt>
      <trkpt lat="35.264021" lon="127.502321"><ele>363.6</ele><time>2023-09-08T17:01:25.000Z</time></trkpt>
      <trkpt lat="35.264062" lon="127.502343"><ele>364.2</ele><time>2023-09-08T17:01:25.000Z</time></trkpt>
      <trkpt lat="35.264102" lon="127.502368"><ele>364.8</ele><time>2023-09-08T17:01:25.000Z</time></trkpt>
      <trkpt lat="35.264142" lon="127.502393"><ele>365.5</ele><time>2023-09-08T17:01:39.000Z</time></trkpt>
      <trkpt lat="35.264183" lon="127.502416"><ele>366.1</ele><time>2023-09-08T17:01:46.000Z</time></trkpt>
      <trkpt lat="35.264224" lon="127.502437"><ele>366.7</ele><time>2023-09-08T17:01:46.000Z</time></trkpt>
      <trkpt lat="35.264266" lon="127.502459"><ele>367.3</ele><time>2023-09-08T17:02:00.000Z</time></trkpt>
      <trkpt lat="35.264307" lon="127.502480"><ele>367.9</ele><time>2023-09-08T17:02:00.000Z</time></trkpt>
      <trkpt lat="35.264350" lon="127.502498"><ele>368.5</ele><time>2023-09-08T17:02:07.000Z</time></trkpt>
      <trkpt lat="35.264392" lon="127.502515"><ele>369.2</ele><time>2023-09-08T17:02:07.000Z</time></trkpt>
      <trkpt lat="35.264434" lon="127.502537"><ele>369.8</ele><time>2023-09-08T17:02:20.000Z</time></trkpt>
      <trkpt lat="35.264474" lon="127.502561"><ele>370.5</ele><time>2023-09-08T17:02:20.000Z</time></trkpt>
      <trkpt lat="35.264514" lon="127.502586"><ele>371.2</ele><time>2023-09-08T17:02:27.000Z</time></trkpt>
      <trkpt lat="35.264553" lon="127.502615"><ele>371.9</ele><time>2023-09-08T17:02:27.000Z</time></trkpt>
      <trkpt lat="35.264589" lon="127.502646"><ele>372.5</ele><time>2023-09-08T17:02:41.000Z</time></trkpt>
      <trkpt lat="35.264627" lon="127.502677"><ele>373.2</ele><time>2023-09-08T17:02:41.000Z</time></trkpt>
      <trkpt lat="35.264667" lon="127.502702"><ele>373.9</ele><time>2023-09-08T17:02:48.000Z</time></trkpt>
      <trkpt lat="35.264709" lon="127.502721"><ele>374.6</ele><time>2023-09-08T17:02:48.000Z</time></trkpt>
      <trkpt lat="35.264752" lon="127.502737"><ele>375.3</ele><time>2023-09-08T17:03:05.000Z</time></trkpt>
      <trkpt lat="35.264794" lon="127.502757"><ele>376.0</ele><time>2023-09-08T17:03:05.000Z</time></trkpt>
      <trkpt lat="35.264834" lon="127.502782"><ele>376.7</ele><time>2023-09-08T17:03:16.000Z</time></trkpt>
      <trkpt lat="35.264873" lon="127.502810"><ele>377.4</ele><time>2023-09-08T17:03:16.000Z</time></trkpt>
      <trkpt lat="35.264913" lon="127.502835"><ele>378.1</ele><time>2023-09-08T17:03:26.000Z</time></trkpt>
      <trkpt lat="35.264953" lon="127.502860"><ele>378.9</ele><time>2023-09-08T17:03:26.000Z</time></trkpt>
      <trkpt lat="35.264994" lon="127.502882"><ele>379.6</ele><time>2023-09-08T17:03:34.000Z</time></trkpt>
      <trkpt lat="35.265035" lon="127.502903"><ele>380.3</ele><time>2023-09-08T17:03:45.000Z</time></trkpt>
      <trkpt lat="35.265077" lon="127.502925"><ele>381.0</ele><time>2023-09-08T17:03:45.000Z</time></trkpt>
      <trkpt lat="35.265117" lon="127.502950"><ele>381.7</ele><time>2023-09-08T17:03:55.000Z</time></trkpt>
      <trkpt lat="35.265157" lon="127.502976"><ele>382.4</ele><time>2023-09-08T17:03:55.000Z</time></trkpt>
      <trkpt lat="35.265196" lon="127.503003"><ele>383.1</ele><time>2023-09-08T17:04:07.000Z</time></trkpt>
      <trkpt lat="35.265234" lon="127.503033"><ele>383.8</ele><time>2023-09-08T17:04:07.000Z</time></trkpt>
      <trkpt lat="35.265271" lon="127.503064"><ele>384.5</ele><time>2023-09-08T17:04:17.000Z</time></trkpt>
      <trkpt lat="35.265305" lon="127.503100"><ele>385.2</ele><time>2023-09-08T17:04:17.000Z</time></trkpt>
      <trkpt lat="35.265337" lon="127.503138"><ele>386.0</ele><time>2023-09-08T17:04:27.000Z</time></trkpt>
      <trkpt lat="35.265369" lon="127.503177"><ele>386.8</ele><time>2023-09-08T17:04:27.000Z</time></trkpt>
      <trkpt lat="35.265402" lon="127.503214"><ele>387.5</ele><time>2023-09-08T17:04:39.000Z</time></trkpt>
      <trkpt lat="35.265437" lon="127.503249"><ele>388.3</ele><time>2023-09-08T17:04:39.000Z</time></trkpt>
      <trkpt lat="35.265472" lon="127.503283"><ele>389.1</ele><time>2023-09-08T17:04:39.000Z</time></trkpt>
      <trkpt lat="35.265506" lon="127.503319"><ele>390.0</ele><time>2023-09-08T17:04:51.000Z</time></trkpt>
      <trkpt lat="35.265539" lon="127.503357"><ele>390.8</ele><time>2023-09-08T17:04:51.000Z</time></trkpt>
      <trkpt lat="35.265571" lon="127.503396"><ele>391.6</ele><time>2023-09-08T17:05:05.000Z</time></trkpt>
      <trkpt lat="35.265606" lon="127.503430"><ele>392.5</ele><time>2023-09-08T17:05:12.000Z</time></trkpt>
      <trkpt lat="35.265644" lon="127.503459"><ele>393.4</ele><time>2023-09-08T17:05:12.000Z</time></trkpt>
      <trkpt lat="35.265686" lon="127.503478"><ele>394.2</ele><time>2023-09-08T17:05:29.000Z</time></trkpt>
      <trkpt lat="35.265729" lon="127.503495"><ele>394.9</ele><time>2023-09-08T17:05:29.000Z</time></trkpt>
      <trkpt lat="35.265772" lon="127.503511"><ele>395.6</ele><time>2023-09-08T17:05:29.000Z</time></trkpt>
      <trkpt lat="35.265815" lon="127.503527"><ele>396.2</ele><time>2023-09-08T17:05:41.000Z</time></trkpt>
      <trkpt lat="35.265857" lon="127.503547"><ele>396.9</ele><time>2023-09-08T17:05:41.000Z</time></trkpt>
      <trkpt lat="35.265899" lon="127.503567"><ele>397.5</ele><time>2023-09-08T17:05:50.000Z</time></trkpt>
      <trkpt lat="35.265940" lon="127.503589"><ele>398.2</ele><time>2023-09-08T17:05:50.000Z</time></trkpt>
      <trkpt lat="35.265982" lon="127.503609"><ele>398.9</ele><time>2023-09-08T17:06:01.000Z</time></trkpt>
      <trkpt lat="35.266023" lon="127.503631"><ele>399.7</ele><time>2023-09-08T17:06:10.000Z</time></trkpt>
      <trkpt lat="35.266064" lon="127.503654"><ele>400.4</ele><time>2023-09-08T17:06:10.000Z</time></trkpt>
      <trkpt lat="35.266104" lon="127.503680"><ele>401.2</ele><time>2023-09-08T17:06:22.000Z</time></trkpt>
      <trkpt lat="35.266143" lon="127.503706"><ele>401.9</ele><time>2023-09-08T17:06:22.000Z</time></trkpt>
      <trkpt lat="35.266184" lon="127.503729"><ele>402.6</ele><time>2023-09-08T17:06:34.000Z</time></trkpt>
      <trkpt lat="35.266227" lon="127.503745"><ele>403.3</ele><time>2023-09-08T17:06:34.000Z</time></trkpt>
      <trkpt lat="35.266271" lon="127.503759"><ele>404.0</ele><time>2023-09-08T17:06:47.000Z</time></trkpt>
      <trkpt lat="35.266314" lon="127.503774"><ele>404.7</ele><time>2023-09-08T17:06:47.000Z</time></trkpt>
      <trkpt lat="35.266356" lon="127.503793"><ele>405.3</ele><time>2023-09-08T17:06:47.000Z</time></trkpt>
      <trkpt lat="35.266396" lon="127.503820"><ele>406.0</ele><time>2023-09-08T17:06:55.000Z</time></trkpt>
      <trkpt lat="35.266431" lon="127.503853"><ele>406.6</ele><time>2023-09-08T17:06:55.000Z</time></trkpt>
      <trkpt lat="35.266463" lon="127.503892"><ele>407.3</ele><time>2023-09-08T17:07:08.000Z</time></trkpt>
      <trkpt lat="35.266492" lon="127.503934"><ele>407.8</ele><time>2023-09-08T17:07:15.000Z</time></trkpt>
      <trkpt lat="35.266521" lon="127.503976"><ele>408.4</ele><time>2023-09-08T17:07:15.000Z</time></trkpt>
      <trkpt lat="35.266550" lon="127.504018"><ele>408.8</ele><time>2023-09-08T17:07:29.000Z</time></trkpt>
      <trkpt lat="35.266580" lon="127.504059"><ele>409.2</ele><time>2023-09-08T17:07:29.000Z</time></trkpt>
      <trkpt lat="35.266613" lon="127.504097"><ele>409.4</ele><time>2023-09-08T17:07:36.000Z</time></trkpt>
      <trkpt lat="35.266652" lon="127.504124"><ele>409.6</ele><time>2023-09-08T17:07:36.000Z</time></trkpt>
      <trkpt lat="35.266696" lon="127.504131"><ele>409.7</ele><time>2023-09-08T17:07:48.000Z</time></trkpt>
      <trkpt lat="35.266740" lon="127.504117"><ele>409.7</ele><time>2023-09-08T17:07:55.000Z</time></trkpt>
      <trkpt lat="35.266781" lon="127.504095"><ele>409.8</ele><time>2023-09-08T17:07:55.000Z</time></trkpt>
      <trkpt lat="35.266824" lon="127.504079"><ele>409.8</ele><time>2023-09-08T17:08:10.000Z</time></trkpt>
      <trkpt lat="35.266868" lon="127.504073"><ele>409.8</ele><time>2023-09-08T17:08:10.000Z</time></trkpt>
      <trkpt lat="35.266913" lon="127.504071"><ele>409.9</ele><time>2023-09-08T17:08:10.000Z</time></trkpt>
      <trkpt lat="35.266958" lon="127.504063"><ele>410.0</ele><time>2023-09-08T17:08:16.000Z</time></trkpt>
      <trkpt lat="35.267000" lon="127.504044"><ele>410.2</ele><time>2023-09-08T17:08:16.000Z</time></trkpt>
      <trkpt lat="35.267040" lon="127.504020"><ele>410.5</ele><time>2023-09-08T17:08:30.000Z</time></trkpt>
      <trkpt lat="35.267074" lon="127.503984"><ele>410.9</ele><time>2023-09-08T17:08:37.000Z</time></trkpt>
      <trkpt lat="35.267098" lon="127.503941"><ele>411.5</ele><time>2023-09-08T17:08:37.000Z</time></trkpt>
      <trkpt lat="35.267137" lon="127.503961"><ele>412.2</ele><time>2023-09-08T17:08:51.000Z</time></trkpt>
      <trkpt lat="35.267161" lon="127.504008"><ele>412.9</ele><time>2023-09-08T17:08:51.000Z</time></trkpt>
      <trkpt lat="35.267185" lon="127.504054"><ele>413.6</ele><time>2023-09-08T17:08:51.000Z</time></trkpt>
      <trkpt lat="35.267209" lon="127.504101"><ele>414.3</ele><time>2023-09-08T17:08:57.000Z</time></trkpt>
      <trkpt lat="35.267229" lon="127.504150"><ele>414.9</ele><time>2023-09-08T17:09:10.000Z</time></trkpt>
      <trkpt lat="35.267245" lon="127.504201"><ele>415.6</ele><time>2023-09-08T17:09:10.000Z</time></trkpt>
      <trkpt lat="35.267260" lon="127.504253"><ele>416.3</ele><time>2023-09-08T17:09:18.000Z</time></trkpt>
      <trkpt lat="35.267278" lon="127.504304"><ele>417.0</ele><time>2023-09-08T17:09:18.000Z</time></trkpt>
      <trkpt lat="35.267303" lon="127.504349"><ele>417.7</ele><time>2023-09-08T17:09:31.000Z</time></trkpt>
      <trkpt lat="35.267335" lon="127.504388"><ele>418.5</ele><time>2023-09-08T17:09:31.000Z</time></trkpt>
      <trkpt lat="35.267370" lon="127.504422"><ele>419.4</ele><time>2023-09-08T17:09:44.000Z</time></trkpt>
      <trkpt lat="35.267406" lon="127.504456"><ele>420.2</ele><time>2023-09-08T17:09:44.000Z</time></trkpt>
      <trkpt lat="35.267441" lon="127.504490"><ele>421.1</ele><time>2023-09-08T17:09:57.000Z</time></trkpt>
      <trkpt lat="35.267480" lon="127.504517"><ele>422.0</ele><time>2023-09-08T17:09:57.000Z</time></trkpt>
      <trkpt lat="35.267522" lon="127.504536"><ele>423.0</ele><time>2023-09-08T17:09:57.000Z</time></trkpt>
      <trkpt lat="35.267565" lon="127.504552"><ele>424.0</ele><time>2023-09-08T17:10:13.000Z</time></trkpt>
      <trkpt lat="35.267609" lon="127.504563"><ele>425.1</ele><time>2023-09-08T17:10:13.000Z</time></trkpt>
      <trkpt lat="35.267654" lon="127.504568"><ele>426.2</ele><time>2023-09-08T17:10:20.000Z</time></trkpt>
      <trkpt lat="35.267699" lon="127.504567"><ele>427.3</ele><time>2023-09-08T17:10:33.000Z</time></trkpt>
      <trkpt lat="35.267743" lon="127.504575"><ele>428.5</ele><time>2023-09-08T17:10:33.000Z</time></trkpt>
      <trkpt lat="35.267783" lon="127.504600"><ele>429.6</ele><time>2023-09-08T17:10:41.000Z</time></trkpt>
      <trkpt lat="35.267820" lon="127.504631"><ele>430.7</ele><time>2023-09-08T17:10:41.000Z</time></trkpt>
      <trkpt lat="35.267860" lon="127.504653"><ele>431.7</ele><time>2023-09-08T17:10:54.000Z</time></trkpt>
      <trkpt lat="35.267905" lon="127.504662"><ele>432.8</ele><time>2023-09-08T17:10:54.000Z</time></trkpt>
      <trkpt lat="35.267949" lon="127.504670"><ele>433.8</ele><time>2023-09-08T17:11:07.000Z</time></trkpt>
      <trkpt lat="35.267992" lon="127.504687"><ele>434.8</ele><time>2023-09-08T17:11:18.000Z</time></trkpt>
      <trkpt lat="35.268031" lon="127.504714"><ele>435.7</ele><time>2023-09-08T17:11:18.000Z</time></trkpt>
      <trkpt lat="35.268068" lon="127.504744"><ele>436.6</ele><time>2023-09-08T17:11:30.000Z</time></trkpt>
      <trkpt lat="35.268107" lon="127.504771"><ele>437.4</ele><time>2023-09-08T17:11:30.000Z</time></trkpt>
      <trkpt lat="35.268148" lon="127.504794"><ele>438.2</ele><time>2023-09-08T17:11:42.000Z</time></trkpt>
      <trkpt lat="35.268189" lon="127.504817"><ele>439.0</ele><time>2023-09-08T17:11:42.000Z</time></trkpt>
      <trkpt lat="35.268228" lon="127.504845"><ele>439.8</ele><time>2023-09-08T17:11:42.000Z</time></trkpt>
      <trkpt lat="35.268260" lon="127.504883"><ele>440.6</ele><time>2023-09-08T17:11:55.000Z</time></trkpt>
      <trkpt lat="35.268289" lon="127.504925"><ele>441.4</ele><time>2023-09-08T17:12:02.000Z</time></trkpt>
      <trkpt lat="35.268317" lon="127.504969"><ele>442.2</ele><time>2023-09-08T17:12:02.000Z</time></trkpt>
      <trkpt lat="35.268345" lon="127.505011"><ele>443.0</ele><time>2023-09-08T17:12:16.000Z</time></trkpt>
      <trkpt lat="35.268377" lon="127.505048"><ele>443.9</ele><time>2023-09-08T17:12:16.000Z</time></trkpt>
      <trkpt lat="35.268418" lon="127.505070"><ele>444.8</ele><time>2023-09-08T17:12:23.000Z</time></trkpt>
      <trkpt lat="35.268462" lon="127.505071"><ele>445.7</ele><time>2023-09-08T17:12:23.000Z</time></trkpt>
      <trkpt lat="35.268504" lon="127.505054"><ele>446.8</ele><time>2023-09-08T17:12:41.000Z</time></trkpt>
      <trkpt lat="35.268542" lon="127.505024"><ele>447.8</ele><time>2023-09-08T17:12:41.000Z</time></trkpt>
      <trkpt lat="35.268576" lon="127.504988"><ele>449.0</ele><time>2023-09-08T17:12:52.000Z</time></trkpt>
      <trkpt lat="35.268612" lon="127.504956"><ele>450.2</ele><time>2023-09-08T17:13:05.000Z</time></trkpt>
      <trkpt lat="35.268653" lon="127.504933"><ele>451.4</ele><time>2023-09-08T17:13:05.000Z</time></trkpt>
      <trkpt lat="35.268697" lon="127.504922"><ele>452.7</ele><time>2023-09-08T17:13:18.000Z</time></trkpt>
      <trkpt lat="35.268741" lon="127.504918"><ele>454.0</ele><time>2023-09-08T17:13:32.000Z</time></trkpt>
      <trkpt lat="35.268786" lon="127.504916"><ele>455.2</ele><time>2023-09-08T17:13:32.000Z</time></trkpt>
      <trkpt lat="35.268831" lon="127.504915"><ele>456.4</ele><time>2023-09-08T17:13:43.000Z</time></trkpt>
      <trkpt lat="35.268876" lon="127.504920"><ele>457.5</ele><time>2023-09-08T17:13:43.000Z</time></trkpt>
      <trkpt lat="35.268915" lon="127.504943"><ele>458.4</ele><time>2023-09-08T17:13:59.000Z</time></trkpt>
      <trkpt lat="35.268945" lon="127.504984"><ele>459.2</ele><time>2023-09-08T17:13:59.000Z</time></trkpt>
      <trkpt lat="35.268967" lon="127.505031"><ele>459.7</ele><time>2023-09-08T17:14:06.000Z</time></trkpt>
      <trkpt lat="35.268987" lon="127.505081"><ele>460.2</ele><time>2023-09-08T17:14:06.000Z</time></trkpt>
      <trkpt lat="35.269004" lon="127.505132"><ele>460.5</ele><time>2023-09-08T17:14:19.000Z</time></trkpt>
      <trkpt lat="35.269017" lon="127.505184"><ele>460.8</ele><time>2023-09-08T17:14:19.000Z</time></trkpt>
      <trkpt lat="35.269029" lon="127.505238"><ele>461.0</ele><time>2023-09-08T17:14:27.000Z</time></trkpt>
      <trkpt lat="35.269045" lon="127.505289"><ele>461.3</ele><time>2023-09-08T17:14:27.000Z</time></trkpt>
      <trkpt lat="35.269074" lon="127.505329"><ele>461.5</ele><time>2023-09-08T17:14:40.000Z</time></trkpt>
      <trkpt lat="35.269112" lon="127.505357"><ele>461.8</ele><time>2023-09-08T17:14:40.000Z</time></trkpt>
      <trkpt lat="35.269148" lon="127.505389"><ele>462.1</ele><time>2023-09-08T17:14:53.000Z</time></trkpt>
      <trkpt lat="35.269179" lon="127.505429"><ele>462.5</ele><time>2023-09-08T17:15:04.000Z</time></trkpt>
      <trkpt lat="35.269211" lon="127.505468"><ele>462.8</ele><time>2023-09-08T17:15:16.000Z</time></trkpt>
      <trkpt lat="35.269247" lon="127.505500"><ele>463.2</ele><time>2023-09-08T17:15:16.000Z</time></trkpt>
      <trkpt lat="35.269285" lon="127.505531"><ele>463.5</ele><time>2023-09-08T17:15:26.000Z</time></trkpt>
      <trkpt lat="35.269319" lon="127.505566"><ele>463.9</ele><time>2023-09-08T17:15:26.000Z</time></trkpt>
      <trkpt lat="35.269350" lon="127.505606"><ele>464.3</ele><time>2023-09-08T17:15:37.000Z</time></trkpt>
      <trkpt lat="35.269379" lon="127.505648"><ele>464.7</ele><time>2023-09-08T17:15:37.000Z</time></trkpt>
      <trkpt lat="35.269408" lon="127.505690"><ele>465.1</ele><time>2023-09-08T17:15:46.000Z</time></trkpt>
      <trkpt lat="35.269438" lon="127.505731"><ele>465.6</ele><time>2023-09-08T17:15:46.000Z</time></trkpt>
      <trkpt lat="35.269468" lon="127.505772"><ele>466.0</ele><time>2023-09-08T17:15:58.000Z</time></trkpt>
      <trkpt lat="35.269499" lon="127.505812"><ele>466.4</ele><time>2023-09-08T17:15:58.000Z</time></trkpt>
      <trkpt lat="35.269530" lon="127.505852"><ele>466.9</ele><time>2023-09-08T17:16:10.000Z</time></trkpt>
      <trkpt lat="35.269559" lon="127.505894"><ele>467.4</ele><time>2023-09-08T17:16:10.000Z</time></trkpt>
      <trkpt lat="35.269586" lon="127.505938"><ele>467.9</ele><time>2023-09-08T17:16:10.000Z</time></trkpt>
      <trkpt lat="35.269611" lon="127.505984"><ele>468.6</ele><time>2023-09-08T17:16:23.000Z</time></trkpt>
      <trkpt lat="35.269636" lon="127.506029"><ele>469.5</ele><time>2023-09-08T17:16:23.000Z</time></trkpt>
      <trkpt lat="35.269665" lon="127.506072"><ele>470.5</ele><time>2023-09-08T17:16:30.000Z</time></trkpt>
      <trkpt lat="35.269699" lon="127.506108"><ele>471.7</ele><time>2023-09-08T17:16:30.000Z</time></trkpt>
      <trkpt lat="35.269738" lon="127.506134"><ele>472.9</ele><time>2023-09-08T17:16:44.000Z</time></trkpt>
      <trkpt lat="35.269780" lon="127.506153"><ele>474.2</ele><time>2023-09-08T17:16:44.000Z</time></trkpt>
      <trkpt lat="35.269823" lon="127.506170"><ele>475.4</ele><time>2023-09-08T17:16:59.000Z</time></trkpt>
      <trkpt lat="35.269864" lon="127.506190"><ele>476.6</ele><time>2023-09-08T17:16:59.000Z</time></trkpt>
      <trkpt lat="35.269906" lon="127.506212"><ele>477.7</ele><time>2023-09-08T17:17:12.000Z</time></trkpt>
      <trkpt lat="35.269947" lon="127.506235"><ele>478.7</ele><time>2023-09-08T17:17:28.000Z</time></trkpt>
      <trkpt lat="35.269987" lon="127.506259"><ele>479.6</ele><time>2023-09-08T17:17:28.000Z</time></trkpt>
      <trkpt lat="35.270028" lon="127.506282"><ele>480.4</ele><time>2023-09-08T17:17:39.000Z</time></trkpt>
      <trkpt lat="35.270069" lon="127.506305"><ele>481.0</ele><time>2023-09-08T17:17:39.000Z</time></trkpt>
      <trkpt lat="35.270109" lon="127.506330"><ele>481.6</ele><time>2023-09-08T17:17:49.000Z</time></trkpt>
      <trkpt lat="35.270148" lon="127.506356"><ele>482.1</ele><time>2023-09-08T17:17:49.000Z</time></trkpt>
      <trkpt lat="35.270188" lon="127.506383"><ele>482.7</ele><time>2023-09-08T17:17:58.000Z</time></trkpt>
      <trkpt lat="35.270228" lon="127.506406"><ele>483.3</ele><time>2023-09-08T17:17:58.000Z</time></trkpt>
      <trkpt lat="35.270270" lon="127.506426"><ele>483.9</ele><time>2023-09-08T17:18:06.000Z</time></trkpt>
      <trkpt lat="35.270313" lon="127.506443"><ele>484.7</ele><time>2023-09-08T17:18:13.000Z</time></trkpt>
      <trkpt lat="35.270357" lon="127.506457"><ele>485.7</ele><time>2023-09-08T17:18:13.000Z</time></trkpt>
      <trkpt lat="35.270400" lon="127.506470"><ele>486.7</ele><time>2023-09-08T17:18:27.000Z</time></trkpt>
      <trkpt lat="35.270444" lon="127.506482"><ele>487.8</ele><time>2023-09-08T17:18:27.000Z</time></trkpt>
      <trkpt lat="35.270488" lon="127.506494"><ele>489.0</ele><time>2023-09-08T17:18:34.000Z</time></trkpt>
      <trkpt lat="35.270532" lon="127.506508"><ele>490.3</ele><time>2023-09-08T17:18:50.000Z</time></trkpt>
      <trkpt lat="35.270574" lon="127.506525"><ele>491.6</ele><time>2023-09-08T17:18:50.000Z</time></trkpt>
      <trkpt lat="35.270616" lon="127.506546"><ele>493.0</ele><time>2023-09-08T17:19:02.000Z</time></trkpt>
      <trkpt lat="35.270657" lon="127.506568"><ele>494.3</ele><time>2023-09-08T17:19:02.000Z</time></trkpt>
      <trkpt lat="35.270699" lon="127.506589"><ele>495.5</ele><time>2023-09-08T17:19:15.000Z</time></trkpt>
      <trkpt lat="35.270741" lon="127.506608"><ele>496.7</ele><time>2023-09-08T17:19:15.000Z</time></trkpt>
      <trkpt lat="35.270784" lon="127.506624"><ele>497.8</ele><time>2023-09-08T17:19:32.000Z</time></trkpt>
      <trkpt lat="35.270828" lon="127.506631"><ele>498.9</ele><time>2023-09-08T17:19:48.000Z</time></trkpt>
      <trkpt lat="35.270873" lon="127.506633"><ele>499.9</ele><time>2023-09-08T17:19:48.000Z</time></trkpt>
      <trkpt lat="35.270918" lon="127.506635"><ele>500.8</ele><time>2023-09-08T17:20:01.000Z</time></trkpt>
      <trkpt lat="35.270963" lon="127.506640"><ele>501.7</ele><time>2023-09-08T17:20:01.000Z</time></trkpt>
      <trkpt lat="35.271007" lon="127.506652"><ele>502.6</ele><time>2023-09-08T17:20:14.000Z</time></trkpt>
      <trkpt lat="35.271049" lon="127.506669"><ele>503.4</ele><time>2023-09-08T17:20:14.000Z</time></trkpt>
      <trkpt lat="35.271090" lon="127.506693"><ele>504.2</ele><time>2023-09-08T17:20:25.000Z</time></trkpt>
      <trkpt lat="35.271128" lon="127.506723"><ele>504.9</ele><time>2023-09-08T17:20:25.000Z</time></trkpt>
      <trkpt lat="35.271165" lon="127.506754"><ele>505.6</ele><time>2023-09-08T17:20:34.000Z</time></trkpt>
      <trkpt lat="35.271202" lon="127.506785"><ele>506.2</ele><time>2023-09-08T17:20:34.000Z</time></trkpt>
      <trkpt lat="35.271241" lon="127.506812"><ele>506.8</ele><time>2023-09-08T17:20:44.000Z</time></trkpt>
      <trkpt lat="35.271281" lon="127.506837"><ele>507.5</ele><time>2023-09-08T17:20:44.000Z</time></trkpt>
      <trkpt lat="35.271321" lon="127.506863"><ele>508.2</ele><time>2023-09-08T17:20:55.000Z</time></trkpt>
      <trkpt lat="35.271354" lon="127.506898"><ele>509.0</ele><time>2023-09-08T17:29:16.000Z</time></trkpt>
      <trkpt lat="35.271389" lon="127.506931"><ele>509.8</ele><time>2023-09-08T17:29:16.000Z</time></trkpt>
      <trkpt lat="35.271428" lon="127.506958"><ele>510.6</ele><time>2023-09-08T17:29:25.000Z</time></trkpt>
      <trkpt lat="35.271467" lon="127.506985"><ele>511.3</ele><time>2023-09-08T17:29:25.000Z</time></trkpt>
      <trkpt lat="35.271507" lon="127.507011"><ele>511.9</ele><time>2023-09-08T17:29:36.000Z</time></trkpt>
      <trkpt lat="35.271547" lon="127.507037"><ele>512.5</ele><time>2023-09-08T17:29:36.000Z</time></trkpt>
      <trkpt lat="35.271586" lon="127.507065"><ele>513.0</ele><time>2023-09-08T17:29:49.000Z</time></trkpt>
      <trkpt lat="35.271622" lon="127.507097"><ele>513.6</ele><time>2023-09-08T17:29:49.000Z</time></trkpt>
      <trkpt lat="35.271658" lon="127.507130"><ele>514.0</ele><time>2023-09-08T17:30:01.000Z</time></trkpt>
      <trkpt lat="35.271695" lon="127.507161"><ele>514.5</ele><time>2023-09-08T17:30:01.000Z</time></trkpt>
      <trkpt lat="35.271733" lon="127.507190"><ele>515.0</ele><time>2023-09-08T17:30:10.000Z</time></trkpt>
      <trkpt lat="35.271773" lon="127.507216"><ele>515.6</ele><time>2023-09-08T17:30:10.000Z</time></trkpt>
      <trkpt lat="35.271813" lon="127.507241"><ele>516.1</ele><time>2023-09-08T17:30:21.000Z</time></trkpt>
      <trkpt lat="35.271853" lon="127.507267"><ele>516.6</ele><time>2023-09-08T17:30:21.000Z</time></trkpt>
      <trkpt lat="35.271892" lon="127.507294"><ele>517.2</ele><time>2023-09-08T17:30:33.000Z</time></trkpt>
      <trkpt lat="35.271931" lon="127.507321"><ele>517.7</ele><time>2023-09-08T17:30:33.000Z</time></trkpt>
      <trkpt lat="35.271971" lon="127.507346"><ele>518.4</ele><time>2023-09-08T17:30:47.000Z</time></trkpt>
      <trkpt lat="35.272011" lon="127.507372"><ele>519.0</ele><time>2023-09-08T17:30:47.000Z</time></trkpt>
      <trkpt lat="35.272049" lon="127.507400"><ele>519.7</ele><time>2023-09-08T17:30:54.000Z</time></trkpt>
      <trkpt lat="35.272088" lon="127.507428"><ele>520.3</ele><time>2023-09-08T17:30:54.000Z</time></trkpt>
      <trkpt lat="35.272128" lon="127.507454"><ele>521.0</ele><time>2023-09-08T17:31:08.000Z</time></trkpt>
      <trkpt lat="35.272166" lon="127.507484"><ele>521.6</ele><time>2023-09-08T17:31:08.000Z</time></trkpt>
      <trkpt lat="35.272202" lon="127.507517"><ele>522.3</ele><time>2023-09-08T17:31:15.000Z</time></trkpt>
      <trkpt lat="35.272238" lon="127.507550"><ele>523.0</ele><time>2023-09-08T17:31:32.000Z</time></trkpt>
      <trkpt lat="35.272274" lon="127.507582"><ele>523.6</ele><time>2023-09-08T17:31:32.000Z</time></trkpt>
      <trkpt lat="35.272312" lon="127.507612"><ele>524.3</ele><time>2023-09-08T17:31:32.000Z</time></trkpt>
      <trkpt lat="35.272348" lon="127.507645"><ele>524.9</ele><time>2023-09-08T17:31:49.000Z</time></trkpt>
      <trkpt lat="35.272379" lon="127.507684"><ele>525.4</ele><time>2023-09-08T17:31:49.000Z</time></trkpt>
      <trkpt lat="35.272409" lon="127.507726"><ele>526.0</ele><time>2023-09-08T17:31:56.000Z</time></trkpt>
      <trkpt lat="35.272440" lon="127.507765"><ele>526.6</ele><time>2023-09-08T17:32:09.000Z</time></trkpt>
      <trkpt lat="35.272474" lon="127.507802"><ele>527.1</ele><time>2023-09-08T17:32:09.000Z</time></trkpt>
      <trkpt lat="35.272507" lon="127.507838"><ele>527.7</ele><time>2023-09-08T17:32:16.000Z</time></trkpt>
      <trkpt lat="35.272538" lon="127.507878"><ele>528.3</ele><time>2023-09-08T17:32:30.000Z</time></trkpt>
      <trkpt lat="35.272564" lon="127.507923"><ele>528.9</ele><time>2023-09-08T17:32:30.000Z</time></trkpt>
      <trkpt lat="35.272583" lon="127.507972"><ele>529.6</ele><time>2023-09-08T17:32:36.000Z</time></trkpt>
      <trkpt lat="35.272599" lon="127.508024"><ele>530.4</ele><time>2023-09-08T17:32:36.000Z</time></trkpt>
      <trkpt lat="35.272618" lon="127.508073"><ele>531.2</ele><time>2023-09-08T17:32:54.000Z</time></trkpt>
      <trkpt lat="35.272645" lon="127.508118"><ele>532.0</ele><time>2023-09-08T17:32:54.000Z</time></trkpt>
      <trkpt lat="35.272676" lon="127.508157"><ele>532.8</ele><time>2023-09-08T17:33:02.000Z</time></trkpt>
      <trkpt lat="35.272712" lon="127.508191"><ele>533.6</ele><time>2023-09-08T17:33:02.000Z</time></trkpt>
      <trkpt lat="35.272751" lon="127.508218"><ele>534.4</ele><time>2023-09-08T17:33:11.000Z</time></trkpt>
      <trkpt lat="35.272792" lon="127.508240"><ele>535.1</ele><time>2023-09-08T17:33:17.000Z</time></trkpt>
      <trkpt lat="35.272833" lon="127.508261"><ele>535.9</ele><time>2023-09-08T17:33:17.000Z</time></trkpt>
      <trkpt lat="35.272875" lon="127.508283"><ele>536.6</ele><time>2023-09-08T17:33:32.000Z</time></trkpt>
      <trkpt lat="35.272915" lon="127.508307"><ele>537.2</ele><time>2023-09-08T17:33:32.000Z</time></trkpt>
      <trkpt lat="35.272952" lon="127.508337"><ele>537.8</ele><time>2023-09-08T17:33:44.000Z</time></trkpt>
      <trkpt lat="35.272987" lon="127.508372"><ele>538.5</ele><time>2023-09-08T17:33:44.000Z</time></trkpt>
      <trkpt lat="35.273021" lon="127.508408"><ele>539.1</ele><time>2023-09-08T17:33:56.000Z</time></trkpt>
      <trkpt lat="35.273056" lon="127.508442"><ele>539.8</ele><time>2023-09-08T17:33:56.000Z</time></trkpt>
      <trkpt lat="35.273095" lon="127.508471"><ele>540.5</ele><time>2023-09-08T17:34:04.000Z</time></trkpt>
      <trkpt lat="35.273135" lon="127.508495"><ele>541.3</ele><time>2023-09-08T17:34:04.000Z</time></trkpt>
      <trkpt lat="35.273177" lon="127.508515"><ele>542.0</ele><time>2023-09-08T17:34:16.000Z</time></trkpt>
      <trkpt lat="35.273220" lon="127.508531"><ele>542.9</ele><time>2023-09-08T17:34:16.000Z</time></trkpt>
      <trkpt lat="35.273264" lon="127.508544"><ele>543.7</ele><time>2023-09-08T17:34:33.000Z</time></trkpt>
      <trkpt lat="35.273308" lon="127.508553"><ele>544.7</ele><time>2023-09-08T17:34:33.000Z</time></trkpt>
      <trkpt lat="35.273353" lon="127.508560"><ele>545.7</ele><time>2023-09-08T17:34:49.000Z</time></trkpt>
      <trkpt lat="35.273397" lon="127.508570"><ele>546.7</ele><time>2023-09-08T17:34:57.000Z</time></trkpt>
      <trkpt lat="35.273441" lon="127.508583"><ele>547.7</ele><time>2023-09-08T17:34:57.000Z</time></trkpt>
      <trkpt lat="35.273485" lon="127.508592"><ele>548.8</ele><time>2023-09-08T17:35:09.000Z</time></trkpt>
      <trkpt lat="35.273529" lon="127.508599"><ele>549.7</ele><time>2023-09-08T17:35:09.000Z</time></trkpt>
      <trkpt lat="35.273574" lon="127.508609"><ele>550.5</ele><time>2023-09-08T17:35:23.000Z</time></trkpt>
      <trkpt lat="35.273617" lon="127.508623"><ele>551.3</ele><time>2023-09-08T17:35:23.000Z</time></trkpt>
      <trkpt lat="35.273661" lon="127.508637"><ele>552.1</ele><time>2023-09-08T17:35:35.000Z</time></trkpt>
      <trkpt lat="35.273704" lon="127.508652"><ele>552.8</ele><time>2023-09-08T17:35:35.000Z</time></trkpt>
      <trkpt lat="35.273747" lon="127.508666"><ele>553.7</ele><time>2023-09-08T17:35:46.000Z</time></trkpt>
      <trkpt lat="35.273791" lon="127.508679"><ele>554.5</ele><time>2023-09-08T17:35:46.000Z</time></trkpt>
      <trkpt lat="35.273834" lon="127.508694"><ele>555.4</ele><time>2023-09-08T17:35:56.000Z</time></trkpt>
      <trkpt lat="35.273877" lon="127.508711"><ele>556.2</ele><time>2023-09-08T17:35:56.000Z</time></trkpt>
      <trkpt lat="35.273919" lon="127.508730"><ele>556.9</ele><time>2023-09-08T17:36:11.000Z</time></trkpt>
      <trkpt lat="35.273962" lon="127.508747"><ele>557.6</ele><time>2023-09-08T17:36:11.000Z</time></trkpt>
      <trkpt lat="35.274006" lon="127.508760"><ele>558.2</ele><time>2023-09-08T17:36:22.000Z</time></trkpt>
      <trkpt lat="35.274049" lon="127.508775"><ele>558.8</ele><time>2023-09-08T17:36:22.000Z</time></trkpt>
      <trkpt lat="35.274090" lon="127.508796"><ele>559.4</ele><time>2023-09-08T17:36:37.000Z</time></trkpt>
      <trkpt lat="35.274127" lon="127.508828"><ele>560.0</ele><time>2023-09-08T17:36:37.000Z</time></trkpt>
      <trkpt lat="35.274161" lon="127.508864"><ele>560.5</ele><time>2023-09-08T17:36:48.000Z</time></trkpt>
      <trkpt lat="35.274201" lon="127.508885"><ele>561.1</ele><time>2023-09-08T17:36:48.000Z</time></trkpt>
      <trkpt lat="35.274245" lon="127.508890"><ele>561.7</ele><time>2023-09-08T17:37:10.000Z</time></trkpt>
      <trkpt lat="35.274289" lon="127.508899"><ele>562.3</ele><time>2023-09-08T17:37:10.000Z</time></trkpt>
      <trkpt lat="35.274330" lon="127.508921"><ele>562.9</ele><time>2023-09-08T17:37:22.000Z</time></trkpt>
      <trkpt lat="35.274368" lon="127.508950"><ele>563.5</ele><time>2023-09-08T17:37:22.000Z</time></trkpt>
      <trkpt lat="35.274405" lon="127.508982"><ele>564.3</ele><time>2023-09-08T17:37:33.000Z</time></trkpt>
      <trkpt lat="35.274442" lon="127.509013"><ele>565.1</ele><time>2023-09-08T17:37:33.000Z</time></trkpt>
      <trkpt lat="35.274481" lon="127.509040"><ele>565.9</ele><time>2023-09-08T17:37:33.000Z</time></trkpt>
      <trkpt lat="35.274522" lon="127.509062"><ele>566.7</ele><time>2023-09-08T17:37:45.000Z</time></trkpt>
      <trkpt lat="35.274565" lon="127.509079"><ele>567.6</ele><time>2023-09-08T17:37:45.000Z</time></trkpt>
      <trkpt lat="35.274608" lon="127.509095"><ele>568.5</ele><time>2023-09-08T17:38:02.000Z</time></trkpt>
      <trkpt lat="35.274651" lon="127.509111"><ele>569.5</ele><time>2023-09-08T17:38:02.000Z</time></trkpt>
      <trkpt lat="35.274695" lon="127.509123"><ele>570.4</ele><time>2023-09-08T17:38:13.000Z</time></trkpt>
      <trkpt lat="35.274739" lon="127.509122"><ele>571.4</ele><time>2023-09-08T17:38:13.000Z</time></trkpt>
      <trkpt lat="35.274783" lon="127.509107"><ele>572.3</ele><time>2023-09-08T17:38:24.000Z</time></trkpt>
      <trkpt lat="35.274824" lon="127.509086"><ele>573.0</ele><time>2023-09-08T17:38:24.000Z</time></trkpt>
      <trkpt lat="35.274867" lon="127.509070"><ele>573.7</ele><time>2023-09-08T17:38:40.000Z</time></trkpt>
      <trkpt lat="35.274911" lon="127.509071"><ele>574.4</ele><time>2023-09-08T17:38:40.000Z</time></trkpt>
      <trkpt lat="35.274955" lon="127.509085"><ele>575.0</ele><time>2023-09-08T17:38:52.000Z</time></trkpt>
      <trkpt lat="35.274998" lon="127.509099"><ele>575.5</ele><time>2023-09-08T17:38:52.000Z</time></trkpt>
      <trkpt lat="35.275042" lon="127.509108"><ele>576.0</ele><time>2023-09-08T17:39:01.000Z</time></trkpt>
      <trkpt lat="35.275087" lon="127.509117"><ele>576.5</ele><time>2023-09-08T17:39:08.000Z</time></trkpt>
      <trkpt lat="35.275131" lon="127.509124"><ele>576.9</ele><time>2023-09-08T17:39:08.000Z</time></trkpt>
      <trkpt lat="35.275176" lon="127.509129"><ele>577.2</ele><time>2023-09-08T17:39:20.000Z</time></trkpt>
      <trkpt lat="35.275221" lon="127.509136"><ele>577.5</ele><time>2023-09-08T17:39:20.000Z</time></trkpt>
      <trkpt lat="35.275265" lon="127.509148"><ele>577.9</ele><time>2023-09-08T17:39:28.000Z</time></trkpt>
      <trkpt lat="35.275308" lon="127.509162"><ele>578.2</ele><time>2023-09-08T17:39:28.000Z</time></trkpt>
      <trkpt lat="35.275352" lon="127.509172"><ele>578.5</ele><time>2023-09-08T17:39:28.000Z</time></trkpt>
      <trkpt lat="35.275396" lon="127.509184"><ele>578.9</ele><time>2023-09-08T17:39:42.000Z</time></trkpt>
      <trkpt lat="35.275440" lon="127.509198"><ele>579.2</ele><time>2023-09-08T17:39:42.000Z</time></trkpt>
      <trkpt lat="35.275482" lon="127.509216"><ele>579.7</ele><time>2023-09-08T17:39:49.000Z</time></trkpt>
      <trkpt lat="35.275524" lon="127.509234"><ele>580.1</ele><time>2023-09-08T17:39:49.000Z</time></trkpt>
      <trkpt lat="35.275566" lon="127.509255"><ele>580.5</ele><time>2023-09-08T17:40:01.000Z</time></trkpt>
      <trkpt lat="35.275606" lon="127.509281"><ele>581.0</ele><time>2023-09-08T17:40:01.000Z</time></trkpt>
      <trkpt lat="35.275645" lon="127.509308"><ele>581.4</ele><time>2023-09-08T17:40:09.000Z</time></trkpt>
      <trkpt lat="35.275684" lon="127.509336"><ele>581.8</ele><time>2023-09-08T17:40:09.000Z</time></trkpt>
      <trkpt lat="35.275722" lon="127.509364"><ele>582.2</ele><time>2023-09-08T17:40:27.000Z</time></trkpt>
      <trkpt lat="35.275760" lon="127.509395"><ele>582.7</ele><time>2023-09-08T17:40:27.000Z</time></trkpt>
      <trkpt lat="35.275797" lon="127.509425"><ele>583.2</ele><time>2023-09-08T17:40:38.000Z</time></trkpt>
      <trkpt lat="35.275837" lon="127.509451"><ele>583.7</ele><time>2023-09-08T17:40:38.000Z</time></trkpt>
      <trkpt lat="35.275878" lon="127.509473"><ele>584.2</ele><time>2023-09-08T17:40:48.000Z</time></trkpt>
      <trkpt lat="35.275921" lon="127.509489"><ele>584.8</ele><time>2023-09-08T17:40:48.000Z</time></trkpt>
      <trkpt lat="35.275965" lon="127.509499"><ele>585.3</ele><time>2023-09-08T17:40:58.000Z</time></trkpt>
      <trkpt lat="35.276010" lon="127.509502"><ele>586.0</ele><time>2023-09-08T17:40:58.000Z</time></trkpt>
      <trkpt lat="35.276055" lon="127.509501"><ele>586.6</ele><time>2023-09-08T17:41:11.000Z</time></trkpt>
      <trkpt lat="35.276100" lon="127.509499"><ele>587.4</ele><time>2023-09-08T17:41:11.000Z</time></trkpt>
      <trkpt lat="35.276145" lon="127.509501"><ele>588.1</ele><time>2023-09-08T17:41:25.000Z</time></trkpt>
      <trkpt lat="35.276189" lon="127.509507"><ele>588.9</ele><time>2023-09-08T17:41:25.000Z</time></trkpt>
      <trkpt lat="35.276233" lon="127.509519"><ele>589.7</ele><time>2023-09-08T17:41:40.000Z</time></trkpt>
      <trkpt lat="35.276276" lon="127.509537"><ele>590.5</ele><time>2023-09-08T17:41:40.000Z</time></trkpt>
      <trkpt lat="35.276317" lon="127.509560"><ele>591.3</ele><time>2023-09-08T17:41:52.000Z</time></trkpt>
      <trkpt lat="35.276357" lon="127.509585"><ele>592.1</ele><time>2023-09-08T17:41:52.000Z</time></trkpt>
      <trkpt lat="35.276396" lon="127.509612"><ele>592.9</ele><time>2023-09-08T17:42:10.000Z</time></trkpt>
      <trkpt lat="35.276435" lon="127.509639"><ele>593.7</ele><time>2023-09-08T17:42:10.000Z</time></trkpt>
      <trkpt lat="35.276474" lon="127.509667"><ele>594.6</ele><time>2023-09-08T17:42:20.000Z</time></trkpt>
      <trkpt lat="35.276515" lon="127.509689"><ele>595.5</ele><time>2023-09-08T17:42:20.000Z</time></trkpt>
      <trkpt lat="35.276559" lon="127.509699"><ele>596.4</ele><time>2023-09-08T17:42:31.000Z</time></trkpt>
      <trkpt lat="35.276603" lon="127.509695"><ele>597.3</ele><time>2023-09-08T17:42:31.000Z</time></trkpt>
      <trkpt lat="35.276647" lon="127.509683"><ele>598.3</ele><time>2023-09-08T17:42:51.000Z</time></trkpt>
      <trkpt lat="35.276691" lon="127.509672"><ele>599.2</ele><time>2023-09-08T17:42:51.000Z</time></trkpt>
      <trkpt lat="35.276736" lon="127.509666"><ele>600.2</ele><time>2023-09-08T17:43:08.000Z</time></trkpt>
      <trkpt lat="35.276780" lon="127.509663"><ele>601.2</ele><time>2023-09-08T17:43:08.000Z</time></trkpt>
      <trkpt lat="35.276825" lon="127.509663"><ele>602.3</ele><time>2023-09-08T17:43:15.000Z</time></trkpt>
      <trkpt lat="35.276870" lon="127.509665"><ele>603.3</ele><time>2023-09-08T17:43:15.000Z</time></trkpt>
      <trkpt lat="35.276915" lon="127.509668"><ele>604.3</ele><time>2023-09-08T17:43:27.000Z</time></trkpt>
      <trkpt lat="35.276960" lon="127.509674"><ele>605.2</ele><time>2023-09-08T17:43:27.000Z</time></trkpt>
      <trkpt lat="35.277004" lon="127.509686"><ele>606.0</ele><time>2023-09-08T17:43:39.000Z</time></trkpt>
      <trkpt lat="35.277047" lon="127.509701"><ele>606.9</ele><time>2023-09-08T17:43:39.000Z</time></trkpt>
      <trkpt lat="35.277091" lon="127.509715"><ele>607.8</ele><time>2023-09-08T17:43:48.000Z</time></trkpt>
      <trkpt lat="35.277135" lon="127.509724"><ele>608.7</ele><time>2023-09-08T17:43:48.000Z</time></trkpt>
      <trkpt lat="35.277180" lon="127.509725"><ele>609.7</ele><time>2023-09-08T17:43:56.000Z</time></trkpt>
      <trkpt lat="35.277221" lon="127.509707"><ele>610.8</ele><time>2023-09-08T17:44:12.000Z</time></trkpt>
      <trkpt lat="35.277248" lon="127.509665"><ele>612.0</ele><time>2023-09-08T17:44:34.000Z</time></trkpt>
      <trkpt lat="35.277263" lon="127.509613"><ele>613.2</ele><time>2023-09-08T17:44:34.000Z</time></trkpt>
      <trkpt lat="35.277276" lon="127.509561"><ele>614.5</ele><time>2023-09-08T17:44:50.000Z</time></trkpt>
      <trkpt lat="35.277296" lon="127.509512"><ele>615.7</ele><time>2023-09-08T17:44:50.000Z</time></trkpt>
      <trkpt lat="35.277328" lon="127.509474"><ele>617.0</ele><time>2023-09-08T17:44:58.000Z</time></trkpt>
      <trkpt lat="35.277368" lon="127.509451"><ele>618.3</ele><time>2023-09-08T17:45:15.000Z</time></trkpt>
      <trkpt lat="35.277412" lon="127.509441"><ele>619.5</ele><time>2023-09-08T17:45:15.000Z</time></trkpt>
      <trkpt lat="35.277457" lon="127.509444"><ele>620.7</ele><time>2023-09-08T17:45:31.000Z</time></trkpt>
      <trkpt lat="35.277500" lon="127.509458"><ele>622.0</ele><time>2023-09-08T17:45:31.000Z</time></trkpt>
      <trkpt lat="35.277544" lon="127.509474"><ele>623.2</ele><time>2023-09-08T17:45:47.000Z</time></trkpt>
      <trkpt lat="35.277587" lon="127.509487"><ele>624.4</ele><time>2023-09-08T17:45:47.000Z</time></trkpt>
      <trkpt lat="35.277631" lon="127.509501"><ele>625.6</ele><time>2023-09-08T17:45:58.000Z</time></trkpt>
      <trkpt lat="35.277673" lon="127.509520"><ele>626.8</ele><time>2023-09-08T17:45:58.000Z</time></trkpt>
      <trkpt lat="35.277713" lon="127.509544"><ele>627.9</ele><time>2023-09-08T17:46:17.000Z</time></trkpt>
      <trkpt lat="35.277752" lon="127.509572"><ele>629.0</ele><time>2023-09-08T17:46:17.000Z</time></trkpt>
      <trkpt lat="35.277792" lon="127.509596"><ele>630.0</ele><time>2023-09-08T17:46:17.000Z</time></trkpt>
      <trkpt lat="35.277835" lon="127.509614"><ele>631.1</ele><time>2023-09-08T17:46:32.000Z</time></trkpt>
      <trkpt lat="35.277878" lon="127.509627"><ele>632.2</ele><time>2023-09-08T17:46:32.000Z</time></trkpt>
      <trkpt lat="35.277922" lon="127.509639"><ele>633.2</ele><time>2023-09-08T17:46:46.000Z</time></trkpt>
      <trkpt lat="35.277967" lon="127.509647"><ele>634.3</ele><time>2023-09-08T17:46:46.000Z</time></trkpt>
      <trkpt lat="35.278012" lon="127.509654"><ele>635.4</ele><time>2023-09-08T17:47:01.000Z</time></trkpt>
      <trkpt lat="35.278056" lon="127.509658"><ele>636.5</ele><time>2023-09-08T17:47:01.000Z</time></trkpt>
      <trkpt lat="35.278101" lon="127.509664"><ele>637.5</ele><time>2023-09-08T17:47:17.000Z</time></trkpt>
      <trkpt lat="35.278146" lon="127.509671"><ele>638.6</ele><time>2023-09-08T17:47:17.000Z</time></trkpt>
      <trkpt lat="35.278190" lon="127.509682"><ele>639.6</ele><time>2023-09-08T17:47:29.000Z</time></trkpt>
      <trkpt lat="35.278233" lon="127.509696"><ele>640.5</ele><time>2023-09-08T17:47:29.000Z</time></trkpt>
      <trkpt lat="35.278276" lon="127.509713"><ele>641.3</ele><time>2023-09-08T17:47:44.000Z</time></trkpt>
      <trkpt lat="35.278318" lon="127.509732"><ele>642.1</ele><time>2023-09-08T17:47:44.000Z</time></trkpt>
      <trkpt lat="35.278360" lon="127.509752"><ele>642.8</ele><time>2023-09-08T17:47:55.000Z</time></trkpt>
      <trkpt lat="35.278400" lon="127.509777"><ele>643.6</ele><time>2023-09-08T17:47:55.000Z</time></trkpt>
      <trkpt lat="35.278439" lon="127.509804"><ele>644.3</ele><time>2023-09-08T17:48:03.000Z</time></trkpt>
      <trkpt lat="35.278477" lon="127.509834"><ele>645.1</ele><time>2023-09-08T17:48:16.000Z</time></trkpt>
      <trkpt lat="35.278514" lon="127.509865"><ele>645.9</ele><time>2023-09-08T17:48:16.000Z</time></trkpt>
      <trkpt lat="35.278552" lon="127.509895"><ele>646.7</ele><time>2023-09-08T17:48:31.000Z</time></trkpt>
      <trkpt lat="35.278591" lon="127.509923"><ele>647.5</ele><time>2023-09-08T17:48:31.000Z</time></trkpt>
      <trkpt lat="35.278630" lon="127.509950"><ele>648.2</ele><time>2023-09-08T17:48:43.000Z</time></trkpt>
      <trkpt lat="35.278670" lon="127.509975"><ele>648.8</ele><time>2023-09-08T17:48:43.000Z</time></trkpt>
      <trkpt lat="35.278711" lon="127.509998"><ele>649.4</ele><time>2023-09-08T17:49:03.000Z</time></trkpt>
      <trkpt lat="35.278751" lon="127.510022"><ele>650.0</ele><time>2023-09-08T17:49:03.000Z</time></trkpt>
      <trkpt lat="35.278791" lon="127.510048"><ele>650.4</ele><time>2023-09-08T17:49:18.000Z</time></trkpt>
      <trkpt lat="35.278829" lon="127.510077"><ele>650.7</ele><time>2023-09-08T17:49:18.000Z</time></trkpt>
      <trkpt lat="35.278864" lon="127.510112"><ele>651.0</ele><time>2023-09-08T17:49:25.000Z</time></trkpt>
      <trkpt lat="35.278895" lon="127.510151"><ele>651.3</ele><time>2023-09-08T17:49:25.000Z</time></trkpt>
      <trkpt lat="35.278923" lon="127.510194"><ele>651.5</ele><time>2023-09-08T17:50:31.000Z</time></trkpt>
      <trkpt lat="35.278955" lon="127.510233"><ele>651.7</ele><time>2023-09-08T17:50:31.000Z</time></trkpt>
      <trkpt lat="35.278992" lon="127.510264"><ele>651.9</ele><time>2023-09-08T17:50:40.000Z</time></trkpt>
      <trkpt lat="35.279030" lon="127.510294"><ele>652.1</ele><time>2023-09-08T17:50:40.000Z</time></trkpt>
      <trkpt lat="35.279068" lon="127.510322"><ele>652.2</ele><time>2023-09-08T17:50:52.000Z</time></trkpt>
      <trkpt lat="35.279109" lon="127.510346"><ele>652.3</ele><time>2023-09-08T17:50:52.000Z</time></trkpt>
      <trkpt lat="35.279150" lon="127.510368"><ele>652.4</ele><time>2023-09-08T17:51:04.000Z</time></trkpt>
      <trkpt lat="35.279190" lon="127.510392"><ele>652.6</ele><time>2023-09-08T17:51:13.000Z</time></trkpt>
      <trkpt lat="35.279230" lon="127.510417"><ele>652.8</ele><time>2023-09-08T17:51:13.000Z</time></trkpt>
      <trkpt lat="35.279270" lon="127.510442"><ele>653.1</ele><time>2023-09-08T17:51:21.000Z</time></trkpt>
      <trkpt lat="35.279311" lon="127.510467"><ele>653.5</ele><time>2023-09-08T17:51:21.000Z</time></trkpt>
      <trkpt lat="35.279349" lon="127.510495"><ele>653.9</ele><time>2023-09-08T17:51:27.000Z</time></trkpt>
      <trkpt lat="35.279386" lon="127.510527"><ele>654.3</ele><time>2023-09-08T17:51:27.000Z</time></trkpt>
      <trkpt lat="35.279424" lon="127.510556"><ele>654.8</ele><time>2023-09-08T17:51:42.000Z</time></trkpt>
      <trkpt lat="35.279466" lon="127.510576"><ele>655.2</ele><time>2023-09-08T17:51:49.000Z</time></trkpt>
      <trkpt lat="35.279508" lon="127.510597"><ele>655.7</ele><time>2023-09-08T17:51:49.000Z</time></trkpt>
      <trkpt lat="35.279547" lon="127.510624"><ele>656.1</ele><time>2023-09-08T17:52:02.000Z</time></trkpt>
      <trkpt lat="35.279583" lon="127.510657"><ele>656.6</ele><time>2023-09-08T17:52:02.000Z</time></trkpt>
      <trkpt lat="35.279618" lon="127.510692"><ele>657.1</ele><time>2023-09-08T17:52:08.000Z</time></trkpt>
      <trkpt lat="35.279654" lon="127.510724"><ele>657.6</ele><time>2023-09-08T17:52:08.000Z</time></trkpt>
      <trkpt lat="35.279692" lon="127.510754"><ele>658.2</ele><time>2023-09-08T17:52:23.000Z</time></trkpt>
      <trkpt lat="35.279730" lon="127.510784"><ele>659.0</ele><time>2023-09-08T17:52:23.000Z</time></trkpt>
      <trkpt lat="35.279766" lon="127.510815"><ele>659.8</ele><time>2023-09-08T17:52:29.000Z</time></trkpt>
      <trkpt lat="35.279804" lon="127.510845"><ele>660.7</ele><time>2023-09-08T17:52:29.000Z</time></trkpt>
      <trkpt lat="35.279843" lon="127.510873"><ele>661.7</ele><time>2023-09-08T17:52:43.000Z</time></trkpt>
      <trkpt lat="35.279883" lon="127.510898"><ele>662.8</ele><time>2023-09-08T17:52:58.000Z</time></trkpt>
      <trkpt lat="35.279924" lon="127.510920"><ele>663.9</ele><time>2023-09-08T17:52:58.000Z</time></trkpt>
      <trkpt lat="35.279966" lon="127.510941"><ele>665.0</ele><time>2023-09-08T17:53:11.000Z</time></trkpt>
      <trkpt lat="35.280008" lon="127.510961"><ele>666.1</ele><time>2023-09-08T17:53:11.000Z</time></trkpt>
      <trkpt lat="35.280050" lon="127.510980"><ele>667.2</ele><time>2023-09-08T17:53:29.000Z</time></trkpt>
      <trkpt lat="35.280091" lon="127.511001"><ele>668.2</ele><time>2023-09-08T17:53:29.000Z</time></trkpt>
      <trkpt lat="35.280131" lon="127.511027"><ele>669.4</ele><time>2023-09-08T17:53:44.000Z</time></trkpt>
      <trkpt lat="35.280171" lon="127.511052"><ele>670.5</ele><time>2023-09-08T17:53:44.000Z</time></trkpt>
      <trkpt lat="35.280212" lon="127.511076"><ele>671.5</ele><time>2023-09-08T17:53:51.000Z</time></trkpt>
      <trkpt lat="35.280253" lon="127.511096"><ele>672.6</ele><time>2023-09-08T17:53:51.000Z</time></trkpt>
      <trkpt lat="35.280295" lon="127.511116"><ele>673.6</ele><time>2023-09-08T17:54:12.000Z</time></trkpt>
      <trkpt lat="35.280337" lon="127.511138"><ele>674.5</ele><time>2023-09-08T17:54:12.000Z</time></trkpt>
      <trkpt lat="35.280376" lon="127.511165"><ele>675.4</ele><time>2023-09-08T17:54:30.000Z</time></trkpt>
      <trkpt lat="35.280414" lon="127.511194"><ele>676.4</ele><time>2023-09-08T17:54:30.000Z</time></trkpt>
      <trkpt lat="35.280454" lon="127.511219"><ele>677.3</ele><time>2023-09-08T17:54:30.000Z</time></trkpt>
      <trkpt lat="35.280495" lon="127.511242"><ele>678.3</ele><time>2023-09-08T17:54:53.000Z</time></trkpt>
      <trkpt lat="35.280536" lon="127.511264"><ele>679.3</ele><time>2023-09-08T17:54:53.000Z</time></trkpt>
      <trkpt lat="35.280580" lon="127.511275"><ele>680.4</ele><time>2023-09-08T17:55:07.000Z</time></trkpt>
      <trkpt lat="35.280625" lon="127.511273"><ele>681.6</ele><time>2023-09-08T17:55:22.000Z</time></trkpt>
      <trkpt lat="35.280669" lon="127.511262"><ele>682.7</ele><time>2023-09-08T17:55:22.000Z</time></trkpt>
      <trkpt lat="35.280713" lon="127.511251"><ele>683.8</ele><time>2023-09-08T17:55:32.000Z</time></trkpt>
      <trkpt lat="35.280758" lon="127.511246"><ele>684.8</ele><time>2023-09-08T17:55:32.000Z</time></trkpt>
      <trkpt lat="35.280802" lon="127.511246"><ele>685.7</ele><time>2023-09-08T17:55:48.000Z</time></trkpt>
      <trkpt lat="35.280847" lon="127.511254"><ele>686.7</ele><time>2023-09-08T17:55:48.000Z</time></trkpt>
      <trkpt lat="35.280890" lon="127.511269"><ele>687.6</ele><time>2023-09-08T17:56:01.000Z</time></trkpt>
      <trkpt lat="35.280931" lon="127.511291"><ele>688.6</ele><time>2023-09-08T17:56:01.000Z</time></trkpt>
      <trkpt lat="35.280970" lon="127.511318"><ele>689.6</ele><time>2023-09-08T17:56:01.000Z</time></trkpt>
      <trkpt lat="35.281009" lon="127.511346"><ele>690.6</ele><time>2023-09-08T17:56:15.000Z</time></trkpt>
      <trkpt lat="35.281048" lon="127.511374"><ele>691.6</ele><time>2023-09-08T17:56:15.000Z</time></trkpt>
      <trkpt lat="35.281086" lon="127.511404"><ele>692.6</ele><time>2023-09-08T17:56:37.000Z</time></trkpt>
      <trkpt lat="35.281123" lon="127.511435"><ele>693.7</ele><time>2023-09-08T17:56:37.000Z</time></trkpt>
      <trkpt lat="35.281162" lon="127.511462"><ele>694.7</ele><time>2023-09-08T17:56:50.000Z</time></trkpt>
      <trkpt lat="35.281202" lon="127.511487"><ele>695.8</ele><time>2023-09-08T17:56:56.000Z</time></trkpt>
      <trkpt lat="35.281240" lon="127.511515"><ele>696.8</ele><time>2023-09-08T17:56:56.000Z</time></trkpt>
      <trkpt lat="35.281275" lon="127.511551"><ele>697.7</ele><time>2023-09-08T17:57:11.000Z</time></trkpt>
      <trkpt lat="35.281309" lon="127.511587"><ele>698.7</ele><time>2023-09-08T17:57:11.000Z</time></trkpt>
      <trkpt lat="35.281345" lon="127.511620"><ele>699.7</ele><time>2023-09-08T17:57:26.000Z</time></trkpt>
      <trkpt lat="35.281381" lon="127.511652"><ele>700.7</ele><time>2023-09-08T17:57:26.000Z</time></trkpt>
      <trkpt lat="35.281419" lon="127.511682"><ele>701.9</ele><time>2023-09-08T17:57:35.000Z</time></trkpt>
      <trkpt lat="35.281458" lon="127.511709"><ele>703.0</ele><time>2023-09-08T17:57:35.000Z</time></trkpt>
      <trkpt lat="35.281497" lon="127.511737"><ele>704.2</ele><time>2023-09-08T17:57:46.000Z</time></trkpt>
      <trkpt lat="35.281537" lon="127.511762"><ele>705.5</ele><time>2023-09-08T17:57:59.000Z</time></trkpt>
      <trkpt lat="35.281580" lon="127.511778"><ele>706.7</ele><time>2023-09-08T17:57:59.000Z</time></trkpt>
      <trkpt lat="35.281624" lon="127.511785"><ele>707.9</ele><time>2023-09-08T17:58:16.000Z</time></trkpt>
      <trkpt lat="35.281669" lon="127.511788"><ele>709.1</ele><time>2023-09-08T17:58:16.000Z</time></trkpt>
      <trkpt lat="35.281714" lon="127.511789"><ele>710.3</ele><time>2023-09-08T17:58:33.000Z</time></trkpt>
      <trkpt lat="35.281759" lon="127.511793"><ele>711.5</ele><time>2023-09-08T17:58:33.000Z</time></trkpt>
      <trkpt lat="35.281803" lon="127.511806"><ele>712.7</ele><time>2023-09-08T17:58:39.000Z</time></trkpt>
      <trkpt lat="35.281842" lon="127.511831"><ele>713.9</ele><time>2023-09-08T17:58:39.000Z</time></trkpt>
      <trkpt lat="35.281876" lon="127.511868"><ele>715.0</ele><time>2023-09-08T17:58:58.000Z</time></trkpt>
      <trkpt lat="35.281908" lon="127.511906"><ele>716.1</ele><time>2023-09-08T17:58:58.000Z</time></trkpt>
      <trkpt lat="35.281938" lon="127.511947"><ele>717.2</ele><time>2023-09-08T17:59:13.000Z</time></trkpt>
      <trkpt lat="35.281965" lon="127.511992"><ele>718.4</ele><time>2023-09-08T17:59:13.000Z</time></trkpt>
      <trkpt lat="35.281987" lon="127.512039"><ele>719.5</ele><time>2023-09-08T17:59:21.000Z</time></trkpt>
      <trkpt lat="35.282012" lon="127.512085"><ele>720.7</ele><time>2023-09-08T17:59:21.000Z</time></trkpt>
      <trkpt lat="35.282046" lon="127.512122"><ele>721.8</ele><time>2023-09-08T17:59:35.000Z</time></trkpt>
      <trkpt lat="35.282086" lon="127.512145"><ele>722.9</ele><time>2023-09-08T17:59:35.000Z</time></trkpt>
      <trkpt lat="35.282130" lon="127.512160"><ele>724.0</ele><time>2023-09-08T17:59:54.000Z</time></trkpt>
      <trkpt lat="35.282173" lon="127.512176"><ele>724.9</ele><time>2023-09-08T18:00:11.000Z</time></trkpt>
      <trkpt lat="35.282215" lon="127.512196"><ele>725.7</ele><time>2023-09-08T18:00:11.000Z</time></trkpt>
      <trkpt lat="35.282254" lon="127.512221"><ele>726.4</ele><time>2023-09-08T18:00:11.000Z</time></trkpt>
      <trkpt lat="35.282294" lon="127.512248"><ele>727.0</ele><time>2023-09-08T18:00:23.000Z</time></trkpt>
      <trkpt lat="35.282332" lon="127.512277"><ele>727.6</ele><time>2023-09-08T18:00:23.000Z</time></trkpt>
      <trkpt lat="35.282368" lon="127.512309"><ele>728.2</ele><time>2023-09-08T18:00:40.000Z</time></trkpt>
      <trkpt lat="35.282399" lon="127.512350"><ele>728.7</ele><time>2023-09-08T18:00:40.000Z</time></trkpt>
      <trkpt lat="35.282417" lon="127.512400"><ele>729.3</ele><time>2023-09-08T18:00:52.000Z</time></trkpt>
      <trkpt lat="35.282426" lon="127.512454"><ele>729.9</ele><time>2023-09-08T18:00:52.000Z</time></trkpt>
      <trkpt lat="35.282443" lon="127.512505"><ele>730.5</ele><time>2023-09-08T18:01:05.000Z</time></trkpt>
      <trkpt lat="35.282470" lon="127.512549"><ele>731.1</ele><time>2023-09-08T18:01:05.000Z</time></trkpt>
      <trkpt lat="35.282503" lon="127.512586"><ele>731.8</ele><time>2023-09-08T18:01:16.000Z</time></trkpt>
      <trkpt lat="35.282539" lon="127.512619"><ele>732.4</ele><time>2023-09-08T18:01:33.000Z</time></trkpt>
      <trkpt lat="35.282576" lon="127.512651"><ele>733.2</ele><time>2023-09-08T18:01:33.000Z</time></trkpt>
      <trkpt lat="35.282607" lon="127.512690"><ele>734.0</ele><time>2023-09-08T18:01:45.000Z</time></trkpt>
      <trkpt lat="35.282630" lon="127.512738"><ele>734.7</ele><time>2023-09-08T18:01:45.000Z</time></trkpt>
      <trkpt lat="35.282652" lon="127.512786"><ele>735.5</ele><time>2023-09-08T18:01:58.000Z</time></trkpt>
      <trkpt lat="35.282677" lon="127.512832"><ele>736.3</ele><time>2023-09-08T18:01:58.000Z</time></trkpt>
      <trkpt lat="35.282703" lon="127.512876"><ele>737.0</ele><time>2023-09-08T18:02:10.000Z</time></trkpt>
      <trkpt lat="35.282728" lon="127.512922"><ele>737.7</ele><time>2023-09-08T18:02:10.000Z</time></trkpt>
      <trkpt lat="35.282746" lon="127.512973"><ele>738.4</ele><time>2023-09-08T18:02:23.000Z</time></trkpt>
      <trkpt lat="35.282762" lon="127.513024"><ele>739.1</ele><time>2023-09-08T18:02:33.000Z</time></trkpt>
      <trkpt lat="35.282782" lon="127.513074"><ele>739.8</ele><time>2023-09-08T18:02:33.000Z</time></trkpt>
      <trkpt lat="35.282804" lon="127.513122"><ele>740.5</ele><time>2023-09-08T18:02:43.000Z</time></trkpt>
      <trkpt lat="35.282827" lon="127.513169"><ele>741.2</ele><time>2023-09-08T18:02:43.000Z</time></trkpt>
      <trkpt lat="35.282847" lon="127.513218"><ele>741.9</ele><time>2023-09-08T18:03:00.000Z</time></trkpt>
      <trkpt lat="35.282866" lon="127.513268"><ele>742.8</ele><time>2023-09-08T18:03:00.000Z</time></trkpt>
      <trkpt lat="35.282886" lon="127.513317"><ele>743.9</ele><time>2023-09-08T18:03:07.000Z</time></trkpt>
      <trkpt lat="35.282919" lon="127.513354"><ele>745.2</ele><time>2023-09-08T18:03:07.000Z</time></trkpt>
      <trkpt lat="35.282964" lon="127.513359"><ele>746.5</ele><time>2023-09-08T18:03:19.000Z</time></trkpt>
      <trkpt lat="35.283007" lon="127.513348"><ele>747.8</ele><time>2023-09-08T18:03:35.000Z</time></trkpt>
      <trkpt lat="35.283052" lon="127.513339"><ele>749.3</ele><time>2023-09-08T18:03:35.000Z</time></trkpt>
      <trkpt lat="35.283097" lon="127.513342"><ele>750.8</ele><time>2023-09-08T18:03:47.000Z</time></trkpt>
      <trkpt lat="35.283141" lon="127.513339"><ele>752.3</ele><time>2023-09-08T18:04:29.000Z</time></trkpt>
      <trkpt lat="35.283185" lon="127.513327"><ele>754.0</ele><time>2023-09-08T18:04:50.000Z</time></trkpt>
      <trkpt lat="35.283230" lon="127.513325"><ele>755.7</ele><time>2023-09-08T18:04:50.000Z</time></trkpt>
      <trkpt lat="35.283275" lon="127.513327"><ele>757.3</ele><time>2023-09-08T18:04:50.000Z</time></trkpt>
      <trkpt lat="35.283319" lon="127.513318"><ele>759.0</ele><time>2023-09-08T18:05:10.000Z</time></trkpt>
      <trkpt lat="35.283363" lon="127.513304"><ele>760.7</ele><time>2023-09-08T18:05:10.000Z</time></trkpt>
      <trkpt lat="35.283407" lon="127.513295"><ele>762.4</ele><time>2023-09-08T18:05:28.000Z</time></trkpt>
      <trkpt lat="35.283452" lon="127.513295"><ele>764.2</ele><time>2023-09-08T18:05:43.000Z</time></trkpt>
      <trkpt lat="35.283496" lon="127.513302"><ele>766.1</ele><time>2023-09-08T18:05:43.000Z</time></trkpt>
      <trkpt lat="35.283541" lon="127.513306"><ele>768.0</ele><time>2023-09-08T18:06:05.000Z</time></trkpt>
      <trkpt lat="35.283586" lon="127.513307"><ele>770.0</ele><time>2023-09-08T18:06:05.000Z</time></trkpt>
      <trkpt lat="35.283631" lon="127.513310"><ele>772.1</ele><time>2023-09-08T18:06:24.000Z</time></trkpt>
      <trkpt lat="35.283674" lon="127.513324"><ele>774.1</ele><time>2023-09-08T18:06:24.000Z</time></trkpt>
      <trkpt lat="35.283716" lon="127.513345"><ele>776.1</ele><time>2023-09-08T18:06:45.000Z</time></trkpt>
      <trkpt lat="35.283758" lon="127.513364"><ele>778.1</ele><time>2023-09-08T18:07:10.000Z</time></trkpt>
      <trkpt lat="35.283801" lon="127.513379"><ele>780.0</ele><time>2023-09-08T18:07:10.000Z</time></trkpt>
      <trkpt lat="35.283844" lon="127.513397"><ele>781.9</ele><time>2023-09-08T18:07:33.000Z</time></trkpt>
      <trkpt lat="35.283883" lon="127.513424"><ele>783.7</ele><time>2023-09-08T18:07:33.000Z</time></trkpt>
      <trkpt lat="35.283918" lon="127.513457"><ele>785.6</ele><time>2023-09-08T18:07:54.000Z</time></trkpt>
      <trkpt lat="35.283951" lon="127.513496"><ele>787.4</ele><time>2023-09-08T18:07:54.000Z</time></trkpt>
      <trkpt lat="35.283982" lon="127.513536"><ele>789.3</ele><time>2023-09-08T18:08:13.000Z</time></trkpt>
      <trkpt lat="35.284014" lon="127.513574"><ele>791.2</ele><time>2023-09-08T18:08:13.000Z</time></trkpt>
      <trkpt lat="35.284050" lon="127.513607"><ele>793.1</ele><time>2023-09-08T18:08:33.000Z</time></trkpt>
      <trkpt lat="35.284090" lon="127.513630"><ele>795.0</ele><time>2023-09-08T18:08:54.000Z</time></trkpt>
      <trkpt lat="35.284133" lon="127.513646"><ele>796.9</ele><time>2023-09-08T18:08:54.000Z</time></trkpt>
      <trkpt lat="35.284177" lon="127.513660"><ele>798.9</ele><time>2023-09-08T18:09:14.000Z</time></trkpt>
      <trkpt lat="35.284220" lon="127.513677"><ele>800.8</ele><time>2023-09-08T18:09:14.000Z</time></trkpt>
      <trkpt lat="35.284261" lon="127.513699"><ele>802.7</ele><time>2023-09-08T18:09:35.000Z</time></trkpt>
      <trkpt lat="35.284298" lon="127.513729"><ele>804.6</ele><time>2023-09-08T18:09:59.000Z</time></trkpt>
      <trkpt lat="35.284331" lon="127.513767"><ele>806.4</ele><time>2023-09-08T18:09:59.000Z</time></trkpt>
      <trkpt lat="35.284358" lon="127.513811"><ele>808.2</ele><time>2023-09-08T18:10:18.000Z</time></trkpt>
      <trkpt lat="35.284386" lon="127.513854"><ele>809.9</ele><time>2023-09-08T18:10:18.000Z</time></trkpt>
      <trkpt lat="35.284420" lon="127.513889"><ele>811.7</ele><time>2023-09-08T18:10:39.000Z</time></trkpt>
      <trkpt lat="35.284458" lon="127.513918"><ele>813.5</ele><time>2023-09-08T18:10:39.000Z</time></trkpt>
      <trkpt lat="35.284496" lon="127.513947"><ele>815.3</ele><time>2023-09-08T18:10:59.000Z</time></trkpt>
      <trkpt lat="35.284529" lon="127.513984"><ele>816.9</ele><time>2023-09-08T18:14:02.000Z</time></trkpt>
      <trkpt lat="35.284561" lon="127.514023"><ele>818.2</ele><time>2023-09-08T18:19:26.000Z</time></trkpt>
      <trkpt lat="35.284598" lon="127.514053"><ele>819.4</ele><time>2023-09-08T18:19:26.000Z</time></trkpt>
      <trkpt lat="35.284637" lon="127.514082"><ele>820.2</ele><time>2023-09-08T18:19:34.000Z</time></trkpt>
      <trkpt lat="35.284669" lon="127.514119"><ele>821.0</ele><time>2023-09-08T18:19:34.000Z</time></trkpt>
      <trkpt lat="35.284692" lon="127.514166"><ele>821.6</ele><time>2023-09-08T18:19:51.000Z</time></trkpt>
      <trkpt lat="35.284705" lon="127.514219"><ele>822.4</ele><time>2023-09-08T18:19:51.000Z</time></trkpt>
      <trkpt lat="35.284718" lon="127.514271"><ele>823.3</ele><time>2023-09-08T18:20:08.000Z</time></trkpt>
      <trkpt lat="35.284735" lon="127.514322"><ele>824.3</ele><time>2023-09-08T18:20:08.000Z</time></trkpt>
      <trkpt lat="35.284752" lon="127.514373"><ele>825.4</ele><time>2023-09-08T18:20:14.000Z</time></trkpt>
      <trkpt lat="35.284769" lon="127.514424"><ele>826.7</ele><time>2023-09-08T18:20:28.000Z</time></trkpt>
      <trkpt lat="35.284789" lon="127.514474"><ele>827.9</ele><time>2023-09-08T18:20:28.000Z</time></trkpt>
      <trkpt lat="35.284805" lon="127.514525"><ele>829.0</ele><time>2023-09-08T18:20:44.000Z</time></trkpt>
      <trkpt lat="35.284820" lon="127.514576"><ele>830.0</ele><time>2023-09-08T18:20:56.000Z</time></trkpt>
      <trkpt lat="35.284847" lon="127.514619"><ele>830.8</ele><time>2023-09-08T18:20:56.000Z</time></trkpt>
      <trkpt lat="35.284883" lon="127.514653"><ele>831.4</ele><time>2023-09-08T18:21:35.000Z</time></trkpt>
      <trkpt lat="35.284921" lon="127.514682"><ele>831.8</ele><time>2023-09-08T18:21:35.000Z</time></trkpt>
      <trkpt lat="35.284962" lon="127.514705"><ele>832.1</ele><time>2023-09-08T18:21:35.000Z</time></trkpt>
      <trkpt lat="35.285005" lon="127.514715"><ele>832.4</ele><time>2023-09-08T18:21:51.000Z</time></trkpt>
      <trkpt lat="35.285050" lon="127.514715"><ele>832.5</ele><time>2023-09-08T18:21:51.000Z</time></trkpt>
      <trkpt lat="35.285094" lon="127.514721"><ele>832.6</ele><time>2023-09-08T18:21:58.000Z</time></trkpt>
      <trkpt lat="35.285135" lon="127.514744"><ele>832.6</ele><time>2023-09-08T18:21:58.000Z</time></trkpt>
      <trkpt lat="35.285171" lon="127.514777"><ele>832.6</ele><time>2023-09-08T18:21:58.000Z</time></trkpt>
      <trkpt lat="35.285204" lon="127.514814"><ele>832.5</ele><time>2023-09-08T18:22:12.000Z</time></trkpt>
      <trkpt lat="35.285237" lon="127.514852"><ele>832.5</ele><time>2023-09-08T18:22:19.000Z</time></trkpt>
      <trkpt lat="35.285273" lon="127.514884"><ele>832.5</ele><time>2023-09-08T18:22:19.000Z</time></trkpt>
      <trkpt lat="35.285314" lon="127.514907"><ele>832.7</ele><time>2023-09-08T18:22:31.000Z</time></trkpt>
      <trkpt lat="35.285357" lon="127.514920"><ele>832.9</ele><time>2023-09-08T18:22:31.000Z</time></trkpt>
      <trkpt lat="35.285402" lon="127.514929"><ele>833.2</ele><time>2023-09-08T18:22:39.000Z</time></trkpt>
      <trkpt lat="35.285446" lon="127.514934"><ele>833.5</ele><time>2023-09-08T18:22:39.000Z</time></trkpt>
      <trkpt lat="35.285491" lon="127.514935"><ele>834.0</ele><time>2023-09-08T18:22:56.000Z</time></trkpt>
      <trkpt lat="35.285536" lon="127.514935"><ele>834.5</ele><time>2023-09-08T18:23:13.000Z</time></trkpt>
      <trkpt lat="35.285581" lon="127.514939"><ele>834.9</ele><time>2023-09-08T18:23:13.000Z</time></trkpt>
      <trkpt lat="35.285625" lon="127.514949"><ele>835.3</ele><time>2023-09-08T18:23:26.000Z</time></trkpt>
      <trkpt lat="35.285667" lon="127.514969"><ele>835.6</ele><time>2023-09-08T18:23:26.000Z</time></trkpt>
      <trkpt lat="35.285705" lon="127.514998"><ele>835.7</ele><time>2023-09-08T18:23:38.000Z</time></trkpt>
      <trkpt lat="35.285739" lon="127.515034"><ele>835.7</ele><time>2023-09-08T18:23:38.000Z</time></trkpt>
      <trkpt lat="35.285772" lon="127.515072"><ele>835.6</ele><time>2023-09-08T18:23:58.000Z</time></trkpt>
      <trkpt lat="35.285806" lon="127.515107"><ele>835.4</ele><time>2023-09-08T18:23:58.000Z</time></trkpt>
      <trkpt lat="35.285845" lon="127.515135"><ele>835.4</ele><time>2023-09-08T18:24:10.000Z</time></trkpt>
      <trkpt lat="35.285884" lon="127.515161"><ele>835.4</ele><time>2023-09-08T18:24:10.000Z</time></trkpt>
      <trkpt lat="35.285923" lon="127.515189"><ele>835.5</ele><time>2023-09-08T18:24:22.000Z</time></trkpt>
      <trkpt lat="35.285964" lon="127.515213"><ele>835.8</ele><time>2023-09-08T18:24:22.000Z</time></trkpt>
      <trkpt lat="35.286006" lon="127.515231"><ele>836.3</ele><time>2023-09-08T18:24:36.000Z</time></trkpt>
      <trkpt lat="35.286050" lon="127.515244"><ele>837.0</ele><time>2023-09-08T18:24:36.000Z</time></trkpt>
      <trkpt lat="35.286093" lon="127.515257"><ele>838.0</ele><time>2023-09-08T18:24:43.000Z</time></trkpt>
      <trkpt lat="35.286137" lon="127.515270"><ele>839.2</ele><time>2023-09-08T18:24:43.000Z</time></trkpt>
      <trkpt lat="35.286181" lon="127.515279"><ele>840.6</ele><time>2023-09-08T18:24:56.000Z</time></trkpt>
      <trkpt lat="35.286226" lon="127.515288"><ele>842.1</ele><time>2023-09-08T18:25:02.000Z</time></trkpt>
      <trkpt lat="35.286270" lon="127.515294"><ele>843.7</ele><time>2023-09-08T18:25:02.000Z</time></trkpt>
      <trkpt lat="35.286315" lon="127.515295"><ele>845.4</ele><time>2023-09-08T18:25:24.000Z</time></trkpt>
      <trkpt lat="35.286360" lon="127.515298"><ele>847.1</ele><time>2023-09-08T18:25:24.000Z</time></trkpt>
      <trkpt lat="35.286404" lon="127.515308"><ele>849.0</ele><time>2023-09-08T18:25:45.000Z</time></trkpt>
      <trkpt lat="35.286449" lon="127.515315"><ele>850.8</ele><time>2023-09-08T18:25:45.000Z</time></trkpt>
      <trkpt lat="35.286494" lon="127.515314"><ele>852.6</ele><time>2023-09-08T18:26:23.000Z</time></trkpt>
      <trkpt lat="35.286539" lon="127.515314"><ele>854.4</ele><time>2023-09-08T18:26:23.000Z</time></trkpt>
      <trkpt lat="35.286584" lon="127.515316"><ele>856.0</ele><time>2023-09-08T18:26:39.000Z</time></trkpt>
      <trkpt lat="35.286628" lon="127.515315"><ele>857.6</ele><time>2023-09-08T18:26:39.000Z</time></trkpt>
      <trkpt lat="35.286673" lon="127.515309"><ele>859.1</ele><time>2023-09-08T18:27:07.000Z</time></trkpt>
      <trkpt lat="35.286718" lon="127.515302"><ele>860.5</ele><time>2023-09-08T18:27:07.000Z</time></trkpt>
      <trkpt lat="35.286762" lon="127.515306"><ele>861.8</ele><time>2023-09-08T18:27:45.000Z</time></trkpt>
      <trkpt lat="35.286804" lon="127.515325"><ele>863.1</ele><time>2023-09-08T18:27:45.000Z</time></trkpt>
      <trkpt lat="35.286842" lon="127.515354"><ele>864.1</ele><time>2023-09-08T18:28:01.000Z</time></trkpt>
      <trkpt lat="35.286880" lon="127.515384"><ele>865.0</ele><time>2023-09-08T18:28:01.000Z</time></trkpt>
      <trkpt lat="35.286920" lon="127.515409"><ele>865.8</ele><time>2023-09-08T18:28:17.000Z</time></trkpt>
      <trkpt lat="35.286961" lon="127.515429"><ele>866.5</ele><time>2023-09-08T18:28:17.000Z</time></trkpt>
      <trkpt lat="35.287004" lon="127.515447"><ele>867.1</ele><time>2023-09-08T18:28:29.000Z</time></trkpt>
      <trkpt lat="35.287046" lon="127.515468"><ele>867.7</ele><time>2023-09-08T18:28:29.000Z</time></trkpt>
      <trkpt lat="35.287085" lon="127.515493"><ele>868.2</ele><time>2023-09-08T18:28:47.000Z</time></trkpt>
      <trkpt lat="35.287122" lon="127.515526"><ele>868.7</ele><time>2023-09-08T18:28:47.000Z</time></trkpt>
      <trkpt lat="35.287154" lon="127.515564"><ele>869.3</ele><time>2023-09-08T18:28:58.000Z</time></trkpt>
      <trkpt lat="35.287184" lon="127.515604"><ele>869.7</ele><time>2023-09-08T18:28:58.000Z</time></trkpt>
      <trkpt lat="35.287215" lon="127.515644"><ele>870.2</ele><time>2023-09-08T18:29:10.000Z</time></trkpt>
      <trkpt lat="35.287250" lon="127.515680"><ele>870.8</ele><time>2023-09-08T18:29:10.000Z</time></trkpt>
      <trkpt lat="35.287289" lon="127.515705"><ele>871.3</ele><time>2023-09-08T18:29:23.000Z</time></trkpt>
      <trkpt lat="35.287332" lon="127.515723"><ele>872.0</ele><time>2023-09-08T18:29:23.000Z</time></trkpt>
      <trkpt lat="35.287374" lon="127.515742"><ele>872.8</ele><time>2023-09-08T18:29:30.000Z</time></trkpt>
      <trkpt lat="35.287413" lon="127.515768"><ele>873.8</ele><time>2023-09-08T18:29:30.000Z</time></trkpt>
      <trkpt lat="35.287449" lon="127.515801"><ele>874.9</ele><time>2023-09-08T18:29:48.000Z</time></trkpt>
      <trkpt lat="35.287485" lon="127.515834"><ele>876.0</ele><time>2023-09-08T18:29:48.000Z</time></trkpt>
      <trkpt lat="35.287523" lon="127.515865"><ele>877.2</ele><time>2023-09-08T18:30:04.000Z</time></trkpt>
      <trkpt lat="35.287560" lon="127.515895"><ele>878.4</ele><time>2023-09-08T18:30:24.000Z</time></trkpt>
      <trkpt lat="35.287598" lon="127.515924"><ele>879.6</ele><time>2023-09-08T18:30:24.000Z</time></trkpt>
      <trkpt lat="35.287637" lon="127.515952"><ele>880.8</ele><time>2023-09-08T18:30:40.000Z</time></trkpt>
      <trkpt lat="35.287675" lon="127.515981"><ele>882.1</ele><time>2023-09-08T18:30:40.000Z</time></trkpt>
      <trkpt lat="35.287710" lon="127.516016"><ele>883.4</ele><time>2023-09-08T18:30:50.000Z</time></trkpt>
      <trkpt lat="35.287738" lon="127.516058"><ele>884.7</ele><time>2023-09-08T18:30:50.000Z</time></trkpt>
      <trkpt lat="35.287767" lon="127.516100"><ele>886.0</ele><time>2023-09-08T18:31:10.000Z</time></trkpt>
      <trkpt lat="35.287801" lon="127.516136"><ele>887.4</ele><time>2023-09-08T18:31:10.000Z</time></trkpt>
      <trkpt lat="35.287837" lon="127.516168"><ele>888.8</ele><time>2023-09-08T18:31:31.000Z</time></trkpt>
      <trkpt lat="35.287873" lon="127.516203"><ele>890.2</ele><time>2023-09-08T18:31:47.000Z</time></trkpt>
      <trkpt lat="35.287910" lon="127.516232"><ele>891.6</ele><time>2023-09-08T18:31:47.000Z</time></trkpt>
      <trkpt lat="35.287952" lon="127.516252"><ele>892.9</ele><time>2023-09-08T18:32:03.000Z</time></trkpt>
      <trkpt lat="35.287993" lon="127.516274"><ele>894.1</ele><time>2023-09-08T18:32:03.000Z</time></trkpt>
      <trkpt lat="35.288030" lon="127.516305"><ele>895.2</ele><time>2023-09-08T18:32:14.000Z</time></trkpt>
      <trkpt lat="35.288065" lon="127.516339"><ele>896.3</ele><time>2023-09-08T18:32:14.000Z</time></trkpt>
      <trkpt lat="35.288099" lon="127.516374"><ele>897.3</ele><time>2023-09-08T18:32:14.000Z</time></trkpt>
      <trkpt lat="35.288131" lon="127.516413"><ele>898.4</ele><time>2023-09-08T18:32:33.000Z</time></trkpt>
      <trkpt lat="35.288159" lon="127.516456"><ele>899.5</ele><time>2023-09-08T18:32:33.000Z</time></trkpt>
      <trkpt lat="35.288188" lon="127.516498"><ele>900.6</ele><time>2023-09-08T18:32:48.000Z</time></trkpt>
      <trkpt lat="35.288221" lon="127.516536"><ele>901.7</ele><time>2023-09-08T18:33:05.000Z</time></trkpt>
      <trkpt lat="35.288255" lon="127.516573"><ele>902.7</ele><time>2023-09-08T18:33:05.000Z</time></trkpt>
      <trkpt lat="35.288285" lon="127.516613"><ele>903.8</ele><time>2023-09-08T18:33:17.000Z</time></trkpt>
      <trkpt lat="35.288311" lon="127.516657"><ele>904.7</ele><time>2023-09-08T18:33:17.000Z</time></trkpt>
      <trkpt lat="35.288333" lon="127.516706"><ele>905.6</ele><time>2023-09-08T18:33:30.000Z</time></trkpt>
      <trkpt lat="35.288352" lon="127.516756"><ele>906.6</ele><time>2023-09-08T18:33:30.000Z</time></trkpt>
      <trkpt lat="35.288375" lon="127.516802"><ele>907.5</ele><time>2023-09-08T18:33:37.000Z</time></trkpt>
      <trkpt lat="35.288407" lon="127.516840"><ele>908.5</ele><time>2023-09-08T18:33:37.000Z</time></trkpt>
      <trkpt lat="35.288444" lon="127.516871"><ele>909.7</ele><time>2023-09-08T18:33:55.000Z</time></trkpt>
      <trkpt lat="35.288481" lon="127.516903"><ele>910.9</ele><time>2023-09-08T18:34:16.000Z</time></trkpt>
      <trkpt lat="35.288516" lon="127.516938"><ele>912.1</ele><time>2023-09-08T18:34:16.000Z</time></trkpt>
      <trkpt lat="35.288549" lon="127.516976"><ele>913.3</ele><time>2023-09-08T18:34:32.000Z</time></trkpt>
      <trkpt lat="35.288582" lon="127.517013"><ele>914.5</ele><time>2023-09-08T18:34:32.000Z</time></trkpt>
      <trkpt lat="35.288616" lon="127.517049"><ele>915.7</ele><time>2023-09-08T18:34:52.000Z</time></trkpt>
      <trkpt lat="35.288653" lon="127.517080"><ele>916.8</ele><time>2023-09-08T18:34:52.000Z</time></trkpt>
      <trkpt lat="35.288693" lon="127.517105"><ele>917.9</ele><time>2023-09-08T18:35:08.000Z</time></trkpt>
      <trkpt lat="35.288735" lon="127.517124"><ele>919.0</ele><time>2023-09-08T18:35:08.000Z</time></trkpt>
      <trkpt lat="35.288778" lon="127.517138"><ele>920.1</ele><time>2023-09-08T18:35:20.000Z</time></trkpt>
      <trkpt lat="35.288822" lon="127.517152"><ele>921.3</ele><time>2023-09-08T18:35:34.000Z</time></trkpt>
      <trkpt lat="35.288865" lon="127.517166"><ele>922.5</ele><time>2023-09-08T18:35:34.000Z</time></trkpt>
      <trkpt lat="35.288908" lon="127.517182"><ele>923.9</ele><time>2023-09-08T18:35:49.000Z</time></trkpt>
      <trkpt lat="35.288951" lon="127.517199"><ele>925.4</ele><time>2023-09-08T18:35:49.000Z</time></trkpt>
      <trkpt lat="35.288995" lon="127.517207"><ele>927.0</ele><time>2023-09-08T18:36:01.000Z</time></trkpt>
      <trkpt lat="35.289039" lon="127.517199"><ele>928.6</ele><time>2023-09-08T18:36:35.000Z</time></trkpt>
      <trkpt lat="35.289083" lon="127.517191"><ele>930.2</ele><time>2023-09-08T18:36:35.000Z</time></trkpt>
      <trkpt lat="35.289127" lon="127.517197"><ele>931.7</ele><time>2023-09-08T18:36:48.000Z</time></trkpt>
      <trkpt lat="35.289171" lon="127.517208"><ele>933.2</ele><time>2023-09-08T18:36:48.000Z</time></trkpt>
      <trkpt lat="35.289216" lon="127.517216"><ele>934.6</ele><time>2023-09-08T18:37:03.000Z</time></trkpt>
      <trkpt lat="35.289261" lon="127.517220"><ele>936.0</ele><time>2023-09-08T18:37:03.000Z</time></trkpt>
      <trkpt lat="35.289305" lon="127.517223"><ele>937.4</ele><time>2023-09-08T18:37:20.000Z</time></trkpt>
      <trkpt lat="35.289350" lon="127.517226"><ele>938.8</ele><time>2023-09-08T18:37:20.000Z</time></trkpt>
      <trkpt lat="35.289395" lon="127.517225"><ele>940.2</ele><time>2023-09-08T18:37:36.000Z</time></trkpt>
      <trkpt lat="35.289440" lon="127.517220"><ele>941.7</ele><time>2023-09-08T18:37:36.000Z</time></trkpt>
      <trkpt lat="35.289485" lon="127.517219"><ele>943.2</ele><time>2023-09-08T18:38:04.000Z</time></trkpt>
      <trkpt lat="35.289530" lon="127.517224"><ele>944.6</ele><time>2023-09-08T18:38:04.000Z</time></trkpt>
      <trkpt lat="35.289574" lon="127.517231"><ele>946.1</ele><time>2023-09-08T18:38:24.000Z</time></trkpt>
      <trkpt lat="35.289619" lon="127.517236"><ele>947.5</ele><time>2023-09-08T18:38:58.000Z</time></trkpt>
      <trkpt lat="35.289663" lon="127.517247"><ele>948.9</ele><time>2023-09-08T18:38:58.000Z</time></trkpt>
      <trkpt lat="35.289705" lon="127.517266"><ele>950.3</ele><time>2023-09-08T18:39:06.000Z</time></trkpt>
      <trkpt lat="35.289747" lon="127.517286"><ele>951.7</ele><time>2023-09-08T18:39:06.000Z</time></trkpt>
      <trkpt lat="35.289788" lon="127.517309"><ele>953.1</ele><time>2023-09-08T18:39:24.000Z</time></trkpt>
      <trkpt lat="35.289827" lon="127.517335"><ele>954.4</ele><time>2023-09-08T18:39:24.000Z</time></trkpt>
      <trkpt lat="35.289867" lon="127.517361"><ele>955.8</ele><time>2023-09-08T18:39:45.000Z</time></trkpt>
      <trkpt lat="35.289908" lon="127.517384"><ele>957.1</ele><time>2023-09-08T18:39:45.000Z</time></trkpt>
      <trkpt lat="35.289949" lon="127.517407"><ele>958.5</ele><time>2023-09-08T18:40:01.000Z</time></trkpt>
      <trkpt lat="35.289990" lon="127.517429"><ele>960.0</ele><time>2023-09-08T18:40:17.000Z</time></trkpt>
      <trkpt lat="35.290031" lon="127.517451"><ele>961.4</ele><time>2023-09-08T18:40:17.000Z</time></trkpt>
      <trkpt lat="35.290073" lon="127.517471"><ele>962.8</ele><time>2023-09-08T18:40:42.000Z</time></trkpt>
      <trkpt lat="35.290116" lon="127.517487"><ele>964.1</ele><time>2023-09-08T18:40:42.000Z</time></trkpt>
      <trkpt lat="35.290160" lon="127.517498"><ele>965.5</ele><time>2023-09-08T18:41:02.000Z</time></trkpt>
      <trkpt lat="35.290204" lon="127.517506"><ele>967.0</ele><time>2023-09-08T18:41:02.000Z</time></trkpt>
      <trkpt lat="35.290249" lon="127.517509"><ele>968.4</ele><time>2023-09-08T18:41:22.000Z</time></trkpt>
      <trkpt lat="35.290294" lon="127.517506"><ele>969.8</ele><time>2023-09-08T18:41:22.000Z</time></trkpt>
      <trkpt lat="35.290339" lon="127.517503"><ele>971.2</ele><time>2023-09-08T18:41:44.000Z</time></trkpt>
      <trkpt lat="35.290384" lon="127.517507"><ele>972.7</ele><time>2023-09-08T18:41:44.000Z</time></trkpt>
      <trkpt lat="35.290424" lon="127.517527"><ele>974.1</ele><time>2023-09-08T18:42:04.000Z</time></trkpt>
      <trkpt lat="35.290459" lon="127.517562"><ele>975.6</ele><time>2023-09-08T18:42:04.000Z</time></trkpt>
      <trkpt lat="35.290492" lon="127.517600"><ele>977.1</ele><time>2023-09-08T18:42:16.000Z</time></trkpt>
      <trkpt lat="35.290521" lon="127.517641"><ele>978.7</ele><time>2023-09-08T18:42:38.000Z</time></trkpt>
      <trkpt lat="35.290550" lon="127.517683"><ele>980.2</ele><time>2023-09-08T18:42:38.000Z</time></trkpt>
      <trkpt lat="35.290587" lon="127.517713"><ele>981.8</ele><time>2023-09-08T18:43:22.000Z</time></trkpt>
      <trkpt lat="35.290629" lon="127.517731"><ele>983.3</ele><time>2023-09-08T18:43:22.000Z</time></trkpt>
      <trkpt lat="35.290672" lon="127.517749"><ele>984.8</ele><time>2023-09-08T18:43:42.000Z</time></trkpt>
      <trkpt lat="35.290713" lon="127.517770"><ele>986.3</ele><time>2023-09-08T18:43:42.000Z</time></trkpt>
      <trkpt lat="35.290757" lon="127.517784"><ele>987.9</ele><time>2023-09-08T18:44:00.000Z</time></trkpt>
      <trkpt lat="35.290801" lon="127.517794"><ele>989.6</ele><time>2023-09-08T18:44:00.000Z</time></trkpt>
      <trkpt lat="35.290842" lon="127.517813"><ele>991.4</ele><time>2023-09-08T18:44:03.000Z</time></trkpt>
      <trkpt lat="35.290882" lon="127.517840"><ele>993.2</ele><time>2023-09-08T18:44:19.000Z</time></trkpt>
      <trkpt lat="35.290924" lon="127.517860"><ele>995.0</ele><time>2023-09-08T18:44:49.000Z</time></trkpt>
      <trkpt lat="35.290967" lon="127.517874"><ele>996.8</ele><time>2023-09-08T18:44:49.000Z</time></trkpt>
      <trkpt lat="35.291010" lon="127.517890"><ele>998.7</ele><time>2023-09-08T18:45:17.000Z</time></trkpt>
      <trkpt lat="35.291051" lon="127.517912"><ele>1000.6</ele><time>2023-09-08T18:45:34.000Z</time></trkpt>
      <trkpt lat="35.291092" lon="127.517934"><ele>1002.5</ele><time>2023-09-08T18:45:34.000Z</time></trkpt>
      <trkpt lat="35.291136" lon="127.517948"><ele>1004.4</ele><time>2023-09-08T18:45:57.000Z</time></trkpt>
      <trkpt lat="35.291180" lon="127.517957"><ele>1006.2</ele><time>2023-09-08T18:45:57.000Z</time></trkpt>
      <trkpt lat="35.291224" lon="127.517970"><ele>1007.9</ele><time>2023-09-08T18:46:19.000Z</time></trkpt>
      <trkpt lat="35.291266" lon="127.517987"><ele>1009.7</ele><time>2023-09-08T18:46:19.000Z</time></trkpt>
      <trkpt lat="35.291307" lon="127.518010"><ele>1011.5</ele><time>2023-09-08T18:46:39.000Z</time></trkpt>
      <trkpt lat="35.291348" lon="127.518032"><ele>1013.4</ele><time>2023-09-08T18:46:39.000Z</time></trkpt>
      <trkpt lat="35.291392" lon="127.518041"><ele>1015.4</ele><time>2023-09-08T18:47:21.000Z</time></trkpt>
      <trkpt lat="35.291436" lon="127.518034"><ele>1017.4</ele><time>2023-09-08T18:47:21.000Z</time></trkpt>
      <trkpt lat="35.291481" lon="127.518028"><ele>1019.4</ele><time>2023-09-08T18:47:40.000Z</time></trkpt>
      <trkpt lat="35.291525" lon="127.518036"><ele>1021.4</ele><time>2023-09-08T18:47:40.000Z</time></trkpt>
      <trkpt lat="35.291565" lon="127.518058"><ele>1023.3</ele><time>2023-09-08T18:47:58.000Z</time></trkpt>
      <trkpt lat="35.291606" lon="127.518081"><ele>1025.2</ele><time>2023-09-08T18:48:22.000Z</time></trkpt>
      <trkpt lat="35.291649" lon="127.518096"><ele>1027.1</ele><time>2023-09-08T18:48:22.000Z</time></trkpt>
      <trkpt lat="35.291694" lon="127.518103"><ele>1028.9</ele><time>2023-09-08T18:48:43.000Z</time></trkpt>
      <trkpt lat="35.291737" lon="127.518116"><ele>1030.6</ele><time>2023-09-08T18:48:43.000Z</time></trkpt>
      <trkpt lat="35.291777" lon="127.518141"><ele>1032.3</ele><time>2023-09-08T18:49:00.000Z</time></trkpt>
      <trkpt lat="35.291813" lon="127.518173"><ele>1034.0</ele><time>2023-09-08T18:50:18.000Z</time></trkpt>
      <trkpt lat="35.291850" lon="127.518205"><ele>1035.7</ele><time>2023-09-08T18:50:18.000Z</time></trkpt>
      <trkpt lat="35.291891" lon="127.518227"><ele>1037.3</ele><time>2023-09-08T18:50:31.000Z</time></trkpt>
      <trkpt lat="35.291935" lon="127.518238"><ele>1038.9</ele><time>2023-09-08T18:50:31.000Z</time></trkpt>
      <trkpt lat="35.291979" lon="127.518248"><ele>1040.6</ele><time>2023-09-08T18:50:58.000Z</time></trkpt>
      <trkpt lat="35.292021" lon="127.518266"><ele>1042.2</ele><time>2023-09-08T18:51:12.000Z</time></trkpt>
      <trkpt lat="35.292061" lon="127.518291"><ele>1043.8</ele><time>2023-09-08T18:51:12.000Z</time></trkpt>
      <trkpt lat="35.292102" lon="127.518313"><ele>1045.4</ele><time>2023-09-08T18:51:27.000Z</time></trkpt>
      <trkpt lat="35.292145" lon="127.518331"><ele>1046.9</ele><time>2023-09-08T18:51:27.000Z</time></trkpt>
      <trkpt lat="35.292187" lon="127.518349"><ele>1048.4</ele><time>2023-09-08T18:51:52.000Z</time></trkpt>
      <trkpt lat="35.292227" lon="127.518375"><ele>1049.9</ele><time>2023-09-08T18:52:08.000Z</time></trkpt>
      <trkpt lat="35.292263" lon="127.518407"><ele>1051.4</ele><time>2023-09-08T18:52:08.000Z</time></trkpt>
      <trkpt lat="35.292299" lon="127.518440"><ele>1053.0</ele><time>2023-09-08T18:52:30.000Z</time></trkpt>
      <trkpt lat="35.292336" lon="127.518472"><ele>1054.6</ele><time>2023-09-08T18:52:30.000Z</time></trkpt>
      <trkpt lat="35.292374" lon="127.518501"><ele>1056.4</ele><time>2023-09-08T18:52:45.000Z</time></trkpt>
      <trkpt lat="35.292414" lon="127.518525"><ele>1058.2</ele><time>2023-09-08T18:52:45.000Z</time></trkpt>
      <trkpt lat="35.292457" lon="127.518542"><ele>1060.1</ele><time>2023-09-08T18:53:06.000Z</time></trkpt>
      <trkpt lat="35.292501" lon="127.518553"><ele>1062.1</ele><time>2023-09-08T18:53:27.000Z</time></trkpt>
      <trkpt lat="35.292545" lon="127.518562"><ele>1064.1</ele><time>2023-09-08T18:53:27.000Z</time></trkpt>
      <trkpt lat="35.292590" lon="127.518569"><ele>1066.1</ele><time>2023-09-08T18:53:56.000Z</time></trkpt>
      <trkpt lat="35.292635" lon="127.518575"><ele>1068.1</ele><time>2023-09-08T18:54:20.000Z</time></trkpt>
      <trkpt lat="35.292679" lon="127.518585"><ele>1070.0</ele><time>2023-09-08T18:54:20.000Z</time></trkpt>
      <trkpt lat="35.292721" lon="127.518602"><ele>1071.8</ele><time>2023-09-08T18:54:33.000Z</time></trkpt>
      <trkpt lat="35.292763" lon="127.518622"><ele>1073.6</ele><time>2023-09-08T18:54:33.000Z</time></trkpt>
      <trkpt lat="35.292804" lon="127.518645"><ele>1075.3</ele><time>2023-09-08T18:54:53.000Z</time></trkpt>
      <trkpt lat="35.292844" lon="127.518669"><ele>1077.0</ele><time>2023-09-08T18:55:13.000Z</time></trkpt>
      <trkpt lat="35.292883" lon="127.518697"><ele>1078.7</ele><time>2023-09-08T18:55:13.000Z</time></trkpt>
      <trkpt lat="35.292923" lon="127.518723"><ele>1080.5</ele><time>2023-09-08T18:55:39.000Z</time></trkpt>
      <trkpt lat="35.292965" lon="127.518743"><ele>1082.4</ele><time>2023-09-08T18:55:39.000Z</time></trkpt>
      <trkpt lat="35.293008" lon="127.518760"><ele>1084.2</ele><time>2023-09-08T18:56:03.000Z</time></trkpt>
      <trkpt lat="35.293050" lon="127.518777"><ele>1086.0</ele><time>2023-09-08T18:56:03.000Z</time></trkpt>
      <trkpt lat="35.293092" lon="127.518799"><ele>1087.7</ele><time>2023-09-08T18:56:33.000Z</time></trkpt>
      <trkpt lat="35.293133" lon="127.518820"><ele>1089.4</ele><time>2023-09-08T18:56:33.000Z</time></trkpt>
      <trkpt lat="35.293175" lon="127.518841"><ele>1091.2</ele><time>2023-09-08T18:56:49.000Z</time></trkpt>
      <trkpt lat="35.293217" lon="127.518860"><ele>1093.0</ele><time>2023-09-08T18:57:04.000Z</time></trkpt>
      <trkpt lat="35.293260" lon="127.518876"><ele>1094.8</ele><time>2023-09-08T18:57:04.000Z</time></trkpt>
      <trkpt lat="35.293303" lon="127.518890"><ele>1096.6</ele><time>2023-09-08T18:57:24.000Z</time></trkpt>
      <trkpt lat="35.293345" lon="127.518909"><ele>1098.6</ele><time>2023-09-08T18:57:24.000Z</time></trkpt>
      <trkpt lat="35.293386" lon="127.518932"><ele>1100.6</ele><time>2023-09-08T18:57:43.000Z</time></trkpt>
      <trkpt lat="35.293426" lon="127.518959"><ele>1102.8</ele><time>2023-09-08T18:58:06.000Z</time></trkpt>
      <trkpt lat="35.293462" lon="127.518990"><ele>1105.1</ele><time>2023-09-08T18:58:06.000Z</time></trkpt>
      <trkpt lat="35.293499" lon="127.519022"><ele>1107.5</ele><time>2023-09-08T18:58:32.000Z</time></trkpt>
      <trkpt lat="35.293540" lon="127.519043"><ele>1110.1</ele><time>2023-09-08T18:58:32.000Z</time></trkpt>
      <trkpt lat="35.293584" lon="127.519052"><ele>1112.7</ele><time>2023-09-08T18:59:08.000Z</time></trkpt>
      <trkpt lat="35.293629" lon="127.519060"><ele>1115.3</ele><time>2023-09-08T18:59:49.000Z</time></trkpt>
      <trkpt lat="35.293665" lon="127.519089"><ele>1117.9</ele><time>2023-09-08T18:59:49.000Z</time></trkpt>
      <trkpt lat="35.293689" lon="127.519135"><ele>1120.3</ele><time>2023-09-08T19:00:10.000Z</time></trkpt>
      <trkpt lat="35.293707" lon="127.519186"><ele>1122.7</ele><time>2023-09-08T19:00:10.000Z</time></trkpt>
      <trkpt lat="35.293727" lon="127.519235"><ele>1125.2</ele><time>2023-09-08T19:00:31.000Z</time></trkpt>
      <trkpt lat="35.293760" lon="127.519272"><ele>1127.7</ele><time>2023-09-08T19:00:31.000Z</time></trkpt>
      <trkpt lat="35.293802" lon="127.519289"><ele>1130.2</ele><time>2023-09-08T19:08:28.000Z</time></trkpt>
      <trkpt lat="35.293846" lon="127.519289"><ele>1132.6</ele><time>2023-09-08T19:08:28.000Z</time></trkpt>
      <trkpt lat="35.293887" lon="127.519267"><ele>1134.8</ele><time>2023-09-08T19:09:13.000Z</time></trkpt>
      <trkpt lat="35.293927" lon="127.519243"><ele>1136.9</ele><time>2023-09-08T19:09:13.000Z</time></trkpt>
      <trkpt lat="35.293971" lon="127.519238"><ele>1138.8</ele><time>2023-09-08T19:09:30.000Z</time></trkpt>
      <trkpt lat="35.294011" lon="127.519261"><ele>1140.8</ele><time>2023-09-08T19:09:30.000Z</time></trkpt>
      <trkpt lat="35.294037" lon="127.519306"><ele>1142.6</ele><time>2023-09-08T19:09:43.000Z</time></trkpt>
      <trkpt lat="35.294053" lon="127.519358"><ele>1144.5</ele><time>2023-09-08T19:09:43.000Z</time></trkpt>
      <trkpt lat="35.294071" lon="127.519408"><ele>1146.6</ele><time>2023-09-08T19:10:06.000Z</time></trkpt>
      <trkpt lat="35.294092" lon="127.519456"><ele>1149.1</ele><time>2023-09-08T19:10:32.000Z</time></trkpt>
      <trkpt lat="35.294117" lon="127.519502"><ele>1151.9</ele><time>2023-09-08T19:10:53.000Z</time></trkpt>
      <trkpt lat="35.294158" lon="127.519524"><ele>1155.1</ele><time>2023-09-08T19:11:26.000Z</time></trkpt>
      <trkpt lat="35.294203" lon="127.519524"><ele>1158.0</ele><time>2023-09-08T19:11:37.000Z</time></trkpt>
      <trkpt lat="35.294241" lon="127.519554"><ele>1161.1</ele><time>2023-09-08T19:11:37.000Z</time></trkpt>
      <trkpt lat="35.294272" lon="127.519592"><ele>1163.9</ele><time>2023-09-08T19:11:49.000Z</time></trkpt>
      <trkpt lat="35.294313" lon="127.519617"><ele>1166.6</ele><time>2023-09-08T19:11:59.000Z</time></trkpt>
      <trkpt lat="35.294352" lon="127.519642"><ele>1169.3</ele><time>2023-09-08T19:11:59.000Z</time></trkpt>
      <trkpt lat="35.294387" lon="127.519677"><ele>1171.7</ele><time>2023-09-08T19:12:35.000Z</time></trkpt>
      <trkpt lat="35.294424" lon="127.519709"><ele>1174.0</ele><time>2023-09-08T19:12:35.000Z</time></trkpt>
      <trkpt lat="35.294462" lon="127.519739"><ele>1175.9</ele><time>2023-09-08T19:13:58.000Z</time></trkpt>
      <trkpt lat="35.294500" lon="127.519769"><ele>1177.8</ele><time>2023-09-08T19:13:58.000Z</time></trkpt>
      <trkpt lat="35.294538" lon="127.519797"><ele>1180.2</ele><time>2023-09-08T19:13:58.000Z</time></trkpt>
      <trkpt lat="35.294579" lon="127.519820"><ele>1183.0</ele><time>2023-09-08T19:14:26.000Z</time></trkpt>
      <trkpt lat="35.294607" lon="127.519861"><ele>1186.3</ele><time>2023-09-08T19:14:26.000Z</time></trkpt>
      <trkpt lat="35.294615" lon="127.519913"><ele>1189.8</ele><time>2023-09-08T19:14:43.000Z</time></trkpt>
      <trkpt lat="35.294652" lon="127.519945"><ele>1193.4</ele><time>2023-09-08T19:14:43.000Z</time></trkpt>
      <trkpt lat="35.294695" lon="127.519960"><ele>1196.6</ele><time>2023-09-08T19:15:52.000Z</time></trkpt>
      <trkpt lat="35.294738" lon="127.519975"><ele>1199.5</ele><time>2023-09-08T19:15:52.000Z</time></trkpt>
      <trkpt lat="35.294780" lon="127.519996"><ele>1202.3</ele><time>2023-09-08T19:16:13.000Z</time></trkpt>
      <trkpt lat="35.294820" lon="127.520019"><ele>1204.9</ele><time>2023-09-08T19:16:37.000Z</time></trkpt>
      <trkpt lat="35.294862" lon="127.520039"><ele>1207.5</ele><time>2023-09-08T19:16:37.000Z</time></trkpt>
      <trkpt lat="35.294905" lon="127.520054"><ele>1210.1</ele><time>2023-09-08T19:17:36.000Z</time></trkpt>
      <trkpt lat="35.294945" lon="127.520049"><ele>1212.6</ele><time>2023-09-08T19:17:36.000Z</time></trkpt>
      <trkpt lat="35.294959" lon="127.519998"><ele>1215.0</ele><time>2023-09-08T19:18:25.000Z</time></trkpt>
      <trkpt lat="35.294957" lon="127.519943"><ele>1217.2</ele><time>2023-09-08T19:18:45.000Z</time></trkpt>
      <trkpt lat="35.294954" lon="127.519888"><ele>1219.1</ele><time>2023-09-08T19:18:45.000Z</time></trkpt>
      <trkpt lat="35.294955" lon="127.519833"><ele>1220.9</ele><time>2023-09-08T19:18:58.000Z</time></trkpt>
      <trkpt lat="35.294970" lon="127.519783"><ele>1222.6</ele><time>2023-09-08T19:19:27.000Z</time></trkpt>
      <trkpt lat="35.295005" lon="127.519750"><ele>1224.5</ele><time>2023-09-08T19:22:27.000Z</time></trkpt>
      <trkpt lat="35.295048" lon="127.519746"><ele>1226.6</ele><time>2023-09-08T19:23:04.000Z</time></trkpt>
      <trkpt lat="35.295086" lon="127.519772"><ele>1228.8</ele><time>2023-09-08T19:23:04.000Z</time></trkpt>
      <trkpt lat="35.295118" lon="127.519811"><ele>1231.1</ele><time>2023-09-08T19:23:34.000Z</time></trkpt>
      <trkpt lat="35.295156" lon="127.519840"><ele>1233.6</ele><time>2023-09-08T19:23:57.000Z</time></trkpt>
      <trkpt lat="35.295197" lon="127.519863"><ele>1236.1</ele><time>2023-09-08T19:23:57.000Z</time></trkpt>
      <trkpt lat="35.295239" lon="127.519880"><ele>1238.8</ele><time>2023-09-08T19:24:29.000Z</time></trkpt>
      <trkpt lat="35.295283" lon="127.519890"><ele>1241.5</ele><time>2023-09-08T19:25:00.000Z</time></trkpt>
      <trkpt lat="35.295321" lon="127.519916"><ele>1244.2</ele><time>2023-09-08T19:25:00.000Z</time></trkpt>
      <trkpt lat="35.295350" lon="127.519957"><ele>1246.8</ele><time>2023-09-08T19:25:17.000Z</time></trkpt>
      <trkpt lat="35.295388" lon="127.519981"><ele>1249.4</ele><time>2023-09-08T19:25:17.000Z</time></trkpt>
      <trkpt lat="35.295433" lon="127.519979"><ele>1251.7</ele><time>2023-09-08T19:25:43.000Z</time></trkpt>
      <trkpt lat="35.295475" lon="127.519962"><ele>1253.9</ele><time>2023-09-08T19:25:43.000Z</time></trkpt>
      <trkpt lat="35.295517" lon="127.519942"><ele>1256.1</ele><time>2023-09-08T19:26:10.000Z</time></trkpt>
      <trkpt lat="35.295561" lon="127.519929"><ele>1258.3</ele><time>2023-09-08T19:26:10.000Z</time></trkpt>
      <trkpt lat="35.295605" lon="127.519928"><ele>1260.7</ele><time>2023-09-08T19:26:26.000Z</time></trkpt>
      <trkpt lat="35.295649" lon="127.519936"><ele>1263.0</ele><time>2023-09-08T19:26:26.000Z</time></trkpt>
      <trkpt lat="35.295692" lon="127.519955"><ele>1265.4</ele><time>2023-09-08T19:27:06.000Z</time></trkpt>
      <trkpt lat="35.295734" lon="127.519975"><ele>1268.0</ele><time>2023-09-08T19:27:06.000Z</time></trkpt>
      <trkpt lat="35.295776" lon="127.519992"><ele>1270.6</ele><time>2023-09-08T19:27:24.000Z</time></trkpt>
      <trkpt lat="35.295818" lon="127.520012"><ele>1273.4</ele><time>2023-09-08T19:27:24.000Z</time></trkpt>
      <trkpt lat="35.295860" lon="127.520031"><ele>1276.2</ele><time>2023-09-08T19:28:09.000Z</time></trkpt>
      <trkpt lat="35.295904" lon="127.520039"><ele>1279.0</ele><time>2023-09-08T19:28:09.000Z</time></trkpt>
      <trkpt lat="35.295949" lon="127.520042"><ele>1281.7</ele><time>2023-09-08T19:29:30.000Z</time></trkpt>
      <trkpt lat="35.295992" lon="127.520056"><ele>1284.2</ele><time>2023-09-08T19:29:51.000Z</time></trkpt>
      <trkpt lat="35.296031" lon="127.520083"><ele>1286.3</ele><time>2023-09-08T19:29:51.000Z</time></trkpt>
      <trkpt lat="35.296066" lon="127.520118"><ele>1288.1</ele><time>2023-09-08T19:30:17.000Z</time></trkpt>
      <trkpt lat="35.296095" lon="127.520159"><ele>1289.4</ele><time>2023-09-08T19:30:17.000Z</time></trkpt>
      <trkpt lat="35.296113" lon="127.520209"><ele>1290.5</ele><time>2023-09-08T19:30:49.000Z</time></trkpt>
      <trkpt lat="35.296118" lon="127.520263"><ele>1291.3</ele><time>2023-09-08T19:30:49.000Z</time></trkpt>
      <trkpt lat="35.296118" lon="127.520290"><ele>1291.6</ele><time>2023-09-08T19:30:49.000Z</time></trkpt>
      <trkpt lat="35.296115" lon="127.520318"><ele>1291.9</ele><time>2023-09-08T19:30:58.000Z</time></trkpt>
      <trkpt lat="35.296108" lon="127.520373"><ele>1292.3</ele><time>2023-09-08T19:30:58.000Z</time></trkpt>
      <trkpt lat="35.296098" lon="127.520426"><ele>1292.7</ele><time>2023-09-08T19:31:07.000Z</time></trkpt>
      <trkpt lat="35.296087" lon="127.520480"><ele>1293.0</ele><time>2023-09-08T19:31:07.000Z</time></trkpt>
      <trkpt lat="35.296076" lon="127.520533"><ele>1293.3</ele><time>2023-09-08T19:31:14.000Z</time></trkpt>
      <trkpt lat="35.296070" lon="127.520588"><ele>1293.7</ele><time>2023-09-08T19:31:14.000Z</time></trkpt>
      <trkpt lat="35.296068" lon="127.520643"><ele>1294.0</ele><time>2023-09-08T19:31:27.000Z</time></trkpt>
      <trkpt lat="35.296069" lon="127.520698"><ele>1294.4</ele><time>2023-09-08T19:31:34.000Z</time></trkpt>
      <trkpt lat="35.296070" lon="127.520753"><ele>1294.7</ele><time>2023-09-08T19:31:34.000Z</time></trkpt>
      <trkpt lat="35.296067" lon="127.520808"><ele>1295.0</ele><time>2023-09-08T19:31:48.000Z</time></trkpt>
      <trkpt lat="35.296059" lon="127.520862"><ele>1295.3</ele><time>2023-09-08T19:31:48.000Z</time></trkpt>
      <trkpt lat="35.296046" lon="127.520914"><ele>1295.7</ele><time>2023-09-08T19:31:54.000Z</time></trkpt>
      <trkpt lat="35.296028" lon="127.520965"><ele>1296.0</ele><time>2023-09-08T19:31:54.000Z</time></trkpt>
      <trkpt lat="35.296009" lon="127.521014"><ele>1296.4</ele><time>2023-09-08T19:32:07.000Z</time></trkpt>
      <trkpt lat="35.295988" lon="127.521063"><ele>1296.8</ele><time>2023-09-08T19:32:07.000Z</time></trkpt>
      <trkpt lat="35.295964" lon="127.521110"><ele>1297.2</ele><time>2023-09-08T19:32:15.000Z</time></trkpt>
      <trkpt lat="35.295939" lon="127.521156"><ele>1297.7</ele><time>2023-09-08T19:32:15.000Z</time></trkpt>
      <trkpt lat="35.295913" lon="127.521200"><ele>1298.2</ele><time>2023-09-08T19:32:32.000Z</time></trkpt>
      <trkpt lat="35.295887" lon="127.521245"><ele>1298.7</ele><time>2023-09-08T19:32:32.000Z</time></trkpt>
      <trkpt lat="35.295864" lon="127.521293"><ele>1299.2</ele><time>2023-09-08T19:32:44.000Z</time></trkpt>
      <trkpt lat="35.295845" lon="127.521343"><ele>1299.6</ele><time>2023-09-08T19:32:44.000Z</time></trkpt>
      <trkpt lat="35.295826" lon="127.521393"><ele>1300.1</ele><time>2023-09-08T19:32:44.000Z</time></trkpt>
      <trkpt lat="35.295808" lon="127.521443"><ele>1300.5</ele><time>2023-09-08T19:32:57.000Z</time></trkpt>
      <trkpt lat="35.295790" lon="127.521494"><ele>1300.9</ele><time>2023-09-08T19:32:57.000Z</time></trkpt>
      <trkpt lat="35.295772" lon="127.521544"><ele>1301.3</ele><time>2023-09-08T19:33:10.000Z</time></trkpt>
      <trkpt lat="35.295752" lon="127.521594"><ele>1301.7</ele><time>2023-09-08T19:33:10.000Z</time></trkpt>
      <trkpt lat="35.295732" lon="127.521643"><ele>1302.0</ele><time>2023-09-08T19:33:17.000Z</time></trkpt>
      <trkpt lat="35.295711" lon="127.521691"><ele>1302.4</ele><time>2023-09-08T19:33:30.000Z</time></trkpt>
      <trkpt lat="35.295691" lon="127.521741"><ele>1302.7</ele><time>2023-09-08T19:33:30.000Z</time></trkpt>
      <trkpt lat="35.295674" lon="127.521792"><ele>1303.0</ele><time>2023-09-08T19:33:38.000Z</time></trkpt>
      <trkpt lat="35.295661" lon="127.521844"><ele>1303.4</ele><time>2023-09-08T19:33:38.000Z</time></trkpt>
      <trkpt lat="35.295653" lon="127.521898"><ele>1303.7</ele><time>2023-09-08T19:33:50.000Z</time></trkpt>
      <trkpt lat="35.295650" lon="127.521953"><ele>1304.1</ele><time>2023-09-08T19:33:50.000Z</time></trkpt>
      <trkpt lat="35.295650" lon="127.522009"><ele>1304.5</ele><time>2023-09-08T19:33:50.000Z</time></trkpt>
      <trkpt lat="35.295651" lon="127.522064"><ele>1304.9</ele><time>2023-09-08T19:33:59.000Z</time></trkpt>
      <trkpt lat="35.295654" lon="127.522119"><ele>1305.3</ele><time>2023-09-08T19:33:59.000Z</time></trkpt>
      <trkpt lat="35.295658" lon="127.522173"><ele>1305.8</ele><time>2023-09-08T19:34:12.000Z</time></trkpt>
      <trkpt lat="35.295659" lon="127.522228"><ele>1306.3</ele><time>2023-09-08T19:34:18.000Z</time></trkpt>
      <trkpt lat="35.295657" lon="127.522283"><ele>1306.8</ele><time>2023-09-08T19:34:18.000Z</time></trkpt>
      <trkpt lat="35.295651" lon="127.522338"><ele>1307.3</ele><time>2023-09-08T19:34:33.000Z</time></trkpt>
      <trkpt lat="35.295642" lon="127.522392"><ele>1307.8</ele><time>2023-09-08T19:34:33.000Z</time></trkpt>
      <trkpt lat="35.295635" lon="127.522446"><ele>1308.2</ele><time>2023-09-08T19:34:40.000Z</time></trkpt>
      <trkpt lat="35.295630" lon="127.522501"><ele>1308.7</ele><time>2023-09-08T19:34:53.000Z</time></trkpt>
      <trkpt lat="35.295626" lon="127.522556"><ele>1309.1</ele><time>2023-09-08T19:34:53.000Z</time></trkpt>
      <trkpt lat="35.295622" lon="127.522611"><ele>1309.4</ele><time>2023-09-08T19:35:00.000Z</time></trkpt>
      <trkpt lat="35.295618" lon="127.522666"><ele>1309.8</ele><time>2023-09-08T19:35:00.000Z</time></trkpt>
      <trkpt lat="35.295613" lon="127.522721"><ele>1310.1</ele><time>2023-09-08T19:35:00.000Z</time></trkpt>
      <trkpt lat="35.295609" lon="127.522775"><ele>1310.4</ele><time>2023-09-08T19:35:14.000Z</time></trkpt>
      <trkpt lat="35.295605" lon="127.522830"><ele>1310.6</ele><time>2023-09-08T19:35:14.000Z</time></trkpt>
      <trkpt lat="35.295601" lon="127.522885"><ele>1310.9</ele><time>2023-09-08T19:35:21.000Z</time></trkpt>
      <trkpt lat="35.295598" lon="127.522940"><ele>1311.1</ele><time>2023-09-08T19:35:21.000Z</time></trkpt>
      <trkpt lat="35.295596" lon="127.522995"><ele>1311.4</ele><time>2023-09-08T19:35:34.000Z</time></trkpt>
      <trkpt lat="35.295594" lon="127.523050"><ele>1311.6</ele><time>2023-09-08T19:35:34.000Z</time></trkpt>
      <trkpt lat="35.295593" lon="127.523105"><ele>1311.8</ele><time>2023-09-08T19:35:42.000Z</time></trkpt>
      <trkpt lat="35.295593" lon="127.523160"><ele>1312.1</ele><time>2023-09-08T19:35:42.000Z</time></trkpt>
      <trkpt lat="35.295594" lon="127.523215"><ele>1312.3</ele><time>2023-09-08T19:35:54.000Z</time></trkpt>
      <trkpt lat="35.295595" lon="127.523271"><ele>1312.6</ele><time>2023-09-08T19:35:54.000Z</time></trkpt>
      <trkpt lat="35.295596" lon="127.523326"><ele>1312.8</ele><time>2023-09-08T19:36:02.000Z</time></trkpt>
      <trkpt lat="35.295598" lon="127.523381"><ele>1313.0</ele><time>2023-09-08T19:36:02.000Z</time></trkpt>
      <trkpt lat="35.295600" lon="127.523436"><ele>1313.2</ele><time>2023-09-08T19:36:16.000Z</time></trkpt>
      <trkpt lat="35.295604" lon="127.523491"><ele>1313.4</ele><time>2023-09-08T19:36:16.000Z</time></trkpt>
      <trkpt lat="35.295612" lon="127.523544"><ele>1313.6</ele><time>2023-09-08T19:36:22.000Z</time></trkpt>
      <trkpt lat="35.295629" lon="127.523595"><ele>1313.7</ele><time>2023-09-08T19:36:22.000Z</time></trkpt>
      <trkpt lat="35.295655" lon="127.523639"><ele>1313.9</ele><time>2023-09-08T19:36:35.000Z</time></trkpt>
      <trkpt lat="35.295692" lon="127.523671"><ele>1314.1</ele><time>2023-09-08T19:36:35.000Z</time></trkpt>
      <trkpt lat="35.295734" lon="127.523686"><ele>1314.4</ele><time>2023-09-08T19:36:43.000Z</time></trkpt>
      <trkpt lat="35.295779" lon="127.523687"><ele>1314.8</ele><time>2023-09-08T19:36:43.000Z</time></trkpt>
      <trkpt lat="35.295824" lon="127.523681"><ele>1315.3</ele><time>2023-09-08T19:36:57.000Z</time></trkpt>
      <trkpt lat="35.295868" lon="127.523675"><ele>1315.9</ele><time>2023-09-08T19:36:57.000Z</time></trkpt>
      <trkpt lat="35.295913" lon="127.523672"><ele>1316.7</ele><time>2023-09-08T19:37:21.000Z</time></trkpt>
      <trkpt lat="35.295958" lon="127.523673"><ele>1317.7</ele><time>2023-09-08T19:37:21.000Z</time></trkpt>
      <trkpt lat="35.296003" lon="127.523680"><ele>1318.8</ele><time>2023-09-08T19:37:37.000Z</time></trkpt>
      <trkpt lat="35.296047" lon="127.523690"><ele>1320.2</ele><time>2023-09-08T19:37:37.000Z</time></trkpt>
      <trkpt lat="35.296090" lon="127.523703"><ele>1321.7</ele><time>2023-09-08T19:37:50.000Z</time></trkpt>
      <trkpt lat="35.296128" lon="127.523731"><ele>1323.3</ele><time>2023-09-08T19:38:03.000Z</time></trkpt>
      <trkpt lat="35.296151" lon="127.523777"><ele>1324.9</ele><time>2023-09-08T19:38:03.000Z</time></trkpt>
      <trkpt lat="35.296162" lon="127.523830"><ele>1326.5</ele><time>2023-09-08T19:38:19.000Z</time></trkpt>
      <trkpt lat="35.296174" lon="127.523883"><ele>1328.0</ele><time>2023-09-08T19:38:19.000Z</time></trkpt>
      <trkpt lat="35.296191" lon="127.523934"><ele>1329.5</ele><time>2023-09-08T19:38:39.000Z</time></trkpt>
      <trkpt lat="35.296212" lon="127.523982"><ele>1330.9</ele><time>2023-09-08T19:38:39.000Z</time></trkpt>
      <trkpt lat="35.296235" lon="127.524030"><ele>1332.4</ele><time>2023-09-08T19:39:00.000Z</time></trkpt>
      <trkpt lat="35.296256" lon="127.524079"><ele>1333.8</ele><time>2023-09-08T19:39:00.000Z</time></trkpt>
      <trkpt lat="35.296275" lon="127.524129"><ele>1335.3</ele><time>2023-09-08T19:39:16.000Z</time></trkpt>
      <trkpt lat="35.296290" lon="127.524180"><ele>1336.7</ele><time>2023-09-08T19:39:16.000Z</time></trkpt>
      <trkpt lat="35.296304" lon="127.524233"><ele>1338.1</ele><time>2023-09-08T19:39:33.000Z</time></trkpt>
      <trkpt lat="35.296320" lon="127.524284"><ele>1339.6</ele><time>2023-09-08T19:39:49.000Z</time></trkpt>
      <trkpt lat="35.296338" lon="127.524335"><ele>1341.0</ele><time>2023-09-08T19:39:49.000Z</time></trkpt>
      <trkpt lat="35.296358" lon="127.524384"><ele>1342.4</ele><time>2023-09-08T19:40:08.000Z</time></trkpt>
      <trkpt lat="35.296379" lon="127.524433"><ele>1343.8</ele><time>2023-09-08T19:40:08.000Z</time></trkpt>
      <trkpt lat="35.296401" lon="127.524481"><ele>1345.3</ele><time>2023-09-08T19:40:27.000Z</time></trkpt>
      <trkpt lat="35.296422" lon="127.524530"><ele>1346.8</ele><time>2023-09-08T19:40:42.000Z</time></trkpt>
      <trkpt lat="35.296436" lon="127.524582"><ele>1348.5</ele><time>2023-09-08T19:40:42.000Z</time></trkpt>
      <trkpt lat="35.296445" lon="127.524636"><ele>1350.0</ele><time>2023-09-08T19:41:04.000Z</time></trkpt>
      <trkpt lat="35.296450" lon="127.524690"><ele>1351.6</ele><time>2023-09-08T19:41:23.000Z</time></trkpt>
      <trkpt lat="35.296453" lon="127.524745"><ele>1353.1</ele><time>2023-09-08T19:41:23.000Z</time></trkpt>
      <trkpt lat="35.296453" lon="127.524800"><ele>1354.4</ele><time>2023-09-08T19:41:37.000Z</time></trkpt>
      <trkpt lat="35.296447" lon="127.524855"><ele>1355.6</ele><time>2023-09-08T19:41:37.000Z</time></trkpt>
      <trkpt lat="35.296436" lon="127.524908"><ele>1356.7</ele><time>2023-09-08T19:41:51.000Z</time></trkpt>
      <trkpt lat="35.296424" lon="127.524962"><ele>1357.8</ele><time>2023-09-08T19:41:51.000Z</time></trkpt>
      <trkpt lat="35.296415" lon="127.525015"><ele>1358.7</ele><time>2023-09-08T19:42:10.000Z</time></trkpt>
      <trkpt lat="35.296410" lon="127.525070"><ele>1359.7</ele><time>2023-09-08T19:42:10.000Z</time></trkpt>
      <trkpt lat="35.296405" lon="127.525125"><ele>1360.6</ele><time>2023-09-08T19:42:30.000Z</time></trkpt>
      <trkpt lat="35.296397" lon="127.525179"><ele>1361.6</ele><time>2023-09-08T19:42:30.000Z</time></trkpt>
      <trkpt lat="35.296384" lon="127.525232"><ele>1362.5</ele><time>2023-09-08T19:42:47.000Z</time></trkpt>
      <trkpt lat="35.296367" lon="127.525283"><ele>1363.5</ele><time>2023-09-08T19:42:47.000Z</time></trkpt>
      <trkpt lat="35.296350" lon="127.525334"><ele>1364.4</ele><time>2023-09-08T19:43:07.000Z</time></trkpt>
      <trkpt lat="35.296338" lon="127.525387"><ele>1365.2</ele><time>2023-09-08T19:43:07.000Z</time></trkpt>
      <trkpt lat="35.296331" lon="127.525441"><ele>1366.1</ele><time>2023-09-08T19:43:19.000Z</time></trkpt>
      <trkpt lat="35.296327" lon="127.525496"><ele>1366.9</ele><time>2023-09-08T19:43:19.000Z</time></trkpt>
      <trkpt lat="35.296320" lon="127.525550"><ele>1367.7</ele><time>2023-09-08T19:43:28.000Z</time></trkpt>
      <trkpt lat="35.296311" lon="127.525604"><ele>1368.4</ele><time>2023-09-08T19:43:28.000Z</time></trkpt>
      <trkpt lat="35.296306" lon="127.525659"><ele>1369.0</ele><time>2023-09-08T19:43:35.000Z</time></trkpt>
      <trkpt lat="35.296306" lon="127.525714"><ele>1369.6</ele><time>2023-09-08T19:43:47.000Z</time></trkpt>
      <trkpt lat="35.296301" lon="127.525768"><ele>1370.2</ele><time>2023-09-08T19:43:47.000Z</time></trkpt>
      <trkpt lat="35.296284" lon="127.525819"><ele>1370.7</ele><time>2023-09-08T19:43:47.000Z</time></trkpt>
      <trkpt lat="35.296260" lon="127.525865"><ele>1371.2</ele><time>2023-09-08T19:43:47.000Z</time></trkpt>
      <trkpt lat="35.296235" lon="127.525911"><ele>1371.7</ele><time>2023-09-08T19:43:47.000Z</time></trkpt>
      <trkpt lat="35.296210" lon="127.525956"><ele>1372.3</ele><time>2023-09-08T19:43:47.000Z</time></trkpt>
      <trkpt lat="35.296185" lon="127.526002"><ele>1372.8</ele><time>2023-09-08T19:43:47.000Z</time></trkpt>
      <trkpt lat="35.296160" lon="127.526048"><ele>1373.3</ele><time>2023-09-08T19:43:47.000Z</time></trkpt>
      <trkpt lat="35.296134" lon="127.526093"><ele>1373.8</ele><time>2023-09-08T19:43:47.000Z</time></trkpt>
      <trkpt lat="35.296127" lon="127.526105"><ele>1373.9</ele><time>2023-09-08T19:43:47.000Z</time></trkpt>
      <trkpt lat="35.296106" lon="127.526137"><ele>1374.3</ele><time>2023-09-08T19:43:47.000Z</time></trkpt>
      <trkpt lat="35.296075" lon="127.526176"><ele>1374.6</ele><time>2023-09-08T19:43:47.000Z</time></trkpt>
      <trkpt lat="35.296040" lon="127.526210"><ele>1375.0</ele><time>2023-09-08T19:43:47.000Z</time></trkpt>
      <trkpt lat="35.296003" lon="127.526241"><ele>1375.3</ele><time>2023-09-08T19:43:47.000Z</time></trkpt>
      <trkpt lat="35.295966" lon="127.526273"><ele>1375.5</ele><time>2023-09-08T20:04:34.000Z</time></trkpt>
      <trkpt lat="35.295929" lon="127.526304"><ele>1375.7</ele><time>2023-09-08T20:04:34.000Z</time></trkpt>
      <trkpt lat="35.295892" lon="127.526335"><ele>1376.0</ele><time>2023-09-08T20:04:34.000Z</time></trkpt>
      <trkpt lat="35.295855" lon="127.526366"><ele>1376.2</ele><time>2023-09-08T20:04:34.000Z</time></trkpt>
      <trkpt lat="35.295817" lon="127.526397"><ele>1376.5</ele><time>2023-09-08T20:04:34.000Z</time></trkpt>
      <trkpt lat="35.295780" lon="127.526427"><ele>1376.9</ele><time>2023-09-08T20:04:41.000Z</time></trkpt>
      <trkpt lat="35.295742" lon="127.526457"><ele>1377.2</ele><time>2023-09-08T20:04:41.000Z</time></trkpt>
      <trkpt lat="35.295703" lon="127.526484"><ele>1377.6</ele><time>2023-09-08T20:04:49.000Z</time></trkpt>
      <trkpt lat="35.295663" lon="127.526509"><ele>1378.1</ele><time>2023-09-08T20:04:49.000Z</time></trkpt>
      <trkpt lat="35.295621" lon="127.526529"><ele>1378.6</ele><time>2023-09-08T20:05:03.000Z</time></trkpt>
      <trkpt lat="35.295578" lon="127.526544"><ele>1379.1</ele><time>2023-09-08T20:05:03.000Z</time></trkpt>
      <trkpt lat="35.295533" lon="127.526552"><ele>1379.7</ele><time>2023-09-08T20:05:03.000Z</time></trkpt>
      <trkpt lat="35.295488" lon="127.526555"><ele>1380.3</ele><time>2023-09-08T20:05:10.000Z</time></trkpt>
      <trkpt lat="35.295443" lon="127.526557"><ele>1381.0</ele><time>2023-09-08T20:05:10.000Z</time></trkpt>
      <trkpt lat="35.295398" lon="127.526558"><ele>1381.7</ele><time>2023-09-08T20:05:22.000Z</time></trkpt>
      <trkpt lat="35.295353" lon="127.526559"><ele>1382.4</ele><time>2023-09-08T20:05:22.000Z</time></trkpt>
      <trkpt lat="35.295309" lon="127.526560"><ele>1383.1</ele><time>2023-09-08T20:05:29.000Z</time></trkpt>
      <trkpt lat="35.295264" lon="127.526558"><ele>1383.8</ele><time>2023-09-08T20:05:29.000Z</time></trkpt>
      <trkpt lat="35.295219" lon="127.526552"><ele>1384.5</ele><time>2023-09-08T20:05:44.000Z</time></trkpt>
      <trkpt lat="35.295175" lon="127.526544"><ele>1385.1</ele><time>2023-09-08T20:05:44.000Z</time></trkpt>
      <trkpt lat="35.295130" lon="127.526534"><ele>1385.8</ele><time>2023-09-08T20:05:51.000Z</time></trkpt>
      <trkpt lat="35.295086" lon="127.526521"><ele>1386.5</ele><time>2023-09-08T20:05:51.000Z</time></trkpt>
      <trkpt lat="35.295043" lon="127.526505"><ele>1387.1</ele><time>2023-09-08T20:06:03.000Z</time></trkpt>
      <trkpt lat="35.295002" lon="127.526485"><ele>1387.7</ele><time>2023-09-08T20:06:03.000Z</time></trkpt>
      <trkpt lat="35.294961" lon="127.526463"><ele>1388.2</ele><time>2023-09-08T20:06:12.000Z</time></trkpt>
      <trkpt lat="35.294920" lon="127.526439"><ele>1388.7</ele><time>2023-09-08T20:06:12.000Z</time></trkpt>
      <trkpt lat="35.294881" lon="127.526413"><ele>1389.1</ele><time>2023-09-08T20:06:24.000Z</time></trkpt>
      <trkpt lat="35.294843" lon="127.526383"><ele>1389.4</ele><time>2023-09-08T20:06:24.000Z</time></trkpt>
      <trkpt lat="35.294807" lon="127.526349"><ele>1389.8</ele><time>2023-09-08T20:06:24.000Z</time></trkpt>
      <trkpt lat="35.294776" lon="127.526310"><ele>1390.1</ele><time>2023-09-08T20:06:32.000Z</time></trkpt>
      <trkpt lat="35.294747" lon="127.526267"><ele>1390.4</ele><time>2023-09-08T20:06:32.000Z</time></trkpt>
      <trkpt lat="35.294724" lon="127.526221"><ele>1390.7</ele><time>2023-09-08T20:06:45.000Z</time></trkpt>
      <trkpt lat="35.294703" lon="127.526172"><ele>1391.0</ele><time>2023-09-08T20:06:45.000Z</time></trkpt>
      <trkpt lat="35.294682" lon="127.526123"><ele>1391.3</ele><time>2023-09-08T20:06:53.000Z</time></trkpt>
      <trkpt lat="35.294657" lon="127.526077"><ele>1391.6</ele><time>2023-09-08T20:06:53.000Z</time></trkpt>
      <trkpt lat="35.294628" lon="127.526035"><ele>1392.0</ele><time>2023-09-08T20:06:53.000Z</time></trkpt>
      <trkpt lat="35.294596" lon="127.525997"><ele>1392.3</ele><time>2023-09-08T20:07:05.000Z</time></trkpt>
      <trkpt lat="35.294559" lon="127.525966"><ele>1392.6</ele><time>2023-09-08T20:07:05.000Z</time></trkpt>
      <trkpt lat="35.294518" lon="127.525944"><ele>1393.0</ele><time>2023-09-08T20:07:13.000Z</time></trkpt>
      <trkpt lat="35.294475" lon="127.525928"><ele>1393.3</ele><time>2023-09-08T20:07:13.000Z</time></trkpt>
      <trkpt lat="35.294431" lon="127.525916"><ele>1393.6</ele><time>2023-09-08T20:07:13.000Z</time></trkpt>
      <trkpt lat="35.294387" lon="127.525903"><ele>1393.9</ele><time>2023-09-08T20:07:27.000Z</time></trkpt>
      <trkpt lat="35.294343" lon="127.525890"><ele>1394.3</ele><time>2023-09-08T20:07:27.000Z</time></trkpt>
      <trkpt lat="35.294300" lon="127.525876"><ele>1394.6</ele><time>2023-09-08T20:07:34.000Z</time></trkpt>
      <trkpt lat="35.294256" lon="127.525861"><ele>1395.0</ele><time>2023-09-08T20:07:34.000Z</time></trkpt>
      <trkpt lat="35.294214" lon="127.525845"><ele>1395.4</ele><time>2023-09-08T20:07:47.000Z</time></trkpt>
      <trkpt lat="35.294171" lon="127.525826"><ele>1395.8</ele><time>2023-09-08T20:07:47.000Z</time></trkpt>
      <trkpt lat="35.294130" lon="127.525805"><ele>1396.1</ele><time>2023-09-08T20:07:47.000Z</time></trkpt>
      <trkpt lat="35.294089" lon="127.525781"><ele>1396.4</ele><time>2023-09-08T20:07:55.000Z</time></trkpt>
      <trkpt lat="35.294049" lon="127.525757"><ele>1396.8</ele><time>2023-09-08T20:07:55.000Z</time></trkpt>
      <trkpt lat="35.294007" lon="127.525738"><ele>1397.1</ele><time>2023-09-08T20:08:08.000Z</time></trkpt>
      <trkpt lat="35.293963" lon="127.525723"><ele>1397.5</ele><time>2023-09-08T20:08:08.000Z</time></trkpt>
      <trkpt lat="35.293920" lon="127.525708"><ele>1397.8</ele><time>2023-09-08T20:08:15.000Z</time></trkpt>
      <trkpt lat="35.293877" lon="127.525693"><ele>1398.2</ele><time>2023-09-08T20:08:15.000Z</time></trkpt>
      <trkpt lat="35.293834" lon="127.525677"><ele>1398.6</ele><time>2023-09-08T20:08:28.000Z</time></trkpt>
      <trkpt lat="35.293791" lon="127.525660"><ele>1398.9</ele><time>2023-09-08T20:08:28.000Z</time></trkpt>
      <trkpt lat="35.293748" lon="127.525643"><ele>1399.2</ele><time>2023-09-08T20:08:36.000Z</time></trkpt>
      <trkpt lat="35.293706" lon="127.525624"><ele>1399.5</ele><time>2023-09-08T20:08:36.000Z</time></trkpt>
      <trkpt lat="35.293664" lon="127.525604"><ele>1399.8</ele><time>2023-09-08T20:08:36.000Z</time></trkpt>
      <trkpt lat="35.293623" lon="127.525581"><ele>1400.1</ele><time>2023-09-08T20:08:49.000Z</time></trkpt>
      <trkpt lat="35.293584" lon="127.525555"><ele>1400.5</ele><time>2023-09-08T20:08:49.000Z</time></trkpt>
      <trkpt lat="35.293547" lon="127.525523"><ele>1400.8</ele><time>2023-09-08T20:08:56.000Z</time></trkpt>
      <trkpt lat="35.293513" lon="127.525488"><ele>1401.2</ele><time>2023-09-08T20:08:56.000Z</time></trkpt>
      <trkpt lat="35.293479" lon="127.525451"><ele>1401.5</ele><time>2023-09-08T20:09:10.000Z</time></trkpt>
      <trkpt lat="35.293445" lon="127.525416"><ele>1401.9</ele><time>2023-09-08T20:09:10.000Z</time></trkpt>
      <trkpt lat="35.293410" lon="127.525380"><ele>1402.4</ele><time>2023-09-08T20:09:10.000Z</time></trkpt>
      <trkpt lat="35.293376" lon="127.525345"><ele>1403.0</ele><time>2023-09-08T20:09:16.000Z</time></trkpt>
      <trkpt lat="35.293342" lon="127.525309"><ele>1403.6</ele><time>2023-09-08T20:09:16.000Z</time></trkpt>
      <trkpt lat="35.293308" lon="127.525273"><ele>1404.3</ele><time>2023-09-08T20:09:30.000Z</time></trkpt>
      <trkpt lat="35.293274" lon="127.525237"><ele>1405.0</ele><time>2023-09-08T20:09:30.000Z</time></trkpt>
      <trkpt lat="35.293239" lon="127.525201"><ele>1405.9</ele><time>2023-09-08T20:09:43.000Z</time></trkpt>
      <trkpt lat="35.293203" lon="127.525169"><ele>1406.8</ele><time>2023-09-08T20:09:43.000Z</time></trkpt>
      <trkpt lat="35.293162" lon="127.525146"><ele>1407.7</ele><time>2023-09-08T20:09:54.000Z</time></trkpt>
      <trkpt lat="35.293118" lon="127.525144"><ele>1408.7</ele><time>2023-09-08T20:10:06.000Z</time></trkpt>
      <trkpt lat="35.293080" lon="127.525171"><ele>1409.7</ele><time>2023-09-08T20:10:06.000Z</time></trkpt>
      <trkpt lat="35.293057" lon="127.525217"><ele>1410.5</ele><time>2023-09-08T20:10:16.000Z</time></trkpt>
      <trkpt lat="35.293046" lon="127.525271"><ele>1411.2</ele><time>2023-09-08T20:10:16.000Z</time></trkpt>
      <trkpt lat="35.293041" lon="127.525325"><ele>1411.9</ele><time>2023-09-08T20:10:26.000Z</time></trkpt>
      <trkpt lat="35.293039" lon="127.525380"><ele>1412.4</ele><time>2023-09-08T20:10:26.000Z</time></trkpt>
      <trkpt lat="35.293039" lon="127.525435"><ele>1412.9</ele><time>2023-09-08T20:10:36.000Z</time></trkpt>
      <trkpt lat="35.293039" lon="127.525491"><ele>1413.3</ele><time>2023-09-08T20:10:36.000Z</time></trkpt>
      <trkpt lat="35.293038" lon="127.525546"><ele>1413.7</ele><time>2023-09-08T20:10:44.000Z</time></trkpt>
      <trkpt lat="35.293040" lon="127.525601"><ele>1414.1</ele><time>2023-09-08T20:10:53.000Z</time></trkpt>
      <trkpt lat="35.293048" lon="127.525655"><ele>1414.6</ele><time>2023-09-08T20:10:53.000Z</time></trkpt>
      <trkpt lat="35.293065" lon="127.525706"><ele>1415.0</ele><time>2023-09-08T20:10:59.000Z</time></trkpt>
      <trkpt lat="35.293087" lon="127.525754"><ele>1415.3</ele><time>2023-09-08T20:10:59.000Z</time></trkpt>
      <trkpt lat="35.293110" lon="127.525801"><ele>1415.7</ele><time>2023-09-08T20:11:12.000Z</time></trkpt>
      <trkpt lat="35.293135" lon="127.525846"><ele>1416.0</ele><time>2023-09-08T20:11:12.000Z</time></trkpt>
      <trkpt lat="35.293163" lon="127.525890"><ele>1416.3</ele><time>2023-09-08T20:11:20.000Z</time></trkpt>
      <trkpt lat="35.293187" lon="127.525936"><ele>1416.5</ele><time>2023-09-08T20:11:20.000Z</time></trkpt>
      <trkpt lat="35.293208" lon="127.525985"><ele>1416.7</ele><time>2023-09-08T20:11:33.000Z</time></trkpt>
      <trkpt lat="35.293232" lon="127.526031"><ele>1416.9</ele><time>2023-09-08T20:11:33.000Z</time></trkpt>
      <trkpt lat="35.293264" lon="127.526070"><ele>1417.1</ele><time>2023-09-08T20:11:41.000Z</time></trkpt>
      <trkpt lat="35.293299" lon="127.526105"><ele>1417.3</ele><time>2023-09-08T20:11:41.000Z</time></trkpt>
      <trkpt lat="35.293334" lon="127.526139"><ele>1417.4</ele><time>2023-09-08T20:11:41.000Z</time></trkpt>
      <trkpt lat="35.293369" lon="127.526174"><ele>1417.5</ele><time>2023-09-08T20:11:53.000Z</time></trkpt>
      <trkpt lat="35.293406" lon="127.526205"><ele>1417.6</ele><time>2023-09-08T20:11:53.000Z</time></trkpt>
      <trkpt lat="35.293444" lon="127.526235"><ele>1417.7</ele><time>2023-09-08T20:12:01.000Z</time></trkpt>
      <trkpt lat="35.293483" lon="127.526263"><ele>1417.8</ele><time>2023-09-08T20:12:01.000Z</time></trkpt>
      <trkpt lat="35.293521" lon="127.526292"><ele>1417.9</ele><time>2023-09-08T20:12:01.000Z</time></trkpt>
      <trkpt lat="35.293559" lon="127.526320"><ele>1418.1</ele><time>2023-09-08T20:12:15.000Z</time></trkpt>
      <trkpt lat="35.293599" lon="127.526347"><ele>1418.3</ele><time>2023-09-08T20:12:15.000Z</time></trkpt>
      <trkpt lat="35.293640" lon="127.526370"><ele>1418.5</ele><time>2023-09-08T20:12:22.000Z</time></trkpt>
      <trkpt lat="35.293681" lon="127.526391"><ele>1418.7</ele><time>2023-09-08T20:12:22.000Z</time></trkpt>
      <trkpt lat="35.293723" lon="127.526410"><ele>1418.9</ele><time>2023-09-08T20:12:36.000Z</time></trkpt>
      <trkpt lat="35.293765" lon="127.526429"><ele>1419.1</ele><time>2023-09-08T20:12:36.000Z</time></trkpt>
      <trkpt lat="35.293808" lon="127.526448"><ele>1419.4</ele><time>2023-09-08T20:12:36.000Z</time></trkpt>
      <trkpt lat="35.293851" lon="127.526465"><ele>1419.7</ele><time>2023-09-08T20:12:43.000Z</time></trkpt>
      <trkpt lat="35.293894" lon="127.526480"><ele>1420.0</ele><time>2023-09-08T20:12:43.000Z</time></trkpt>
      <trkpt lat="35.293937" lon="127.526494"><ele>1420.3</ele><time>2023-09-08T20:12:56.000Z</time></trkpt>
      <trkpt lat="35.293980" lon="127.526510"><ele>1420.6</ele><time>2023-09-08T20:12:56.000Z</time></trkpt>
      <trkpt lat="35.294022" lon="127.526529"><ele>1420.9</ele><time>2023-09-08T20:13:03.000Z</time></trkpt>
      <trkpt lat="35.294064" lon="127.526551"><ele>1421.1</ele><time>2023-09-08T20:13:03.000Z</time></trkpt>
      <trkpt lat="35.294104" lon="127.526577"><ele>1421.4</ele><time>2023-09-08T20:13:03.000Z</time></trkpt>
      <trkpt lat="35.294142" lon="127.526606"><ele>1421.7</ele><time>2023-09-08T20:13:17.000Z</time></trkpt>
      <trkpt lat="35.294177" lon="127.526640"><ele>1421.9</ele><time>2023-09-08T20:13:17.000Z</time></trkpt>
      <trkpt lat="35.294209" lon="127.526678"><ele>1422.2</ele><time>2023-09-08T20:13:24.000Z</time></trkpt>
      <trkpt lat="35.294240" lon="127.526718"><ele>1422.5</ele><time>2023-09-08T20:13:24.000Z</time></trkpt>
      <trkpt lat="35.294269" lon="127.526760"><ele>1422.9</ele><time>2023-09-08T20:13:37.000Z</time></trkpt>
      <trkpt lat="35.294298" lon="127.526803"><ele>1423.2</ele><time>2023-09-08T20:13:37.000Z</time></trkpt>
      <trkpt lat="35.294326" lon="127.526846"><ele>1423.5</ele><time>2023-09-08T20:13:43.000Z</time></trkpt>
      <trkpt lat="35.294352" lon="127.526891"><ele>1423.9</ele><time>2023-09-08T20:13:43.000Z</time></trkpt>
      <trkpt lat="35.294375" lon="127.526938"><ele>1424.2</ele><time>2023-09-08T20:13:57.000Z</time></trkpt>
      <trkpt lat="35.294397" lon="127.526986"><ele>1424.6</ele><time>2023-09-08T20:13:57.000Z</time></trkpt>
      <trkpt lat="35.294419" lon="127.527034"><ele>1425.0</ele><time>2023-09-08T20:14:04.000Z</time></trkpt>
      <trkpt lat="35.294439" lon="127.527083"><ele>1425.3</ele><time>2023-09-08T20:14:04.000Z</time></trkpt>
      <trkpt lat="35.294455" lon="127.527135"><ele>1425.6</ele><time>2023-09-08T20:14:04.000Z</time></trkpt>
      <trkpt lat="35.294467" lon="127.527188"><ele>1425.9</ele><time>2023-09-08T20:14:18.000Z</time></trkpt>
      <trkpt lat="35.294476" lon="127.527242"><ele>1426.2</ele><time>2023-09-08T20:14:18.000Z</time></trkpt>
      <trkpt lat="35.294484" lon="127.527296"><ele>1426.5</ele><time>2023-09-08T20:14:26.000Z</time></trkpt>
      <trkpt lat="35.294491" lon="127.527351"><ele>1426.9</ele><time>2023-09-08T20:14:26.000Z</time></trkpt>
      <trkpt lat="35.294497" lon="127.527405"><ele>1427.2</ele><time>2023-09-08T20:14:38.000Z</time></trkpt>
      <trkpt lat="35.294503" lon="127.527460"><ele>1427.6</ele><time>2023-09-08T20:14:38.000Z</time></trkpt>
      <trkpt lat="35.294508" lon="127.527515"><ele>1428.0</ele><time>2023-09-08T20:14:46.000Z</time></trkpt>
      <trkpt lat="35.294511" lon="127.527569"><ele>1428.5</ele><time>2023-09-08T20:14:46.000Z</time></trkpt>
      <trkpt lat="35.294512" lon="127.527625"><ele>1428.9</ele><time>2023-09-08T20:14:54.000Z</time></trkpt>
      <trkpt lat="35.294507" lon="127.527679"><ele>1429.3</ele><time>2023-09-08T20:14:54.000Z</time></trkpt>
      <trkpt lat="35.294500" lon="127.527734"><ele>1429.8</ele><time>2023-09-08T20:15:04.000Z</time></trkpt>
      <trkpt lat="35.294487" lon="127.527786"><ele>1430.2</ele><time>2023-09-08T20:15:04.000Z</time></trkpt>
      <trkpt lat="35.294470" lon="127.527837"><ele>1430.7</ele><time>2023-09-08T20:15:12.000Z</time></trkpt>
      <trkpt lat="35.294452" lon="127.527888"><ele>1431.2</ele><time>2023-09-08T20:15:12.000Z</time></trkpt>
      <trkpt lat="35.294435" lon="127.527939"><ele>1431.7</ele><time>2023-09-08T20:15:23.000Z</time></trkpt>
      <trkpt lat="35.294419" lon="127.527990"><ele>1432.3</ele><time>2023-09-08T20:15:23.000Z</time></trkpt>
      <trkpt lat="35.294404" lon="127.528042"><ele>1432.9</ele><time>2023-09-08T20:15:33.000Z</time></trkpt>
      <trkpt lat="35.294391" lon="127.528095"><ele>1433.4</ele><time>2023-09-08T20:15:33.000Z</time></trkpt>
      <trkpt lat="35.294381" lon="127.528149"><ele>1434.0</ele><time>2023-09-08T20:15:44.000Z</time></trkpt>
      <trkpt lat="35.294374" lon="127.528203"><ele>1434.6</ele><time>2023-09-08T20:15:44.000Z</time></trkpt>
      <trkpt lat="35.294372" lon="127.528258"><ele>1435.2</ele><time>2023-09-08T20:15:55.000Z</time></trkpt>
      <trkpt lat="35.294374" lon="127.528313"><ele>1435.8</ele><time>2023-09-08T20:15:55.000Z</time></trkpt>
      <trkpt lat="35.294381" lon="127.528368"><ele>1436.3</ele><time>2023-09-08T20:16:05.000Z</time></trkpt>
      <trkpt lat="35.294394" lon="127.528420"><ele>1436.8</ele><time>2023-09-08T20:16:05.000Z</time></trkpt>
      <trkpt lat="35.294413" lon="127.528471"><ele>1437.2</ele><time>2023-09-08T20:16:14.000Z</time></trkpt>
      <trkpt lat="35.294436" lon="127.528517"><ele>1437.6</ele><time>2023-09-08T20:16:14.000Z</time></trkpt>
      <trkpt lat="35.294461" lon="127.528563"><ele>1438.0</ele><time>2023-09-08T20:16:22.000Z</time></trkpt>
      <trkpt lat="35.294489" lon="127.528607"><ele>1438.3</ele><time>2023-09-08T20:16:22.000Z</time></trkpt>
      <trkpt lat="35.294517" lon="127.528649"><ele>1438.6</ele><time>2023-09-08T20:16:28.000Z</time></trkpt>
      <trkpt lat="35.294547" lon="127.528691"><ele>1438.8</ele><time>2023-09-08T20:16:28.000Z</time></trkpt>
      <trkpt lat="35.294578" lon="127.528731"><ele>1439.1</ele><time>2023-09-08T20:16:42.000Z</time></trkpt>
      <trkpt lat="35.294610" lon="127.528769"><ele>1439.3</ele><time>2023-09-08T20:16:42.000Z</time></trkpt>
      <trkpt lat="35.294645" lon="127.528805"><ele>1439.5</ele><time>2023-09-08T20:16:49.000Z</time></trkpt>
      <trkpt lat="35.294680" lon="127.528838"><ele>1439.8</ele><time>2023-09-08T20:16:49.000Z</time></trkpt>
      <trkpt lat="35.294716" lon="127.528871"><ele>1440.1</ele><time>2023-09-08T20:16:49.000Z</time></trkpt>
      <trkpt lat="35.294753" lon="127.528903"><ele>1440.5</ele><time>2023-09-08T20:17:03.000Z</time></trkpt>
      <trkpt lat="35.294790" lon="127.528934"><ele>1440.9</ele><time>2023-09-08T20:17:03.000Z</time></trkpt>
      <trkpt lat="35.294828" lon="127.528963"><ele>1441.3</ele><time>2023-09-08T20:17:10.000Z</time></trkpt>
      <trkpt lat="35.294868" lon="127.528989"><ele>1441.7</ele><time>2023-09-08T20:17:10.000Z</time></trkpt>
      <trkpt lat="35.294908" lon="127.529013"><ele>1442.2</ele><time>2023-09-08T20:17:24.000Z</time></trkpt>
      <trkpt lat="35.294949" lon="127.529036"><ele>1442.6</ele><time>2023-09-08T20:17:24.000Z</time></trkpt>
      <trkpt lat="35.294990" lon="127.529058"><ele>1443.1</ele><time>2023-09-08T20:17:30.000Z</time></trkpt>
      <trkpt lat="35.295033" lon="127.529075"><ele>1443.6</ele><time>2023-09-08T20:17:30.000Z</time></trkpt>
      <trkpt lat="35.295077" lon="127.529086"><ele>1444.1</ele><time>2023-09-08T20:17:44.000Z</time></trkpt>
      <trkpt lat="35.295122" lon="127.529090"><ele>1444.5</ele><time>2023-09-08T20:17:44.000Z</time></trkpt>
      <trkpt lat="35.295167" lon="127.529089"><ele>1444.9</ele><time>2023-09-08T20:17:52.000Z</time></trkpt>
      <trkpt lat="35.295212" lon="127.529086"><ele>1445.3</ele><time>2023-09-08T20:17:52.000Z</time></trkpt>
      <trkpt lat="35.295257" lon="127.529084"><ele>1445.6</ele><time>2023-09-08T20:18:04.000Z</time></trkpt>
      <trkpt lat="35.295302" lon="127.529080"><ele>1445.8</ele><time>2023-09-08T20:18:04.000Z</time></trkpt>
      <trkpt lat="35.295346" lon="127.529074"><ele>1446.1</ele><time>2023-09-08T20:18:11.000Z</time></trkpt>
      <trkpt lat="35.295391" lon="127.529067"><ele>1446.3</ele><time>2023-09-08T20:18:11.000Z</time></trkpt>
      <trkpt lat="35.295435" lon="127.529056"><ele>1446.5</ele><time>2023-09-08T20:18:11.000Z</time></trkpt>
      <trkpt lat="35.295479" lon="127.529043"><ele>1446.7</ele><time>2023-09-08T20:18:26.000Z</time></trkpt>
      <trkpt lat="35.295521" lon="127.529026"><ele>1447.0</ele><time>2023-09-08T20:18:26.000Z</time></trkpt>
      <trkpt lat="35.295564" lon="127.529008"><ele>1447.2</ele><time>2023-09-08T20:18:32.000Z</time></trkpt>
      <trkpt lat="35.295607" lon="127.528991"><ele>1447.5</ele><time>2023-09-08T20:18:32.000Z</time></trkpt>
      <trkpt lat="35.295651" lon="127.528979"><ele>1447.8</ele><time>2023-09-08T20:18:46.000Z</time></trkpt>
      <trkpt lat="35.295695" lon="127.528972"><ele>1448.2</ele><time>2023-09-08T20:18:46.000Z</time></trkpt>
      <trkpt lat="35.295740" lon="127.528972"><ele>1448.6</ele><time>2023-09-08T20:18:46.000Z</time></trkpt>
      <trkpt lat="35.295785" lon="127.528979"><ele>1449.0</ele><time>2023-09-08T20:18:52.000Z</time></trkpt>
      <trkpt lat="35.295829" lon="127.528991"><ele>1449.4</ele><time>2023-09-08T20:18:52.000Z</time></trkpt>
      <trkpt lat="35.295871" lon="127.529011"><ele>1449.9</ele><time>2023-09-08T20:19:07.000Z</time></trkpt>
      <trkpt lat="35.295911" lon="127.529036"><ele>1450.4</ele><time>2023-09-08T20:19:07.000Z</time></trkpt>
      <trkpt lat="35.295949" lon="127.529064"><ele>1451.0</ele><time>2023-09-08T20:19:14.000Z</time></trkpt>
      <trkpt lat="35.295987" lon="127.529094"><ele>1451.5</ele><time>2023-09-08T20:19:14.000Z</time></trkpt>
      <trkpt lat="35.296026" lon="127.529122"><ele>1452.1</ele><time>2023-09-08T20:19:27.000Z</time></trkpt>
      <trkpt lat="35.296065" lon="127.529149"><ele>1452.6</ele><time>2023-09-08T20:19:27.000Z</time></trkpt>
      <trkpt lat="35.296104" lon="127.529176"><ele>1453.1</ele><time>2023-09-08T20:19:27.000Z</time></trkpt>
      <trkpt lat="35.296142" lon="127.529206"><ele>1453.7</ele><time>2023-09-08T20:19:35.000Z</time></trkpt>
      <trkpt lat="35.296181" lon="127.529233"><ele>1454.3</ele><time>2023-09-08T20:19:35.000Z</time></trkpt>
      <trkpt lat="35.296222" lon="127.529256"><ele>1454.8</ele><time>2023-09-08T20:19:48.000Z</time></trkpt>
      <trkpt lat="35.296265" lon="127.529273"><ele>1455.4</ele><time>2023-09-08T20:19:48.000Z</time></trkpt>
      <trkpt lat="35.296309" lon="127.529285"><ele>1455.9</ele><time>2023-09-08T20:19:59.000Z</time></trkpt>
      <trkpt lat="35.296353" lon="127.529295"><ele>1456.4</ele><time>2023-09-08T20:19:59.000Z</time></trkpt>
      <trkpt lat="35.296397" lon="127.529306"><ele>1456.9</ele><time>2023-09-08T20:20:08.000Z</time></trkpt>
      <trkpt lat="35.296441" lon="127.529315"><ele>1457.4</ele><time>2023-09-08T20:20:08.000Z</time></trkpt>
      <trkpt lat="35.296486" lon="127.529324"><ele>1457.9</ele><time>2023-09-08T20:20:16.000Z</time></trkpt>
      <trkpt lat="35.296530" lon="127.529333"><ele>1458.4</ele><time>2023-09-08T20:20:16.000Z</time></trkpt>
      <trkpt lat="35.296574" lon="127.529343"><ele>1459.0</ele><time>2023-09-08T20:20:29.000Z</time></trkpt>
      <trkpt lat="35.296618" lon="127.529354"><ele>1459.5</ele><time>2023-09-08T20:20:29.000Z</time></trkpt>
      <trkpt lat="35.296662" lon="127.529368"><ele>1460.0</ele><time>2023-09-08T20:20:35.000Z</time></trkpt>
      <trkpt lat="35.296704" lon="127.529386"><ele>1460.6</ele><time>2023-09-08T20:20:35.000Z</time></trkpt>
      <trkpt lat="35.296746" lon="127.529408"><ele>1461.1</ele><time>2023-09-08T20:20:50.000Z</time></trkpt>
      <trkpt lat="35.296785" lon="127.529434"><ele>1461.6</ele><time>2023-09-08T20:20:50.000Z</time></trkpt>
      <trkpt lat="35.296820" lon="127.529469"><ele>1462.0</ele><time>2023-09-08T20:20:56.000Z</time></trkpt>
      <trkpt lat="35.296845" lon="127.529514"><ele>1462.3</ele><time>2023-09-08T20:20:56.000Z</time></trkpt>
      <trkpt lat="35.296863" lon="127.529565"><ele>1462.4</ele><time>2023-09-08T20:21:10.000Z</time></trkpt>
      <trkpt lat="35.296864" lon="127.529566"><ele>1462.4</ele><time>2023-09-08T20:21:10.000Z</time></trkpt>
      <trkpt lat="35.296881" lon="127.529616"><ele>1462.3</ele><time>2023-09-08T20:21:10.000Z</time></trkpt>
      <trkpt lat="35.296893" lon="127.529669"><ele>1462.0</ele><time>2023-09-08T20:21:57.000Z</time></trkpt>
      <trkpt lat="35.296895" lon="127.529724"><ele>1461.5</ele><time>2023-09-08T20:21:57.000Z</time></trkpt>
      <trkpt lat="35.296885" lon="127.529777"><ele>1460.8</ele><time>2023-09-08T20:25:08.000Z</time></trkpt>
      <trkpt lat="35.296871" lon="127.529830"><ele>1459.9</ele><time>2023-09-08T20:25:08.000Z</time></trkpt>
      <trkpt lat="35.296853" lon="127.529880"><ele>1458.9</ele><time>2023-09-08T20:25:17.000Z</time></trkpt>
      <trkpt lat="35.296834" lon="127.529930"><ele>1457.9</ele><time>2023-09-08T20:25:23.000Z</time></trkpt>
      <trkpt lat="35.296816" lon="127.529980"><ele>1456.8</ele><time>2023-09-08T20:25:23.000Z</time></trkpt>
      <trkpt lat="35.296800" lon="127.530032"><ele>1455.8</ele><time>2023-09-08T20:25:37.000Z</time></trkpt>
      <trkpt lat="35.296787" lon="127.530085"><ele>1454.9</ele><time>2023-09-08T20:25:37.000Z</time></trkpt>
      <trkpt lat="35.296775" lon="127.530138"><ele>1454.1</ele><time>2023-09-08T20:25:49.000Z</time></trkpt>
      <trkpt lat="35.296766" lon="127.530192"><ele>1453.4</ele><time>2023-09-08T20:25:49.000Z</time></trkpt>
      <trkpt lat="35.296757" lon="127.530246"><ele>1452.9</ele><time>2023-09-08T20:26:02.000Z</time></trkpt>
      <trkpt lat="35.296745" lon="127.530299"><ele>1452.4</ele><time>2023-09-08T20:26:02.000Z</time></trkpt>
      <trkpt lat="35.296731" lon="127.530351"><ele>1452.0</ele><time>2023-09-08T20:26:10.000Z</time></trkpt>
      <trkpt lat="35.296720" lon="127.530405"><ele>1451.7</ele><time>2023-09-08T20:26:10.000Z</time></trkpt>
      <trkpt lat="35.296710" lon="127.530458"><ele>1451.5</ele><time>2023-09-08T20:26:18.000Z</time></trkpt>
      <trkpt lat="35.296696" lon="127.530511"><ele>1451.3</ele><time>2023-09-08T20:26:18.000Z</time></trkpt>
      <trkpt lat="35.296678" lon="127.530561"><ele>1451.2</ele><time>2023-09-08T20:26:25.000Z</time></trkpt>
      <trkpt lat="35.296657" lon="127.530610"><ele>1451.1</ele><time>2023-09-08T20:26:25.000Z</time></trkpt>
      <trkpt lat="35.296635" lon="127.530658"><ele>1451.0</ele><time>2023-09-08T20:26:38.000Z</time></trkpt>
      <trkpt lat="35.296611" lon="127.530705"><ele>1450.9</ele><time>2023-09-08T20:26:38.000Z</time></trkpt>
      <trkpt lat="35.296587" lon="127.530751"><ele>1450.8</ele><time>2023-09-08T20:26:46.000Z</time></trkpt>
      <trkpt lat="35.296562" lon="127.530797"><ele>1450.6</ele><time>2023-09-08T20:26:46.000Z</time></trkpt>
      <trkpt lat="35.296538" lon="127.530843"><ele>1450.4</ele><time>2023-09-08T20:26:46.000Z</time></trkpt>
      <trkpt lat="35.296512" lon="127.530888"><ele>1450.2</ele><time>2023-09-08T20:27:00.000Z</time></trkpt>
      <trkpt lat="35.296484" lon="127.530932"><ele>1449.9</ele><time>2023-09-08T20:27:00.000Z</time></trkpt>
      <trkpt lat="35.296457" lon="127.530976"><ele>1449.6</ele><time>2023-09-08T20:27:07.000Z</time></trkpt>
      <trkpt lat="35.296433" lon="127.531022"><ele>1449.3</ele><time>2023-09-08T20:27:07.000Z</time></trkpt>
      <trkpt lat="35.296410" lon="127.531070"><ele>1449.0</ele><time>2023-09-08T20:27:20.000Z</time></trkpt>
      <trkpt lat="35.296381" lon="127.531112"><ele>1448.8</ele><time>2023-09-08T20:27:20.000Z</time></trkpt>
      <trkpt lat="35.296349" lon="127.531150"><ele>1448.6</ele><time>2023-09-08T20:27:26.000Z</time></trkpt>
      <trkpt lat="35.296318" lon="127.531191"><ele>1448.5</ele><time>2023-09-08T20:27:26.000Z</time></trkpt>
      <trkpt lat="35.296293" lon="127.531236"><ele>1448.5</ele><time>2023-09-08T20:27:41.000Z</time></trkpt>
      <trkpt lat="35.296274" lon="127.531286"><ele>1448.4</ele><time>2023-09-08T20:27:41.000Z</time></trkpt>
      <trkpt lat="35.296260" lon="127.531338"><ele>1448.4</ele><time>2023-09-08T20:27:48.000Z</time></trkpt>
      <trkpt lat="35.296244" lon="127.531390"><ele>1448.4</ele><time>2023-09-08T20:27:48.000Z</time></trkpt>
      <trkpt lat="35.296222" lon="127.531438"><ele>1448.3</ele><time>2023-09-08T20:28:00.000Z</time></trkpt>
      <trkpt lat="35.296196" lon="127.531483"><ele>1448.2</ele><time>2023-09-08T20:28:00.000Z</time></trkpt>
      <trkpt lat="35.296166" lon="127.531524"><ele>1448.1</ele><time>2023-09-08T20:28:08.000Z</time></trkpt>
      <trkpt lat="35.296137" lon="127.531566"><ele>1447.8</ele><time>2023-09-08T20:28:08.000Z</time></trkpt>
      <trkpt lat="35.296109" lon="127.531609"><ele>1447.5</ele><time>2023-09-08T20:28:22.000Z</time></trkpt>
      <trkpt lat="35.296081" lon="127.531652"><ele>1447.0</ele><time>2023-09-08T20:28:22.000Z</time></trkpt>
      <trkpt lat="35.296053" lon="127.531695"><ele>1446.6</ele><time>2023-09-08T20:28:33.000Z</time></trkpt>
      <trkpt lat="35.296026" lon="127.531739"><ele>1446.0</ele><time>2023-09-08T20:28:33.000Z</time></trkpt>
      <trkpt lat="35.296001" lon="127.531785"><ele>1445.5</ele><time>2023-09-08T20:28:47.000Z</time></trkpt>
      <trkpt lat="35.295977" lon="127.531832"><ele>1445.0</ele><time>2023-09-08T20:28:47.000Z</time></trkpt>
      <trkpt lat="35.295948" lon="127.531874"><ele>1444.5</ele><time>2023-09-08T20:28:47.000Z</time></trkpt>
      <trkpt lat="35.295916" lon="127.531913"><ele>1444.0</ele><time>2023-09-08T20:29:03.000Z</time></trkpt>
      <trkpt lat="35.295885" lon="127.531953"><ele>1443.6</ele><time>2023-09-08T20:29:03.000Z</time></trkpt>
      <trkpt lat="35.295859" lon="127.531997"><ele>1443.2</ele><time>2023-09-08T20:29:15.000Z</time></trkpt>
      <trkpt lat="35.295837" lon="127.532045"><ele>1442.9</ele><time>2023-09-08T20:29:15.000Z</time></trkpt>
      <trkpt lat="35.295819" lon="127.532096"><ele>1442.6</ele><time>2023-09-08T20:29:28.000Z</time></trkpt>
      <trkpt lat="35.295806" lon="127.532149"><ele>1442.5</ele><time>2023-09-08T20:29:28.000Z</time></trkpt>
      <trkpt lat="35.295792" lon="127.532201"><ele>1442.4</ele><time>2023-09-08T20:29:39.000Z</time></trkpt>
      <trkpt lat="35.295774" lon="127.532251"><ele>1442.5</ele><time>2023-09-08T20:29:39.000Z</time></trkpt>
      <trkpt lat="35.295754" lon="127.532301"><ele>1442.6</ele><time>2023-09-08T20:29:49.000Z</time></trkpt>
      <trkpt lat="35.295737" lon="127.532352"><ele>1442.9</ele><time>2023-09-08T20:29:49.000Z</time></trkpt>
      <trkpt lat="35.295724" lon="127.532404"><ele>1443.2</ele><time>2023-09-08T20:30:00.000Z</time></trkpt>
      <trkpt lat="35.295711" lon="127.532457"><ele>1443.5</ele><time>2023-09-08T20:30:09.000Z</time></trkpt>
      <trkpt lat="35.295697" lon="127.532510"><ele>1443.8</ele><time>2023-09-08T20:30:09.000Z</time></trkpt>
      <trkpt lat="35.295678" lon="127.532559"><ele>1444.1</ele><time>2023-09-08T20:30:21.000Z</time></trkpt>
      <trkpt lat="35.295651" lon="127.532603"><ele>1444.4</ele><time>2023-09-08T20:30:21.000Z</time></trkpt>
      <trkpt lat="35.295618" lon="127.532641"><ele>1444.6</ele><time>2023-09-08T20:30:33.000Z</time></trkpt>
      <trkpt lat="35.295585" lon="127.532678"><ele>1444.7</ele><time>2023-09-08T20:30:33.000Z</time></trkpt>
      <trkpt lat="35.295558" lon="127.532722"><ele>1444.8</ele><time>2023-09-08T20:30:33.000Z</time></trkpt>
      <trkpt lat="35.295539" lon="127.532772"><ele>1444.9</ele><time>2023-09-08T20:30:50.000Z</time></trkpt>
      <trkpt lat="35.295528" lon="127.532826"><ele>1445.0</ele><time>2023-09-08T20:30:50.000Z</time></trkpt>
      <trkpt lat="35.295523" lon="127.532881"><ele>1445.1</ele><time>2023-09-08T20:31:02.000Z</time></trkpt>
      <trkpt lat="35.295516" lon="127.532935"><ele>1445.1</ele><time>2023-09-08T20:31:02.000Z</time></trkpt>
      <trkpt lat="35.295503" lon="127.532988"><ele>1445.0</ele><time>2023-09-08T20:31:11.000Z</time></trkpt>
      <trkpt lat="35.295487" lon="127.533039"><ele>1444.9</ele><time>2023-09-08T20:31:22.000Z</time></trkpt>
      <trkpt lat="35.295480" lon="127.533094"><ele>1444.8</ele><time>2023-09-08T20:31:40.000Z</time></trkpt>
      <trkpt lat="35.295482" lon="127.533149"><ele>1444.6</ele><time>2023-09-08T20:31:40.000Z</time></trkpt>
      <trkpt lat="35.295473" lon="127.533203"><ele>1444.3</ele><time>2023-09-08T20:31:52.000Z</time></trkpt>
      <trkpt lat="35.295457" lon="127.533254"><ele>1444.0</ele><time>2023-09-08T20:31:52.000Z</time></trkpt>
      <trkpt lat="35.295453" lon="127.533309"><ele>1443.6</ele><time>2023-09-08T20:32:09.000Z</time></trkpt>
      <trkpt lat="35.295460" lon="127.533363"><ele>1443.2</ele><time>2023-09-08T20:32:09.000Z</time></trkpt>
      <trkpt lat="35.295469" lon="127.533417"><ele>1442.7</ele><time>2023-09-08T20:32:21.000Z</time></trkpt>
      <trkpt lat="35.295475" lon="127.533472"><ele>1442.1</ele><time>2023-09-08T20:32:21.000Z</time></trkpt>
      <trkpt lat="35.295474" lon="127.533527"><ele>1441.4</ele><time>2023-09-08T20:32:29.000Z</time></trkpt>
      <trkpt lat="35.295467" lon="127.533581"><ele>1440.7</ele><time>2023-09-08T20:32:29.000Z</time></trkpt>
      <trkpt lat="35.295457" lon="127.533635"><ele>1439.9</ele><time>2023-09-08T20:32:37.000Z</time></trkpt>
      <trkpt lat="35.295448" lon="127.533689"><ele>1439.1</ele><time>2023-09-08T20:32:50.000Z</time></trkpt>
      <trkpt lat="35.295443" lon="127.533744"><ele>1438.4</ele><time>2023-09-08T20:32:50.000Z</time></trkpt>
      <trkpt lat="35.295444" lon="127.533799"><ele>1437.7</ele><time>2023-09-08T20:33:05.000Z</time></trkpt>
      <trkpt lat="35.295449" lon="127.533854"><ele>1437.1</ele><time>2023-09-08T20:33:05.000Z</time></trkpt>
      <trkpt lat="35.295451" lon="127.533909"><ele>1436.4</ele><time>2023-09-08T20:33:15.000Z</time></trkpt>
      <trkpt lat="35.295441" lon="127.533963"><ele>1435.8</ele><time>2023-09-08T20:33:15.000Z</time></trkpt>
      <trkpt lat="35.295420" lon="127.534011"><ele>1435.2</ele><time>2023-09-08T20:33:22.000Z</time></trkpt>
      <trkpt lat="35.295395" lon="127.534057"><ele>1434.7</ele><time>2023-09-08T20:33:22.000Z</time></trkpt>
      <trkpt lat="35.295377" lon="127.534107"><ele>1434.3</ele><time>2023-09-08T20:33:35.000Z</time></trkpt>
      <trkpt lat="35.295370" lon="127.534162"><ele>1433.9</ele><time>2023-09-08T20:33:44.000Z</time></trkpt>
      <trkpt lat="35.295374" lon="127.534216"><ele>1433.5</ele><time>2023-09-08T20:33:44.000Z</time></trkpt>
      <trkpt lat="35.295391" lon="127.534267"><ele>1433.1</ele><time>2023-09-08T20:33:56.000Z</time></trkpt>
      <trkpt lat="35.295415" lon="127.534314"><ele>1432.8</ele><time>2023-09-08T20:33:56.000Z</time></trkpt>
      <trkpt lat="35.295438" lon="127.534361"><ele>1432.4</ele><time>2023-09-08T20:34:07.000Z</time></trkpt>
      <trkpt lat="35.295457" lon="127.534411"><ele>1432.1</ele><time>2023-09-08T20:34:07.000Z</time></trkpt>
      <trkpt lat="35.295468" lon="127.534464"><ele>1431.8</ele><time>2023-09-08T20:34:20.000Z</time></trkpt>
      <trkpt lat="35.295476" lon="127.534519"><ele>1431.6</ele><time>2023-09-08T20:34:20.000Z</time></trkpt>
      <trkpt lat="35.295474" lon="127.534574"><ele>1431.4</ele><time>2023-09-08T20:34:20.000Z</time></trkpt>
      <trkpt lat="35.295464" lon="127.534627"><ele>1431.2</ele><time>2023-09-08T20:34:32.000Z</time></trkpt>
      <trkpt lat="35.295455" lon="127.534681"><ele>1431.0</ele><time>2023-09-08T20:34:40.000Z</time></trkpt>
      <trkpt lat="35.295452" lon="127.534736"><ele>1430.8</ele><time>2023-09-08T20:34:40.000Z</time></trkpt>
      <trkpt lat="35.295452" lon="127.534791"><ele>1430.7</ele><time>2023-09-08T20:34:54.000Z</time></trkpt>
      <trkpt lat="35.295456" lon="127.534846"><ele>1430.6</ele><time>2023-09-08T20:34:54.000Z</time></trkpt>
      <trkpt lat="35.295462" lon="127.534901"><ele>1430.5</ele><time>2023-09-08T20:35:08.000Z</time></trkpt>
      <trkpt lat="35.295458" lon="127.534955"><ele>1430.4</ele><time>2023-09-08T20:35:08.000Z</time></trkpt>
      <trkpt lat="35.295440" lon="127.535006"><ele>1430.3</ele><time>2023-09-08T20:35:26.000Z</time></trkpt>
      <trkpt lat="35.295418" lon="127.535054"><ele>1430.1</ele><time>2023-09-08T20:35:26.000Z</time></trkpt>
      <trkpt lat="35.295398" lon="127.535103"><ele>1429.9</ele><time>2023-09-08T20:35:39.000Z</time></trkpt>
      <trkpt lat="35.295388" lon="127.535157"><ele>1429.7</ele><time>2023-09-08T20:35:50.000Z</time></trkpt>
      <trkpt lat="35.295393" lon="127.535212"><ele>1429.5</ele><time>2023-09-08T20:35:50.000Z</time></trkpt>
      <trkpt lat="35.295413" lon="127.535261"><ele>1429.3</ele><time>2023-09-08T20:36:07.000Z</time></trkpt>
      <trkpt lat="35.295435" lon="127.535309"><ele>1429.0</ele><time>2023-09-08T20:36:07.000Z</time></trkpt>
      <trkpt lat="35.295451" lon="127.535360"><ele>1428.8</ele><time>2023-09-08T20:36:19.000Z</time></trkpt>
      <trkpt lat="35.295453" lon="127.535415"><ele>1428.6</ele><time>2023-09-08T20:36:19.000Z</time></trkpt>
      <trkpt lat="35.295448" lon="127.535470"><ele>1428.4</ele><time>2023-09-08T20:36:28.000Z</time></trkpt>
      <trkpt lat="35.295451" lon="127.535525"><ele>1428.1</ele><time>2023-09-08T20:36:28.000Z</time></trkpt>
      <trkpt lat="35.295461" lon="127.535579"><ele>1427.9</ele><time>2023-09-08T20:36:40.000Z</time></trkpt>
      <trkpt lat="35.295475" lon="127.535631"><ele>1427.6</ele><time>2023-09-08T20:36:51.000Z</time></trkpt>
      <trkpt lat="35.295488" lon="127.535684"><ele>1427.2</ele><time>2023-09-08T20:36:51.000Z</time></trkpt>
      <trkpt lat="35.295499" lon="127.535737"><ele>1426.8</ele><time>2023-09-08T20:37:11.000Z</time></trkpt>
      <trkpt lat="35.295505" lon="127.535792"><ele>1426.3</ele><time>2023-09-08T20:37:11.000Z</time></trkpt>
      <trkpt lat="35.295509" lon="127.535847"><ele>1425.8</ele><time>2023-09-08T20:37:38.000Z</time></trkpt>
      <trkpt lat="35.295515" lon="127.535901"><ele>1425.3</ele><time>2023-09-08T20:37:38.000Z</time></trkpt>
      <trkpt lat="35.295527" lon="127.535954"><ele>1424.7</ele><time>2023-09-08T20:37:54.000Z</time></trkpt>
      <trkpt lat="35.295544" lon="127.536005"><ele>1424.1</ele><time>2023-09-08T20:37:54.000Z</time></trkpt>
      <trkpt lat="35.295562" lon="127.536055"><ele>1423.5</ele><time>2023-09-08T20:38:05.000Z</time></trkpt>
      <trkpt lat="35.295579" lon="127.536107"><ele>1423.0</ele><time>2023-09-08T20:38:05.000Z</time></trkpt>
      <trkpt lat="35.295592" lon="127.536159"><ele>1422.6</ele><time>2023-09-08T20:38:19.000Z</time></trkpt>
      <trkpt lat="35.295605" lon="127.536212"><ele>1422.4</ele><time>2023-09-08T20:38:19.000Z</time></trkpt>
      <trkpt lat="35.295623" lon="127.536263"><ele>1422.4</ele><time>2023-09-08T20:38:31.000Z</time></trkpt>
      <trkpt lat="35.295641" lon="127.536313"><ele>1422.4</ele><time>2023-09-08T20:38:31.000Z</time></trkpt>
      <trkpt lat="35.295654" lon="127.536366"><ele>1422.7</ele><time>2023-09-08T20:38:40.000Z</time></trkpt>
      <trkpt lat="35.295663" lon="127.536420"><ele>1423.0</ele><time>2023-09-08T20:38:40.000Z</time></trkpt>
      <trkpt lat="35.295669" lon="127.536474"><ele>1423.4</ele><time>2023-09-08T20:38:47.000Z</time></trkpt>
      <trkpt lat="35.295684" lon="127.536526"><ele>1423.9</ele><time>2023-09-08T20:38:47.000Z</time></trkpt>
      <trkpt lat="35.295702" lon="127.536576"><ele>1424.3</ele><time>2023-09-08T20:39:00.000Z</time></trkpt>
      <trkpt lat="35.295719" lon="127.536628"><ele>1424.7</ele><time>2023-09-08T20:39:00.000Z</time></trkpt>
      <trkpt lat="35.295732" lon="127.536680"><ele>1425.1</ele><time>2023-09-08T20:39:08.000Z</time></trkpt>
      <trkpt lat="35.295750" lon="127.536731"><ele>1425.4</ele><time>2023-09-08T20:39:08.000Z</time></trkpt>
      <trkpt lat="35.295776" lon="127.536775"><ele>1425.6</ele><time>2023-09-08T20:39:21.000Z</time></trkpt>
      <trkpt lat="35.295805" lon="127.536818"><ele>1425.8</ele><time>2023-09-08T20:39:21.000Z</time></trkpt>
      <trkpt lat="35.295831" lon="127.536863"><ele>1426.0</ele><time>2023-09-08T20:39:21.000Z</time></trkpt>
      <trkpt lat="35.295855" lon="127.536909"><ele>1426.1</ele><time>2023-09-08T20:39:28.000Z</time></trkpt>
      <trkpt lat="35.295880" lon="127.536955"><ele>1426.3</ele><time>2023-09-08T20:39:28.000Z</time></trkpt>
      <trkpt lat="35.295902" lon="127.537003"><ele>1426.4</ele><time>2023-09-08T20:39:37.000Z</time></trkpt>
      <trkpt lat="35.295919" lon="127.537054"><ele>1426.5</ele><time>2023-09-08T20:39:37.000Z</time></trkpt>
      <trkpt lat="35.295934" lon="127.537106"><ele>1426.7</ele><time>2023-09-08T20:39:46.000Z</time></trkpt>
      <trkpt lat="35.295954" lon="127.537155"><ele>1426.9</ele><time>2023-09-08T20:39:46.000Z</time></trkpt>
      <trkpt lat="35.295976" lon="127.537203"><ele>1427.2</ele><time>2023-09-08T20:39:57.000Z</time></trkpt>
      <trkpt lat="35.295996" lon="127.537253"><ele>1427.5</ele><time>2023-09-08T20:39:57.000Z</time></trkpt>
      <trkpt lat="35.296015" lon="127.537303"><ele>1427.9</ele><time>2023-09-08T20:40:06.000Z</time></trkpt>
      <trkpt lat="35.296034" lon="127.537353"><ele>1428.3</ele><time>2023-09-08T20:40:06.000Z</time></trkpt>
      <trkpt lat="35.296048" lon="127.537405"><ele>1428.9</ele><time>2023-09-08T20:40:10.000Z</time></trkpt>
      <trkpt lat="35.296054" lon="127.537459"><ele>1429.5</ele><time>2023-09-08T20:40:27.000Z</time></trkpt>
      <trkpt lat="35.296069" lon="127.537511"><ele>1430.0</ele><time>2023-09-08T20:43:35.000Z</time></trkpt>
      <trkpt lat="35.296095" lon="127.537556"><ele>1430.5</ele><time>2023-09-08T20:43:48.000Z</time></trkpt>
      <trkpt lat="35.296119" lon="127.537603"><ele>1430.8</ele><time>2023-09-08T20:43:48.000Z</time></trkpt>
      <trkpt lat="35.296137" lon="127.537653"><ele>1431.0</ele><time>2023-09-08T20:45:43.000Z</time></trkpt>
      <trkpt lat="35.296148" lon="127.537706"><ele>1431.1</ele><time>2023-09-08T20:45:52.000Z</time></trkpt>
      <trkpt lat="35.296159" lon="127.537760"><ele>1431.1</ele><time>2023-09-08T20:45:52.000Z</time></trkpt>
      <trkpt lat="35.296165" lon="127.537814"><ele>1431.0</ele><time>2023-09-08T20:45:59.000Z</time></trkpt>
      <trkpt lat="35.296159" lon="127.537869"><ele>1430.7</ele><time>2023-09-08T20:45:59.000Z</time></trkpt>
      <trkpt lat="35.296142" lon="127.537919"><ele>1430.4</ele><time>2023-09-08T20:45:59.000Z</time></trkpt>
      <trkpt lat="35.296124" lon="127.537970"><ele>1429.8</ele><time>2023-09-08T20:46:12.000Z</time></trkpt>
      <trkpt lat="35.296104" lon="127.538019"><ele>1429.2</ele><time>2023-09-08T20:46:12.000Z</time></trkpt>
      <trkpt lat="35.296080" lon="127.538066"><ele>1428.4</ele><time>2023-09-08T20:46:20.000Z</time></trkpt>
      <trkpt lat="35.296054" lon="127.538111"><ele>1427.6</ele><time>2023-09-08T20:46:20.000Z</time></trkpt>
      <trkpt lat="35.296034" lon="127.538160"><ele>1426.7</ele><time>2023-09-08T20:46:36.000Z</time></trkpt>
      <trkpt lat="35.296018" lon="127.538212"><ele>1425.9</ele><time>2023-09-08T20:46:49.000Z</time></trkpt>
      <trkpt lat="35.296002" lon="127.538263"><ele>1425.1</ele><time>2023-09-08T20:46:49.000Z</time></trkpt>
      <trkpt lat="35.295983" lon="127.538313"><ele>1424.3</ele><time>2023-09-08T20:47:00.000Z</time></trkpt>
      <trkpt lat="35.295964" lon="127.538363"><ele>1423.5</ele><time>2023-09-08T20:47:00.000Z</time></trkpt>
      <trkpt lat="35.295947" lon="127.538414"><ele>1422.9</ele><time>2023-09-08T20:47:14.000Z</time></trkpt>
      <trkpt lat="35.295930" lon="127.538465"><ele>1422.4</ele><time>2023-09-08T20:47:14.000Z</time></trkpt>
      <trkpt lat="35.295912" lon="127.538516"><ele>1421.9</ele><time>2023-09-08T20:47:27.000Z</time></trkpt>
      <trkpt lat="35.295892" lon="127.538565"><ele>1421.5</ele><time>2023-09-08T20:47:27.000Z</time></trkpt>
      <trkpt lat="35.295872" lon="127.538614"><ele>1421.2</ele><time>2023-09-08T20:47:35.000Z</time></trkpt>
      <trkpt lat="35.295856" lon="127.538665"><ele>1421.0</ele><time>2023-09-08T20:47:35.000Z</time></trkpt>
      <trkpt lat="35.295843" lon="127.538718"><ele>1420.9</ele><time>2023-09-08T20:47:42.000Z</time></trkpt>
      <trkpt lat="35.295830" lon="127.538771"><ele>1420.7</ele><time>2023-09-08T20:47:42.000Z</time></trkpt>
      <trkpt lat="35.295810" lon="127.538820"><ele>1420.7</ele><time>2023-09-08T20:47:56.000Z</time></trkpt>
      <trkpt lat="35.295786" lon="127.538866"><ele>1420.6</ele><time>2023-09-08T20:47:56.000Z</time></trkpt>
      <trkpt lat="35.295764" lon="127.538914"><ele>1420.5</ele><time>2023-09-08T20:48:03.000Z</time></trkpt>
      <trkpt lat="35.295746" lon="127.538965"><ele>1420.4</ele><time>2023-09-08T20:48:03.000Z</time></trkpt>
      <trkpt lat="35.295735" lon="127.539018"><ele>1420.3</ele><time>2023-09-08T20:48:16.000Z</time></trkpt>
      <trkpt lat="35.295730" lon="127.539073"><ele>1420.2</ele><time>2023-09-08T20:48:16.000Z</time></trkpt>
      <trkpt lat="35.295727" lon="127.539128"><ele>1420.0</ele><time>2023-09-08T20:48:29.000Z</time></trkpt>
      <trkpt lat="35.295726" lon="127.539183"><ele>1419.8</ele><time>2023-09-08T20:48:29.000Z</time></trkpt>
      <trkpt lat="35.295725" lon="127.539238"><ele>1419.7</ele><time>2023-09-08T20:48:41.000Z</time></trkpt>
      <trkpt lat="35.295723" lon="127.539293"><ele>1419.5</ele><time>2023-09-08T20:48:41.000Z</time></trkpt>
      <trkpt lat="35.295719" lon="127.539348"><ele>1419.3</ele><time>2023-09-08T20:48:57.000Z</time></trkpt>
      <trkpt lat="35.295708" lon="127.539401"><ele>1419.1</ele><time>2023-09-08T20:48:57.000Z</time></trkpt>
      <trkpt lat="35.295695" lon="127.539454"><ele>1418.9</ele><time>2023-09-08T20:48:57.000Z</time></trkpt>
      <trkpt lat="35.295687" lon="127.539508"><ele>1418.8</ele><time>2023-09-08T20:49:04.000Z</time></trkpt>
      <trkpt lat="35.295683" lon="127.539563"><ele>1418.7</ele><time>2023-09-08T20:49:04.000Z</time></trkpt>
      <trkpt lat="35.295677" lon="127.539617"><ele>1418.7</ele><time>2023-09-08T20:49:18.000Z</time></trkpt>
      <trkpt lat="35.295668" lon="127.539671"><ele>1418.7</ele><time>2023-09-08T20:49:18.000Z</time></trkpt>
      <trkpt lat="35.295652" lon="127.539723"><ele>1418.8</ele><time>2023-09-08T20:49:25.000Z</time></trkpt>
      <trkpt lat="35.295632" lon="127.539772"><ele>1418.8</ele><time>2023-09-08T20:49:25.000Z</time></trkpt>
      <trkpt lat="35.295611" lon="127.539821"><ele>1418.9</ele><time>2023-09-08T20:49:39.000Z</time></trkpt>
      <trkpt lat="35.295590" lon="127.539869"><ele>1418.9</ele><time>2023-09-08T20:49:39.000Z</time></trkpt>
      <trkpt lat="35.295569" lon="127.539918"><ele>1419.0</ele><time>2023-09-08T20:49:39.000Z</time></trkpt>
      <trkpt lat="35.295551" lon="127.539968"><ele>1419.0</ele><time>2023-09-08T20:49:45.000Z</time></trkpt>
      <trkpt lat="35.295534" lon="127.540019"><ele>1419.1</ele><time>2023-09-08T20:49:45.000Z</time></trkpt>
      <trkpt lat="35.295516" lon="127.540070"><ele>1419.0</ele><time>2023-09-08T20:49:59.000Z</time></trkpt>
      <trkpt lat="35.295495" lon="127.540119"><ele>1418.9</ele><time>2023-09-08T20:49:59.000Z</time></trkpt>
      <trkpt lat="35.295473" lon="127.540166"><ele>1418.8</ele><time>2023-09-08T20:50:06.000Z</time></trkpt>
      <trkpt lat="35.295451" lon="127.540214"><ele>1418.7</ele><time>2023-09-08T20:50:06.000Z</time></trkpt>
      <trkpt lat="35.295430" lon="127.540264"><ele>1418.6</ele><time>2023-09-08T20:50:20.000Z</time></trkpt>
      <trkpt lat="35.295414" lon="127.540315"><ele>1418.5</ele><time>2023-09-08T20:50:20.000Z</time></trkpt>
      <trkpt lat="35.295400" lon="127.540367"><ele>1418.4</ele><time>2023-09-08T20:50:27.000Z</time></trkpt>
      <trkpt lat="35.295386" lon="127.540420"><ele>1418.3</ele><time>2023-09-08T20:50:27.000Z</time></trkpt>
      <trkpt lat="35.295373" lon="127.540472"><ele>1418.1</ele><time>2023-09-08T20:50:40.000Z</time></trkpt>
      <trkpt lat="35.295358" lon="127.540524"><ele>1417.9</ele><time>2023-09-08T20:50:40.000Z</time></trkpt>
      <trkpt lat="35.295342" lon="127.540576"><ele>1417.7</ele><time>2023-09-08T20:50:49.000Z</time></trkpt>
      <trkpt lat="35.295328" lon="127.540628"><ele>1417.3</ele><time>2023-09-08T20:50:49.000Z</time></trkpt>
      <trkpt lat="35.295314" lon="127.540680"><ele>1416.9</ele><time>2023-09-08T20:50:56.000Z</time></trkpt>
      <trkpt lat="35.295300" lon="127.540733"><ele>1416.4</ele><time>2023-09-08T20:50:56.000Z</time></trkpt>
      <trkpt lat="35.295284" lon="127.540784"><ele>1415.8</ele><time>2023-09-08T20:51:05.000Z</time></trkpt>
      <trkpt lat="35.295266" lon="127.540834"><ele>1415.1</ele><time>2023-09-08T20:51:05.000Z</time></trkpt>
      <trkpt lat="35.295249" lon="127.540873"><ele>1414.6</ele><time>2023-09-08T20:51:16.000Z</time></trkpt>
      <trkpt lat="35.295245" lon="127.540883"><ele>1414.4</ele><time>2023-09-08T20:51:16.000Z</time></trkpt>
      <trkpt lat="35.295227" lon="127.540934"><ele>1413.7</ele><time>2023-09-08T20:51:16.000Z</time></trkpt>
      <trkpt lat="35.295213" lon="127.540986"><ele>1413.0</ele><time>2023-09-08T20:51:25.000Z</time></trkpt>
      <trkpt lat="35.295206" lon="127.541041"><ele>1412.5</ele><time>2023-09-08T20:51:25.000Z</time></trkpt>
      <trkpt lat="35.295200" lon="127.541095"><ele>1412.0</ele><time>2023-09-08T20:51:37.000Z</time></trkpt>
      <trkpt lat="35.295194" lon="127.541150"><ele>1411.7</ele><time>2023-09-08T20:51:37.000Z</time></trkpt>
      <trkpt lat="35.295192" lon="127.541205"><ele>1411.4</ele><time>2023-09-08T20:51:49.000Z</time></trkpt>
      <trkpt lat="35.295196" lon="127.541259"><ele>1411.1</ele><time>2023-09-08T20:51:49.000Z</time></trkpt>
      <trkpt lat="35.295207" lon="127.541313"><ele>1410.9</ele><time>2023-09-08T20:51:49.000Z</time></trkpt>
      <trkpt lat="35.295222" lon="127.541365"><ele>1410.8</ele><time>2023-09-08T20:52:03.000Z</time></trkpt>
      <trkpt lat="35.295242" lon="127.541414"><ele>1410.7</ele><time>2023-09-08T20:52:03.000Z</time></trkpt>
      <trkpt lat="35.295263" lon="127.541463"><ele>1410.7</ele><time>2023-09-08T20:52:27.000Z</time></trkpt>
      <trkpt lat="35.295285" lon="127.541511"><ele>1410.7</ele><time>2023-09-08T20:52:27.000Z</time></trkpt>
      <trkpt lat="35.295308" lon="127.541558"><ele>1410.8</ele><time>2023-09-08T20:52:35.000Z</time></trkpt>
      <trkpt lat="35.295329" lon="127.541607"><ele>1410.8</ele><time>2023-09-08T20:52:35.000Z</time></trkpt>
      <trkpt lat="35.295349" lon="127.541656"><ele>1410.8</ele><time>2023-09-08T20:52:44.000Z</time></trkpt>
      <trkpt lat="35.295367" lon="127.541707"><ele>1410.8</ele><time>2023-09-08T20:52:44.000Z</time></trkpt>
      <trkpt lat="35.295385" lon="127.541757"><ele>1410.8</ele><time>2023-09-08T20:52:52.000Z</time></trkpt>
      <trkpt lat="35.295401" lon="127.541808"><ele>1410.8</ele><time>2023-09-08T20:52:52.000Z</time></trkpt>
      <trkpt lat="35.295416" lon="127.541860"><ele>1410.7</ele><time>2023-09-08T20:52:52.000Z</time></trkpt>
      <trkpt lat="35.295427" lon="127.541914"><ele>1410.7</ele><time>2023-09-08T20:53:05.000Z</time></trkpt>
      <trkpt lat="35.295434" lon="127.541968"><ele>1410.6</ele><time>2023-09-08T20:53:05.000Z</time></trkpt>
      <trkpt lat="35.295440" lon="127.542023"><ele>1410.4</ele><time>2023-09-08T20:53:12.000Z</time></trkpt>
      <trkpt lat="35.295447" lon="127.542077"><ele>1410.3</ele><time>2023-09-08T20:53:12.000Z</time></trkpt>
      <trkpt lat="35.295458" lon="127.542131"><ele>1410.2</ele><time>2023-09-08T20:53:25.000Z</time></trkpt>
      <trkpt lat="35.295473" lon="127.542183"><ele>1410.1</ele><time>2023-09-08T20:53:25.000Z</time></trkpt>
      <trkpt lat="35.295489" lon="127.542234"><ele>1410.0</ele><time>2023-09-08T20:53:33.000Z</time></trkpt>
      <trkpt lat="35.295505" lon="127.542286"><ele>1410.0</ele><time>2023-09-08T20:53:33.000Z</time></trkpt>
      <trkpt lat="35.295520" lon="127.542337"><ele>1409.9</ele><time>2023-09-08T20:53:33.000Z</time></trkpt>
      <trkpt lat="35.295533" lon="127.542390"><ele>1410.0</ele><time>2023-09-08T20:53:46.000Z</time></trkpt>
      <trkpt lat="35.295545" lon="127.542443"><ele>1410.1</ele><time>2023-09-08T20:53:46.000Z</time></trkpt>
      <trkpt lat="35.295561" lon="127.542495"><ele>1410.2</ele><time>2023-09-08T20:53:52.000Z</time></trkpt>
      <trkpt lat="35.295581" lon="127.542544"><ele>1410.4</ele><time>2023-09-08T20:53:52.000Z</time></trkpt>
      <trkpt lat="35.295603" lon="127.542592"><ele>1410.7</ele><time>2023-09-08T20:53:52.000Z</time></trkpt>
      <trkpt lat="35.295623" lon="127.542641"><ele>1411.1</ele><time>2023-09-08T20:54:07.000Z</time></trkpt>
      <trkpt lat="35.295643" lon="127.542691"><ele>1411.5</ele><time>2023-09-08T20:54:07.000Z</time></trkpt>
      <trkpt lat="35.295660" lon="127.542742"><ele>1411.9</ele><time>2023-09-08T20:54:13.000Z</time></trkpt>
      <trkpt lat="35.295675" lon="127.542794"><ele>1412.4</ele><time>2023-09-08T20:54:13.000Z</time></trkpt>
      <trkpt lat="35.295688" lon="127.542846"><ele>1412.9</ele><time>2023-09-08T20:54:27.000Z</time></trkpt>
      <trkpt lat="35.295699" lon="127.542900"><ele>1413.4</ele><time>2023-09-08T20:54:27.000Z</time></trkpt>
      <trkpt lat="35.295705" lon="127.542954"><ele>1413.8</ele><time>2023-09-08T20:54:35.000Z</time></trkpt>
      <trkpt lat="35.295707" lon="127.543009"><ele>1414.2</ele><time>2023-09-08T20:54:35.000Z</time></trkpt>
      <trkpt lat="35.295707" lon="127.543065"><ele>1414.5</ele><time>2023-09-08T20:54:48.000Z</time></trkpt>
      <trkpt lat="35.295708" lon="127.543120"><ele>1414.7</ele><time>2023-09-08T20:54:48.000Z</time></trkpt>
      <trkpt lat="35.295715" lon="127.543174"><ele>1414.9</ele><time>2023-09-08T20:54:48.000Z</time></trkpt>
      <trkpt lat="35.295728" lon="127.543226"><ele>1415.0</ele><time>2023-09-08T20:54:54.000Z</time></trkpt>
      <trkpt lat="35.295746" lon="127.543277"><ele>1415.0</ele><time>2023-09-08T20:54:54.000Z</time></trkpt>
      <trkpt lat="35.295764" lon="127.543328"><ele>1415.1</ele><time>2023-09-08T20:55:09.000Z</time></trkpt>
      <trkpt lat="35.295780" lon="127.543379"><ele>1415.0</ele><time>2023-09-08T20:55:09.000Z</time></trkpt>
      <trkpt lat="35.295797" lon="127.543430"><ele>1414.9</ele><time>2023-09-08T20:55:16.000Z</time></trkpt>
      <trkpt lat="35.295817" lon="127.543479"><ele>1414.8</ele><time>2023-09-08T20:55:16.000Z</time></trkpt>
      <trkpt lat="35.295842" lon="127.543525"><ele>1414.6</ele><time>2023-09-08T20:55:16.000Z</time></trkpt>
      <trkpt lat="35.295870" lon="127.543568"><ele>1414.4</ele><time>2023-09-08T20:55:29.000Z</time></trkpt>
      <trkpt lat="35.295895" lon="127.543614"><ele>1414.2</ele><time>2023-09-08T20:55:29.000Z</time></trkpt>
      <trkpt lat="35.295913" lon="127.543664"><ele>1414.0</ele><time>2023-09-08T20:55:36.000Z</time></trkpt>
      <trkpt lat="35.295921" lon="127.543718"><ele>1413.8</ele><time>2023-09-08T20:55:36.000Z</time></trkpt>
      <trkpt lat="35.295926" lon="127.543773"><ele>1413.6</ele><time>2023-09-08T20:55:45.000Z</time></trkpt>
      <trkpt lat="35.295931" lon="127.543827"><ele>1413.5</ele><time>2023-09-08T20:55:45.000Z</time></trkpt>
      <trkpt lat="35.295940" lon="127.543882"><ele>1413.4</ele><time>2023-09-08T20:55:54.000Z</time></trkpt>
      <trkpt lat="35.295951" lon="127.543935"><ele>1413.4</ele><time>2023-09-08T20:55:54.000Z</time></trkpt>
      <trkpt lat="35.295962" lon="127.543988"><ele>1413.3</ele><time>2023-09-08T20:56:01.000Z</time></trkpt>
      <trkpt lat="35.295974" lon="127.544042"><ele>1413.2</ele><time>2023-09-08T20:56:01.000Z</time></trkpt>
      <trkpt lat="35.295984" lon="127.544095"><ele>1413.2</ele><time>2023-09-08T20:56:10.000Z</time></trkpt>
      <trkpt lat="35.295994" lon="127.544149"><ele>1413.1</ele><time>2023-09-08T20:56:10.000Z</time></trkpt>
      <trkpt lat="35.296006" lon="127.544202"><ele>1413.1</ele><time>2023-09-08T20:56:10.000Z</time></trkpt>
      <trkpt lat="35.296021" lon="127.544254"><ele>1413.0</ele><time>2023-09-08T20:56:18.000Z</time></trkpt>
      <trkpt lat="35.296040" lon="127.544303"><ele>1413.0</ele><time>2023-09-08T20:56:18.000Z</time></trkpt>
      <trkpt lat="35.296062" lon="127.544352"><ele>1413.1</ele><time>2023-09-08T20:56:18.000Z</time></trkpt>
      <trkpt lat="35.296085" lon="127.544399"><ele>1413.1</ele><time>2023-09-08T20:56:30.000Z</time></trkpt>
      <trkpt lat="35.296106" lon="127.544448"><ele>1413.2</ele><time>2023-09-08T20:56:30.000Z</time></trkpt>
      <trkpt lat="35.296124" lon="127.544498"><ele>1413.3</ele><time>2023-09-08T20:56:37.000Z</time></trkpt>
      <trkpt lat="35.296139" lon="127.544550"><ele>1413.4</ele><time>2023-09-08T20:56:37.000Z</time></trkpt>
      <trkpt lat="35.296152" lon="127.544603"><ele>1413.5</ele><time>2023-09-08T20:56:37.000Z</time></trkpt>
      <trkpt lat="35.296162" lon="127.544656"><ele>1413.7</ele><time>2023-09-08T20:56:51.000Z</time></trkpt>
      <trkpt lat="35.296171" lon="127.544711"><ele>1414.0</ele><time>2023-09-08T20:56:51.000Z</time></trkpt>
      <trkpt lat="35.296176" lon="127.544765"><ele>1414.3</ele><time>2023-09-08T20:56:59.000Z</time></trkpt>
      <trkpt lat="35.296180" lon="127.544820"><ele>1414.6</ele><time>2023-09-08T20:56:59.000Z</time></trkpt>
      <trkpt lat="35.296184" lon="127.544875"><ele>1414.9</ele><time>2023-09-08T20:56:59.000Z</time></trkpt>
      <trkpt lat="35.296188" lon="127.544930"><ele>1415.1</ele><time>2023-09-08T20:57:12.000Z</time></trkpt>
      <trkpt lat="35.296189" lon="127.544985"><ele>1415.3</ele><time>2023-09-08T20:57:12.000Z</time></trkpt>
      <trkpt lat="35.296188" lon="127.545040"><ele>1415.5</ele><time>2023-09-08T20:57:19.000Z</time></trkpt>
      <trkpt lat="35.296188" lon="127.545095"><ele>1415.7</ele><time>2023-09-08T20:57:19.000Z</time></trkpt>
      <trkpt lat="35.296194" lon="127.545150"><ele>1415.8</ele><time>2023-09-08T20:57:28.000Z</time></trkpt>
      <trkpt lat="35.296202" lon="127.545204"><ele>1415.9</ele><time>2023-09-08T20:57:37.000Z</time></trkpt>
      <trkpt lat="35.296210" lon="127.545258"><ele>1416.0</ele><time>2023-09-08T20:57:37.000Z</time></trkpt>
      <trkpt lat="35.296215" lon="127.545313"><ele>1416.2</ele><time>2023-09-08T20:57:47.000Z</time></trkpt>
      <trkpt lat="35.296218" lon="127.545368"><ele>1416.3</ele><time>2023-09-08T20:57:47.000Z</time></trkpt>
      <trkpt lat="35.296216" lon="127.545423"><ele>1416.6</ele><time>2023-09-08T20:57:58.000Z</time></trkpt>
      <trkpt lat="35.296206" lon="127.545476"><ele>1417.0</ele><time>2023-09-08T20:57:58.000Z</time></trkpt>
      <trkpt lat="35.296189" lon="127.545527"><ele>1417.4</ele><time>2023-09-08T20:58:09.000Z</time></trkpt>
      <trkpt lat="35.296172" lon="127.545578"><ele>1417.9</ele><time>2023-09-08T20:58:09.000Z</time></trkpt>
      <trkpt lat="35.296161" lon="127.545632"><ele>1418.4</ele><time>2023-09-08T20:58:18.000Z</time></trkpt>
      <trkpt lat="35.296154" lon="127.545686"><ele>1419.0</ele><time>2023-09-08T20:58:18.000Z</time></trkpt>
      <trkpt lat="35.296149" lon="127.545741"><ele>1419.7</ele><time>2023-09-08T20:58:25.000Z</time></trkpt>
      <trkpt lat="35.296147" lon="127.545796"><ele>1420.4</ele><time>2023-09-08T20:58:35.000Z</time></trkpt>
      <trkpt lat="35.296145" lon="127.545851"><ele>1421.3</ele><time>2023-09-08T20:58:35.000Z</time></trkpt>
      <trkpt lat="35.296143" lon="127.545906"><ele>1422.2</ele><time>2023-09-08T20:58:35.000Z</time></trkpt>
      <trkpt lat="35.296140" lon="127.545961"><ele>1423.2</ele><time>2023-09-08T20:58:47.000Z</time></trkpt>
      <trkpt lat="35.296136" lon="127.546016"><ele>1424.3</ele><time>2023-09-08T20:58:47.000Z</time></trkpt>
      <trkpt lat="35.296133" lon="127.546071"><ele>1425.4</ele><time>2023-09-08T20:58:59.000Z</time></trkpt>
      <trkpt lat="35.296129" lon="127.546125"><ele>1426.5</ele><time>2023-09-08T20:58:59.000Z</time></trkpt>
      <trkpt lat="35.296125" lon="127.546180"><ele>1427.6</ele><time>2023-09-08T20:59:10.000Z</time></trkpt>
      <trkpt lat="35.296126" lon="127.546235"><ele>1428.7</ele><time>2023-09-08T20:59:23.000Z</time></trkpt>
      <trkpt lat="35.296136" lon="127.546288"><ele>1429.8</ele><time>2023-09-08T20:59:23.000Z</time></trkpt>
      <trkpt lat="35.296156" lon="127.546338"><ele>1430.9</ele><time>2023-09-08T20:59:40.000Z</time></trkpt>
      <trkpt lat="35.296182" lon="127.546383"><ele>1431.9</ele><time>2023-09-08T20:59:57.000Z</time></trkpt>
      <trkpt lat="35.296206" lon="127.546429"><ele>1432.9</ele><time>2023-09-08T20:59:57.000Z</time></trkpt>
      <trkpt lat="35.296226" lon="127.546478"><ele>1433.8</ele><time>2023-09-08T21:00:58.000Z</time></trkpt>
      <trkpt lat="35.296243" lon="127.546530"><ele>1434.7</ele><time>2023-09-08T21:00:58.000Z</time></trkpt>
      <trkpt lat="35.296259" lon="127.546581"><ele>1435.5</ele><time>2023-09-08T21:01:10.000Z</time></trkpt>
      <trkpt lat="35.296278" lon="127.546631"><ele>1436.4</ele><time>2023-09-08T21:01:10.000Z</time></trkpt>
      <trkpt lat="35.296297" lon="127.546681"><ele>1437.1</ele><time>2023-09-08T21:01:23.000Z</time></trkpt>
      <trkpt lat="35.296315" lon="127.546731"><ele>1437.9</ele><time>2023-09-08T21:01:23.000Z</time></trkpt>
      <trkpt lat="35.296330" lon="127.546783"><ele>1438.6</ele><time>2023-09-08T21:01:34.000Z</time></trkpt>
      <trkpt lat="35.296344" lon="127.546836"><ele>1439.3</ele><time>2023-09-08T21:01:34.000Z</time></trkpt>
      <trkpt lat="35.296358" lon="127.546888"><ele>1439.9</ele><time>2023-09-08T21:01:43.000Z</time></trkpt>
      <trkpt lat="35.296375" lon="127.546939"><ele>1440.4</ele><time>2023-09-08T21:01:43.000Z</time></trkpt>
      <trkpt lat="35.296394" lon="127.546989"><ele>1440.9</ele><time>2023-09-08T21:01:53.000Z</time></trkpt>
      <trkpt lat="35.296415" lon="127.547037"><ele>1441.3</ele><time>2023-09-08T21:01:53.000Z</time></trkpt>
      <trkpt lat="35.296436" lon="127.547086"><ele>1441.8</ele><time>2023-09-08T21:02:04.000Z</time></trkpt>
      <trkpt lat="35.296458" lon="127.547134"><ele>1442.2</ele><time>2023-09-08T21:02:04.000Z</time></trkpt>
      <trkpt lat="35.296484" lon="127.547179"><ele>1442.6</ele><time>2023-09-08T21:02:15.000Z</time></trkpt>
      <trkpt lat="35.296510" lon="127.547224"><ele>1442.9</ele><time>2023-09-08T21:02:15.000Z</time></trkpt>
      <trkpt lat="35.296533" lon="127.547271"><ele>1443.2</ele><time>2023-09-08T21:02:26.000Z</time></trkpt>
      <trkpt lat="35.296547" lon="127.547305"><ele>1443.4</ele><time>2023-09-08T21:02:26.000Z</time></trkpt>
      <trkpt lat="35.296554" lon="127.547320"><ele>1443.5</ele><time>2023-09-08T21:02:26.000Z</time></trkpt>
      <trkpt lat="35.296576" lon="127.547368"><ele>1443.7</ele><time>2023-09-08T21:02:41.000Z</time></trkpt>
      <trkpt lat="35.296603" lon="127.547411"><ele>1443.8</ele><time>2023-09-08T21:02:41.000Z</time></trkpt>
      <trkpt lat="35.296637" lon="127.547448"><ele>1443.7</ele><time>2023-09-08T21:02:56.000Z</time></trkpt>
      <trkpt lat="35.296677" lon="127.547471"><ele>1443.6</ele><time>2023-09-08T21:03:17.000Z</time></trkpt>
      <trkpt lat="35.296721" lon="127.547473"><ele>1443.3</ele><time>2023-09-08T21:03:17.000Z</time></trkpt>
      <trkpt lat="35.296765" lon="127.547464"><ele>1443.0</ele><time>2023-09-08T21:03:26.000Z</time></trkpt>
      <trkpt lat="35.296810" lon="127.547459"><ele>1442.5</ele><time>2023-09-08T21:03:37.000Z</time></trkpt>
      <trkpt lat="35.296854" lon="127.547465"><ele>1442.0</ele><time>2023-09-08T21:03:37.000Z</time></trkpt>
      <trkpt lat="35.296897" lon="127.547483"><ele>1441.4</ele><time>2023-09-08T21:03:47.000Z</time></trkpt>
      <trkpt lat="35.296937" lon="127.547508"><ele>1440.8</ele><time>2023-09-08T21:03:47.000Z</time></trkpt>
      <trkpt lat="35.296975" lon="127.547536"><ele>1440.1</ele><time>2023-09-08T21:03:54.000Z</time></trkpt>
      <trkpt lat="35.297015" lon="127.547561"><ele>1439.5</ele><time>2023-09-08T21:04:03.000Z</time></trkpt>
      <trkpt lat="35.297056" lon="127.547586"><ele>1438.8</ele><time>2023-09-08T21:04:03.000Z</time></trkpt>
      <trkpt lat="35.297095" lon="127.547612"><ele>1438.0</ele><time>2023-09-08T21:04:10.000Z</time></trkpt>
      <trkpt lat="35.297136" lon="127.547636"><ele>1437.2</ele><time>2023-09-08T21:04:10.000Z</time></trkpt>
      <trkpt lat="35.297178" lon="127.547656"><ele>1436.2</ele><time>2023-09-08T21:04:28.000Z</time></trkpt>
      <trkpt lat="35.297220" lon="127.547673"><ele>1435.1</ele><time>2023-09-08T21:04:28.000Z</time></trkpt>
      <trkpt lat="35.297262" lon="127.547692"><ele>1434.0</ele><time>2023-09-08T21:04:39.000Z</time></trkpt>
      <trkpt lat="35.297305" lon="127.547711"><ele>1432.9</ele><time>2023-09-08T21:04:39.000Z</time></trkpt>
      <trkpt lat="35.297347" lon="127.547728"><ele>1431.7</ele><time>2023-09-08T21:04:51.000Z</time></trkpt>
      <trkpt lat="35.297388" lon="127.547751"><ele>1430.5</ele><time>2023-09-08T21:04:51.000Z</time></trkpt>
      <trkpt lat="35.297426" lon="127.547780"><ele>1429.3</ele><time>2023-09-08T21:05:09.000Z</time></trkpt>
      <trkpt lat="35.297461" lon="127.547815"><ele>1428.2</ele><time>2023-09-08T21:05:09.000Z</time></trkpt>
      <trkpt lat="35.297496" lon="127.547849"><ele>1427.1</ele><time>2023-09-08T21:05:20.000Z</time></trkpt>
      <trkpt lat="35.297533" lon="127.547880"><ele>1426.2</ele><time>2023-09-08T21:05:20.000Z</time></trkpt>
      <trkpt lat="35.297572" lon="127.547909"><ele>1425.4</ele><time>2023-09-08T21:05:20.000Z</time></trkpt>
      <trkpt lat="35.297610" lon="127.547937"><ele>1424.8</ele><time>2023-09-08T21:05:20.000Z</time></trkpt>
      <trkpt lat="35.297649" lon="127.547964"><ele>1424.3</ele><time>2023-09-08T21:05:20.000Z</time></trkpt>
      <trkpt lat="35.297688" lon="127.547992"><ele>1423.8</ele><time>2023-09-08T21:05:20.000Z</time></trkpt>
      <trkpt lat="35.297727" lon="127.548020"><ele>1423.2</ele><time>2023-09-08T21:05:20.000Z</time></trkpt>
      <trkpt lat="35.297766" lon="127.548047"><ele>1422.7</ele><time>2023-09-08T21:05:20.000Z</time></trkpt>
      <trkpt lat="35.297805" lon="127.548075"><ele>1422.2</ele><time>2023-09-08T21:05:20.000Z</time></trkpt>
      <trkpt lat="35.297843" lon="127.548103"><ele>1421.7</ele><time>2023-09-08T21:05:20.000Z</time></trkpt>
      <trkpt lat="35.297882" lon="127.548131"><ele>1421.1</ele><time>2023-09-08T21:05:20.000Z</time></trkpt>
      <trkpt lat="35.297921" lon="127.548159"><ele>1420.6</ele><time>2023-09-08T21:05:20.000Z</time></trkpt>
      <trkpt lat="35.297960" lon="127.548186"><ele>1420.1</ele><time>2023-09-08T21:05:20.000Z</time></trkpt>
      <trkpt lat="35.297999" lon="127.548214"><ele>1419.6</ele><time>2023-09-08T21:05:20.000Z</time></trkpt>
      <trkpt lat="35.298038" lon="127.548242"><ele>1419.0</ele><time>2023-09-08T21:05:20.000Z</time></trkpt>
      <trkpt lat="35.298076" lon="127.548270"><ele>1418.5</ele><time>2023-09-08T21:05:20.000Z</time></trkpt>
      <trkpt lat="35.298115" lon="127.548298"><ele>1418.0</ele><time>2023-09-08T21:05:20.000Z</time></trkpt>
      <trkpt lat="35.298154" lon="127.548325"><ele>1417.5</ele><time>2023-09-08T21:05:20.000Z</time></trkpt>
      <trkpt lat="35.298193" lon="127.548353"><ele>1416.9</ele><time>2023-09-08T21:05:20.000Z</time></trkpt>
      <trkpt lat="35.298232" lon="127.548381"><ele>1416.4</ele><time>2023-09-08T21:05:20.000Z</time></trkpt>
      <trkpt lat="35.298271" lon="127.548408"><ele>1415.9</ele><time>2023-09-08T21:05:20.000Z</time></trkpt>
      <trkpt lat="35.298310" lon="127.548436"><ele>1415.3</ele><time>2023-09-08T21:05:20.000Z</time></trkpt>
      <trkpt lat="35.298348" lon="127.548464"><ele>1414.8</ele><time>2023-09-08T21:05:30.000Z</time></trkpt>
      <trkpt lat="35.298387" lon="127.548492"><ele>1414.3</ele><time>2023-09-08T21:05:30.000Z</time></trkpt>
      <trkpt lat="35.298426" lon="127.548520"><ele>1413.8</ele><time>2023-09-08T21:05:30.000Z</time></trkpt>
      <trkpt lat="35.298465" lon="127.548547"><ele>1413.2</ele><time>2023-09-08T21:05:30.000Z</time></trkpt>
      <trkpt lat="35.298504" lon="127.548575"><ele>1412.7</ele><time>2023-09-08T21:05:30.000Z</time></trkpt>
      <trkpt lat="35.298542" lon="127.548603"><ele>1412.2</ele><time>2023-09-08T21:05:30.000Z</time></trkpt>
      <trkpt lat="35.298581" lon="127.548631"><ele>1411.7</ele><time>2023-09-08T21:05:30.000Z</time></trkpt>
      <trkpt lat="35.298620" lon="127.548659"><ele>1411.1</ele><time>2023-09-08T21:05:30.000Z</time></trkpt>
      <trkpt lat="35.298659" lon="127.548686"><ele>1410.6</ele><time>2023-09-08T21:05:30.000Z</time></trkpt>
      <trkpt lat="35.298698" lon="127.548714"><ele>1410.1</ele><time>2023-09-08T21:05:30.000Z</time></trkpt>
      <trkpt lat="35.298737" lon="127.548742"><ele>1409.6</ele><time>2023-09-08T21:05:30.000Z</time></trkpt>
      <trkpt lat="35.298775" lon="127.548770"><ele>1409.0</ele><time>2023-09-08T21:05:30.000Z</time></trkpt>
      <trkpt lat="35.298814" lon="127.548798"><ele>1408.5</ele><time>2023-09-08T21:05:30.000Z</time></trkpt>
      <trkpt lat="35.298853" lon="127.548825"><ele>1408.0</ele><time>2023-09-08T21:05:30.000Z</time></trkpt>
      <trkpt lat="35.298892" lon="127.548853"><ele>1407.5</ele><time>2023-09-08T21:05:30.000Z</time></trkpt>
      <trkpt lat="35.298931" lon="127.548881"><ele>1406.9</ele><time>2023-09-08T21:05:30.000Z</time></trkpt>
      <trkpt lat="35.298970" lon="127.548908"><ele>1406.4</ele><time>2023-09-08T21:05:30.000Z</time></trkpt>
      <trkpt lat="35.299008" lon="127.548936"><ele>1405.9</ele><time>2023-09-08T21:05:30.000Z</time></trkpt>
      <trkpt lat="35.299045" lon="127.548968"><ele>1405.5</ele><time>2023-09-08T21:05:30.000Z</time></trkpt>
      <trkpt lat="35.299078" lon="127.549006"><ele>1405.0</ele><time>2023-09-08T21:05:30.000Z</time></trkpt>
      <trkpt lat="35.299107" lon="127.549048"><ele>1404.6</ele><time>2023-09-08T21:05:30.000Z</time></trkpt>
      <trkpt lat="35.299136" lon="127.549090"><ele>1404.3</ele><time>2023-09-08T21:05:30.000Z</time></trkpt>
      <trkpt lat="35.299165" lon="127.549132"><ele>1403.9</ele><time>2023-09-08T21:05:30.000Z</time></trkpt>
      <trkpt lat="35.299194" lon="127.549173"><ele>1403.6</ele><time>2023-09-08T21:05:30.000Z</time></trkpt>
      <trkpt lat="35.299223" lon="127.549215"><ele>1403.3</ele><time>2023-09-08T21:05:30.000Z</time></trkpt>
      <trkpt lat="35.299252" lon="127.549258"><ele>1402.9</ele><time>2023-09-08T21:05:30.000Z</time></trkpt>
      <trkpt lat="35.299282" lon="127.549299"><ele>1402.6</ele><time>2023-09-08T21:05:30.000Z</time></trkpt>
      <trkpt lat="35.299311" lon="127.549341"><ele>1402.2</ele><time>2023-09-08T21:05:30.000Z</time></trkpt>
      <trkpt lat="35.299340" lon="127.549383"><ele>1401.9</ele><time>2023-09-08T21:05:30.000Z</time></trkpt>
      <trkpt lat="35.299370" lon="127.549425"><ele>1401.5</ele><time>2023-09-08T21:05:30.000Z</time></trkpt>
      <trkpt lat="35.299399" lon="127.549467"><ele>1401.2</ele><time>2023-09-08T21:05:30.000Z</time></trkpt>
      <trkpt lat="35.299428" lon="127.549509"><ele>1400.8</ele><time>2023-09-08T21:05:30.000Z</time></trkpt>
      <trkpt lat="35.299457" lon="127.549551"><ele>1400.5</ele><time>2023-09-08T21:05:30.000Z</time></trkpt>
      <trkpt lat="35.299486" lon="127.549593"><ele>1400.1</ele><time>2023-09-08T21:05:30.000Z</time></trkpt>
      <trkpt lat="35.299515" lon="127.549635"><ele>1399.8</ele><time>2023-09-08T21:05:30.000Z</time></trkpt>
      <trkpt lat="35.299544" lon="127.549677"><ele>1399.5</ele><time>2023-09-08T21:05:30.000Z</time></trkpt>
      <trkpt lat="35.299573" lon="127.549719"><ele>1399.1</ele><time>2023-09-08T21:05:30.000Z</time></trkpt>
      <trkpt lat="35.299602" lon="127.549761"><ele>1398.8</ele><time>2023-09-08T21:05:30.000Z</time></trkpt>
      <trkpt lat="35.299632" lon="127.549803"><ele>1398.4</ele><time>2023-09-08T21:05:30.000Z</time></trkpt>
      <trkpt lat="35.299661" lon="127.549845"><ele>1398.1</ele><time>2023-09-08T21:12:24.000Z</time></trkpt>
      <trkpt lat="35.299690" lon="127.549887"><ele>1397.7</ele><time>2023-09-08T21:12:24.000Z</time></trkpt>
      <trkpt lat="35.299719" lon="127.549928"><ele>1397.4</ele><time>2023-09-08T21:12:24.000Z</time></trkpt>
      <trkpt lat="35.299749" lon="127.549970"><ele>1397.0</ele><time>2023-09-08T21:12:24.000Z</time></trkpt>
      <trkpt lat="35.299778" lon="127.550012"><ele>1396.7</ele><time>2023-09-08T21:12:24.000Z</time></trkpt>
      <trkpt lat="35.299807" lon="127.550054"><ele>1396.3</ele><time>2023-09-08T21:12:24.000Z</time></trkpt>
      <trkpt lat="35.299836" lon="127.550096"><ele>1396.0</ele><time>2023-09-08T21:12:24.000Z</time></trkpt>
      <trkpt lat="35.299865" lon="127.550138"><ele>1395.7</ele><time>2023-09-08T21:12:24.000Z</time></trkpt>
      <trkpt lat="35.299894" lon="127.550180"><ele>1395.3</ele><time>2023-09-08T21:12:24.000Z</time></trkpt>
      <trkpt lat="35.299924" lon="127.550222"><ele>1395.0</ele><time>2023-09-08T21:12:24.000Z</time></trkpt>
      <trkpt lat="35.299953" lon="127.550264"><ele>1394.6</ele><time>2023-09-08T21:12:24.000Z</time></trkpt>
      <trkpt lat="35.299982" lon="127.550306"><ele>1394.3</ele><time>2023-09-08T21:12:24.000Z</time></trkpt>
      <trkpt lat="35.300011" lon="127.550348"><ele>1393.9</ele><time>2023-09-08T21:12:24.000Z</time></trkpt>
      <trkpt lat="35.300040" lon="127.550389"><ele>1393.6</ele><time>2023-09-08T21:12:24.000Z</time></trkpt>
      <trkpt lat="35.300069" lon="127.550431"><ele>1393.2</ele><time>2023-09-08T21:12:24.000Z</time></trkpt>
      <trkpt lat="35.300098" lon="127.550473"><ele>1392.9</ele><time>2023-09-08T21:12:24.000Z</time></trkpt>
      <trkpt lat="35.300128" lon="127.550515"><ele>1392.5</ele><time>2023-09-08T21:12:24.000Z</time></trkpt>
      <trkpt lat="35.300157" lon="127.550557"><ele>1392.1</ele><time>2023-09-08T21:12:24.000Z</time></trkpt>
      <trkpt lat="35.300185" lon="127.550600"><ele>1391.6</ele><time>2023-09-08T21:12:24.000Z</time></trkpt>
      <trkpt lat="35.300212" lon="127.550644"><ele>1390.9</ele><time>2023-09-08T21:12:24.000Z</time></trkpt>
      <trkpt lat="35.300238" lon="127.550689"><ele>1390.2</ele><time>2023-09-08T21:12:38.000Z</time></trkpt>
      <trkpt lat="35.300263" lon="127.550735"><ele>1389.4</ele><time>2023-09-08T21:12:38.000Z</time></trkpt>
      <trkpt lat="35.300284" lon="127.550783"><ele>1388.6</ele><time>2023-09-08T21:12:44.000Z</time></trkpt>
      <trkpt lat="35.300299" lon="127.550835"><ele>1387.9</ele><time>2023-09-08T21:12:57.000Z</time></trkpt>
      <trkpt lat="35.300311" lon="127.550888"><ele>1387.2</ele><time>2023-09-08T21:12:57.000Z</time></trkpt>
      <trkpt lat="35.300319" lon="127.550942"><ele>1386.6</ele><time>2023-09-08T21:12:57.000Z</time></trkpt>
      <trkpt lat="35.300325" lon="127.550997"><ele>1386.0</ele><time>2023-09-08T21:13:05.000Z</time></trkpt>
      <trkpt lat="35.300330" lon="127.551052"><ele>1385.4</ele><time>2023-09-08T21:13:05.000Z</time></trkpt>
      <trkpt lat="35.300337" lon="127.551106"><ele>1384.9</ele><time>2023-09-08T21:13:19.000Z</time></trkpt>
      <trkpt lat="35.300347" lon="127.551160"><ele>1384.4</ele><time>2023-09-08T21:13:19.000Z</time></trkpt>
      <trkpt lat="35.300358" lon="127.551213"><ele>1383.9</ele><time>2023-09-08T21:13:26.000Z</time></trkpt>
      <trkpt lat="35.300369" lon="127.551267"><ele>1383.4</ele><time>2023-09-08T21:13:26.000Z</time></trkpt>
      <trkpt lat="35.300379" lon="127.551320"><ele>1382.8</ele><time>2023-09-08T21:13:26.000Z</time></trkpt>
      <trkpt lat="35.300389" lon="127.551374"><ele>1382.2</ele><time>2023-09-08T21:13:40.000Z</time></trkpt>
      <trkpt lat="35.300399" lon="127.551428"><ele>1381.6</ele><time>2023-09-08T21:13:40.000Z</time></trkpt>
      <trkpt lat="35.300407" lon="127.551482"><ele>1381.0</ele><time>2023-09-08T21:13:46.000Z</time></trkpt>
      <trkpt lat="35.300415" lon="127.551536"><ele>1380.3</ele><time>2023-09-08T21:13:46.000Z</time></trkpt>
      <trkpt lat="35.300421" lon="127.551591"><ele>1379.7</ele><time>2023-09-08T21:14:04.000Z</time></trkpt>
      <trkpt lat="35.300423" lon="127.551623"><ele>1379.2</ele><time>2023-09-08T21:14:04.000Z</time></trkpt>
      <trkpt lat="35.300421" lon="127.551646"><ele>1379.0</ele><time>2023-09-08T21:14:04.000Z</time></trkpt>
      <trkpt lat="35.300426" lon="127.551699"><ele>1378.3</ele><time>2023-09-08T21:14:04.000Z</time></trkpt>
      <trkpt lat="35.300453" lon="127.551739"><ele>1377.8</ele><time>2023-09-08T21:15:55.000Z</time></trkpt>
      <trkpt lat="35.300493" lon="127.551764"><ele>1377.4</ele><time>2023-09-08T21:15:55.000Z</time></trkpt>
      <trkpt lat="35.300532" lon="127.551791"><ele>1377.2</ele><time>2023-09-08T21:15:55.000Z</time></trkpt>
      <trkpt lat="35.300568" lon="127.551824"><ele>1377.1</ele><time>2023-09-08T21:16:03.000Z</time></trkpt>
      <trkpt lat="35.300603" lon="127.551860"><ele>1377.1</ele><time>2023-09-08T21:16:03.000Z</time></trkpt>
      <trkpt lat="35.300636" lon="127.551897"><ele>1377.0</ele><time>2023-09-08T21:16:03.000Z</time></trkpt>
      <trkpt lat="35.300669" lon="127.551934"><ele>1377.0</ele><time>2023-09-08T21:16:11.000Z</time></trkpt>
      <trkpt lat="35.300702" lon="127.551971"><ele>1377.0</ele><time>2023-09-08T21:16:11.000Z</time></trkpt>
      <trkpt lat="35.300736" lon="127.552007"><ele>1377.0</ele><time>2023-09-08T21:16:11.000Z</time></trkpt>
      <trkpt lat="35.300769" lon="127.552045"><ele>1377.0</ele><time>2023-09-08T21:16:23.000Z</time></trkpt>
      <trkpt lat="35.300798" lon="127.552086"><ele>1377.0</ele><time>2023-09-08T21:16:23.000Z</time></trkpt>
      <trkpt lat="35.300821" lon="127.552134"><ele>1377.0</ele><time>2023-09-08T21:16:32.000Z</time></trkpt>
      <trkpt lat="35.300837" lon="127.552185"><ele>1377.1</ele><time>2023-09-08T21:16:40.000Z</time></trkpt>
      <trkpt lat="35.300846" lon="127.552239"><ele>1377.1</ele><time>2023-09-08T21:16:40.000Z</time></trkpt>
      <trkpt lat="35.300850" lon="127.552294"><ele>1377.2</ele><time>2023-09-08T21:16:40.000Z</time></trkpt>
      <trkpt lat="35.300850" lon="127.552349"><ele>1377.3</ele><time>2023-09-08T21:16:49.000Z</time></trkpt>
      <trkpt lat="35.300850" lon="127.552404"><ele>1377.3</ele><time>2023-09-08T21:16:49.000Z</time></trkpt>
      <trkpt lat="35.300851" lon="127.552459"><ele>1377.4</ele><time>2023-09-08T21:17:00.000Z</time></trkpt>
      <trkpt lat="35.300856" lon="127.552513"><ele>1377.4</ele><time>2023-09-08T21:17:00.000Z</time></trkpt>
      <trkpt lat="35.300868" lon="127.552566"><ele>1377.4</ele><time>2023-09-08T21:17:09.000Z</time></trkpt>
      <trkpt lat="35.300883" lon="127.552618"><ele>1377.4</ele><time>2023-09-08T21:17:09.000Z</time></trkpt>
      <trkpt lat="35.300895" lon="127.552671"><ele>1377.4</ele><time>2023-09-08T21:17:18.000Z</time></trkpt>
      <trkpt lat="35.300904" lon="127.552725"><ele>1377.4</ele><time>2023-09-08T21:17:18.000Z</time></trkpt>
      <trkpt lat="35.300911" lon="127.552780"><ele>1377.3</ele><time>2023-09-08T21:17:26.000Z</time></trkpt>
      <trkpt lat="35.300917" lon="127.552834"><ele>1377.3</ele><time>2023-09-08T21:17:26.000Z</time></trkpt>
      <trkpt lat="35.300919" lon="127.552889"><ele>1377.2</ele><time>2023-09-08T21:17:33.000Z</time></trkpt>
      <trkpt lat="35.300917" lon="127.552944"><ele>1377.2</ele><time>2023-09-08T21:17:33.000Z</time></trkpt>
      <trkpt lat="35.300913" lon="127.552999"><ele>1377.2</ele><time>2023-09-08T21:17:33.000Z</time></trkpt>
      <trkpt lat="35.300911" lon="127.553054"><ele>1377.3</ele><time>2023-09-08T21:17:46.000Z</time></trkpt>
      <trkpt lat="35.300913" lon="127.553109"><ele>1377.3</ele><time>2023-09-08T21:17:46.000Z</time></trkpt>
      <trkpt lat="35.300921" lon="127.553163"><ele>1377.4</ele><time>2023-09-08T21:17:54.000Z</time></trkpt>
      <trkpt lat="35.300934" lon="127.553216"><ele>1377.4</ele><time>2023-09-08T21:17:54.000Z</time></trkpt>
      <trkpt lat="35.300951" lon="127.553267"><ele>1377.4</ele><time>2023-09-08T21:17:54.000Z</time></trkpt>
      <trkpt lat="35.300971" lon="127.553316"><ele>1377.4</ele><time>2023-09-08T21:18:06.000Z</time></trkpt>
      <trkpt lat="35.300991" lon="127.553365"><ele>1377.4</ele><time>2023-09-08T21:18:06.000Z</time></trkpt>
      <trkpt lat="35.301012" lon="127.553415"><ele>1377.4</ele><time>2023-09-08T21:18:13.000Z</time></trkpt>
      <trkpt lat="35.301030" lon="127.553465"><ele>1377.4</ele><time>2023-09-08T21:18:13.000Z</time></trkpt>
      <trkpt lat="35.301045" lon="127.553517"><ele>1377.4</ele><time>2023-09-08T21:18:28.000Z</time></trkpt>
      <trkpt lat="35.301056" lon="127.553570"><ele>1377.4</ele><time>2023-09-08T21:18:28.000Z</time></trkpt>
      <trkpt lat="35.301067" lon="127.553624"><ele>1377.4</ele><time>2023-09-08T21:18:28.000Z</time></trkpt>
      <trkpt lat="35.301081" lon="127.553676"><ele>1377.4</ele><time>2023-09-08T21:18:35.000Z</time></trkpt>
      <trkpt lat="35.301097" lon="127.553727"><ele>1377.4</ele><time>2023-09-08T21:18:35.000Z</time></trkpt>
      <trkpt lat="35.301116" lon="127.553777"><ele>1377.4</ele><time>2023-09-08T21:18:47.000Z</time></trkpt>
      <trkpt lat="35.301136" lon="127.553827"><ele>1377.3</ele><time>2023-09-08T21:18:47.000Z</time></trkpt>
      <trkpt lat="35.301156" lon="127.553876"><ele>1377.3</ele><time>2023-09-08T21:18:54.000Z</time></trkpt>
      <trkpt lat="35.301176" lon="127.553925"><ele>1377.2</ele><time>2023-09-08T21:18:54.000Z</time></trkpt>
      <trkpt lat="35.301195" lon="127.553975"><ele>1377.1</ele><time>2023-09-08T21:19:08.000Z</time></trkpt>
      <trkpt lat="35.301212" lon="127.554026"><ele>1376.9</ele><time>2023-09-08T21:19:08.000Z</time></trkpt>
      <trkpt lat="35.301224" lon="127.554079"><ele>1376.7</ele><time>2023-09-08T21:19:16.000Z</time></trkpt>
      <trkpt lat="35.301230" lon="127.554134"><ele>1376.4</ele><time>2023-09-08T21:19:16.000Z</time></trkpt>
      <trkpt lat="35.301232" lon="127.554189"><ele>1376.1</ele><time>2023-09-08T21:19:29.000Z</time></trkpt>
      <trkpt lat="35.301230" lon="127.554244"><ele>1375.8</ele><time>2023-09-08T21:19:29.000Z</time></trkpt>
      <trkpt lat="35.301224" lon="127.554298"><ele>1375.5</ele><time>2023-09-08T21:19:36.000Z</time></trkpt>
      <trkpt lat="35.301215" lon="127.554352"><ele>1375.4</ele><time>2023-09-08T21:19:36.000Z</time></trkpt>
      <trkpt lat="35.301206" lon="127.554406"><ele>1375.2</ele><time>2023-09-08T21:19:50.000Z</time></trkpt>
      <trkpt lat="35.301195" lon="127.554460"><ele>1375.1</ele><time>2023-09-08T21:19:50.000Z</time></trkpt>
      <trkpt lat="35.301181" lon="127.554511"><ele>1375.0</ele><time>2023-09-08T21:19:50.000Z</time></trkpt>
      <trkpt lat="35.301161" lon="127.554561"><ele>1374.9</ele><time>2023-09-08T21:19:57.000Z</time></trkpt>
      <trkpt lat="35.301139" lon="127.554609"><ele>1374.6</ele><time>2023-09-08T21:19:57.000Z</time></trkpt>
      <trkpt lat="35.301117" lon="127.554657"><ele>1374.4</ele><time>2023-09-08T21:20:11.000Z</time></trkpt>
      <trkpt lat="35.301095" lon="127.554705"><ele>1374.2</ele><time>2023-09-08T21:20:11.000Z</time></trkpt>
      <trkpt lat="35.301077" lon="127.554755"><ele>1374.0</ele><time>2023-09-08T21:20:11.000Z</time></trkpt>
      <trkpt lat="35.301062" lon="127.554807"><ele>1373.8</ele><time>2023-09-08T21:20:18.000Z</time></trkpt>
      <trkpt lat="35.301050" lon="127.554861"><ele>1373.6</ele><time>2023-09-08T21:20:18.000Z</time></trkpt>
      <trkpt lat="35.301040" lon="127.554914"><ele>1373.3</ele><time>2023-09-08T21:20:31.000Z</time></trkpt>
      <trkpt lat="35.301030" lon="127.554968"><ele>1373.0</ele><time>2023-09-08T21:20:31.000Z</time></trkpt>
      <trkpt lat="35.301021" lon="127.555022"><ele>1372.6</ele><time>2023-09-08T21:20:38.000Z</time></trkpt>
      <trkpt lat="35.301012" lon="127.555076"><ele>1372.3</ele><time>2023-09-08T21:20:38.000Z</time></trkpt>
      <trkpt lat="35.301003" lon="127.555130"><ele>1372.0</ele><time>2023-09-08T21:20:46.000Z</time></trkpt>
      <trkpt lat="35.300994" lon="127.555184"><ele>1371.7</ele><time>2023-09-08T21:20:46.000Z</time></trkpt>
      <trkpt lat="35.300987" lon="127.555238"><ele>1371.6</ele><time>2023-09-08T21:20:56.000Z</time></trkpt>
      <trkpt lat="35.300981" lon="127.555293"><ele>1371.4</ele><time>2023-09-08T21:20:56.000Z</time></trkpt>
      <trkpt lat="35.300978" lon="127.555348"><ele>1371.3</ele><time>2023-09-08T21:21:03.000Z</time></trkpt>
      <trkpt lat="35.300976" lon="127.555403"><ele>1371.2</ele><time>2023-09-08T21:21:03.000Z</time></trkpt>
      <trkpt lat="35.300974" lon="127.555458"><ele>1371.1</ele><time>2023-09-08T21:21:12.000Z</time></trkpt>
      <trkpt lat="35.300971" lon="127.555513"><ele>1371.0</ele><time>2023-09-08T21:21:12.000Z</time></trkpt>
      <trkpt lat="35.300972" lon="127.555568"><ele>1370.9</ele><time>2023-09-08T21:21:19.000Z</time></trkpt>
      <trkpt lat="35.300981" lon="127.555621"><ele>1370.8</ele><time>2023-09-08T21:21:19.000Z</time></trkpt>
      <trkpt lat="35.300986" lon="127.555642"><ele>1370.7</ele><time>2023-09-08T21:21:19.000Z</time></trkpt>
      <trkpt lat="35.300998" lon="127.555672"><ele>1370.6</ele><time>2023-09-08T21:22:06.000Z</time></trkpt>
      <trkpt lat="35.301022" lon="127.555719"><ele>1370.4</ele><time>2023-09-08T21:22:06.000Z</time></trkpt>
      <trkpt lat="35.301049" lon="127.555763"><ele>1370.3</ele><time>2023-09-08T21:22:17.000Z</time></trkpt>
      <trkpt lat="35.301076" lon="127.555807"><ele>1370.2</ele><time>2023-09-08T21:22:17.000Z</time></trkpt>
      <trkpt lat="35.301100" lon="127.555854"><ele>1370.0</ele><time>2023-09-08T21:22:26.000Z</time></trkpt>
      <trkpt lat="35.301116" lon="127.555905"><ele>1369.9</ele><time>2023-09-08T21:22:26.000Z</time></trkpt>
      <trkpt lat="35.301125" lon="127.555958"><ele>1369.8</ele><time>2023-09-08T21:22:35.000Z</time></trkpt>
      <trkpt lat="35.301134" lon="127.556013"><ele>1369.7</ele><time>2023-09-08T21:22:35.000Z</time></trkpt>
      <trkpt lat="35.301146" lon="127.556065"><ele>1369.6</ele><time>2023-09-08T21:22:42.000Z</time></trkpt>
      <trkpt lat="35.301161" lon="127.556117"><ele>1369.5</ele><time>2023-09-08T21:22:42.000Z</time></trkpt>
      <trkpt lat="35.301177" lon="127.556169"><ele>1369.3</ele><time>2023-09-08T21:22:54.000Z</time></trkpt>
      <trkpt lat="35.301195" lon="127.556219"><ele>1369.1</ele><time>2023-09-08T21:22:54.000Z</time></trkpt>
      <trkpt lat="35.301217" lon="127.556268"><ele>1368.8</ele><time>2023-09-08T21:22:54.000Z</time></trkpt>
      <trkpt lat="35.301242" lon="127.556313"><ele>1368.5</ele><time>2023-09-08T21:23:01.000Z</time></trkpt>
      <trkpt lat="35.301270" lon="127.556356"><ele>1368.1</ele><time>2023-09-08T21:23:01.000Z</time></trkpt>
      <trkpt lat="35.301299" lon="127.556398"><ele>1367.6</ele><time>2023-09-08T21:23:15.000Z</time></trkpt>
      <trkpt lat="35.301327" lon="127.556441"><ele>1367.1</ele><time>2023-09-08T21:23:15.000Z</time></trkpt>
      <trkpt lat="35.301353" lon="127.556486"><ele>1366.6</ele><time>2023-09-08T21:23:15.000Z</time></trkpt>
      <trkpt lat="35.301376" lon="127.556534"><ele>1366.0</ele><time>2023-09-08T21:23:23.000Z</time></trkpt>
      <trkpt lat="35.301399" lon="127.556580"><ele>1365.4</ele><time>2023-09-08T21:23:23.000Z</time></trkpt>
      <trkpt lat="35.301427" lon="127.556624"><ele>1364.7</ele><time>2023-09-08T21:23:36.000Z</time></trkpt>
      <trkpt lat="35.301459" lon="127.556662"><ele>1363.9</ele><time>2023-09-08T21:23:36.000Z</time></trkpt>
      <trkpt lat="35.301497" lon="127.556692"><ele>1363.1</ele><time>2023-09-08T21:23:43.000Z</time></trkpt>
      <trkpt lat="35.301534" lon="127.556723"><ele>1362.2</ele><time>2023-09-08T21:23:43.000Z</time></trkpt>
      <trkpt lat="35.301567" lon="127.556760"><ele>1361.4</ele><time>2023-09-08T21:23:56.000Z</time></trkpt>
      <trkpt lat="35.301596" lon="127.556802"><ele>1360.6</ele><time>2023-09-08T21:23:56.000Z</time></trkpt>
      <trkpt lat="35.301624" lon="127.556845"><ele>1359.8</ele><time>2023-09-08T21:24:03.000Z</time></trkpt>
      <trkpt lat="35.301650" lon="127.556890"><ele>1359.0</ele><time>2023-09-08T21:24:03.000Z</time></trkpt>
      <trkpt lat="35.301675" lon="127.556936"><ele>1358.2</ele><time>2023-09-08T21:24:03.000Z</time></trkpt>
      <trkpt lat="35.301700" lon="127.556981"><ele>1357.4</ele><time>2023-09-08T21:24:17.000Z</time></trkpt>
      <trkpt lat="35.301730" lon="127.557023"><ele>1356.5</ele><time>2023-09-08T21:24:17.000Z</time></trkpt>
      <trkpt lat="35.301764" lon="127.557058"><ele>1355.5</ele><time>2023-09-08T21:24:24.000Z</time></trkpt>
      <trkpt lat="35.301803" lon="127.557086"><ele>1354.5</ele><time>2023-09-08T21:24:42.000Z</time></trkpt>
      <trkpt lat="35.301841" lon="127.557115"><ele>1353.4</ele><time>2023-09-08T21:24:42.000Z</time></trkpt>
      <trkpt lat="35.301875" lon="127.557150"><ele>1352.2</ele><time>2023-09-08T21:24:54.000Z</time></trkpt>
      <trkpt lat="35.301901" lon="127.557195"><ele>1351.1</ele><time>2023-09-08T21:24:54.000Z</time></trkpt>
      <trkpt lat="35.301921" lon="127.557244"><ele>1350.0</ele><time>2023-09-08T21:25:03.000Z</time></trkpt>
      <trkpt lat="35.301942" lon="127.557293"><ele>1349.0</ele><time>2023-09-08T21:25:03.000Z</time></trkpt>
      <trkpt lat="35.301970" lon="127.557336"><ele>1348.1</ele><time>2023-09-08T21:25:14.000Z</time></trkpt>
      <trkpt lat="35.302001" lon="127.557376"><ele>1347.2</ele><time>2023-09-08T21:25:14.000Z</time></trkpt>
      <trkpt lat="35.302033" lon="127.557414"><ele>1346.4</ele><time>2023-09-08T21:25:23.000Z</time></trkpt>
      <trkpt lat="35.302066" lon="127.557452"><ele>1345.6</ele><time>2023-09-08T21:25:23.000Z</time></trkpt>
      <trkpt lat="35.302096" lon="127.557493"><ele>1344.8</ele><time>2023-09-08T21:25:35.000Z</time></trkpt>
      <trkpt lat="35.302119" lon="127.557540"><ele>1344.1</ele><time>2023-09-08T21:25:35.000Z</time></trkpt>
      <trkpt lat="35.302137" lon="127.557591"><ele>1343.4</ele><time>2023-09-08T21:25:43.000Z</time></trkpt>
      <trkpt lat="35.302153" lon="127.557642"><ele>1342.7</ele><time>2023-09-08T21:25:51.000Z</time></trkpt>
      <trkpt lat="35.302175" lon="127.557689"><ele>1342.1</ele><time>2023-09-08T21:25:51.000Z</time></trkpt>
      <trkpt lat="35.302204" lon="127.557732"><ele>1341.7</ele><time>2023-09-08T21:26:05.000Z</time></trkpt>
      <trkpt lat="35.302235" lon="127.557772"><ele>1341.4</ele><time>2023-09-08T21:26:05.000Z</time></trkpt>
      <trkpt lat="35.302262" lon="127.557815"><ele>1341.1</ele><time>2023-09-08T21:26:05.000Z</time></trkpt>
      <trkpt lat="35.302284" lon="127.557864"><ele>1341.1</ele><time>2023-09-08T21:26:08.000Z</time></trkpt>
      <trkpt lat="35.302301" lon="127.557915"><ele>1341.1</ele><time>2023-09-08T21:26:08.000Z</time></trkpt>
      <trkpt lat="35.302316" lon="127.557966"><ele>1341.3</ele><time>2023-09-08T21:26:21.000Z</time></trkpt>
      <trkpt lat="35.302331" lon="127.558018"><ele>1341.7</ele><time>2023-09-08T21:26:21.000Z</time></trkpt>
      <trkpt lat="35.302347" lon="127.558070"><ele>1342.2</ele><time>2023-09-08T21:26:27.000Z</time></trkpt>
      <trkpt lat="35.302364" lon="127.558121"><ele>1342.8</ele><time>2023-09-08T21:26:27.000Z</time></trkpt>
      <trkpt lat="35.302385" lon="127.558169"><ele>1343.4</ele><time>2023-09-08T21:26:42.000Z</time></trkpt>
      <trkpt lat="35.302411" lon="127.558214"><ele>1344.1</ele><time>2023-09-08T21:26:56.000Z</time></trkpt>
      <trkpt lat="35.302441" lon="127.558255"><ele>1344.7</ele><time>2023-09-08T21:26:56.000Z</time></trkpt>
      <trkpt lat="35.302473" lon="127.558294"><ele>1345.2</ele><time>2023-09-08T21:26:56.000Z</time></trkpt>
      <trkpt lat="35.302504" lon="127.558334"><ele>1345.6</ele><time>2023-09-08T21:27:10.000Z</time></trkpt>
      <trkpt lat="35.302533" lon="127.558376"><ele>1346.0</ele><time>2023-09-08T21:27:10.000Z</time></trkpt>
      <trkpt lat="35.302556" lon="127.558423"><ele>1346.3</ele><time>2023-09-08T21:27:23.000Z</time></trkpt>
      <trkpt lat="35.302577" lon="127.558472"><ele>1346.6</ele><time>2023-09-08T21:27:23.000Z</time></trkpt>
      <trkpt lat="35.302596" lon="127.558522"><ele>1346.9</ele><time>2023-09-08T21:27:23.000Z</time></trkpt>
      <trkpt lat="35.302615" lon="127.558572"><ele>1347.3</ele><time>2023-09-08T21:27:30.000Z</time></trkpt>
      <trkpt lat="35.302632" lon="127.558623"><ele>1347.6</ele><time>2023-09-08T21:27:30.000Z</time></trkpt>
      <trkpt lat="35.302647" lon="127.558675"><ele>1348.0</ele><time>2023-09-08T21:27:43.000Z</time></trkpt>
      <trkpt lat="35.302662" lon="127.558727"><ele>1348.4</ele><time>2023-09-08T21:27:43.000Z</time></trkpt>
      <trkpt lat="35.302678" lon="127.558778"><ele>1348.8</ele><time>2023-09-08T21:27:50.000Z</time></trkpt>
      <trkpt lat="35.302692" lon="127.558830"><ele>1349.2</ele><time>2023-09-08T21:27:50.000Z</time></trkpt>
      <trkpt lat="35.302706" lon="127.558883"><ele>1349.7</ele><time>2023-09-08T21:28:04.000Z</time></trkpt>
      <trkpt lat="35.302723" lon="127.558934"><ele>1350.3</ele><time>2023-09-08T21:28:04.000Z</time></trkpt>
      <trkpt lat="35.302741" lon="127.558984"><ele>1350.9</ele><time>2023-09-08T21:28:10.000Z</time></trkpt>
      <trkpt lat="35.302759" lon="127.559035"><ele>1351.5</ele><time>2023-09-08T21:28:10.000Z</time></trkpt>
      <trkpt lat="35.302770" lon="127.559088"><ele>1352.2</ele><time>2023-09-08T21:28:25.000Z</time></trkpt>
      <trkpt lat="35.302772" lon="127.559143"><ele>1352.9</ele><time>2023-09-08T21:28:36.000Z</time></trkpt>
      <trkpt lat="35.302775" lon="127.559198"><ele>1353.5</ele><time>2023-09-08T21:28:36.000Z</time></trkpt>
      <trkpt lat="35.302788" lon="127.559250"><ele>1354.1</ele><time>2023-09-08T21:28:49.000Z</time></trkpt>
      <trkpt lat="35.302809" lon="127.559299"><ele>1354.6</ele><time>2023-09-08T21:28:49.000Z</time></trkpt>
      <trkpt lat="35.302833" lon="127.559345"><ele>1354.9</ele><time>2023-09-08T21:29:06.000Z</time></trkpt>
      <trkpt lat="35.302861" lon="127.559389"><ele>1355.2</ele><time>2023-09-08T21:29:06.000Z</time></trkpt>
      <trkpt lat="35.302890" lon="127.559431"><ele>1355.5</ele><time>2023-09-08T21:29:06.000Z</time></trkpt>
      <trkpt lat="35.302910" lon="127.559479"><ele>1355.6</ele><time>2023-09-08T21:29:18.000Z</time></trkpt>
      <trkpt lat="35.302917" lon="127.559533"><ele>1355.6</ele><time>2023-09-08T21:29:18.000Z</time></trkpt>
      <trkpt lat="35.302914" lon="127.559588"><ele>1355.7</ele><time>2023-09-08T21:29:27.000Z</time></trkpt>
      <trkpt lat="35.302908" lon="127.559643"><ele>1355.7</ele><time>2023-09-08T21:29:27.000Z</time></trkpt>
      <trkpt lat="35.302904" lon="127.559698"><ele>1355.8</ele><time>2023-09-08T21:29:34.000Z</time></trkpt>
      <trkpt lat="35.302904" lon="127.559753"><ele>1355.9</ele><time>2023-09-08T21:29:34.000Z</time></trkpt>
      <trkpt lat="35.302910" lon="127.559807"><ele>1356.1</ele><time>2023-09-08T21:29:47.000Z</time></trkpt>
      <trkpt lat="35.302920" lon="127.559861"><ele>1356.2</ele><time>2023-09-08T21:29:47.000Z</time></trkpt>
      <trkpt lat="35.302931" lon="127.559914"><ele>1356.3</ele><time>2023-09-08T21:29:53.000Z</time></trkpt>
      <trkpt lat="35.302943" lon="127.559967"><ele>1356.4</ele><time>2023-09-08T21:29:53.000Z</time></trkpt>
      <trkpt lat="35.302955" lon="127.560021"><ele>1356.6</ele><time>2023-09-08T21:29:53.000Z</time></trkpt>
      <trkpt lat="35.302963" lon="127.560075"><ele>1357.0</ele><time>2023-09-08T21:29:53.000Z</time></trkpt>
      <trkpt lat="35.302969" lon="127.560129"><ele>1357.5</ele><time>2023-09-08T21:29:53.000Z</time></trkpt>
      <trkpt lat="35.302975" lon="127.560184"><ele>1358.1</ele><time>2023-09-08T21:38:53.000Z</time></trkpt>
      <trkpt lat="35.302980" lon="127.560239"><ele>1358.9</ele><time>2023-09-08T21:38:53.000Z</time></trkpt>
      <trkpt lat="35.302987" lon="127.560293"><ele>1359.7</ele><time>2023-09-08T21:38:53.000Z</time></trkpt>
      <trkpt lat="35.303002" lon="127.560345"><ele>1360.6</ele><time>2023-09-08T21:39:06.000Z</time></trkpt>
      <trkpt lat="35.303022" lon="127.560394"><ele>1361.7</ele><time>2023-09-08T21:39:06.000Z</time></trkpt>
      <trkpt lat="35.303050" lon="127.560437"><ele>1362.9</ele><time>2023-09-08T21:39:18.000Z</time></trkpt>
      <trkpt lat="35.303087" lon="127.560466"><ele>1364.2</ele><time>2023-09-08T21:39:18.000Z</time></trkpt>
      <trkpt lat="35.303125" lon="127.560496"><ele>1365.6</ele><time>2023-09-08T21:39:30.000Z</time></trkpt>
      <trkpt lat="35.303158" lon="127.560533"><ele>1367.1</ele><time>2023-09-08T21:39:30.000Z</time></trkpt>
      <trkpt lat="35.303187" lon="127.560576"><ele>1368.7</ele><time>2023-09-08T21:39:44.000Z</time></trkpt>
      <trkpt lat="35.303210" lon="127.560623"><ele>1370.4</ele><time>2023-09-08T21:39:44.000Z</time></trkpt>
      <trkpt lat="35.303224" lon="127.560675"><ele>1372.4</ele><time>2023-09-08T21:40:25.000Z</time></trkpt>
      <trkpt lat="35.303228" lon="127.560730"><ele>1374.5</ele><time>2023-09-08T21:40:45.000Z</time></trkpt>
      <trkpt lat="35.303237" lon="127.560783"><ele>1376.6</ele><time>2023-09-08T21:41:06.000Z</time></trkpt>
      <trkpt lat="35.303256" lon="127.560833"><ele>1378.8</ele><time>2023-09-08T21:41:27.000Z</time></trkpt>
      <trkpt lat="35.303278" lon="127.560881"><ele>1381.0</ele><time>2023-09-08T21:41:27.000Z</time></trkpt>
      <trkpt lat="35.303305" lon="127.560925"><ele>1383.1</ele><time>2023-09-08T21:41:54.000Z</time></trkpt>
      <trkpt lat="35.303336" lon="127.560965"><ele>1385.2</ele><time>2023-09-08T21:41:54.000Z</time></trkpt>
      <trkpt lat="35.303364" lon="127.561008"><ele>1387.2</ele><time>2023-09-08T21:42:16.000Z</time></trkpt>
      <trkpt lat="35.303388" lon="127.561054"><ele>1389.1</ele><time>2023-09-08T21:42:16.000Z</time></trkpt>
      <trkpt lat="35.303411" lon="127.561102"><ele>1390.8</ele><time>2023-09-08T21:42:35.000Z</time></trkpt>
      <trkpt lat="35.303435" lon="127.561148"><ele>1392.5</ele><time>2023-09-08T21:42:56.000Z</time></trkpt>
      <trkpt lat="35.303459" lon="127.561195"><ele>1394.1</ele><time>2023-09-08T21:42:56.000Z</time></trkpt>
      <trkpt lat="35.303478" lon="127.561245"><ele>1395.8</ele><time>2023-09-08T21:43:17.000Z</time></trkpt>
      <trkpt lat="35.303496" lon="127.561296"><ele>1397.5</ele><time>2023-09-08T21:43:17.000Z</time></trkpt>
      <trkpt lat="35.303522" lon="127.561340"><ele>1399.3</ele><time>2023-09-08T21:43:36.000Z</time></trkpt>
      <trkpt lat="35.303554" lon="127.561378"><ele>1401.2</ele><time>2023-09-08T21:43:36.000Z</time></trkpt>
      <trkpt lat="35.303584" lon="127.561419"><ele>1403.1</ele><time>2023-09-08T21:43:55.000Z</time></trkpt>
      <trkpt lat="35.303601" lon="127.561470"><ele>1405.1</ele><time>2023-09-08T21:44:10.000Z</time></trkpt>
      <trkpt lat="35.303609" lon="127.561524"><ele>1407.2</ele><time>2023-09-08T21:44:10.000Z</time></trkpt>
      <trkpt lat="35.303618" lon="127.561578"><ele>1409.1</ele><time>2023-09-08T21:44:39.000Z</time></trkpt>
      <trkpt lat="35.303629" lon="127.561631"><ele>1411.0</ele><time>2023-09-08T21:44:39.000Z</time></trkpt>
      <trkpt lat="35.303642" lon="127.561684"><ele>1412.7</ele><time>2023-09-08T21:45:17.000Z</time></trkpt>
      <trkpt lat="35.303660" lon="127.561734"><ele>1414.3</ele><time>2023-09-08T21:45:17.000Z</time></trkpt>
      <trkpt lat="35.303687" lon="127.561778"><ele>1415.8</ele><time>2023-09-08T21:45:38.000Z</time></trkpt>
      <trkpt lat="35.303718" lon="127.561819"><ele>1417.2</ele><time>2023-09-08T21:45:38.000Z</time></trkpt>
      <trkpt lat="35.303750" lon="127.561857"><ele>1418.4</ele><time>2023-09-08T21:45:53.000Z</time></trkpt>
      <trkpt lat="35.303782" lon="127.561896"><ele>1419.4</ele><time>2023-09-08T21:45:53.000Z</time></trkpt>
      <trkpt lat="35.303815" lon="127.561933"><ele>1420.3</ele><time>2023-09-08T21:46:10.000Z</time></trkpt>
      <trkpt lat="35.303851" lon="127.561966"><ele>1421.2</ele><time>2023-09-08T21:46:10.000Z</time></trkpt>
      <trkpt lat="35.303889" lon="127.561994"><ele>1422.0</ele><time>2023-09-08T21:46:22.000Z</time></trkpt>
      <trkpt lat="35.303930" lon="127.562017"><ele>1422.9</ele><time>2023-09-08T21:46:22.000Z</time></trkpt>
      <trkpt lat="35.303971" lon="127.562041"><ele>1423.8</ele><time>2023-09-08T21:46:42.000Z</time></trkpt>
      <trkpt lat="35.304009" lon="127.562070"><ele>1424.7</ele><time>2023-09-08T21:46:42.000Z</time></trkpt>
      <trkpt lat="35.304043" lon="127.562105"><ele>1425.7</ele><time>2023-09-08T21:47:00.000Z</time></trkpt>
      <trkpt lat="35.304074" lon="127.562145"><ele>1426.7</ele><time>2023-09-08T21:47:11.000Z</time></trkpt>
      <trkpt lat="35.304106" lon="127.562184"><ele>1427.8</ele><time>2023-09-08T21:47:11.000Z</time></trkpt>
      <trkpt lat="35.304141" lon="127.562218"><ele>1428.8</ele><time>2023-09-08T21:47:20.000Z</time></trkpt>
      <trkpt lat="35.304177" lon="127.562252"><ele>1429.9</ele><time>2023-09-08T21:47:20.000Z</time></trkpt>
      <trkpt lat="35.304209" lon="127.562291"><ele>1431.1</ele><time>2023-09-08T21:47:29.000Z</time></trkpt>
      <trkpt lat="35.304237" lon="127.562334"><ele>1432.3</ele><time>2023-09-08T21:47:41.000Z</time></trkpt>
      <trkpt lat="35.304267" lon="127.562375"><ele>1433.8</ele><time>2023-09-08T21:47:41.000Z</time></trkpt>
      <trkpt lat="35.304299" lon="127.562414"><ele>1435.3</ele><time>2023-09-08T21:48:02.000Z</time></trkpt>
      <trkpt lat="35.304329" lon="127.562455"><ele>1436.9</ele><time>2023-09-08T21:48:18.000Z</time></trkpt>
      <trkpt lat="35.304354" lon="127.562500"><ele>1438.6</ele><time>2023-09-08T21:48:18.000Z</time></trkpt>
      <trkpt lat="35.304371" lon="127.562551"><ele>1440.4</ele><time>2023-09-08T21:48:39.000Z</time></trkpt>
      <trkpt lat="35.304378" lon="127.562605"><ele>1442.2</ele><time>2023-09-08T21:48:39.000Z</time></trkpt>
      <trkpt lat="35.304379" lon="127.562611"><ele>1442.4</ele><time>2023-09-08T21:48:39.000Z</time></trkpt>
      <trkpt lat="35.304378" lon="127.562660"><ele>1444.0</ele><time>2023-09-08T21:48:54.000Z</time></trkpt>
      <trkpt lat="35.304382" lon="127.562715"><ele>1445.8</ele><time>2023-09-08T21:48:54.000Z</time></trkpt>
      <trkpt lat="35.304392" lon="127.562769"><ele>1447.6</ele><time>2023-09-08T21:49:20.000Z</time></trkpt>
      <trkpt lat="35.304404" lon="127.562822"><ele>1449.4</ele><time>2023-09-08T21:49:20.000Z</time></trkpt>
      <trkpt lat="35.304414" lon="127.562876"><ele>1451.1</ele><time>2023-09-08T21:49:40.000Z</time></trkpt>
      <trkpt lat="35.304424" lon="127.562929"><ele>1452.8</ele><time>2023-09-08T21:50:00.000Z</time></trkpt>
      <trkpt lat="35.304435" lon="127.562983"><ele>1454.4</ele><time>2023-09-08T21:50:00.000Z</time></trkpt>
      <trkpt lat="35.304451" lon="127.563034"><ele>1455.7</ele><time>2023-09-08T21:50:22.000Z</time></trkpt>
      <trkpt lat="35.304473" lon="127.563083"><ele>1456.9</ele><time>2023-09-08T21:50:22.000Z</time></trkpt>
      <trkpt lat="35.304495" lon="127.563131"><ele>1457.9</ele><time>2023-09-08T21:50:36.000Z</time></trkpt>
      <trkpt lat="35.304511" lon="127.563182"><ele>1458.7</ele><time>2023-09-08T21:50:36.000Z</time></trkpt>
      <trkpt lat="35.304525" lon="127.563234"><ele>1459.3</ele><time>2023-09-08T21:50:47.000Z</time></trkpt>
      <trkpt lat="35.304538" lon="127.563287"><ele>1459.7</ele><time>2023-09-08T21:50:47.000Z</time></trkpt>
      <trkpt lat="35.304552" lon="127.563340"><ele>1460.0</ele><time>2023-09-08T21:50:54.000Z</time></trkpt>
      <trkpt lat="35.304565" lon="127.563392"><ele>1460.2</ele><time>2023-09-08T21:50:54.000Z</time></trkpt>
      <trkpt lat="35.304579" lon="127.563445"><ele>1460.3</ele><time>2023-09-08T21:51:03.000Z</time></trkpt>
      <trkpt lat="35.304595" lon="127.563496"><ele>1460.3</ele><time>2023-09-08T21:51:03.000Z</time></trkpt>
      <trkpt lat="35.304615" lon="127.563545"><ele>1460.3</ele><time>2023-09-08T21:51:09.000Z</time></trkpt>
      <trkpt lat="35.304640" lon="127.563591"><ele>1460.2</ele><time>2023-09-08T21:51:09.000Z</time></trkpt>
      <trkpt lat="35.304669" lon="127.563633"><ele>1460.1</ele><time>2023-09-08T21:51:24.000Z</time></trkpt>
      <trkpt lat="35.304697" lon="127.563676"><ele>1460.0</ele><time>2023-09-08T21:51:24.000Z</time></trkpt>
      <trkpt lat="35.304723" lon="127.563721"><ele>1459.8</ele><time>2023-09-08T21:51:24.000Z</time></trkpt>
      <trkpt lat="35.304747" lon="127.563768"><ele>1459.7</ele><time>2023-09-08T21:51:31.000Z</time></trkpt>
      <trkpt lat="35.304768" lon="127.563817"><ele>1459.5</ele><time>2023-09-08T21:51:31.000Z</time></trkpt>
      <trkpt lat="35.304786" lon="127.563867"><ele>1459.4</ele><time>2023-09-08T21:51:43.000Z</time></trkpt>
      <trkpt lat="35.304801" lon="127.563919"><ele>1459.3</ele><time>2023-09-08T21:51:43.000Z</time></trkpt>
      <trkpt lat="35.304816" lon="127.563971"><ele>1459.2</ele><time>2023-09-08T21:51:52.000Z</time></trkpt>
      <trkpt lat="35.304838" lon="127.564019"><ele>1459.2</ele><time>2023-09-08T21:51:52.000Z</time></trkpt>
      <trkpt lat="35.304868" lon="127.564059"><ele>1459.1</ele><time>2023-09-08T21:51:52.000Z</time></trkpt>
      <trkpt lat="35.304899" lon="127.564100"><ele>1459.1</ele><time>2023-09-08T21:52:05.000Z</time></trkpt>
      <trkpt lat="35.304924" lon="127.564146"><ele>1459.1</ele><time>2023-09-08T21:52:05.000Z</time></trkpt>
      <trkpt lat="35.304946" lon="127.564194"><ele>1459.0</ele><time>2023-09-08T21:52:11.000Z</time></trkpt>
      <trkpt lat="35.304967" lon="127.564243"><ele>1458.9</ele><time>2023-09-08T21:52:11.000Z</time></trkpt>
      <trkpt lat="35.304990" lon="127.564290"><ele>1458.7</ele><time>2023-09-08T21:52:24.000Z</time></trkpt>
      <trkpt lat="35.305020" lon="127.564331"><ele>1458.4</ele><time>2023-09-08T21:52:24.000Z</time></trkpt>
      <trkpt lat="35.305053" lon="127.564368"><ele>1458.0</ele><time>2023-09-08T21:52:38.000Z</time></trkpt>
      <trkpt lat="35.305085" lon="127.564407"><ele>1457.6</ele><time>2023-09-08T21:52:38.000Z</time></trkpt>
      <trkpt lat="35.305115" lon="127.564448"><ele>1457.0</ele><time>2023-09-08T21:52:49.000Z</time></trkpt>
      <trkpt lat="35.305144" lon="127.564490"><ele>1456.3</ele><time>2023-09-08T21:52:49.000Z</time></trkpt>
      <trkpt lat="35.305176" lon="127.564529"><ele>1455.6</ele><time>2023-09-08T21:53:00.000Z</time></trkpt>
      <trkpt lat="35.305210" lon="127.564565"><ele>1454.9</ele><time>2023-09-08T21:53:00.000Z</time></trkpt>
      <trkpt lat="35.305246" lon="127.564597"><ele>1454.3</ele><time>2023-09-08T21:53:13.000Z</time></trkpt>
      <trkpt lat="35.305284" lon="127.564627"><ele>1453.6</ele><time>2023-09-08T21:53:13.000Z</time></trkpt>
      <trkpt lat="35.305324" lon="127.564652"><ele>1453.1</ele><time>2023-09-08T21:53:13.000Z</time></trkpt>
      <trkpt lat="35.305365" lon="127.564674"><ele>1452.6</ele><time>2023-09-08T21:53:27.000Z</time></trkpt>
      <trkpt lat="35.305407" lon="127.564695"><ele>1452.2</ele><time>2023-09-08T21:53:27.000Z</time></trkpt>
      <trkpt lat="35.305450" lon="127.564712"><ele>1451.9</ele><time>2023-09-08T21:53:34.000Z</time></trkpt>
      <trkpt lat="35.305493" lon="127.564726"><ele>1451.6</ele><time>2023-09-08T21:53:34.000Z</time></trkpt>
      <trkpt lat="35.305535" lon="127.564747"><ele>1451.5</ele><time>2023-09-08T21:53:46.000Z</time></trkpt>
      <trkpt lat="35.305571" lon="127.564779"><ele>1451.4</ele><time>2023-09-08T21:53:46.000Z</time></trkpt>
      <trkpt lat="35.305602" lon="127.564818"><ele>1451.3</ele><time>2023-09-08T21:53:55.000Z</time></trkpt>
      <trkpt lat="35.305634" lon="127.564857"><ele>1451.2</ele><time>2023-09-08T21:53:55.000Z</time></trkpt>
      <trkpt lat="35.305668" lon="127.564894"><ele>1451.2</ele><time>2023-09-08T21:53:55.000Z</time></trkpt>
      <trkpt lat="35.305704" lon="127.564927"><ele>1451.2</ele><time>2023-09-08T21:54:08.000Z</time></trkpt>
      <trkpt lat="35.305741" lon="127.564958"><ele>1451.3</ele><time>2023-09-08T21:54:08.000Z</time></trkpt>
      <trkpt lat="35.305777" lon="127.564991"><ele>1451.3</ele><time>2023-09-08T21:54:15.000Z</time></trkpt>
      <trkpt lat="35.305811" lon="127.565027"><ele>1451.4</ele><time>2023-09-08T21:54:15.000Z</time></trkpt>
      <trkpt lat="35.305842" lon="127.565066"><ele>1451.5</ele><time>2023-09-08T21:54:29.000Z</time></trkpt>
      <trkpt lat="35.305870" lon="127.565110"><ele>1451.7</ele><time>2023-09-08T21:54:29.000Z</time></trkpt>
      <trkpt lat="35.305896" lon="127.565155"><ele>1451.9</ele><time>2023-09-08T21:54:29.000Z</time></trkpt>
      <trkpt lat="35.305922" lon="127.565200"><ele>1452.1</ele><time>2023-09-08T21:54:36.000Z</time></trkpt>
      <trkpt lat="35.305952" lon="127.565241"><ele>1452.4</ele><time>2023-09-08T21:54:36.000Z</time></trkpt>
      <trkpt lat="35.305988" lon="127.565274"><ele>1452.9</ele><time>2023-09-08T21:54:49.000Z</time></trkpt>
      <trkpt lat="35.306027" lon="127.565301"><ele>1453.4</ele><time>2023-09-08T21:54:55.000Z</time></trkpt>
      <trkpt lat="35.306063" lon="127.565333"><ele>1453.9</ele><time>2023-09-08T21:54:55.000Z</time></trkpt>
      <trkpt lat="35.306091" lon="127.565376"><ele>1454.5</ele><time>2023-09-08T21:55:09.000Z</time></trkpt>
      <trkpt lat="35.306108" lon="127.565427"><ele>1455.1</ele><time>2023-09-08T21:55:09.000Z</time></trkpt>
      <trkpt lat="35.306118" lon="127.565481"><ele>1455.6</ele><time>2023-09-08T21:55:17.000Z</time></trkpt>
      <trkpt lat="35.306128" lon="127.565535"><ele>1456.0</ele><time>2023-09-08T21:55:17.000Z</time></trkpt>
      <trkpt lat="35.306140" lon="127.565588"><ele>1456.4</ele><time>2023-09-08T21:55:30.000Z</time></trkpt>
      <trkpt lat="35.306156" lon="127.565639"><ele>1456.7</ele><time>2023-09-08T21:55:30.000Z</time></trkpt>
      <trkpt lat="35.306178" lon="127.565687"><ele>1456.8</ele><time>2023-09-08T21:55:36.000Z</time></trkpt>
      <trkpt lat="35.306204" lon="127.565732"><ele>1456.9</ele><time>2023-09-08T21:55:36.000Z</time></trkpt>
      <trkpt lat="35.306235" lon="127.565772"><ele>1456.9</ele><time>2023-09-08T21:55:51.000Z</time></trkpt>
      <trkpt lat="35.306270" lon="127.565807"><ele>1456.8</ele><time>2023-09-08T21:55:51.000Z</time></trkpt>
      <trkpt lat="35.306305" lon="127.565841"><ele>1456.7</ele><time>2023-09-08T21:55:58.000Z</time></trkpt>
      <trkpt lat="35.306335" lon="127.565881"><ele>1456.5</ele><time>2023-09-08T21:55:58.000Z</time></trkpt>
      <trkpt lat="35.306365" lon="127.565923"><ele>1456.4</ele><time>2023-09-08T21:56:11.000Z</time></trkpt>
      <trkpt lat="35.306400" lon="127.565958"><ele>1456.2</ele><time>2023-09-08T21:56:11.000Z</time></trkpt>
      <trkpt lat="35.306436" lon="127.565990"><ele>1456.2</ele><time>2023-09-08T21:56:11.000Z</time></trkpt>
      <trkpt lat="35.306464" lon="127.566033"><ele>1456.2</ele><time>2023-09-08T21:56:18.000Z</time></trkpt>
      <trkpt lat="35.306483" lon="127.566083"><ele>1456.2</ele><time>2023-09-08T21:56:18.000Z</time></trkpt>
      <trkpt lat="35.306494" lon="127.566136"><ele>1456.3</ele><time>2023-09-08T21:56:31.000Z</time></trkpt>
      <trkpt lat="35.306502" lon="127.566190"><ele>1456.5</ele><time>2023-09-08T21:56:31.000Z</time></trkpt>
      <trkpt lat="35.306514" lon="127.566244"><ele>1456.7</ele><time>2023-09-08T21:56:38.000Z</time></trkpt>
      <trkpt lat="35.306534" lon="127.566293"><ele>1457.0</ele><time>2023-09-08T21:56:38.000Z</time></trkpt>
      <trkpt lat="35.306554" lon="127.566342"><ele>1457.3</ele><time>2023-09-08T21:56:51.000Z</time></trkpt>
      <trkpt lat="35.306572" lon="127.566393"><ele>1457.7</ele><time>2023-09-08T21:56:51.000Z</time></trkpt>
      <trkpt lat="35.306590" lon="127.566443"><ele>1458.1</ele><time>2023-09-08T21:56:59.000Z</time></trkpt>
      <trkpt lat="35.306611" lon="127.566492"><ele>1458.4</ele><time>2023-09-08T21:56:59.000Z</time></trkpt>
      <trkpt lat="35.306632" lon="127.566541"><ele>1458.8</ele><time>2023-09-08T21:57:17.000Z</time></trkpt>
      <trkpt lat="35.306644" lon="127.566594"><ele>1459.1</ele><time>2023-09-08T21:57:17.000Z</time></trkpt>
      <trkpt lat="35.306652" lon="127.566648"><ele>1459.4</ele><time>2023-09-08T21:57:25.000Z</time></trkpt>
      <trkpt lat="35.306661" lon="127.566702"><ele>1459.7</ele><time>2023-09-08T21:57:25.000Z</time></trkpt>
      <trkpt lat="35.306682" lon="127.566751"><ele>1460.0</ele><time>2023-09-08T21:57:33.000Z</time></trkpt>
      <trkpt lat="35.306709" lon="127.566794"><ele>1460.3</ele><time>2023-09-08T21:57:41.000Z</time></trkpt>
      <trkpt lat="35.306737" lon="127.566837"><ele>1460.6</ele><time>2023-09-08T21:57:41.000Z</time></trkpt>
      <trkpt lat="35.306761" lon="127.566884"><ele>1460.9</ele><time>2023-09-08T21:57:49.000Z</time></trkpt>
      <trkpt lat="35.306777" lon="127.566936"><ele>1461.2</ele><time>2023-09-08T21:57:49.000Z</time></trkpt>
      <trkpt lat="35.306790" lon="127.566988"><ele>1461.6</ele><time>2023-09-08T21:57:57.000Z</time></trkpt>
      <trkpt lat="35.306804" lon="127.567041"><ele>1462.0</ele><time>2023-09-08T21:57:57.000Z</time></trkpt>
      <trkpt lat="35.306817" lon="127.567093"><ele>1462.4</ele><time>2023-09-08T21:58:06.000Z</time></trkpt>
      <trkpt lat="35.306829" lon="127.567146"><ele>1462.9</ele><time>2023-09-08T21:58:15.000Z</time></trkpt>
      <trkpt lat="35.306845" lon="127.567198"><ele>1463.4</ele><time>2023-09-08T21:58:15.000Z</time></trkpt>
      <trkpt lat="35.306864" lon="127.567248"><ele>1464.0</ele><time>2023-09-08T21:58:22.000Z</time></trkpt>
      <trkpt lat="35.306880" lon="127.567299"><ele>1464.5</ele><time>2023-09-08T21:58:22.000Z</time></trkpt>
      <trkpt lat="35.306893" lon="127.567352"><ele>1465.1</ele><time>2023-09-08T21:58:35.000Z</time></trkpt>
      <trkpt lat="35.306908" lon="127.567404"><ele>1465.8</ele><time>2023-09-08T21:58:35.000Z</time></trkpt>
      <trkpt lat="35.306929" lon="127.567453"><ele>1466.4</ele><time>2023-09-08T21:58:42.000Z</time></trkpt>
      <trkpt lat="35.306956" lon="127.567497"><ele>1467.0</ele><time>2023-09-08T21:58:42.000Z</time></trkpt>
      <trkpt lat="35.306982" lon="127.567542"><ele>1467.7</ele><time>2023-09-08T21:58:55.000Z</time></trkpt>
      <trkpt lat="35.307003" lon="127.567590"><ele>1468.3</ele><time>2023-09-08T21:59:08.000Z</time></trkpt>
      <trkpt lat="35.307017" lon="127.567643"><ele>1468.9</ele><time>2023-09-08T21:59:08.000Z</time></trkpt>
      <trkpt lat="35.307030" lon="127.567696"><ele>1469.5</ele><time>2023-09-08T21:59:20.000Z</time></trkpt>
      <trkpt lat="35.307047" lon="127.567746"><ele>1470.0</ele><time>2023-09-08T21:59:20.000Z</time></trkpt>
      <trkpt lat="35.307066" lon="127.567796"><ele>1470.4</ele><time>2023-09-08T21:59:31.000Z</time></trkpt>
      <trkpt lat="35.307081" lon="127.567849"><ele>1470.7</ele><time>2023-09-08T21:59:31.000Z</time></trkpt>
      <trkpt lat="35.307096" lon="127.567901"><ele>1470.9</ele><time>2023-09-08T21:59:40.000Z</time></trkpt>
      <trkpt lat="35.307121" lon="127.567946"><ele>1471.0</ele><time>2023-09-08T21:59:40.000Z</time></trkpt>
      <trkpt lat="35.307152" lon="127.567985"><ele>1470.9</ele><time>2023-09-08T21:59:49.000Z</time></trkpt>
      <trkpt lat="35.307186" lon="127.568021"><ele>1470.9</ele><time>2023-09-08T21:59:49.000Z</time></trkpt>
      <trkpt lat="35.307222" lon="127.568056"><ele>1470.7</ele><time>2023-09-08T21:59:56.000Z</time></trkpt>
      <trkpt lat="35.307258" lon="127.568089"><ele>1470.6</ele><time>2023-09-08T21:59:56.000Z</time></trkpt>
      <trkpt lat="35.307296" lon="127.568117"><ele>1470.4</ele><time>2023-09-08T22:00:04.000Z</time></trkpt>
      <trkpt lat="35.307338" lon="127.568139"><ele>1470.3</ele><time>2023-09-08T22:00:04.000Z</time></trkpt>
      <trkpt lat="35.307378" lon="127.568162"><ele>1470.2</ele><time>2023-09-08T22:00:17.000Z</time></trkpt>
      <trkpt lat="35.307412" lon="127.568198"><ele>1470.2</ele><time>2023-09-08T22:00:17.000Z</time></trkpt>
      <trkpt lat="35.307440" lon="127.568241"><ele>1470.1</ele><time>2023-09-08T22:00:17.000Z</time></trkpt>
      <trkpt lat="35.307468" lon="127.568284"><ele>1470.2</ele><time>2023-09-08T22:00:25.000Z</time></trkpt>
      <trkpt lat="35.307497" lon="127.568327"><ele>1470.3</ele><time>2023-09-08T22:00:25.000Z</time></trkpt>
      <trkpt lat="35.307527" lon="127.568368"><ele>1470.5</ele><time>2023-09-08T22:00:38.000Z</time></trkpt>
      <trkpt lat="35.307557" lon="127.568409"><ele>1470.7</ele><time>2023-09-08T22:00:46.000Z</time></trkpt>
      <trkpt lat="35.307585" lon="127.568452"><ele>1471.1</ele><time>2023-09-08T22:00:46.000Z</time></trkpt>
      <trkpt lat="35.307608" lon="127.568499"><ele>1471.4</ele><time>2023-09-08T22:00:46.000Z</time></trkpt>
      <trkpt lat="35.307628" lon="127.568548"><ele>1471.9</ele><time>2023-09-08T22:00:58.000Z</time></trkpt>
      <trkpt lat="35.307646" lon="127.568599"><ele>1472.3</ele><time>2023-09-08T22:00:58.000Z</time></trkpt>
      <trkpt lat="35.307663" lon="127.568650"><ele>1472.8</ele><time>2023-09-08T22:01:06.000Z</time></trkpt>
      <trkpt lat="35.307679" lon="127.568701"><ele>1473.4</ele><time>2023-09-08T22:01:06.000Z</time></trkpt>
      <trkpt lat="35.307703" lon="127.568748"><ele>1473.9</ele><time>2023-09-08T22:01:20.000Z</time></trkpt>
      <trkpt lat="35.307738" lon="127.568783"><ele>1474.5</ele><time>2023-09-08T22:01:20.000Z</time></trkpt>
      <trkpt lat="35.307778" lon="127.568808"><ele>1475.2</ele><time>2023-09-08T22:01:27.000Z</time></trkpt>
      <trkpt lat="35.307818" lon="127.568832"><ele>1476.0</ele><time>2023-09-08T22:01:27.000Z</time></trkpt>
      <trkpt lat="35.307857" lon="127.568859"><ele>1476.8</ele><time>2023-09-08T22:01:39.000Z</time></trkpt>
      <trkpt lat="35.307896" lon="127.568888"><ele>1477.6</ele><time>2023-09-08T22:01:52.000Z</time></trkpt>
      <trkpt lat="35.307936" lon="127.568912"><ele>1478.5</ele><time>2023-09-08T22:01:52.000Z</time></trkpt>
      <trkpt lat="35.307979" lon="127.568930"><ele>1479.4</ele><time>2023-09-08T22:02:05.000Z</time></trkpt>
      <trkpt lat="35.308022" lon="127.568946"><ele>1480.2</ele><time>2023-09-08T22:02:05.000Z</time></trkpt>
      <trkpt lat="35.308065" lon="127.568959"><ele>1481.0</ele><time>2023-09-08T22:02:21.000Z</time></trkpt>
      <trkpt lat="35.308109" lon="127.568970"><ele>1481.8</ele><time>2023-09-08T22:02:21.000Z</time></trkpt>
      <trkpt lat="35.308153" lon="127.568982"><ele>1482.5</ele><time>2023-09-08T22:02:29.000Z</time></trkpt>
      <trkpt lat="35.308197" lon="127.568997"><ele>1483.2</ele><time>2023-09-08T22:02:29.000Z</time></trkpt>
      <trkpt lat="35.308239" lon="127.569017"><ele>1483.8</ele><time>2023-09-08T22:02:42.000Z</time></trkpt>
      <trkpt lat="35.308280" lon="127.569039"><ele>1484.3</ele><time>2023-09-08T22:02:56.000Z</time></trkpt>
      <trkpt lat="35.308321" lon="127.569062"><ele>1484.7</ele><time>2023-09-08T22:02:56.000Z</time></trkpt>
      <trkpt lat="35.308362" lon="127.569085"><ele>1485.1</ele><time>2023-09-08T22:02:56.000Z</time></trkpt>
      <trkpt lat="35.308403" lon="127.569107"><ele>1485.5</ele><time>2023-09-08T22:03:09.000Z</time></trkpt>
      <trkpt lat="35.308445" lon="127.569127"><ele>1485.8</ele><time>2023-09-08T22:03:09.000Z</time></trkpt>
      <trkpt lat="35.308488" lon="127.569142"><ele>1486.1</ele><time>2023-09-08T22:03:26.000Z</time></trkpt>
      <trkpt lat="35.308532" lon="127.569155"><ele>1486.3</ele><time>2023-09-08T22:03:26.000Z</time></trkpt>
      <trkpt lat="35.308575" lon="127.569171"><ele>1486.4</ele><time>2023-09-08T22:03:43.000Z</time></trkpt>
      <trkpt lat="35.308615" lon="127.569195"><ele>1486.5</ele><time>2023-09-08T22:03:55.000Z</time></trkpt>
      <trkpt lat="35.308653" lon="127.569225"><ele>1486.4</ele><time>2023-09-08T22:03:55.000Z</time></trkpt>
      <trkpt lat="35.308688" lon="127.569259"><ele>1486.3</ele><time>2023-09-08T22:04:08.000Z</time></trkpt>
      <trkpt lat="35.308723" lon="127.569294"><ele>1486.1</ele><time>2023-09-08T22:04:08.000Z</time></trkpt>
      <trkpt lat="35.308758" lon="127.569329"><ele>1485.8</ele><time>2023-09-08T22:04:25.000Z</time></trkpt>
      <trkpt lat="35.308795" lon="127.569359"><ele>1485.4</ele><time>2023-09-08T22:04:25.000Z</time></trkpt>
      <trkpt lat="35.308834" lon="127.569387"><ele>1485.1</ele><time>2023-09-08T22:04:25.000Z</time></trkpt>
      <trkpt lat="35.308874" lon="127.569412"><ele>1484.7</ele><time>2023-09-08T22:04:32.000Z</time></trkpt>
      <trkpt lat="35.308914" lon="127.569438"><ele>1484.3</ele><time>2023-09-08T22:04:32.000Z</time></trkpt>
      <trkpt lat="35.308953" lon="127.569464"><ele>1483.9</ele><time>2023-09-08T22:04:45.000Z</time></trkpt>
      <trkpt lat="35.308993" lon="127.569489"><ele>1483.6</ele><time>2023-09-08T22:04:45.000Z</time></trkpt>
      <trkpt lat="35.309034" lon="127.569512"><ele>1483.3</ele><time>2023-09-08T22:04:51.000Z</time></trkpt>
      <trkpt lat="35.309076" lon="127.569532"><ele>1483.1</ele><time>2023-09-08T22:04:51.000Z</time></trkpt>
      <trkpt lat="35.309119" lon="127.569549"><ele>1483.1</ele><time>2023-09-08T22:05:06.000Z</time></trkpt>
      <trkpt lat="35.309163" lon="127.569560"><ele>1483.2</ele><time>2023-09-08T22:05:06.000Z</time></trkpt>
      <trkpt lat="35.309208" lon="127.569562"><ele>1483.4</ele><time>2023-09-08T22:05:12.000Z</time></trkpt>
      <trkpt lat="35.309252" lon="127.569555"><ele>1483.8</ele><time>2023-09-08T22:05:12.000Z</time></trkpt>
      <trkpt lat="35.309297" lon="127.569546"><ele>1484.4</ele><time>2023-09-08T22:05:26.000Z</time></trkpt>
      <trkpt lat="35.309342" lon="127.569550"><ele>1485.1</ele><time>2023-09-08T22:05:26.000Z</time></trkpt>
      <trkpt lat="35.309385" lon="127.569562"><ele>1486.0</ele><time>2023-09-08T22:05:39.000Z</time></trkpt>
      <trkpt lat="35.309429" lon="127.569577"><ele>1486.9</ele><time>2023-09-08T22:05:39.000Z</time></trkpt>
      <trkpt lat="35.309470" lon="127.569600"><ele>1487.8</ele><time>2023-09-08T22:05:51.000Z</time></trkpt>
      <trkpt lat="35.309506" lon="127.569632"><ele>1488.7</ele><time>2023-09-08T22:05:51.000Z</time></trkpt>
      <trkpt lat="35.309541" lon="127.569667"><ele>1489.5</ele><time>2023-09-08T22:06:07.000Z</time></trkpt>
      <trkpt lat="35.309577" lon="127.569700"><ele>1490.3</ele><time>2023-09-08T22:06:07.000Z</time></trkpt>
      <trkpt lat="35.309610" lon="127.569730"><ele>1490.9</ele><time>2023-09-08T22:06:32.000Z</time></trkpt>
      <trkpt lat="35.309613" lon="127.569733"><ele>1490.9</ele><time>2023-09-08T22:06:32.000Z</time></trkpt>
      <trkpt lat="35.309648" lon="127.569767"><ele>1491.5</ele><time>2023-09-08T22:06:32.000Z</time></trkpt>
      <trkpt lat="35.309683" lon="127.569802"><ele>1492.1</ele><time>2023-09-08T22:06:49.000Z</time></trkpt>
      <trkpt lat="35.309719" lon="127.569836"><ele>1492.6</ele><time>2023-09-08T22:06:49.000Z</time></trkpt>
      <trkpt lat="35.309753" lon="127.569871"><ele>1493.2</ele><time>2023-09-08T22:06:49.000Z</time></trkpt>
      <trkpt lat="35.309787" lon="127.569908"><ele>1493.8</ele><time>2023-09-08T22:07:00.000Z</time></trkpt>
      <trkpt lat="35.309820" lon="127.569945"><ele>1494.6</ele><time>2023-09-08T22:07:09.000Z</time></trkpt>
      <trkpt lat="35.309852" lon="127.569983"><ele>1495.5</ele><time>2023-09-08T22:07:09.000Z</time></trkpt>
      <trkpt lat="35.309880" lon="127.570026"><ele>1496.6</ele><time>2023-09-08T22:07:22.000Z</time></trkpt>
      <trkpt lat="35.309905" lon="127.570072"><ele>1497.9</ele><time>2023-09-08T22:07:22.000Z</time></trkpt>
      <trkpt lat="35.309932" lon="127.570116"><ele>1499.4</ele><time>2023-09-08T22:07:34.000Z</time></trkpt>
      <trkpt lat="35.309959" lon="127.570160"><ele>1501.1</ele><time>2023-09-08T22:07:58.000Z</time></trkpt>
      <trkpt lat="35.309978" lon="127.570210"><ele>1502.8</ele><time>2023-09-08T22:07:58.000Z</time></trkpt>
      <trkpt lat="35.309988" lon="127.570264"><ele>1504.4</ele><time>2023-09-08T22:08:23.000Z</time></trkpt>
      <trkpt lat="35.309992" lon="127.570319"><ele>1505.8</ele><time>2023-09-08T22:08:39.000Z</time></trkpt>
      <trkpt lat="35.309991" lon="127.570368"><ele>1506.7</ele><time>2023-09-08T22:08:58.000Z</time></trkpt>
      <trkpt lat="35.309990" lon="127.570374"><ele>1506.8</ele><time>2023-09-08T22:08:58.000Z</time></trkpt>
      <trkpt lat="35.309984" lon="127.570428"><ele>1507.4</ele><time>2023-09-08T22:13:03.000Z</time></trkpt>
      <trkpt lat="35.309972" lon="127.570481"><ele>1507.6</ele><time>2023-09-08T22:13:03.000Z</time></trkpt>
      <trkpt lat="35.309960" lon="127.570534"><ele>1507.4</ele><time>2023-09-08T22:13:22.000Z</time></trkpt>
      <trkpt lat="35.309950" lon="127.570588"><ele>1506.9</ele><time>2023-09-08T22:13:22.000Z</time></trkpt>
      <trkpt lat="35.309945" lon="127.570643"><ele>1506.4</ele><time>2023-09-08T22:13:22.000Z</time></trkpt>
      <trkpt lat="35.309943" lon="127.570698"><ele>1505.9</ele><time>2023-09-08T22:13:39.000Z</time></trkpt>
      <trkpt lat="35.309943" lon="127.570753"><ele>1505.5</ele><time>2023-09-08T22:13:39.000Z</time></trkpt>
      <trkpt lat="35.309943" lon="127.570808"><ele>1505.1</ele><time>2023-09-08T22:13:46.000Z</time></trkpt>
      <trkpt lat="35.309941" lon="127.570863"><ele>1504.8</ele><time>2023-09-08T22:13:46.000Z</time></trkpt>
      <trkpt lat="35.309937" lon="127.570918"><ele>1504.5</ele><time>2023-09-08T22:14:04.000Z</time></trkpt>
      <trkpt lat="35.309933" lon="127.570973"><ele>1504.4</ele><time>2023-09-08T22:14:04.000Z</time></trkpt>
      <trkpt lat="35.309931" lon="127.571028"><ele>1504.2</ele><time>2023-09-08T22:14:04.000Z</time></trkpt>
      <trkpt lat="35.309932" lon="127.571083"><ele>1504.1</ele><time>2023-09-08T22:14:21.000Z</time></trkpt>
      <trkpt lat="35.309934" lon="127.571138"><ele>1503.9</ele><time>2023-09-08T22:14:21.000Z</time></trkpt>
      <trkpt lat="35.309931" lon="127.571193"><ele>1503.6</ele><time>2023-09-08T22:14:36.000Z</time></trkpt>
      <trkpt lat="35.309920" lon="127.571246"><ele>1503.2</ele><time>2023-09-08T22:14:36.000Z</time></trkpt>
      <trkpt lat="35.309904" lon="127.571298"><ele>1502.8</ele><time>2023-09-08T22:14:49.000Z</time></trkpt>
      <trkpt lat="35.309886" lon="127.571348"><ele>1502.2</ele><time>2023-09-08T22:14:49.000Z</time></trkpt>
      <trkpt lat="35.309871" lon="127.571400"><ele>1501.7</ele><time>2023-09-08T22:15:08.000Z</time></trkpt>
      <trkpt lat="35.309864" lon="127.571454"><ele>1501.1</ele><time>2023-09-08T22:15:08.000Z</time></trkpt>
      <trkpt lat="35.309870" lon="127.571509"><ele>1500.6</ele><time>2023-09-08T22:15:30.000Z</time></trkpt>
      <trkpt lat="35.309882" lon="127.571562"><ele>1500.1</ele><time>2023-09-08T22:15:49.000Z</time></trkpt>
      <trkpt lat="35.309891" lon="127.571616"><ele>1499.7</ele><time>2023-09-08T22:15:49.000Z</time></trkpt>
      <trkpt lat="35.309896" lon="127.571671"><ele>1499.4</ele><time>2023-09-08T22:16:07.000Z</time></trkpt>
      <trkpt lat="35.309901" lon="127.571725"><ele>1499.2</ele><time>2023-09-08T22:16:07.000Z</time></trkpt>
      <trkpt lat="35.309911" lon="127.571779"><ele>1499.2</ele><time>2023-09-08T22:16:24.000Z</time></trkpt>
      <trkpt lat="35.309925" lon="127.571831"><ele>1499.1</ele><time>2023-09-08T22:16:24.000Z</time></trkpt>
      <trkpt lat="35.309944" lon="127.571881"><ele>1499.2</ele><time>2023-09-08T22:16:37.000Z</time></trkpt>
      <trkpt lat="35.309964" lon="127.571930"><ele>1499.3</ele><time>2023-09-08T22:16:37.000Z</time></trkpt>
      <trkpt lat="35.309977" lon="127.571983"><ele>1499.5</ele><time>2023-09-08T22:16:49.000Z</time></trkpt>
      <trkpt lat="35.309982" lon="127.572038"><ele>1499.6</ele><time>2023-09-08T22:16:49.000Z</time></trkpt>
      <trkpt lat="35.309984" lon="127.572093"><ele>1499.7</ele><time>2023-09-08T22:17:04.000Z</time></trkpt>
      <trkpt lat="35.309986" lon="127.572148"><ele>1499.6</ele><time>2023-09-08T22:17:21.000Z</time></trkpt>
      <trkpt lat="35.309982" lon="127.572203"><ele>1499.5</ele><time>2023-09-08T22:17:21.000Z</time></trkpt>
      <trkpt lat="35.309971" lon="127.572256"><ele>1499.2</ele><time>2023-09-08T22:17:38.000Z</time></trkpt>
      <trkpt lat="35.309949" lon="127.572303"><ele>1498.9</ele><time>2023-09-08T22:17:38.000Z</time></trkpt>
      <trkpt lat="35.309916" lon="127.572341"><ele>1498.6</ele><time>2023-09-08T22:17:54.000Z</time></trkpt>
      <trkpt lat="35.309879" lon="127.572373"><ele>1498.2</ele><time>2023-09-08T22:17:54.000Z</time></trkpt>
      <trkpt lat="35.309844" lon="127.572406"><ele>1497.8</ele><time>2023-09-08T22:18:10.000Z</time></trkpt>
      <trkpt lat="35.309814" lon="127.572447"><ele>1497.4</ele><time>2023-09-08T22:18:10.000Z</time></trkpt>
      <trkpt lat="35.309792" lon="127.572495"><ele>1497.2</ele><time>2023-09-08T22:18:20.000Z</time></trkpt>
      <trkpt lat="35.309773" lon="127.572545"><ele>1497.1</ele><time>2023-09-08T22:18:20.000Z</time></trkpt>
      <trkpt lat="35.309755" lon="127.572595"><ele>1497.1</ele><time>2023-09-08T22:18:32.000Z</time></trkpt>
      <trkpt lat="35.309739" lon="127.572647"><ele>1497.2</ele><time>2023-09-08T22:18:32.000Z</time></trkpt>
      <trkpt lat="35.309728" lon="127.572700"><ele>1497.4</ele><time>2023-09-08T22:18:43.000Z</time></trkpt>
      <trkpt lat="35.309720" lon="127.572754"><ele>1497.6</ele><time>2023-09-08T22:18:43.000Z</time></trkpt>
      <trkpt lat="35.309713" lon="127.572809"><ele>1497.8</ele><time>2023-09-08T22:18:53.000Z</time></trkpt>
      <trkpt lat="35.309709" lon="127.572864"><ele>1498.0</ele><time>2023-09-08T22:18:53.000Z</time></trkpt>
      <trkpt lat="35.309712" lon="127.572918"><ele>1498.1</ele><time>2023-09-08T22:19:04.000Z</time></trkpt>
      <trkpt lat="35.309735" lon="127.572963"><ele>1498.1</ele><time>2023-09-08T22:19:04.000Z</time></trkpt>
      <trkpt lat="35.309774" lon="127.572987"><ele>1498.2</ele><time>2023-09-08T22:19:16.000Z</time></trkpt>
      <trkpt lat="35.309819" lon="127.572987"><ele>1498.1</ele><time>2023-09-08T22:19:16.000Z</time></trkpt>
      <trkpt lat="35.309863" lon="127.572975"><ele>1498.0</ele><time>2023-09-08T22:19:30.000Z</time></trkpt>
      <trkpt lat="35.309907" lon="127.572968"><ele>1497.8</ele><time>2023-09-08T22:19:30.000Z</time></trkpt>
      <trkpt lat="35.309951" lon="127.572976"><ele>1497.7</ele><time>2023-09-08T22:19:37.000Z</time></trkpt>
      <trkpt lat="35.309989" lon="127.573003"><ele>1497.6</ele><time>2023-09-08T22:19:37.000Z</time></trkpt>
      <trkpt lat="35.310018" lon="127.573045"><ele>1497.4</ele><time>2023-09-08T22:19:50.000Z</time></trkpt>
      <trkpt lat="35.310034" lon="127.573096"><ele>1497.4</ele><time>2023-09-08T22:20:03.000Z</time></trkpt>
      <trkpt lat="35.310045" lon="127.573149"><ele>1497.3</ele><time>2023-09-08T22:20:03.000Z</time></trkpt>
      <trkpt lat="35.310058" lon="127.573202"><ele>1497.3</ele><time>2023-09-08T22:20:14.000Z</time></trkpt>
      <trkpt lat="35.310070" lon="127.573255"><ele>1497.2</ele><time>2023-09-08T22:20:14.000Z</time></trkpt>
      <trkpt lat="35.310078" lon="127.573309"><ele>1497.2</ele><time>2023-09-08T22:20:26.000Z</time></trkpt>
      <trkpt lat="35.310084" lon="127.573364"><ele>1497.1</ele><time>2023-09-08T22:20:26.000Z</time></trkpt>
      <trkpt lat="35.310091" lon="127.573418"><ele>1497.2</ele><time>2023-09-08T22:20:36.000Z</time></trkpt>
      <trkpt lat="35.310098" lon="127.573473"><ele>1497.2</ele><time>2023-09-08T22:20:36.000Z</time></trkpt>
      <trkpt lat="35.310106" lon="127.573527"><ele>1497.3</ele><time>2023-09-08T22:20:44.000Z</time></trkpt>
      <trkpt lat="35.310116" lon="127.573580"><ele>1497.4</ele><time>2023-09-08T22:20:56.000Z</time></trkpt>
      <trkpt lat="35.310130" lon="127.573633"><ele>1497.6</ele><time>2023-09-08T22:20:56.000Z</time></trkpt>
      <trkpt lat="35.310148" lon="127.573683"><ele>1497.8</ele><time>2023-09-08T22:20:56.000Z</time></trkpt>
      <trkpt lat="35.310164" lon="127.573734"><ele>1498.0</ele><time>2023-09-08T22:21:13.000Z</time></trkpt>
      <trkpt lat="35.310171" lon="127.573788"><ele>1498.3</ele><time>2023-09-08T22:21:13.000Z</time></trkpt>
      <trkpt lat="35.310173" lon="127.573843"><ele>1498.7</ele><time>2023-09-08T22:21:19.000Z</time></trkpt>
      <trkpt lat="35.310180" lon="127.573898"><ele>1499.0</ele><time>2023-09-08T22:21:19.000Z</time></trkpt>
      <trkpt lat="35.310188" lon="127.573952"><ele>1499.2</ele><time>2023-09-08T22:21:34.000Z</time></trkpt>
      <trkpt lat="35.310190" lon="127.574007"><ele>1499.3</ele><time>2023-09-08T22:21:48.000Z</time></trkpt>
      <trkpt lat="35.310187" lon="127.574062"><ele>1499.2</ele><time>2023-09-08T22:21:48.000Z</time></trkpt>
      <trkpt lat="35.310182" lon="127.574116"><ele>1499.1</ele><time>2023-09-08T22:22:01.000Z</time></trkpt>
      <trkpt lat="35.310176" lon="127.574171"><ele>1498.8</ele><time>2023-09-08T22:22:01.000Z</time></trkpt>
      <trkpt lat="35.310168" lon="127.574225"><ele>1498.3</ele><time>2023-09-08T22:22:14.000Z</time></trkpt>
      <trkpt lat="35.310158" lon="127.574279"><ele>1497.8</ele><time>2023-09-08T22:22:14.000Z</time></trkpt>
      <trkpt lat="35.310148" lon="127.574332"><ele>1497.1</ele><time>2023-09-08T22:22:27.000Z</time></trkpt>
      <trkpt lat="35.310148" lon="127.574387"><ele>1496.5</ele><time>2023-09-08T22:22:27.000Z</time></trkpt>
      <trkpt lat="35.310159" lon="127.574440"><ele>1495.9</ele><time>2023-09-08T22:22:40.000Z</time></trkpt>
      <trkpt lat="35.310173" lon="127.574492"><ele>1495.5</ele><time>2023-09-08T22:22:40.000Z</time></trkpt>
      <trkpt lat="35.310183" lon="127.574546"><ele>1495.1</ele><time>2023-09-08T22:22:40.000Z</time></trkpt>
      <trkpt lat="35.310189" lon="127.574600"><ele>1494.9</ele><time>2023-09-08T22:23:03.000Z</time></trkpt>
      <trkpt lat="35.310189" lon="127.574655"><ele>1494.9</ele><time>2023-09-08T22:23:03.000Z</time></trkpt>
      <trkpt lat="35.310193" lon="127.574709"><ele>1494.9</ele><time>2023-09-08T22:23:20.000Z</time></trkpt>
      <trkpt lat="35.310211" lon="127.574759"><ele>1495.1</ele><time>2023-09-08T22:23:37.000Z</time></trkpt>
      <trkpt lat="35.310232" lon="127.574808"><ele>1495.5</ele><time>2023-09-08T22:23:50.000Z</time></trkpt>
      <trkpt lat="35.310245" lon="127.574860"><ele>1496.0</ele><time>2023-09-08T22:24:02.000Z</time></trkpt>
      <trkpt lat="35.310255" lon="127.574914"><ele>1496.5</ele><time>2023-09-08T22:24:02.000Z</time></trkpt>
      <trkpt lat="35.310266" lon="127.574967"><ele>1497.0</ele><time>2023-09-08T22:24:18.000Z</time></trkpt>
      <trkpt lat="35.310282" lon="127.575019"><ele>1497.4</ele><time>2023-09-08T22:24:18.000Z</time></trkpt>
      <trkpt lat="35.310293" lon="127.575072"><ele>1497.8</ele><time>2023-09-08T22:24:26.000Z</time></trkpt>
      <trkpt lat="35.310293" lon="127.575127"><ele>1498.2</ele><time>2023-09-08T22:24:26.000Z</time></trkpt>
      <trkpt lat="35.310291" lon="127.575151"><ele>1498.3</ele><time>2023-09-08T22:24:26.000Z</time></trkpt>
      <trkpt lat="35.310285" lon="127.575181"><ele>1498.5</ele><time>2023-09-08T22:24:42.000Z</time></trkpt>
      <trkpt lat="35.310272" lon="127.575233"><ele>1498.7</ele><time>2023-09-08T22:24:42.000Z</time></trkpt>
      <trkpt lat="35.310255" lon="127.575284"><ele>1498.9</ele><time>2023-09-08T22:24:51.000Z</time></trkpt>
      <trkpt lat="35.310232" lon="127.575331"><ele>1499.0</ele><time>2023-09-08T22:24:51.000Z</time></trkpt>
      <trkpt lat="35.310207" lon="127.575377"><ele>1499.0</ele><time>2023-09-08T22:24:51.000Z</time></trkpt>
      <trkpt lat="35.310182" lon="127.575423"><ele>1498.8</ele><time>2023-09-08T22:25:04.000Z</time></trkpt>
      <trkpt lat="35.310163" lon="127.575473"><ele>1498.5</ele><time>2023-09-08T22:25:04.000Z</time></trkpt>
      <trkpt lat="35.310153" lon="127.575526"><ele>1498.1</ele><time>2023-09-08T22:25:15.000Z</time></trkpt>
      <trkpt lat="35.310142" lon="127.575580"><ele>1497.7</ele><time>2023-09-08T22:25:27.000Z</time></trkpt>
      <trkpt lat="35.310123" lon="127.575629"><ele>1497.1</ele><time>2023-09-08T22:25:27.000Z</time></trkpt>
      <trkpt lat="35.310096" lon="127.575673"><ele>1496.6</ele><time>2023-09-08T22:25:44.000Z</time></trkpt>
      <trkpt lat="35.310065" lon="127.575712"><ele>1496.0</ele><time>2023-09-08T22:25:44.000Z</time></trkpt>
      <trkpt lat="35.310030" lon="127.575747"><ele>1495.6</ele><time>2023-09-08T22:25:44.000Z</time></trkpt>
      <trkpt lat="35.309994" lon="127.575781"><ele>1495.3</ele><time>2023-09-08T22:25:56.000Z</time></trkpt>
      <trkpt lat="35.309959" lon="127.575815"><ele>1495.3</ele><time>2023-09-08T22:26:05.000Z</time></trkpt>
      <trkpt lat="35.309927" lon="127.575853"><ele>1495.4</ele><time>2023-09-08T22:26:05.000Z</time></trkpt>
      <trkpt lat="35.309897" lon="127.575894"><ele>1495.8</ele><time>2023-09-08T22:26:22.000Z</time></trkpt>
      <trkpt lat="35.309867" lon="127.575936"><ele>1496.5</ele><time>2023-09-08T22:26:22.000Z</time></trkpt>
      <trkpt lat="35.309836" lon="127.575975"><ele>1497.3</ele><time>2023-09-08T22:26:33.000Z</time></trkpt>
      <trkpt lat="35.309802" lon="127.576011"><ele>1498.4</ele><time>2023-09-08T22:26:33.000Z</time></trkpt>
      <trkpt lat="35.309767" lon="127.576046"><ele>1499.6</ele><time>2023-09-08T22:26:46.000Z</time></trkpt>
      <trkpt lat="35.309735" lon="127.576084"><ele>1500.8</ele><time>2023-09-08T22:26:46.000Z</time></trkpt>
      <trkpt lat="35.309707" lon="127.576127"><ele>1502.0</ele><time>2023-09-08T22:28:52.000Z</time></trkpt>
      <trkpt lat="35.309680" lon="127.576171"><ele>1503.2</ele><time>2023-09-08T22:28:52.000Z</time></trkpt>
      <trkpt lat="35.309654" lon="127.576216"><ele>1504.4</ele><time>2023-09-08T22:29:13.000Z</time></trkpt>
      <trkpt lat="35.309626" lon="127.576260"><ele>1505.5</ele><time>2023-09-08T22:29:13.000Z</time></trkpt>
      <trkpt lat="35.309593" lon="127.576297"><ele>1506.7</ele><time>2023-09-08T22:29:31.000Z</time></trkpt>
      <trkpt lat="35.309556" lon="127.576327"><ele>1507.8</ele><time>2023-09-08T22:29:31.000Z</time></trkpt>
      <trkpt lat="35.309519" lon="127.576359"><ele>1509.0</ele><time>2023-09-08T22:29:31.000Z</time></trkpt>
      <trkpt lat="35.309486" lon="127.576395"><ele>1510.1</ele><time>2023-09-08T22:29:43.000Z</time></trkpt>
      <trkpt lat="35.309454" lon="127.576435"><ele>1511.1</ele><time>2023-09-08T22:29:43.000Z</time></trkpt>
      <trkpt lat="35.309425" lon="127.576476"><ele>1512.0</ele><time>2023-09-08T22:29:55.000Z</time></trkpt>
      <trkpt lat="35.309400" lon="127.576523"><ele>1512.7</ele><time>2023-09-08T22:29:55.000Z</time></trkpt>
      <trkpt lat="35.309381" lon="127.576572"><ele>1513.5</ele><time>2023-09-08T22:30:16.000Z</time></trkpt>
      <trkpt lat="35.309363" lon="127.576623"><ele>1514.2</ele><time>2023-09-08T22:30:16.000Z</time></trkpt>
      <trkpt lat="35.309342" lon="127.576671"><ele>1515.0</ele><time>2023-09-08T22:30:33.000Z</time></trkpt>
      <trkpt lat="35.309317" lon="127.576717"><ele>1515.8</ele><time>2023-09-08T22:30:37.000Z</time></trkpt>
      <trkpt lat="35.309292" lon="127.576763"><ele>1516.7</ele><time>2023-09-08T22:30:37.000Z</time></trkpt>
      <trkpt lat="35.309265" lon="127.576807"><ele>1517.6</ele><time>2023-09-08T22:30:50.000Z</time></trkpt>
      <trkpt lat="35.309243" lon="127.576855"><ele>1518.7</ele><time>2023-09-08T22:30:50.000Z</time></trkpt>
      <trkpt lat="35.309230" lon="127.576907"><ele>1519.8</ele><time>2023-09-08T22:31:04.000Z</time></trkpt>
      <trkpt lat="35.309218" lon="127.576960"><ele>1521.0</ele><time>2023-09-08T22:31:04.000Z</time></trkpt>
      <trkpt lat="35.309202" lon="127.577012"><ele>1522.5</ele><time>2023-09-08T22:31:22.000Z</time></trkpt>
      <trkpt lat="35.309183" lon="127.577062"><ele>1523.9</ele><time>2023-09-08T22:31:52.000Z</time></trkpt>
      <trkpt lat="35.309159" lon="127.577107"><ele>1525.1</ele><time>2023-09-08T22:46:30.000Z</time></trkpt>
      <trkpt lat="35.309130" lon="127.577150"><ele>1526.0</ele><time>2023-09-08T22:47:17.000Z</time></trkpt>
      <trkpt lat="35.309102" lon="127.577193"><ele>1526.6</ele><time>2023-09-08T22:47:17.000Z</time></trkpt>
      <trkpt lat="35.309077" lon="127.577239"><ele>1527.0</ele><time>2023-09-08T22:47:24.000Z</time></trkpt>
      <trkpt lat="35.309051" lon="127.577284"><ele>1527.1</ele><time>2023-09-08T22:47:24.000Z</time></trkpt>
      <trkpt lat="35.309020" lon="127.577323"><ele>1527.2</ele><time>2023-09-08T22:47:24.000Z</time></trkpt>
      <trkpt lat="35.308984" lon="127.577356"><ele>1527.3</ele><time>2023-09-08T22:47:38.000Z</time></trkpt>
      <trkpt lat="35.308944" lon="127.577380"><ele>1527.4</ele><time>2023-09-08T22:47:38.000Z</time></trkpt>
      <trkpt lat="35.308902" lon="127.577401"><ele>1527.4</ele><time>2023-09-08T22:47:44.000Z</time></trkpt>
      <trkpt lat="35.308863" lon="127.577427"><ele>1527.2</ele><time>2023-09-08T22:47:44.000Z</time></trkpt>
      <trkpt lat="35.308829" lon="127.577462"><ele>1526.9</ele><time>2023-09-08T22:47:58.000Z</time></trkpt>
      <trkpt lat="35.308818" lon="127.577475"><ele>1526.8</ele><time>2023-09-08T22:47:58.000Z</time></trkpt>
      <trkpt lat="35.308807" lon="127.577509"><ele>1526.4</ele><time>2023-09-08T22:48:14.000Z</time></trkpt>
      <trkpt lat="35.308812" lon="127.577561"><ele>1525.7</ele><time>2023-09-08T22:48:26.000Z</time></trkpt>
      <trkpt lat="35.308838" lon="127.577604"><ele>1524.7</ele><time>2023-09-08T22:48:26.000Z</time></trkpt>
      <trkpt lat="35.308872" lon="127.577640"><ele>1523.6</ele><time>2023-09-08T22:48:39.000Z</time></trkpt>
      <trkpt lat="35.308906" lon="127.577677"><ele>1522.4</ele><time>2023-09-08T22:48:39.000Z</time></trkpt>
      <trkpt lat="35.308937" lon="127.577716"><ele>1520.9</ele><time>2023-09-08T22:48:55.000Z</time></trkpt>
      <trkpt lat="35.308966" lon="127.577758"><ele>1519.4</ele><time>2023-09-08T22:48:55.000Z</time></trkpt>
      <trkpt lat="35.308993" lon="127.577803"><ele>1517.7</ele><time>2023-09-08T22:49:12.000Z</time></trkpt>
      <trkpt lat="35.309016" lon="127.577850"><ele>1515.8</ele><time>2023-09-08T22:49:12.000Z</time></trkpt>
      <trkpt lat="35.309035" lon="127.577900"><ele>1513.8</ele><time>2023-09-08T22:49:41.000Z</time></trkpt>
      <trkpt lat="35.309051" lon="127.577951"><ele>1511.6</ele><time>2023-09-08T22:49:41.000Z</time></trkpt>
      <trkpt lat="35.309063" lon="127.578004"><ele>1509.4</ele><time>2023-09-08T22:49:57.000Z</time></trkpt>
      <trkpt lat="35.309075" lon="127.578057"><ele>1507.1</ele><time>2023-09-08T22:50:17.000Z</time></trkpt>
      <trkpt lat="35.309089" lon="127.578110"><ele>1504.9</ele><time>2023-09-08T22:50:17.000Z</time></trkpt>
      <trkpt lat="35.309108" lon="127.578160"><ele>1502.8</ele><time>2023-09-08T22:50:43.000Z</time></trkpt>
      <trkpt lat="35.309136" lon="127.578203"><ele>1501.0</ele><time>2023-09-08T22:51:03.000Z</time></trkpt>
      <trkpt lat="35.309171" lon="127.578237"><ele>1499.5</ele><time>2023-09-08T22:51:03.000Z</time></trkpt>
      <trkpt lat="35.309208" lon="127.578267"><ele>1498.2</ele><time>2023-09-08T22:51:19.000Z</time></trkpt>
      <trkpt lat="35.309247" lon="127.578296"><ele>1497.1</ele><time>2023-09-08T22:51:19.000Z</time></trkpt>
      <trkpt lat="35.309284" lon="127.578326"><ele>1496.2</ele><time>2023-09-08T22:51:30.000Z</time></trkpt>
      <trkpt lat="35.309322" lon="127.578356"><ele>1495.4</ele><time>2023-09-08T22:51:30.000Z</time></trkpt>
      <trkpt lat="35.309358" lon="127.578389"><ele>1494.7</ele><time>2023-09-08T22:51:45.000Z</time></trkpt>
      <trkpt lat="35.309390" lon="127.578428"><ele>1494.0</ele><time>2023-09-08T22:51:45.000Z</time></trkpt>
      <trkpt lat="35.309414" lon="127.578474"><ele>1493.3</ele><time>2023-09-08T22:52:00.000Z</time></trkpt>
      <trkpt lat="35.309432" lon="127.578524"><ele>1492.6</ele><time>2023-09-08T22:52:00.000Z</time></trkpt>
      <trkpt lat="35.309442" lon="127.578578"><ele>1492.0</ele><time>2023-09-08T22:52:13.000Z</time></trkpt>
      <trkpt lat="35.309448" lon="127.578633"><ele>1491.5</ele><time>2023-09-08T22:52:13.000Z</time></trkpt>
      <trkpt lat="35.309450" lon="127.578688"><ele>1491.0</ele><time>2023-09-08T22:52:30.000Z</time></trkpt>
      <trkpt lat="35.309450" lon="127.578743"><ele>1490.7</ele><time>2023-09-08T22:52:30.000Z</time></trkpt>
      <trkpt lat="35.309456" lon="127.578797"><ele>1490.3</ele><time>2023-09-08T22:52:41.000Z</time></trkpt>
      <trkpt lat="35.309470" lon="127.578849"><ele>1489.9</ele><time>2023-09-08T22:52:41.000Z</time></trkpt>
      <trkpt lat="35.309493" lon="127.578897"><ele>1489.5</ele><time>2023-09-08T22:52:54.000Z</time></trkpt>
      <trkpt lat="35.309520" lon="127.578940"><ele>1489.0</ele><time>2023-09-08T22:52:54.000Z</time></trkpt>
      <trkpt lat="35.309552" lon="127.578979"><ele>1488.6</ele><time>2023-09-08T22:52:54.000Z</time></trkpt>
      <trkpt lat="35.309588" lon="127.579013"><ele>1488.1</ele><time>2023-09-08T22:53:11.000Z</time></trkpt>
      <trkpt lat="35.309625" lon="127.579044"><ele>1487.6</ele><time>2023-09-08T22:53:47.000Z</time></trkpt>
      <trkpt lat="35.309662" lon="127.579075"><ele>1487.0</ele><time>2023-09-08T22:53:47.000Z</time></trkpt>
      <trkpt lat="35.309695" lon="127.579112"><ele>1486.3</ele><time>2023-09-08T22:53:55.000Z</time></trkpt>
      <trkpt lat="35.309726" lon="127.579152"><ele>1485.6</ele><time>2023-09-08T22:53:55.000Z</time></trkpt>
      <trkpt lat="35.309759" lon="127.579190"><ele>1484.9</ele><time>2023-09-08T22:53:55.000Z</time></trkpt>
      <trkpt lat="35.309795" lon="127.579223"><ele>1484.2</ele><time>2023-09-08T22:54:09.000Z</time></trkpt>
      <trkpt lat="35.309832" lon="127.579254"><ele>1483.5</ele><time>2023-09-08T22:54:09.000Z</time></trkpt>
      <trkpt lat="35.309866" lon="127.579290"><ele>1482.7</ele><time>2023-09-08T22:54:20.000Z</time></trkpt>
      <trkpt lat="35.309896" lon="127.579330"><ele>1481.9</ele><time>2023-09-08T22:54:20.000Z</time></trkpt>
      <trkpt lat="35.309920" lon="127.579377"><ele>1481.1</ele><time>2023-09-08T22:54:29.000Z</time></trkpt>
      <trkpt lat="35.309937" lon="127.579428"><ele>1480.2</ele><time>2023-09-08T22:54:29.000Z</time></trkpt>
      <trkpt lat="35.309943" lon="127.579482"><ele>1479.3</ele><time>2023-09-08T22:54:36.000Z</time></trkpt>
      <trkpt lat="35.309944" lon="127.579537"><ele>1478.3</ele><time>2023-09-08T22:54:36.000Z</time></trkpt>
      <trkpt lat="35.309941" lon="127.579592"><ele>1477.3</ele><time>2023-09-08T22:54:50.000Z</time></trkpt>
      <trkpt lat="35.309937" lon="127.579647"><ele>1476.2</ele><time>2023-09-08T22:54:50.000Z</time></trkpt>
      <trkpt lat="35.309937" lon="127.579656"><ele>1476.0</ele><time>2023-09-08T22:54:50.000Z</time></trkpt>
      <trkpt lat="35.309937" lon="127.579702"><ele>1475.0</ele><time>2023-09-08T22:54:57.000Z</time></trkpt>
      <trkpt lat="35.309938" lon="127.579757"><ele>1473.7</ele><time>2023-09-08T22:55:11.000Z</time></trkpt>
      <trkpt lat="35.309939" lon="127.579812"><ele>1472.3</ele><time>2023-09-08T22:55:11.000Z</time></trkpt>
      <trkpt lat="35.309939" lon="127.579868"><ele>1470.8</ele><time>2023-09-08T22:55:22.000Z</time></trkpt>
      <trkpt lat="35.309937" lon="127.579923"><ele>1469.2</ele><time>2023-09-08T22:55:22.000Z</time></trkpt>
      <trkpt lat="35.309935" lon="127.579978"><ele>1467.7</ele><time>2023-09-08T22:55:36.000Z</time></trkpt>
      <trkpt lat="35.309932" lon="127.580033"><ele>1466.1</ele><time>2023-09-08T22:55:36.000Z</time></trkpt>
      <trkpt lat="35.309928" lon="127.580087"><ele>1464.5</ele><time>2023-09-08T22:55:52.000Z</time></trkpt>
      <trkpt lat="35.309924" lon="127.580142"><ele>1462.8</ele><time>2023-09-08T22:55:52.000Z</time></trkpt>
      <trkpt lat="35.309924" lon="127.580198"><ele>1461.1</ele><time>2023-09-08T22:56:05.000Z</time></trkpt>
      <trkpt lat="35.309923" lon="127.580253"><ele>1459.2</ele><time>2023-09-08T22:56:05.000Z</time></trkpt>
      <trkpt lat="35.309922" lon="127.580308"><ele>1457.3</ele><time>2023-09-08T22:56:16.000Z</time></trkpt>
      <trkpt lat="35.309924" lon="127.580363"><ele>1455.2</ele><time>2023-09-08T22:56:16.000Z</time></trkpt>
      <trkpt lat="35.309927" lon="127.580418"><ele>1453.1</ele><time>2023-09-08T22:56:33.000Z</time></trkpt>
      <trkpt lat="35.309919" lon="127.580472"><ele>1451.0</ele><time>2023-09-08T22:56:33.000Z</time></trkpt>
      <trkpt lat="35.309898" lon="127.580520"><ele>1448.8</ele><time>2023-09-08T22:56:46.000Z</time></trkpt>
      <trkpt lat="35.309867" lon="127.580560"><ele>1446.5</ele><time>2023-09-08T22:56:46.000Z</time></trkpt>
      <trkpt lat="35.309835" lon="127.580598"><ele>1444.2</ele><time>2023-09-08T22:57:01.000Z</time></trkpt>
      <trkpt lat="35.309807" lon="127.580642"><ele>1441.8</ele><time>2023-09-08T22:57:01.000Z</time></trkpt>
      <trkpt lat="35.309780" lon="127.580686"><ele>1439.4</ele><time>2023-09-08T22:57:15.000Z</time></trkpt>
      <trkpt lat="35.309751" lon="127.580728"><ele>1436.9</ele><time>2023-09-08T22:57:39.000Z</time></trkpt>
      <trkpt lat="35.309726" lon="127.580773"><ele>1434.4</ele><time>2023-09-08T22:57:39.000Z</time></trkpt>
      <trkpt lat="35.309712" lon="127.580825"><ele>1431.9</ele><time>2023-09-08T22:57:57.000Z</time></trkpt>
      <trkpt lat="35.309705" lon="127.580880"><ele>1429.6</ele><time>2023-09-08T22:57:57.000Z</time></trkpt>
      <trkpt lat="35.309693" lon="127.580933"><ele>1427.2</ele><time>2023-09-08T22:58:12.000Z</time></trkpt>
      <trkpt lat="35.309670" lon="127.580979"><ele>1424.8</ele><time>2023-09-08T22:58:12.000Z</time></trkpt>
      <trkpt lat="35.309646" lon="127.581027"><ele>1422.5</ele><time>2023-09-08T22:58:21.000Z</time></trkpt>
      <trkpt lat="35.309635" lon="127.581080"><ele>1420.2</ele><time>2023-09-08T22:58:21.000Z</time></trkpt>
      <trkpt lat="35.309627" lon="127.581134"><ele>1418.0</ele><time>2023-09-08T22:58:30.000Z</time></trkpt>
      <trkpt lat="35.309616" lon="127.581187"><ele>1415.9</ele><time>2023-09-08T22:58:45.000Z</time></trkpt>
      <trkpt lat="35.309604" lon="127.581240"><ele>1413.7</ele><time>2023-09-08T22:58:45.000Z</time></trkpt>
      <trkpt lat="35.309596" lon="127.581295"><ele>1411.3</ele><time>2023-09-08T22:59:06.000Z</time></trkpt>
      <trkpt lat="35.309595" lon="127.581350"><ele>1408.8</ele><time>2023-09-08T22:59:06.000Z</time></trkpt>
      <trkpt lat="35.309600" lon="127.581404"><ele>1406.1</ele><time>2023-09-08T22:59:23.000Z</time></trkpt>
      <trkpt lat="35.309605" lon="127.581459"><ele>1403.4</ele><time>2023-09-08T22:59:23.000Z</time></trkpt>
      <trkpt lat="35.309612" lon="127.581513"><ele>1400.6</ele><time>2023-09-08T22:59:39.000Z</time></trkpt>
      <trkpt lat="35.309620" lon="127.581568"><ele>1398.0</ele><time>2023-09-08T22:59:52.000Z</time></trkpt>
      <trkpt lat="35.309627" lon="127.581622"><ele>1395.6</ele><time>2023-09-08T22:59:52.000Z</time></trkpt>
      <trkpt lat="35.309637" lon="127.581676"><ele>1393.3</ele><time>2023-09-08T23:00:07.000Z</time></trkpt>
      <trkpt lat="35.309649" lon="127.581729"><ele>1391.0</ele><time>2023-09-08T23:00:21.000Z</time></trkpt>
      <trkpt lat="35.309659" lon="127.581783"><ele>1388.6</ele><time>2023-09-08T23:00:21.000Z</time></trkpt>
      <trkpt lat="35.309667" lon="127.581837"><ele>1386.2</ele><time>2023-09-08T23:01:17.000Z</time></trkpt>
      <trkpt lat="35.309673" lon="127.581892"><ele>1383.8</ele><time>2023-09-08T23:01:17.000Z</time></trkpt>
      <trkpt lat="35.309672" lon="127.581947"><ele>1381.5</ele><time>2023-09-08T23:01:27.000Z</time></trkpt>
      <trkpt lat="35.309666" lon="127.582001"><ele>1379.4</ele><time>2023-09-08T23:01:42.000Z</time></trkpt>
      <trkpt lat="35.309651" lon="127.582053"><ele>1377.6</ele><time>2023-09-08T23:01:42.000Z</time></trkpt>
      <trkpt lat="35.309630" lon="127.582101"><ele>1375.9</ele><time>2023-09-08T23:01:50.000Z</time></trkpt>
      <trkpt lat="35.309604" lon="127.582147"><ele>1374.6</ele><time>2023-09-08T23:01:50.000Z</time></trkpt>
      <trkpt lat="35.309582" lon="127.582194"><ele>1373.5</ele><time>2023-09-08T23:02:08.000Z</time></trkpt>
      <trkpt lat="35.309564" lon="127.582245"><ele>1372.7</ele><time>2023-09-08T23:02:08.000Z</time></trkpt>
      <trkpt lat="35.309545" lon="127.582295"><ele>1372.0</ele><time>2023-09-08T23:02:32.000Z</time></trkpt>
      <trkpt lat="35.309515" lon="127.582336"><ele>1371.4</ele><time>2023-09-08T23:02:32.000Z</time></trkpt>
      <trkpt lat="35.309478" lon="127.582367"><ele>1370.9</ele><time>2023-09-08T23:02:32.000Z</time></trkpt>
      <trkpt lat="35.309439" lon="127.582395"><ele>1370.5</ele><time>2023-09-08T23:02:44.000Z</time></trkpt>
      <trkpt lat="35.309401" lon="127.582424"><ele>1370.3</ele><time>2023-09-08T23:02:44.000Z</time></trkpt>
      <trkpt lat="35.309361" lon="127.582448"><ele>1370.2</ele><time>2023-09-08T23:02:51.000Z</time></trkpt>
      <trkpt lat="35.309317" lon="127.582463"><ele>1370.2</ele><time>2023-09-08T23:02:51.000Z</time></trkpt>
      <trkpt lat="35.309274" lon="127.582476"><ele>1370.3</ele><time>2023-09-08T23:03:05.000Z</time></trkpt>
      <trkpt lat="35.309232" lon="127.582497"><ele>1370.3</ele><time>2023-09-08T23:03:05.000Z</time></trkpt>
      <trkpt lat="35.309195" lon="127.582527"><ele>1370.3</ele><time>2023-09-08T23:03:13.000Z</time></trkpt>
      <trkpt lat="35.309165" lon="127.582568"><ele>1370.3</ele><time>2023-09-08T23:03:13.000Z</time></trkpt>
      <trkpt lat="35.309142" lon="127.582616"><ele>1370.1</ele><time>2023-09-08T23:03:30.000Z</time></trkpt>
      <trkpt lat="35.309122" lon="127.582665"><ele>1370.0</ele><time>2023-09-08T23:03:30.000Z</time></trkpt>
      <trkpt lat="35.309103" lon="127.582715"><ele>1369.8</ele><time>2023-09-08T23:03:47.000Z</time></trkpt>
      <trkpt lat="35.309087" lon="127.582766"><ele>1369.5</ele><time>2023-09-08T23:03:47.000Z</time></trkpt>
      <trkpt lat="35.309075" lon="127.582819"><ele>1369.2</ele><time>2023-09-08T23:03:54.000Z</time></trkpt>
      <trkpt lat="35.309063" lon="127.582872"><ele>1368.7</ele><time>2023-09-08T23:03:54.000Z</time></trkpt>
      <trkpt lat="35.309053" lon="127.582926"><ele>1368.2</ele><time>2023-09-08T23:04:11.000Z</time></trkpt>
      <trkpt lat="35.309047" lon="127.582981"><ele>1367.6</ele><time>2023-09-08T23:04:11.000Z</time></trkpt>
      <trkpt lat="35.309043" lon="127.583036"><ele>1366.9</ele><time>2023-09-08T23:04:23.000Z</time></trkpt>
      <trkpt lat="35.309038" lon="127.583091"><ele>1366.0</ele><time>2023-09-08T23:04:23.000Z</time></trkpt>
      <trkpt lat="35.309032" lon="127.583145"><ele>1365.1</ele><time>2023-09-08T23:04:32.000Z</time></trkpt>
      <trkpt lat="35.309027" lon="127.583200"><ele>1364.0</ele><time>2023-09-08T23:04:32.000Z</time></trkpt>
      <trkpt lat="35.309025" lon="127.583255"><ele>1362.9</ele><time>2023-09-08T23:04:48.000Z</time></trkpt>
      <trkpt lat="35.309025" lon="127.583310"><ele>1361.6</ele><time>2023-09-08T23:04:48.000Z</time></trkpt>
      <trkpt lat="35.309029" lon="127.583365"><ele>1360.3</ele><time>2023-09-08T23:05:04.000Z</time></trkpt>
      <trkpt lat="35.309036" lon="127.583419"><ele>1359.0</ele><time>2023-09-08T23:05:04.000Z</time></trkpt>
      <trkpt lat="35.309041" lon="127.583474"><ele>1357.6</ele><time>2023-09-08T23:05:21.000Z</time></trkpt>
      <trkpt lat="35.309042" lon="127.583529"><ele>1356.3</ele><time>2023-09-08T23:05:21.000Z</time></trkpt>
      <trkpt lat="35.309036" lon="127.583584"><ele>1355.0</ele><time>2023-09-08T23:05:37.000Z</time></trkpt>
      <trkpt lat="35.309025" lon="127.583637"><ele>1353.8</ele><time>2023-09-08T23:05:37.000Z</time></trkpt>
      <trkpt lat="35.309015" lon="127.583691"><ele>1352.6</ele><time>2023-09-08T23:05:50.000Z</time></trkpt>
      <trkpt lat="35.309014" lon="127.583746"><ele>1351.5</ele><time>2023-09-08T23:05:57.000Z</time></trkpt>
      <trkpt lat="35.309018" lon="127.583801"><ele>1350.4</ele><time>2023-09-08T23:05:57.000Z</time></trkpt>
      <trkpt lat="35.309017" lon="127.583856"><ele>1349.5</ele><time>2023-09-08T23:06:14.000Z</time></trkpt>
      <trkpt lat="35.309004" lon="127.583908"><ele>1348.6</ele><time>2023-09-08T23:06:14.000Z</time></trkpt>
      <trkpt lat="35.308982" lon="127.583956"><ele>1347.9</ele><time>2023-09-08T23:06:36.000Z</time></trkpt>
      <trkpt lat="35.308961" lon="127.584005"><ele>1347.2</ele><time>2023-09-08T23:06:47.000Z</time></trkpt>
      <trkpt lat="35.308946" lon="127.584057"><ele>1346.7</ele><time>2023-09-08T23:06:47.000Z</time></trkpt>
      <trkpt lat="35.308939" lon="127.584111"><ele>1346.3</ele><time>2023-09-08T23:06:56.000Z</time></trkpt>
      <trkpt lat="35.308943" lon="127.584166"><ele>1346.0</ele><time>2023-09-08T23:08:01.000Z</time></trkpt>
      <trkpt lat="35.308943" lon="127.584170"><ele>1346.0</ele><time>2023-09-08T23:08:01.000Z</time></trkpt>
      <trkpt lat="35.308950" lon="127.584221"><ele>1345.9</ele><time>2023-09-08T23:08:01.000Z</time></trkpt>
      <trkpt lat="35.308959" lon="127.584275"><ele>1345.9</ele><time>2023-09-08T23:08:14.000Z</time></trkpt>
      <trkpt lat="35.308970" lon="127.584328"><ele>1346.1</ele><time>2023-09-08T23:08:14.000Z</time></trkpt>
      <trkpt lat="35.308996" lon="127.584372"><ele>1346.3</ele><time>2023-09-08T23:08:22.000Z</time></trkpt>
      <trkpt lat="35.309032" lon="127.584407"><ele>1346.7</ele><time>2023-09-08T23:08:22.000Z</time></trkpt>
      <trkpt lat="35.309067" lon="127.584440"><ele>1347.3</ele><time>2023-09-08T23:08:34.000Z</time></trkpt>
      <trkpt lat="35.309090" lon="127.584488"><ele>1348.0</ele><time>2023-09-08T23:08:34.000Z</time></trkpt>
      <trkpt lat="35.309088" lon="127.584542"><ele>1348.8</ele><time>2023-09-08T23:08:43.000Z</time></trkpt>
      <trkpt lat="35.309075" lon="127.584595"><ele>1349.7</ele><time>2023-09-08T23:08:43.000Z</time></trkpt>
      <trkpt lat="35.309061" lon="127.584647"><ele>1350.6</ele><time>2023-09-08T23:08:56.000Z</time></trkpt>
      <trkpt lat="35.309050" lon="127.584701"><ele>1351.7</ele><time>2023-09-08T23:08:56.000Z</time></trkpt>
      <trkpt lat="35.309040" lon="127.584754"><ele>1352.8</ele><time>2023-09-08T23:09:10.000Z</time></trkpt>
      <trkpt lat="35.309034" lon="127.584809"><ele>1354.0</ele><time>2023-09-08T23:09:10.000Z</time></trkpt>
      <trkpt lat="35.309030" lon="127.584864"><ele>1355.2</ele><time>2023-09-08T23:09:23.000Z</time></trkpt>
      <trkpt lat="35.309024" lon="127.584919"><ele>1356.4</ele><time>2023-09-08T23:09:45.000Z</time></trkpt>
      <trkpt lat="35.309014" lon="127.584972"><ele>1357.6</ele><time>2023-09-08T23:09:45.000Z</time></trkpt>
      <trkpt lat="35.309003" lon="127.585026"><ele>1358.8</ele><time>2023-09-08T23:10:02.000Z</time></trkpt>
      <trkpt lat="35.308989" lon="127.585078"><ele>1360.0</ele><time>2023-09-08T23:10:02.000Z</time></trkpt>
      <trkpt lat="35.308971" lon="127.585128"><ele>1361.1</ele><time>2023-09-08T23:10:13.000Z</time></trkpt>
      <trkpt lat="35.308957" lon="127.585181"><ele>1362.2</ele><time>2023-09-08T23:10:13.000Z</time></trkpt>
      <trkpt lat="35.308948" lon="127.585235"><ele>1363.3</ele><time>2023-09-08T23:10:24.000Z</time></trkpt>
      <trkpt lat="35.308942" lon="127.585289"><ele>1364.2</ele><time>2023-09-08T23:10:43.000Z</time></trkpt>
      <trkpt lat="35.308939" lon="127.585344"><ele>1365.0</ele><time>2023-09-08T23:10:43.000Z</time></trkpt>
      <trkpt lat="35.308947" lon="127.585399"><ele>1365.6</ele><time>2023-09-08T23:10:59.000Z</time></trkpt>
      <trkpt lat="35.308965" lon="127.585449"><ele>1365.9</ele><time>2023-09-08T23:10:59.000Z</time></trkpt>
      <trkpt lat="35.308981" lon="127.585501"><ele>1366.0</ele><time>2023-09-08T23:15:30.000Z</time></trkpt>
      <trkpt lat="35.309009" lon="127.585543"><ele>1365.8</ele><time>2023-09-08T23:15:30.000Z</time></trkpt>
      <trkpt lat="35.309039" lon="127.585584"><ele>1365.5</ele><time>2023-09-08T23:15:34.000Z</time></trkpt>
      <trkpt lat="35.309065" lon="127.585629"><ele>1365.1</ele><time>2023-09-08T23:15:34.000Z</time></trkpt>
      <trkpt lat="35.309090" lon="127.585675"><ele>1364.6</ele><time>2023-09-08T23:15:47.000Z</time></trkpt>
      <trkpt lat="35.309112" lon="127.585723"><ele>1364.1</ele><time>2023-09-08T23:15:47.000Z</time></trkpt>
      <trkpt lat="35.309138" lon="127.585768"><ele>1363.5</ele><time>2023-09-08T23:15:54.000Z</time></trkpt>
      <trkpt lat="35.309170" lon="127.585806"><ele>1362.9</ele><time>2023-09-08T23:15:54.000Z</time></trkpt>
      <trkpt lat="35.309206" lon="127.585839"><ele>1362.2</ele><time>2023-09-08T23:16:07.000Z</time></trkpt>
      <trkpt lat="35.309239" lon="127.585877"><ele>1361.6</ele><time>2023-09-08T23:16:07.000Z</time></trkpt>
      <trkpt lat="35.309274" lon="127.585911"><ele>1360.9</ele><time>2023-09-08T23:16:14.000Z</time></trkpt>
      <trkpt lat="35.309313" lon="127.585939"><ele>1360.3</ele><time>2023-09-08T23:16:14.000Z</time></trkpt>
      <trkpt lat="35.309345" lon="127.585977"><ele>1359.8</ele><time>2023-09-08T23:16:32.000Z</time></trkpt>
      <trkpt lat="35.309363" lon="127.586028"><ele>1359.4</ele><time>2023-09-08T23:16:41.000Z</time></trkpt>
      <trkpt lat="35.309378" lon="127.586080"><ele>1359.0</ele><time>2023-09-08T23:16:41.000Z</time></trkpt>
      <trkpt lat="35.309398" lon="127.586129"><ele>1358.8</ele><time>2023-09-08T23:16:49.000Z</time></trkpt>
      <trkpt lat="35.309428" lon="127.586170"><ele>1358.7</ele><time>2023-09-08T23:16:49.000Z</time></trkpt>
      <trkpt lat="35.309460" lon="127.586210"><ele>1358.6</ele><time>2023-09-08T23:16:55.000Z</time></trkpt>
      <trkpt lat="35.309490" lon="127.586251"><ele>1358.6</ele><time>2023-09-08T23:16:55.000Z</time></trkpt>
      <trkpt lat="35.309519" lon="127.586292"><ele>1358.6</ele><time>2023-09-08T23:17:10.000Z</time></trkpt>
      <trkpt lat="35.309549" lon="127.586334"><ele>1358.7</ele><time>2023-09-08T23:17:10.000Z</time></trkpt>
      <trkpt lat="35.309575" lon="127.586378"><ele>1358.8</ele><time>2023-09-08T23:17:17.000Z</time></trkpt>
      <trkpt lat="35.309598" lon="127.586426"><ele>1358.9</ele><time>2023-09-08T23:17:17.000Z</time></trkpt>
      <trkpt lat="35.309620" lon="127.586474"><ele>1359.2</ele><time>2023-09-08T23:17:29.000Z</time></trkpt>
      <trkpt lat="35.309645" lon="127.586519"><ele>1359.5</ele><time>2023-09-08T23:17:29.000Z</time></trkpt>
      <trkpt lat="35.309674" lon="127.586561"><ele>1359.8</ele><time>2023-09-08T23:17:38.000Z</time></trkpt>
      <trkpt lat="35.309705" lon="127.586601"><ele>1360.3</ele><time>2023-09-08T23:17:38.000Z</time></trkpt>
      <trkpt lat="35.309739" lon="127.586639"><ele>1360.9</ele><time>2023-09-08T23:17:50.000Z</time></trkpt>
      <trkpt lat="35.309772" lon="127.586676"><ele>1361.6</ele><time>2023-09-08T23:17:50.000Z</time></trkpt>
      <trkpt lat="35.309800" lon="127.586719"><ele>1362.4</ele><time>2023-09-08T23:17:58.000Z</time></trkpt>
      <trkpt lat="35.309827" lon="127.586763"><ele>1363.2</ele><time>2023-09-08T23:18:12.000Z</time></trkpt>
      <trkpt lat="35.309858" lon="127.586802"><ele>1364.0</ele><time>2023-09-08T23:18:12.000Z</time></trkpt>
      <trkpt lat="35.309893" lon="127.586838"><ele>1364.8</ele><time>2023-09-08T23:18:26.000Z</time></trkpt>
      <trkpt lat="35.309927" lon="127.586874"><ele>1365.5</ele><time>2023-09-08T23:18:26.000Z</time></trkpt>
      <trkpt lat="35.309959" lon="127.586912"><ele>1366.1</ele><time>2023-09-08T23:18:36.000Z</time></trkpt>
      <trkpt lat="35.309989" lon="127.586953"><ele>1366.7</ele><time>2023-09-08T23:18:48.000Z</time></trkpt>
      <trkpt lat="35.310012" lon="127.587001"><ele>1367.0</ele><time>2023-09-08T23:18:48.000Z</time></trkpt>
      <trkpt lat="35.310028" lon="127.587052"><ele>1367.3</ele><time>2023-09-08T23:19:00.000Z</time></trkpt>
      <trkpt lat="35.310043" lon="127.587104"><ele>1367.5</ele><time>2023-09-08T23:19:00.000Z</time></trkpt>
      <trkpt lat="35.310061" lon="127.587154"><ele>1367.7</ele><time>2023-09-08T23:19:00.000Z</time></trkpt>
      <trkpt lat="35.310091" lon="127.587196"><ele>1367.9</ele><time>2023-09-08T23:19:14.000Z</time></trkpt>
      <trkpt lat="35.310125" lon="127.587231"><ele>1368.0</ele><time>2023-09-08T23:19:20.000Z</time></trkpt>
      <trkpt lat="35.310157" lon="127.587270"><ele>1368.3</ele><time>2023-09-08T23:19:20.000Z</time></trkpt>
      <trkpt lat="35.310182" lon="127.587316"><ele>1368.6</ele><time>2023-09-08T23:19:33.000Z</time></trkpt>
      <trkpt lat="35.310198" lon="127.587367"><ele>1368.9</ele><time>2023-09-08T23:19:33.000Z</time></trkpt>
      <trkpt lat="35.310204" lon="127.587421"><ele>1369.5</ele><time>2023-09-08T23:19:41.000Z</time></trkpt>
      <trkpt lat="35.310197" lon="127.587476"><ele>1370.1</ele><time>2023-09-08T23:19:41.000Z</time></trkpt>
      <trkpt lat="35.310179" lon="127.587526"><ele>1370.9</ele><time>2023-09-08T23:19:59.000Z</time></trkpt>
      <trkpt lat="35.310160" lon="127.587576"><ele>1371.8</ele><time>2023-09-08T23:19:59.000Z</time></trkpt>
      <trkpt lat="35.310139" lon="127.587625"><ele>1372.9</ele><time>2023-09-08T23:20:15.000Z</time></trkpt>
      <trkpt lat="35.310113" lon="127.587670"><ele>1374.0</ele><time>2023-09-08T23:20:15.000Z</time></trkpt>
      <trkpt lat="35.310089" lon="127.587716"><ele>1375.3</ele><time>2023-09-08T23:20:31.000Z</time></trkpt>
      <trkpt lat="35.310081" lon="127.587770"><ele>1376.5</ele><time>2023-09-08T23:20:31.000Z</time></trkpt>
      <trkpt lat="35.310091" lon="127.587824"><ele>1377.7</ele><time>2023-09-08T23:20:43.000Z</time></trkpt>
      <trkpt lat="35.310107" lon="127.587875"><ele>1378.9</ele><time>2023-09-08T23:20:43.000Z</time></trkpt>
      <trkpt lat="35.310115" lon="127.587929"><ele>1380.0</ele><time>2023-09-08T23:21:01.000Z</time></trkpt>
      <trkpt lat="35.310116" lon="127.587984"><ele>1381.1</ele><time>2023-09-08T23:21:01.000Z</time></trkpt>
      <trkpt lat="35.310121" lon="127.588039"><ele>1382.2</ele><time>2023-09-08T23:21:17.000Z</time></trkpt>
      <trkpt lat="35.310133" lon="127.588092"><ele>1383.2</ele><time>2023-09-08T23:21:29.000Z</time></trkpt>
      <trkpt lat="35.310150" lon="127.588143"><ele>1384.2</ele><time>2023-09-08T23:21:29.000Z</time></trkpt>
      <trkpt lat="35.310166" lon="127.588194"><ele>1385.2</ele><time>2023-09-08T23:21:29.000Z</time></trkpt>
      <trkpt lat="35.310180" lon="127.588247"><ele>1386.2</ele><time>2023-09-08T23:21:45.000Z</time></trkpt>
      <trkpt lat="35.310188" lon="127.588301"><ele>1387.2</ele><time>2023-09-08T23:21:45.000Z</time></trkpt>
      <trkpt lat="35.310192" lon="127.588356"><ele>1388.3</ele><time>2023-09-08T23:22:06.000Z</time></trkpt>
      <trkpt lat="35.310194" lon="127.588411"><ele>1389.4</ele><time>2023-09-08T23:22:06.000Z</time></trkpt>
      <trkpt lat="35.310201" lon="127.588465"><ele>1390.5</ele><time>2023-09-08T23:22:23.000Z</time></trkpt>
      <trkpt lat="35.310222" lon="127.588514"><ele>1391.5</ele><time>2023-09-08T23:22:39.000Z</time></trkpt>
      <trkpt lat="35.310250" lon="127.588556"><ele>1392.3</ele><time>2023-09-08T23:22:54.000Z</time></trkpt>
      <trkpt lat="35.310271" lon="127.588605"><ele>1393.1</ele><time>2023-09-08T23:23:07.000Z</time></trkpt>
      <trkpt lat="35.310278" lon="127.588659"><ele>1393.8</ele><time>2023-09-08T23:23:07.000Z</time></trkpt>
      <trkpt lat="35.310282" lon="127.588714"><ele>1394.5</ele><time>2023-09-08T23:23:21.000Z</time></trkpt>
      <trkpt lat="35.310292" lon="127.588768"><ele>1395.2</ele><time>2023-09-08T23:23:21.000Z</time></trkpt>
      <trkpt lat="35.310312" lon="127.588817"><ele>1396.0</ele><time>2023-09-08T23:23:28.000Z</time></trkpt>
      <trkpt lat="35.310341" lon="127.588858"><ele>1396.9</ele><time>2023-09-08T23:23:28.000Z</time></trkpt>
      <trkpt lat="35.310373" lon="127.588897"><ele>1397.9</ele><time>2023-09-08T23:23:48.000Z</time></trkpt>
      <trkpt lat="35.310407" lon="127.588934"><ele>1399.0</ele><time>2023-09-08T23:23:48.000Z</time></trkpt>
      <trkpt lat="35.310440" lon="127.588970"><ele>1400.2</ele><time>2023-09-08T23:24:14.000Z</time></trkpt>
      <trkpt lat="35.310470" lon="127.589011"><ele>1401.5</ele><time>2023-09-08T23:24:14.000Z</time></trkpt>
      <trkpt lat="35.310497" lon="127.589055"><ele>1402.8</ele><time>2023-09-08T23:24:30.000Z</time></trkpt>
      <trkpt lat="35.310522" lon="127.589101"><ele>1404.1</ele><time>2023-09-08T23:24:30.000Z</time></trkpt>
      <trkpt lat="35.310549" lon="127.589145"><ele>1405.3</ele><time>2023-09-08T23:24:47.000Z</time></trkpt>
      <trkpt lat="35.310577" lon="127.589188"><ele>1406.5</ele><time>2023-09-08T23:24:47.000Z</time></trkpt>
      <trkpt lat="35.310609" lon="127.589227"><ele>1407.6</ele><time>2023-09-08T23:25:04.000Z</time></trkpt>
      <trkpt lat="35.310646" lon="127.589258"><ele>1408.7</ele><time>2023-09-08T23:25:04.000Z</time></trkpt>
      <trkpt lat="35.310687" lon="127.589281"><ele>1409.8</ele><time>2023-09-08T23:25:32.000Z</time></trkpt>
      <trkpt lat="35.310727" lon="127.589306"><ele>1411.0</ele><time>2023-09-08T23:25:32.000Z</time></trkpt>
      <trkpt lat="35.310764" lon="127.589337"><ele>1412.3</ele><time>2023-09-08T23:25:48.000Z</time></trkpt>
      <trkpt lat="35.310796" lon="127.589375"><ele>1413.6</ele><time>2023-09-08T23:25:48.000Z</time></trkpt>
      <trkpt lat="35.310825" lon="127.589417"><ele>1415.1</ele><time>2023-09-08T23:26:05.000Z</time></trkpt>
      <trkpt lat="35.310854" lon="127.589459"><ele>1416.6</ele><time>2023-09-08T23:26:05.000Z</time></trkpt>
      <trkpt lat="35.310885" lon="127.589500"><ele>1418.1</ele><time>2023-09-08T23:26:26.000Z</time></trkpt>
      <trkpt lat="35.310916" lon="127.589540"><ele>1419.5</ele><time>2023-09-08T23:26:42.000Z</time></trkpt>
      <trkpt lat="35.310949" lon="127.589577"><ele>1420.9</ele><time>2023-09-08T23:26:42.000Z</time></trkpt>
      <trkpt lat="35.310983" lon="127.589613"><ele>1422.2</ele><time>2023-09-08T23:26:53.000Z</time></trkpt>
      <trkpt lat="35.311014" lon="127.589653"><ele>1423.3</ele><time>2023-09-08T23:26:53.000Z</time></trkpt>
      <trkpt lat="35.311036" lon="127.589701"><ele>1424.2</ele><time>2023-09-08T23:27:11.000Z</time></trkpt>
      <trkpt lat="35.311051" lon="127.589753"><ele>1425.0</ele><time>2023-09-08T23:27:23.000Z</time></trkpt>
      <trkpt lat="35.311065" lon="127.589805"><ele>1425.7</ele><time>2023-09-08T23:27:23.000Z</time></trkpt>
      <trkpt lat="35.311078" lon="127.589858"><ele>1426.3</ele><time>2023-09-08T23:27:32.000Z</time></trkpt>
      <trkpt lat="35.311087" lon="127.589911"><ele>1426.9</ele><time>2023-09-08T23:27:32.000Z</time></trkpt>
      <trkpt lat="35.311082" lon="127.589966"><ele>1427.4</ele><time>2023-09-08T23:27:39.000Z</time></trkpt>
      <trkpt lat="35.311066" lon="127.590017"><ele>1427.9</ele><time>2023-09-08T23:27:39.000Z</time></trkpt>
      <trkpt lat="35.311050" lon="127.590068"><ele>1428.5</ele><time>2023-09-08T23:27:53.000Z</time></trkpt>
      <trkpt lat="35.311049" lon="127.590122"><ele>1429.0</ele><time>2023-09-08T23:27:53.000Z</time></trkpt>
      <trkpt lat="35.311064" lon="127.590174"><ele>1429.4</ele><time>2023-09-08T23:28:03.000Z</time></trkpt>
      <trkpt lat="35.311085" lon="127.590223"><ele>1429.8</ele><time>2023-09-08T23:28:03.000Z</time></trkpt>
      <trkpt lat="35.311102" lon="127.590273"><ele>1430.2</ele><time>2023-09-08T23:28:16.000Z</time></trkpt>
      <trkpt lat="35.311113" lon="127.590327"><ele>1430.4</ele><time>2023-09-08T23:28:16.000Z</time></trkpt>
      <trkpt lat="35.311120" lon="127.590381"><ele>1430.7</ele><time>2023-09-08T23:28:30.000Z</time></trkpt>
      <trkpt lat="35.311129" lon="127.590435"><ele>1431.0</ele><time>2023-09-08T23:28:30.000Z</time></trkpt>
      <trkpt lat="35.311139" lon="127.590489"><ele>1431.2</ele><time>2023-09-08T23:28:37.000Z</time></trkpt>
      <trkpt lat="35.311150" lon="127.590542"><ele>1431.4</ele><time>2023-09-08T23:28:37.000Z</time></trkpt>
      <trkpt lat="35.311160" lon="127.590596"><ele>1431.7</ele><time>2023-09-08T23:28:50.000Z</time></trkpt>
      <trkpt lat="35.311170" lon="127.590650"><ele>1432.1</ele><time>2023-09-08T23:28:50.000Z</time></trkpt>
      <trkpt lat="35.311183" lon="127.590702"><ele>1432.4</ele><time>2023-09-08T23:28:58.000Z</time></trkpt>
      <trkpt lat="35.311201" lon="127.590753"><ele>1432.9</ele><time>2023-09-08T23:28:58.000Z</time></trkpt>
      <trkpt lat="35.311223" lon="127.590801"><ele>1433.4</ele><time>2023-09-08T23:29:10.000Z</time></trkpt>
      <trkpt lat="35.311249" lon="127.590846"><ele>1434.1</ele><time>2023-09-08T23:29:10.000Z</time></trkpt>
      <trkpt lat="35.311276" lon="127.590890"><ele>1434.8</ele><time>2023-09-08T23:29:23.000Z</time></trkpt>
      <trkpt lat="35.311300" lon="127.590936"><ele>1435.5</ele><time>2023-09-08T23:29:23.000Z</time></trkpt>
      <trkpt lat="35.311320" lon="127.590985"><ele>1436.4</ele><time>2023-09-08T23:29:35.000Z</time></trkpt>
      <trkpt lat="35.311340" lon="127.591035"><ele>1437.2</ele><time>2023-09-08T23:29:35.000Z</time></trkpt>
      <trkpt lat="35.311360" lon="127.591084"><ele>1438.1</ele><time>2023-09-08T23:29:47.000Z</time></trkpt>
      <trkpt lat="35.311379" lon="127.591134"><ele>1439.0</ele><time>2023-09-08T23:29:47.000Z</time></trkpt>
      <trkpt lat="35.311395" lon="127.591186"><ele>1439.9</ele><time>2023-09-08T23:29:58.000Z</time></trkpt>
      <trkpt lat="35.311409" lon="127.591238"><ele>1440.8</ele><time>2023-09-08T23:30:16.000Z</time></trkpt>
      <trkpt lat="35.311421" lon="127.591291"><ele>1441.7</ele><time>2023-09-08T23:30:16.000Z</time></trkpt>
      <trkpt lat="35.311430" lon="127.591345"><ele>1442.7</ele><time>2023-09-08T23:30:32.000Z</time></trkpt>
      <trkpt lat="35.311436" lon="127.591400"><ele>1443.9</ele><time>2023-09-08T23:30:32.000Z</time></trkpt>
      <trkpt lat="35.311445" lon="127.591454"><ele>1445.1</ele><time>2023-09-08T23:30:41.000Z</time></trkpt>
      <trkpt lat="35.311459" lon="127.591506"><ele>1446.4</ele><time>2023-09-08T23:30:41.000Z</time></trkpt>
      <trkpt lat="35.311470" lon="127.591559"><ele>1447.8</ele><time>2023-09-08T23:30:57.000Z</time></trkpt>
      <trkpt lat="35.311475" lon="127.591614"><ele>1449.2</ele><time>2023-09-08T23:30:57.000Z</time></trkpt>
      <trkpt lat="35.311482" lon="127.591669"><ele>1450.6</ele><time>2023-09-08T23:31:15.000Z</time></trkpt>
      <trkpt lat="35.311491" lon="127.591722"><ele>1452.1</ele><time>2023-09-08T23:31:15.000Z</time></trkpt>
      <trkpt lat="35.311504" lon="127.591775"><ele>1453.7</ele><time>2023-09-08T23:31:35.000Z</time></trkpt>
      <trkpt lat="35.311519" lon="127.591827"><ele>1455.3</ele><time>2023-09-08T23:31:35.000Z</time></trkpt>
      <trkpt lat="35.311534" lon="127.591879"><ele>1456.9</ele><time>2023-09-08T23:31:56.000Z</time></trkpt>
      <trkpt lat="35.311547" lon="127.591932"><ele>1458.6</ele><time>2023-09-08T23:32:15.000Z</time></trkpt>
      <trkpt lat="35.311555" lon="127.591986"><ele>1460.3</ele><time>2023-09-08T23:32:15.000Z</time></trkpt>
      <trkpt lat="35.311553" lon="127.592041"><ele>1462.1</ele><time>2023-09-08T23:32:36.000Z</time></trkpt>
      <trkpt lat="35.311548" lon="127.592095"><ele>1463.8</ele><time>2023-09-08T23:32:58.000Z</time></trkpt>
      <trkpt lat="35.311548" lon="127.592150"><ele>1465.7</ele><time>2023-09-08T23:32:58.000Z</time></trkpt>
      <trkpt lat="35.311549" lon="127.592205"><ele>1467.6</ele><time>2023-09-08T23:33:24.000Z</time></trkpt>
      <trkpt lat="35.311546" lon="127.592260"><ele>1469.4</ele><time>2023-09-08T23:33:24.000Z</time></trkpt>
      <trkpt lat="35.311544" lon="127.592315"><ele>1471.3</ele><time>2023-09-08T23:33:45.000Z</time></trkpt>
      <trkpt lat="35.311548" lon="127.592370"><ele>1473.2</ele><time>2023-09-08T23:33:45.000Z</time></trkpt>
      <trkpt lat="35.311559" lon="127.592423"><ele>1475.1</ele><time>2023-09-08T23:34:23.000Z</time></trkpt>
      <trkpt lat="35.311572" lon="127.592476"><ele>1477.0</ele><time>2023-09-08T23:34:23.000Z</time></trkpt>
      <trkpt lat="35.311584" lon="127.592529"><ele>1478.9</ele><time>2023-09-08T23:34:48.000Z</time></trkpt>
      <trkpt lat="35.311603" lon="127.592578"><ele>1480.7</ele><time>2023-09-08T23:34:48.000Z</time></trkpt>
      <trkpt lat="35.311634" lon="127.592618"><ele>1482.5</ele><time>2023-09-08T23:35:21.000Z</time></trkpt>
      <trkpt lat="35.311664" lon="127.592658"><ele>1484.1</ele><time>2023-09-08T23:35:34.000Z</time></trkpt>
      <trkpt lat="35.311683" lon="127.592707"><ele>1485.7</ele><time>2023-09-08T23:35:49.000Z</time></trkpt>
      <trkpt lat="35.311693" lon="127.592761"><ele>1487.1</ele><time>2023-09-08T23:35:49.000Z</time></trkpt>
      <trkpt lat="35.311703" lon="127.592815"><ele>1488.4</ele><time>2023-09-08T23:36:07.000Z</time></trkpt>
      <trkpt lat="35.311714" lon="127.592868"><ele>1489.7</ele><time>2023-09-08T23:36:07.000Z</time></trkpt>
      <trkpt lat="35.311718" lon="127.592922"><ele>1490.9</ele><time>2023-09-08T23:36:23.000Z</time></trkpt>
      <trkpt lat="35.311710" lon="127.592976"><ele>1492.1</ele><time>2023-09-08T23:36:23.000Z</time></trkpt>
      <trkpt lat="35.311697" lon="127.593029"><ele>1493.3</ele><time>2023-09-08T23:36:39.000Z</time></trkpt>
      <trkpt lat="35.311691" lon="127.593083"><ele>1494.4</ele><time>2023-09-08T23:36:51.000Z</time></trkpt>
      <trkpt lat="35.311693" lon="127.593138"><ele>1495.5</ele><time>2023-09-08T23:36:51.000Z</time></trkpt>
      <trkpt lat="35.311701" lon="127.593192"><ele>1496.7</ele><time>2023-09-08T23:37:09.000Z</time></trkpt>
      <trkpt lat="35.311713" lon="127.593245"><ele>1497.8</ele><time>2023-09-08T23:37:09.000Z</time></trkpt>
      <trkpt lat="35.311729" lon="127.593296"><ele>1498.9</ele><time>2023-09-08T23:37:24.000Z</time></trkpt>
      <trkpt lat="35.311754" lon="127.593342"><ele>1500.2</ele><time>2023-09-08T23:37:24.000Z</time></trkpt>
      <trkpt lat="35.311786" lon="127.593380"><ele>1501.6</ele><time>2023-09-08T23:37:41.000Z</time></trkpt>
      <trkpt lat="35.311824" lon="127.593409"><ele>1503.1</ele><time>2023-09-08T23:37:41.000Z</time></trkpt>
      <trkpt lat="35.311866" lon="127.593427"><ele>1504.5</ele><time>2023-09-08T23:37:53.000Z</time></trkpt>
      <trkpt lat="35.311908" lon="127.593445"><ele>1506.0</ele><time>2023-09-08T23:38:14.000Z</time></trkpt>
      <trkpt lat="35.311945" lon="127.593476"><ele>1507.3</ele><time>2023-09-08T23:38:14.000Z</time></trkpt>
      <trkpt lat="35.311975" lon="127.593516"><ele>1508.6</ele><time>2023-09-08T23:38:34.000Z</time></trkpt>
      <trkpt lat="35.312001" lon="127.593561"><ele>1509.8</ele><time>2023-09-08T23:38:34.000Z</time></trkpt>
      <trkpt lat="35.312020" lon="127.593611"><ele>1510.9</ele><time>2023-09-08T23:38:55.000Z</time></trkpt>
      <trkpt lat="35.312028" lon="127.593665"><ele>1511.9</ele><time>2023-09-08T23:38:55.000Z</time></trkpt>
      <trkpt lat="35.312031" lon="127.593720"><ele>1512.9</ele><time>2023-09-08T23:38:55.000Z</time></trkpt>
      <trkpt lat="35.312032" lon="127.593775"><ele>1513.8</ele><time>2023-09-08T23:39:12.000Z</time></trkpt>
      <trkpt lat="35.312033" lon="127.593830"><ele>1514.7</ele><time>2023-09-08T23:39:12.000Z</time></trkpt>
      <trkpt lat="35.312030" lon="127.593885"><ele>1515.6</ele><time>2023-09-08T23:39:28.000Z</time></trkpt>
      <trkpt lat="35.312026" lon="127.593940"><ele>1516.5</ele><time>2023-09-08T23:39:35.000Z</time></trkpt>
      <trkpt lat="35.312025" lon="127.593995"><ele>1517.4</ele><time>2023-09-08T23:39:35.000Z</time></trkpt>
      <trkpt lat="35.312031" lon="127.594049"><ele>1518.3</ele><time>2023-09-08T23:39:49.000Z</time></trkpt>
      <trkpt lat="35.312047" lon="127.594100"><ele>1519.2</ele><time>2023-09-08T23:39:49.000Z</time></trkpt>
      <trkpt lat="35.312072" lon="127.594145"><ele>1520.1</ele><time>2023-09-08T23:40:14.000Z</time></trkpt>
      <trkpt lat="35.312105" lon="127.594182"><ele>1521.0</ele><time>2023-09-08T23:40:14.000Z</time></trkpt>
      <trkpt lat="35.312140" lon="127.594218"><ele>1521.9</ele><time>2023-09-08T23:40:31.000Z</time></trkpt>
      <trkpt lat="35.312168" lon="127.594260"><ele>1522.7</ele><time>2023-09-08T23:40:43.000Z</time></trkpt>
      <trkpt lat="35.312192" lon="127.594307"><ele>1523.6</ele><time>2023-09-08T23:40:43.000Z</time></trkpt>
      <trkpt lat="35.312216" lon="127.594353"><ele>1524.4</ele><time>2023-09-08T23:40:55.000Z</time></trkpt>
      <trkpt lat="35.312240" lon="127.594400"><ele>1525.3</ele><time>2023-09-08T23:40:55.000Z</time></trkpt>
      <trkpt lat="35.312261" lon="127.594448"><ele>1526.2</ele><time>2023-09-08T23:41:11.000Z</time></trkpt>
      <trkpt lat="35.312278" lon="127.594499"><ele>1527.2</ele><time>2023-09-08T23:41:11.000Z</time></trkpt>
      <trkpt lat="35.312290" lon="127.594552"><ele>1528.3</ele><time>2023-09-08T23:41:23.000Z</time></trkpt>
      <trkpt lat="35.312303" lon="127.594605"><ele>1529.3</ele><time>2023-09-08T23:41:35.000Z</time></trkpt>
      <trkpt lat="35.312322" lon="127.594655"><ele>1530.4</ele><time>2023-09-08T23:41:35.000Z</time></trkpt>
      <trkpt lat="35.312347" lon="127.594700"><ele>1531.4</ele><time>2023-09-08T23:41:53.000Z</time></trkpt>
      <trkpt lat="35.312376" lon="127.594742"><ele>1532.5</ele><time>2023-09-08T23:41:53.000Z</time></trkpt>
      <trkpt lat="35.312407" lon="127.594782"><ele>1533.5</ele><time>2023-09-08T23:42:08.000Z</time></trkpt>
      <trkpt lat="35.312437" lon="127.594824"><ele>1534.6</ele><time>2023-09-08T23:42:21.000Z</time></trkpt>
      <trkpt lat="35.312466" lon="127.594865"><ele>1535.8</ele><time>2023-09-08T23:42:21.000Z</time></trkpt>
      <trkpt lat="35.312499" lon="127.594903"><ele>1536.9</ele><time>2023-09-08T23:42:40.000Z</time></trkpt>
      <trkpt lat="35.312533" lon="127.594938"><ele>1538.2</ele><time>2023-09-08T23:42:40.000Z</time></trkpt>
      <trkpt lat="35.312566" lon="127.594976"><ele>1539.4</ele><time>2023-09-08T23:42:59.000Z</time></trkpt>
      <trkpt lat="35.312596" lon="127.595017"><ele>1540.7</ele><time>2023-09-08T23:42:59.000Z</time></trkpt>
      <trkpt lat="35.312625" lon="127.595059"><ele>1542.0</ele><time>2023-09-08T23:43:19.000Z</time></trkpt>
      <trkpt lat="35.312653" lon="127.595102"><ele>1543.3</ele><time>2023-09-08T23:43:19.000Z</time></trkpt>
      <trkpt lat="35.312683" lon="127.595143"><ele>1544.6</ele><time>2023-09-08T23:43:36.000Z</time></trkpt>
      <trkpt lat="35.312715" lon="127.595182"><ele>1545.8</ele><time>2023-09-08T23:43:36.000Z</time></trkpt>
      <trkpt lat="35.312749" lon="127.595217"><ele>1547.1</ele><time>2023-09-08T23:43:56.000Z</time></trkpt>
      <trkpt lat="35.312784" lon="127.595252"><ele>1548.5</ele><time>2023-09-08T23:43:56.000Z</time></trkpt>
      <trkpt lat="35.312819" lon="127.595288"><ele>1549.8</ele><time>2023-09-08T23:44:12.000Z</time></trkpt>
      <trkpt lat="35.312854" lon="127.595321"><ele>1551.0</ele><time>2023-09-08T23:44:12.000Z</time></trkpt>
      <trkpt lat="35.312892" lon="127.595351"><ele>1552.1</ele><time>2023-09-08T23:44:30.000Z</time></trkpt>
      <trkpt lat="35.312931" lon="127.595378"><ele>1553.2</ele><time>2023-09-08T23:44:30.000Z</time></trkpt>
      <trkpt lat="35.312970" lon="127.595406"><ele>1554.1</ele><time>2023-09-08T23:44:45.000Z</time></trkpt>
      <trkpt lat="35.313008" lon="127.595435"><ele>1554.9</ele><time>2023-09-08T23:44:45.000Z</time></trkpt>
      <trkpt lat="35.313046" lon="127.595465"><ele>1555.6</ele><time>2023-09-08T23:45:14.000Z</time></trkpt>
      <trkpt lat="35.313082" lon="127.595497"><ele>1556.4</ele><time>2023-09-08T23:45:14.000Z</time></trkpt>
      <trkpt lat="35.313117" lon="127.595531"><ele>1557.2</ele><time>2023-09-08T23:52:56.000Z</time></trkpt>
      <trkpt lat="35.313155" lon="127.595561"><ele>1558.0</ele><time>2023-09-08T23:52:56.000Z</time></trkpt>
      <trkpt lat="35.313197" lon="127.595581"><ele>1558.7</ele><time>2023-09-08T23:53:07.000Z</time></trkpt>
      <trkpt lat="35.313241" lon="127.595591"><ele>1559.4</ele><time>2023-09-08T23:53:07.000Z</time></trkpt>
      <trkpt lat="35.313285" lon="127.595599"><ele>1560.1</ele><time>2023-09-08T23:53:24.000Z</time></trkpt>
      <trkpt lat="35.313330" lon="127.595606"><ele>1560.7</ele><time>2023-09-08T23:53:24.000Z</time></trkpt>
      <trkpt lat="35.313375" lon="127.595612"><ele>1561.4</ele><time>2023-09-08T23:53:33.000Z</time></trkpt>
      <trkpt lat="35.313419" lon="127.595617"><ele>1562.0</ele><time>2023-09-08T23:53:33.000Z</time></trkpt>
      <trkpt lat="35.313464" lon="127.595626"><ele>1562.7</ele><time>2023-09-08T23:53:40.000Z</time></trkpt>
      <trkpt lat="35.313507" lon="127.595642"><ele>1563.2</ele><time>2023-09-08T23:53:53.000Z</time></trkpt>
      <trkpt lat="35.313548" lon="127.595665"><ele>1563.6</ele><time>2023-09-08T23:53:53.000Z</time></trkpt>
      <trkpt lat="35.313586" lon="127.595694"><ele>1563.8</ele><time>2023-09-08T23:54:00.000Z</time></trkpt>
      <trkpt lat="35.313621" lon="127.595728"><ele>1563.8</ele><time>2023-09-08T23:54:00.000Z</time></trkpt>
      <trkpt lat="35.313636" lon="127.595744"><ele>1563.8</ele><time>2023-09-08T23:54:00.000Z</time></trkpt>
      <trkpt lat="35.313659" lon="127.595756"><ele>1563.7</ele><time>2023-09-08T23:54:14.000Z</time></trkpt>
      <trkpt lat="35.313702" lon="127.595767"><ele>1563.3</ele><time>2023-09-08T23:54:14.000Z</time></trkpt>
      <trkpt lat="35.313747" lon="127.595773"><ele>1562.7</ele><time>2023-09-08T23:54:21.000Z</time></trkpt>
      <trkpt lat="35.313789" lon="127.595791"><ele>1561.9</ele><time>2023-09-08T23:54:21.000Z</time></trkpt>
      <trkpt lat="35.313826" lon="127.595822"><ele>1560.8</ele><time>2023-09-08T23:54:33.000Z</time></trkpt>
      <trkpt lat="35.313854" lon="127.595864"><ele>1559.5</ele><time>2023-09-08T23:54:33.000Z</time></trkpt>
      <trkpt lat="35.313869" lon="127.595915"><ele>1558.1</ele><time>2023-09-08T23:54:50.000Z</time></trkpt>
      <trkpt lat="35.313874" lon="127.595970"><ele>1556.5</ele><time>2023-09-08T23:54:50.000Z</time></trkpt>
      <trkpt lat="35.313877" lon="127.596025"><ele>1554.9</ele><time>2023-09-08T23:55:07.000Z</time></trkpt>
      <trkpt lat="35.313887" lon="127.596078"><ele>1553.4</ele><time>2023-09-08T23:55:07.000Z</time></trkpt>
      <trkpt lat="35.313904" lon="127.596129"><ele>1551.8</ele><time>2023-09-08T23:55:23.000Z</time></trkpt>
      <trkpt lat="35.313928" lon="127.596175"><ele>1550.3</ele><time>2023-09-08T23:55:23.000Z</time></trkpt>
      <trkpt lat="35.313958" lon="127.596217"><ele>1548.7</ele><time>2023-09-08T23:55:39.000Z</time></trkpt>
      <trkpt lat="35.313991" lon="127.596254"><ele>1547.1</ele><time>2023-09-08T23:55:39.000Z</time></trkpt>
      <trkpt lat="35.314026" lon="127.596288"><ele>1545.5</ele><time>2023-09-08T23:55:56.000Z</time></trkpt>
      <trkpt lat="35.314063" lon="127.596318"><ele>1543.8</ele><time>2023-09-08T23:56:12.000Z</time></trkpt>
      <trkpt lat="35.314101" lon="127.596348"><ele>1541.9</ele><time>2023-09-08T23:56:12.000Z</time></trkpt>
      <trkpt lat="35.314135" lon="127.596384"><ele>1540.0</ele><time>2023-09-08T23:56:25.000Z</time></trkpt>
      <trkpt lat="35.314162" lon="127.596428"><ele>1538.0</ele><time>2023-09-08T23:56:45.000Z</time></trkpt>
      <trkpt lat="35.314182" lon="127.596477"><ele>1536.1</ele><time>2023-09-08T23:56:45.000Z</time></trkpt>
      <trkpt lat="35.314199" lon="127.596528"><ele>1534.3</ele><time>2023-09-08T23:57:03.000Z</time></trkpt>
      <trkpt lat="35.314216" lon="127.596579"><ele>1532.5</ele><time>2023-09-08T23:57:03.000Z</time></trkpt>
      <trkpt lat="35.314233" lon="127.596630"><ele>1530.7</ele><time>2023-09-08T23:57:19.000Z</time></trkpt>
      <trkpt lat="35.314251" lon="127.596680"><ele>1529.0</ele><time>2023-09-08T23:57:32.000Z</time></trkpt>
      <trkpt lat="35.314271" lon="127.596730"><ele>1527.3</ele><time>2023-09-08T23:57:32.000Z</time></trkpt>
      <trkpt lat="35.314292" lon="127.596779"><ele>1525.6</ele><time>2023-09-08T23:57:47.000Z</time></trkpt>
      <trkpt lat="35.314314" lon="127.596827"><ele>1523.8</ele><time>2023-09-08T23:57:47.000Z</time></trkpt>
      <trkpt lat="35.314338" lon="127.596873"><ele>1522.1</ele><time>2023-09-08T23:58:03.000Z</time></trkpt>
      <trkpt lat="35.314362" lon="127.596920"><ele>1520.4</ele><time>2023-09-08T23:58:24.000Z</time></trkpt>
      <trkpt lat="35.314386" lon="127.596966"><ele>1518.8</ele><time>2023-09-08T23:58:24.000Z</time></trkpt>
      <trkpt lat="35.314408" lon="127.597014"><ele>1517.1</ele><time>2023-09-08T23:58:41.000Z</time></trkpt>
      <trkpt lat="35.314427" lon="127.597064"><ele>1515.5</ele><time>2023-09-08T23:58:41.000Z</time></trkpt>
      <trkpt lat="35.314450" lon="127.597111"><ele>1513.8</ele><time>2023-09-08T23:58:49.000Z</time></trkpt>
      <trkpt lat="35.314476" lon="127.597156"><ele>1512.3</ele><time>2023-09-08T23:58:49.000Z</time></trkpt>
      <trkpt lat="35.314499" lon="127.597204"><ele>1510.8</ele><time>2023-09-08T23:59:08.000Z</time></trkpt>
      <trkpt lat="35.314521" lon="127.597252"><ele>1509.4</ele><time>2023-09-08T23:59:08.000Z</time></trkpt>
      <trkpt lat="35.314547" lon="127.597296"><ele>1508.0</ele><time>2023-09-08T23:59:27.000Z</time></trkpt>
      <trkpt lat="35.314574" lon="127.597340"><ele>1506.7</ele><time>2023-09-08T23:59:27.000Z</time></trkpt>
      <trkpt lat="35.314596" lon="127.597388"><ele>1505.4</ele><time>2023-09-08T23:59:43.000Z</time></trkpt>
      <trkpt lat="35.314612" lon="127.597440"><ele>1504.1</ele><time>2023-09-08T23:59:56.000Z</time></trkpt>
      <trkpt lat="35.314626" lon="127.597492"><ele>1502.9</ele><time>2023-09-08T23:59:56.000Z</time></trkpt>
      <trkpt lat="35.314633" lon="127.597546"><ele>1501.7</ele><time>2023-09-09T00:00:11.000Z</time></trkpt>
      <trkpt lat="35.314634" lon="127.597601"><ele>1500.7</ele><time>2023-09-09T00:00:11.000Z</time></trkpt>
      <trkpt lat="35.314639" lon="127.597656"><ele>1499.8</ele><time>2023-09-09T00:00:25.000Z</time></trkpt>
      <trkpt lat="35.314654" lon="127.597707"><ele>1499.1</ele><time>2023-09-09T00:00:25.000Z</time></trkpt>
      <trkpt lat="35.314673" lon="127.597757"><ele>1498.4</ele><time>2023-09-09T00:00:37.000Z</time></trkpt>
      <trkpt lat="35.314692" lon="127.597807"><ele>1497.9</ele><time>2023-09-09T00:00:37.000Z</time></trkpt>
      <trkpt lat="35.314708" lon="127.597859"><ele>1497.3</ele><time>2023-09-09T00:00:48.000Z</time></trkpt>
      <trkpt lat="35.314723" lon="127.597911"><ele>1496.9</ele><time>2023-09-09T00:00:48.000Z</time></trkpt>
      <trkpt lat="35.314741" lon="127.597961"><ele>1496.6</ele><time>2023-09-09T00:00:58.000Z</time></trkpt>
      <trkpt lat="35.314765" lon="127.598008"><ele>1496.2</ele><time>2023-09-09T00:00:58.000Z</time></trkpt>
      <trkpt lat="35.314783" lon="127.598058"><ele>1495.9</ele><time>2023-09-09T00:01:10.000Z</time></trkpt>
      <trkpt lat="35.314794" lon="127.598111"><ele>1495.6</ele><time>2023-09-09T00:01:10.000Z</time></trkpt>
      <trkpt lat="35.314801" lon="127.598165"><ele>1495.2</ele><time>2023-09-09T00:01:20.000Z</time></trkpt>
      <trkpt lat="35.314807" lon="127.598220"><ele>1494.8</ele><time>2023-09-09T00:01:20.000Z</time></trkpt>
      <trkpt lat="35.314813" lon="127.598275"><ele>1494.3</ele><time>2023-09-09T00:01:31.000Z</time></trkpt>
      <trkpt lat="35.314820" lon="127.598329"><ele>1493.8</ele><time>2023-09-09T00:01:31.000Z</time></trkpt>
      <trkpt lat="35.314828" lon="127.598383"><ele>1493.2</ele><time>2023-09-09T00:01:42.000Z</time></trkpt>
      <trkpt lat="35.314838" lon="127.598437"><ele>1492.6</ele><time>2023-09-09T00:01:42.000Z</time></trkpt>
      <trkpt lat="35.314855" lon="127.598487"><ele>1492.0</ele><time>2023-09-09T00:01:53.000Z</time></trkpt>
      <trkpt lat="35.314880" lon="127.598533"><ele>1491.4</ele><time>2023-09-09T00:01:53.000Z</time></trkpt>
      <trkpt lat="35.314908" lon="127.598577"><ele>1490.7</ele><time>2023-09-09T00:02:08.000Z</time></trkpt>
      <trkpt lat="35.314937" lon="127.598618"><ele>1489.9</ele><time>2023-09-09T00:02:08.000Z</time></trkpt>
      <trkpt lat="35.314968" lon="127.598658"><ele>1489.2</ele><time>2023-09-09T00:02:20.000Z</time></trkpt>
      <trkpt lat="35.315002" lon="127.598694"><ele>1488.3</ele><time>2023-09-09T00:02:20.000Z</time></trkpt>
      <trkpt lat="35.315039" lon="127.598726"><ele>1487.5</ele><time>2023-09-09T00:02:32.000Z</time></trkpt>
      <trkpt lat="35.315078" lon="127.598753"><ele>1486.6</ele><time>2023-09-09T00:02:43.000Z</time></trkpt>
      <trkpt lat="35.315118" lon="127.598778"><ele>1485.7</ele><time>2023-09-09T00:02:43.000Z</time></trkpt>
      <trkpt lat="35.315158" lon="127.598804"><ele>1484.9</ele><time>2023-09-09T00:02:52.000Z</time></trkpt>
      <trkpt lat="35.315198" lon="127.598828"><ele>1484.0</ele><time>2023-09-09T00:02:52.000Z</time></trkpt>
      <trkpt lat="35.315241" lon="127.598845"><ele>1483.1</ele><time>2023-09-09T00:03:03.000Z</time></trkpt>
      <trkpt lat="35.315282" lon="127.598864"><ele>1482.2</ele><time>2023-09-09T00:03:03.000Z</time></trkpt>
      <trkpt lat="35.315320" lon="127.598894"><ele>1481.3</ele><time>2023-09-09T00:03:13.000Z</time></trkpt>
      <trkpt lat="35.315359" lon="127.598921"><ele>1480.5</ele><time>2023-09-09T00:03:13.000Z</time></trkpt>
      <trkpt lat="35.315400" lon="127.598941"><ele>1479.6</ele><time>2023-09-09T00:03:30.000Z</time></trkpt>
      <trkpt lat="35.315441" lon="127.598965"><ele>1478.7</ele><time>2023-09-09T00:03:30.000Z</time></trkpt>
      <trkpt lat="35.315476" lon="127.598999"><ele>1477.8</ele><time>2023-09-09T00:03:44.000Z</time></trkpt>
      <trkpt lat="35.315506" lon="127.599039"><ele>1477.0</ele><time>2023-09-09T00:03:55.000Z</time></trkpt>
      <trkpt lat="35.315536" lon="127.599081"><ele>1476.2</ele><time>2023-09-09T00:03:55.000Z</time></trkpt>
      <trkpt lat="35.315567" lon="127.599121"><ele>1475.4</ele><time>2023-09-09T00:04:10.000Z</time></trkpt>
      <trkpt lat="35.315598" lon="127.599160"><ele>1474.7</ele><time>2023-09-09T00:04:10.000Z</time></trkpt>
      <trkpt lat="35.315630" lon="127.599199"><ele>1474.0</ele><time>2023-09-09T00:04:18.000Z</time></trkpt>
      <trkpt lat="35.315662" lon="127.599238"><ele>1473.4</ele><time>2023-09-09T00:04:18.000Z</time></trkpt>
      <trkpt lat="35.315695" lon="127.599275"><ele>1472.7</ele><time>2023-09-09T00:04:31.000Z</time></trkpt>
      <trkpt lat="35.315728" lon="127.599312"><ele>1472.0</ele><time>2023-09-09T00:04:31.000Z</time></trkpt>
      <trkpt lat="35.315757" lon="127.599354"><ele>1471.3</ele><time>2023-09-09T00:04:38.000Z</time></trkpt>
      <trkpt lat="35.315784" lon="127.599399"><ele>1470.5</ele><time>2023-09-09T00:04:38.000Z</time></trkpt>
      <trkpt lat="35.315813" lon="127.599441"><ele>1469.7</ele><time>2023-09-09T00:04:56.000Z</time></trkpt>
      <trkpt lat="35.315846" lon="127.599478"><ele>1468.9</ele><time>2023-09-09T00:04:56.000Z</time></trkpt>
      <trkpt lat="35.315882" lon="127.599510"><ele>1468.1</ele><time>2023-09-09T00:05:04.000Z</time></trkpt>
      <trkpt lat="35.315920" lon="127.599540"><ele>1467.4</ele><time>2023-09-09T00:05:17.000Z</time></trkpt>
      <trkpt lat="35.315957" lon="127.599570"><ele>1466.6</ele><time>2023-09-09T00:05:17.000Z</time></trkpt>
      <trkpt lat="35.315989" lon="127.599609"><ele>1465.9</ele><time>2023-09-09T00:05:28.000Z</time></trkpt>
      <trkpt lat="35.316011" lon="127.599656"><ele>1465.1</ele><time>2023-09-09T00:05:28.000Z</time></trkpt>
      <trkpt lat="35.316027" lon="127.599708"><ele>1464.4</ele><time>2023-09-09T00:05:38.000Z</time></trkpt>
      <trkpt lat="35.316042" lon="127.599760"><ele>1463.6</ele><time>2023-09-09T00:05:38.000Z</time></trkpt>
      <trkpt lat="35.316064" lon="127.599807"><ele>1462.8</ele><time>2023-09-09T00:05:48.000Z</time></trkpt>
      <trkpt lat="35.316095" lon="127.599846"><ele>1462.0</ele><time>2023-09-09T00:05:48.000Z</time></trkpt>
      <trkpt lat="35.316129" lon="127.599882"><ele>1461.2</ele><time>2023-09-09T00:06:00.000Z</time></trkpt>
      <trkpt lat="35.316157" lon="127.599925"><ele>1460.5</ele><time>2023-09-09T00:06:00.000Z</time></trkpt>
      <trkpt lat="35.316174" lon="127.599975"><ele>1459.9</ele><time>2023-09-09T00:06:15.000Z</time></trkpt>
      <trkpt lat="35.316184" lon="127.600029"><ele>1459.3</ele><time>2023-09-09T00:06:15.000Z</time></trkpt>
      <trkpt lat="35.316194" lon="127.600083"><ele>1458.8</ele><time>2023-09-09T00:06:28.000Z</time></trkpt>
      <trkpt lat="35.316202" lon="127.600137"><ele>1458.4</ele><time>2023-09-09T00:06:28.000Z</time></trkpt>
      <trkpt lat="35.316205" lon="127.600192"><ele>1458.0</ele><time>2023-09-09T00:06:36.000Z</time></trkpt>
      <trkpt lat="35.316205" lon="127.600247"><ele>1457.6</ele><time>2023-09-09T00:06:36.000Z</time></trkpt>
      <trkpt lat="35.316207" lon="127.600302"><ele>1457.1</ele><time>2023-09-09T00:06:48.000Z</time></trkpt>
      <trkpt lat="35.316218" lon="127.600355"><ele>1456.7</ele><time>2023-09-09T00:07:01.000Z</time></trkpt>
      <trkpt lat="35.316240" lon="127.600403"><ele>1456.2</ele><time>2023-09-09T00:07:01.000Z</time></trkpt>
      <trkpt lat="35.316262" lon="127.600451"><ele>1455.7</ele><time>2023-09-09T00:07:17.000Z</time></trkpt>
      <trkpt lat="35.316282" lon="127.600500"><ele>1455.1</ele><time>2023-09-09T00:07:17.000Z</time></trkpt>
      <trkpt lat="35.316305" lon="127.600547"><ele>1454.4</ele><time>2023-09-09T00:07:29.000Z</time></trkpt>
      <trkpt lat="35.316333" lon="127.600590"><ele>1453.6</ele><time>2023-09-09T00:07:29.000Z</time></trkpt>
      <trkpt lat="35.316362" lon="127.600632"><ele>1452.7</ele><time>2023-09-09T00:07:45.000Z</time></trkpt>
      <trkpt lat="35.316392" lon="127.600673"><ele>1451.8</ele><time>2023-09-09T00:07:45.000Z</time></trkpt>
      <trkpt lat="35.316423" lon="127.600713"><ele>1450.8</ele><time>2023-09-09T00:08:01.000Z</time></trkpt>
      <trkpt lat="35.316453" lon="127.600754"><ele>1449.7</ele><time>2023-09-09T00:08:01.000Z</time></trkpt>
      <trkpt lat="35.316478" lon="127.600799"><ele>1448.6</ele><time>2023-09-09T00:08:19.000Z</time></trkpt>
      <trkpt lat="35.316501" lon="127.600847"><ele>1447.5</ele><time>2023-09-09T00:08:19.000Z</time></trkpt>
      <trkpt lat="35.316527" lon="127.600891"><ele>1446.4</ele><time>2023-09-09T00:08:34.000Z</time></trkpt>
      <trkpt lat="35.316560" lon="127.600928"><ele>1445.2</ele><time>2023-09-09T00:08:34.000Z</time></trkpt>
      <trkpt lat="35.316597" lon="127.600960"><ele>1444.0</ele><time>2023-09-09T00:08:55.000Z</time></trkpt>
      <trkpt lat="35.316634" lon="127.600991"><ele>1442.9</ele><time>2023-09-09T00:08:55.000Z</time></trkpt>
      <trkpt lat="35.316668" lon="127.601027"><ele>1441.7</ele><time>2023-09-09T00:09:07.000Z</time></trkpt>
      <trkpt lat="35.316693" lon="127.601072"><ele>1440.7</ele><time>2023-09-09T00:09:07.000Z</time></trkpt>
      <trkpt lat="35.316709" lon="127.601123"><ele>1439.7</ele><time>2023-09-09T00:09:25.000Z</time></trkpt>
      <trkpt lat="35.316726" lon="127.601175"><ele>1438.9</ele><time>2023-09-09T00:09:25.000Z</time></trkpt>
      <trkpt lat="35.316747" lon="127.601223"><ele>1438.1</ele><time>2023-09-09T00:09:54.000Z</time></trkpt>
      <trkpt lat="35.316772" lon="127.601269"><ele>1437.4</ele><time>2023-09-09T00:10:02.000Z</time></trkpt>
      <trkpt lat="35.316800" lon="127.601312"><ele>1436.8</ele><time>2023-09-09T00:10:02.000Z</time></trkpt>
      <trkpt lat="35.316830" lon="127.601353"><ele>1436.3</ele><time>2023-09-09T00:10:08.000Z</time></trkpt>
      <trkpt lat="35.316863" lon="127.601390"><ele>1435.8</ele><time>2023-09-09T00:10:08.000Z</time></trkpt>
      <trkpt lat="35.316897" lon="127.601426"><ele>1435.4</ele><time>2023-09-09T00:10:23.000Z</time></trkpt>
      <trkpt lat="35.316931" lon="127.601463"><ele>1435.0</ele><time>2023-09-09T00:10:23.000Z</time></trkpt>
      <trkpt lat="35.316963" lon="127.601501"><ele>1434.7</ele><time>2023-09-09T00:10:29.000Z</time></trkpt>
      <trkpt lat="35.316995" lon="127.601539"><ele>1434.4</ele><time>2023-09-09T00:10:29.000Z</time></trkpt>
      <trkpt lat="35.317026" lon="127.601579"><ele>1434.1</ele><time>2023-09-09T00:10:43.000Z</time></trkpt>
      <trkpt lat="35.317056" lon="127.601621"><ele>1433.9</ele><time>2023-09-09T00:10:43.000Z</time></trkpt>
      <trkpt lat="35.317082" lon="127.601666"><ele>1433.8</ele><time>2023-09-09T00:10:50.000Z</time></trkpt>
      <trkpt lat="35.317106" lon="127.601712"><ele>1433.8</ele><time>2023-09-09T00:10:50.000Z</time></trkpt>
      <trkpt lat="35.317128" lon="127.601760"><ele>1433.8</ele><time>2023-09-09T00:10:50.000Z</time></trkpt>
      <trkpt lat="35.317148" lon="127.601810"><ele>1433.8</ele><time>2023-09-09T00:11:04.000Z</time></trkpt>
      <trkpt lat="35.317160" lon="127.601862"><ele>1434.0</ele><time>2023-09-09T00:11:04.000Z</time></trkpt>
      <trkpt lat="35.317168" lon="127.601917"><ele>1434.1</ele><time>2023-09-09T00:11:11.000Z</time></trkpt>
      <trkpt lat="35.317180" lon="127.601969"><ele>1434.3</ele><time>2023-09-09T00:11:11.000Z</time></trkpt>
      <trkpt lat="35.317199" lon="127.602019"><ele>1434.5</ele><time>2023-09-09T00:11:23.000Z</time></trkpt>
      <trkpt lat="35.317223" lon="127.602065"><ele>1434.6</ele><time>2023-09-09T00:11:23.000Z</time></trkpt>
      <trkpt lat="35.317251" lon="127.602109"><ele>1434.7</ele><time>2023-09-09T00:11:37.000Z</time></trkpt>
      <trkpt lat="35.317279" lon="127.602152"><ele>1434.7</ele><time>2023-09-09T00:11:37.000Z</time></trkpt>
      <trkpt lat="35.317308" lon="127.602195"><ele>1434.6</ele><time>2023-09-09T00:11:45.000Z</time></trkpt>
      <trkpt lat="35.317339" lon="127.602233"><ele>1434.5</ele><time>2023-09-09T00:11:45.000Z</time></trkpt>
      <trkpt lat="35.317375" lon="127.602266"><ele>1434.2</ele><time>2023-09-09T00:11:52.000Z</time></trkpt>
      <trkpt lat="35.317414" lon="127.602293"><ele>1433.9</ele><time>2023-09-09T00:11:52.000Z</time></trkpt>
      <trkpt lat="35.317454" lon="127.602320"><ele>1433.5</ele><time>2023-09-09T00:12:06.000Z</time></trkpt>
      <trkpt lat="35.317490" lon="127.602352"><ele>1433.2</ele><time>2023-09-09T00:12:06.000Z</time></trkpt>
      <trkpt lat="35.317522" lon="127.602391"><ele>1432.8</ele><time>2023-09-09T00:12:21.000Z</time></trkpt>
      <trkpt lat="35.317553" lon="127.602430"><ele>1432.4</ele><time>2023-09-09T00:12:21.000Z</time></trkpt>
      <trkpt lat="35.317587" lon="127.602467"><ele>1432.1</ele><time>2023-09-09T00:12:30.000Z</time></trkpt>
      <trkpt lat="35.317621" lon="127.602503"><ele>1431.8</ele><time>2023-09-09T00:12:30.000Z</time></trkpt>
      <trkpt lat="35.317658" lon="127.602535"><ele>1431.7</ele><time>2023-09-09T00:12:33.000Z</time></trkpt>
      <trkpt lat="35.317695" lon="127.602565"><ele>1431.6</ele><time>2023-09-09T00:12:33.000Z</time></trkpt>
      <trkpt lat="35.317734" lon="127.602594"><ele>1431.6</ele><time>2023-09-09T00:12:47.000Z</time></trkpt>
      <trkpt lat="35.317771" lon="127.602624"><ele>1431.8</ele><time>2023-09-09T00:12:47.000Z</time></trkpt>
      <trkpt lat="35.317806" lon="127.602658"><ele>1432.0</ele><time>2023-09-09T00:12:54.000Z</time></trkpt>
      <trkpt lat="35.317838" lon="127.602697"><ele>1432.3</ele><time>2023-09-09T00:12:54.000Z</time></trkpt>
      <trkpt lat="35.317865" lon="127.602741"><ele>1432.6</ele><time>2023-09-09T00:13:06.000Z</time></trkpt>
      <trkpt lat="35.317883" lon="127.602791"><ele>1433.0</ele><time>2023-09-09T00:13:06.000Z</time></trkpt>
      <trkpt lat="35.317895" lon="127.602844"><ele>1433.5</ele><time>2023-09-09T00:13:15.000Z</time></trkpt>
      <trkpt lat="35.317902" lon="127.602898"><ele>1434.1</ele><time>2023-09-09T00:13:15.000Z</time></trkpt>
      <trkpt lat="35.317906" lon="127.602953"><ele>1434.7</ele><time>2023-09-09T00:13:28.000Z</time></trkpt>
      <trkpt lat="35.317911" lon="127.603008"><ele>1435.6</ele><time>2023-09-09T00:13:28.000Z</time></trkpt>
      <trkpt lat="35.317918" lon="127.603062"><ele>1436.6</ele><time>2023-09-09T00:13:44.000Z</time></trkpt>
      <trkpt lat="35.317928" lon="127.603116"><ele>1437.8</ele><time>2023-09-09T00:13:44.000Z</time></trkpt>
      <trkpt lat="35.317945" lon="127.603167"><ele>1439.1</ele><time>2023-09-09T00:13:55.000Z</time></trkpt>
      <trkpt lat="35.317972" lon="127.603210"><ele>1440.6</ele><time>2023-09-09T00:13:55.000Z</time></trkpt>
      <trkpt lat="35.318004" lon="127.603248"><ele>1442.0</ele><time>2023-09-09T00:14:17.000Z</time></trkpt>
      <trkpt lat="35.318036" lon="127.603287"><ele>1443.5</ele><time>2023-09-09T00:14:17.000Z</time></trkpt>
      <trkpt lat="35.318062" lon="127.603332"><ele>1445.0</ele><time>2023-09-09T00:14:37.000Z</time></trkpt>
      <trkpt lat="35.318081" lon="127.603382"><ele>1446.4</ele><time>2023-09-09T00:14:37.000Z</time></trkpt>
      <trkpt lat="35.318096" lon="127.603434"><ele>1447.8</ele><time>2023-09-09T00:14:58.000Z</time></trkpt>
      <trkpt lat="35.318110" lon="127.603486"><ele>1449.2</ele><time>2023-09-09T00:14:58.000Z</time></trkpt>
      <trkpt lat="35.318129" lon="127.603536"><ele>1450.5</ele><time>2023-09-09T00:15:18.000Z</time></trkpt>
      <trkpt lat="35.318151" lon="127.603583"><ele>1451.8</ele><time>2023-09-09T00:15:18.000Z</time></trkpt>
      <trkpt lat="35.318178" lon="127.603627"><ele>1453.2</ele><time>2023-09-09T00:15:38.000Z</time></trkpt>
      <trkpt lat="35.318205" lon="127.603672"><ele>1454.5</ele><time>2023-09-09T00:15:38.000Z</time></trkpt>
      <trkpt lat="35.318215" lon="127.603723"><ele>1456.0</ele><time>2023-09-09T00:15:59.000Z</time></trkpt>
      <trkpt lat="35.318201" lon="127.603774"><ele>1457.4</ele><time>2023-09-09T00:15:59.000Z</time></trkpt>
      <trkpt lat="35.318182" lon="127.603825"><ele>1458.9</ele><time>2023-09-09T00:16:17.000Z</time></trkpt>
      <trkpt lat="35.318176" lon="127.603878"><ele>1460.3</ele><time>2023-09-09T00:16:33.000Z</time></trkpt>
      <trkpt lat="35.318190" lon="127.603929"><ele>1461.7</ele><time>2023-09-09T00:16:33.000Z</time></trkpt>
      <trkpt lat="35.318213" lon="127.603976"><ele>1463.2</ele><time>2023-09-09T00:16:58.000Z</time></trkpt>
      <trkpt lat="35.318230" lon="127.604027"><ele>1464.6</ele><time>2023-09-09T00:17:35.000Z</time></trkpt>
      <trkpt lat="35.318233" lon="127.604082"><ele>1466.1</ele><time>2023-09-09T00:17:35.000Z</time></trkpt>
      <trkpt lat="35.318224" lon="127.604135"><ele>1467.6</ele><time>2023-09-09T00:17:55.000Z</time></trkpt>
      <trkpt lat="35.318219" lon="127.604190"><ele>1469.3</ele><time>2023-09-09T00:17:55.000Z</time></trkpt>
      <trkpt lat="35.318231" lon="127.604242"><ele>1471.2</ele><time>2023-09-09T00:21:00.000Z</time></trkpt>
      <trkpt lat="35.318251" lon="127.604292"><ele>1473.1</ele><time>2023-09-09T00:21:00.000Z</time></trkpt>
      <trkpt lat="35.318259" lon="127.604345"><ele>1475.1</ele><time>2023-09-09T00:21:16.000Z</time></trkpt>
      <trkpt lat="35.318252" lon="127.604399"><ele>1477.1</ele><time>2023-09-09T00:23:28.000Z</time></trkpt>
      <trkpt lat="35.318240" lon="127.604452"><ele>1479.1</ele><time>2023-09-09T00:23:28.000Z</time></trkpt>
      <trkpt lat="35.318226" lon="127.604504"><ele>1481.1</ele><time>2023-09-09T00:23:49.000Z</time></trkpt>
      <trkpt lat="35.318223" lon="127.604559"><ele>1483.1</ele><time>2023-09-09T00:23:49.000Z</time></trkpt>
      <trkpt lat="35.318241" lon="127.604608"><ele>1485.1</ele><time>2023-09-09T00:24:26.000Z</time></trkpt>
      <trkpt lat="35.318272" lon="127.604648"><ele>1486.9</ele><time>2023-09-09T00:24:50.000Z</time></trkpt>
      <trkpt lat="35.318305" lon="127.604686"><ele>1488.6</ele><time>2023-09-09T00:24:50.000Z</time></trkpt>
      <trkpt lat="35.318336" lon="127.604726"><ele>1490.0</ele><time>2023-09-09T00:25:08.000Z</time></trkpt>
      <trkpt lat="35.318365" lon="127.604767"><ele>1491.4</ele><time>2023-09-09T00:25:08.000Z</time></trkpt>
      <trkpt lat="35.318395" lon="127.604808"><ele>1492.6</ele><time>2023-09-09T00:25:28.000Z</time></trkpt>
      <trkpt lat="35.318426" lon="127.604848"><ele>1493.8</ele><time>2023-09-09T00:25:28.000Z</time></trkpt>
      <trkpt lat="35.318458" lon="127.604887"><ele>1495.0</ele><time>2023-09-09T00:25:49.000Z</time></trkpt>
      <trkpt lat="35.318492" lon="127.604924"><ele>1496.2</ele><time>2023-09-09T00:25:49.000Z</time></trkpt>
      <trkpt lat="35.318526" lon="127.604960"><ele>1497.3</ele><time>2023-09-09T00:26:04.000Z</time></trkpt>
      <trkpt lat="35.318558" lon="127.604998"><ele>1498.3</ele><time>2023-09-09T00:26:04.000Z</time></trkpt>
      <trkpt lat="35.318586" lon="127.605042"><ele>1499.2</ele><time>2023-09-09T00:26:17.000Z</time></trkpt>
      <trkpt lat="35.318609" lon="127.605089"><ele>1499.9</ele><time>2023-09-09T00:26:37.000Z</time></trkpt>
      <trkpt lat="35.318635" lon="127.605133"><ele>1500.4</ele><time>2023-09-09T00:26:37.000Z</time></trkpt>
      <trkpt lat="35.318669" lon="127.605169"><ele>1500.8</ele><time>2023-09-09T00:27:03.000Z</time></trkpt>
      <trkpt lat="35.318673" lon="127.605173"><ele>1500.8</ele><time>2023-09-09T00:27:03.000Z</time></trkpt>
      <trkpt lat="35.318706" lon="127.605201"><ele>1501.0</ele><time>2023-09-09T00:27:03.000Z</time></trkpt>
      <trkpt lat="35.318742" lon="127.605233"><ele>1501.1</ele><time>2023-09-09T00:27:15.000Z</time></trkpt>
      <trkpt lat="35.318778" lon="127.605266"><ele>1500.9</ele><time>2023-09-09T00:27:15.000Z</time></trkpt>
      <trkpt lat="35.318815" lon="127.605298"><ele>1500.7</ele><time>2023-09-09T00:27:24.000Z</time></trkpt>
      <trkpt lat="35.318851" lon="127.605331"><ele>1500.4</ele><time>2023-09-09T00:27:24.000Z</time></trkpt>
      <trkpt lat="35.318885" lon="127.605367"><ele>1500.0</ele><time>2023-09-09T00:27:32.000Z</time></trkpt>
      <trkpt lat="35.318917" lon="127.605406"><ele>1499.7</ele><time>2023-09-09T00:27:32.000Z</time></trkpt>
      <trkpt lat="35.318950" lon="127.605443"><ele>1499.4</ele><time>2023-09-09T00:27:39.000Z</time></trkpt>
      <trkpt lat="35.318986" lon="127.605477"><ele>1499.1</ele><time>2023-09-09T00:27:39.000Z</time></trkpt>
      <trkpt lat="35.319023" lon="127.605506"><ele>1498.9</ele><time>2023-09-09T00:27:51.000Z</time></trkpt>
      <trkpt lat="35.319062" lon="127.605534"><ele>1498.7</ele><time>2023-09-09T00:27:51.000Z</time></trkpt>
      <trkpt lat="35.319102" lon="127.605560"><ele>1498.5</ele><time>2023-09-09T00:28:00.000Z</time></trkpt>
      <trkpt lat="35.319142" lon="127.605585"><ele>1498.3</ele><time>2023-09-09T00:28:00.000Z</time></trkpt>
      <trkpt lat="35.319183" lon="127.605609"><ele>1498.0</ele><time>2023-09-09T00:28:00.000Z</time></trkpt>
      <trkpt lat="35.319222" lon="127.605635"><ele>1497.7</ele><time>2023-09-09T00:28:13.000Z</time></trkpt>
      <trkpt lat="35.319261" lon="127.605663"><ele>1497.5</ele><time>2023-09-09T00:28:19.000Z</time></trkpt>
      <trkpt lat="35.319299" lon="127.605692"><ele>1497.3</ele><time>2023-09-09T00:28:19.000Z</time></trkpt>
      <trkpt lat="35.319338" lon="127.605719"><ele>1497.1</ele><time>2023-09-09T00:28:19.000Z</time></trkpt>
      <trkpt lat="35.319377" lon="127.605746"><ele>1497.0</ele><time>2023-09-09T00:28:33.000Z</time></trkpt>
      <trkpt lat="35.319415" lon="127.605776"><ele>1496.9</ele><time>2023-09-09T00:28:33.000Z</time></trkpt>
      <trkpt lat="35.319451" lon="127.605809"><ele>1496.7</ele><time>2023-09-09T00:28:41.000Z</time></trkpt>
      <trkpt lat="35.319484" lon="127.605847"><ele>1496.5</ele><time>2023-09-09T00:28:54.000Z</time></trkpt>
      <trkpt lat="35.319509" lon="127.605892"><ele>1496.2</ele><time>2023-09-09T00:28:54.000Z</time></trkpt>
      <trkpt lat="35.319527" lon="127.605942"><ele>1495.8</ele><time>2023-09-09T00:29:06.000Z</time></trkpt>
      <trkpt lat="35.319551" lon="127.605989"><ele>1495.3</ele><time>2023-09-09T00:29:18.000Z</time></trkpt>
      <trkpt lat="35.319589" lon="127.606018"><ele>1494.8</ele><time>2023-09-09T00:29:27.000Z</time></trkpt>
      <trkpt lat="35.319634" lon="127.606025"><ele>1494.2</ele><time>2023-09-09T00:29:27.000Z</time></trkpt>
      <trkpt lat="35.319679" lon="127.606023"><ele>1493.5</ele><time>2023-09-09T00:29:39.000Z</time></trkpt>
      <trkpt lat="35.319724" lon="127.606022"><ele>1492.8</ele><time>2023-09-09T00:29:39.000Z</time></trkpt>
      <trkpt lat="35.319769" lon="127.606027"><ele>1492.1</ele><time>2023-09-09T00:29:51.000Z</time></trkpt>
      <trkpt lat="35.319812" lon="127.606041"><ele>1491.5</ele><time>2023-09-09T00:29:51.000Z</time></trkpt>
      <trkpt lat="35.319854" lon="127.606061"><ele>1490.8</ele><time>2023-09-09T00:30:03.000Z</time></trkpt>
      <trkpt lat="35.319895" lon="127.606083"><ele>1490.2</ele><time>2023-09-09T00:30:03.000Z</time></trkpt>
      <trkpt lat="35.319937" lon="127.606104"><ele>1489.6</ele><time>2023-09-09T00:30:17.000Z</time></trkpt>
      <trkpt lat="35.319978" lon="127.606126"><ele>1489.1</ele><time>2023-09-09T00:30:17.000Z</time></trkpt>
      <trkpt lat="35.320019" lon="127.606150"><ele>1488.5</ele><time>2023-09-09T00:30:29.000Z</time></trkpt>
      <trkpt lat="35.320056" lon="127.606180"><ele>1487.9</ele><time>2023-09-09T00:30:29.000Z</time></trkpt>
      <trkpt lat="35.320093" lon="127.606211"><ele>1487.3</ele><time>2023-09-09T00:30:37.000Z</time></trkpt>
      <trkpt lat="35.320132" lon="127.606239"><ele>1486.8</ele><time>2023-09-09T00:30:37.000Z</time></trkpt>
      <trkpt lat="35.320174" lon="127.606258"><ele>1486.4</ele><time>2023-09-09T00:30:50.000Z</time></trkpt>
      <trkpt lat="35.320218" lon="127.606273"><ele>1485.9</ele><time>2023-09-09T00:30:50.000Z</time></trkpt>
      <trkpt lat="35.320261" lon="127.606289"><ele>1485.6</ele><time>2023-09-09T00:31:01.000Z</time></trkpt>
      <trkpt lat="35.320301" lon="127.606312"><ele>1485.2</ele><time>2023-09-09T00:31:01.000Z</time></trkpt>
      <trkpt lat="35.320341" lon="127.606338"><ele>1484.8</ele><time>2023-09-09T00:31:05.000Z</time></trkpt>
      <trkpt lat="35.320382" lon="127.606361"><ele>1484.4</ele><time>2023-09-09T00:31:17.000Z</time></trkpt>
      <trkpt lat="35.320425" lon="127.606375"><ele>1484.1</ele><time>2023-09-09T00:31:17.000Z</time></trkpt>
      <trkpt lat="35.320468" lon="127.606391"><ele>1483.7</ele><time>2023-09-09T00:31:25.000Z</time></trkpt>
      <trkpt lat="35.320510" lon="127.606411"><ele>1483.4</ele><time>2023-09-09T00:31:25.000Z</time></trkpt>
      <trkpt lat="35.320555" lon="127.606420"><ele>1483.1</ele><time>2023-09-09T00:31:25.000Z</time></trkpt>
      <trkpt lat="35.320600" lon="127.606417"><ele>1482.9</ele><time>2023-09-09T00:31:43.000Z</time></trkpt>
      <trkpt lat="35.320645" lon="127.606416"><ele>1482.7</ele><time>2023-09-09T00:31:43.000Z</time></trkpt>
      <trkpt lat="35.320689" lon="127.606426"><ele>1482.5</ele><time>2023-09-09T00:31:55.000Z</time></trkpt>
      <trkpt lat="35.320732" lon="127.606439"><ele>1482.3</ele><time>2023-09-09T00:31:55.000Z</time></trkpt>
      <trkpt lat="35.320777" lon="127.606448"><ele>1482.3</ele><time>2023-09-09T00:32:04.000Z</time></trkpt>
      <trkpt lat="35.320822" lon="127.606454"><ele>1482.3</ele><time>2023-09-09T00:32:04.000Z</time></trkpt>
      <trkpt lat="35.320866" lon="127.606462"><ele>1482.3</ele><time>2023-09-09T00:32:15.000Z</time></trkpt>
      <trkpt lat="35.320910" lon="127.606471"><ele>1482.3</ele><time>2023-09-09T00:32:15.000Z</time></trkpt>
      <trkpt lat="35.320955" lon="127.606472"><ele>1482.2</ele><time>2023-09-09T00:32:28.000Z</time></trkpt>
      <trkpt lat="35.321000" lon="127.606464"><ele>1482.2</ele><time>2023-09-09T00:32:28.000Z</time></trkpt>
      <trkpt lat="35.321043" lon="127.606449"><ele>1482.0</ele><time>2023-09-09T00:32:47.000Z</time></trkpt>
      <trkpt lat="35.321084" lon="127.606426"><ele>1481.9</ele><time>2023-09-09T00:32:47.000Z</time></trkpt>
      <trkpt lat="35.321123" lon="127.606398"><ele>1481.7</ele><time>2023-09-09T00:33:00.000Z</time></trkpt>
      <trkpt lat="35.321159" lon="127.606365"><ele>1481.6</ele><time>2023-09-09T00:33:00.000Z</time></trkpt>
      <trkpt lat="35.321195" lon="127.606334"><ele>1481.4</ele><time>2023-09-09T00:33:09.000Z</time></trkpt>
      <trkpt lat="35.321236" lon="127.606310"><ele>1481.3</ele><time>2023-09-09T00:33:09.000Z</time></trkpt>
      <trkpt lat="35.321280" lon="127.606299"><ele>1481.2</ele><time>2023-09-09T00:33:26.000Z</time></trkpt>
      <trkpt lat="35.321325" lon="127.606295"><ele>1481.1</ele><time>2023-09-09T00:33:26.000Z</time></trkpt>
      <trkpt lat="35.321370" lon="127.606292"><ele>1481.0</ele><time>2023-09-09T00:33:43.000Z</time></trkpt>
      <trkpt lat="35.321415" lon="127.606288"><ele>1481.0</ele><time>2023-09-09T00:33:43.000Z</time></trkpt>
      <trkpt lat="35.321459" lon="127.606279"><ele>1481.2</ele><time>2023-09-09T00:33:58.000Z</time></trkpt>
      <trkpt lat="35.321503" lon="127.606270"><ele>1481.5</ele><time>2023-09-09T00:33:58.000Z</time></trkpt>
      <trkpt lat="35.321548" lon="127.606264"><ele>1482.0</ele><time>2023-09-09T00:34:10.000Z</time></trkpt>
      <trkpt lat="35.321593" lon="127.606266"><ele>1482.7</ele><time>2023-09-09T00:34:10.000Z</time></trkpt>
      <trkpt lat="35.321635" lon="127.606283"><ele>1483.4</ele><time>2023-09-09T00:34:10.000Z</time></trkpt>
      <trkpt lat="35.321675" lon="127.606310"><ele>1484.4</ele><time>2023-09-09T00:34:28.000Z</time></trkpt>
      <trkpt lat="35.321715" lon="127.606336"><ele>1485.4</ele><time>2023-09-09T00:34:28.000Z</time></trkpt>
      <trkpt lat="35.321757" lon="127.606355"><ele>1486.6</ele><time>2023-09-09T00:35:05.000Z</time></trkpt>
      <trkpt lat="35.321800" lon="127.606368"><ele>1487.9</ele><time>2023-09-09T00:35:05.000Z</time></trkpt>
      <trkpt lat="35.321845" lon="127.606373"><ele>1489.3</ele><time>2023-09-09T00:35:33.000Z</time></trkpt>
      <trkpt lat="35.321890" lon="127.606379"><ele>1490.6</ele><time>2023-09-09T00:35:33.000Z</time></trkpt>
      <trkpt lat="35.321934" lon="127.606388"><ele>1491.8</ele><time>2023-09-09T00:35:53.000Z</time></trkpt>
      <trkpt lat="35.321977" lon="127.606403"><ele>1492.7</ele><time>2023-09-09T00:35:53.000Z</time></trkpt>
      <trkpt lat="35.322022" lon="127.606406"><ele>1493.4</ele><time>2023-09-09T00:36:14.000Z</time></trkpt>
      <trkpt lat="35.322066" lon="127.606394"><ele>1493.7</ele><time>2023-09-09T00:36:30.000Z</time></trkpt>
      <trkpt lat="35.322110" lon="127.606392"><ele>1493.8</ele><time>2023-09-09T00:36:39.000Z</time></trkpt>
      <trkpt lat="35.322155" lon="127.606401"><ele>1493.7</ele><time>2023-09-09T00:36:39.000Z</time></trkpt>
      <trkpt lat="35.322199" lon="127.606402"><ele>1493.5</ele><time>2023-09-09T00:36:55.000Z</time></trkpt>
      <trkpt lat="35.322244" lon="127.606393"><ele>1493.3</ele><time>2023-09-09T00:36:55.000Z</time></trkpt>
      <trkpt lat="35.322288" lon="127.606384"><ele>1493.2</ele><time>2023-09-09T00:36:55.000Z</time></trkpt>
      <trkpt lat="35.322333" lon="127.606378"><ele>1493.1</ele><time>2023-09-09T00:37:11.000Z</time></trkpt>
      <trkpt lat="35.322378" lon="127.606378"><ele>1493.2</ele><time>2023-09-09T00:37:24.000Z</time></trkpt>
      <trkpt lat="35.322422" lon="127.606386"><ele>1493.3</ele><time>2023-09-09T00:37:24.000Z</time></trkpt>
      <trkpt lat="35.322465" lon="127.606403"><ele>1493.7</ele><time>2023-09-09T00:37:35.000Z</time></trkpt>
      <trkpt lat="35.322507" lon="127.606423"><ele>1494.1</ele><time>2023-09-09T00:37:35.000Z</time></trkpt>
      <trkpt lat="35.322550" lon="127.606439"><ele>1494.7</ele><time>2023-09-09T00:37:49.000Z</time></trkpt>
      <trkpt lat="35.322593" lon="127.606454"><ele>1495.5</ele><time>2023-09-09T00:37:49.000Z</time></trkpt>
      <trkpt lat="35.322635" lon="127.606472"><ele>1496.4</ele><time>2023-09-09T00:38:02.000Z</time></trkpt>
      <trkpt lat="35.322678" lon="127.606491"><ele>1497.4</ele><time>2023-09-09T00:38:02.000Z</time></trkpt>
      <trkpt lat="35.322720" lon="127.606510"><ele>1498.4</ele><time>2023-09-09T00:38:17.000Z</time></trkpt>
      <trkpt lat="35.322761" lon="127.606531"><ele>1499.5</ele><time>2023-09-09T00:38:17.000Z</time></trkpt>
      <trkpt lat="35.322802" lon="127.606555"><ele>1500.5</ele><time>2023-09-09T00:38:42.000Z</time></trkpt>
      <trkpt lat="35.322844" lon="127.606575"><ele>1501.4</ele><time>2023-09-09T00:38:42.000Z</time></trkpt>
      <trkpt lat="35.322887" lon="127.606589"><ele>1502.3</ele><time>2023-09-09T00:38:54.000Z</time></trkpt>
      <trkpt lat="35.322931" lon="127.606602"><ele>1503.1</ele><time>2023-09-09T00:38:54.000Z</time></trkpt>
      <trkpt lat="35.322975" lon="127.606614"><ele>1503.7</ele><time>2023-09-09T00:39:11.000Z</time></trkpt>
      <trkpt lat="35.323019" lon="127.606622"><ele>1504.3</ele><time>2023-09-09T00:39:11.000Z</time></trkpt>
      <trkpt lat="35.323064" lon="127.606625"><ele>1504.8</ele><time>2023-09-09T00:39:26.000Z</time></trkpt>
      <trkpt lat="35.323109" lon="127.606622"><ele>1505.4</ele><time>2023-09-09T00:39:26.000Z</time></trkpt>
      <trkpt lat="35.323154" lon="127.606614"><ele>1506.0</ele><time>2023-09-09T00:39:37.000Z</time></trkpt>
      <trkpt lat="35.323198" lon="127.606607"><ele>1506.7</ele><time>2023-09-09T00:39:48.000Z</time></trkpt>
      <trkpt lat="35.323243" lon="127.606608"><ele>1507.6</ele><time>2023-09-09T00:40:00.000Z</time></trkpt>
      <trkpt lat="35.323287" lon="127.606621"><ele>1508.6</ele><time>2023-09-09T00:40:00.000Z</time></trkpt>
      <trkpt lat="35.323330" lon="127.606634"><ele>1509.7</ele><time>2023-09-09T00:40:29.000Z</time></trkpt>
      <trkpt lat="35.323375" lon="127.606644"><ele>1510.9</ele><time>2023-09-09T00:40:42.000Z</time></trkpt>
      <trkpt lat="35.323419" lon="127.606651"><ele>1512.2</ele><time>2023-09-09T00:40:42.000Z</time></trkpt>
      <trkpt lat="35.323464" lon="127.606652"><ele>1513.6</ele><time>2023-09-09T00:40:58.000Z</time></trkpt>
      <trkpt lat="35.323509" lon="127.606647"><ele>1515.0</ele><time>2023-09-09T00:40:58.000Z</time></trkpt>
      <trkpt lat="35.323554" lon="127.606645"><ele>1516.4</ele><time>2023-09-09T00:41:14.000Z</time></trkpt>
      <trkpt lat="35.323598" lon="127.606650"><ele>1517.9</ele><time>2023-09-09T00:41:14.000Z</time></trkpt>
      <trkpt lat="35.323640" lon="127.606670"><ele>1519.4</ele><time>2023-09-09T00:41:39.000Z</time></trkpt>
      <trkpt lat="35.323676" lon="127.606703"><ele>1520.9</ele><time>2023-09-09T00:41:39.000Z</time></trkpt>
      <trkpt lat="35.323707" lon="127.606741"><ele>1522.4</ele><time>2023-09-09T00:42:11.000Z</time></trkpt>
      <trkpt lat="35.323748" lon="127.606760"><ele>1523.9</ele><time>2023-09-09T00:42:30.000Z</time></trkpt>
      <trkpt lat="35.323793" lon="127.606758"><ele>1525.1</ele><time>2023-09-09T00:42:30.000Z</time></trkpt>
      <trkpt lat="35.323838" lon="127.606751"><ele>1526.2</ele><time>2023-09-09T00:42:30.000Z</time></trkpt>
      <trkpt lat="35.323882" lon="127.606747"><ele>1527.1</ele><time>2023-09-09T00:42:42.000Z</time></trkpt>
      <trkpt lat="35.323927" lon="127.606748"><ele>1527.8</ele><time>2023-09-09T00:42:42.000Z</time></trkpt>
      <trkpt lat="35.323972" lon="127.606753"><ele>1528.4</ele><time>2023-09-09T00:43:03.000Z</time></trkpt>
      <trkpt lat="35.324017" lon="127.606758"><ele>1529.0</ele><time>2023-09-09T00:43:03.000Z</time></trkpt>
      <trkpt lat="35.324061" lon="127.606766"><ele>1529.6</ele><time>2023-09-09T00:43:19.000Z</time></trkpt>
      <trkpt lat="35.324105" lon="127.606780"><ele>1530.3</ele><time>2023-09-09T00:43:26.000Z</time></trkpt>
      <trkpt lat="35.324148" lon="127.606797"><ele>1531.2</ele><time>2023-09-09T00:43:26.000Z</time></trkpt>
      <trkpt lat="35.324191" lon="127.606809"><ele>1532.3</ele><time>2023-09-09T00:43:40.000Z</time></trkpt>
      <trkpt lat="35.324233" lon="127.606828"><ele>1533.6</ele><time>2023-09-09T00:43:40.000Z</time></trkpt>
      <trkpt lat="35.324272" lon="127.606856"><ele>1535.2</ele><time>2023-09-09T00:44:00.000Z</time></trkpt>
      <trkpt lat="35.324308" lon="127.606889"><ele>1537.3</ele><time>2023-09-09T00:44:00.000Z</time></trkpt>
      <trkpt lat="35.324343" lon="127.606923"><ele>1539.6</ele><time>2023-09-09T00:44:27.000Z</time></trkpt>
      <trkpt lat="35.324373" lon="127.606964"><ele>1542.1</ele><time>2023-09-09T00:47:29.000Z</time></trkpt>
      <trkpt lat="35.324396" lon="127.607011"><ele>1544.7</ele><time>2023-09-09T00:47:41.000Z</time></trkpt>
      <trkpt lat="35.324417" lon="127.607060"><ele>1547.2</ele><time>2023-09-09T00:47:41.000Z</time></trkpt>
      <trkpt lat="35.324441" lon="127.607107"><ele>1549.4</ele><time>2023-09-09T00:47:41.000Z</time></trkpt>
      <trkpt lat="35.324468" lon="127.607151"><ele>1551.5</ele><time>2023-09-09T00:47:53.000Z</time></trkpt>
      <trkpt lat="35.324499" lon="127.607189"><ele>1553.7</ele><time>2023-09-09T00:48:21.000Z</time></trkpt>
      <trkpt lat="35.324537" lon="127.607219"><ele>1555.8</ele><time>2023-09-09T00:48:21.000Z</time></trkpt>
      <trkpt lat="35.324577" lon="127.607244"><ele>1557.7</ele><time>2023-09-09T00:48:43.000Z</time></trkpt>
      <trkpt lat="35.324611" lon="127.607279"><ele>1559.4</ele><time>2023-09-09T00:48:43.000Z</time></trkpt>
      <trkpt lat="35.324640" lon="127.607322"><ele>1561.0</ele><time>2023-09-09T00:49:16.000Z</time></trkpt>
      <trkpt lat="35.324667" lon="127.607366"><ele>1562.3</ele><time>2023-09-09T00:49:16.000Z</time></trkpt>
      <trkpt lat="35.324693" lon="127.607410"><ele>1563.5</ele><time>2023-09-09T00:49:36.000Z</time></trkpt>
      <trkpt lat="35.324719" lon="127.607455"><ele>1564.5</ele><time>2023-09-09T00:49:36.000Z</time></trkpt>
      <trkpt lat="35.324748" lon="127.607497"><ele>1565.3</ele><time>2023-09-09T00:49:54.000Z</time></trkpt>
      <trkpt lat="35.324769" lon="127.607519"><ele>1565.7</ele><time>2023-09-09T00:49:54.000Z</time></trkpt>
      <trkpt lat="35.324784" lon="127.607530"><ele>1565.8</ele><time>2023-09-09T00:49:54.000Z</time></trkpt>
      <trkpt lat="35.324820" lon="127.607562"><ele>1566.0</ele><time>2023-09-09T00:50:05.000Z</time></trkpt>
      <trkpt lat="35.324847" lon="127.607606"><ele>1565.9</ele><time>2023-09-09T00:50:05.000Z</time></trkpt>
      <trkpt lat="35.324869" lon="127.607654"><ele>1565.6</ele><time>2023-09-09T00:50:14.000Z</time></trkpt>
      <trkpt lat="35.324893" lon="127.607701"><ele>1565.2</ele><time>2023-09-09T00:50:22.000Z</time></trkpt>
      <trkpt lat="35.324922" lon="127.607743"><ele>1564.7</ele><time>2023-09-09T00:50:22.000Z</time></trkpt>
      <trkpt lat="35.324956" lon="127.607778"><ele>1564.1</ele><time>2023-09-09T00:50:34.000Z</time></trkpt>
      <trkpt lat="35.324993" lon="127.607810"><ele>1563.5</ele><time>2023-09-09T00:50:34.000Z</time></trkpt>
      <trkpt lat="35.325021" lon="127.607849"><ele>1562.9</ele><time>2023-09-09T00:50:45.000Z</time></trkpt>
      <trkpt lat="35.325032" lon="127.607902"><ele>1562.5</ele><time>2023-09-09T00:50:45.000Z</time></trkpt>
      <trkpt lat="35.325039" lon="127.607957"><ele>1562.1</ele><time>2023-09-09T00:50:55.000Z</time></trkpt>
      <trkpt lat="35.325049" lon="127.608010"><ele>1561.8</ele><time>2023-09-09T00:50:55.000Z</time></trkpt>
      <trkpt lat="35.325066" lon="127.608061"><ele>1561.7</ele><time>2023-09-09T00:51:07.000Z</time></trkpt>
      <trkpt lat="35.325089" lon="127.608109"><ele>1561.5</ele><time>2023-09-09T00:51:07.000Z</time></trkpt>
      <trkpt lat="35.325111" lon="127.608157"><ele>1561.3</ele><time>2023-09-09T00:51:19.000Z</time></trkpt>
      <trkpt lat="35.325127" lon="127.608208"><ele>1561.2</ele><time>2023-09-09T00:51:19.000Z</time></trkpt>
      <trkpt lat="35.325138" lon="127.608261"><ele>1560.9</ele><time>2023-09-09T00:51:33.000Z</time></trkpt>
      <trkpt lat="35.325156" lon="127.608311"><ele>1560.6</ele><time>2023-09-09T00:51:33.000Z</time></trkpt>
      <trkpt lat="35.325185" lon="127.608352"><ele>1560.3</ele><time>2023-09-09T00:51:40.000Z</time></trkpt>
      <trkpt lat="35.325223" lon="127.608380"><ele>1559.9</ele><time>2023-09-09T00:51:53.000Z</time></trkpt>
      <trkpt lat="35.325264" lon="127.608404"><ele>1559.4</ele><time>2023-09-09T00:51:53.000Z</time></trkpt>
      <trkpt lat="35.325302" lon="127.608433"><ele>1558.8</ele><time>2023-09-09T00:52:05.000Z</time></trkpt>
      <trkpt lat="35.325334" lon="127.608471"><ele>1558.2</ele><time>2023-09-09T00:52:14.000Z</time></trkpt>
      <trkpt lat="35.325360" lon="127.608516"><ele>1557.5</ele><time>2023-09-09T00:52:14.000Z</time></trkpt>
      <trkpt lat="35.325386" lon="127.608561"><ele>1556.8</ele><time>2023-09-09T00:52:21.000Z</time></trkpt>
      <trkpt lat="35.325414" lon="127.608604"><ele>1556.1</ele><time>2023-09-09T00:52:21.000Z</time></trkpt>
      <trkpt lat="35.325448" lon="127.608639"><ele>1555.4</ele><time>2023-09-09T00:52:34.000Z</time></trkpt>
      <trkpt lat="35.325489" lon="127.608659"><ele>1554.6</ele><time>2023-09-09T00:52:34.000Z</time></trkpt>
      <trkpt lat="35.325533" lon="127.608669"><ele>1553.8</ele><time>2023-09-09T00:52:47.000Z</time></trkpt>
      <trkpt lat="35.325575" lon="127.608687"><ele>1553.0</ele><time>2023-09-09T00:52:47.000Z</time></trkpt>
      <trkpt lat="35.325611" lon="127.608720"><ele>1552.3</ele><time>2023-09-09T00:52:58.000Z</time></trkpt>
      <trkpt lat="35.325644" lon="127.608757"><ele>1551.6</ele><time>2023-09-09T00:52:58.000Z</time></trkpt>
      <trkpt lat="35.325681" lon="127.608789"><ele>1551.1</ele><time>2023-09-09T00:53:11.000Z</time></trkpt>
      <trkpt lat="35.325722" lon="127.608811"><ele>1550.8</ele><time>2023-09-09T00:53:11.000Z</time></trkpt>
      <trkpt lat="35.325765" lon="127.608828"><ele>1550.6</ele><time>2023-09-09T00:53:23.000Z</time></trkpt>
      <trkpt lat="35.325808" lon="127.608843"><ele>1550.7</ele><time>2023-09-09T00:53:23.000Z</time></trkpt>
      <trkpt lat="35.325851" lon="127.608859"><ele>1550.9</ele><time>2023-09-09T00:53:23.000Z</time></trkpt>
      <trkpt lat="35.325891" lon="127.608882"><ele>1551.4</ele><time>2023-09-09T00:53:36.000Z</time></trkpt>
      <trkpt lat="35.325929" lon="127.608913"><ele>1552.2</ele><time>2023-09-09T00:53:44.000Z</time></trkpt>
      <trkpt lat="35.325964" lon="127.608947"><ele>1553.1</ele><time>2023-09-09T00:53:44.000Z</time></trkpt>
      <trkpt lat="35.325999" lon="127.608982"><ele>1554.2</ele><time>2023-09-09T00:54:12.000Z</time></trkpt>
      <trkpt lat="35.326033" lon="127.609018"><ele>1555.5</ele><time>2023-09-09T00:54:12.000Z</time></trkpt>
      <trkpt lat="35.326066" lon="127.609055"><ele>1556.8</ele><time>2023-09-09T00:54:29.000Z</time></trkpt>
      <trkpt lat="35.326097" lon="127.609095"><ele>1558.1</ele><time>2023-09-09T00:54:29.000Z</time></trkpt>
      <trkpt lat="35.326123" lon="127.609140"><ele>1559.4</ele><time>2023-09-09T00:54:49.000Z</time></trkpt>
      <trkpt lat="35.326146" lon="127.609187"><ele>1560.6</ele><time>2023-09-09T00:54:49.000Z</time></trkpt>
      <trkpt lat="35.326164" lon="127.609237"><ele>1561.8</ele><time>2023-09-09T00:55:05.000Z</time></trkpt>
      <trkpt lat="35.326181" lon="127.609289"><ele>1562.7</ele><time>2023-09-09T00:55:05.000Z</time></trkpt>
      <trkpt lat="35.326195" lon="127.609341"><ele>1563.6</ele><time>2023-09-09T00:55:26.000Z</time></trkpt>
      <trkpt lat="35.326209" lon="127.609394"><ele>1564.3</ele><time>2023-09-09T00:55:26.000Z</time></trkpt>
      <trkpt lat="35.326223" lon="127.609446"><ele>1564.9</ele><time>2023-09-09T00:55:47.000Z</time></trkpt>
      <trkpt lat="35.326241" lon="127.609496"><ele>1565.5</ele><time>2023-09-09T00:55:47.000Z</time></trkpt>
      <trkpt lat="35.326260" lon="127.609546"><ele>1565.9</ele><time>2023-09-09T00:56:08.000Z</time></trkpt>
      <trkpt lat="35.326276" lon="127.609597"><ele>1566.3</ele><time>2023-09-09T00:56:08.000Z</time></trkpt>
      <trkpt lat="35.326286" lon="127.609651"><ele>1566.6</ele><time>2023-09-09T00:56:25.000Z</time></trkpt>
      <trkpt lat="35.326290" lon="127.609706"><ele>1566.8</ele><time>2023-09-09T00:56:25.000Z</time></trkpt>
      <trkpt lat="35.326293" lon="127.609761"><ele>1567.0</ele><time>2023-09-09T00:56:35.000Z</time></trkpt>
      <trkpt lat="35.326302" lon="127.609814"><ele>1567.1</ele><time>2023-09-09T00:56:35.000Z</time></trkpt>
      <trkpt lat="35.326322" lon="127.609863"><ele>1567.2</ele><time>2023-09-09T00:56:48.000Z</time></trkpt>
      <trkpt lat="35.326350" lon="127.609906"><ele>1567.3</ele><time>2023-09-09T00:56:48.000Z</time></trkpt>
      <trkpt lat="35.326382" lon="127.609945"><ele>1567.5</ele><time>2023-09-09T00:56:48.000Z</time></trkpt>
      <trkpt lat="35.326414" lon="127.609984"><ele>1567.7</ele><time>2023-09-09T00:57:06.000Z</time></trkpt>
      <trkpt lat="35.326444" lon="127.610025"><ele>1567.9</ele><time>2023-09-09T00:57:06.000Z</time></trkpt>
      <trkpt lat="35.326474" lon="127.610066"><ele>1568.1</ele><time>2023-09-09T00:57:18.000Z</time></trkpt>
      <trkpt lat="35.326507" lon="127.610104"><ele>1568.4</ele><time>2023-09-09T00:57:18.000Z</time></trkpt>
      <trkpt lat="35.326539" lon="127.610142"><ele>1568.7</ele><time>2023-09-09T00:57:30.000Z</time></trkpt>
      <trkpt lat="35.326568" lon="127.610184"><ele>1569.0</ele><time>2023-09-09T00:57:30.000Z</time></trkpt>
      <trkpt lat="35.326586" lon="127.610234"><ele>1569.4</ele><time>2023-09-09T00:57:42.000Z</time></trkpt>
      <trkpt lat="35.326597" lon="127.610287"><ele>1569.8</ele><time>2023-09-09T00:57:56.000Z</time></trkpt>
      <trkpt lat="35.326611" lon="127.610339"><ele>1570.2</ele><time>2023-09-09T00:57:56.000Z</time></trkpt>
      <trkpt lat="35.326629" lon="127.610390"><ele>1570.6</ele><time>2023-09-09T00:58:08.000Z</time></trkpt>
      <trkpt lat="35.326648" lon="127.610440"><ele>1570.9</ele><time>2023-09-09T00:58:08.000Z</time></trkpt>
      <trkpt lat="35.326672" lon="127.610486"><ele>1571.1</ele><time>2023-09-09T00:58:19.000Z</time></trkpt>
      <trkpt lat="35.326702" lon="127.610527"><ele>1571.2</ele><time>2023-09-09T00:58:39.000Z</time></trkpt>
      <trkpt lat="35.326736" lon="127.610564"><ele>1571.2</ele><time>2023-09-09T00:58:39.000Z</time></trkpt>
      <trkpt lat="35.326767" lon="127.610604"><ele>1571.0</ele><time>2023-09-09T00:58:48.000Z</time></trkpt>
      <trkpt lat="35.326793" lon="127.610648"><ele>1570.7</ele><time>2023-09-09T00:58:48.000Z</time></trkpt>
      <trkpt lat="35.326813" lon="127.610697"><ele>1570.4</ele><time>2023-09-09T00:59:01.000Z</time></trkpt>
      <trkpt lat="35.326832" lon="127.610747"><ele>1569.9</ele><time>2023-09-09T00:59:01.000Z</time></trkpt>
      <trkpt lat="35.326855" lon="127.610794"><ele>1569.4</ele><time>2023-09-09T00:59:13.000Z</time></trkpt>
      <trkpt lat="35.326887" lon="127.610832"><ele>1568.9</ele><time>2023-09-09T00:59:26.000Z</time></trkpt>
      <trkpt lat="35.326923" lon="127.610865"><ele>1568.5</ele><time>2023-09-09T00:59:26.000Z</time></trkpt>
      <trkpt lat="35.326959" lon="127.610899"><ele>1568.2</ele><time>2023-09-09T00:59:34.000Z</time></trkpt>
      <trkpt lat="35.326991" lon="127.610937"><ele>1568.0</ele><time>2023-09-09T00:59:34.000Z</time></trkpt>
      <trkpt lat="35.327022" lon="127.610977"><ele>1568.0</ele><time>2023-09-09T00:59:47.000Z</time></trkpt>
      <trkpt lat="35.327051" lon="127.611019"><ele>1568.2</ele><time>2023-09-09T00:59:47.000Z</time></trkpt>
      <trkpt lat="35.327080" lon="127.611062"><ele>1568.5</ele><time>2023-09-09T00:59:54.000Z</time></trkpt>
      <trkpt lat="35.327108" lon="127.611104"><ele>1569.1</ele><time>2023-09-09T00:59:54.000Z</time></trkpt>
      <trkpt lat="35.327136" lon="127.611148"><ele>1569.8</ele><time>2023-09-09T01:00:12.000Z</time></trkpt>
      <trkpt lat="35.327161" lon="127.611193"><ele>1570.7</ele><time>2023-09-09T01:00:31.000Z</time></trkpt>
      <trkpt lat="35.327186" lon="127.611239"><ele>1571.7</ele><time>2023-09-09T01:00:31.000Z</time></trkpt>
      <trkpt lat="35.327213" lon="127.611283"><ele>1572.8</ele><time>2023-09-09T01:00:48.000Z</time></trkpt>
      <trkpt lat="35.327246" lon="127.611320"><ele>1573.9</ele><time>2023-09-09T01:00:48.000Z</time></trkpt>
      <trkpt lat="35.327282" lon="127.611353"><ele>1574.9</ele><time>2023-09-09T01:01:09.000Z</time></trkpt>
      <trkpt lat="35.327317" lon="127.611388"><ele>1576.1</ele><time>2023-09-09T01:01:09.000Z</time></trkpt>
      <trkpt lat="35.327347" lon="127.611428"><ele>1577.1</ele><time>2023-09-09T01:01:25.000Z</time></trkpt>
      <trkpt lat="35.327379" lon="127.611468"><ele>1578.2</ele><time>2023-09-09T01:01:25.000Z</time></trkpt>
      <trkpt lat="35.327415" lon="127.611499"><ele>1579.1</ele><time>2023-09-09T01:01:45.000Z</time></trkpt>
      <trkpt lat="35.327457" lon="127.611520"><ele>1580.0</ele><time>2023-09-09T01:01:45.000Z</time></trkpt>
      <trkpt lat="35.327500" lon="127.611535"><ele>1580.8</ele><time>2023-09-09T01:01:58.000Z</time></trkpt>
      <trkpt lat="35.327544" lon="127.611547"><ele>1581.4</ele><time>2023-09-09T01:01:58.000Z</time></trkpt>
      <trkpt lat="35.327588" lon="127.611557"><ele>1582.0</ele><time>2023-09-09T01:02:18.000Z</time></trkpt>
      <trkpt lat="35.327633" lon="127.611563"><ele>1582.6</ele><time>2023-09-09T01:02:18.000Z</time></trkpt>
      <trkpt lat="35.327678" lon="127.611566"><ele>1583.1</ele><time>2023-09-09T01:02:32.000Z</time></trkpt>
      <trkpt lat="35.327722" lon="127.611571"><ele>1583.5</ele><time>2023-09-09T01:02:32.000Z</time></trkpt>
      <trkpt lat="35.327766" lon="127.611582"><ele>1583.9</ele><time>2023-09-09T01:02:38.000Z</time></trkpt>
      <trkpt lat="35.327808" lon="127.611601"><ele>1584.3</ele><time>2023-09-09T01:02:52.000Z</time></trkpt>
      <trkpt lat="35.327851" lon="127.611617"><ele>1584.7</ele><time>2023-09-09T01:02:52.000Z</time></trkpt>
      <trkpt lat="35.327896" lon="127.611623"><ele>1585.1</ele><time>2023-09-09T01:03:05.000Z</time></trkpt>
      <trkpt lat="35.327941" lon="127.611623"><ele>1585.6</ele><time>2023-09-09T01:03:05.000Z</time></trkpt>
      <trkpt lat="35.327986" lon="127.611626"><ele>1586.0</ele><time>2023-09-09T01:03:19.000Z</time></trkpt>
      <trkpt lat="35.328030" lon="127.611631"><ele>1586.5</ele><time>2023-09-09T01:03:19.000Z</time></trkpt>
      <trkpt lat="35.328075" lon="127.611639"><ele>1587.1</ele><time>2023-09-09T01:03:38.000Z</time></trkpt>
      <trkpt lat="35.328119" lon="127.611650"><ele>1587.6</ele><time>2023-09-09T01:03:38.000Z</time></trkpt>
      <trkpt lat="35.328162" lon="127.611666"><ele>1588.2</ele><time>2023-09-09T01:03:53.000Z</time></trkpt>
      <trkpt lat="35.328205" lon="127.611682"><ele>1588.9</ele><time>2023-09-09T01:03:53.000Z</time></trkpt>
      <trkpt lat="35.328248" lon="127.611696"><ele>1589.5</ele><time>2023-09-09T01:04:06.000Z</time></trkpt>
      <trkpt lat="35.328292" lon="127.611706"><ele>1590.1</ele><time>2023-09-09T01:04:06.000Z</time></trkpt>
      <trkpt lat="35.328336" lon="127.611719"><ele>1590.7</ele><time>2023-09-09T01:04:19.000Z</time></trkpt>
      <trkpt lat="35.328379" lon="127.611737"><ele>1591.3</ele><time>2023-09-09T01:04:19.000Z</time></trkpt>
      <trkpt lat="35.328421" lon="127.611756"><ele>1591.8</ele><time>2023-09-09T01:04:30.000Z</time></trkpt>
      <trkpt lat="35.328464" lon="127.611770"><ele>1592.2</ele><time>2023-09-09T01:04:42.000Z</time></trkpt>
      <trkpt lat="35.328508" lon="127.611783"><ele>1592.5</ele><time>2023-09-09T01:04:42.000Z</time></trkpt>
      <trkpt lat="35.328551" lon="127.611799"><ele>1592.8</ele><time>2023-09-09T01:04:59.000Z</time></trkpt>
      <trkpt lat="35.328593" lon="127.611819"><ele>1593.0</ele><time>2023-09-09T01:04:59.000Z</time></trkpt>
      <trkpt lat="35.328633" lon="127.611843"><ele>1593.1</ele><time>2023-09-09T01:05:17.000Z</time></trkpt>
      <trkpt lat="35.328673" lon="127.611869"><ele>1593.1</ele><time>2023-09-09T01:05:17.000Z</time></trkpt>
      <trkpt lat="35.328710" lon="127.611900"><ele>1593.1</ele><time>2023-09-09T01:05:17.000Z</time></trkpt>
      <trkpt lat="35.328746" lon="127.611933"><ele>1593.0</ele><time>2023-09-09T01:06:22.000Z</time></trkpt>
      <trkpt lat="35.328784" lon="127.611962"><ele>1592.9</ele><time>2023-09-09T01:06:22.000Z</time></trkpt>
      <trkpt lat="35.328826" lon="127.611982"><ele>1592.7</ele><time>2023-09-09T01:06:34.000Z</time></trkpt>
      <trkpt lat="35.328870" lon="127.611993"><ele>1592.5</ele><time>2023-09-09T01:06:34.000Z</time></trkpt>
      <trkpt lat="35.328914" lon="127.612004"><ele>1592.2</ele><time>2023-09-09T01:06:43.000Z</time></trkpt>
      <trkpt lat="35.328958" lon="127.612014"><ele>1591.8</ele><time>2023-09-09T01:06:43.000Z</time></trkpt>
      <trkpt lat="35.329002" lon="127.612027"><ele>1591.5</ele><time>2023-09-09T01:06:51.000Z</time></trkpt>
      <trkpt lat="35.329043" lon="127.612048"><ele>1591.2</ele><time>2023-09-09T01:06:51.000Z</time></trkpt>
      <trkpt lat="35.329081" lon="127.612077"><ele>1590.8</ele><time>2023-09-09T01:07:03.000Z</time></trkpt>
      <trkpt lat="35.329121" lon="127.612101"><ele>1590.3</ele><time>2023-09-09T01:07:03.000Z</time></trkpt>
      <trkpt lat="35.329165" lon="127.612113"><ele>1589.8</ele><time>2023-09-09T01:07:12.000Z</time></trkpt>
      <trkpt lat="35.329210" lon="127.612118"><ele>1589.2</ele><time>2023-09-09T01:07:12.000Z</time></trkpt>
      <trkpt lat="35.329254" lon="127.612129"><ele>1588.5</ele><time>2023-09-09T01:07:25.000Z</time></trkpt>
      <trkpt lat="35.329295" lon="127.612150"><ele>1587.8</ele><time>2023-09-09T01:07:36.000Z</time></trkpt>
      <trkpt lat="35.329335" lon="127.612175"><ele>1586.9</ele><time>2023-09-09T01:07:36.000Z</time></trkpt>
      <trkpt lat="35.329376" lon="127.612197"><ele>1586.0</ele><time>2023-09-09T01:07:48.000Z</time></trkpt>
      <trkpt lat="35.329417" lon="127.612221"><ele>1585.1</ele><time>2023-09-09T01:07:48.000Z</time></trkpt>
      <trkpt lat="35.329452" lon="127.612255"><ele>1584.1</ele><time>2023-09-09T01:08:10.000Z</time></trkpt>
      <trkpt lat="35.329481" lon="127.612296"><ele>1583.1</ele><time>2023-09-09T01:08:21.000Z</time></trkpt>
      <trkpt lat="35.329508" lon="127.612340"><ele>1582.0</ele><time>2023-09-09T01:08:21.000Z</time></trkpt>
      <trkpt lat="35.329538" lon="127.612381"><ele>1580.8</ele><time>2023-09-09T01:08:30.000Z</time></trkpt>
      <trkpt lat="35.329570" lon="127.612419"><ele>1579.5</ele><time>2023-09-09T01:08:30.000Z</time></trkpt>
      <trkpt lat="35.329607" lon="127.612452"><ele>1578.2</ele><time>2023-09-09T01:08:50.000Z</time></trkpt>
      <trkpt lat="35.329645" lon="127.612480"><ele>1576.9</ele><time>2023-09-09T01:08:50.000Z</time></trkpt>
      <trkpt lat="35.329684" lon="127.612508"><ele>1575.5</ele><time>2023-09-09T01:09:11.000Z</time></trkpt>
      <trkpt lat="35.329721" lon="127.612539"><ele>1574.1</ele><time>2023-09-09T01:09:11.000Z</time></trkpt>
      <trkpt lat="35.329755" lon="127.612576"><ele>1572.6</ele><time>2023-09-09T01:09:36.000Z</time></trkpt>
      <trkpt lat="35.329785" lon="127.612616"><ele>1571.1</ele><time>2023-09-09T01:09:36.000Z</time></trkpt>
      <trkpt lat="35.329814" lon="127.612658"><ele>1569.5</ele><time>2023-09-09T01:09:49.000Z</time></trkpt>
      <trkpt lat="35.329849" lon="127.612692"><ele>1567.9</ele><time>2023-09-09T01:09:49.000Z</time></trkpt>
      <trkpt lat="35.329891" lon="127.612709"><ele>1566.4</ele><time>2023-09-09T01:10:04.000Z</time></trkpt>
      <trkpt lat="35.329935" lon="127.612718"><ele>1565.1</ele><time>2023-09-09T01:10:04.000Z</time></trkpt>
      <trkpt lat="35.329980" lon="127.612728"><ele>1563.8</ele><time>2023-09-09T01:10:18.000Z</time></trkpt>
      <trkpt lat="35.330024" lon="127.612733"><ele>1562.7</ele><time>2023-09-09T01:10:18.000Z</time></trkpt>
      <trkpt lat="35.330068" lon="127.612725"><ele>1561.6</ele><time>2023-09-09T01:10:30.000Z</time></trkpt>
      <trkpt lat="35.330112" lon="127.612711"><ele>1560.6</ele><time>2023-09-09T01:10:30.000Z</time></trkpt>
      <trkpt lat="35.330156" lon="127.612699"><ele>1559.7</ele><time>2023-09-09T01:10:41.000Z</time></trkpt>
      <trkpt lat="35.330200" lon="127.612692"><ele>1558.8</ele><time>2023-09-09T01:10:41.000Z</time></trkpt>
      <trkpt lat="35.330245" lon="127.612689"><ele>1557.9</ele><time>2023-09-09T01:10:51.000Z</time></trkpt>
      <trkpt lat="35.330290" lon="127.612689"><ele>1556.9</ele><time>2023-09-09T01:10:58.000Z</time></trkpt>
      <trkpt lat="35.330334" lon="127.612699"><ele>1555.8</ele><time>2023-09-09T01:11:06.000Z</time></trkpt>
      <trkpt lat="35.330373" lon="127.612725"><ele>1554.6</ele><time>2023-09-09T01:11:06.000Z</time></trkpt>
      <trkpt lat="35.330406" lon="127.612762"><ele>1553.4</ele><time>2023-09-09T01:11:15.000Z</time></trkpt>
      <trkpt lat="35.330436" lon="127.612802"><ele>1552.1</ele><time>2023-09-09T01:11:15.000Z</time></trkpt>
      <trkpt lat="35.330468" lon="127.612842"><ele>1550.8</ele><time>2023-09-09T01:11:28.000Z</time></trkpt>
      <trkpt lat="35.330504" lon="127.612875"><ele>1549.5</ele><time>2023-09-09T01:11:39.000Z</time></trkpt>
      <trkpt lat="35.330545" lon="127.612894"><ele>1548.2</ele><time>2023-09-09T01:11:39.000Z</time></trkpt>
      <trkpt lat="35.330590" lon="127.612900"><ele>1546.8</ele><time>2023-09-09T01:11:48.000Z</time></trkpt>
      <trkpt lat="35.330635" lon="127.612900"><ele>1545.4</ele><time>2023-09-09T01:11:48.000Z</time></trkpt>
      <trkpt lat="35.330680" lon="127.612901"><ele>1544.1</ele><time>2023-09-09T01:11:56.000Z</time></trkpt>
      <trkpt lat="35.330724" lon="127.612909"><ele>1542.7</ele><time>2023-09-09T01:12:09.000Z</time></trkpt>
      <trkpt lat="35.330767" lon="127.612925"><ele>1541.3</ele><time>2023-09-09T01:12:09.000Z</time></trkpt>
      <trkpt lat="35.330809" lon="127.612945"><ele>1539.8</ele><time>2023-09-09T01:12:15.000Z</time></trkpt>
      <trkpt lat="35.330851" lon="127.612964"><ele>1538.4</ele><time>2023-09-09T01:12:15.000Z</time></trkpt>
      <trkpt lat="35.330893" lon="127.612983"><ele>1537.0</ele><time>2023-09-09T01:12:34.000Z</time></trkpt>
      <trkpt lat="35.330934" lon="127.613006"><ele>1535.5</ele><time>2023-09-09T01:12:34.000Z</time></trkpt>
      <trkpt lat="35.330971" lon="127.613037"><ele>1534.1</ele><time>2023-09-09T01:12:45.000Z</time></trkpt>
      <trkpt lat="35.331007" lon="127.613071"><ele>1532.6</ele><time>2023-09-09T01:12:45.000Z</time></trkpt>
      <trkpt lat="35.331044" lon="127.613102"><ele>1531.0</ele><time>2023-09-09T01:12:57.000Z</time></trkpt>
      <trkpt lat="35.331080" lon="127.613134"><ele>1529.5</ele><time>2023-09-09T01:13:19.000Z</time></trkpt>
      <trkpt lat="35.331111" lon="127.613174"><ele>1527.9</ele><time>2023-09-09T01:13:19.000Z</time></trkpt>
      <trkpt lat="35.331119" lon="127.613226"><ele>1526.5</ele><time>2023-09-09T01:16:11.000Z</time></trkpt>
      <trkpt lat="35.331113" lon="127.613280"><ele>1525.3</ele><time>2023-09-09T01:19:11.000Z</time></trkpt>
      <trkpt lat="35.331107" lon="127.613335"><ele>1524.4</ele><time>2023-09-09T01:41:43.000Z</time></trkpt>
      <trkpt lat="35.331096" lon="127.613388"><ele>1523.8</ele><time>2023-09-09T01:41:43.000Z</time></trkpt>
      <trkpt lat="35.331078" lon="127.613438"><ele>1523.5</ele><time>2023-09-09T01:41:57.000Z</time></trkpt>
      <trkpt lat="35.331056" lon="127.613487"><ele>1523.4</ele><time>2023-09-09T01:41:57.000Z</time></trkpt>
      <trkpt lat="35.331035" lon="127.613536"><ele>1523.4</ele><time>2023-09-09T01:42:17.000Z</time></trkpt>
      <trkpt lat="35.331016" lon="127.613585"><ele>1523.4</ele><time>2023-09-09T01:42:17.000Z</time></trkpt>
      <trkpt lat="35.330997" lon="127.613636"><ele>1523.3</ele><time>2023-09-09T01:42:17.000Z</time></trkpt>
      <trkpt lat="35.330979" lon="127.613686"><ele>1523.3</ele><time>2023-09-09T01:42:25.000Z</time></trkpt>
      <trkpt lat="35.330959" lon="127.613735"><ele>1523.2</ele><time>2023-09-09T01:42:25.000Z</time></trkpt>
      <trkpt lat="35.330937" lon="127.613783"><ele>1523.1</ele><time>2023-09-09T01:42:38.000Z</time></trkpt>
      <trkpt lat="35.330916" lon="127.613832"><ele>1523.1</ele><time>2023-09-09T01:42:38.000Z</time></trkpt>
      <trkpt lat="35.330896" lon="127.613881"><ele>1523.0</ele><time>2023-09-09T01:42:38.000Z</time></trkpt>
      <trkpt lat="35.330875" lon="127.613930"><ele>1523.0</ele><time>2023-09-09T01:42:44.000Z</time></trkpt>
      <trkpt lat="35.330853" lon="127.613978"><ele>1523.0</ele><time>2023-09-09T01:42:44.000Z</time></trkpt>
      <trkpt lat="35.330831" lon="127.614026"><ele>1522.9</ele><time>2023-09-09T01:42:59.000Z</time></trkpt>
      <trkpt lat="35.330812" lon="127.614076"><ele>1522.7</ele><time>2023-09-09T01:42:59.000Z</time></trkpt>
      <trkpt lat="35.330803" lon="127.614130"><ele>1522.5</ele><time>2023-09-09T01:43:14.000Z</time></trkpt>
      <trkpt lat="35.330807" lon="127.614184"><ele>1522.3</ele><time>2023-09-09T01:44:48.000Z</time></trkpt>
      <trkpt lat="35.330816" lon="127.614238"><ele>1522.0</ele><time>2023-09-09T01:44:48.000Z</time></trkpt>
      <trkpt lat="35.330823" lon="127.614293"><ele>1521.7</ele><time>2023-09-09T01:44:56.000Z</time></trkpt>
      <trkpt lat="35.330828" lon="127.614347"><ele>1521.4</ele><time>2023-09-09T01:44:56.000Z</time></trkpt>
      <trkpt lat="35.330831" lon="127.614402"><ele>1521.0</ele><time>2023-09-09T01:45:10.000Z</time></trkpt>
      <trkpt lat="35.330835" lon="127.614457"><ele>1520.6</ele><time>2023-09-09T01:45:10.000Z</time></trkpt>
      <trkpt lat="35.330840" lon="127.614512"><ele>1520.2</ele><time>2023-09-09T01:45:37.000Z</time></trkpt>
      <trkpt lat="35.330842" lon="127.614567"><ele>1519.8</ele><time>2023-09-09T01:45:37.000Z</time></trkpt>
      <trkpt lat="35.330838" lon="127.614622"><ele>1519.4</ele><time>2023-09-09T01:45:37.000Z</time></trkpt>
      <trkpt lat="35.330830" lon="127.614676"><ele>1518.9</ele><time>2023-09-09T01:45:50.000Z</time></trkpt>
      <trkpt lat="35.330822" lon="127.614730"><ele>1518.4</ele><time>2023-09-09T01:45:50.000Z</time></trkpt>
      <trkpt lat="35.330822" lon="127.614785"><ele>1517.8</ele><time>2023-09-09T01:46:10.000Z</time></trkpt>
      <trkpt lat="35.330833" lon="127.614838"><ele>1517.1</ele><time>2023-09-09T01:46:24.000Z</time></trkpt>
      <trkpt lat="35.330849" lon="127.614890"><ele>1516.4</ele><time>2023-09-09T01:46:24.000Z</time></trkpt>
      <trkpt lat="35.330870" lon="127.614938"><ele>1515.5</ele><time>2023-09-09T01:46:36.000Z</time></trkpt>
      <trkpt lat="35.330904" lon="127.614974"><ele>1514.6</ele><time>2023-09-09T01:46:36.000Z</time></trkpt>
      <trkpt lat="35.330942" lon="127.615002"><ele>1513.8</ele><time>2023-09-09T01:46:47.000Z</time></trkpt>
      <trkpt lat="35.330978" lon="127.615036"><ele>1513.0</ele><time>2023-09-09T01:46:47.000Z</time></trkpt>
      <trkpt lat="35.331007" lon="127.615077"><ele>1512.3</ele><time>2023-09-09T01:47:05.000Z</time></trkpt>
      <trkpt lat="35.331032" lon="127.615123"><ele>1511.7</ele><time>2023-09-09T01:47:05.000Z</time></trkpt>
      <trkpt lat="35.331050" lon="127.615174"><ele>1511.2</ele><time>2023-09-09T01:47:38.000Z</time></trkpt>
      <trkpt lat="35.331057" lon="127.615228"><ele>1510.8</ele><time>2023-09-09T01:47:38.000Z</time></trkpt>
      <trkpt lat="35.331055" lon="127.615283"><ele>1510.6</ele><time>2023-09-09T01:47:49.000Z</time></trkpt>
      <trkpt lat="35.331051" lon="127.615338"><ele>1510.4</ele><time>2023-09-09T01:47:49.000Z</time></trkpt>
      <trkpt lat="35.331047" lon="127.615393"><ele>1510.4</ele><time>2023-09-09T01:47:58.000Z</time></trkpt>
      <trkpt lat="35.331047" lon="127.615448"><ele>1510.3</ele><time>2023-09-09T01:47:58.000Z</time></trkpt>
      <trkpt lat="35.331048" lon="127.615503"><ele>1510.3</ele><time>2023-09-09T01:48:09.000Z</time></trkpt>
      <trkpt lat="35.331045" lon="127.615558"><ele>1510.3</ele><time>2023-09-09T01:48:19.000Z</time></trkpt>
      <trkpt lat="35.331036" lon="127.615612"><ele>1510.1</ele><time>2023-09-09T01:48:19.000Z</time></trkpt>
      <trkpt lat="35.331026" lon="127.615666"><ele>1509.9</ele><time>2023-09-09T01:48:27.000Z</time></trkpt>
      <trkpt lat="35.331021" lon="127.615720"><ele>1509.7</ele><time>2023-09-09T01:48:27.000Z</time></trkpt>
      <trkpt lat="35.331020" lon="127.615776"><ele>1509.3</ele><time>2023-09-09T01:48:36.000Z</time></trkpt>
      <trkpt lat="35.331023" lon="127.615830"><ele>1508.9</ele><time>2023-09-09T01:48:36.000Z</time></trkpt>
      <trkpt lat="35.331028" lon="127.615885"><ele>1508.4</ele><time>2023-09-09T01:48:36.000Z</time></trkpt>
      <trkpt lat="35.331026" lon="127.615940"><ele>1507.8</ele><time>2023-09-09T01:48:42.000Z</time></trkpt>
      <trkpt lat="35.331018" lon="127.615995"><ele>1507.2</ele><time>2023-09-09T01:48:42.000Z</time></trkpt>
      <trkpt lat="35.331006" lon="127.616048"><ele>1506.6</ele><time>2023-09-09T01:48:55.000Z</time></trkpt>
      <trkpt lat="35.330992" lon="127.616100"><ele>1505.9</ele><time>2023-09-09T01:48:55.000Z</time></trkpt>
      <trkpt lat="35.330979" lon="127.616153"><ele>1505.3</ele><time>2023-09-09T01:49:03.000Z</time></trkpt>
      <trkpt lat="35.330967" lon="127.616206"><ele>1504.6</ele><time>2023-09-09T01:49:03.000Z</time></trkpt>
      <trkpt lat="35.330962" lon="127.616260"><ele>1503.9</ele><time>2023-09-09T01:49:03.000Z</time></trkpt>
      <trkpt lat="35.330966" lon="127.616315"><ele>1503.2</ele><time>2023-09-09T01:49:17.000Z</time></trkpt>
      <trkpt lat="35.330984" lon="127.616366"><ele>1502.5</ele><time>2023-09-09T01:49:28.000Z</time></trkpt>
      <trkpt lat="35.331007" lon="127.616413"><ele>1501.8</ele><time>2023-09-09T01:49:28.000Z</time></trkpt>
      <trkpt lat="35.331027" lon="127.616462"><ele>1501.1</ele><time>2023-09-09T01:49:36.000Z</time></trkpt>
      <trkpt lat="35.331047" lon="127.616512"><ele>1500.3</ele><time>2023-09-09T01:49:36.000Z</time></trkpt>
      <trkpt lat="35.331068" lon="127.616560"><ele>1499.7</ele><time>2023-09-09T01:49:42.000Z</time></trkpt>
      <trkpt lat="35.331091" lon="127.616608"><ele>1499.2</ele><time>2023-09-09T01:49:42.000Z</time></trkpt>
      <trkpt lat="35.331116" lon="127.616654"><ele>1498.7</ele><time>2023-09-09T01:49:50.000Z</time></trkpt>
      <trkpt lat="35.331143" lon="127.616697"><ele>1498.3</ele><time>2023-09-09T01:49:50.000Z</time></trkpt>
      <trkpt lat="35.331166" lon="127.616745"><ele>1497.9</ele><time>2023-09-09T01:49:57.000Z</time></trkpt>
      <trkpt lat="35.331179" lon="127.616797"><ele>1497.5</ele><time>2023-09-09T01:49:57.000Z</time></trkpt>
      <trkpt lat="35.331186" lon="127.616852"><ele>1497.2</ele><time>2023-09-09T01:50:05.000Z</time></trkpt>
      <trkpt lat="35.331195" lon="127.616906"><ele>1496.8</ele><time>2023-09-09T01:50:05.000Z</time></trkpt>
      <trkpt lat="35.331209" lon="127.616958"><ele>1496.4</ele><time>2023-09-09T01:50:05.000Z</time></trkpt>
      <trkpt lat="35.331220" lon="127.617012"><ele>1495.8</ele><time>2023-09-09T01:50:18.000Z</time></trkpt>
      <trkpt lat="35.331227" lon="127.617066"><ele>1495.3</ele><time>2023-09-09T01:50:18.000Z</time></trkpt>
      <trkpt lat="35.331240" lon="127.617119"><ele>1494.7</ele><time>2023-09-09T01:50:26.000Z</time></trkpt>
      <trkpt lat="35.331263" lon="127.617166"><ele>1494.2</ele><time>2023-09-09T01:50:26.000Z</time></trkpt>
      <trkpt lat="35.331287" lon="127.617213"><ele>1493.7</ele><time>2023-09-09T01:50:38.000Z</time></trkpt>
      <trkpt lat="35.331306" lon="127.617263"><ele>1493.3</ele><time>2023-09-09T01:50:38.000Z</time></trkpt>
      <trkpt lat="35.331322" lon="127.617314"><ele>1493.0</ele><time>2023-09-09T01:50:47.000Z</time></trkpt>
      <trkpt lat="35.331340" lon="127.617365"><ele>1492.7</ele><time>2023-09-09T01:50:47.000Z</time></trkpt>
      <trkpt lat="35.331359" lon="127.617415"><ele>1492.5</ele><time>2023-09-09T01:51:00.000Z</time></trkpt>
      <trkpt lat="35.331379" lon="127.617464"><ele>1492.4</ele><time>2023-09-09T01:51:00.000Z</time></trkpt>
      <trkpt lat="35.331397" lon="127.617514"><ele>1492.2</ele><time>2023-09-09T01:51:06.000Z</time></trkpt>
      <trkpt lat="35.331407" lon="127.617568"><ele>1492.1</ele><time>2023-09-09T01:51:06.000Z</time></trkpt>
      <trkpt lat="35.331408" lon="127.617623"><ele>1492.0</ele><time>2023-09-09T01:51:06.000Z</time></trkpt>
      <trkpt lat="35.331404" lon="127.617678"><ele>1491.8</ele><time>2023-09-09T01:51:21.000Z</time></trkpt>
      <trkpt lat="35.331401" lon="127.617733"><ele>1491.7</ele><time>2023-09-09T01:51:21.000Z</time></trkpt>
      <trkpt lat="35.331400" lon="127.617788"><ele>1491.5</ele><time>2023-09-09T01:51:28.000Z</time></trkpt>
      <trkpt lat="35.331405" lon="127.617843"><ele>1491.4</ele><time>2023-09-09T01:51:28.000Z</time></trkpt>
      <trkpt lat="35.331418" lon="127.617896"><ele>1491.4</ele><time>2023-09-09T01:51:40.000Z</time></trkpt>
      <trkpt lat="35.331441" lon="127.617943"><ele>1491.4</ele><time>2023-09-09T01:51:40.000Z</time></trkpt>
      <trkpt lat="35.331469" lon="127.617986"><ele>1491.5</ele><time>2023-09-09T01:51:40.000Z</time></trkpt>
      <trkpt lat="35.331492" lon="127.618033"><ele>1491.6</ele><time>2023-09-09T01:51:49.000Z</time></trkpt>
      <trkpt lat="35.331509" lon="127.618084"><ele>1491.9</ele><time>2023-09-09T01:51:49.000Z</time></trkpt>
      <trkpt lat="35.331522" lon="127.618137"><ele>1492.1</ele><time>2023-09-09T01:52:01.000Z</time></trkpt>
      <trkpt lat="35.331534" lon="127.618190"><ele>1492.4</ele><time>2023-09-09T01:52:01.000Z</time></trkpt>
      <trkpt lat="35.331547" lon="127.618243"><ele>1492.6</ele><time>2023-09-09T01:52:08.000Z</time></trkpt>
      <trkpt lat="35.331562" lon="127.618295"><ele>1492.7</ele><time>2023-09-09T01:52:08.000Z</time></trkpt>
      <trkpt lat="35.331576" lon="127.618347"><ele>1492.7</ele><time>2023-09-09T01:52:22.000Z</time></trkpt>
      <trkpt lat="35.331585" lon="127.618401"><ele>1492.6</ele><time>2023-09-09T01:52:22.000Z</time></trkpt>
      <trkpt lat="35.331596" lon="127.618455"><ele>1492.2</ele><time>2023-09-09T01:52:30.000Z</time></trkpt>
      <trkpt lat="35.331613" lon="127.618506"><ele>1491.7</ele><time>2023-09-09T01:52:30.000Z</time></trkpt>
      <trkpt lat="35.331634" lon="127.618554"><ele>1491.1</ele><time>2023-09-09T01:52:43.000Z</time></trkpt>
      <trkpt lat="35.331656" lon="127.618603"><ele>1490.4</ele><time>2023-09-09T01:52:43.000Z</time></trkpt>
      <trkpt lat="35.331676" lon="127.618652"><ele>1489.6</ele><time>2023-09-09T01:52:50.000Z</time></trkpt>
      <trkpt lat="35.331694" lon="127.618702"><ele>1488.8</ele><time>2023-09-09T01:52:50.000Z</time></trkpt>
      <trkpt lat="35.331709" lon="127.618754"><ele>1488.0</ele><time>2023-09-09T01:53:04.000Z</time></trkpt>
      <trkpt lat="35.331722" lon="127.618807"><ele>1487.2</ele><time>2023-09-09T01:53:04.000Z</time></trkpt>
      <trkpt lat="35.331731" lon="127.618861"><ele>1486.5</ele><time>2023-09-09T01:53:18.000Z</time></trkpt>
      <trkpt lat="35.331736" lon="127.618916"><ele>1485.8</ele><time>2023-09-09T01:53:18.000Z</time></trkpt>
      <trkpt lat="35.331737" lon="127.618971"><ele>1485.1</ele><time>2023-09-09T01:53:28.000Z</time></trkpt>
      <trkpt lat="35.331735" lon="127.619026"><ele>1484.4</ele><time>2023-09-09T01:53:28.000Z</time></trkpt>
      <trkpt lat="35.331736" lon="127.619081"><ele>1483.8</ele><time>2023-09-09T01:53:32.000Z</time></trkpt>
      <trkpt lat="35.331743" lon="127.619136"><ele>1483.2</ele><time>2023-09-09T01:53:32.000Z</time></trkpt>
      <trkpt lat="35.331753" lon="127.619189"><ele>1482.6</ele><time>2023-09-09T01:53:44.000Z</time></trkpt>
      <trkpt lat="35.331762" lon="127.619243"><ele>1482.0</ele><time>2023-09-09T01:53:44.000Z</time></trkpt>
      <trkpt lat="35.331760" lon="127.619298"><ele>1481.4</ele><time>2023-09-09T01:53:52.000Z</time></trkpt>
      <trkpt lat="35.331752" lon="127.619353"><ele>1480.7</ele><time>2023-09-09T01:53:52.000Z</time></trkpt>
      <trkpt lat="35.331751" lon="127.619408"><ele>1480.1</ele><time>2023-09-09T01:54:05.000Z</time></trkpt>
      <trkpt lat="35.331765" lon="127.619460"><ele>1479.6</ele><time>2023-09-09T01:54:13.000Z</time></trkpt>
      <trkpt lat="35.331789" lon="127.619507"><ele>1479.1</ele><time>2023-09-09T01:54:13.000Z</time></trkpt>
      <trkpt lat="35.331819" lon="127.619548"><ele>1478.6</ele><time>2023-09-09T01:54:13.000Z</time></trkpt>
      <trkpt lat="35.331847" lon="127.619591"><ele>1478.2</ele><time>2023-09-09T01:54:26.000Z</time></trkpt>
      <trkpt lat="35.331869" lon="127.619639"><ele>1477.7</ele><time>2023-09-09T01:54:26.000Z</time></trkpt>
      <trkpt lat="35.331885" lon="127.619691"><ele>1477.4</ele><time>2023-09-09T01:54:33.000Z</time></trkpt>
      <trkpt lat="35.331899" lon="127.619743"><ele>1477.0</ele><time>2023-09-09T01:54:33.000Z</time></trkpt>
      <trkpt lat="35.331914" lon="127.619795"><ele>1476.8</ele><time>2023-09-09T01:54:42.000Z</time></trkpt>
      <trkpt lat="35.331931" lon="127.619846"><ele>1476.7</ele><time>2023-09-09T01:54:50.000Z</time></trkpt>
      <trkpt lat="35.331954" lon="127.619893"><ele>1476.7</ele><time>2023-09-09T01:54:50.000Z</time></trkpt>
      <trkpt lat="35.331982" lon="127.619936"><ele>1476.8</ele><time>2023-09-09T01:54:53.000Z</time></trkpt>
      <trkpt lat="35.332014" lon="127.619974"><ele>1477.0</ele><time>2023-09-09T01:54:53.000Z</time></trkpt>
      <trkpt lat="35.332051" lon="127.620007"><ele>1477.4</ele><time>2023-09-09T01:55:07.000Z</time></trkpt>
      <trkpt lat="35.332088" lon="127.620037"><ele>1477.8</ele><time>2023-09-09T01:55:07.000Z</time></trkpt>
      <trkpt lat="35.332126" lon="127.620067"><ele>1478.3</ele><time>2023-09-09T01:55:07.000Z</time></trkpt>
      <trkpt lat="35.332158" lon="127.620106"><ele>1479.0</ele><time>2023-09-09T01:55:15.000Z</time></trkpt>
      <trkpt lat="35.332180" lon="127.620154"><ele>1479.8</ele><time>2023-09-09T01:55:15.000Z</time></trkpt>
      <trkpt lat="35.332199" lon="127.620204"><ele>1480.7</ele><time>2023-09-09T01:55:27.000Z</time></trkpt>
      <trkpt lat="35.332215" lon="127.620255"><ele>1481.7</ele><time>2023-09-09T01:55:27.000Z</time></trkpt>
      <trkpt lat="35.332227" lon="127.620308"><ele>1482.7</ele><time>2023-09-09T01:55:34.000Z</time></trkpt>
      <trkpt lat="35.332234" lon="127.620363"><ele>1483.7</ele><time>2023-09-09T01:55:53.000Z</time></trkpt>
      <trkpt lat="35.332233" lon="127.620418"><ele>1484.8</ele><time>2023-09-09T01:55:53.000Z</time></trkpt>
      <trkpt lat="35.332227" lon="127.620472"><ele>1485.8</ele><time>2023-09-09T01:55:53.000Z</time></trkpt>
      <trkpt lat="35.332217" lon="127.620526"><ele>1486.9</ele><time>2023-09-09T01:56:09.000Z</time></trkpt>
      <trkpt lat="35.332208" lon="127.620580"><ele>1487.9</ele><time>2023-09-09T01:56:16.000Z</time></trkpt>
      <trkpt lat="35.332208" lon="127.620635"><ele>1488.8</ele><time>2023-09-09T01:56:16.000Z</time></trkpt>
      <trkpt lat="35.332221" lon="127.620688"><ele>1489.7</ele><time>2023-09-09T01:56:33.000Z</time></trkpt>
      <trkpt lat="35.332241" lon="127.620737"><ele>1490.4</ele><time>2023-09-09T01:56:33.000Z</time></trkpt>
      <trkpt lat="35.332256" lon="127.620789"><ele>1491.0</ele><time>2023-09-09T01:56:46.000Z</time></trkpt>
      <trkpt lat="35.332261" lon="127.620844"><ele>1491.4</ele><time>2023-09-09T01:59:48.000Z</time></trkpt>
      <trkpt lat="35.332257" lon="127.620898"><ele>1491.7</ele><time>2023-09-09T02:02:02.000Z</time></trkpt>
      <trkpt lat="35.332243" lon="127.620951"><ele>1491.9</ele><time>2023-09-09T02:02:02.000Z</time></trkpt>
      <trkpt lat="35.332220" lon="127.620998"><ele>1492.0</ele><time>2023-09-09T02:04:09.000Z</time></trkpt>
      <trkpt lat="35.332194" lon="127.621043"><ele>1492.2</ele><time>2023-09-09T02:04:09.000Z</time></trkpt>
      <trkpt lat="35.332170" lon="127.621089"><ele>1492.5</ele><time>2023-09-09T02:04:23.000Z</time></trkpt>
      <trkpt lat="35.332152" lon="127.621140"><ele>1492.8</ele><time>2023-09-09T02:04:23.000Z</time></trkpt>
      <trkpt lat="35.332139" lon="127.621192"><ele>1493.3</ele><time>2023-09-09T02:04:39.000Z</time></trkpt>
      <trkpt lat="35.332125" lon="127.621245"><ele>1493.8</ele><time>2023-09-09T02:05:04.000Z</time></trkpt>
      <trkpt lat="35.332105" lon="127.621294"><ele>1494.4</ele><time>2023-09-09T02:05:04.000Z</time></trkpt>
      <trkpt lat="35.332080" lon="127.621340"><ele>1495.1</ele><time>2023-09-09T02:05:31.000Z</time></trkpt>
      <trkpt lat="35.332054" lon="127.621385"><ele>1495.8</ele><time>2023-09-09T02:05:31.000Z</time></trkpt>
      <trkpt lat="35.332029" lon="127.621430"><ele>1496.6</ele><time>2023-09-09T02:05:31.000Z</time></trkpt>
      <trkpt lat="35.332008" lon="127.621479"><ele>1497.5</ele><time>2023-09-09T02:06:01.000Z</time></trkpt>
      <trkpt lat="35.331992" lon="127.621531"><ele>1498.5</ele><time>2023-09-09T02:06:27.000Z</time></trkpt>
      <trkpt lat="35.331977" lon="127.621582"><ele>1499.7</ele><time>2023-09-09T02:06:27.000Z</time></trkpt>
      <trkpt lat="35.331955" lon="127.621631"><ele>1500.9</ele><time>2023-09-09T02:06:47.000Z</time></trkpt>
      <trkpt lat="35.331929" lon="127.621675"><ele>1502.2</ele><time>2023-09-09T02:06:47.000Z</time></trkpt>
      <trkpt lat="35.331905" lon="127.621722"><ele>1503.5</ele><time>2023-09-09T02:07:08.000Z</time></trkpt>
      <trkpt lat="35.331890" lon="127.621774"><ele>1504.7</ele><time>2023-09-09T02:07:08.000Z</time></trkpt>
      <trkpt lat="35.331881" lon="127.621828"><ele>1505.9</ele><time>2023-09-09T02:07:23.000Z</time></trkpt>
      <trkpt lat="35.331869" lon="127.621881"><ele>1506.8</ele><time>2023-09-09T02:07:44.000Z</time></trkpt>
      <trkpt lat="35.331852" lon="127.621932"><ele>1507.6</ele><time>2023-09-09T02:07:44.000Z</time></trkpt>
      <trkpt lat="35.331836" lon="127.621983"><ele>1508.1</ele><time>2023-09-09T02:07:56.000Z</time></trkpt>
      <trkpt lat="35.331825" lon="127.622036"><ele>1508.4</ele><time>2023-09-09T02:07:56.000Z</time></trkpt>
      <trkpt lat="35.331822" lon="127.622091"><ele>1508.4</ele><time>2023-09-09T02:07:56.000Z</time></trkpt>
      <trkpt lat="35.331824" lon="127.622135"><ele>1508.3</ele><time>2023-09-09T02:08:10.000Z</time></trkpt>
      <trkpt lat="35.331823" lon="127.622146"><ele>1508.2</ele><time>2023-09-09T02:08:10.000Z</time></trkpt>
      <trkpt lat="35.331817" lon="127.622201"><ele>1507.7</ele><time>2023-09-09T02:08:10.000Z</time></trkpt>
      <trkpt lat="35.331804" lon="127.622253"><ele>1507.0</ele><time>2023-09-09T02:08:22.000Z</time></trkpt>
      <trkpt lat="35.331788" lon="127.622305"><ele>1506.1</ele><time>2023-09-09T02:08:34.000Z</time></trkpt>
      <trkpt lat="35.331779" lon="127.622359"><ele>1505.1</ele><time>2023-09-09T02:08:34.000Z</time></trkpt>
      <trkpt lat="35.331781" lon="127.622413"><ele>1504.0</ele><time>2023-09-09T02:08:46.000Z</time></trkpt>
      <trkpt lat="35.331788" lon="127.622468"><ele>1502.8</ele><time>2023-09-09T02:08:46.000Z</time></trkpt>
      <trkpt lat="35.331789" lon="127.622522"><ele>1501.6</ele><time>2023-09-09T02:08:58.000Z</time></trkpt>
      <trkpt lat="35.331772" lon="127.622572"><ele>1500.4</ele><time>2023-09-09T02:08:58.000Z</time></trkpt>
      <trkpt lat="35.331739" lon="127.622608"><ele>1499.3</ele><time>2023-09-09T02:09:15.000Z</time></trkpt>
      <trkpt lat="35.331703" lon="127.622642"><ele>1498.3</ele><time>2023-09-09T02:09:15.000Z</time></trkpt>
      <trkpt lat="35.331668" lon="127.622676"><ele>1497.4</ele><time>2023-09-09T02:09:32.000Z</time></trkpt>
      <trkpt lat="35.331632" lon="127.622709"><ele>1496.6</ele><time>2023-09-09T02:09:32.000Z</time></trkpt>
      <trkpt lat="35.331596" lon="127.622742"><ele>1495.9</ele><time>2023-09-09T02:09:48.000Z</time></trkpt>
      <trkpt lat="35.331560" lon="127.622776"><ele>1495.1</ele><time>2023-09-09T02:09:48.000Z</time></trkpt>
      <trkpt lat="35.331526" lon="127.622811"><ele>1494.5</ele><time>2023-09-09T02:10:01.000Z</time></trkpt>
      <trkpt lat="35.331494" lon="127.622850"><ele>1493.9</ele><time>2023-09-09T02:10:01.000Z</time></trkpt>
      <trkpt lat="35.331464" lon="127.622891"><ele>1493.4</ele><time>2023-09-09T02:10:01.000Z</time></trkpt>
      <trkpt lat="35.331433" lon="127.622931"><ele>1492.9</ele><time>2023-09-09T02:10:18.000Z</time></trkpt>
      <trkpt lat="35.331396" lon="127.622960"><ele>1492.5</ele><time>2023-09-09T02:10:28.000Z</time></trkpt>
      <trkpt lat="35.331352" lon="127.622974"><ele>1492.2</ele><time>2023-09-09T02:10:28.000Z</time></trkpt>
      <trkpt lat="35.331308" lon="127.622981"><ele>1491.8</ele><time>2023-09-09T02:10:37.000Z</time></trkpt>
      <trkpt lat="35.331264" lon="127.622995"><ele>1491.4</ele><time>2023-09-09T02:10:37.000Z</time></trkpt>
      <trkpt lat="35.331224" lon="127.623018"><ele>1490.9</ele><time>2023-09-09T02:10:49.000Z</time></trkpt>
      <trkpt lat="35.331188" lon="127.623051"><ele>1490.5</ele><time>2023-09-09T02:10:49.000Z</time></trkpt>
      <trkpt lat="35.331155" lon="127.623089"><ele>1490.0</ele><time>2023-09-09T02:11:02.000Z</time></trkpt>
      <trkpt lat="35.331125" lon="127.623129"><ele>1489.4</ele><time>2023-09-09T02:11:02.000Z</time></trkpt>
      <trkpt lat="35.331095" lon="127.623170"><ele>1488.9</ele><time>2023-09-09T02:11:19.000Z</time></trkpt>
      <trkpt lat="35.331065" lon="127.623211"><ele>1488.5</ele><time>2023-09-09T02:11:19.000Z</time></trkpt>
      <trkpt lat="35.331034" lon="127.623252"><ele>1488.2</ele><time>2023-09-09T02:11:31.000Z</time></trkpt>
      <trkpt lat="35.331003" lon="127.623292"><ele>1488.0</ele><time>2023-09-09T02:11:31.000Z</time></trkpt>
      <trkpt lat="35.330973" lon="127.623332"><ele>1488.0</ele><time>2023-09-09T02:11:40.000Z</time></trkpt>
      <trkpt lat="35.330946" lon="127.623376"><ele>1488.2</ele><time>2023-09-09T02:11:47.000Z</time></trkpt>
      <trkpt lat="35.330929" lon="127.623426"><ele>1488.7</ele><time>2023-09-09T02:11:47.000Z</time></trkpt>
      <trkpt lat="35.330925" lon="127.623481"><ele>1489.2</ele><time>2023-09-09T02:11:57.000Z</time></trkpt>
      <trkpt lat="35.330926" lon="127.623536"><ele>1489.8</ele><time>2023-09-09T02:11:57.000Z</time></trkpt>
      <trkpt lat="35.330919" lon="127.623590"><ele>1490.3</ele><time>2023-09-09T02:12:04.000Z</time></trkpt>
      <trkpt lat="35.330907" lon="127.623643"><ele>1490.9</ele><time>2023-09-09T02:12:17.000Z</time></trkpt>
      <trkpt lat="35.330896" lon="127.623696"><ele>1491.3</ele><time>2023-09-09T02:12:17.000Z</time></trkpt>
      <trkpt lat="35.330887" lon="127.623751"><ele>1491.7</ele><time>2023-09-09T02:12:24.000Z</time></trkpt>
      <trkpt lat="35.330879" lon="127.623805"><ele>1492.0</ele><time>2023-09-09T02:12:24.000Z</time></trkpt>
      <trkpt lat="35.330866" lon="127.623857"><ele>1492.2</ele><time>2023-09-09T02:12:38.000Z</time></trkpt>
      <trkpt lat="35.330846" lon="127.623906"><ele>1492.2</ele><time>2023-09-09T02:12:38.000Z</time></trkpt>
      <trkpt lat="35.330820" lon="127.623952"><ele>1492.1</ele><time>2023-09-09T02:12:38.000Z</time></trkpt>
      <trkpt lat="35.330793" lon="127.623995"><ele>1491.9</ele><time>2023-09-09T02:12:58.000Z</time></trkpt>
      <trkpt lat="35.330763" lon="127.624036"><ele>1491.5</ele><time>2023-09-09T02:12:58.000Z</time></trkpt>
      <trkpt lat="35.330729" lon="127.624073"><ele>1491.0</ele><time>2023-09-09T02:13:11.000Z</time></trkpt>
      <trkpt lat="35.330696" lon="127.624110"><ele>1490.3</ele><time>2023-09-09T02:13:11.000Z</time></trkpt>
      <trkpt lat="35.330666" lon="127.624150"><ele>1489.4</ele><time>2023-09-09T02:13:22.000Z</time></trkpt>
      <trkpt lat="35.330637" lon="127.624193"><ele>1488.3</ele><time>2023-09-09T02:13:22.000Z</time></trkpt>
      <trkpt lat="35.330606" lon="127.624233"><ele>1487.2</ele><time>2023-09-09T02:13:40.000Z</time></trkpt>
      <trkpt lat="35.330571" lon="127.624267"><ele>1485.9</ele><time>2023-09-09T02:13:40.000Z</time></trkpt>
      <trkpt lat="35.330532" lon="127.624294"><ele>1484.6</ele><time>2023-09-09T02:13:55.000Z</time></trkpt>
      <trkpt lat="35.330492" lon="127.624319"><ele>1483.2</ele><time>2023-09-09T02:13:55.000Z</time></trkpt>
      <trkpt lat="35.330453" lon="127.624347"><ele>1481.9</ele><time>2023-09-09T02:14:07.000Z</time></trkpt>
      <trkpt lat="35.330416" lon="127.624378"><ele>1480.6</ele><time>2023-09-09T02:14:21.000Z</time></trkpt>
      <trkpt lat="35.330380" lon="127.624412"><ele>1479.3</ele><time>2023-09-09T02:14:21.000Z</time></trkpt>
      <trkpt lat="35.330342" lon="127.624441"><ele>1478.1</ele><time>2023-09-09T02:14:35.000Z</time></trkpt>
      <trkpt lat="35.330301" lon="127.624462"><ele>1476.9</ele><time>2023-09-09T02:14:35.000Z</time></trkpt>
      <trkpt lat="35.330257" lon="127.624468"><ele>1475.7</ele><time>2023-09-09T02:14:48.000Z</time></trkpt>
      <trkpt lat="35.330215" lon="127.624452"><ele>1474.4</ele><time>2023-09-09T02:14:48.000Z</time></trkpt>
      <trkpt lat="35.330178" lon="127.624420"><ele>1473.0</ele><time>2023-09-09T02:14:48.000Z</time></trkpt>
      <trkpt lat="35.330143" lon="127.624386"><ele>1471.4</ele><time>2023-09-09T02:15:06.000Z</time></trkpt>
      <trkpt lat="35.330104" lon="127.624362"><ele>1469.6</ele><time>2023-09-09T02:15:06.000Z</time></trkpt>
      <trkpt lat="35.330063" lon="127.624368"><ele>1467.5</ele><time>2023-09-09T02:15:58.000Z</time></trkpt>
      <trkpt lat="35.330033" lon="127.624407"><ele>1465.3</ele><time>2023-09-09T02:15:58.000Z</time></trkpt>
      <trkpt lat="35.330010" lon="127.624455"><ele>1463.1</ele><time>2023-09-09T02:16:08.000Z</time></trkpt>
      <trkpt lat="35.329984" lon="127.624499"><ele>1461.1</ele><time>2023-09-09T02:16:52.000Z</time></trkpt>
      <trkpt lat="35.329955" lon="127.624541"><ele>1459.3</ele><time>2023-09-09T02:16:52.000Z</time></trkpt>
      <trkpt lat="35.329929" lon="127.624586"><ele>1457.7</ele><time>2023-09-09T02:17:09.000Z</time></trkpt>
      <trkpt lat="35.329910" lon="127.624636"><ele>1456.3</ele><time>2023-09-09T02:17:09.000Z</time></trkpt>
      <trkpt lat="35.329898" lon="127.624689"><ele>1455.0</ele><time>2023-09-09T02:17:18.000Z</time></trkpt>
      <trkpt lat="35.329893" lon="127.624743"><ele>1453.8</ele><time>2023-09-09T02:17:18.000Z</time></trkpt>
      <trkpt lat="35.329895" lon="127.624798"><ele>1452.7</ele><time>2023-09-09T02:17:29.000Z</time></trkpt>
      <trkpt lat="35.329907" lon="127.624850"><ele>1451.7</ele><time>2023-09-09T02:17:29.000Z</time></trkpt>
      <trkpt lat="35.329926" lon="127.624900"><ele>1450.8</ele><time>2023-09-09T02:17:42.000Z</time></trkpt>
      <trkpt lat="35.329940" lon="127.624953"><ele>1449.9</ele><time>2023-09-09T02:18:07.000Z</time></trkpt>
      <trkpt lat="35.329931" lon="127.625001"><ele>1449.1</ele><time>2023-09-09T02:18:07.000Z</time></trkpt>
      <trkpt lat="35.329895" lon="127.625030"><ele>1448.4</ele><time>2023-09-09T02:18:28.000Z</time></trkpt>
      <trkpt lat="35.329851" lon="127.625042"><ele>1447.8</ele><time>2023-09-09T02:18:35.000Z</time></trkpt>
      <trkpt lat="35.329809" lon="127.625060"><ele>1447.4</ele><time>2023-09-09T02:18:35.000Z</time></trkpt>
      <trkpt lat="35.329771" lon="127.625089"><ele>1447.1</ele><time>2023-09-09T02:18:48.000Z</time></trkpt>
      <trkpt lat="35.329731" lon="127.625113"><ele>1447.0</ele><time>2023-09-09T02:18:48.000Z</time></trkpt>
      <trkpt lat="35.329687" lon="127.625126"><ele>1446.9</ele><time>2023-09-09T02:18:55.000Z</time></trkpt>
      <trkpt lat="35.329643" lon="127.625138"><ele>1447.0</ele><time>2023-09-09T02:18:55.000Z</time></trkpt>
      <trkpt lat="35.329602" lon="127.625159"><ele>1447.0</ele><time>2023-09-09T02:18:55.000Z</time></trkpt>
      <trkpt lat="35.329564" lon="127.625188"><ele>1446.9</ele><time>2023-09-09T02:19:09.000Z</time></trkpt>
      <trkpt lat="35.329528" lon="127.625222"><ele>1446.9</ele><time>2023-09-09T02:19:09.000Z</time></trkpt>
      <trkpt lat="35.329493" lon="127.625255"><ele>1446.8</ele><time>2023-09-09T02:19:15.000Z</time></trkpt>
      <trkpt lat="35.329455" lon="127.625286"><ele>1446.8</ele><time>2023-09-09T02:19:30.000Z</time></trkpt>
      <trkpt lat="35.329416" lon="127.625312"><ele>1446.7</ele><time>2023-09-09T02:19:30.000Z</time></trkpt>
      <trkpt lat="35.329377" lon="127.625339"><ele>1446.6</ele><time>2023-09-09T02:19:36.000Z</time></trkpt>
      <trkpt lat="35.329339" lon="127.625369"><ele>1446.6</ele><time>2023-09-09T02:19:36.000Z</time></trkpt>
      <trkpt lat="35.329305" lon="127.625405"><ele>1446.7</ele><time>2023-09-09T02:19:50.000Z</time></trkpt>
      <trkpt lat="35.329271" lon="127.625440"><ele>1446.7</ele><time>2023-09-09T02:19:50.000Z</time></trkpt>
      <trkpt lat="35.329235" lon="127.625475"><ele>1446.9</ele><time>2023-09-09T02:19:57.000Z</time></trkpt>
      <trkpt lat="35.329204" lon="127.625514"><ele>1447.1</ele><time>2023-09-09T02:19:57.000Z</time></trkpt>
      <trkpt lat="35.329180" lon="127.625560"><ele>1447.3</ele><time>2023-09-09T02:20:11.000Z</time></trkpt>
      <trkpt lat="35.329165" lon="127.625612"><ele>1447.6</ele><time>2023-09-09T02:20:11.000Z</time></trkpt>
      <trkpt lat="35.329153" lon="127.625665"><ele>1447.8</ele><time>2023-09-09T02:20:23.000Z</time></trkpt>
      <trkpt lat="35.329138" lon="127.625717"><ele>1448.0</ele><time>2023-09-09T02:20:23.000Z</time></trkpt>
      <trkpt lat="35.329123" lon="127.625769"><ele>1448.1</ele><time>2023-09-09T02:20:36.000Z</time></trkpt>
      <trkpt lat="35.329111" lon="127.625822"><ele>1447.9</ele><time>2023-09-09T02:20:36.000Z</time></trkpt>
      <trkpt lat="35.329091" lon="127.625870"><ele>1447.6</ele><time>2023-09-09T02:20:47.000Z</time></trkpt>
      <trkpt lat="35.329058" lon="127.625905"><ele>1447.1</ele><time>2023-09-09T02:20:47.000Z</time></trkpt>
      <trkpt lat="35.329021" lon="127.625938"><ele>1446.4</ele><time>2023-09-09T02:20:59.000Z</time></trkpt>
      <trkpt lat="35.328990" lon="127.625978"><ele>1445.5</ele><time>2023-09-09T02:20:59.000Z</time></trkpt>
      <trkpt lat="35.328967" lon="127.626024"><ele>1444.5</ele><time>2023-09-09T02:21:17.000Z</time></trkpt>
      <trkpt lat="35.328952" lon="127.626076"><ele>1443.4</ele><time>2023-09-09T02:21:17.000Z</time></trkpt>
      <trkpt lat="35.328940" lon="127.626129"><ele>1442.1</ele><time>2023-09-09T02:21:37.000Z</time></trkpt>
      <trkpt lat="35.328926" lon="127.626182"><ele>1440.6</ele><time>2023-09-09T02:21:37.000Z</time></trkpt>
      <trkpt lat="35.328907" lon="127.626231"><ele>1439.0</ele><time>2023-09-09T02:21:54.000Z</time></trkpt>
      <trkpt lat="35.328882" lon="127.626277"><ele>1437.4</ele><time>2023-09-09T02:21:54.000Z</time></trkpt>
      <trkpt lat="35.328861" lon="127.626325"><ele>1435.8</ele><time>2023-09-09T02:22:00.000Z</time></trkpt>
      <trkpt lat="35.328846" lon="127.626377"><ele>1434.2</ele><time>2023-09-09T02:22:00.000Z</time></trkpt>
      <trkpt lat="35.328836" lon="127.626431"><ele>1432.7</ele><time>2023-09-09T02:22:22.000Z</time></trkpt>
      <trkpt lat="35.328828" lon="127.626485"><ele>1431.3</ele><time>2023-09-09T02:22:22.000Z</time></trkpt>
      <trkpt lat="35.328817" lon="127.626538"><ele>1429.9</ele><time>2023-09-09T02:22:38.000Z</time></trkpt>
      <trkpt lat="35.328802" lon="127.626591"><ele>1428.7</ele><time>2023-09-09T02:22:38.000Z</time></trkpt>
      <trkpt lat="35.328785" lon="127.626641"><ele>1427.6</ele><time>2023-09-09T02:22:56.000Z</time></trkpt>
      <trkpt lat="35.328764" lon="127.626690"><ele>1426.7</ele><time>2023-09-09T02:22:56.000Z</time></trkpt>
      <trkpt lat="35.328739" lon="127.626736"><ele>1425.9</ele><time>2023-09-09T02:23:11.000Z</time></trkpt>
      <trkpt lat="35.328714" lon="127.626781"><ele>1425.3</ele><time>2023-09-09T02:23:11.000Z</time></trkpt>
      <trkpt lat="35.328693" lon="127.626830"><ele>1424.9</ele><time>2023-09-09T02:23:22.000Z</time></trkpt>
      <trkpt lat="35.328680" lon="127.626882"><ele>1424.6</ele><time>2023-09-09T02:23:22.000Z</time></trkpt>
      <trkpt lat="35.328673" lon="127.626937"><ele>1424.4</ele><time>2023-09-09T02:23:37.000Z</time></trkpt>
      <trkpt lat="35.328666" lon="127.626991"><ele>1424.4</ele><time>2023-09-09T02:23:37.000Z</time></trkpt>
      <trkpt lat="35.328657" lon="127.627045"><ele>1424.4</ele><time>2023-09-09T02:23:44.000Z</time></trkpt>
      <trkpt lat="35.328645" lon="127.627098"><ele>1424.5</ele><time>2023-09-09T02:23:44.000Z</time></trkpt>
      <trkpt lat="35.328631" lon="127.627151"><ele>1424.7</ele><time>2023-09-09T02:23:56.000Z</time></trkpt>
      <trkpt lat="35.328616" lon="127.627203"><ele>1424.9</ele><time>2023-09-09T02:23:56.000Z</time></trkpt>
      <trkpt lat="35.328598" lon="127.627253"><ele>1425.2</ele><time>2023-09-09T02:24:13.000Z</time></trkpt>
      <trkpt lat="35.328579" lon="127.627303"><ele>1425.4</ele><time>2023-09-09T02:24:13.000Z</time></trkpt>
      <trkpt lat="35.328559" lon="127.627352"><ele>1425.7</ele><time>2023-09-09T02:24:25.000Z</time></trkpt>
      <trkpt lat="35.328540" lon="127.627402"><ele>1426.0</ele><time>2023-09-09T02:24:25.000Z</time></trkpt>
      <trkpt lat="35.328520" lon="127.627452"><ele>1426.3</ele><time>2023-09-09T02:24:39.000Z</time></trkpt>
      <trkpt lat="35.328498" lon="127.627500"><ele>1426.6</ele><time>2023-09-09T02:24:39.000Z</time></trkpt>
      <trkpt lat="35.328479" lon="127.627550"><ele>1426.9</ele><time>2023-09-09T02:24:54.000Z</time></trkpt>
      <trkpt lat="35.328464" lon="127.627601"><ele>1427.2</ele><time>2023-09-09T02:24:54.000Z</time></trkpt>
      <trkpt lat="35.328450" lon="127.627654"><ele>1427.6</ele><time>2023-09-09T02:25:14.000Z</time></trkpt>
      <trkpt lat="35.328434" lon="127.627706"><ele>1427.8</ele><time>2023-09-09T02:25:14.000Z</time></trkpt>
      <trkpt lat="35.328414" lon="127.627754"><ele>1428.1</ele><time>2023-09-09T02:25:27.000Z</time></trkpt>
      <trkpt lat="35.328385" lon="127.627796"><ele>1428.2</ele><time>2023-09-09T02:25:27.000Z</time></trkpt>
      <trkpt lat="35.328348" lon="127.627826"><ele>1428.2</ele><time>2023-09-09T02:25:40.000Z</time></trkpt>
      <trkpt lat="35.328306" lon="127.627848"><ele>1428.1</ele><time>2023-09-09T02:26:01.000Z</time></trkpt>
      <trkpt lat="35.328265" lon="127.627870"><ele>1427.9</ele><time>2023-09-09T02:26:01.000Z</time></trkpt>
      <trkpt lat="35.328229" lon="127.627901"><ele>1427.6</ele><time>2023-09-09T02:26:12.000Z</time></trkpt>
      <trkpt lat="35.328194" lon="127.627937"><ele>1427.2</ele><time>2023-09-09T02:26:42.000Z</time></trkpt>
      <trkpt lat="35.328154" lon="127.627960"><ele>1426.8</ele><time>2023-09-09T02:26:42.000Z</time></trkpt>
      <trkpt lat="35.328111" lon="127.627974"><ele>1426.5</ele><time>2023-09-09T02:26:55.000Z</time></trkpt>
      <trkpt lat="35.328069" lon="127.627995"><ele>1426.4</ele><time>2023-09-09T02:26:55.000Z</time></trkpt>
      <trkpt lat="35.328032" lon="127.628026"><ele>1426.5</ele><time>2023-09-09T02:27:15.000Z</time></trkpt>
      <trkpt lat="35.327999" lon="127.628063"><ele>1426.8</ele><time>2023-09-09T02:27:28.000Z</time></trkpt>
      <trkpt lat="35.327971" lon="127.628106"><ele>1427.4</ele><time>2023-09-09T02:27:28.000Z</time></trkpt>
      <trkpt lat="35.327948" lon="127.628153"><ele>1428.2</ele><time>2023-09-09T02:27:48.000Z</time></trkpt>
      <trkpt lat="35.327924" lon="127.628200"><ele>1429.1</ele><time>2023-09-09T02:27:48.000Z</time></trkpt>
      <trkpt lat="35.327896" lon="127.628242"><ele>1430.2</ele><time>2023-09-09T02:28:09.000Z</time></trkpt>
      <trkpt lat="35.327864" lon="127.628281"><ele>1431.4</ele><time>2023-09-09T02:28:09.000Z</time></trkpt>
      <trkpt lat="35.327836" lon="127.628324"><ele>1432.7</ele><time>2023-09-09T02:29:55.000Z</time></trkpt>
      <trkpt lat="35.327817" lon="127.628374"><ele>1433.9</ele><time>2023-09-09T02:29:55.000Z</time></trkpt>
      <trkpt lat="35.327806" lon="127.628427"><ele>1435.1</ele><time>2023-09-09T02:30:15.000Z</time></trkpt>
      <trkpt lat="35.327798" lon="127.628481"><ele>1436.4</ele><time>2023-09-09T02:30:15.000Z</time></trkpt>
      <trkpt lat="35.327788" lon="127.628535"><ele>1437.7</ele><time>2023-09-09T02:30:41.000Z</time></trkpt>
      <trkpt lat="35.327778" lon="127.628588"><ele>1439.1</ele><time>2023-09-09T02:30:41.000Z</time></trkpt>
      <trkpt lat="35.327767" lon="127.628642"><ele>1440.7</ele><time>2023-09-09T02:30:56.000Z</time></trkpt>
      <trkpt lat="35.327763" lon="127.628697"><ele>1442.3</ele><time>2023-09-09T02:30:56.000Z</time></trkpt>
      <trkpt lat="35.327771" lon="127.628751"><ele>1443.9</ele><time>2023-09-09T02:31:17.000Z</time></trkpt>
      <trkpt lat="35.327796" lon="127.628795"><ele>1445.6</ele><time>2023-09-09T02:31:17.000Z</time></trkpt>
      <trkpt lat="35.327827" lon="127.628835"><ele>1447.3</ele><time>2023-09-09T02:31:58.000Z</time></trkpt>
      <trkpt lat="35.327844" lon="127.628885"><ele>1449.0</ele><time>2023-09-09T02:31:58.000Z</time></trkpt>
      <trkpt lat="35.327846" lon="127.628940"><ele>1450.6</ele><time>2023-09-09T02:32:15.000Z</time></trkpt>
      <trkpt lat="35.327842" lon="127.628995"><ele>1452.3</ele><time>2023-09-09T02:32:15.000Z</time></trkpt>
      <trkpt lat="35.327824" lon="127.629045"><ele>1454.0</ele><time>2023-09-09T02:32:36.000Z</time></trkpt>
      <trkpt lat="35.327798" lon="127.629090"><ele>1455.7</ele><time>2023-09-09T02:32:36.000Z</time></trkpt>
      <trkpt lat="35.327774" lon="127.629136"><ele>1457.5</ele><time>2023-09-09T02:32:48.000Z</time></trkpt>
      <trkpt lat="35.327758" lon="127.629188"><ele>1459.3</ele><time>2023-09-09T02:34:02.000Z</time></trkpt>
      <trkpt lat="35.327757" lon="127.629243"><ele>1461.1</ele><time>2023-09-09T02:34:02.000Z</time></trkpt>
      <trkpt lat="35.327770" lon="127.629295"><ele>1462.8</ele><time>2023-09-09T02:34:38.000Z</time></trkpt>
      <trkpt lat="35.327791" lon="127.629344"><ele>1464.3</ele><time>2023-09-09T02:34:38.000Z</time></trkpt>
      <trkpt lat="35.327812" lon="127.629392"><ele>1465.7</ele><time>2023-09-09T02:35:06.000Z</time></trkpt>
      <trkpt lat="35.327822" lon="127.629446"><ele>1466.9</ele><time>2023-09-09T02:35:06.000Z</time></trkpt>
      <trkpt lat="35.327816" lon="127.629501"><ele>1467.9</ele><time>2023-09-09T02:35:23.000Z</time></trkpt>
      <trkpt lat="35.327797" lon="127.629551"><ele>1468.7</ele><time>2023-09-09T02:35:23.000Z</time></trkpt>
      <trkpt lat="35.327766" lon="127.629590"><ele>1469.3</ele><time>2023-09-09T02:35:40.000Z</time></trkpt>
      <trkpt lat="35.327725" lon="127.629613"><ele>1469.7</ele><time>2023-09-09T02:35:48.000Z</time></trkpt>
      <trkpt lat="35.327681" lon="127.629623"><ele>1470.0</ele><time>2023-09-09T02:35:48.000Z</time></trkpt>
      <trkpt lat="35.327636" lon="127.629627"><ele>1470.4</ele><time>2023-09-09T02:36:00.000Z</time></trkpt>
      <trkpt lat="35.327592" lon="127.629632"><ele>1470.9</ele><time>2023-09-09T02:36:00.000Z</time></trkpt>
      <trkpt lat="35.327548" lon="127.629643"><ele>1471.5</ele><time>2023-09-09T02:36:15.000Z</time></trkpt>
      <trkpt lat="35.327506" lon="127.629664"><ele>1472.1</ele><time>2023-09-09T02:36:24.000Z</time></trkpt>
      <trkpt lat="35.327466" lon="127.629690"><ele>1472.7</ele><time>2023-09-09T02:36:24.000Z</time></trkpt>
      <trkpt lat="35.327427" lon="127.629717"><ele>1473.1</ele><time>2023-09-09T02:36:41.000Z</time></trkpt>
      <trkpt lat="35.327389" lon="127.629745"><ele>1473.3</ele><time>2023-09-09T02:36:41.000Z</time></trkpt>
      <trkpt lat="35.327352" lon="127.629777"><ele>1473.1</ele><time>2023-09-09T02:37:05.000Z</time></trkpt>
      <trkpt lat="35.327320" lon="127.629816"><ele>1472.7</ele><time>2023-09-09T02:37:05.000Z</time></trkpt>
      <trkpt lat="35.327302" lon="127.629867"><ele>1471.9</ele><time>2023-09-09T02:37:27.000Z</time></trkpt>
      <trkpt lat="35.327303" lon="127.629922"><ele>1470.6</ele><time>2023-09-09T02:37:46.000Z</time></trkpt>
      <trkpt lat="35.327315" lon="127.629974"><ele>1468.8</ele><time>2023-09-09T02:37:46.000Z</time></trkpt>
      <trkpt lat="35.327311" lon="127.630028"><ele>1466.7</ele><time>2023-09-09T02:38:10.000Z</time></trkpt>
      <trkpt lat="35.327283" lon="127.630071"><ele>1464.4</ele><time>2023-09-09T02:38:29.000Z</time></trkpt>
      <trkpt lat="35.327272" lon="127.630123"><ele>1462.1</ele><time>2023-09-09T02:38:44.000Z</time></trkpt>
      <trkpt lat="35.327285" lon="127.630176"><ele>1459.8</ele><time>2023-09-09T02:39:05.000Z</time></trkpt>
      <trkpt lat="35.327303" lon="127.630226"><ele>1457.7</ele><time>2023-09-09T02:39:05.000Z</time></trkpt>
      <trkpt lat="35.327315" lon="127.630279"><ele>1455.6</ele><time>2023-09-09T02:39:21.000Z</time></trkpt>
      <trkpt lat="35.327329" lon="127.630331"><ele>1453.5</ele><time>2023-09-09T02:39:21.000Z</time></trkpt>
      <trkpt lat="35.327349" lon="127.630380"><ele>1451.4</ele><time>2023-09-09T02:39:38.000Z</time></trkpt>
      <trkpt lat="35.327345" lon="127.630433"><ele>1449.3</ele><time>2023-09-09T02:39:50.000Z</time></trkpt>
      <trkpt lat="35.327310" lon="127.630467"><ele>1447.3</ele><time>2023-09-09T02:39:50.000Z</time></trkpt>
      <trkpt lat="35.327270" lon="127.630490"><ele>1445.5</ele><time>2023-09-09T02:40:19.000Z</time></trkpt>
      <trkpt lat="35.327244" lon="127.630533"><ele>1443.7</ele><time>2023-09-09T02:40:19.000Z</time></trkpt>
      <trkpt lat="35.327227" lon="127.630583"><ele>1442.1</ele><time>2023-09-09T02:40:35.000Z</time></trkpt>
      <trkpt lat="35.327191" lon="127.630598"><ele>1440.4</ele><time>2023-09-09T02:40:53.000Z</time></trkpt>
      <trkpt lat="35.327151" lon="127.630574"><ele>1439.1</ele><time>2023-09-09T02:41:33.000Z</time></trkpt>
      <trkpt lat="35.327110" lon="127.630553"><ele>1437.7</ele><time>2023-09-09T02:41:33.000Z</time></trkpt>
      <trkpt lat="35.327066" lon="127.630544"><ele>1436.5</ele><time>2023-09-09T02:42:36.000Z</time></trkpt>
      <trkpt lat="35.327039" lon="127.630545"><ele>1435.8</ele><time>2023-09-09T02:42:59.000Z</time></trkpt>
      <trkpt lat="35.327022" lon="127.630554"><ele>1435.3</ele><time>2023-09-09T02:42:59.000Z</time></trkpt>
      <trkpt lat="35.326987" lon="127.630585"><ele>1434.0</ele><time>2023-09-09T02:42:59.000Z</time></trkpt>
      <trkpt lat="35.326964" lon="127.630632"><ele>1432.7</ele><time>2023-09-09T02:43:13.000Z</time></trkpt>
      <trkpt lat="35.326953" lon="127.630685"><ele>1431.5</ele><time>2023-09-09T02:43:13.000Z</time></trkpt>
      <trkpt lat="35.326950" lon="127.630740"><ele>1430.2</ele><time>2023-09-09T02:43:37.000Z</time></trkpt>
      <trkpt lat="35.326952" lon="127.630795"><ele>1428.9</ele><time>2023-09-09T02:43:37.000Z</time></trkpt>
      <trkpt lat="35.326953" lon="127.630850"><ele>1427.7</ele><time>2023-09-09T02:43:58.000Z</time></trkpt>
      <trkpt lat="35.326954" lon="127.630905"><ele>1426.3</ele><time>2023-09-09T02:44:09.000Z</time></trkpt>
      <trkpt lat="35.326956" lon="127.630960"><ele>1425.0</ele><time>2023-09-09T02:44:09.000Z</time></trkpt>
      <trkpt lat="35.326961" lon="127.631015"><ele>1423.5</ele><time>2023-09-09T02:44:27.000Z</time></trkpt>
      <trkpt lat="35.326960" lon="127.631069"><ele>1421.8</ele><time>2023-09-09T02:44:27.000Z</time></trkpt>
      <trkpt lat="35.326939" lon="127.631115"><ele>1419.9</ele><time>2023-09-09T02:44:55.000Z</time></trkpt>
      <trkpt lat="35.326904" lon="127.631149"><ele>1417.9</ele><time>2023-09-09T02:45:43.000Z</time></trkpt>
      <trkpt lat="35.326879" lon="127.631192"><ele>1416.0</ele><time>2023-09-09T02:45:43.000Z</time></trkpt>
      <trkpt lat="35.326863" lon="127.631243"><ele>1414.1</ele><time>2023-09-09T02:46:05.000Z</time></trkpt>
      <trkpt lat="35.326839" lon="127.631289"><ele>1412.4</ele><time>2023-09-09T02:46:05.000Z</time></trkpt>
      <trkpt lat="35.326804" lon="127.631323"><ele>1410.8</ele><time>2023-09-09T02:47:43.000Z</time></trkpt>
      <trkpt lat="35.326766" lon="127.631353"><ele>1409.3</ele><time>2023-09-09T02:47:43.000Z</time></trkpt>
      <trkpt lat="35.326730" lon="127.631387"><ele>1407.7</ele><time>2023-09-09T02:47:56.000Z</time></trkpt>
      <trkpt lat="35.326697" lon="127.631423"><ele>1406.0</ele><time>2023-09-09T02:47:56.000Z</time></trkpt>
      <trkpt lat="35.326662" lon="127.631458"><ele>1404.3</ele><time>2023-09-09T02:48:08.000Z</time></trkpt>
      <trkpt lat="35.326625" lon="127.631490"><ele>1402.5</ele><time>2023-09-09T02:48:34.000Z</time></trkpt>
      <trkpt lat="35.326590" lon="127.631523"><ele>1400.7</ele><time>2023-09-09T02:48:34.000Z</time></trkpt>
      <trkpt lat="35.326564" lon="127.631567"><ele>1398.9</ele><time>2023-09-09T02:48:49.000Z</time></trkpt>
      <trkpt lat="35.326553" lon="127.631620"><ele>1397.2</ele><time>2023-09-09T02:48:49.000Z</time></trkpt>
      <trkpt lat="35.326552" lon="127.631675"><ele>1395.6</ele><time>2023-09-09T02:49:06.000Z</time></trkpt>
      <trkpt lat="35.326552" lon="127.631730"><ele>1394.2</ele><time>2023-09-09T02:49:06.000Z</time></trkpt>
      <trkpt lat="35.326549" lon="127.631785"><ele>1392.9</ele><time>2023-09-09T02:49:23.000Z</time></trkpt>
      <trkpt lat="35.326541" lon="127.631839"><ele>1391.9</ele><time>2023-09-09T02:49:23.000Z</time></trkpt>
      <trkpt lat="35.326532" lon="127.631893"><ele>1390.9</ele><time>2023-09-09T02:49:44.000Z</time></trkpt>
      <trkpt lat="35.326526" lon="127.631948"><ele>1390.1</ele><time>2023-09-09T02:49:44.000Z</time></trkpt>
      <trkpt lat="35.326533" lon="127.632001"><ele>1389.2</ele><time>2023-09-09T02:50:08.000Z</time></trkpt>
      <trkpt lat="35.326561" lon="127.632042"><ele>1388.2</ele><time>2023-09-09T02:50:08.000Z</time></trkpt>
      <trkpt lat="35.326596" lon="127.632076"><ele>1387.3</ele><time>2023-09-09T02:50:19.000Z</time></trkpt>
      <trkpt lat="35.326615" lon="127.632124"><ele>1386.2</ele><time>2023-09-09T02:50:19.000Z</time></trkpt>
      <trkpt lat="35.326605" lon="127.632175"><ele>1385.0</ele><time>2023-09-09T02:50:40.000Z</time></trkpt>
      <trkpt lat="35.326578" lon="127.632219"><ele>1383.5</ele><time>2023-09-09T02:50:40.000Z</time></trkpt>
      <trkpt lat="35.326551" lon="127.632263"><ele>1381.9</ele><time>2023-09-09T02:51:00.000Z</time></trkpt>
      <trkpt lat="35.326526" lon="127.632309"><ele>1380.1</ele><time>2023-09-09T02:51:14.000Z</time></trkpt>
      <trkpt lat="35.326486" lon="127.632310"><ele>1378.2</ele><time>2023-09-09T02:51:31.000Z</time></trkpt>
      <trkpt lat="35.326444" lon="127.632289"><ele>1376.4</ele><time>2023-09-09T02:51:31.000Z</time></trkpt>
      <trkpt lat="35.326400" lon="127.632290"><ele>1375.0</ele><time>2023-09-09T02:52:07.000Z</time></trkpt>
      <trkpt lat="35.326404" lon="127.632340"><ele>1374.0</ele><time>2023-09-09T02:52:07.000Z</time></trkpt>
      <trkpt lat="35.326429" lon="127.632385"><ele>1373.3</ele><time>2023-09-09T02:52:15.000Z</time></trkpt>
      <trkpt lat="35.326448" lon="127.632435"><ele>1373.0</ele><time>2023-09-09T02:52:29.000Z</time></trkpt>
      <trkpt lat="35.326471" lon="127.632483"><ele>1372.9</ele><time>2023-09-09T02:52:29.000Z</time></trkpt>
      <trkpt lat="35.326501" lon="127.632523"><ele>1372.9</ele><time>2023-09-09T02:52:29.000Z</time></trkpt>
      <trkpt lat="35.326529" lon="127.632567"><ele>1373.0</ele><time>2023-09-09T02:52:44.000Z</time></trkpt>
      <trkpt lat="35.326541" lon="127.632619"><ele>1373.1</ele><time>2023-09-09T02:52:44.000Z</time></trkpt>
      <trkpt lat="35.326549" lon="127.632674"><ele>1373.1</ele><time>2023-09-09T02:52:55.000Z</time></trkpt>
      <trkpt lat="35.326556" lon="127.632728"><ele>1373.1</ele><time>2023-09-09T02:52:55.000Z</time></trkpt>
      <trkpt lat="35.326567" lon="127.632782"><ele>1372.9</ele><time>2023-09-09T02:53:09.000Z</time></trkpt>
      <trkpt lat="35.326581" lon="127.632834"><ele>1372.7</ele><time>2023-09-09T02:53:09.000Z</time></trkpt>
      <trkpt lat="35.326599" lon="127.632884"><ele>1372.4</ele><time>2023-09-09T02:53:17.000Z</time></trkpt>
      <trkpt lat="35.326610" lon="127.632938"><ele>1372.1</ele><time>2023-09-09T02:53:17.000Z</time></trkpt>
      <trkpt lat="35.326599" lon="127.632991"><ele>1371.7</ele><time>2023-09-09T02:53:34.000Z</time></trkpt>
      <trkpt lat="35.326571" lon="127.633034"><ele>1371.3</ele><time>2023-09-09T02:53:43.000Z</time></trkpt>
      <trkpt lat="35.326540" lon="127.633075"><ele>1370.9</ele><time>2023-09-09T02:53:43.000Z</time></trkpt>
      <trkpt lat="35.326517" lon="127.633122"><ele>1370.6</ele><time>2023-09-09T02:53:55.000Z</time></trkpt>
      <trkpt lat="35.326507" lon="127.633175"><ele>1370.2</ele><time>2023-09-09T02:53:55.000Z</time></trkpt>
      <trkpt lat="35.326511" lon="127.633230"><ele>1369.9</ele><time>2023-09-09T02:54:06.000Z</time></trkpt>
      <trkpt lat="35.326520" lon="127.633284"><ele>1369.5</ele><time>2023-09-09T02:54:06.000Z</time></trkpt>
      <trkpt lat="35.326530" lon="127.633338"><ele>1369.2</ele><time>2023-09-09T02:54:19.000Z</time></trkpt>
      <trkpt lat="35.326537" lon="127.633392"><ele>1368.9</ele><time>2023-09-09T02:54:19.000Z</time></trkpt>
      <trkpt lat="35.326542" lon="127.633447"><ele>1368.7</ele><time>2023-09-09T02:54:32.000Z</time></trkpt>
      <trkpt lat="35.326541" lon="127.633502"><ele>1368.5</ele><time>2023-09-09T02:54:32.000Z</time></trkpt>
      <trkpt lat="35.326532" lon="127.633556"><ele>1368.4</ele><time>2023-09-09T02:54:45.000Z</time></trkpt>
      <trkpt lat="35.326520" lon="127.633609"><ele>1368.3</ele><time>2023-09-09T02:54:45.000Z</time></trkpt>
      <trkpt lat="35.326512" lon="127.633664"><ele>1368.3</ele><time>2023-09-09T02:54:56.000Z</time></trkpt>
      <trkpt lat="35.326514" lon="127.633719"><ele>1368.2</ele><time>2023-09-09T02:55:05.000Z</time></trkpt>
      <trkpt lat="35.326525" lon="127.633772"><ele>1368.1</ele><time>2023-09-09T02:55:05.000Z</time></trkpt>
      <trkpt lat="35.326546" lon="127.633821"><ele>1368.0</ele><time>2023-09-09T02:55:05.000Z</time></trkpt>
      <trkpt lat="35.326573" lon="127.633865"><ele>1367.8</ele><time>2023-09-09T02:55:20.000Z</time></trkpt>
      <trkpt lat="35.326603" lon="127.633905"><ele>1367.4</ele><time>2023-09-09T02:55:20.000Z</time></trkpt>
      <trkpt lat="35.326624" lon="127.633952"><ele>1366.9</ele><time>2023-09-09T02:55:38.000Z</time></trkpt>
      <trkpt lat="35.326613" lon="127.634006"><ele>1366.4</ele><time>2023-09-09T02:56:02.000Z</time></trkpt>
      <trkpt lat="35.326600" lon="127.634058"><ele>1365.9</ele><time>2023-09-09T02:56:15.000Z</time></trkpt>
      <trkpt lat="35.326604" lon="127.634112"><ele>1365.5</ele><time>2023-09-09T02:56:15.000Z</time></trkpt>
      <trkpt lat="35.326622" lon="127.634163"><ele>1365.4</ele><time>2023-09-09T02:56:23.000Z</time></trkpt>
      <trkpt lat="35.326646" lon="127.634209"><ele>1365.5</ele><time>2023-09-09T02:56:23.000Z</time></trkpt>
      <trkpt lat="35.326669" lon="127.634257"><ele>1365.7</ele><time>2023-09-09T02:56:40.000Z</time></trkpt>
      <trkpt lat="35.326678" lon="127.634310"><ele>1366.2</ele><time>2023-09-09T02:56:40.000Z</time></trkpt>
      <trkpt lat="35.326671" lon="127.634364"><ele>1366.7</ele><time>2023-09-09T02:56:51.000Z</time></trkpt>
      <trkpt lat="35.326658" lon="127.634417"><ele>1367.4</ele><time>2023-09-09T02:56:51.000Z</time></trkpt>
      <trkpt lat="35.326644" lon="127.634469"><ele>1368.1</ele><time>2023-09-09T02:57:04.000Z</time></trkpt>
      <trkpt lat="35.326626" lon="127.634519"><ele>1368.8</ele><time>2023-09-09T02:57:04.000Z</time></trkpt>
      <trkpt lat="35.326603" lon="127.634567"><ele>1369.6</ele><time>2023-09-09T02:57:24.000Z</time></trkpt>
      <trkpt lat="35.326583" lon="127.634616"><ele>1370.3</ele><time>2023-09-09T02:57:24.000Z</time></trkpt>
      <trkpt lat="35.326571" lon="127.634669"><ele>1371.0</ele><time>2023-09-09T02:57:42.000Z</time></trkpt>
      <trkpt lat="35.326563" lon="127.634723"><ele>1371.8</ele><time>2023-09-09T02:57:42.000Z</time></trkpt>
      <trkpt lat="35.326557" lon="127.634778"><ele>1372.5</ele><time>2023-09-09T02:57:57.000Z</time></trkpt>
      <trkpt lat="35.326555" lon="127.634833"><ele>1373.4</ele><time>2023-09-09T02:57:57.000Z</time></trkpt>
      <trkpt lat="35.326555" lon="127.634888"><ele>1374.2</ele><time>2023-09-09T02:58:19.000Z</time></trkpt>
      <trkpt lat="35.326555" lon="127.634943"><ele>1374.8</ele><time>2023-09-09T02:58:19.000Z</time></trkpt>
      <trkpt lat="35.326551" lon="127.634998"><ele>1375.3</ele><time>2023-09-09T02:58:34.000Z</time></trkpt>
      <trkpt lat="35.326539" lon="127.635050"><ele>1375.6</ele><time>2023-09-09T02:58:55.000Z</time></trkpt>
      <trkpt lat="35.326519" lon="127.635100"><ele>1375.5</ele><time>2023-09-09T02:58:55.000Z</time></trkpt>
      <trkpt lat="35.326494" lon="127.635146"><ele>1375.1</ele><time>2023-09-09T03:01:08.000Z</time></trkpt>
      <trkpt lat="35.326468" lon="127.635190"><ele>1374.5</ele><time>2023-09-09T03:01:08.000Z</time></trkpt>
      <trkpt lat="35.326443" lon="127.635236"><ele>1373.5</ele><time>2023-09-09T03:02:17.000Z</time></trkpt>
      <trkpt lat="35.326427" lon="127.635287"><ele>1372.4</ele><time>2023-09-09T03:02:17.000Z</time></trkpt>
      <trkpt lat="35.326432" lon="127.635340"><ele>1371.1</ele><time>2023-09-09T03:02:41.000Z</time></trkpt>
      <trkpt lat="35.326452" lon="127.635389"><ele>1369.9</ele><time>2023-09-09T03:02:53.000Z</time></trkpt>
      <trkpt lat="35.326471" lon="127.635438"><ele>1368.8</ele><time>2023-09-09T03:02:53.000Z</time></trkpt>
      <trkpt lat="35.326470" lon="127.635492"><ele>1367.8</ele><time>2023-09-09T03:03:06.000Z</time></trkpt>
      <trkpt lat="35.326452" lon="127.635542"><ele>1367.1</ele><time>2023-09-09T03:03:06.000Z</time></trkpt>
      <trkpt lat="35.326430" lon="127.635590"><ele>1366.5</ele><time>2023-09-09T03:03:13.000Z</time></trkpt>
      <trkpt lat="35.326404" lon="127.635635"><ele>1366.1</ele><time>2023-09-09T03:03:13.000Z</time></trkpt>
      <trkpt lat="35.326373" lon="127.635674"><ele>1365.7</ele><time>2023-09-09T03:03:13.000Z</time></trkpt>
      <trkpt lat="35.326337" lon="127.635707"><ele>1365.3</ele><time>2023-09-09T03:03:26.000Z</time></trkpt>
      <trkpt lat="35.326299" lon="127.635737"><ele>1364.9</ele><time>2023-09-09T03:03:40.000Z</time></trkpt>
      <trkpt lat="35.326261" lon="127.635767"><ele>1364.5</ele><time>2023-09-09T03:03:40.000Z</time></trkpt>
      <trkpt lat="35.326223" lon="127.635796"><ele>1364.1</ele><time>2023-09-09T03:03:52.000Z</time></trkpt>
      <trkpt lat="35.326191" lon="127.635833"><ele>1363.7</ele><time>2023-09-09T03:03:52.000Z</time></trkpt>
      <trkpt lat="35.326176" lon="127.635883"><ele>1363.4</ele><time>2023-09-09T03:04:07.000Z</time></trkpt>
      <trkpt lat="35.326180" lon="127.635937"><ele>1363.3</ele><time>2023-09-09T03:04:07.000Z</time></trkpt>
      <trkpt lat="35.326198" lon="127.635988"><ele>1363.3</ele><time>2023-09-09T03:04:16.000Z</time></trkpt>
      <trkpt lat="35.326220" lon="127.636036"><ele>1363.5</ele><time>2023-09-09T03:04:16.000Z</time></trkpt>
      <trkpt lat="35.326237" lon="127.636086"><ele>1363.8</ele><time>2023-09-09T03:04:35.000Z</time></trkpt>
      <trkpt lat="35.326239" lon="127.636140"><ele>1364.2</ele><time>2023-09-09T03:04:49.000Z</time></trkpt>
      <trkpt lat="35.326220" lon="127.636188"><ele>1364.7</ele><time>2023-09-09T03:04:49.000Z</time></trkpt>
      <trkpt lat="35.326186" lon="127.636223"><ele>1365.1</ele><time>2023-09-09T03:05:04.000Z</time></trkpt>
      <trkpt lat="35.326145" lon="127.636242"><ele>1365.5</ele><time>2023-09-09T03:05:17.000Z</time></trkpt>
      <trkpt lat="35.326103" lon="127.636261"><ele>1365.9</ele><time>2023-09-09T03:05:17.000Z</time></trkpt>
      <trkpt lat="35.326069" lon="127.636295"><ele>1366.2</ele><time>2023-09-09T03:05:46.000Z</time></trkpt>
      <trkpt lat="35.326046" lon="127.636343"><ele>1366.5</ele><time>2023-09-09T03:05:46.000Z</time></trkpt>
      <trkpt lat="35.326030" lon="127.636394"><ele>1366.7</ele><time>2023-09-09T03:05:46.000Z</time></trkpt>
      <trkpt lat="35.326021" lon="127.636447"><ele>1366.8</ele><time>2023-09-09T03:05:59.000Z</time></trkpt>
      <trkpt lat="35.326023" lon="127.636502"><ele>1366.9</ele><time>2023-09-09T03:05:59.000Z</time></trkpt>
      <trkpt lat="35.326028" lon="127.636557"><ele>1366.9</ele><time>2023-09-09T03:06:16.000Z</time></trkpt>
      <trkpt lat="35.326027" lon="127.636612"><ele>1366.7</ele><time>2023-09-09T03:06:16.000Z</time></trkpt>
      <trkpt lat="35.326020" lon="127.636666"><ele>1366.5</ele><time>2023-09-09T03:06:27.000Z</time></trkpt>
      <trkpt lat="35.326021" lon="127.636721"><ele>1366.1</ele><time>2023-09-09T03:06:27.000Z</time></trkpt>
      <trkpt lat="35.326036" lon="127.636771"><ele>1365.7</ele><time>2023-09-09T03:06:40.000Z</time></trkpt>
      <trkpt lat="35.326064" lon="127.636814"><ele>1365.2</ele><time>2023-09-09T03:06:52.000Z</time></trkpt>
      <trkpt lat="35.326089" lon="127.636859"><ele>1364.8</ele><time>2023-09-09T03:06:52.000Z</time></trkpt>
      <trkpt lat="35.326101" lon="127.636912"><ele>1364.6</ele><time>2023-09-09T03:07:09.000Z</time></trkpt>
      <trkpt lat="35.326099" lon="127.636966"><ele>1364.7</ele><time>2023-09-09T03:07:09.000Z</time></trkpt>
      <trkpt lat="35.326084" lon="127.637018"><ele>1365.1</ele><time>2023-09-09T03:07:20.000Z</time></trkpt>
      <trkpt lat="35.326062" lon="127.637066"><ele>1365.7</ele><time>2023-09-09T03:07:20.000Z</time></trkpt>
      <trkpt lat="35.326031" lon="127.637103"><ele>1366.7</ele><time>2023-09-09T03:07:42.000Z</time></trkpt>
      <trkpt lat="35.325990" lon="127.637126"><ele>1367.8</ele><time>2023-09-09T03:07:42.000Z</time></trkpt>
      <trkpt lat="35.325948" lon="127.637146"><ele>1369.1</ele><time>2023-09-09T03:08:02.000Z</time></trkpt>
      <trkpt lat="35.325909" lon="127.637171"><ele>1370.4</ele><time>2023-09-09T03:08:02.000Z</time></trkpt>
      <trkpt lat="35.325872" lon="127.637204"><ele>1371.7</ele><time>2023-09-09T03:08:31.000Z</time></trkpt>
      <trkpt lat="35.325839" lon="127.637241"><ele>1372.8</ele><time>2023-09-09T03:08:31.000Z</time></trkpt>
      <trkpt lat="35.325805" lon="127.637277"><ele>1373.8</ele><time>2023-09-09T03:08:51.000Z</time></trkpt>
      <trkpt lat="35.325769" lon="127.637310"><ele>1374.7</ele><time>2023-09-09T03:08:51.000Z</time></trkpt>
      <trkpt lat="35.325732" lon="127.637341"><ele>1375.4</ele><time>2023-09-09T03:09:04.000Z</time></trkpt>
      <trkpt lat="35.325695" lon="127.637372"><ele>1376.1</ele><time>2023-09-09T03:09:04.000Z</time></trkpt>
      <trkpt lat="35.325659" lon="127.637405"><ele>1376.8</ele><time>2023-09-09T03:09:16.000Z</time></trkpt>
      <trkpt lat="35.325628" lon="127.637444"><ele>1377.5</ele><time>2023-09-09T03:09:25.000Z</time></trkpt>
      <trkpt lat="35.325602" lon="127.637489"><ele>1378.2</ele><time>2023-09-09T03:09:25.000Z</time></trkpt>
      <trkpt lat="35.325573" lon="127.637528"><ele>1378.8</ele><time>2023-09-09T03:09:45.000Z</time></trkpt>
      <trkpt lat="35.325532" lon="127.637546"><ele>1379.3</ele><time>2023-09-09T03:09:45.000Z</time></trkpt>
      <trkpt lat="35.325496" lon="127.637571"><ele>1379.6</ele><time>2023-09-09T03:10:02.000Z</time></trkpt>
      <trkpt lat="35.325478" lon="127.637620"><ele>1379.7</ele><time>2023-09-09T03:10:02.000Z</time></trkpt>
      <trkpt lat="35.325470" lon="127.637674"><ele>1379.5</ele><time>2023-09-09T03:10:26.000Z</time></trkpt>
      <trkpt lat="35.325466" lon="127.637729"><ele>1379.1</ele><time>2023-09-09T03:10:26.000Z</time></trkpt>
      <trkpt lat="35.325467" lon="127.637784"><ele>1378.5</ele><time>2023-09-09T03:10:44.000Z</time></trkpt>
      <trkpt lat="35.325477" lon="127.637837"><ele>1377.6</ele><time>2023-09-09T03:10:44.000Z</time></trkpt>
      <trkpt lat="35.325494" lon="127.637888"><ele>1376.7</ele><time>2023-09-09T03:10:55.000Z</time></trkpt>
      <trkpt lat="35.325513" lon="127.637938"><ele>1375.7</ele><time>2023-09-09T03:11:16.000Z</time></trkpt>
      <trkpt lat="35.325527" lon="127.637990"><ele>1374.5</ele><time>2023-09-09T03:11:16.000Z</time></trkpt>
      <trkpt lat="35.325536" lon="127.638044"><ele>1373.3</ele><time>2023-09-09T03:11:28.000Z</time></trkpt>
      <trkpt lat="35.325548" lon="127.638097"><ele>1372.0</ele><time>2023-09-09T03:11:28.000Z</time></trkpt>
      <trkpt lat="35.325565" lon="127.638148"><ele>1370.6</ele><time>2023-09-09T03:11:53.000Z</time></trkpt>
      <trkpt lat="35.325581" lon="127.638200"><ele>1369.1</ele><time>2023-09-09T03:12:05.000Z</time></trkpt>
      <trkpt lat="35.325595" lon="127.638252"><ele>1367.6</ele><time>2023-09-09T03:12:15.000Z</time></trkpt>
      <trkpt lat="35.325610" lon="127.638304"><ele>1366.2</ele><time>2023-09-09T03:12:26.000Z</time></trkpt>
      <trkpt lat="35.325618" lon="127.638358"><ele>1364.6</ele><time>2023-09-09T03:12:26.000Z</time></trkpt>
      <trkpt lat="35.325619" lon="127.638413"><ele>1363.0</ele><time>2023-09-09T03:12:43.000Z</time></trkpt>
      <trkpt lat="35.325629" lon="127.638466"><ele>1361.3</ele><time>2023-09-09T03:12:43.000Z</time></trkpt>
      <trkpt lat="35.325654" lon="127.638509"><ele>1359.5</ele><time>2023-09-09T03:12:56.000Z</time></trkpt>
      <trkpt lat="35.325689" lon="127.638545"><ele>1357.8</ele><time>2023-09-09T03:12:56.000Z</time></trkpt>
      <trkpt lat="35.325721" lon="127.638583"><ele>1356.2</ele><time>2023-09-09T03:13:19.000Z</time></trkpt>
      <trkpt lat="35.325749" lon="127.638626"><ele>1354.7</ele><time>2023-09-09T03:13:37.000Z</time></trkpt>
      <trkpt lat="35.325773" lon="127.638672"><ele>1353.6</ele><time>2023-09-09T03:13:37.000Z</time></trkpt>
      <trkpt lat="35.325780" lon="127.638724"><ele>1352.7</ele><time>2023-09-09T03:14:05.000Z</time></trkpt>
      <trkpt lat="35.325768" lon="127.638776"><ele>1352.2</ele><time>2023-09-09T03:14:05.000Z</time></trkpt>
      <trkpt lat="35.325747" lon="127.638825"><ele>1352.0</ele><time>2023-09-09T03:14:13.000Z</time></trkpt>
      <trkpt lat="35.325726" lon="127.638874"><ele>1352.0</ele><time>2023-09-09T03:14:13.000Z</time></trkpt>
      <trkpt lat="35.325705" lon="127.638922"><ele>1352.2</ele><time>2023-09-09T03:14:31.000Z</time></trkpt>
      <trkpt lat="35.325681" lon="127.638969"><ele>1352.5</ele><time>2023-09-09T03:14:31.000Z</time></trkpt>
      <trkpt lat="35.325658" lon="127.639016"><ele>1352.9</ele><time>2023-09-09T03:14:47.000Z</time></trkpt>
      <trkpt lat="35.325645" lon="127.639068"><ele>1353.4</ele><time>2023-09-09T03:15:02.000Z</time></trkpt>
      <trkpt lat="35.325645" lon="127.639123"><ele>1353.9</ele><time>2023-09-09T03:15:02.000Z</time></trkpt>
      <trkpt lat="35.325649" lon="127.639177"><ele>1354.4</ele><time>2023-09-09T03:15:12.000Z</time></trkpt>
      <trkpt lat="35.325652" lon="127.639232"><ele>1355.0</ele><time>2023-09-09T03:15:12.000Z</time></trkpt>
      <trkpt lat="35.325652" lon="127.639288"><ele>1355.6</ele><time>2023-09-09T03:15:27.000Z</time></trkpt>
      <trkpt lat="35.325649" lon="127.639342"><ele>1356.2</ele><time>2023-09-09T03:15:27.000Z</time></trkpt>
      <trkpt lat="35.325640" lon="127.639396"><ele>1356.7</ele><time>2023-09-09T03:15:41.000Z</time></trkpt>
      <trkpt lat="35.325630" lon="127.639450"><ele>1357.1</ele><time>2023-09-09T03:15:41.000Z</time></trkpt>
      <trkpt lat="35.325625" lon="127.639504"><ele>1357.4</ele><time>2023-09-09T03:16:08.000Z</time></trkpt>
      <trkpt lat="35.325634" lon="127.639558"><ele>1357.5</ele><time>2023-09-09T03:16:25.000Z</time></trkpt>
      <trkpt lat="35.325655" lon="127.639605"><ele>1357.4</ele><time>2023-09-09T03:16:25.000Z</time></trkpt>
      <trkpt lat="35.325683" lon="127.639649"><ele>1357.0</ele><time>2023-09-09T03:16:37.000Z</time></trkpt>
      <trkpt lat="35.325708" lon="127.639694"><ele>1356.3</ele><time>2023-09-09T03:16:55.000Z</time></trkpt>
      <trkpt lat="35.325729" lon="127.639743"><ele>1355.5</ele><time>2023-09-09T03:16:55.000Z</time></trkpt>
      <trkpt lat="35.325751" lon="127.639791"><ele>1354.7</ele><time>2023-09-09T03:17:05.000Z</time></trkpt>
      <trkpt lat="35.325773" lon="127.639839"><ele>1353.8</ele><time>2023-09-09T03:17:05.000Z</time></trkpt>
      <trkpt lat="35.325783" lon="127.639892"><ele>1353.2</ele><time>2023-09-09T03:17:24.000Z</time></trkpt>
      <trkpt lat="35.325777" lon="127.639946"><ele>1352.8</ele><time>2023-09-09T03:17:24.000Z</time></trkpt>
      <trkpt lat="35.325761" lon="127.639997"><ele>1352.5</ele><time>2023-09-09T03:17:38.000Z</time></trkpt>
      <trkpt lat="35.325742" lon="127.640047"><ele>1352.5</ele><time>2023-09-09T03:17:38.000Z</time></trkpt>
      <trkpt lat="35.325727" lon="127.640099"><ele>1352.7</ele><time>2023-09-09T03:17:56.000Z</time></trkpt>
      <trkpt lat="35.325715" lon="127.640152"><ele>1353.1</ele><time>2023-09-09T03:17:56.000Z</time></trkpt>
      <trkpt lat="35.325704" lon="127.640205"><ele>1353.6</ele><time>2023-09-09T03:18:08.000Z</time></trkpt>
      <trkpt lat="35.325692" lon="127.640259"><ele>1354.2</ele><time>2023-09-09T03:18:08.000Z</time></trkpt>
      <trkpt lat="35.325680" lon="127.640312"><ele>1354.8</ele><time>2023-09-09T03:18:24.000Z</time></trkpt>
      <trkpt lat="35.325669" lon="127.640365"><ele>1355.5</ele><time>2023-09-09T03:18:24.000Z</time></trkpt>
      <trkpt lat="35.325660" lon="127.640419"><ele>1356.1</ele><time>2023-09-09T03:18:38.000Z</time></trkpt>
      <trkpt lat="35.325654" lon="127.640474"><ele>1356.8</ele><time>2023-09-09T03:18:38.000Z</time></trkpt>
      <trkpt lat="35.325650" lon="127.640529"><ele>1357.4</ele><time>2023-09-09T03:18:54.000Z</time></trkpt>
      <trkpt lat="35.325648" lon="127.640584"><ele>1357.9</ele><time>2023-09-09T03:18:54.000Z</time></trkpt>
      <trkpt lat="35.325647" lon="127.640639"><ele>1358.5</ele><time>2023-09-09T03:19:15.000Z</time></trkpt>
      <trkpt lat="35.325643" lon="127.640694"><ele>1359.0</ele><time>2023-09-09T03:19:15.000Z</time></trkpt>
      <trkpt lat="35.325634" lon="127.640748"><ele>1359.4</ele><time>2023-09-09T03:19:27.000Z</time></trkpt>
      <trkpt lat="35.325623" lon="127.640801"><ele>1359.7</ele><time>2023-09-09T03:19:27.000Z</time></trkpt>
      <trkpt lat="35.325619" lon="127.640855"><ele>1359.8</ele><time>2023-09-09T03:19:43.000Z</time></trkpt>
      <trkpt lat="35.325629" lon="127.640909"><ele>1359.8</ele><time>2023-09-09T03:20:00.000Z</time></trkpt>
      <trkpt lat="35.325647" lon="127.640959"><ele>1359.5</ele><time>2023-09-09T03:20:00.000Z</time></trkpt>
      <trkpt lat="35.325667" lon="127.641008"><ele>1359.1</ele><time>2023-09-09T03:20:17.000Z</time></trkpt>
      <trkpt lat="35.325688" lon="127.641057"><ele>1358.6</ele><time>2023-09-09T03:20:17.000Z</time></trkpt>
      <trkpt lat="35.325708" lon="127.641106"><ele>1358.0</ele><time>2023-09-09T03:20:37.000Z</time></trkpt>
      <trkpt lat="35.325726" lon="127.641156"><ele>1357.5</ele><time>2023-09-09T03:20:37.000Z</time></trkpt>
      <trkpt lat="35.325740" lon="127.641209"><ele>1356.9</ele><time>2023-09-09T03:20:50.000Z</time></trkpt>
      <trkpt lat="35.325754" lon="127.641261"><ele>1356.4</ele><time>2023-09-09T03:20:50.000Z</time></trkpt>
      <trkpt lat="35.325774" lon="127.641310"><ele>1356.0</ele><time>2023-09-09T03:21:05.000Z</time></trkpt>
      <trkpt lat="35.325799" lon="127.641357"><ele>1355.7</ele><time>2023-09-09T03:21:05.000Z</time></trkpt>
      <trkpt lat="35.325823" lon="127.641403"><ele>1355.5</ele><time>2023-09-09T03:21:17.000Z</time></trkpt>
      <trkpt lat="35.325843" lon="127.641452"><ele>1355.3</ele><time>2023-09-09T03:21:17.000Z</time></trkpt>
      <trkpt lat="35.325858" lon="127.641504"><ele>1355.1</ele><time>2023-09-09T03:21:33.000Z</time></trkpt>
      <trkpt lat="35.325874" lon="127.641555"><ele>1355.0</ele><time>2023-09-09T03:21:45.000Z</time></trkpt>
      <trkpt lat="35.325894" lon="127.641605"><ele>1354.8</ele><time>2023-09-09T03:21:45.000Z</time></trkpt>
      <trkpt lat="35.325918" lon="127.641651"><ele>1354.7</ele><time>2023-09-09T03:22:04.000Z</time></trkpt>
      <trkpt lat="35.325944" lon="127.641696"><ele>1354.6</ele><time>2023-09-09T03:22:04.000Z</time></trkpt>
      <trkpt lat="35.325967" lon="127.641744"><ele>1354.4</ele><time>2023-09-09T03:22:04.000Z</time></trkpt>
      <trkpt lat="35.325984" lon="127.641794"><ele>1354.3</ele><time>2023-09-09T03:22:14.000Z</time></trkpt>
      <trkpt lat="35.325997" lon="127.641847"><ele>1354.3</ele><time>2023-09-09T03:22:14.000Z</time></trkpt>
      <trkpt lat="35.326008" lon="127.641901"><ele>1354.3</ele><time>2023-09-09T03:22:27.000Z</time></trkpt>
      <trkpt lat="35.326014" lon="127.641955"><ele>1354.3</ele><time>2023-09-09T03:22:27.000Z</time></trkpt>
      <trkpt lat="35.326017" lon="127.642010"><ele>1354.4</ele><time>2023-09-09T03:22:45.000Z</time></trkpt>
      <trkpt lat="35.326019" lon="127.642065"><ele>1354.5</ele><time>2023-09-09T03:22:45.000Z</time></trkpt>
      <trkpt lat="35.326022" lon="127.642120"><ele>1354.6</ele><time>2023-09-09T03:22:55.000Z</time></trkpt>
      <trkpt lat="35.326029" lon="127.642174"><ele>1354.7</ele><time>2023-09-09T03:23:06.000Z</time></trkpt>
      <trkpt lat="35.326041" lon="127.642228"><ele>1354.6</ele><time>2023-09-09T03:23:06.000Z</time></trkpt>
      <trkpt lat="35.326058" lon="127.642278"><ele>1354.5</ele><time>2023-09-09T03:23:16.000Z</time></trkpt>
      <trkpt lat="35.326083" lon="127.642324"><ele>1354.4</ele><time>2023-09-09T03:23:16.000Z</time></trkpt>
      <trkpt lat="35.326115" lon="127.642362"><ele>1354.1</ele><time>2023-09-09T03:23:28.000Z</time></trkpt>
      <trkpt lat="35.326150" lon="127.642397"><ele>1353.8</ele><time>2023-09-09T03:23:28.000Z</time></trkpt>
      <trkpt lat="35.326161" lon="127.642408"><ele>1353.7</ele><time>2023-09-09T03:23:28.000Z</time></trkpt>
      <trkpt lat="35.326179" lon="127.642438"><ele>1353.5</ele><time>2023-09-09T03:23:43.000Z</time></trkpt>
      <trkpt lat="35.326195" lon="127.642489"><ele>1353.2</ele><time>2023-09-09T03:23:43.000Z</time></trkpt>
      <trkpt lat="35.326193" lon="127.642543"><ele>1352.8</ele><time>2023-09-09T03:23:49.000Z</time></trkpt>
      <trkpt lat="35.326177" lon="127.642594"><ele>1352.7</ele><time>2023-09-09T03:23:49.000Z</time></trkpt>
      <trkpt lat="35.326151" lon="127.642639"><ele>1352.8</ele><time>2023-09-09T03:24:02.000Z</time></trkpt>
      <trkpt lat="35.326166" lon="127.642637"><ele>1353.5</ele><time>2023-09-09T03:43:15.000Z</time></trkpt>
      <trkpt lat="35.326208" lon="127.642644"><ele>1354.1</ele><time>2023-09-09T03:43:15.000Z</time></trkpt>
      <trkpt lat="35.326244" lon="127.642675"><ele>1354.7</ele><time>2023-09-09T03:43:22.000Z</time></trkpt>
      <trkpt lat="35.326276" lon="127.642714"><ele>1355.3</ele><time>2023-09-09T03:43:22.000Z</time></trkpt>
      <trkpt lat="35.326302" lon="127.642758"><ele>1355.8</ele><time>2023-09-09T03:43:35.000Z</time></trkpt>
      <trkpt lat="35.326321" lon="127.642808"><ele>1356.2</ele><time>2023-09-09T03:43:35.000Z</time></trkpt>
      <trkpt lat="35.326335" lon="127.642861"><ele>1356.6</ele><time>2023-09-09T03:43:48.000Z</time></trkpt>
      <trkpt lat="35.326347" lon="127.642914"><ele>1356.9</ele><time>2023-09-09T03:43:48.000Z</time></trkpt>
      <trkpt lat="35.326359" lon="127.642967"><ele>1357.1</ele><time>2023-09-09T03:43:48.000Z</time></trkpt>
      <trkpt lat="35.326371" lon="127.643020"><ele>1357.3</ele><time>2023-09-09T03:44:00.000Z</time></trkpt>
      <trkpt lat="35.326384" lon="127.643073"><ele>1357.5</ele><time>2023-09-09T03:44:00.000Z</time></trkpt>
      <trkpt lat="35.326395" lon="127.643126"><ele>1357.7</ele><time>2023-09-09T03:44:00.000Z</time></trkpt>
      <trkpt lat="35.326404" lon="127.643180"><ele>1357.8</ele><time>2023-09-09T03:44:11.000Z</time></trkpt>
      <trkpt lat="35.326415" lon="127.643233"><ele>1357.9</ele><time>2023-09-09T03:44:11.000Z</time></trkpt>
      <trkpt lat="35.326431" lon="127.643285"><ele>1357.9</ele><time>2023-09-09T03:44:23.000Z</time></trkpt>
      <trkpt lat="35.326451" lon="127.643334"><ele>1357.9</ele><time>2023-09-09T03:44:23.000Z</time></trkpt>
      <trkpt lat="35.326471" lon="127.643383"><ele>1357.9</ele><time>2023-09-09T03:44:23.000Z</time></trkpt>
      <trkpt lat="35.326491" lon="127.643433"><ele>1357.9</ele><time>2023-09-09T03:44:37.000Z</time></trkpt>
      <trkpt lat="35.326510" lon="127.643483"><ele>1358.0</ele><time>2023-09-09T03:44:37.000Z</time></trkpt>
      <trkpt lat="35.326526" lon="127.643534"><ele>1358.0</ele><time>2023-09-09T03:44:44.000Z</time></trkpt>
      <trkpt lat="35.326540" lon="127.643586"><ele>1358.0</ele><time>2023-09-09T03:44:44.000Z</time></trkpt>
      <trkpt lat="35.326552" lon="127.643640"><ele>1357.9</ele><time>2023-09-09T03:44:58.000Z</time></trkpt>
      <trkpt lat="35.326561" lon="127.643694"><ele>1357.9</ele><time>2023-09-09T03:44:58.000Z</time></trkpt>
      <trkpt lat="35.326568" lon="127.643748"><ele>1357.9</ele><time>2023-09-09T03:44:58.000Z</time></trkpt>
      <trkpt lat="35.326574" lon="127.643803"><ele>1357.9</ele><time>2023-09-09T03:45:04.000Z</time></trkpt>
      <trkpt lat="35.326578" lon="127.643858"><ele>1357.9</ele><time>2023-09-09T03:45:04.000Z</time></trkpt>
      <trkpt lat="35.326580" lon="127.643913"><ele>1358.0</ele><time>2023-09-09T03:45:17.000Z</time></trkpt>
      <trkpt lat="35.326580" lon="127.643968"><ele>1358.1</ele><time>2023-09-09T03:45:17.000Z</time></trkpt>
      <trkpt lat="35.326577" lon="127.644023"><ele>1358.1</ele><time>2023-09-09T03:45:24.000Z</time></trkpt>
      <trkpt lat="35.326570" lon="127.644077"><ele>1358.2</ele><time>2023-09-09T03:45:24.000Z</time></trkpt>
      <trkpt lat="35.326560" lon="127.644131"><ele>1358.2</ele><time>2023-09-09T03:45:39.000Z</time></trkpt>
      <trkpt lat="35.326548" lon="127.644184"><ele>1358.2</ele><time>2023-09-09T03:45:39.000Z</time></trkpt>
      <trkpt lat="35.326535" lon="127.644237"><ele>1358.2</ele><time>2023-09-09T03:45:46.000Z</time></trkpt>
      <trkpt lat="35.326521" lon="127.644289"><ele>1358.2</ele><time>2023-09-09T03:45:46.000Z</time></trkpt>
      <trkpt lat="35.326508" lon="127.644342"><ele>1358.1</ele><time>2023-09-09T03:45:58.000Z</time></trkpt>
      <trkpt lat="35.326498" lon="127.644395"><ele>1358.0</ele><time>2023-09-09T03:45:58.000Z</time></trkpt>
      <trkpt lat="35.326491" lon="127.644450"><ele>1357.9</ele><time>2023-09-09T03:45:58.000Z</time></trkpt>
      <trkpt lat="35.326486" lon="127.644505"><ele>1357.8</ele><time>2023-09-09T03:46:07.000Z</time></trkpt>
      <trkpt lat="35.326480" lon="127.644559"><ele>1357.7</ele><time>2023-09-09T03:46:07.000Z</time></trkpt>
      <trkpt lat="35.326473" lon="127.644614"><ele>1357.7</ele><time>2023-09-09T03:46:20.000Z</time></trkpt>
      <trkpt lat="35.326466" lon="127.644668"><ele>1357.7</ele><time>2023-09-09T03:46:20.000Z</time></trkpt>
      <trkpt lat="35.326461" lon="127.644723"><ele>1357.7</ele><time>2023-09-09T03:46:27.000Z</time></trkpt>
      <trkpt lat="35.326458" lon="127.644778"><ele>1357.7</ele><time>2023-09-09T03:46:27.000Z</time></trkpt>
      <trkpt lat="35.326456" lon="127.644833"><ele>1357.8</ele><time>2023-09-09T03:46:27.000Z</time></trkpt>
      <trkpt lat="35.326452" lon="127.644888"><ele>1357.9</ele><time>2023-09-09T03:46:41.000Z</time></trkpt>
      <trkpt lat="35.326448" lon="127.644943"><ele>1358.0</ele><time>2023-09-09T03:46:41.000Z</time></trkpt>
      <trkpt lat="35.326444" lon="127.644998"><ele>1358.2</ele><time>2023-09-09T03:46:48.000Z</time></trkpt>
      <trkpt lat="35.326445" lon="127.645053"><ele>1358.4</ele><time>2023-09-09T03:46:48.000Z</time></trkpt>
      <trkpt lat="35.326454" lon="127.645106"><ele>1358.7</ele><time>2023-09-09T03:47:01.000Z</time></trkpt>
      <trkpt lat="35.326471" lon="127.645157"><ele>1359.0</ele><time>2023-09-09T03:47:08.000Z</time></trkpt>
      <trkpt lat="35.326494" lon="127.645204"><ele>1359.2</ele><time>2023-09-09T03:47:08.000Z</time></trkpt>
      <trkpt lat="35.326517" lon="127.645252"><ele>1359.4</ele><time>2023-09-09T03:47:22.000Z</time></trkpt>
      <trkpt lat="35.326540" lon="127.645299"><ele>1359.6</ele><time>2023-09-09T03:47:22.000Z</time></trkpt>
      <trkpt lat="35.326562" lon="127.645347"><ele>1359.8</ele><time>2023-09-09T03:47:22.000Z</time></trkpt>
      <trkpt lat="35.326583" lon="127.645396"><ele>1360.0</ele><time>2023-09-09T03:47:28.000Z</time></trkpt>
      <trkpt lat="35.326603" lon="127.645445"><ele>1360.2</ele><time>2023-09-09T03:47:43.000Z</time></trkpt>
      <trkpt lat="35.326619" lon="127.645497"><ele>1360.4</ele><time>2023-09-09T03:47:43.000Z</time></trkpt>
      <trkpt lat="35.326631" lon="127.645550"><ele>1360.6</ele><time>2023-09-09T03:47:50.000Z</time></trkpt>
      <trkpt lat="35.326640" lon="127.645604"><ele>1360.8</ele><time>2023-09-09T03:47:50.000Z</time></trkpt>
      <trkpt lat="35.326648" lon="127.645658"><ele>1360.9</ele><time>2023-09-09T03:47:58.000Z</time></trkpt>
      <trkpt lat="35.326655" lon="127.645712"><ele>1361.1</ele><time>2023-09-09T03:47:58.000Z</time></trkpt>
      <trkpt lat="35.326660" lon="127.645767"><ele>1361.2</ele><time>2023-09-09T03:48:08.000Z</time></trkpt>
      <trkpt lat="35.326664" lon="127.645822"><ele>1361.4</ele><time>2023-09-09T03:48:08.000Z</time></trkpt>
      <trkpt lat="35.326667" lon="127.645877"><ele>1361.6</ele><time>2023-09-09T03:48:19.000Z</time></trkpt>
      <trkpt lat="35.326669" lon="127.645932"><ele>1361.8</ele><time>2023-09-09T03:48:19.000Z</time></trkpt>
      <trkpt lat="35.326669" lon="127.645987"><ele>1362.0</ele><time>2023-09-09T03:48:27.000Z</time></trkpt>
      <trkpt lat="35.326664" lon="127.646042"><ele>1362.3</ele><time>2023-09-09T03:48:27.000Z</time></trkpt>
      <trkpt lat="35.326651" lon="127.646094"><ele>1362.6</ele><time>2023-09-09T03:48:40.000Z</time></trkpt>
      <trkpt lat="35.326632" lon="127.646144"><ele>1363.0</ele><time>2023-09-09T03:48:40.000Z</time></trkpt>
      <trkpt lat="35.326607" lon="127.646190"><ele>1363.4</ele><time>2023-09-09T03:48:49.000Z</time></trkpt>
      <trkpt lat="35.326585" lon="127.646238"><ele>1363.8</ele><time>2023-09-09T03:48:49.000Z</time></trkpt>
      <trkpt lat="35.326573" lon="127.646290"><ele>1364.2</ele><time>2023-09-09T03:49:00.000Z</time></trkpt>
      <trkpt lat="35.326571" lon="127.646345"><ele>1364.5</ele><time>2023-09-09T03:49:00.000Z</time></trkpt>
      <trkpt lat="35.326578" lon="127.646399"><ele>1364.9</ele><time>2023-09-09T03:49:12.000Z</time></trkpt>
      <trkpt lat="35.326591" lon="127.646452"><ele>1365.2</ele><time>2023-09-09T03:49:12.000Z</time></trkpt>
      <trkpt lat="35.326612" lon="127.646501"><ele>1365.5</ele><time>2023-09-09T03:49:26.000Z</time></trkpt>
      <trkpt lat="35.326636" lon="127.646547"><ele>1365.8</ele><time>2023-09-09T03:49:26.000Z</time></trkpt>
      <trkpt lat="35.326658" lon="127.646595"><ele>1366.1</ele><time>2023-09-09T03:49:33.000Z</time></trkpt>
      <trkpt lat="35.326674" lon="127.646646"><ele>1366.3</ele><time>2023-09-09T03:49:33.000Z</time></trkpt>
      <trkpt lat="35.326681" lon="127.646700"><ele>1366.5</ele><time>2023-09-09T03:49:46.000Z</time></trkpt>
      <trkpt lat="35.326685" lon="127.646755"><ele>1366.8</ele><time>2023-09-09T03:49:46.000Z</time></trkpt>
      <trkpt lat="35.326689" lon="127.646810"><ele>1367.0</ele><time>2023-09-09T03:49:54.000Z</time></trkpt>
      <trkpt lat="35.326695" lon="127.646865"><ele>1367.3</ele><time>2023-09-09T03:49:54.000Z</time></trkpt>
      <trkpt lat="35.326698" lon="127.646920"><ele>1367.7</ele><time>2023-09-09T03:49:54.000Z</time></trkpt>
      <trkpt lat="35.326697" lon="127.646975"><ele>1368.0</ele><time>2023-09-09T03:50:07.000Z</time></trkpt>
      <trkpt lat="35.326692" lon="127.647030"><ele>1368.4</ele><time>2023-09-09T03:50:14.000Z</time></trkpt>
      <trkpt lat="35.326687" lon="127.647085"><ele>1368.9</ele><time>2023-09-09T03:50:14.000Z</time></trkpt>
      <trkpt lat="35.326687" lon="127.647140"><ele>1369.3</ele><time>2023-09-09T03:50:28.000Z</time></trkpt>
      <trkpt lat="35.326685" lon="127.647195"><ele>1369.8</ele><time>2023-09-09T03:50:28.000Z</time></trkpt>
      <trkpt lat="35.326680" lon="127.647249"><ele>1370.2</ele><time>2023-09-09T03:50:38.000Z</time></trkpt>
      <trkpt lat="35.326677" lon="127.647304"><ele>1370.6</ele><time>2023-09-09T03:50:38.000Z</time></trkpt>
      <trkpt lat="35.326679" lon="127.647359"><ele>1370.9</ele><time>2023-09-09T03:50:48.000Z</time></trkpt>
      <trkpt lat="35.326684" lon="127.647414"><ele>1371.1</ele><time>2023-09-09T03:50:48.000Z</time></trkpt>
      <trkpt lat="35.326692" lon="127.647468"><ele>1371.3</ele><time>2023-09-09T03:50:56.000Z</time></trkpt>
      <trkpt lat="35.326700" lon="127.647522"><ele>1371.3</ele><time>2023-09-09T03:50:56.000Z</time></trkpt>
      <trkpt lat="35.326709" lon="127.647576"><ele>1371.3</ele><time>2023-09-09T03:51:09.000Z</time></trkpt>
      <trkpt lat="35.326715" lon="127.647631"><ele>1371.3</ele><time>2023-09-09T03:51:09.000Z</time></trkpt>
      <trkpt lat="35.326717" lon="127.647686"><ele>1371.3</ele><time>2023-09-09T03:51:15.000Z</time></trkpt>
      <trkpt lat="35.326711" lon="127.647740"><ele>1371.2</ele><time>2023-09-09T03:51:15.000Z</time></trkpt>
      <trkpt lat="35.326700" lon="127.647794"><ele>1371.2</ele><time>2023-09-09T03:51:30.000Z</time></trkpt>
      <trkpt lat="35.326686" lon="127.647846"><ele>1371.2</ele><time>2023-09-09T03:51:30.000Z</time></trkpt>
      <trkpt lat="35.326672" lon="127.647898"><ele>1371.2</ele><time>2023-09-09T03:51:37.000Z</time></trkpt>
      <trkpt lat="35.326657" lon="127.647950"><ele>1371.3</ele><time>2023-09-09T03:51:37.000Z</time></trkpt>
      <trkpt lat="35.326640" lon="127.648001"><ele>1371.4</ele><time>2023-09-09T03:51:49.000Z</time></trkpt>
      <trkpt lat="35.326620" lon="127.648051"><ele>1371.5</ele><time>2023-09-09T03:51:49.000Z</time></trkpt>
      <trkpt lat="35.326600" lon="127.648100"><ele>1371.6</ele><time>2023-09-09T03:51:57.000Z</time></trkpt>
      <trkpt lat="35.326578" lon="127.648148"><ele>1371.7</ele><time>2023-09-09T03:51:57.000Z</time></trkpt>
      <trkpt lat="35.326558" lon="127.648197"><ele>1371.7</ele><time>2023-09-09T03:52:11.000Z</time></trkpt>
      <trkpt lat="35.326544" lon="127.648250"><ele>1371.7</ele><time>2023-09-09T03:52:11.000Z</time></trkpt>
      <trkpt lat="35.326541" lon="127.648304"><ele>1371.6</ele><time>2023-09-09T03:52:18.000Z</time></trkpt>
      <trkpt lat="35.326540" lon="127.648359"><ele>1371.6</ele><time>2023-09-09T03:52:18.000Z</time></trkpt>
      <trkpt lat="35.326533" lon="127.648414"><ele>1371.5</ele><time>2023-09-09T03:52:31.000Z</time></trkpt>
      <trkpt lat="35.326517" lon="127.648465"><ele>1371.5</ele><time>2023-09-09T03:52:31.000Z</time></trkpt>
      <trkpt lat="35.326495" lon="127.648513"><ele>1371.6</ele><time>2023-09-09T03:52:38.000Z</time></trkpt>
      <trkpt lat="35.326476" lon="127.648563"><ele>1371.7</ele><time>2023-09-09T03:52:38.000Z</time></trkpt>
      <trkpt lat="35.326470" lon="127.648617"><ele>1371.9</ele><time>2023-09-09T03:52:52.000Z</time></trkpt>
      <trkpt lat="35.326472" lon="127.648672"><ele>1372.2</ele><time>2023-09-09T03:52:52.000Z</time></trkpt>
      <trkpt lat="35.326475" lon="127.648727"><ele>1372.5</ele><time>2023-09-09T03:53:05.000Z</time></trkpt>
      <trkpt lat="35.326482" lon="127.648781"><ele>1372.9</ele><time>2023-09-09T03:53:05.000Z</time></trkpt>
      <trkpt lat="35.326493" lon="127.648834"><ele>1373.3</ele><time>2023-09-09T03:53:17.000Z</time></trkpt>
      <trkpt lat="35.326505" lon="127.648887"><ele>1373.6</ele><time>2023-09-09T03:53:17.000Z</time></trkpt>
      <trkpt lat="35.326513" lon="127.648942"><ele>1374.0</ele><time>2023-09-09T03:53:28.000Z</time></trkpt>
      <trkpt lat="35.326514" lon="127.648996"><ele>1374.3</ele><time>2023-09-09T03:53:28.000Z</time></trkpt>
      <trkpt lat="35.326501" lon="127.649049"><ele>1374.5</ele><time>2023-09-09T03:53:37.000Z</time></trkpt>
      <trkpt lat="35.326485" lon="127.649100"><ele>1374.7</ele><time>2023-09-09T03:53:37.000Z</time></trkpt>
      <trkpt lat="35.326469" lon="127.649152"><ele>1374.8</ele><time>2023-09-09T03:53:46.000Z</time></trkpt>
      <trkpt lat="35.326451" lon="127.649202"><ele>1374.9</ele><time>2023-09-09T03:53:46.000Z</time></trkpt>
      <trkpt lat="35.326434" lon="127.649253"><ele>1375.0</ele><time>2023-09-09T03:53:54.000Z</time></trkpt>
      <trkpt lat="35.326425" lon="127.649307"><ele>1375.0</ele><time>2023-09-09T03:53:54.000Z</time></trkpt>
      <trkpt lat="35.326426" lon="127.649362"><ele>1375.0</ele><time>2023-09-09T03:54:01.000Z</time></trkpt>
      <trkpt lat="35.326429" lon="127.649417"><ele>1375.0</ele><time>2023-09-09T03:54:01.000Z</time></trkpt>
      <trkpt lat="35.326432" lon="127.649472"><ele>1375.0</ele><time>2023-09-09T03:54:15.000Z</time></trkpt>
      <trkpt lat="35.326440" lon="127.649526"><ele>1375.1</ele><time>2023-09-09T03:54:15.000Z</time></trkpt>
      <trkpt lat="35.326450" lon="127.649579"><ele>1375.2</ele><time>2023-09-09T03:54:22.000Z</time></trkpt>
      <trkpt lat="35.326452" lon="127.649634"><ele>1375.4</ele><time>2023-09-09T03:54:22.000Z</time></trkpt>
      <trkpt lat="35.326448" lon="127.649689"><ele>1375.6</ele><time>2023-09-09T03:54:35.000Z</time></trkpt>
      <trkpt lat="35.326445" lon="127.649744"><ele>1375.8</ele><time>2023-09-09T03:54:35.000Z</time></trkpt>
      <trkpt lat="35.326441" lon="127.649799"><ele>1376.1</ele><time>2023-09-09T03:54:43.000Z</time></trkpt>
      <trkpt lat="35.326430" lon="127.649852"><ele>1376.5</ele><time>2023-09-09T03:54:43.000Z</time></trkpt>
      <trkpt lat="35.326414" lon="127.649903"><ele>1376.8</ele><time>2023-09-09T03:54:56.000Z</time></trkpt>
      <trkpt lat="35.326393" lon="127.649952"><ele>1377.2</ele><time>2023-09-09T03:55:03.000Z</time></trkpt>
      <trkpt lat="35.326376" lon="127.650003"><ele>1377.6</ele><time>2023-09-09T03:55:03.000Z</time></trkpt>
      <trkpt lat="35.326364" lon="127.650056"><ele>1378.1</ele><time>2023-09-09T03:55:17.000Z</time></trkpt>
      <trkpt lat="35.326355" lon="127.650110"><ele>1378.6</ele><time>2023-09-09T03:55:17.000Z</time></trkpt>
      <trkpt lat="35.326353" lon="127.650165"><ele>1379.2</ele><time>2023-09-09T03:55:29.000Z</time></trkpt>
      <trkpt lat="35.326364" lon="127.650218"><ele>1379.7</ele><time>2023-09-09T03:55:29.000Z</time></trkpt>
      <trkpt lat="35.326383" lon="127.650268"><ele>1380.3</ele><time>2023-09-09T03:55:41.000Z</time></trkpt>
      <trkpt lat="35.326401" lon="127.650318"><ele>1380.8</ele><time>2023-09-09T03:55:41.000Z</time></trkpt>
      <trkpt lat="35.326417" lon="127.650370"><ele>1381.3</ele><time>2023-09-09T03:55:53.000Z</time></trkpt>
      <trkpt lat="35.326431" lon="127.650422"><ele>1381.6</ele><time>2023-09-09T03:55:53.000Z</time></trkpt>
      <trkpt lat="35.326445" lon="127.650474"><ele>1381.9</ele><time>2023-09-09T03:56:04.000Z</time></trkpt>
      <trkpt lat="35.326469" lon="127.650521"><ele>1382.1</ele><time>2023-09-09T03:56:04.000Z</time></trkpt>
      <trkpt lat="35.326498" lon="127.650562"><ele>1382.2</ele><time>2023-09-09T03:56:19.000Z</time></trkpt>
      <trkpt lat="35.326529" lon="127.650603"><ele>1382.2</ele><time>2023-09-09T03:56:19.000Z</time></trkpt>
      <trkpt lat="35.326558" lon="127.650645"><ele>1382.1</ele><time>2023-09-09T03:56:25.000Z</time></trkpt>
      <trkpt lat="35.326585" lon="127.650688"><ele>1381.9</ele><time>2023-09-09T03:56:25.000Z</time></trkpt>
      <trkpt lat="35.326610" lon="127.650734"><ele>1381.7</ele><time>2023-09-09T03:56:25.000Z</time></trkpt>
      <trkpt lat="35.326633" lon="127.650781"><ele>1381.5</ele><time>2023-09-09T03:56:39.000Z</time></trkpt>
      <trkpt lat="35.326654" lon="127.650830"><ele>1381.4</ele><time>2023-09-09T03:56:39.000Z</time></trkpt>
      <trkpt lat="35.326670" lon="127.650882"><ele>1381.3</ele><time>2023-09-09T03:56:46.000Z</time></trkpt>
      <trkpt lat="35.326681" lon="127.650935"><ele>1381.2</ele><time>2023-09-09T03:56:46.000Z</time></trkpt>
      <trkpt lat="35.326685" lon="127.650990"><ele>1381.3</ele><time>2023-09-09T03:56:59.000Z</time></trkpt>
      <trkpt lat="35.326685" lon="127.651045"><ele>1381.6</ele><time>2023-09-09T03:57:06.000Z</time></trkpt>
      <trkpt lat="35.326686" lon="127.651100"><ele>1381.9</ele><time>2023-09-09T03:57:06.000Z</time></trkpt>
      <trkpt lat="35.326686" lon="127.651155"><ele>1382.4</ele><time>2023-09-09T03:57:19.000Z</time></trkpt>
      <trkpt lat="35.326688" lon="127.651210"><ele>1383.0</ele><time>2023-09-09T03:57:19.000Z</time></trkpt>
      <trkpt lat="35.326697" lon="127.651264"><ele>1383.6</ele><time>2023-09-09T03:57:28.000Z</time></trkpt>
      <trkpt lat="35.326718" lon="127.651312"><ele>1384.2</ele><time>2023-09-09T03:57:45.000Z</time></trkpt>
      <trkpt lat="35.326748" lon="127.651352"><ele>1384.7</ele><time>2023-09-09T03:57:45.000Z</time></trkpt>
      <trkpt lat="35.326780" lon="127.651392"><ele>1385.3</ele><time>2023-09-09T03:57:57.000Z</time></trkpt>
      <trkpt lat="35.326803" lon="127.651439"><ele>1385.7</ele><time>2023-09-09T03:58:06.000Z</time></trkpt>
      <trkpt lat="35.326819" lon="127.651490"><ele>1386.1</ele><time>2023-09-09T03:58:06.000Z</time></trkpt>
      <trkpt lat="35.326833" lon="127.651542"><ele>1386.5</ele><time>2023-09-09T03:58:14.000Z</time></trkpt>
      <trkpt lat="35.326846" lon="127.651595"><ele>1386.8</ele><time>2023-09-09T03:58:14.000Z</time></trkpt>
      <trkpt lat="35.326860" lon="127.651648"><ele>1387.1</ele><time>2023-09-09T03:58:22.000Z</time></trkpt>
      <trkpt lat="35.326874" lon="127.651700"><ele>1387.3</ele><time>2023-09-09T03:58:22.000Z</time></trkpt>
      <trkpt lat="35.326888" lon="127.651752"><ele>1387.7</ele><time>2023-09-09T03:58:30.000Z</time></trkpt>
      <trkpt lat="35.326901" lon="127.651805"><ele>1388.0</ele><time>2023-09-09T03:58:30.000Z</time></trkpt>
      <trkpt lat="35.326915" lon="127.651857"><ele>1388.3</ele><time>2023-09-09T03:58:43.000Z</time></trkpt>
      <trkpt lat="35.326936" lon="127.651906"><ele>1388.7</ele><time>2023-09-09T03:58:43.000Z</time></trkpt>
      <trkpt lat="35.326964" lon="127.651949"><ele>1389.1</ele><time>2023-09-09T03:58:58.000Z</time></trkpt>
      <trkpt lat="35.326997" lon="127.651986"><ele>1389.5</ele><time>2023-09-09T03:58:58.000Z</time></trkpt>
      <trkpt lat="35.327032" lon="127.652020"><ele>1390.0</ele><time>2023-09-09T03:59:08.000Z</time></trkpt>
      <trkpt lat="35.327065" lon="127.652057"><ele>1390.5</ele><time>2023-09-09T03:59:08.000Z</time></trkpt>
      <trkpt lat="35.327096" lon="127.652098"><ele>1391.0</ele><time>2023-09-09T03:59:19.000Z</time></trkpt>
      <trkpt lat="35.327125" lon="127.652140"><ele>1391.5</ele><time>2023-09-09T03:59:19.000Z</time></trkpt>
      <trkpt lat="35.327153" lon="127.652183"><ele>1392.0</ele><time>2023-09-09T03:59:32.000Z</time></trkpt>
      <trkpt lat="35.327177" lon="127.652229"><ele>1392.6</ele><time>2023-09-09T03:59:32.000Z</time></trkpt>
      <trkpt lat="35.327196" lon="127.652279"><ele>1393.1</ele><time>2023-09-09T03:59:44.000Z</time></trkpt>
      <trkpt lat="35.327210" lon="127.652332"><ele>1393.7</ele><time>2023-09-09T03:59:52.000Z</time></trkpt>
      <trkpt lat="35.327219" lon="127.652385"><ele>1394.2</ele><time>2023-09-09T03:59:52.000Z</time></trkpt>
      <trkpt lat="35.327227" lon="127.652440"><ele>1394.8</ele><time>2023-09-09T04:00:05.000Z</time></trkpt>
      <trkpt lat="35.327234" lon="127.652494"><ele>1395.4</ele><time>2023-09-09T04:00:05.000Z</time></trkpt>
      <trkpt lat="35.327248" lon="127.652546"><ele>1396.0</ele><time>2023-09-09T04:00:12.000Z</time></trkpt>
      <trkpt lat="35.327273" lon="127.652592"><ele>1396.5</ele><time>2023-09-09T04:00:29.000Z</time></trkpt>
      <trkpt lat="35.327301" lon="127.652635"><ele>1397.0</ele><time>2023-09-09T04:00:29.000Z</time></trkpt>
      <trkpt lat="35.327323" lon="127.652683"><ele>1397.5</ele><time>2023-09-09T04:00:39.000Z</time></trkpt>
      <trkpt lat="35.327339" lon="127.652734"><ele>1398.0</ele><time>2023-09-09T04:00:50.000Z</time></trkpt>
      <trkpt lat="35.327354" lon="127.652786"><ele>1398.3</ele><time>2023-09-09T04:00:50.000Z</time></trkpt>
      <trkpt lat="35.327372" lon="127.652837"><ele>1398.6</ele><time>2023-09-09T04:01:02.000Z</time></trkpt>
      <trkpt lat="35.327394" lon="127.652885"><ele>1398.8</ele><time>2023-09-09T04:01:02.000Z</time></trkpt>
      <trkpt lat="35.327418" lon="127.652931"><ele>1399.0</ele><time>2023-09-09T04:01:11.000Z</time></trkpt>
      <trkpt lat="35.327442" lon="127.652977"><ele>1399.0</ele><time>2023-09-09T04:01:11.000Z</time></trkpt>
      <trkpt lat="35.327469" lon="127.653021"><ele>1399.0</ele><time>2023-09-09T04:01:20.000Z</time></trkpt>
      <trkpt lat="35.327498" lon="127.653064"><ele>1398.8</ele><time>2023-09-09T04:01:20.000Z</time></trkpt>
      <trkpt lat="35.327526" lon="127.653107"><ele>1398.6</ele><time>2023-09-09T04:01:28.000Z</time></trkpt>
      <trkpt lat="35.327553" lon="127.653151"><ele>1398.4</ele><time>2023-09-09T04:01:28.000Z</time></trkpt>
      <trkpt lat="35.327578" lon="127.653197"><ele>1398.1</ele><time>2023-09-09T04:01:34.000Z</time></trkpt>
      <trkpt lat="35.327598" lon="127.653246"><ele>1397.7</ele><time>2023-09-09T04:01:34.000Z</time></trkpt>
      <trkpt lat="35.327611" lon="127.653299"><ele>1397.4</ele><time>2023-09-09T04:01:49.000Z</time></trkpt>
      <trkpt lat="35.327620" lon="127.653353"><ele>1397.0</ele><time>2023-09-09T04:01:49.000Z</time></trkpt>
      <trkpt lat="35.327630" lon="127.653406"><ele>1396.7</ele><time>2023-09-09T04:01:56.000Z</time></trkpt>
      <trkpt lat="35.327644" lon="127.653458"><ele>1396.3</ele><time>2023-09-09T04:01:56.000Z</time></trkpt>
      <trkpt lat="35.327661" lon="127.653510"><ele>1395.9</ele><time>2023-09-09T04:02:09.000Z</time></trkpt>
      <trkpt lat="35.327680" lon="127.653560"><ele>1395.5</ele><time>2023-09-09T04:02:09.000Z</time></trkpt>
      <trkpt lat="35.327698" lon="127.653610"><ele>1395.1</ele><time>2023-09-09T04:02:16.000Z</time></trkpt>
      <trkpt lat="35.327719" lon="127.653659"><ele>1394.7</ele><time>2023-09-09T04:02:16.000Z</time></trkpt>
      <trkpt lat="35.327741" lon="127.653707"><ele>1394.4</ele><time>2023-09-09T04:02:29.000Z</time></trkpt>
      <trkpt lat="35.327761" lon="127.653756"><ele>1394.1</ele><time>2023-09-09T04:02:29.000Z</time></trkpt>
      <trkpt lat="35.327774" lon="127.653809"><ele>1393.8</ele><time>2023-09-09T04:02:37.000Z</time></trkpt>
      <trkpt lat="35.327780" lon="127.653863"><ele>1393.5</ele><time>2023-09-09T04:02:37.000Z</time></trkpt>
      <trkpt lat="35.327783" lon="127.653918"><ele>1393.2</ele><time>2023-09-09T04:02:51.000Z</time></trkpt>
      <trkpt lat="35.327788" lon="127.653973"><ele>1392.9</ele><time>2023-09-09T04:02:51.000Z</time></trkpt>
      <trkpt lat="35.327796" lon="127.654027"><ele>1392.6</ele><time>2023-09-09T04:02:51.000Z</time></trkpt>
      <trkpt lat="35.327809" lon="127.654080"><ele>1392.4</ele><time>2023-09-09T04:02:57.000Z</time></trkpt>
      <trkpt lat="35.327821" lon="127.654133"><ele>1392.2</ele><time>2023-09-09T04:02:57.000Z</time></trkpt>
      <trkpt lat="35.327830" lon="127.654187"><ele>1392.0</ele><time>2023-09-09T04:03:15.000Z</time></trkpt>
      <trkpt lat="35.327835" lon="127.654242"><ele>1391.8</ele><time>2023-09-09T04:03:15.000Z</time></trkpt>
      <trkpt lat="35.327834" lon="127.654297"><ele>1391.7</ele><time>2023-09-09T04:03:24.000Z</time></trkpt>
      <trkpt lat="35.327830" lon="127.654352"><ele>1391.7</ele><time>2023-09-09T04:03:24.000Z</time></trkpt>
      <trkpt lat="35.327826" lon="127.654406"><ele>1391.6</ele><time>2023-09-09T04:03:36.000Z</time></trkpt>
      <trkpt lat="35.327824" lon="127.654461"><ele>1391.6</ele><time>2023-09-09T04:03:36.000Z</time></trkpt>
      <trkpt lat="35.327826" lon="127.654517"><ele>1391.6</ele><time>2023-09-09T04:03:47.000Z</time></trkpt>
      <trkpt lat="35.327834" lon="127.654571"><ele>1391.7</ele><time>2023-09-09T04:03:47.000Z</time></trkpt>
      <trkpt lat="35.327845" lon="127.654624"><ele>1391.8</ele><time>2023-09-09T04:03:56.000Z</time></trkpt>
      <trkpt lat="35.327861" lon="127.654676"><ele>1391.9</ele><time>2023-09-09T04:03:56.000Z</time></trkpt>
      <trkpt lat="35.327879" lon="127.654726"><ele>1392.0</ele><time>2023-09-09T04:04:04.000Z</time></trkpt>
      <trkpt lat="35.327899" lon="127.654775"><ele>1392.1</ele><time>2023-09-09T04:04:04.000Z</time></trkpt>
      <trkpt lat="35.327920" lon="127.654824"><ele>1392.2</ele><time>2023-09-09T04:04:13.000Z</time></trkpt>
      <trkpt lat="35.327944" lon="127.654871"><ele>1392.4</ele><time>2023-09-09T04:04:13.000Z</time></trkpt>
      <trkpt lat="35.327968" lon="127.654917"><ele>1392.6</ele><time>2023-09-09T04:04:23.000Z</time></trkpt>
      <trkpt lat="35.327993" lon="127.654963"><ele>1392.9</ele><time>2023-09-09T04:04:23.000Z</time></trkpt>
      <trkpt lat="35.328019" lon="127.655008"><ele>1393.3</ele><time>2023-09-09T04:04:33.000Z</time></trkpt>
      <trkpt lat="35.328047" lon="127.655051"><ele>1393.7</ele><time>2023-09-09T04:04:33.000Z</time></trkpt>
      <trkpt lat="35.328079" lon="127.655090"><ele>1394.2</ele><time>2023-09-09T04:04:40.000Z</time></trkpt>
      <trkpt lat="35.328110" lon="127.655130"><ele>1394.6</ele><time>2023-09-09T04:04:40.000Z</time></trkpt>
      <trkpt lat="35.328140" lon="127.655171"><ele>1395.1</ele><time>2023-09-09T04:04:59.000Z</time></trkpt>
      <trkpt lat="35.328165" lon="127.655217"><ele>1395.6</ele><time>2023-09-09T04:04:59.000Z</time></trkpt>
      <trkpt lat="35.328187" lon="127.655265"><ele>1396.1</ele><time>2023-09-09T04:05:09.000Z</time></trkpt>
      <trkpt lat="35.328208" lon="127.655313"><ele>1396.6</ele><time>2023-09-09T04:05:19.000Z</time></trkpt>
      <trkpt lat="35.328233" lon="127.655359"><ele>1397.0</ele><time>2023-09-09T04:05:19.000Z</time></trkpt>
      <trkpt lat="35.328237" lon="127.655367"><ele>1397.1</ele><time>2023-09-09T04:05:19.000Z</time></trkpt>
      <trkpt lat="35.328259" lon="127.655405"><ele>1397.5</ele><time>2023-09-09T04:05:30.000Z</time></trkpt>
      <trkpt lat="35.328287" lon="127.655447"><ele>1397.8</ele><time>2023-09-09T04:05:30.000Z</time></trkpt>
      <trkpt lat="35.328318" lon="127.655487"><ele>1398.2</ele><time>2023-09-09T04:05:43.000Z</time></trkpt>
      <trkpt lat="35.328345" lon="127.655532"><ele>1398.5</ele><time>2023-09-09T04:05:43.000Z</time></trkpt>
      <trkpt lat="35.328366" lon="127.655580"><ele>1398.7</ele><time>2023-09-09T04:06:01.000Z</time></trkpt>
      <trkpt lat="35.328379" lon="127.655633"><ele>1398.8</ele><time>2023-09-09T04:06:01.000Z</time></trkpt>
      <trkpt lat="35.328386" lon="127.655687"><ele>1398.8</ele><time>2023-09-09T04:06:09.000Z</time></trkpt>
      <trkpt lat="35.328390" lon="127.655742"><ele>1398.7</ele><time>2023-09-09T04:06:21.000Z</time></trkpt>
      <trkpt lat="35.328402" lon="127.655795"><ele>1398.6</ele><time>2023-09-09T04:06:21.000Z</time></trkpt>
      <trkpt lat="35.328429" lon="127.655839"><ele>1398.4</ele><time>2023-09-09T04:06:37.000Z</time></trkpt>
      <trkpt lat="35.328460" lon="127.655879"><ele>1398.2</ele><time>2023-09-09T04:06:37.000Z</time></trkpt>
      <trkpt lat="35.328489" lon="127.655921"><ele>1398.1</ele><time>2023-09-09T04:06:49.000Z</time></trkpt>
      <trkpt lat="35.328510" lon="127.655969"><ele>1398.2</ele><time>2023-09-09T04:06:49.000Z</time></trkpt>
      <trkpt lat="35.328530" lon="127.656018"><ele>1398.3</ele><time>2023-09-09T04:07:02.000Z</time></trkpt>
      <trkpt lat="35.328558" lon="127.656062"><ele>1398.5</ele><time>2023-09-09T04:07:02.000Z</time></trkpt>
      <trkpt lat="35.328586" lon="127.656105"><ele>1398.9</ele><time>2023-09-09T04:07:18.000Z</time></trkpt>
      <trkpt lat="35.328602" lon="127.656156"><ele>1399.3</ele><time>2023-09-09T04:07:30.000Z</time></trkpt>
      <trkpt lat="35.328610" lon="127.656210"><ele>1399.7</ele><time>2023-09-09T04:07:30.000Z</time></trkpt>
      <trkpt lat="35.328614" lon="127.656265"><ele>1400.1</ele><time>2023-09-09T04:07:44.000Z</time></trkpt>
      <trkpt lat="35.328616" lon="127.656320"><ele>1400.4</ele><time>2023-09-09T04:07:44.000Z</time></trkpt>
      <trkpt lat="35.328620" lon="127.656375"><ele>1400.5</ele><time>2023-09-09T04:08:00.000Z</time></trkpt>
      <trkpt lat="35.328623" lon="127.656430"><ele>1400.7</ele><time>2023-09-09T04:08:00.000Z</time></trkpt>
      <trkpt lat="35.328622" lon="127.656485"><ele>1400.8</ele><time>2023-09-09T04:08:16.000Z</time></trkpt>
      <trkpt lat="35.328615" lon="127.656539"><ele>1400.8</ele><time>2023-09-09T04:08:16.000Z</time></trkpt>
      <trkpt lat="35.328610" lon="127.656594"><ele>1400.9</ele><time>2023-09-09T04:08:25.000Z</time></trkpt>
      <trkpt lat="35.328617" lon="127.656648"><ele>1401.0</ele><time>2023-09-09T04:08:35.000Z</time></trkpt>
      <trkpt lat="35.328632" lon="127.656701"><ele>1401.2</ele><time>2023-09-09T04:08:35.000Z</time></trkpt>
      <trkpt lat="35.328649" lon="127.656751"><ele>1401.4</ele><time>2023-09-09T04:08:49.000Z</time></trkpt>
      <trkpt lat="35.328666" lon="127.656802"><ele>1401.7</ele><time>2023-09-09T04:08:49.000Z</time></trkpt>
      <trkpt lat="35.328682" lon="127.656854"><ele>1402.0</ele><time>2023-09-09T04:08:49.000Z</time></trkpt>
      <trkpt lat="35.328700" lon="127.656905"><ele>1402.4</ele><time>2023-09-09T04:09:06.000Z</time></trkpt>
      <trkpt lat="35.328720" lon="127.656954"><ele>1402.8</ele><time>2023-09-09T04:09:06.000Z</time></trkpt>
      <trkpt lat="35.328741" lon="127.657003"><ele>1403.3</ele><time>2023-09-09T04:09:18.000Z</time></trkpt>
      <trkpt lat="35.328759" lon="127.657053"><ele>1403.7</ele><time>2023-09-09T04:09:18.000Z</time></trkpt>
      <trkpt lat="35.328776" lon="127.657104"><ele>1404.2</ele><time>2023-09-09T04:09:29.000Z</time></trkpt>
      <trkpt lat="35.328791" lon="127.657156"><ele>1404.6</ele><time>2023-09-09T04:09:29.000Z</time></trkpt>
      <trkpt lat="35.328808" lon="127.657207"><ele>1405.1</ele><time>2023-09-09T04:09:46.000Z</time></trkpt>
      <trkpt lat="35.328828" lon="127.657256"><ele>1405.6</ele><time>2023-09-09T04:09:46.000Z</time></trkpt>
      <trkpt lat="35.328848" lon="127.657306"><ele>1406.2</ele><time>2023-09-09T04:09:59.000Z</time></trkpt>
      <trkpt lat="35.328865" lon="127.657357"><ele>1406.8</ele><time>2023-09-09T04:09:59.000Z</time></trkpt>
      <trkpt lat="35.328878" lon="127.657410"><ele>1407.6</ele><time>2023-09-09T04:10:11.000Z</time></trkpt>
      <trkpt lat="35.328889" lon="127.657463"><ele>1408.4</ele><time>2023-09-09T04:10:11.000Z</time></trkpt>
      <trkpt lat="35.328895" lon="127.657517"><ele>1409.2</ele><time>2023-09-09T04:10:29.000Z</time></trkpt>
      <trkpt lat="35.328895" lon="127.657573"><ele>1410.1</ele><time>2023-09-09T04:10:29.000Z</time></trkpt>
      <trkpt lat="35.328891" lon="127.657627"><ele>1410.9</ele><time>2023-09-09T04:10:45.000Z</time></trkpt>
      <trkpt lat="35.328884" lon="127.657682"><ele>1411.6</ele><time>2023-09-09T04:10:45.000Z</time></trkpt>
      <trkpt lat="35.328872" lon="127.657735"><ele>1412.0</ele><time>2023-09-09T04:11:06.000Z</time></trkpt>
      <trkpt lat="35.328853" lon="127.657785"><ele>1412.2</ele><time>2023-09-09T04:11:06.000Z</time></trkpt>
      <trkpt lat="35.328827" lon="127.657830"><ele>1412.2</ele><time>2023-09-09T04:11:21.000Z</time></trkpt>
      <trkpt lat="35.328796" lon="127.657869"><ele>1412.1</ele><time>2023-09-09T04:11:34.000Z</time></trkpt>
      <trkpt lat="35.328764" lon="127.657908"><ele>1411.9</ele><time>2023-09-09T04:11:34.000Z</time></trkpt>
      <trkpt lat="35.328735" lon="127.657950"><ele>1411.6</ele><time>2023-09-09T04:11:51.000Z</time></trkpt>
      <trkpt lat="35.328708" lon="127.657994"><ele>1411.4</ele><time>2023-09-09T04:11:51.000Z</time></trkpt>
      <trkpt lat="35.328681" lon="127.658039"><ele>1411.2</ele><time>2023-09-09T04:12:02.000Z</time></trkpt>
      <trkpt lat="35.328656" lon="127.658084"><ele>1411.1</ele><time>2023-09-09T04:12:02.000Z</time></trkpt>
      <trkpt lat="35.328632" lon="127.658131"><ele>1411.2</ele><time>2023-09-09T04:12:12.000Z</time></trkpt>
      <trkpt lat="35.328610" lon="127.658179"><ele>1411.4</ele><time>2023-09-09T04:12:12.000Z</time></trkpt>
      <trkpt lat="35.328592" lon="127.658229"><ele>1411.8</ele><time>2023-09-09T04:12:12.000Z</time></trkpt>
      <trkpt lat="35.328578" lon="127.658282"><ele>1412.4</ele><time>2023-09-09T04:12:27.000Z</time></trkpt>
      <trkpt lat="35.328568" lon="127.658335"><ele>1413.2</ele><time>2023-09-09T04:12:27.000Z</time></trkpt>
      <trkpt lat="35.328552" lon="127.658387"><ele>1414.1</ele><time>2023-09-09T04:12:41.000Z</time></trkpt>
      <trkpt lat="35.328531" lon="127.658436"><ele>1415.1</ele><time>2023-09-09T04:12:41.000Z</time></trkpt>
      <trkpt lat="35.328509" lon="127.658483"><ele>1416.1</ele><time>2023-09-09T04:12:56.000Z</time></trkpt>
      <trkpt lat="35.328483" lon="127.658529"><ele>1417.2</ele><time>2023-09-09T04:12:56.000Z</time></trkpt>
      <trkpt lat="35.328452" lon="127.658568"><ele>1418.3</ele><time>2023-09-09T04:13:14.000Z</time></trkpt>
      <trkpt lat="35.328413" lon="127.658596"><ele>1419.6</ele><time>2023-09-09T04:13:30.000Z</time></trkpt>
      <trkpt lat="35.328372" lon="127.658618"><ele>1420.9</ele><time>2023-09-09T04:13:30.000Z</time></trkpt>
      <trkpt lat="35.328331" lon="127.658642"><ele>1422.3</ele><time>2023-09-09T04:13:43.000Z</time></trkpt>
      <trkpt lat="35.328298" lon="127.658679"><ele>1423.5</ele><time>2023-09-09T04:13:43.000Z</time></trkpt>
      <trkpt lat="35.328267" lon="127.658719"><ele>1424.8</ele><time>2023-09-09T04:14:11.000Z</time></trkpt>
      <trkpt lat="35.328233" lon="127.658755"><ele>1425.9</ele><time>2023-09-09T04:14:11.000Z</time></trkpt>
      <trkpt lat="35.328203" lon="127.658796"><ele>1427.0</ele><time>2023-09-09T04:14:27.000Z</time></trkpt>
      <trkpt lat="35.328179" lon="127.658842"><ele>1428.2</ele><time>2023-09-09T04:14:27.000Z</time></trkpt>
      <trkpt lat="35.328157" lon="127.658890"><ele>1429.2</ele><time>2023-09-09T04:14:47.000Z</time></trkpt>
      <trkpt lat="35.328130" lon="127.658935"><ele>1430.3</ele><time>2023-09-09T04:14:47.000Z</time></trkpt>
      <trkpt lat="35.328096" lon="127.658971"><ele>1431.3</ele><time>2023-09-09T04:14:59.000Z</time></trkpt>
      <trkpt lat="35.328056" lon="127.658995"><ele>1432.3</ele><time>2023-09-09T04:14:59.000Z</time></trkpt>
      <trkpt lat="35.328011" lon="127.659003"><ele>1433.3</ele><time>2023-09-09T04:15:20.000Z</time></trkpt>
      <trkpt lat="35.327967" lon="127.659007"><ele>1434.3</ele><time>2023-09-09T04:15:20.000Z</time></trkpt>
      <trkpt lat="35.327923" lon="127.659020"><ele>1435.4</ele><time>2023-09-09T04:15:40.000Z</time></trkpt>
      <trkpt lat="35.327882" lon="127.659044"><ele>1436.5</ele><time>2023-09-09T04:15:40.000Z</time></trkpt>
      <trkpt lat="35.327845" lon="127.659074"><ele>1437.5</ele><time>2023-09-09T04:15:58.000Z</time></trkpt>
      <trkpt lat="35.327811" lon="127.659111"><ele>1438.6</ele><time>2023-09-09T04:16:18.000Z</time></trkpt>
      <trkpt lat="35.327781" lon="127.659151"><ele>1439.6</ele><time>2023-09-09T04:16:18.000Z</time></trkpt>
      <trkpt lat="35.327748" lon="127.659190"><ele>1440.6</ele><time>2023-09-09T04:16:35.000Z</time></trkpt>
      <trkpt lat="35.327715" lon="127.659226"><ele>1441.7</ele><time>2023-09-09T04:16:35.000Z</time></trkpt>
      <trkpt lat="35.327683" lon="127.659265"><ele>1442.8</ele><time>2023-09-09T04:16:51.000Z</time></trkpt>
      <trkpt lat="35.327650" lon="127.659304"><ele>1443.9</ele><time>2023-09-09T04:16:51.000Z</time></trkpt>
      <trkpt lat="35.327615" lon="127.659338"><ele>1445.1</ele><time>2023-09-09T04:17:02.000Z</time></trkpt>
      <trkpt lat="35.327580" lon="127.659371"><ele>1446.2</ele><time>2023-09-09T04:17:02.000Z</time></trkpt>
      <trkpt lat="35.327545" lon="127.659407"><ele>1447.4</ele><time>2023-09-09T04:17:23.000Z</time></trkpt>
      <trkpt lat="35.327509" lon="127.659440"><ele>1448.6</ele><time>2023-09-09T04:17:44.000Z</time></trkpt>
      <trkpt lat="35.327470" lon="127.659467"><ele>1449.8</ele><time>2023-09-09T04:17:44.000Z</time></trkpt>
      <trkpt lat="35.327430" lon="127.659492"><ele>1451.0</ele><time>2023-09-09T04:17:44.000Z</time></trkpt>
      <trkpt lat="35.327389" lon="127.659514"><ele>1452.3</ele><time>2023-09-09T04:18:26.000Z</time></trkpt>
      <trkpt lat="35.327346" lon="127.659530"><ele>1453.5</ele><time>2023-09-09T04:18:26.000Z</time></trkpt>
      <trkpt lat="35.327302" lon="127.659544"><ele>1454.8</ele><time>2023-09-09T04:18:51.000Z</time></trkpt>
      <trkpt lat="35.327263" lon="127.659570"><ele>1456.1</ele><time>2023-09-09T04:19:07.000Z</time></trkpt>
      <trkpt lat="35.327229" lon="127.659606"><ele>1457.4</ele><time>2023-09-09T04:19:07.000Z</time></trkpt>
      <trkpt lat="35.327194" lon="127.659642"><ele>1458.6</ele><time>2023-09-09T04:19:25.000Z</time></trkpt>
      <trkpt lat="35.327156" lon="127.659670"><ele>1459.8</ele><time>2023-09-09T04:19:25.000Z</time></trkpt>
      <trkpt lat="35.327117" lon="127.659697"><ele>1461.0</ele><time>2023-09-09T04:19:41.000Z</time></trkpt>
      <trkpt lat="35.327081" lon="127.659732"><ele>1462.3</ele><time>2023-09-09T04:19:41.000Z</time></trkpt>
      <trkpt lat="35.327054" lon="127.659775"><ele>1463.7</ele><time>2023-09-09T04:20:02.000Z</time></trkpt>
      <trkpt lat="35.327029" lon="127.659821"><ele>1465.3</ele><time>2023-09-09T04:20:02.000Z</time></trkpt>
      <trkpt lat="35.327002" lon="127.659864"><ele>1466.8</ele><time>2023-09-09T04:20:21.000Z</time></trkpt>
      <trkpt lat="35.326966" lon="127.659899"><ele>1468.5</ele><time>2023-09-09T04:20:42.000Z</time></trkpt>
      <trkpt lat="35.326927" lon="127.659925"><ele>1470.1</ele><time>2023-09-09T04:21:03.000Z</time></trkpt>
      <trkpt lat="35.326886" lon="127.659949"><ele>1471.8</ele><time>2023-09-09T04:21:03.000Z</time></trkpt>
      <trkpt lat="35.326848" lon="127.659978"><ele>1473.5</ele><time>2023-09-09T04:21:30.000Z</time></trkpt>
      <trkpt lat="35.326812" lon="127.660011"><ele>1475.3</ele><time>2023-09-09T04:21:30.000Z</time></trkpt>
      <trkpt lat="35.326775" lon="127.660042"><ele>1477.0</ele><time>2023-09-09T04:22:05.000Z</time></trkpt>
      <trkpt lat="35.326733" lon="127.660063"><ele>1478.8</ele><time>2023-09-09T04:22:05.000Z</time></trkpt>
      <trkpt lat="35.326690" lon="127.660076"><ele>1480.5</ele><time>2023-09-09T04:22:25.000Z</time></trkpt>
      <trkpt lat="35.326647" lon="127.660092"><ele>1482.2</ele><time>2023-09-09T04:22:50.000Z</time></trkpt>
      <trkpt lat="35.326605" lon="127.660113"><ele>1483.8</ele><time>2023-09-09T04:22:50.000Z</time></trkpt>
      <trkpt lat="35.326565" lon="127.660139"><ele>1485.4</ele><time>2023-09-09T04:23:13.000Z</time></trkpt>
      <trkpt lat="35.326526" lon="127.660165"><ele>1487.0</ele><time>2023-09-09T04:23:13.000Z</time></trkpt>
      <trkpt lat="35.326485" lon="127.660188"><ele>1488.6</ele><time>2023-09-09T04:23:39.000Z</time></trkpt>
      <trkpt lat="35.326442" lon="127.660204"><ele>1490.1</ele><time>2023-09-09T04:23:39.000Z</time></trkpt>
      <trkpt lat="35.326398" lon="127.660214"><ele>1491.5</ele><time>2023-09-09T04:24:15.000Z</time></trkpt>
      <trkpt lat="35.326354" lon="127.660226"><ele>1492.9</ele><time>2023-09-09T04:24:15.000Z</time></trkpt>
      <trkpt lat="35.326311" lon="127.660243"><ele>1494.2</ele><time>2023-09-09T04:24:37.000Z</time></trkpt>
      <trkpt lat="35.326272" lon="127.660269"><ele>1495.4</ele><time>2023-09-09T04:24:37.000Z</time></trkpt>
      <trkpt lat="35.326235" lon="127.660301"><ele>1496.3</ele><time>2023-09-09T04:27:59.000Z</time></trkpt>
      <trkpt lat="35.326201" lon="127.660337"><ele>1496.9</ele><time>2023-09-09T04:33:01.000Z</time></trkpt>
      <trkpt lat="35.326166" lon="127.660372"><ele>1497.3</ele><time>2023-09-09T04:33:17.000Z</time></trkpt>
      <trkpt lat="35.326130" lon="127.660405"><ele>1497.6</ele><time>2023-09-09T04:33:17.000Z</time></trkpt>
      <trkpt lat="35.326093" lon="127.660437"><ele>1497.8</ele><time>2023-09-09T04:33:27.000Z</time></trkpt>
      <trkpt lat="35.326056" lon="127.660467"><ele>1498.1</ele><time>2023-09-09T04:33:27.000Z</time></trkpt>
      <trkpt lat="35.326016" lon="127.660493"><ele>1498.4</ele><time>2023-09-09T04:36:32.000Z</time></trkpt>
      <trkpt lat="35.325975" lon="127.660516"><ele>1498.7</ele><time>2023-09-09T04:36:49.000Z</time></trkpt>
      <trkpt lat="35.325934" lon="127.660537"><ele>1499.0</ele><time>2023-09-09T04:37:01.000Z</time></trkpt>
      <trkpt lat="35.325895" lon="127.660564"><ele>1499.2</ele><time>2023-09-09T04:37:01.000Z</time></trkpt>
      <trkpt lat="35.325862" lon="127.660601"><ele>1499.3</ele><time>2023-09-09T04:37:16.000Z</time></trkpt>
      <trkpt lat="35.325834" lon="127.660645"><ele>1499.3</ele><time>2023-09-09T04:37:16.000Z</time></trkpt>
      <trkpt lat="35.325809" lon="127.660690"><ele>1499.2</ele><time>2023-09-09T04:37:45.000Z</time></trkpt>
      <trkpt lat="35.325781" lon="127.660733"><ele>1499.0</ele><time>2023-09-09T04:37:57.000Z</time></trkpt>
      <trkpt lat="35.325746" lon="127.660767"><ele>1498.9</ele><time>2023-09-09T04:37:57.000Z</time></trkpt>
      <trkpt lat="35.325705" lon="127.660789"><ele>1498.7</ele><time>2023-09-09T04:38:17.000Z</time></trkpt>
      <trkpt lat="35.325661" lon="127.660801"><ele>1498.6</ele><time>2023-09-09T04:38:17.000Z</time></trkpt>
      <trkpt lat="35.325616" lon="127.660810"><ele>1498.6</ele><time>2023-09-09T04:38:17.000Z</time></trkpt>
      <trkpt lat="35.325574" lon="127.660829"><ele>1498.7</ele><time>2023-09-09T04:39:08.000Z</time></trkpt>
      <trkpt lat="35.325538" lon="127.660861"><ele>1498.9</ele><time>2023-09-09T04:39:33.000Z</time></trkpt>
      <trkpt lat="35.325507" lon="127.660901"><ele>1499.2</ele><time>2023-09-09T04:39:33.000Z</time></trkpt>
      <trkpt lat="35.325475" lon="127.660940"><ele>1499.5</ele><time>2023-09-09T04:39:33.000Z</time></trkpt>
      <trkpt lat="35.325437" lon="127.660967"><ele>1500.0</ele><time>2023-09-09T04:40:01.000Z</time></trkpt>
      <trkpt lat="35.325393" lon="127.660979"><ele>1500.4</ele><time>2023-09-09T04:40:01.000Z</time></trkpt>
      <trkpt lat="35.325348" lon="127.660980"><ele>1500.8</ele><time>2023-09-09T04:40:22.000Z</time></trkpt>
      <trkpt lat="35.325304" lon="127.660973"><ele>1501.2</ele><time>2023-09-09T04:40:22.000Z</time></trkpt>
      <trkpt lat="35.325259" lon="127.660965"><ele>1501.6</ele><time>2023-09-09T04:40:36.000Z</time></trkpt>
      <trkpt lat="35.325215" lon="127.660960"><ele>1502.0</ele><time>2023-09-09T04:40:36.000Z</time></trkpt>
      <trkpt lat="35.325170" lon="127.660965"><ele>1502.3</ele><time>2023-09-09T04:40:42.000Z</time></trkpt>
      <trkpt lat="35.325125" lon="127.660974"><ele>1502.6</ele><time>2023-09-09T04:40:42.000Z</time></trkpt>
      <trkpt lat="35.325081" lon="127.660976"><ele>1502.9</ele><time>2023-09-09T04:41:00.000Z</time></trkpt>
      <trkpt lat="35.325036" lon="127.660973"><ele>1503.0</ele><time>2023-09-09T04:41:00.000Z</time></trkpt>
      <trkpt lat="35.324991" lon="127.660976"><ele>1503.2</ele><time>2023-09-09T04:41:17.000Z</time></trkpt>
      <trkpt lat="35.324949" lon="127.660992"><ele>1503.3</ele><time>2023-09-09T04:41:17.000Z</time></trkpt>
      <trkpt lat="35.324912" lon="127.661023"><ele>1503.5</ele><time>2023-09-09T04:41:36.000Z</time></trkpt>
      <trkpt lat="35.324880" lon="127.661062"><ele>1503.8</ele><time>2023-09-09T04:41:36.000Z</time></trkpt>
      <trkpt lat="35.324846" lon="127.661099"><ele>1504.3</ele><time>2023-09-09T04:41:44.000Z</time></trkpt>
      <trkpt lat="35.324808" lon="127.661127"><ele>1504.8</ele><time>2023-09-09T04:41:44.000Z</time></trkpt>
      <trkpt lat="35.324765" lon="127.661141"><ele>1505.4</ele><time>2023-09-09T04:41:58.000Z</time></trkpt>
      <trkpt lat="35.324720" lon="127.661139"><ele>1506.0</ele><time>2023-09-09T04:41:58.000Z</time></trkpt>
      <trkpt lat="35.324676" lon="127.661129"><ele>1506.7</ele><time>2023-09-09T04:42:10.000Z</time></trkpt>
      <trkpt lat="35.324632" lon="127.661124"><ele>1507.3</ele><time>2023-09-09T04:42:10.000Z</time></trkpt>
      <trkpt lat="35.324587" lon="127.661130"><ele>1508.0</ele><time>2023-09-09T04:42:31.000Z</time></trkpt>
      <trkpt lat="35.324542" lon="127.661133"><ele>1508.6</ele><time>2023-09-09T04:42:43.000Z</time></trkpt>
      <trkpt lat="35.324497" lon="127.661128"><ele>1509.1</ele><time>2023-09-09T04:42:43.000Z</time></trkpt>
      <trkpt lat="35.324453" lon="127.661120"><ele>1509.6</ele><time>2023-09-09T04:42:54.000Z</time></trkpt>
      <trkpt lat="35.324408" lon="127.661115"><ele>1510.0</ele><time>2023-09-09T04:42:54.000Z</time></trkpt>
      <trkpt lat="35.324363" lon="127.661109"><ele>1510.3</ele><time>2023-09-09T04:43:07.000Z</time></trkpt>
      <trkpt lat="35.324319" lon="127.661098"><ele>1510.4</ele><time>2023-09-09T04:43:07.000Z</time></trkpt>
      <trkpt lat="35.324278" lon="127.661078"><ele>1510.5</ele><time>2023-09-09T04:43:21.000Z</time></trkpt>
      <trkpt lat="35.324241" lon="127.661046"><ele>1510.5</ele><time>2023-09-09T04:43:21.000Z</time></trkpt>
      <trkpt lat="35.324209" lon="127.661008"><ele>1510.5</ele><time>2023-09-09T04:43:33.000Z</time></trkpt>
      <trkpt lat="35.324177" lon="127.660970"><ele>1510.4</ele><time>2023-09-09T04:43:33.000Z</time></trkpt>
      <trkpt lat="35.324142" lon="127.660935"><ele>1510.4</ele><time>2023-09-09T04:43:48.000Z</time></trkpt>
      <trkpt lat="35.324104" lon="127.660906"><ele>1510.4</ele><time>2023-09-09T04:43:48.000Z</time></trkpt>
      <trkpt lat="35.324062" lon="127.660888"><ele>1510.4</ele><time>2023-09-09T04:44:02.000Z</time></trkpt>
      <trkpt lat="35.324017" lon="127.660888"><ele>1510.4</ele><time>2023-09-09T04:44:15.000Z</time></trkpt>
      <trkpt lat="35.323973" lon="127.660884"><ele>1510.5</ele><time>2023-09-09T04:44:15.000Z</time></trkpt>
      <trkpt lat="35.323933" lon="127.660861"><ele>1510.6</ele><time>2023-09-09T04:44:28.000Z</time></trkpt>
      <trkpt lat="35.323896" lon="127.660829"><ele>1510.6</ele><time>2023-09-09T04:44:28.000Z</time></trkpt>
      <trkpt lat="35.323860" lon="127.660796"><ele>1510.6</ele><time>2023-09-09T04:44:39.000Z</time></trkpt>
      <trkpt lat="35.323824" lon="127.660762"><ele>1510.5</ele><time>2023-09-09T04:44:39.000Z</time></trkpt>
      <trkpt lat="35.323788" lon="127.660730"><ele>1510.1</ele><time>2023-09-09T04:44:51.000Z</time></trkpt>
      <trkpt lat="35.323751" lon="127.660699"><ele>1509.7</ele><time>2023-09-09T04:44:51.000Z</time></trkpt>
      <trkpt lat="35.323717" lon="127.660663"><ele>1509.1</ele><time>2023-09-09T04:45:09.000Z</time></trkpt>
      <trkpt lat="35.323683" lon="127.660627"><ele>1508.5</ele><time>2023-09-09T04:45:30.000Z</time></trkpt>
      <trkpt lat="35.323642" lon="127.660605"><ele>1508.1</ele><time>2023-09-09T04:45:30.000Z</time></trkpt>
      <trkpt lat="35.323598" lon="127.660594"><ele>1507.8</ele><time>2023-09-09T04:45:46.000Z</time></trkpt>
      <trkpt lat="35.323554" lon="127.660586"><ele>1507.8</ele><time>2023-09-09T04:45:46.000Z</time></trkpt>
      <trkpt lat="35.323509" lon="127.660584"><ele>1508.2</ele><time>2023-09-09T04:46:06.000Z</time></trkpt>
      <trkpt lat="35.323465" lon="127.660590"><ele>1508.8</ele><time>2023-09-09T04:46:23.000Z</time></trkpt>
      <trkpt lat="35.323420" lon="127.660598"><ele>1509.7</ele><time>2023-09-09T04:46:23.000Z</time></trkpt>
      <trkpt lat="35.323375" lon="127.660603"><ele>1510.6</ele><time>2023-09-09T04:46:48.000Z</time></trkpt>
      <trkpt lat="35.323330" lon="127.660603"><ele>1511.6</ele><time>2023-09-09T04:46:48.000Z</time></trkpt>
      <trkpt lat="35.323286" lon="127.660601"><ele>1512.6</ele><time>2023-09-09T04:47:13.000Z</time></trkpt>
      <trkpt lat="35.323241" lon="127.660599"><ele>1513.4</ele><time>2023-09-09T04:47:13.000Z</time></trkpt>
      <trkpt lat="35.323196" lon="127.660594"><ele>1514.1</ele><time>2023-09-09T04:47:37.000Z</time></trkpt>
      <trkpt lat="35.323151" lon="127.660586"><ele>1514.7</ele><time>2023-09-09T04:47:37.000Z</time></trkpt>
      <trkpt lat="35.323107" lon="127.660577"><ele>1515.2</ele><time>2023-09-09T04:47:50.000Z</time></trkpt>
      <trkpt lat="35.323063" lon="127.660569"><ele>1515.5</ele><time>2023-09-09T04:47:56.000Z</time></trkpt>
      <trkpt lat="35.323018" lon="127.660561"><ele>1515.6</ele><time>2023-09-09T04:47:56.000Z</time></trkpt>
      <trkpt lat="35.322973" lon="127.660555"><ele>1515.7</ele><time>2023-09-09T04:48:11.000Z</time></trkpt>
      <trkpt lat="35.322928" lon="127.660553"><ele>1515.7</ele><time>2023-09-09T04:48:11.000Z</time></trkpt>
      <trkpt lat="35.322884" lon="127.660556"><ele>1515.7</ele><time>2023-09-09T04:48:23.000Z</time></trkpt>
      <trkpt lat="35.322839" lon="127.660562"><ele>1515.5</ele><time>2023-09-09T04:48:23.000Z</time></trkpt>
      <trkpt lat="35.322794" lon="127.660566"><ele>1515.3</ele><time>2023-09-09T04:48:35.000Z</time></trkpt>
      <trkpt lat="35.322749" lon="127.660566"><ele>1514.9</ele><time>2023-09-09T04:48:35.000Z</time></trkpt>
      <trkpt lat="35.322704" lon="127.660567"><ele>1514.4</ele><time>2023-09-09T04:48:47.000Z</time></trkpt>
      <trkpt lat="35.322660" lon="127.660575"><ele>1513.7</ele><time>2023-09-09T04:48:59.000Z</time></trkpt>
      <trkpt lat="35.322616" lon="127.660586"><ele>1512.9</ele><time>2023-09-09T04:49:13.000Z</time></trkpt>
      <trkpt lat="35.322573" lon="127.660602"><ele>1512.0</ele><time>2023-09-09T04:49:13.000Z</time></trkpt>
      <trkpt lat="35.322531" lon="127.660622"><ele>1511.0</ele><time>2023-09-09T04:49:28.000Z</time></trkpt>
      <trkpt lat="35.322489" lon="127.660642"><ele>1509.9</ele><time>2023-09-09T04:49:28.000Z</time></trkpt>
      <trkpt lat="35.322447" lon="127.660660"><ele>1508.7</ele><time>2023-09-09T04:49:45.000Z</time></trkpt>
      <trkpt lat="35.322403" lon="127.660671"><ele>1507.6</ele><time>2023-09-09T04:49:45.000Z</time></trkpt>
      <trkpt lat="35.322358" lon="127.660678"><ele>1506.4</ele><time>2023-09-09T04:50:00.000Z</time></trkpt>
      <trkpt lat="35.322314" lon="127.660690"><ele>1505.2</ele><time>2023-09-09T04:50:00.000Z</time></trkpt>
      <trkpt lat="35.322272" lon="127.660708"><ele>1504.1</ele><time>2023-09-09T04:50:19.000Z</time></trkpt>
      <trkpt lat="35.322229" lon="127.660723"><ele>1503.0</ele><time>2023-09-09T04:50:19.000Z</time></trkpt>
      <trkpt lat="35.322185" lon="127.660734"><ele>1502.0</ele><time>2023-09-09T04:50:35.000Z</time></trkpt>
      <trkpt lat="35.322141" lon="127.660748"><ele>1501.2</ele><time>2023-09-09T04:50:51.000Z</time></trkpt>
      <trkpt lat="35.322100" lon="127.660770"><ele>1500.4</ele><time>2023-09-09T04:50:51.000Z</time></trkpt>
      <trkpt lat="35.322063" lon="127.660800"><ele>1499.7</ele><time>2023-09-09T04:50:51.000Z</time></trkpt>
      <trkpt lat="35.322024" lon="127.660823"><ele>1499.1</ele><time>2023-09-09T04:51:03.000Z</time></trkpt>
      <trkpt lat="35.321980" lon="127.660820"><ele>1498.5</ele><time>2023-09-09T04:51:03.000Z</time></trkpt>
      <trkpt lat="35.321937" lon="127.660808"><ele>1498.1</ele><time>2023-09-09T04:52:18.000Z</time></trkpt>
      <trkpt lat="35.321894" lon="127.660818"><ele>1497.7</ele><time>2023-09-09T04:52:18.000Z</time></trkpt>
      <trkpt lat="35.321857" lon="127.660847"><ele>1497.3</ele><time>2023-09-09T04:52:29.000Z</time></trkpt>
      <trkpt lat="35.321823" lon="127.660883"><ele>1497.1</ele><time>2023-09-09T04:52:29.000Z</time></trkpt>
      <trkpt lat="35.321795" lon="127.660926"><ele>1496.8</ele><time>2023-09-09T04:52:38.000Z</time></trkpt>
      <trkpt lat="35.321774" lon="127.660975"><ele>1496.6</ele><time>2023-09-09T04:52:38.000Z</time></trkpt>
      <trkpt lat="35.321750" lon="127.661021"><ele>1496.4</ele><time>2023-09-09T04:52:51.000Z</time></trkpt>
      <trkpt lat="35.321720" lon="127.661062"><ele>1496.1</ele><time>2023-09-09T04:52:51.000Z</time></trkpt>
      <trkpt lat="35.321692" lon="127.661105"><ele>1495.6</ele><time>2023-09-09T04:53:03.000Z</time></trkpt>
      <trkpt lat="35.321669" lon="127.661152"><ele>1495.1</ele><time>2023-09-09T04:53:03.000Z</time></trkpt>
      <trkpt lat="35.321642" lon="127.661196"><ele>1494.5</ele><time>2023-09-09T04:53:20.000Z</time></trkpt>
      <trkpt lat="35.321611" lon="127.661236"><ele>1493.7</ele><time>2023-09-09T04:53:20.000Z</time></trkpt>
      <trkpt lat="35.321579" lon="127.661274"><ele>1492.9</ele><time>2023-09-09T04:53:35.000Z</time></trkpt>
      <trkpt lat="35.321544" lon="127.661309"><ele>1492.0</ele><time>2023-09-09T04:53:48.000Z</time></trkpt>
      <trkpt lat="35.321507" lon="127.661341"><ele>1491.0</ele><time>2023-09-09T04:53:48.000Z</time></trkpt>
      <trkpt lat="35.321470" lon="127.661372"><ele>1490.1</ele><time>2023-09-09T04:53:48.000Z</time></trkpt>
      <trkpt lat="35.321434" lon="127.661405"><ele>1489.1</ele><time>2023-09-09T04:54:17.000Z</time></trkpt>
      <trkpt lat="35.321398" lon="127.661438"><ele>1488.1</ele><time>2023-09-09T04:54:17.000Z</time></trkpt>
      <trkpt lat="35.321359" lon="127.661464"><ele>1487.0</ele><time>2023-09-09T04:54:29.000Z</time></trkpt>
      <trkpt lat="35.321319" lon="127.661490"><ele>1486.0</ele><time>2023-09-09T04:54:51.000Z</time></trkpt>
      <trkpt lat="35.321281" lon="127.661519"><ele>1484.9</ele><time>2023-09-09T04:54:51.000Z</time></trkpt>
      <trkpt lat="35.321242" lon="127.661547"><ele>1483.9</ele><time>2023-09-09T04:55:03.000Z</time></trkpt>
      <trkpt lat="35.321201" lon="127.661568"><ele>1483.0</ele><time>2023-09-09T04:55:03.000Z</time></trkpt>
      <trkpt lat="35.321157" lon="127.661577"><ele>1482.0</ele><time>2023-09-09T04:55:09.000Z</time></trkpt>
      <trkpt lat="35.321112" lon="127.661582"><ele>1481.2</ele><time>2023-09-09T04:55:09.000Z</time></trkpt>
      <trkpt lat="35.321068" lon="127.661591"><ele>1480.4</ele><time>2023-09-09T04:55:27.000Z</time></trkpt>
      <trkpt lat="35.321025" lon="127.661607"><ele>1479.6</ele><time>2023-09-09T04:55:27.000Z</time></trkpt>
      <trkpt lat="35.320983" lon="127.661628"><ele>1478.8</ele><time>2023-09-09T04:55:44.000Z</time></trkpt>
      <trkpt lat="35.320943" lon="127.661652"><ele>1478.1</ele><time>2023-09-09T04:55:51.000Z</time></trkpt>
      <trkpt lat="35.320904" lon="127.661681"><ele>1477.4</ele><time>2023-09-09T04:55:51.000Z</time></trkpt>
      <trkpt lat="35.320872" lon="127.661718"><ele>1476.8</ele><time>2023-09-09T04:56:04.000Z</time></trkpt>
      <trkpt lat="35.320850" lon="127.661765"><ele>1476.4</ele><time>2023-09-09T04:56:04.000Z</time></trkpt>
      <trkpt lat="35.320840" lon="127.661818"><ele>1476.1</ele><time>2023-09-09T04:56:17.000Z</time></trkpt>
      <trkpt lat="35.320838" lon="127.661873"><ele>1476.1</ele><time>2023-09-09T04:59:17.000Z</time></trkpt>
      <trkpt lat="35.320845" lon="127.661927"><ele>1476.2</ele><time>2023-09-09T05:04:25.000Z</time></trkpt>
      <trkpt lat="35.320858" lon="127.661980"><ele>1476.5</ele><time>2023-09-09T05:04:25.000Z</time></trkpt>
      <trkpt lat="35.320875" lon="127.662031"><ele>1477.0</ele><time>2023-09-09T05:04:44.000Z</time></trkpt>
      <trkpt lat="35.320892" lon="127.662082"><ele>1477.6</ele><time>2023-09-09T05:04:44.000Z</time></trkpt>
      <trkpt lat="35.320907" lon="127.662134"><ele>1478.3</ele><time>2023-09-09T05:05:00.000Z</time></trkpt>
      <trkpt lat="35.320916" lon="127.662188"><ele>1479.1</ele><time>2023-09-09T05:05:00.000Z</time></trkpt>
      <trkpt lat="35.320916" lon="127.662242"><ele>1479.9</ele><time>2023-09-09T05:05:21.000Z</time></trkpt>
      <trkpt lat="35.320913" lon="127.662297"><ele>1480.7</ele><time>2023-09-09T05:05:21.000Z</time></trkpt>
      <trkpt lat="35.320909" lon="127.662352"><ele>1481.4</ele><time>2023-09-09T05:05:28.000Z</time></trkpt>
      <trkpt lat="35.320899" lon="127.662406"><ele>1482.0</ele><time>2023-09-09T05:05:28.000Z</time></trkpt>
      <trkpt lat="35.320882" lon="127.662457"><ele>1482.5</ele><time>2023-09-09T05:05:49.000Z</time></trkpt>
      <trkpt lat="35.320864" lon="127.662507"><ele>1482.9</ele><time>2023-09-09T05:05:49.000Z</time></trkpt>
      <trkpt lat="35.320847" lon="127.662558"><ele>1483.2</ele><time>2023-09-09T05:06:09.000Z</time></trkpt>
      <trkpt lat="35.320831" lon="127.662610"><ele>1483.5</ele><time>2023-09-09T05:06:09.000Z</time></trkpt>
      <trkpt lat="35.320816" lon="127.662661"><ele>1483.7</ele><time>2023-09-09T05:06:27.000Z</time></trkpt>
      <trkpt lat="35.320802" lon="127.662714"><ele>1483.8</ele><time>2023-09-09T05:06:44.000Z</time></trkpt>
      <trkpt lat="35.320789" lon="127.662767"><ele>1483.9</ele><time>2023-09-09T05:06:44.000Z</time></trkpt>
      <trkpt lat="35.320773" lon="127.662818"><ele>1484.1</ele><time>2023-09-09T05:06:55.000Z</time></trkpt>
      <trkpt lat="35.320752" lon="127.662867"><ele>1484.3</ele><time>2023-09-09T05:06:55.000Z</time></trkpt>
      <trkpt lat="35.320730" lon="127.662915"><ele>1484.6</ele><time>2023-09-09T05:07:11.000Z</time></trkpt>
      <trkpt lat="35.320712" lon="127.662965"><ele>1485.2</ele><time>2023-09-09T05:07:11.000Z</time></trkpt>
      <trkpt lat="35.320703" lon="127.663019"><ele>1485.9</ele><time>2023-09-09T05:07:26.000Z</time></trkpt>
      <trkpt lat="35.320702" lon="127.663074"><ele>1486.8</ele><time>2023-09-09T05:07:26.000Z</time></trkpt>
      <trkpt lat="35.320703" lon="127.663129"><ele>1487.7</ele><time>2023-09-09T05:07:32.000Z</time></trkpt>
      <trkpt lat="35.320698" lon="127.663183"><ele>1488.8</ele><time>2023-09-09T05:07:32.000Z</time></trkpt>
      <trkpt lat="35.320687" lon="127.663237"><ele>1489.8</ele><time>2023-09-09T05:08:01.000Z</time></trkpt>
      <trkpt lat="35.320674" lon="127.663290"><ele>1490.8</ele><time>2023-09-09T05:08:23.000Z</time></trkpt>
      <trkpt lat="35.320662" lon="127.663343"><ele>1491.7</ele><time>2023-09-09T05:08:23.000Z</time></trkpt>
      <trkpt lat="35.320651" lon="127.663396"><ele>1492.5</ele><time>2023-09-09T05:08:55.000Z</time></trkpt>
      <trkpt lat="35.320641" lon="127.663450"><ele>1493.2</ele><time>2023-09-09T05:08:55.000Z</time></trkpt>
      <trkpt lat="35.320634" lon="127.663504"><ele>1493.8</ele><time>2023-09-09T05:09:16.000Z</time></trkpt>
      <trkpt lat="35.320634" lon="127.663559"><ele>1494.3</ele><time>2023-09-09T05:09:16.000Z</time></trkpt>
      <trkpt lat="35.320641" lon="127.663613"><ele>1494.9</ele><time>2023-09-09T05:09:34.000Z</time></trkpt>
      <trkpt lat="35.320656" lon="127.663665"><ele>1495.5</ele><time>2023-09-09T05:09:51.000Z</time></trkpt>
      <trkpt lat="35.320677" lon="127.663714"><ele>1496.3</ele><time>2023-09-09T05:09:51.000Z</time></trkpt>
      <trkpt lat="35.320705" lon="127.663757"><ele>1497.1</ele><time>2023-09-09T05:10:06.000Z</time></trkpt>
      <trkpt lat="35.320738" lon="127.663795"><ele>1498.1</ele><time>2023-09-09T05:12:07.000Z</time></trkpt>
      <trkpt lat="35.320772" lon="127.663831"><ele>1499.0</ele><time>2023-09-09T05:12:07.000Z</time></trkpt>
      <trkpt lat="35.320805" lon="127.663867"><ele>1499.7</ele><time>2023-09-09T05:12:23.000Z</time></trkpt>
      <trkpt lat="35.320838" lon="127.663905"><ele>1500.2</ele><time>2023-09-09T05:12:23.000Z</time></trkpt>
      <trkpt lat="35.320869" lon="127.663944"><ele>1500.4</ele><time>2023-09-09T05:12:42.000Z</time></trkpt>
      <trkpt lat="35.320901" lon="127.663984"><ele>1500.3</ele><time>2023-09-09T05:13:00.000Z</time></trkpt>
      <trkpt lat="35.320933" lon="127.664022"><ele>1499.8</ele><time>2023-09-09T05:13:00.000Z</time></trkpt>
      <trkpt lat="35.320965" lon="127.664060"><ele>1499.0</ele><time>2023-09-09T05:13:00.000Z</time></trkpt>
      <trkpt lat="35.320999" lon="127.664096"><ele>1497.8</ele><time>2023-09-09T05:13:17.000Z</time></trkpt>
      <trkpt lat="35.321035" lon="127.664131"><ele>1496.3</ele><time>2023-09-09T05:13:17.000Z</time></trkpt>
      <trkpt lat="35.321070" lon="127.664165"><ele>1494.6</ele><time>2023-09-09T05:13:38.000Z</time></trkpt>
      <trkpt lat="35.321102" lon="127.664203"><ele>1492.7</ele><time>2023-09-09T05:13:38.000Z</time></trkpt>
      <trkpt lat="35.321127" lon="127.664248"><ele>1490.6</ele><time>2023-09-09T05:13:58.000Z</time></trkpt>
      <trkpt lat="35.321142" lon="127.664300"><ele>1488.6</ele><time>2023-09-09T05:13:58.000Z</time></trkpt>
      <trkpt lat="35.321145" lon="127.664354"><ele>1486.8</ele><time>2023-09-09T05:14:15.000Z</time></trkpt>
      <trkpt lat="35.321139" lon="127.664409"><ele>1485.1</ele><time>2023-09-09T05:14:47.000Z</time></trkpt>
      <trkpt lat="35.321129" lon="127.664463"><ele>1483.7</ele><time>2023-09-09T05:14:47.000Z</time></trkpt>
      <trkpt lat="35.321118" lon="127.664516"><ele>1482.6</ele><time>2023-09-09T05:14:47.000Z</time></trkpt>
      <trkpt lat="35.321105" lon="127.664569"><ele>1481.8</ele><time>2023-09-09T05:15:09.000Z</time></trkpt>
      <trkpt lat="35.321084" lon="127.664617"><ele>1481.1</ele><time>2023-09-09T05:15:09.000Z</time></trkpt>
      <trkpt lat="35.321052" lon="127.664656"><ele>1480.6</ele><time>2023-09-09T05:15:09.000Z</time></trkpt>
      <trkpt lat="35.321016" lon="127.664688"><ele>1480.1</ele><time>2023-09-09T05:15:26.000Z</time></trkpt>
      <trkpt lat="35.320980" lon="127.664721"><ele>1479.8</ele><time>2023-09-09T05:15:26.000Z</time></trkpt>
      <trkpt lat="35.320949" lon="127.664760"><ele>1479.4</ele><time>2023-09-09T05:15:43.000Z</time></trkpt>
      <trkpt lat="35.320928" lon="127.664808"><ele>1479.0</ele><time>2023-09-09T05:15:43.000Z</time></trkpt>
      <trkpt lat="35.320920" lon="127.664861"><ele>1478.6</ele><time>2023-09-09T05:16:03.000Z</time></trkpt>
      <trkpt lat="35.320924" lon="127.664916"><ele>1478.1</ele><time>2023-09-09T05:16:24.000Z</time></trkpt>
      <trkpt lat="35.320934" lon="127.664970"><ele>1477.3</ele><time>2023-09-09T05:16:24.000Z</time></trkpt>
      <trkpt lat="35.320942" lon="127.665024"><ele>1476.4</ele><time>2023-09-09T05:16:45.000Z</time></trkpt>
      <trkpt lat="35.320947" lon="127.665079"><ele>1475.5</ele><time>2023-09-09T05:16:45.000Z</time></trkpt>
      <trkpt lat="35.320948" lon="127.665134"><ele>1474.5</ele><time>2023-09-09T05:17:05.000Z</time></trkpt>
      <trkpt lat="35.320949" lon="127.665189"><ele>1473.5</ele><time>2023-09-09T05:17:05.000Z</time></trkpt>
      <trkpt lat="35.320954" lon="127.665243"><ele>1472.6</ele><time>2023-09-09T05:17:27.000Z</time></trkpt>
      <trkpt lat="35.320963" lon="127.665297"><ele>1471.8</ele><time>2023-09-09T05:17:46.000Z</time></trkpt>
      <trkpt lat="35.320973" lon="127.665351"><ele>1471.3</ele><time>2023-09-09T05:17:46.000Z</time></trkpt>
      <trkpt lat="35.320980" lon="127.665405"><ele>1471.0</ele><time>2023-09-09T05:17:54.000Z</time></trkpt>
      <trkpt lat="35.320979" lon="127.665460"><ele>1471.2</ele><time>2023-09-09T05:17:54.000Z</time></trkpt>
      <trkpt lat="35.320965" lon="127.665512"><ele>1471.7</ele><time>2023-09-09T05:18:07.000Z</time></trkpt>
      <trkpt lat="35.320938" lon="127.665555"><ele>1472.6</ele><time>2023-09-09T05:18:07.000Z</time></trkpt>
      <trkpt lat="35.320904" lon="127.665591"><ele>1473.7</ele><time>2023-09-09T05:18:24.000Z</time></trkpt>
      <trkpt lat="35.320870" lon="127.665627"><ele>1474.8</ele><time>2023-09-09T05:18:54.000Z</time></trkpt>
      <trkpt lat="35.320841" lon="127.665668"><ele>1476.0</ele><time>2023-09-09T05:18:54.000Z</time></trkpt>
      <trkpt lat="35.320825" lon="127.665718"><ele>1476.9</ele><time>2023-09-09T05:19:17.000Z</time></trkpt>
      <trkpt lat="35.320832" lon="127.665771"><ele>1477.7</ele><time>2023-09-09T05:19:51.000Z</time></trkpt>
      <trkpt lat="35.320852" lon="127.665821"><ele>1478.2</ele><time>2023-09-09T05:20:17.000Z</time></trkpt>
      <trkpt lat="35.320870" lon="127.665870"><ele>1478.4</ele><time>2023-09-09T05:20:17.000Z</time></trkpt>
      <trkpt lat="35.320883" lon="127.665923"><ele>1478.5</ele><time>2023-09-09T05:20:33.000Z</time></trkpt>
      <trkpt lat="35.320890" lon="127.665977"><ele>1478.6</ele><time>2023-09-09T05:20:33.000Z</time></trkpt>
      <trkpt lat="35.320898" lon="127.666032"><ele>1478.7</ele><time>2023-09-09T05:20:48.000Z</time></trkpt>
      <trkpt lat="35.320904" lon="127.666086"><ele>1479.0</ele><time>2023-09-09T05:20:48.000Z</time></trkpt>
      <trkpt lat="35.320900" lon="127.666141"><ele>1479.4</ele><time>2023-09-09T05:21:00.000Z</time></trkpt>
      <trkpt lat="35.320889" lon="127.666194"><ele>1479.9</ele><time>2023-09-09T05:21:00.000Z</time></trkpt>
      <trkpt lat="35.320877" lon="127.666247"><ele>1480.6</ele><time>2023-09-09T05:21:27.000Z</time></trkpt>
      <trkpt lat="35.320868" lon="127.666301"><ele>1481.5</ele><time>2023-09-09T05:21:48.000Z</time></trkpt>
      <trkpt lat="35.320863" lon="127.666356"><ele>1482.4</ele><time>2023-09-09T05:21:48.000Z</time></trkpt>
      <trkpt lat="35.320859" lon="127.666411"><ele>1483.5</ele><time>2023-09-09T05:22:03.000Z</time></trkpt>
      <trkpt lat="35.320855" lon="127.666466"><ele>1484.7</ele><time>2023-09-09T05:22:03.000Z</time></trkpt>
      <trkpt lat="35.320846" lon="127.666520"><ele>1486.0</ele><time>2023-09-09T05:22:03.000Z</time></trkpt>
      <trkpt lat="35.320832" lon="127.666572"><ele>1487.3</ele><time>2023-09-09T05:22:24.000Z</time></trkpt>
      <trkpt lat="35.320810" lon="127.666619"><ele>1488.6</ele><time>2023-09-09T05:23:05.000Z</time></trkpt>
      <trkpt lat="35.320780" lon="127.666660"><ele>1490.0</ele><time>2023-09-09T05:23:05.000Z</time></trkpt>
      <trkpt lat="35.320745" lon="127.666694"><ele>1491.3</ele><time>2023-09-09T05:23:05.000Z</time></trkpt>
      <trkpt lat="35.320712" lon="127.666731"><ele>1492.5</ele><time>2023-09-09T05:23:40.000Z</time></trkpt>
      <trkpt lat="35.320699" lon="127.666780"><ele>1493.6</ele><time>2023-09-09T05:26:41.000Z</time></trkpt>
      <trkpt lat="35.320716" lon="127.666828"><ele>1494.3</ele><time>2023-09-09T05:31:26.000Z</time></trkpt>
      <trkpt lat="35.320748" lon="127.666865"><ele>1494.8</ele><time>2023-09-09T05:31:37.000Z</time></trkpt>
      <trkpt lat="35.320778" lon="127.666906"><ele>1495.0</ele><time>2023-09-09T05:31:55.000Z</time></trkpt>
      <trkpt lat="35.320794" lon="127.666957"><ele>1495.1</ele><time>2023-09-09T05:31:55.000Z</time></trkpt>
      <trkpt lat="35.320801" lon="127.667011"><ele>1495.3</ele><time>2023-09-09T05:32:36.000Z</time></trkpt>
      <trkpt lat="35.320810" lon="127.667065"><ele>1495.5</ele><time>2023-09-09T05:32:36.000Z</time></trkpt>
      <trkpt lat="35.320825" lon="127.667117"><ele>1495.7</ele><time>2023-09-09T05:32:55.000Z</time></trkpt>
      <trkpt lat="35.320832" lon="127.667171"><ele>1496.0</ele><time>2023-09-09T05:32:55.000Z</time></trkpt>
      <trkpt lat="35.320828" lon="127.667225"><ele>1496.3</ele><time>2023-09-09T05:33:38.000Z</time></trkpt>
      <trkpt lat="35.320827" lon="127.667280"><ele>1496.6</ele><time>2023-09-09T05:33:38.000Z</time></trkpt>
      <trkpt lat="35.320839" lon="127.667333"><ele>1497.1</ele><time>2023-09-09T05:33:58.000Z</time></trkpt>
      <trkpt lat="35.320861" lon="127.667381"><ele>1497.5</ele><time>2023-09-09T05:33:58.000Z</time></trkpt>
      <trkpt lat="35.320888" lon="127.667425"><ele>1498.1</ele><time>2023-09-09T05:34:19.000Z</time></trkpt>
      <trkpt lat="35.320916" lon="127.667468"><ele>1498.7</ele><time>2023-09-09T05:34:19.000Z</time></trkpt>
      <trkpt lat="35.320942" lon="127.667513"><ele>1499.4</ele><time>2023-09-09T05:34:44.000Z</time></trkpt>
      <trkpt lat="35.320967" lon="127.667559"><ele>1500.0</ele><time>2023-09-09T05:34:44.000Z</time></trkpt>
      <trkpt lat="35.320991" lon="127.667605"><ele>1500.7</ele><time>2023-09-09T05:35:00.000Z</time></trkpt>
      <trkpt lat="35.321017" lon="127.667650"><ele>1501.3</ele><time>2023-09-09T05:35:00.000Z</time></trkpt>
      <trkpt lat="35.321043" lon="127.667695"><ele>1502.0</ele><time>2023-09-09T05:35:28.000Z</time></trkpt>
      <trkpt lat="35.321067" lon="127.667742"><ele>1502.6</ele><time>2023-09-09T05:35:28.000Z</time></trkpt>
      <trkpt lat="35.321087" lon="127.667791"><ele>1503.2</ele><time>2023-09-09T05:35:41.000Z</time></trkpt>
      <trkpt lat="35.321099" lon="127.667844"><ele>1503.8</ele><time>2023-09-09T05:35:41.000Z</time></trkpt>
      <trkpt lat="35.321106" lon="127.667898"><ele>1504.3</ele><time>2023-09-09T05:36:02.000Z</time></trkpt>
      <trkpt lat="35.321118" lon="127.667951"><ele>1504.9</ele><time>2023-09-09T05:36:02.000Z</time></trkpt>
      <trkpt lat="35.321140" lon="127.667999"><ele>1505.4</ele><time>2023-09-09T05:36:02.000Z</time></trkpt>
      <trkpt lat="35.321170" lon="127.668040"><ele>1506.0</ele><time>2023-09-09T05:36:14.000Z</time></trkpt>
      <trkpt lat="35.321203" lon="127.668076"><ele>1506.6</ele><time>2023-09-09T05:36:14.000Z</time></trkpt>
      <trkpt lat="35.321237" lon="127.668113"><ele>1507.3</ele><time>2023-09-09T05:36:27.000Z</time></trkpt>
      <trkpt lat="35.321267" lon="127.668154"><ele>1508.0</ele><time>2023-09-09T05:36:27.000Z</time></trkpt>
      <trkpt lat="35.321298" lon="127.668194"><ele>1508.8</ele><time>2023-09-09T05:36:43.000Z</time></trkpt>
      <trkpt lat="35.321333" lon="127.668227"><ele>1509.6</ele><time>2023-09-09T05:36:43.000Z</time></trkpt>
      <trkpt lat="35.321369" lon="127.668262"><ele>1510.5</ele><time>2023-09-09T05:36:59.000Z</time></trkpt>
      <trkpt lat="35.321400" lon="127.668301"><ele>1511.5</ele><time>2023-09-09T05:36:59.000Z</time></trkpt>
      <trkpt lat="35.321429" lon="127.668343"><ele>1512.5</ele><time>2023-09-09T05:37:10.000Z</time></trkpt>
      <trkpt lat="35.321459" lon="127.668384"><ele>1513.6</ele><time>2023-09-09T05:37:32.000Z</time></trkpt>
      <trkpt lat="35.321493" lon="127.668420"><ele>1514.7</ele><time>2023-09-09T05:37:52.000Z</time></trkpt>
      <trkpt lat="35.321528" lon="127.668454"><ele>1515.8</ele><time>2023-09-09T05:37:52.000Z</time></trkpt>
      <trkpt lat="35.321558" lon="127.668495"><ele>1516.9</ele><time>2023-09-09T05:37:52.000Z</time></trkpt>
      <trkpt lat="35.321581" lon="127.668542"><ele>1518.0</ele><time>2023-09-09T05:38:13.000Z</time></trkpt>
      <trkpt lat="35.321600" lon="127.668592"><ele>1519.1</ele><time>2023-09-09T05:38:13.000Z</time></trkpt>
      <trkpt lat="35.321615" lon="127.668644"><ele>1520.3</ele><time>2023-09-09T05:38:32.000Z</time></trkpt>
      <trkpt lat="35.321627" lon="127.668697"><ele>1521.4</ele><time>2023-09-09T05:38:32.000Z</time></trkpt>
      <trkpt lat="35.321637" lon="127.668751"><ele>1522.5</ele><time>2023-09-09T05:38:54.000Z</time></trkpt>
      <trkpt lat="35.321646" lon="127.668805"><ele>1523.6</ele><time>2023-09-09T05:38:54.000Z</time></trkpt>
      <trkpt lat="35.321657" lon="127.668858"><ele>1524.7</ele><time>2023-09-09T05:39:15.000Z</time></trkpt>
      <trkpt lat="35.321670" lon="127.668911"><ele>1525.7</ele><time>2023-09-09T05:39:15.000Z</time></trkpt>
      <trkpt lat="35.321683" lon="127.668963"><ele>1526.6</ele><time>2023-09-09T05:39:31.000Z</time></trkpt>
      <trkpt lat="35.321695" lon="127.669017"><ele>1527.6</ele><time>2023-09-09T05:39:43.000Z</time></trkpt>
      <trkpt lat="35.321710" lon="127.669069"><ele>1528.4</ele><time>2023-09-09T05:39:55.000Z</time></trkpt>
      <trkpt lat="35.321730" lon="127.669118"><ele>1529.2</ele><time>2023-09-09T05:39:55.000Z</time></trkpt>
      <trkpt lat="35.321755" lon="127.669164"><ele>1529.9</ele><time>2023-09-09T05:40:13.000Z</time></trkpt>
      <trkpt lat="35.321777" lon="127.669211"><ele>1530.5</ele><time>2023-09-09T05:40:13.000Z</time></trkpt>
      <trkpt lat="35.321797" lon="127.669261"><ele>1531.1</ele><time>2023-09-09T05:40:30.000Z</time></trkpt>
      <trkpt lat="35.321814" lon="127.669312"><ele>1531.6</ele><time>2023-09-09T05:40:30.000Z</time></trkpt>
      <trkpt lat="35.321830" lon="127.669364"><ele>1532.1</ele><time>2023-09-09T05:40:45.000Z</time></trkpt>
      <trkpt lat="35.321845" lon="127.669415"><ele>1532.6</ele><time>2023-09-09T05:40:45.000Z</time></trkpt>
      <trkpt lat="35.321861" lon="127.669467"><ele>1532.9</ele><time>2023-09-09T05:40:58.000Z</time></trkpt>
      <trkpt lat="35.321876" lon="127.669519"><ele>1533.3</ele><time>2023-09-09T05:40:58.000Z</time></trkpt>
      <trkpt lat="35.321888" lon="127.669572"><ele>1533.6</ele><time>2023-09-09T05:40:58.000Z</time></trkpt>
      <trkpt lat="35.321897" lon="127.669626"><ele>1533.9</ele><time>2023-09-09T05:41:11.000Z</time></trkpt>
      <trkpt lat="35.321909" lon="127.669679"><ele>1534.3</ele><time>2023-09-09T05:41:20.000Z</time></trkpt>
      <trkpt lat="35.321928" lon="127.669728"><ele>1534.7</ele><time>2023-09-09T05:41:20.000Z</time></trkpt>
      <trkpt lat="35.321951" lon="127.669776"><ele>1535.3</ele><time>2023-09-09T05:41:32.000Z</time></trkpt>
      <trkpt lat="35.321969" lon="127.669827"><ele>1536.0</ele><time>2023-09-09T05:41:32.000Z</time></trkpt>
      <trkpt lat="35.321978" lon="127.669880"><ele>1537.0</ele><time>2023-09-09T05:41:47.000Z</time></trkpt>
      <trkpt lat="35.321986" lon="127.669935"><ele>1538.3</ele><time>2023-09-09T05:42:07.000Z</time></trkpt>
      <trkpt lat="35.322000" lon="127.669987"><ele>1539.7</ele><time>2023-09-09T05:42:29.000Z</time></trkpt>
      <trkpt lat="35.322015" lon="127.670039"><ele>1541.3</ele><time>2023-09-09T05:42:29.000Z</time></trkpt>
      <trkpt lat="35.322028" lon="127.670092"><ele>1543.0</ele><time>2023-09-09T05:42:54.000Z</time></trkpt>
      <trkpt lat="35.322039" lon="127.670145"><ele>1544.7</ele><time>2023-09-09T05:42:54.000Z</time></trkpt>
      <trkpt lat="35.322048" lon="127.670199"><ele>1546.5</ele><time>2023-09-09T05:43:19.000Z</time></trkpt>
      <trkpt lat="35.322055" lon="127.670254"><ele>1548.3</ele><time>2023-09-09T05:44:08.000Z</time></trkpt>
      <trkpt lat="35.322056" lon="127.670309"><ele>1550.1</ele><time>2023-09-09T05:44:08.000Z</time></trkpt>
      <trkpt lat="35.322052" lon="127.670364"><ele>1551.7</ele><time>2023-09-09T05:44:24.000Z</time></trkpt>
      <trkpt lat="35.322047" lon="127.670418"><ele>1553.3</ele><time>2023-09-09T05:44:24.000Z</time></trkpt>
      <trkpt lat="35.322044" lon="127.670473"><ele>1554.8</ele><time>2023-09-09T05:44:45.000Z</time></trkpt>
      <trkpt lat="35.322043" lon="127.670528"><ele>1556.2</ele><time>2023-09-09T05:44:45.000Z</time></trkpt>
      <trkpt lat="35.322045" lon="127.670583"><ele>1557.5</ele><time>2023-09-09T05:45:02.000Z</time></trkpt>
      <trkpt lat="35.322053" lon="127.670637"><ele>1558.8</ele><time>2023-09-09T05:45:02.000Z</time></trkpt>
      <trkpt lat="35.322062" lon="127.670691"><ele>1560.1</ele><time>2023-09-09T05:45:18.000Z</time></trkpt>
      <trkpt lat="35.322073" lon="127.670745"><ele>1561.4</ele><time>2023-09-09T05:45:35.000Z</time></trkpt>
      <trkpt lat="35.322085" lon="127.670798"><ele>1562.6</ele><time>2023-09-09T05:45:35.000Z</time></trkpt>
      <trkpt lat="35.322100" lon="127.670850"><ele>1563.8</ele><time>2023-09-09T05:45:52.000Z</time></trkpt>
      <trkpt lat="35.322119" lon="127.670900"><ele>1565.1</ele><time>2023-09-09T05:45:52.000Z</time></trkpt>
      <trkpt lat="35.322140" lon="127.670949"><ele>1566.3</ele><time>2023-09-09T05:46:08.000Z</time></trkpt>
      <trkpt lat="35.322162" lon="127.670997"><ele>1567.7</ele><time>2023-09-09T05:46:08.000Z</time></trkpt>
      <trkpt lat="35.322177" lon="127.671049"><ele>1569.1</ele><time>2023-09-09T05:46:33.000Z</time></trkpt>
      <trkpt lat="35.322182" lon="127.671103"><ele>1570.7</ele><time>2023-09-09T05:46:33.000Z</time></trkpt>
      <trkpt lat="35.322191" lon="127.671157"><ele>1572.3</ele><time>2023-09-09T05:47:03.000Z</time></trkpt>
      <trkpt lat="35.322206" lon="127.671209"><ele>1574.0</ele><time>2023-09-09T05:47:24.000Z</time></trkpt>
      <trkpt lat="35.322220" lon="127.671262"><ele>1575.7</ele><time>2023-09-09T05:47:24.000Z</time></trkpt>
      <trkpt lat="35.322236" lon="127.671313"><ele>1577.4</ele><time>2023-09-09T05:47:48.000Z</time></trkpt>
      <trkpt lat="35.322250" lon="127.671365"><ele>1579.1</ele><time>2023-09-09T05:47:48.000Z</time></trkpt>
      <trkpt lat="35.322257" lon="127.671420"><ele>1580.7</ele><time>2023-09-09T05:48:08.000Z</time></trkpt>
      <trkpt lat="35.322263" lon="127.671474"><ele>1582.1</ele><time>2023-09-09T05:48:08.000Z</time></trkpt>
      <trkpt lat="35.322279" lon="127.671526"><ele>1583.3</ele><time>2023-09-09T05:48:26.000Z</time></trkpt>
      <trkpt lat="35.322296" lon="127.671577"><ele>1584.5</ele><time>2023-09-09T05:48:38.000Z</time></trkpt>
      <trkpt lat="35.322309" lon="127.671630"><ele>1585.5</ele><time>2023-09-09T05:48:38.000Z</time></trkpt>
      <trkpt lat="35.322316" lon="127.671684"><ele>1586.3</ele><time>2023-09-09T05:48:51.000Z</time></trkpt>
      <trkpt lat="35.322321" lon="127.671739"><ele>1586.9</ele><time>2023-09-09T05:48:51.000Z</time></trkpt>
      <trkpt lat="35.322323" lon="127.671794"><ele>1587.3</ele><time>2023-09-09T05:49:07.000Z</time></trkpt>
      <trkpt lat="35.322325" lon="127.671849"><ele>1587.5</ele><time>2023-09-09T05:49:07.000Z</time></trkpt>
      <trkpt lat="35.322330" lon="127.671903"><ele>1587.5</ele><time>2023-09-09T05:49:32.000Z</time></trkpt>
      <trkpt lat="35.322349" lon="127.671953"><ele>1587.2</ele><time>2023-09-09T05:49:32.000Z</time></trkpt>
      <trkpt lat="35.322375" lon="127.671998"><ele>1586.7</ele><time>2023-09-09T05:50:51.000Z</time></trkpt>
      <trkpt lat="35.322393" lon="127.672048"><ele>1586.0</ele><time>2023-09-09T05:50:51.000Z</time></trkpt>
      <trkpt lat="35.322404" lon="127.672102"><ele>1585.2</ele><time>2023-09-09T05:51:02.000Z</time></trkpt>
      <trkpt lat="35.322415" lon="127.672155"><ele>1584.1</ele><time>2023-09-09T05:51:15.000Z</time></trkpt>
      <trkpt lat="35.322427" lon="127.672208"><ele>1583.0</ele><time>2023-09-09T05:51:15.000Z</time></trkpt>
      <trkpt lat="35.322438" lon="127.672262"><ele>1581.9</ele><time>2023-09-09T05:51:32.000Z</time></trkpt>
      <trkpt lat="35.322451" lon="127.672314"><ele>1580.8</ele><time>2023-09-09T05:51:32.000Z</time></trkpt>
      <trkpt lat="35.322457" lon="127.672369"><ele>1579.7</ele><time>2023-09-09T05:51:45.000Z</time></trkpt>
      <trkpt lat="35.322453" lon="127.672423"><ele>1578.6</ele><time>2023-09-09T05:52:01.000Z</time></trkpt>
      <trkpt lat="35.322442" lon="127.672477"><ele>1577.6</ele><time>2023-09-09T05:52:01.000Z</time></trkpt>
      <trkpt lat="35.322430" lon="127.672530"><ele>1576.6</ele><time>2023-09-09T05:52:17.000Z</time></trkpt>
      <trkpt lat="35.322416" lon="127.672583"><ele>1575.6</ele><time>2023-09-09T05:52:17.000Z</time></trkpt>
      <trkpt lat="35.322398" lon="127.672633"><ele>1574.6</ele><time>2023-09-09T05:52:30.000Z</time></trkpt>
      <trkpt lat="35.322384" lon="127.672685"><ele>1573.5</ele><time>2023-09-09T05:52:30.000Z</time></trkpt>
      <trkpt lat="35.322377" lon="127.672740"><ele>1572.4</ele><time>2023-09-09T05:52:42.000Z</time></trkpt>
      <trkpt lat="35.322380" lon="127.672795"><ele>1571.3</ele><time>2023-09-09T05:52:42.000Z</time></trkpt>
      <trkpt lat="35.322390" lon="127.672848"><ele>1570.1</ele><time>2023-09-09T05:53:00.000Z</time></trkpt>
      <trkpt lat="35.322401" lon="127.672902"><ele>1568.9</ele><time>2023-09-09T05:53:00.000Z</time></trkpt>
      <trkpt lat="35.322403" lon="127.672957"><ele>1567.7</ele><time>2023-09-09T05:53:16.000Z</time></trkpt>
      <trkpt lat="35.322391" lon="127.673010"><ele>1566.6</ele><time>2023-09-09T05:53:16.000Z</time></trkpt>
      <trkpt lat="35.322375" lon="127.673061"><ele>1565.6</ele><time>2023-09-09T05:53:37.000Z</time></trkpt>
      <trkpt lat="35.322365" lon="127.673115"><ele>1564.7</ele><time>2023-09-09T05:53:37.000Z</time></trkpt>
      <trkpt lat="35.322367" lon="127.673170"><ele>1563.9</ele><time>2023-09-09T05:53:52.000Z</time></trkpt>
      <trkpt lat="35.322381" lon="127.673222"><ele>1563.2</ele><time>2023-09-09T05:53:52.000Z</time></trkpt>
      <trkpt lat="35.322397" lon="127.673274"><ele>1562.6</ele><time>2023-09-09T05:54:04.000Z</time></trkpt>
      <trkpt lat="35.322401" lon="127.673329"><ele>1562.1</ele><time>2023-09-09T05:54:04.000Z</time></trkpt>
      <trkpt lat="35.322393" lon="127.673383"><ele>1561.8</ele><time>2023-09-09T05:54:22.000Z</time></trkpt>
      <trkpt lat="35.322376" lon="127.673434"><ele>1561.5</ele><time>2023-09-09T05:54:22.000Z</time></trkpt>
      <trkpt lat="35.322356" lon="127.673483"><ele>1561.3</ele><time>2023-09-09T05:54:34.000Z</time></trkpt>
      <trkpt lat="35.322341" lon="127.673535"><ele>1561.2</ele><time>2023-09-09T05:54:34.000Z</time></trkpt>
      <trkpt lat="35.322335" lon="127.673590"><ele>1561.2</ele><time>2023-09-09T05:54:43.000Z</time></trkpt>
      <trkpt lat="35.322334" lon="127.673645"><ele>1561.3</ele><time>2023-09-09T05:54:43.000Z</time></trkpt>
      <trkpt lat="35.322329" lon="127.673700"><ele>1561.5</ele><time>2023-09-09T05:54:55.000Z</time></trkpt>
      <trkpt lat="35.322315" lon="127.673752"><ele>1561.9</ele><time>2023-09-09T05:54:55.000Z</time></trkpt>
      <trkpt lat="35.322291" lon="127.673798"><ele>1562.4</ele><time>2023-09-09T05:55:06.000Z</time></trkpt>
      <trkpt lat="35.322260" lon="127.673838"><ele>1562.9</ele><time>2023-09-09T05:55:06.000Z</time></trkpt>
      <trkpt lat="35.322227" lon="127.673876"><ele>1563.7</ele><time>2023-09-09T05:55:24.000Z</time></trkpt>
      <trkpt lat="35.322198" lon="127.673918"><ele>1564.5</ele><time>2023-09-09T05:55:24.000Z</time></trkpt>
      <trkpt lat="35.322182" lon="127.673969"><ele>1565.4</ele><time>2023-09-09T05:55:41.000Z</time></trkpt>
      <trkpt lat="35.322182" lon="127.674024"><ele>1566.3</ele><time>2023-09-09T05:55:41.000Z</time></trkpt>
      <trkpt lat="35.322194" lon="127.674077"><ele>1567.1</ele><time>2023-09-09T05:55:56.000Z</time></trkpt>
      <trkpt lat="35.322206" lon="127.674130"><ele>1567.9</ele><time>2023-09-09T05:55:56.000Z</time></trkpt>
      <trkpt lat="35.322207" lon="127.674185"><ele>1568.5</ele><time>2023-09-09T05:56:18.000Z</time></trkpt>
      <trkpt lat="35.322196" lon="127.674238"><ele>1568.9</ele><time>2023-09-09T05:56:18.000Z</time></trkpt>
      <trkpt lat="35.322182" lon="127.674291"><ele>1569.1</ele><time>2023-09-09T05:56:29.000Z</time></trkpt>
      <trkpt lat="35.322172" lon="127.674345"><ele>1569.2</ele><time>2023-09-09T05:56:29.000Z</time></trkpt>
      <trkpt lat="35.322163" lon="127.674399"><ele>1569.2</ele><time>2023-09-09T05:56:43.000Z</time></trkpt>
      <trkpt lat="35.322148" lon="127.674450"><ele>1569.0</ele><time>2023-09-09T05:56:43.000Z</time></trkpt>
      <trkpt lat="35.322125" lon="127.674498"><ele>1568.8</ele><time>2023-09-09T05:56:56.000Z</time></trkpt>
      <trkpt lat="35.322103" lon="127.674546"><ele>1568.7</ele><time>2023-09-09T05:56:56.000Z</time></trkpt>
      <trkpt lat="35.322079" lon="127.674593"><ele>1568.6</ele><time>2023-09-09T05:57:08.000Z</time></trkpt>
      <trkpt lat="35.322053" lon="127.674638"><ele>1568.7</ele><time>2023-09-09T05:57:08.000Z</time></trkpt>
      <trkpt lat="35.322028" lon="127.674684"><ele>1568.8</ele><time>2023-09-09T05:57:17.000Z</time></trkpt>
      <trkpt lat="35.322006" lon="127.674732"><ele>1569.0</ele><time>2023-09-09T05:57:29.000Z</time></trkpt>
      <trkpt lat="35.321982" lon="127.674778"><ele>1569.4</ele><time>2023-09-09T05:57:29.000Z</time></trkpt>
      <trkpt lat="35.321956" lon="127.674823"><ele>1569.9</ele><time>2023-09-09T05:57:40.000Z</time></trkpt>
      <trkpt lat="35.321941" lon="127.674875"><ele>1570.5</ele><time>2023-09-09T05:57:40.000Z</time></trkpt>
      <trkpt lat="35.321937" lon="127.674930"><ele>1571.3</ele><time>2023-09-09T05:57:52.000Z</time></trkpt>
      <trkpt lat="35.321933" lon="127.674984"><ele>1572.2</ele><time>2023-09-09T05:57:52.000Z</time></trkpt>
      <trkpt lat="35.321920" lon="127.675037"><ele>1573.3</ele><time>2023-09-09T05:58:10.000Z</time></trkpt>
      <trkpt lat="35.321895" lon="127.675083"><ele>1574.6</ele><time>2023-09-09T05:58:10.000Z</time></trkpt>
      <trkpt lat="35.321863" lon="127.675121"><ele>1576.0</ele><time>2023-09-09T05:58:27.000Z</time></trkpt>
      <trkpt lat="35.321828" lon="127.675156"><ele>1577.5</ele><time>2023-09-09T05:58:55.000Z</time></trkpt>
      <trkpt lat="35.321795" lon="127.675193"><ele>1579.0</ele><time>2023-09-09T05:58:55.000Z</time></trkpt>
      <trkpt lat="35.321767" lon="127.675236"><ele>1580.4</ele><time>2023-09-09T05:59:27.000Z</time></trkpt>
      <trkpt lat="35.321746" lon="127.675284"><ele>1581.6</ele><time>2023-09-09T05:59:27.000Z</time></trkpt>
      <trkpt lat="35.321737" lon="127.675338"><ele>1582.4</ele><time>2023-09-09T05:59:56.000Z</time></trkpt>
      <trkpt lat="35.321734" lon="127.675393"><ele>1582.9</ele><time>2023-09-09T05:59:56.000Z</time></trkpt>
      <trkpt lat="35.321735" lon="127.675448"><ele>1583.0</ele><time>2023-09-09T06:02:46.000Z</time></trkpt>
      <trkpt lat="35.321735" lon="127.675503"><ele>1582.8</ele><time>2023-09-09T06:02:46.000Z</time></trkpt>
      <trkpt lat="35.321735" lon="127.675558"><ele>1582.2</ele><time>2023-09-09T06:03:00.000Z</time></trkpt>
      <trkpt lat="35.321736" lon="127.675604"><ele>1581.5</ele><time>2023-09-09T06:03:00.000Z</time></trkpt>
      <trkpt lat="35.321736" lon="127.675614"><ele>1581.3</ele><time>2023-09-09T06:03:00.000Z</time></trkpt>
      <trkpt lat="35.321737" lon="127.675669"><ele>1580.3</ele><time>2023-09-09T06:03:21.000Z</time></trkpt>
      <trkpt lat="35.321735" lon="127.675724"><ele>1579.2</ele><time>2023-09-09T06:03:40.000Z</time></trkpt>
      <trkpt lat="35.321734" lon="127.675779"><ele>1578.1</ele><time>2023-09-09T06:03:40.000Z</time></trkpt>
      <trkpt lat="35.321734" lon="127.675834"><ele>1577.2</ele><time>2023-09-09T06:03:56.000Z</time></trkpt>
      <trkpt lat="35.321729" lon="127.675889"><ele>1576.4</ele><time>2023-09-09T06:03:56.000Z</time></trkpt>
      <trkpt lat="35.321717" lon="127.675941"><ele>1575.9</ele><time>2023-09-09T06:04:09.000Z</time></trkpt>
      <trkpt lat="35.321698" lon="127.675991"><ele>1575.5</ele><time>2023-09-09T06:04:09.000Z</time></trkpt>
      <trkpt lat="35.321681" lon="127.676042"><ele>1575.4</ele><time>2023-09-09T06:04:21.000Z</time></trkpt>
      <trkpt lat="35.321675" lon="127.676096"><ele>1575.5</ele><time>2023-09-09T06:04:21.000Z</time></trkpt>
      <trkpt lat="35.321678" lon="127.676151"><ele>1575.8</ele><time>2023-09-09T06:04:31.000Z</time></trkpt>
      <trkpt lat="35.321680" lon="127.676206"><ele>1576.2</ele><time>2023-09-09T06:04:31.000Z</time></trkpt>
      <trkpt lat="35.321679" lon="127.676261"><ele>1576.7</ele><time>2023-09-09T06:04:42.000Z</time></trkpt>
      <trkpt lat="35.321674" lon="127.676316"><ele>1577.3</ele><time>2023-09-09T06:04:42.000Z</time></trkpt>
      <trkpt lat="35.321663" lon="127.676370"><ele>1577.9</ele><time>2023-09-09T06:04:57.000Z</time></trkpt>
      <trkpt lat="35.321649" lon="127.676422"><ele>1578.6</ele><time>2023-09-09T06:04:57.000Z</time></trkpt>
      <trkpt lat="35.321639" lon="127.676475"><ele>1579.2</ele><time>2023-09-09T06:05:25.000Z</time></trkpt>
      <trkpt lat="35.321636" lon="127.676530"><ele>1579.9</ele><time>2023-09-09T06:05:25.000Z</time></trkpt>
      <trkpt lat="35.321632" lon="127.676585"><ele>1580.5</ele><time>2023-09-09T06:05:55.000Z</time></trkpt>
      <trkpt lat="35.321627" lon="127.676640"><ele>1581.1</ele><time>2023-09-09T06:06:06.000Z</time></trkpt>
      <trkpt lat="35.321625" lon="127.676695"><ele>1581.6</ele><time>2023-09-09T06:06:06.000Z</time></trkpt>
      <trkpt lat="35.321626" lon="127.676750"><ele>1582.1</ele><time>2023-09-09T06:06:28.000Z</time></trkpt>
      <trkpt lat="35.321623" lon="127.676805"><ele>1582.3</ele><time>2023-09-09T06:06:28.000Z</time></trkpt>
      <trkpt lat="35.321615" lon="127.676859"><ele>1582.4</ele><time>2023-09-09T06:06:40.000Z</time></trkpt>
      <trkpt lat="35.321608" lon="127.676913"><ele>1582.2</ele><time>2023-09-09T06:06:40.000Z</time></trkpt>
      <trkpt lat="35.321612" lon="127.676968"><ele>1581.9</ele><time>2023-09-09T06:07:06.000Z</time></trkpt>
      <trkpt lat="35.321623" lon="127.677022"><ele>1581.4</ele><time>2023-09-09T06:07:34.000Z</time></trkpt>
      <trkpt lat="35.321636" lon="127.677074"><ele>1580.9</ele><time>2023-09-09T06:07:34.000Z</time></trkpt>
      <trkpt lat="35.321651" lon="127.677127"><ele>1580.3</ele><time>2023-09-09T06:08:03.000Z</time></trkpt>
      <trkpt lat="35.321668" lon="127.677178"><ele>1579.7</ele><time>2023-09-09T06:08:03.000Z</time></trkpt>
      <trkpt lat="35.321685" lon="127.677228"><ele>1579.2</ele><time>2023-09-09T06:08:23.000Z</time></trkpt>
      <trkpt lat="35.321703" lon="127.677279"><ele>1578.8</ele><time>2023-09-09T06:08:23.000Z</time></trkpt>
      <trkpt lat="35.321720" lon="127.677330"><ele>1578.4</ele><time>2023-09-09T06:08:31.000Z</time></trkpt>
      <trkpt lat="35.321734" lon="127.677382"><ele>1578.1</ele><time>2023-09-09T06:08:31.000Z</time></trkpt>
      <trkpt lat="35.321743" lon="127.677436"><ele>1577.7</ele><time>2023-09-09T06:08:44.000Z</time></trkpt>
      <trkpt lat="35.321746" lon="127.677491"><ele>1577.2</ele><time>2023-09-09T06:08:44.000Z</time></trkpt>
      <trkpt lat="35.321750" lon="127.677546"><ele>1576.6</ele><time>2023-09-09T06:09:10.000Z</time></trkpt>
      <trkpt lat="35.321756" lon="127.677600"><ele>1575.8</ele><time>2023-09-09T06:09:30.000Z</time></trkpt>
      <trkpt lat="35.321755" lon="127.677655"><ele>1575.1</ele><time>2023-09-09T06:14:26.000Z</time></trkpt>
      <trkpt lat="35.321738" lon="127.677705"><ele>1574.4</ele><time>2023-09-09T06:14:39.000Z</time></trkpt>
      <trkpt lat="35.321710" lon="127.677748"><ele>1574.0</ele><time>2023-09-09T06:14:39.000Z</time></trkpt>
      <trkpt lat="35.321683" lon="127.677792"><ele>1573.7</ele><time>2023-09-09T06:14:47.000Z</time></trkpt>
      <trkpt lat="35.321665" lon="127.677842"><ele>1573.6</ele><time>2023-09-09T06:14:59.000Z</time></trkpt>
      <trkpt lat="35.321656" lon="127.677896"><ele>1573.7</ele><time>2023-09-09T06:14:59.000Z</time></trkpt>
      <trkpt lat="35.321649" lon="127.677951"><ele>1573.9</ele><time>2023-09-09T06:15:16.000Z</time></trkpt>
      <trkpt lat="35.321639" lon="127.678004"><ele>1574.3</ele><time>2023-09-09T06:15:16.000Z</time></trkpt>
      <trkpt lat="35.321630" lon="127.678058"><ele>1574.7</ele><time>2023-09-09T06:15:29.000Z</time></trkpt>
      <trkpt lat="35.321625" lon="127.678113"><ele>1575.3</ele><time>2023-09-09T06:15:29.000Z</time></trkpt>
      <trkpt lat="35.321623" lon="127.678168"><ele>1575.9</ele><time>2023-09-09T06:16:10.000Z</time></trkpt>
      <trkpt lat="35.321626" lon="127.678223"><ele>1576.6</ele><time>2023-09-09T06:16:58.000Z</time></trkpt>
      <trkpt lat="35.321638" lon="127.678276"><ele>1577.3</ele><time>2023-09-09T06:17:23.000Z</time></trkpt>
      <trkpt lat="35.321648" lon="127.678329"><ele>1578.1</ele><time>2023-09-09T06:17:23.000Z</time></trkpt>
      <trkpt lat="35.321643" lon="127.678384"><ele>1578.8</ele><time>2023-09-09T06:17:35.000Z</time></trkpt>
      <trkpt lat="35.321627" lon="127.678435"><ele>1579.6</ele><time>2023-09-09T06:17:35.000Z</time></trkpt>
      <trkpt lat="35.321608" lon="127.678485"><ele>1580.3</ele><time>2023-09-09T06:18:08.000Z</time></trkpt>
      <trkpt lat="35.321585" lon="127.678533"><ele>1581.0</ele><time>2023-09-09T06:18:08.000Z</time></trkpt>
      <trkpt lat="35.321565" lon="127.678582"><ele>1581.7</ele><time>2023-09-09T06:18:29.000Z</time></trkpt>
      <trkpt lat="35.321557" lon="127.678635"><ele>1582.4</ele><time>2023-09-09T06:18:29.000Z</time></trkpt>
      <trkpt lat="35.321571" lon="127.678686"><ele>1582.9</ele><time>2023-09-09T06:18:50.000Z</time></trkpt>
      <trkpt lat="35.321597" lon="127.678731"><ele>1583.3</ele><time>2023-09-09T06:19:10.000Z</time></trkpt>
      <trkpt lat="35.321616" lon="127.678780"><ele>1583.3</ele><time>2023-09-09T06:19:10.000Z</time></trkpt>
      <trkpt lat="35.321633" lon="127.678830"><ele>1583.1</ele><time>2023-09-09T06:19:28.000Z</time></trkpt>
      <trkpt lat="35.321668" lon="127.678864"><ele>1582.5</ele><time>2023-09-09T06:19:28.000Z</time></trkpt>
      <trkpt lat="35.321707" lon="127.678889"><ele>1581.8</ele><time>2023-09-09T06:20:09.000Z</time></trkpt>
      <trkpt lat="35.321743" lon="127.678923"><ele>1580.8</ele><time>2023-09-09T06:20:09.000Z</time></trkpt>
      <trkpt lat="35.321777" lon="127.678959"><ele>1579.7</ele><time>2023-09-09T06:20:24.000Z</time></trkpt>
      <trkpt lat="35.321808" lon="127.678998"><ele>1578.7</ele><time>2023-09-09T06:20:24.000Z</time></trkpt>
      <trkpt lat="35.321832" lon="127.679045"><ele>1577.6</ele><time>2023-09-09T06:20:41.000Z</time></trkpt>
      <trkpt lat="35.321854" lon="127.679092"><ele>1576.7</ele><time>2023-09-09T06:20:53.000Z</time></trkpt>
      <trkpt lat="35.321881" lon="127.679136"><ele>1575.9</ele><time>2023-09-09T06:20:53.000Z</time></trkpt>
      <trkpt lat="35.321899" lon="127.679185"><ele>1575.2</ele><time>2023-09-09T06:21:10.000Z</time></trkpt>
      <trkpt lat="35.321900" lon="127.679240"><ele>1574.7</ele><time>2023-09-09T06:21:21.000Z</time></trkpt>
      <trkpt lat="35.321896" lon="127.679295"><ele>1574.3</ele><time>2023-09-09T06:21:21.000Z</time></trkpt>
      <trkpt lat="35.321896" lon="127.679350"><ele>1574.1</ele><time>2023-09-09T06:21:31.000Z</time></trkpt>
      <trkpt lat="35.321905" lon="127.679403"><ele>1574.0</ele><time>2023-09-09T06:21:31.000Z</time></trkpt>
      <trkpt lat="35.321919" lon="127.679456"><ele>1574.0</ele><time>2023-09-09T06:21:43.000Z</time></trkpt>
      <trkpt lat="35.321932" lon="127.679509"><ele>1574.1</ele><time>2023-09-09T06:21:43.000Z</time></trkpt>
      <trkpt lat="35.321947" lon="127.679561"><ele>1574.4</ele><time>2023-09-09T06:21:55.000Z</time></trkpt>
      <trkpt lat="35.321967" lon="127.679610"><ele>1574.7</ele><time>2023-09-09T06:21:55.000Z</time></trkpt>
      <trkpt lat="35.321992" lon="127.679655"><ele>1575.2</ele><time>2023-09-09T06:22:11.000Z</time></trkpt>
      <trkpt lat="35.322021" lon="127.679698"><ele>1575.7</ele><time>2023-09-09T06:22:11.000Z</time></trkpt>
      <trkpt lat="35.322050" lon="127.679740"><ele>1576.4</ele><time>2023-09-09T06:22:29.000Z</time></trkpt>
      <trkpt lat="35.322080" lon="127.679781"><ele>1577.1</ele><time>2023-09-09T06:22:29.000Z</time></trkpt>
      <trkpt lat="35.322111" lon="127.679821"><ele>1577.9</ele><time>2023-09-09T06:22:44.000Z</time></trkpt>
      <trkpt lat="35.322139" lon="127.679863"><ele>1578.8</ele><time>2023-09-09T06:22:44.000Z</time></trkpt>
      <trkpt lat="35.322158" lon="127.679913"><ele>1579.9</ele><time>2023-09-09T06:24:47.000Z</time></trkpt>
      <trkpt lat="35.322168" lon="127.679966"><ele>1581.1</ele><time>2023-09-09T06:26:30.000Z</time></trkpt>
      <trkpt lat="35.322173" lon="127.680021"><ele>1582.4</ele><time>2023-09-09T06:26:30.000Z</time></trkpt>
      <trkpt lat="35.322177" lon="127.680076"><ele>1583.6</ele><time>2023-09-09T06:27:08.000Z</time></trkpt>
      <trkpt lat="35.322184" lon="127.680130"><ele>1584.9</ele><time>2023-09-09T06:27:08.000Z</time></trkpt>
      <trkpt lat="35.322199" lon="127.680182"><ele>1586.0</ele><time>2023-09-09T06:27:29.000Z</time></trkpt>
      <trkpt lat="35.322222" lon="127.680229"><ele>1587.0</ele><time>2023-09-09T06:27:29.000Z</time></trkpt>
      <trkpt lat="35.322247" lon="127.680275"><ele>1587.9</ele><time>2023-09-09T06:28:01.000Z</time></trkpt>
      <trkpt lat="35.322270" lon="127.680322"><ele>1588.7</ele><time>2023-09-09T06:28:01.000Z</time></trkpt>
      <trkpt lat="35.322289" lon="127.680372"><ele>1589.3</ele><time>2023-09-09T06:28:59.000Z</time></trkpt>
      <trkpt lat="35.322308" lon="127.680422"><ele>1589.8</ele><time>2023-09-09T06:29:12.000Z</time></trkpt>
      <trkpt lat="35.322329" lon="127.680471"><ele>1590.2</ele><time>2023-09-09T06:29:12.000Z</time></trkpt>
      <trkpt lat="35.322345" lon="127.680522"><ele>1590.5</ele><time>2023-09-09T06:29:26.000Z</time></trkpt>
      <trkpt lat="35.322352" lon="127.680576"><ele>1590.8</ele><time>2023-09-09T06:29:40.000Z</time></trkpt>
      <trkpt lat="35.322355" lon="127.680631"><ele>1590.9</ele><time>2023-09-09T06:29:40.000Z</time></trkpt>
      <trkpt lat="35.322360" lon="127.680686"><ele>1591.0</ele><time>2023-09-09T06:29:52.000Z</time></trkpt>
      <trkpt lat="35.322372" lon="127.680738"><ele>1590.9</ele><time>2023-09-09T06:29:52.000Z</time></trkpt>
      <trkpt lat="35.322394" lon="127.680786"><ele>1590.6</ele><time>2023-09-09T06:30:01.000Z</time></trkpt>
      <trkpt lat="35.322422" lon="127.680829"><ele>1590.1</ele><time>2023-09-09T06:30:14.000Z</time></trkpt>
      <trkpt lat="35.322445" lon="127.680876"><ele>1589.6</ele><time>2023-09-09T06:30:14.000Z</time></trkpt>
      <trkpt lat="35.322460" lon="127.680928"><ele>1589.0</ele><time>2023-09-09T06:30:29.000Z</time></trkpt>
      <trkpt lat="35.322473" lon="127.680981"><ele>1588.3</ele><time>2023-09-09T06:30:29.000Z</time></trkpt>
      <trkpt lat="35.322489" lon="127.681032"><ele>1587.7</ele><time>2023-09-09T06:30:47.000Z</time></trkpt>
      <trkpt lat="35.322512" lon="127.681079"><ele>1587.2</ele><time>2023-09-09T06:30:47.000Z</time></trkpt>
      <trkpt lat="35.322539" lon="127.681123"><ele>1586.6</ele><time>2023-09-09T06:30:58.000Z</time></trkpt>
      <trkpt lat="35.322568" lon="127.681166"><ele>1586.1</ele><time>2023-09-09T06:30:58.000Z</time></trkpt>
      <trkpt lat="35.322596" lon="127.681209"><ele>1585.6</ele><time>2023-09-09T06:30:58.000Z</time></trkpt>
      <trkpt lat="35.322623" lon="127.681252"><ele>1585.0</ele><time>2023-09-09T06:31:10.000Z</time></trkpt>
      <trkpt lat="35.322650" lon="127.681297"><ele>1584.5</ele><time>2023-09-09T06:31:10.000Z</time></trkpt>
      <trkpt lat="35.322673" lon="127.681344"><ele>1583.9</ele><time>2023-09-09T06:31:24.000Z</time></trkpt>
      <trkpt lat="35.322693" lon="127.681393"><ele>1583.3</ele><time>2023-09-09T06:31:36.000Z</time></trkpt>
      <trkpt lat="35.322710" lon="127.681444"><ele>1582.8</ele><time>2023-09-09T06:31:36.000Z</time></trkpt>
      <trkpt lat="35.322726" lon="127.681496"><ele>1582.3</ele><time>2023-09-09T06:31:48.000Z</time></trkpt>
      <trkpt lat="35.322743" lon="127.681547"><ele>1581.9</ele><time>2023-09-09T06:31:48.000Z</time></trkpt>
      <trkpt lat="35.322765" lon="127.681594"><ele>1581.6</ele><time>2023-09-09T06:32:05.000Z</time></trkpt>
      <trkpt lat="35.322795" lon="127.681636"><ele>1581.4</ele><time>2023-09-09T06:32:05.000Z</time></trkpt>
      <trkpt lat="35.322826" lon="127.681675"><ele>1581.3</ele><time>2023-09-09T06:32:16.000Z</time></trkpt>
      <trkpt lat="35.322854" lon="127.681718"><ele>1581.2</ele><time>2023-09-09T06:32:16.000Z</time></trkpt>
      <trkpt lat="35.322871" lon="127.681769"><ele>1581.2</ele><time>2023-09-09T06:32:45.000Z</time></trkpt>
      <trkpt lat="35.322872" lon="127.681823"><ele>1581.2</ele><time>2023-09-09T06:32:59.000Z</time></trkpt>
      <trkpt lat="35.322866" lon="127.681877"><ele>1581.1</ele><time>2023-09-09T06:33:14.000Z</time></trkpt>
      <trkpt lat="35.322863" lon="127.681932"><ele>1580.9</ele><time>2023-09-09T06:33:14.000Z</time></trkpt>
      <trkpt lat="35.322863" lon="127.681987"><ele>1580.5</ele><time>2023-09-09T06:33:35.000Z</time></trkpt>
      <trkpt lat="35.322860" lon="127.682042"><ele>1580.1</ele><time>2023-09-09T06:33:35.000Z</time></trkpt>
      <trkpt lat="35.322855" lon="127.682097"><ele>1579.6</ele><time>2023-09-09T06:33:54.000Z</time></trkpt>
      <trkpt lat="35.322855" lon="127.682152"><ele>1579.0</ele><time>2023-09-09T06:33:54.000Z</time></trkpt>
      <trkpt lat="35.322865" lon="127.682205"><ele>1578.3</ele><time>2023-09-09T06:34:12.000Z</time></trkpt>
      <trkpt lat="35.322880" lon="127.682257"><ele>1577.7</ele><time>2023-09-09T06:34:12.000Z</time></trkpt>
      <trkpt lat="35.322893" lon="127.682310"><ele>1577.1</ele><time>2023-09-09T06:34:28.000Z</time></trkpt>
      <trkpt lat="35.322901" lon="127.682364"><ele>1576.7</ele><time>2023-09-09T06:34:28.000Z</time></trkpt>
      <trkpt lat="35.322909" lon="127.682418"><ele>1576.3</ele><time>2023-09-09T06:34:36.000Z</time></trkpt>
      <trkpt lat="35.322925" lon="127.682469"><ele>1576.1</ele><time>2023-09-09T06:34:57.000Z</time></trkpt>
      <trkpt lat="35.322948" lon="127.682517"><ele>1576.0</ele><time>2023-09-09T06:34:57.000Z</time></trkpt>
      <trkpt lat="35.322970" lon="127.682565"><ele>1576.0</ele><time>2023-09-09T06:35:15.000Z</time></trkpt>
      <trkpt lat="35.322984" lon="127.682617"><ele>1576.0</ele><time>2023-09-09T06:35:26.000Z</time></trkpt>
      <trkpt lat="35.322991" lon="127.682671"><ele>1576.0</ele><time>2023-09-09T06:35:26.000Z</time></trkpt>
      <trkpt lat="35.322997" lon="127.682726"><ele>1576.0</ele><time>2023-09-09T06:35:26.000Z</time></trkpt>
      <trkpt lat="35.323005" lon="127.682780"><ele>1576.0</ele><time>2023-09-09T06:35:37.000Z</time></trkpt>
      <trkpt lat="35.323015" lon="127.682834"><ele>1576.0</ele><time>2023-09-09T06:35:37.000Z</time></trkpt>
      <trkpt lat="35.323026" lon="127.682887"><ele>1575.9</ele><time>2023-09-09T06:35:51.000Z</time></trkpt>
      <trkpt lat="35.323035" lon="127.682941"><ele>1575.8</ele><time>2023-09-09T06:35:51.000Z</time></trkpt>
      <trkpt lat="35.323045" lon="127.682995"><ele>1575.5</ele><time>2023-09-09T06:35:59.000Z</time></trkpt>
      <trkpt lat="35.323058" lon="127.683048"><ele>1575.3</ele><time>2023-09-09T06:35:59.000Z</time></trkpt>
      <trkpt lat="35.323071" lon="127.683100"><ele>1575.1</ele><time>2023-09-09T06:36:12.000Z</time></trkpt>
      <trkpt lat="35.323085" lon="127.683153"><ele>1574.9</ele><time>2023-09-09T06:36:12.000Z</time></trkpt>
      <trkpt lat="35.323095" lon="127.683206"><ele>1574.8</ele><time>2023-09-09T06:36:20.000Z</time></trkpt>
      <trkpt lat="35.323102" lon="127.683261"><ele>1574.7</ele><time>2023-09-09T06:36:20.000Z</time></trkpt>
      <trkpt lat="35.323102" lon="127.683316"><ele>1574.7</ele><time>2023-09-09T06:36:33.000Z</time></trkpt>
      <trkpt lat="35.323094" lon="127.683370"><ele>1574.8</ele><time>2023-09-09T06:36:33.000Z</time></trkpt>
      <trkpt lat="35.323080" lon="127.683422"><ele>1574.8</ele><time>2023-09-09T06:36:44.000Z</time></trkpt>
      <trkpt lat="35.323063" lon="127.683473"><ele>1574.9</ele><time>2023-09-09T06:36:44.000Z</time></trkpt>
      <trkpt lat="35.323046" lon="127.683524"><ele>1574.8</ele><time>2023-09-09T06:37:00.000Z</time></trkpt>
      <trkpt lat="35.323025" lon="127.683573"><ele>1574.7</ele><time>2023-09-09T06:37:00.000Z</time></trkpt>
      <trkpt lat="35.323000" lon="127.683618"><ele>1574.4</ele><time>2023-09-09T06:37:17.000Z</time></trkpt>
      <trkpt lat="35.322972" lon="127.683661"><ele>1573.9</ele><time>2023-09-09T06:37:17.000Z</time></trkpt>
      <trkpt lat="35.322948" lon="127.683708"><ele>1573.4</ele><time>2023-09-09T06:37:30.000Z</time></trkpt>
      <trkpt lat="35.322930" lon="127.683758"><ele>1572.6</ele><time>2023-09-09T06:37:30.000Z</time></trkpt>
      <trkpt lat="35.322913" lon="127.683809"><ele>1571.7</ele><time>2023-09-09T06:37:41.000Z</time></trkpt>
      <trkpt lat="35.322897" lon="127.683860"><ele>1570.8</ele><time>2023-09-09T06:37:56.000Z</time></trkpt>
      <trkpt lat="35.322888" lon="127.683914"><ele>1569.8</ele><time>2023-09-09T06:37:56.000Z</time></trkpt>
      <trkpt lat="35.322883" lon="127.683969"><ele>1568.8</ele><time>2023-09-09T06:38:07.000Z</time></trkpt>
      <trkpt lat="35.322870" lon="127.684021"><ele>1568.0</ele><time>2023-09-09T06:38:07.000Z</time></trkpt>
      <trkpt lat="35.322841" lon="127.684062"><ele>1567.4</ele><time>2023-09-09T06:38:20.000Z</time></trkpt>
      <trkpt lat="35.322803" lon="127.684090"><ele>1566.9</ele><time>2023-09-09T06:38:20.000Z</time></trkpt>
      <trkpt lat="35.322761" lon="127.684112"><ele>1566.7</ele><time>2023-09-09T06:38:29.000Z</time></trkpt>
      <trkpt lat="35.322721" lon="127.684136"><ele>1566.6</ele><time>2023-09-09T06:38:29.000Z</time></trkpt>
      <trkpt lat="35.322687" lon="127.684171"><ele>1566.6</ele><time>2023-09-09T06:38:43.000Z</time></trkpt>
      <trkpt lat="35.322661" lon="127.684215"><ele>1566.7</ele><time>2023-09-09T06:38:43.000Z</time></trkpt>
      <trkpt lat="35.322641" lon="127.684265"><ele>1567.0</ele><time>2023-09-09T06:39:02.000Z</time></trkpt>
      <trkpt lat="35.322630" lon="127.684318"><ele>1567.3</ele><time>2023-09-09T06:39:02.000Z</time></trkpt>
      <trkpt lat="35.322628" lon="127.684373"><ele>1567.7</ele><time>2023-09-09T06:39:21.000Z</time></trkpt>
      <trkpt lat="35.322633" lon="127.684428"><ele>1568.1</ele><time>2023-09-09T06:39:21.000Z</time></trkpt>
      <trkpt lat="35.322637" lon="127.684482"><ele>1568.6</ele><time>2023-09-09T06:39:31.000Z</time></trkpt>
      <trkpt lat="35.322634" lon="127.684537"><ele>1569.0</ele><time>2023-09-09T06:39:31.000Z</time></trkpt>
      <trkpt lat="35.322624" lon="127.684590"><ele>1569.3</ele><time>2023-09-09T06:39:46.000Z</time></trkpt>
      <trkpt lat="35.322606" lon="127.684641"><ele>1569.5</ele><time>2023-09-09T06:39:46.000Z</time></trkpt>
      <trkpt lat="35.322583" lon="127.684688"><ele>1569.5</ele><time>2023-09-09T06:40:03.000Z</time></trkpt>
      <trkpt lat="35.322554" lon="127.684731"><ele>1569.5</ele><time>2023-09-09T06:40:03.000Z</time></trkpt>
      <trkpt lat="35.322521" lon="127.684768"><ele>1569.3</ele><time>2023-09-09T06:40:14.000Z</time></trkpt>
      <trkpt lat="35.322487" lon="127.684804"><ele>1569.1</ele><time>2023-09-09T06:40:27.000Z</time></trkpt>
      <trkpt lat="35.322458" lon="127.684846"><ele>1568.8</ele><time>2023-09-09T06:40:27.000Z</time></trkpt>
      <trkpt lat="35.322440" lon="127.684895"><ele>1568.4</ele><time>2023-09-09T06:40:40.000Z</time></trkpt>
      <trkpt lat="35.322432" lon="127.684949"><ele>1568.1</ele><time>2023-09-09T06:40:40.000Z</time></trkpt>
      <trkpt lat="35.322426" lon="127.685004"><ele>1567.9</ele><time>2023-09-09T06:40:47.000Z</time></trkpt>
      <trkpt lat="35.322421" lon="127.685059"><ele>1567.7</ele><time>2023-09-09T06:40:47.000Z</time></trkpt>
      <trkpt lat="35.322415" lon="127.685113"><ele>1567.6</ele><time>2023-09-09T06:41:05.000Z</time></trkpt>
      <trkpt lat="35.322411" lon="127.685168"><ele>1567.7</ele><time>2023-09-09T06:41:05.000Z</time></trkpt>
      <trkpt lat="35.322416" lon="127.685223"><ele>1567.9</ele><time>2023-09-09T06:41:17.000Z</time></trkpt>
      <trkpt lat="35.322424" lon="127.685277"><ele>1568.1</ele><time>2023-09-09T06:41:17.000Z</time></trkpt>
      <trkpt lat="35.322424" lon="127.685332"><ele>1568.3</ele><time>2023-09-09T06:41:28.000Z</time></trkpt>
      <trkpt lat="35.322414" lon="127.685386"><ele>1568.4</ele><time>2023-09-09T06:41:28.000Z</time></trkpt>
      <trkpt lat="35.322404" lon="127.685439"><ele>1568.5</ele><time>2023-09-09T06:41:46.000Z</time></trkpt>
      <trkpt lat="35.322397" lon="127.685494"><ele>1568.8</ele><time>2023-09-09T06:41:46.000Z</time></trkpt>
      <trkpt lat="35.322394" lon="127.685549"><ele>1569.1</ele><time>2023-09-09T06:42:03.000Z</time></trkpt>
      <trkpt lat="35.322387" lon="127.685603"><ele>1569.6</ele><time>2023-09-09T06:42:03.000Z</time></trkpt>
      <trkpt lat="35.322371" lon="127.685654"><ele>1570.4</ele><time>2023-09-09T06:42:24.000Z</time></trkpt>
      <trkpt lat="35.322345" lon="127.685699"><ele>1571.4</ele><time>2023-09-09T06:42:24.000Z</time></trkpt>
      <trkpt lat="35.322314" lon="127.685738"><ele>1572.5</ele><time>2023-09-09T06:42:44.000Z</time></trkpt>
      <trkpt lat="35.322286" lon="127.685781"><ele>1573.8</ele><time>2023-09-09T06:42:44.000Z</time></trkpt>
      <trkpt lat="35.322263" lon="127.685828"><ele>1575.1</ele><time>2023-09-09T06:43:41.000Z</time></trkpt>
      <trkpt lat="35.322237" lon="127.685874"><ele>1576.6</ele><time>2023-09-09T06:43:41.000Z</time></trkpt>
      <trkpt lat="35.322206" lon="127.685913"><ele>1578.2</ele><time>2023-09-09T06:43:41.000Z</time></trkpt>
      <trkpt lat="35.322168" lon="127.685943"><ele>1580.3</ele><time>2023-09-09T06:45:16.000Z</time></trkpt>
      <trkpt lat="35.322128" lon="127.685968"><ele>1582.6</ele><time>2023-09-09T06:45:16.000Z</time></trkpt>
      <trkpt lat="35.322085" lon="127.685984"><ele>1585.3</ele><time>2023-09-09T06:45:50.000Z</time></trkpt>
      <trkpt lat="35.322042" lon="127.686001"><ele>1588.1</ele><time>2023-09-09T06:45:50.000Z</time></trkpt>
      <trkpt lat="35.322000" lon="127.686018"><ele>1591.0</ele><time>2023-09-09T06:46:26.000Z</time></trkpt>
      <trkpt lat="35.321956" lon="127.686030"><ele>1593.8</ele><time>2023-09-09T06:46:26.000Z</time></trkpt>
      <trkpt lat="35.321911" lon="127.686032"><ele>1596.6</ele><time>2023-09-09T06:47:57.000Z</time></trkpt>
      <trkpt lat="35.321868" lon="127.686018"><ele>1599.6</ele><time>2023-09-09T06:47:57.000Z</time></trkpt>
      <trkpt lat="35.321827" lon="127.685995"><ele>1602.4</ele><time>2023-09-09T06:48:22.000Z</time></trkpt>
      <trkpt lat="35.321784" lon="127.686004"><ele>1605.4</ele><time>2023-09-09T06:49:11.000Z</time></trkpt>
      <trkpt lat="35.321751" lon="127.686041"><ele>1608.1</ele><time>2023-09-09T06:49:36.000Z</time></trkpt>
      <trkpt lat="35.321722" lon="127.686083"><ele>1610.5</ele><time>2023-09-09T06:49:36.000Z</time></trkpt>
      <trkpt lat="35.321689" lon="127.686120"><ele>1612.6</ele><time>2023-09-09T06:50:00.000Z</time></trkpt>
      <trkpt lat="35.321651" lon="127.686148"><ele>1614.4</ele><time>2023-09-09T06:50:00.000Z</time></trkpt>
      <trkpt lat="35.321608" lon="127.686166"><ele>1616.2</ele><time>2023-09-09T06:50:22.000Z</time></trkpt>
      <trkpt lat="35.321565" lon="127.686182"><ele>1617.9</ele><time>2023-09-09T06:50:22.000Z</time></trkpt>
      <trkpt lat="35.321524" lon="127.686204"><ele>1619.5</ele><time>2023-09-09T06:50:58.000Z</time></trkpt>
      <trkpt lat="35.321489" lon="127.686239"><ele>1621.0</ele><time>2023-09-09T06:51:14.000Z</time></trkpt>
      <trkpt lat="35.321462" lon="127.686282"><ele>1622.6</ele><time>2023-09-09T06:51:14.000Z</time></trkpt>
      <trkpt lat="35.321436" lon="127.686327"><ele>1624.1</ele><time>2023-09-09T06:51:27.000Z</time></trkpt>
      <trkpt lat="35.321406" lon="127.686369"><ele>1625.6</ele><time>2023-09-09T06:51:27.000Z</time></trkpt>
      <trkpt lat="35.321371" lon="127.686403"><ele>1627.0</ele><time>2023-09-09T06:51:59.000Z</time></trkpt>
      <trkpt lat="35.321335" lon="127.686435"><ele>1628.6</ele><time>2023-09-09T06:52:20.000Z</time></trkpt>
      <trkpt lat="35.321301" lon="127.686471"><ele>1630.1</ele><time>2023-09-09T06:52:20.000Z</time></trkpt>
      <trkpt lat="35.321270" lon="127.686511"><ele>1631.6</ele><time>2023-09-09T06:52:42.000Z</time></trkpt>
      <trkpt lat="35.321237" lon="127.686549"><ele>1633.1</ele><time>2023-09-09T06:53:23.000Z</time></trkpt>
      <trkpt lat="35.321199" lon="127.686578"><ele>1634.4</ele><time>2023-09-09T06:53:23.000Z</time></trkpt>
      <trkpt lat="35.321159" lon="127.686602"><ele>1635.5</ele><time>2023-09-09T06:53:50.000Z</time></trkpt>
      <trkpt lat="35.321119" lon="127.686629"><ele>1636.3</ele><time>2023-09-09T06:53:50.000Z</time></trkpt>
      <trkpt lat="35.321085" lon="127.686664"><ele>1637.0</ele><time>2023-09-09T06:54:25.000Z</time></trkpt>
      <trkpt lat="35.321060" lon="127.686710"><ele>1637.4</ele><time>2023-09-09T06:54:25.000Z</time></trkpt>
      <trkpt lat="35.321036" lon="127.686756"><ele>1637.6</ele><time>2023-09-09T06:54:44.000Z</time></trkpt>
      <trkpt lat="35.321000" lon="127.686790"><ele>1637.4</ele><time>2023-09-09T06:54:44.000Z</time></trkpt>
      <trkpt lat="35.320960" lon="127.686813"><ele>1637.1</ele><time>2023-09-09T06:55:01.000Z</time></trkpt>
      <trkpt lat="35.320928" lon="127.686852"><ele>1636.6</ele><time>2023-09-09T06:55:01.000Z</time></trkpt>
      <trkpt lat="35.320909" lon="127.686902"><ele>1636.0</ele><time>2023-09-09T06:55:21.000Z</time></trkpt>
      <trkpt lat="35.320903" lon="127.686956"><ele>1635.3</ele><time>2023-09-09T06:55:21.000Z</time></trkpt>
      <trkpt lat="35.320900" lon="127.687011"><ele>1634.5</ele><time>2023-09-09T06:55:34.000Z</time></trkpt>
      <trkpt lat="35.320890" lon="127.687065"><ele>1633.6</ele><time>2023-09-09T06:55:34.000Z</time></trkpt>
      <trkpt lat="35.320872" lon="127.687116"><ele>1632.6</ele><time>2023-09-09T06:56:08.000Z</time></trkpt>
      <trkpt lat="35.320849" lon="127.687163"><ele>1631.9</ele><time>2023-09-09T07:00:56.000Z</time></trkpt>
      <trkpt lat="35.320825" lon="127.687209"><ele>1631.4</ele><time>2023-09-09T07:00:56.000Z</time></trkpt>
      <trkpt lat="35.320797" lon="127.687252"><ele>1631.2</ele><time>2023-09-09T07:01:24.000Z</time></trkpt>
      <trkpt lat="35.320763" lon="127.687288"><ele>1631.6</ele><time>2023-09-09T07:01:24.000Z</time></trkpt>
      <trkpt lat="35.320736" lon="127.687332"><ele>1632.3</ele><time>2023-09-09T07:01:41.000Z</time></trkpt>
      <trkpt lat="35.320726" lon="127.687385"><ele>1633.2</ele><time>2023-09-09T07:02:02.000Z</time></trkpt>
      <trkpt lat="35.320718" lon="127.687440"><ele>1634.3</ele><time>2023-09-09T07:02:02.000Z</time></trkpt>
      <trkpt lat="35.320705" lon="127.687492"><ele>1635.4</ele><time>2023-09-09T07:02:21.000Z</time></trkpt>
      <trkpt lat="35.320680" lon="127.687538"><ele>1636.5</ele><time>2023-09-09T07:02:21.000Z</time></trkpt>
      <trkpt lat="35.320655" lon="127.687584"><ele>1637.5</ele><time>2023-09-09T07:02:51.000Z</time></trkpt>
      <trkpt lat="35.320635" lon="127.687633"><ele>1638.5</ele><time>2023-09-09T07:02:51.000Z</time></trkpt>
      <trkpt lat="35.320613" lon="127.687682"><ele>1639.5</ele><time>2023-09-09T07:03:20.000Z</time></trkpt>
      <trkpt lat="35.320584" lon="127.687724"><ele>1640.5</ele><time>2023-09-09T07:03:20.000Z</time></trkpt>
      <trkpt lat="35.320548" lon="127.687756"><ele>1641.4</ele><time>2023-09-09T07:03:41.000Z</time></trkpt>
      <trkpt lat="35.320506" lon="127.687777"><ele>1642.4</ele><time>2023-09-09T07:03:41.000Z</time></trkpt>
      <trkpt lat="35.320464" lon="127.687794"><ele>1643.5</ele><time>2023-09-09T07:04:05.000Z</time></trkpt>
      <trkpt lat="35.320422" lon="127.687815"><ele>1644.4</ele><time>2023-09-09T07:04:05.000Z</time></trkpt>
      <trkpt lat="35.320382" lon="127.687839"><ele>1645.4</ele><time>2023-09-09T07:04:22.000Z</time></trkpt>
      <trkpt lat="35.320342" lon="127.687866"><ele>1646.4</ele><time>2023-09-09T07:04:37.000Z</time></trkpt>
      <trkpt lat="35.320305" lon="127.687896"><ele>1647.3</ele><time>2023-09-09T07:04:37.000Z</time></trkpt>
      <trkpt lat="35.320265" lon="127.687922"><ele>1648.1</ele><time>2023-09-09T07:04:49.000Z</time></trkpt>
      <trkpt lat="35.320223" lon="127.687941"><ele>1648.9</ele><time>2023-09-09T07:05:06.000Z</time></trkpt>
      <trkpt lat="35.320180" lon="127.687956"><ele>1649.7</ele><time>2023-09-09T07:05:06.000Z</time></trkpt>
      <trkpt lat="35.320136" lon="127.687970"><ele>1650.3</ele><time>2023-09-09T07:05:47.000Z</time></trkpt>
      <trkpt lat="35.320093" lon="127.687986"><ele>1651.0</ele><time>2023-09-09T07:05:47.000Z</time></trkpt>
      <trkpt lat="35.320052" lon="127.688009"><ele>1651.7</ele><time>2023-09-09T07:06:00.000Z</time></trkpt>
      <trkpt lat="35.320015" lon="127.688040"><ele>1652.4</ele><time>2023-09-09T07:06:00.000Z</time></trkpt>
      <trkpt lat="35.319978" lon="127.688071"><ele>1653.1</ele><time>2023-09-09T07:06:09.000Z</time></trkpt>
      <trkpt lat="35.319937" lon="127.688094"><ele>1653.9</ele><time>2023-09-09T07:06:09.000Z</time></trkpt>
      <trkpt lat="35.319893" lon="127.688104"><ele>1654.6</ele><time>2023-09-09T07:06:25.000Z</time></trkpt>
      <trkpt lat="35.319848" lon="127.688106"><ele>1655.4</ele><time>2023-09-09T07:06:33.000Z</time></trkpt>
      <trkpt lat="35.319803" lon="127.688113"><ele>1656.2</ele><time>2023-09-09T07:06:33.000Z</time></trkpt>
      <trkpt lat="35.319759" lon="127.688122"><ele>1656.9</ele><time>2023-09-09T07:07:02.000Z</time></trkpt>
      <trkpt lat="35.319714" lon="127.688124"><ele>1657.7</ele><time>2023-09-09T07:07:23.000Z</time></trkpt>
      <trkpt lat="35.319670" lon="127.688113"><ele>1658.5</ele><time>2023-09-09T07:07:23.000Z</time></trkpt>
      <trkpt lat="35.319626" lon="127.688103"><ele>1659.4</ele><time>2023-09-09T07:07:40.000Z</time></trkpt>
      <trkpt lat="35.319582" lon="127.688113"><ele>1660.4</ele><time>2023-09-09T07:07:56.000Z</time></trkpt>
      <trkpt lat="35.319537" lon="127.688123"><ele>1661.4</ele><time>2023-09-09T07:07:56.000Z</time></trkpt>
      <trkpt lat="35.319492" lon="127.688122"><ele>1662.4</ele><time>2023-09-09T07:08:16.000Z</time></trkpt>
      <trkpt lat="35.319447" lon="127.688124"><ele>1663.4</ele><time>2023-09-09T07:08:16.000Z</time></trkpt>
      <trkpt lat="35.319403" lon="127.688134"><ele>1664.4</ele><time>2023-09-09T07:08:42.000Z</time></trkpt>
      <trkpt lat="35.319360" lon="127.688149"><ele>1665.2</ele><time>2023-09-09T07:08:42.000Z</time></trkpt>
      <trkpt lat="35.319318" lon="127.688168"><ele>1666.1</ele><time>2023-09-09T07:08:59.000Z</time></trkpt>
      <trkpt lat="35.319278" lon="127.688194"><ele>1666.8</ele><time>2023-09-09T07:08:59.000Z</time></trkpt>
      <trkpt lat="35.319237" lon="127.688217"><ele>1667.4</ele><time>2023-09-09T07:09:17.000Z</time></trkpt>
      <trkpt lat="35.319194" lon="127.688233"><ele>1668.0</ele><time>2023-09-09T07:09:17.000Z</time></trkpt>
      <trkpt lat="35.319150" lon="127.688245"><ele>1668.5</ele><time>2023-09-09T07:09:32.000Z</time></trkpt>
      <trkpt lat="35.319107" lon="127.688261"><ele>1668.9</ele><time>2023-09-09T07:09:46.000Z</time></trkpt>
      <trkpt lat="35.319068" lon="127.688288"><ele>1669.4</ele><time>2023-09-09T07:09:46.000Z</time></trkpt>
      <trkpt lat="35.319033" lon="127.688322"><ele>1669.8</ele><time>2023-09-09T07:09:59.000Z</time></trkpt>
      <trkpt lat="35.318999" lon="127.688359"><ele>1670.1</ele><time>2023-09-09T07:09:59.000Z</time></trkpt>
      <trkpt lat="35.318967" lon="127.688397"><ele>1670.4</ele><time>2023-09-09T07:10:16.000Z</time></trkpt>
      <trkpt lat="35.318936" lon="127.688437"><ele>1670.5</ele><time>2023-09-09T07:10:16.000Z</time></trkpt>
      <trkpt lat="35.318906" lon="127.688478"><ele>1670.6</ele><time>2023-09-09T07:10:27.000Z</time></trkpt>
      <trkpt lat="35.318878" lon="127.688522"><ele>1670.5</ele><time>2023-09-09T07:10:27.000Z</time></trkpt>
      <trkpt lat="35.318853" lon="127.688567"><ele>1670.4</ele><time>2023-09-09T07:10:27.000Z</time></trkpt>
      <trkpt lat="35.318833" lon="127.688616"><ele>1670.2</ele><time>2023-09-09T07:10:37.000Z</time></trkpt>
      <trkpt lat="35.318817" lon="127.688668"><ele>1669.9</ele><time>2023-09-09T07:10:37.000Z</time></trkpt>
      <trkpt lat="35.318805" lon="127.688721"><ele>1669.5</ele><time>2023-09-09T07:11:22.000Z</time></trkpt>
      <trkpt lat="35.318794" lon="127.688774"><ele>1669.2</ele><time>2023-09-09T07:11:22.000Z</time></trkpt>
      <trkpt lat="35.318785" lon="127.688829"><ele>1668.7</ele><time>2023-09-09T07:11:35.000Z</time></trkpt>
      <trkpt lat="35.318780" lon="127.688883"><ele>1668.2</ele><time>2023-09-09T07:11:35.000Z</time></trkpt>
      <trkpt lat="35.318776" lon="127.688938"><ele>1667.7</ele><time>2023-09-09T07:11:43.000Z</time></trkpt>
      <trkpt lat="35.318771" lon="127.688993"><ele>1667.2</ele><time>2023-09-09T07:11:43.000Z</time></trkpt>
      <trkpt lat="35.318766" lon="127.689048"><ele>1666.6</ele><time>2023-09-09T07:11:43.000Z</time></trkpt>
      <trkpt lat="35.318760" lon="127.689102"><ele>1666.0</ele><time>2023-09-09T07:11:56.000Z</time></trkpt>
      <trkpt lat="35.318752" lon="127.689157"><ele>1665.4</ele><time>2023-09-09T07:12:11.000Z</time></trkpt>
      <trkpt lat="35.318741" lon="127.689210"><ele>1664.7</ele><time>2023-09-09T07:12:11.000Z</time></trkpt>
      <trkpt lat="35.318729" lon="127.689263"><ele>1663.9</ele><time>2023-09-09T07:12:20.000Z</time></trkpt>
      <trkpt lat="35.318716" lon="127.689316"><ele>1663.1</ele><time>2023-09-09T07:12:20.000Z</time></trkpt>
      <trkpt lat="35.318701" lon="127.689368"><ele>1662.3</ele><time>2023-09-09T07:12:32.000Z</time></trkpt>
      <trkpt lat="35.318679" lon="127.689416"><ele>1661.4</ele><time>2023-09-09T07:12:32.000Z</time></trkpt>
      <trkpt lat="35.318651" lon="127.689459"><ele>1660.5</ele><time>2023-09-09T07:12:44.000Z</time></trkpt>
      <trkpt lat="35.318623" lon="127.689502"><ele>1659.6</ele><time>2023-09-09T07:12:44.000Z</time></trkpt>
      <trkpt lat="35.318598" lon="127.689548"><ele>1658.6</ele><time>2023-09-09T07:13:01.000Z</time></trkpt>
      <trkpt lat="35.318578" lon="127.689597"><ele>1657.6</ele><time>2023-09-09T07:13:01.000Z</time></trkpt>
      <trkpt lat="35.318558" lon="127.689646"><ele>1656.6</ele><time>2023-09-09T07:13:13.000Z</time></trkpt>
      <trkpt lat="35.318532" lon="127.689692"><ele>1655.5</ele><time>2023-09-09T07:13:13.000Z</time></trkpt>
      <trkpt lat="35.318501" lon="127.689731"><ele>1654.5</ele><time>2023-09-09T07:13:26.000Z</time></trkpt>
      <trkpt lat="35.318467" lon="127.689767"><ele>1653.4</ele><time>2023-09-09T07:13:26.000Z</time></trkpt>
      <trkpt lat="35.318435" lon="127.689805"><ele>1652.3</ele><time>2023-09-09T07:13:43.000Z</time></trkpt>
      <trkpt lat="35.318409" lon="127.689850"><ele>1651.1</ele><time>2023-09-09T07:13:43.000Z</time></trkpt>
      <trkpt lat="35.318388" lon="127.689899"><ele>1649.9</ele><time>2023-09-09T07:14:00.000Z</time></trkpt>
      <trkpt lat="35.318371" lon="127.689951"><ele>1648.7</ele><time>2023-09-09T07:14:00.000Z</time></trkpt>
      <trkpt lat="35.318359" lon="127.690004"><ele>1647.5</ele><time>2023-09-09T07:14:12.000Z</time></trkpt>
      <trkpt lat="35.318348" lon="127.690057"><ele>1646.3</ele><time>2023-09-09T07:14:12.000Z</time></trkpt>
      <trkpt lat="35.318340" lon="127.690111"><ele>1645.2</ele><time>2023-09-09T07:14:23.000Z</time></trkpt>
      <trkpt lat="35.318333" lon="127.690166"><ele>1644.2</ele><time>2023-09-09T07:14:41.000Z</time></trkpt>
      <trkpt lat="35.318328" lon="127.690220"><ele>1643.3</ele><time>2023-09-09T07:14:41.000Z</time></trkpt>
      <trkpt lat="35.318327" lon="127.690275"><ele>1642.5</ele><time>2023-09-09T07:14:55.000Z</time></trkpt>
      <trkpt lat="35.318329" lon="127.690331"><ele>1641.8</ele><time>2023-09-09T07:14:55.000Z</time></trkpt>
      <trkpt lat="35.318336" lon="127.690385"><ele>1641.2</ele><time>2023-09-09T07:15:09.000Z</time></trkpt>
      <trkpt lat="35.318347" lon="127.690438"><ele>1640.6</ele><time>2023-09-09T07:15:09.000Z</time></trkpt>
      <trkpt lat="35.318358" lon="127.690492"><ele>1640.1</ele><time>2023-09-09T07:15:26.000Z</time></trkpt>
      <trkpt lat="35.318365" lon="127.690546"><ele>1639.6</ele><time>2023-09-09T07:15:26.000Z</time></trkpt>
      <trkpt lat="35.318372" lon="127.690601"><ele>1639.0</ele><time>2023-09-09T07:15:35.000Z</time></trkpt>
      <trkpt lat="35.318381" lon="127.690654"><ele>1638.4</ele><time>2023-09-09T07:15:35.000Z</time></trkpt>
      <trkpt lat="35.318398" lon="127.690705"><ele>1637.7</ele><time>2023-09-09T07:15:47.000Z</time></trkpt>
      <trkpt lat="35.318419" lon="127.690754"><ele>1637.0</ele><time>2023-09-09T07:16:03.000Z</time></trkpt>
      <trkpt lat="35.318437" lon="127.690805"><ele>1636.1</ele><time>2023-09-09T07:16:03.000Z</time></trkpt>
      <trkpt lat="35.318444" lon="127.690859"><ele>1635.2</ele><time>2023-09-09T07:16:45.000Z</time></trkpt>
      <trkpt lat="35.318444" lon="127.690914"><ele>1634.3</ele><time>2023-09-09T07:16:45.000Z</time></trkpt>
      <trkpt lat="35.318442" lon="127.690969"><ele>1633.3</ele><time>2023-09-09T07:17:00.000Z</time></trkpt>
      <trkpt lat="35.318441" lon="127.691024"><ele>1632.3</ele><time>2023-09-09T07:17:00.000Z</time></trkpt>
      <trkpt lat="35.318442" lon="127.691079"><ele>1631.3</ele><time>2023-09-09T07:17:12.000Z</time></trkpt>
      <trkpt lat="35.318444" lon="127.691135"><ele>1630.2</ele><time>2023-09-09T07:17:12.000Z</time></trkpt>
      <trkpt lat="35.318445" lon="127.691190"><ele>1629.1</ele><time>2023-09-09T07:17:30.000Z</time></trkpt>
      <trkpt lat="35.318441" lon="127.691245"><ele>1627.9</ele><time>2023-09-09T07:17:30.000Z</time></trkpt>
      <trkpt lat="35.318435" lon="127.691299"><ele>1626.8</ele><time>2023-09-09T07:17:46.000Z</time></trkpt>
      <trkpt lat="35.318431" lon="127.691354"><ele>1625.7</ele><time>2023-09-09T07:17:46.000Z</time></trkpt>
      <trkpt lat="35.318429" lon="127.691409"><ele>1624.5</ele><time>2023-09-09T07:17:53.000Z</time></trkpt>
      <trkpt lat="35.318423" lon="127.691464"><ele>1623.3</ele><time>2023-09-09T07:17:53.000Z</time></trkpt>
      <trkpt lat="35.318411" lon="127.691517"><ele>1622.2</ele><time>2023-09-09T07:18:11.000Z</time></trkpt>
      <trkpt lat="35.318395" lon="127.691568"><ele>1621.1</ele><time>2023-09-09T07:18:11.000Z</time></trkpt>
      <trkpt lat="35.318381" lon="127.691621"><ele>1620.1</ele><time>2023-09-09T07:18:23.000Z</time></trkpt>
      <trkpt lat="35.318374" lon="127.691675"><ele>1619.2</ele><time>2023-09-09T07:18:23.000Z</time></trkpt>
      <trkpt lat="35.318378" lon="127.691730"><ele>1618.4</ele><time>2023-09-09T07:18:35.000Z</time></trkpt>
      <trkpt lat="35.318387" lon="127.691784"><ele>1617.8</ele><time>2023-09-09T07:18:48.000Z</time></trkpt>
      <trkpt lat="35.318391" lon="127.691839"><ele>1617.4</ele><time>2023-09-09T07:18:48.000Z</time></trkpt>
      <trkpt lat="35.318391" lon="127.691894"><ele>1617.1</ele><time>2023-09-09T07:18:55.000Z</time></trkpt>
      <trkpt lat="35.318387" lon="127.691949"><ele>1617.0</ele><time>2023-09-09T07:18:55.000Z</time></trkpt>
      <trkpt lat="35.318383" lon="127.692003"><ele>1616.9</ele><time>2023-09-09T07:19:09.000Z</time></trkpt>
      <trkpt lat="35.318382" lon="127.692059"><ele>1616.9</ele><time>2023-09-09T07:19:09.000Z</time></trkpt>
      <trkpt lat="35.318386" lon="127.692113"><ele>1616.9</ele><time>2023-09-09T07:19:17.000Z</time></trkpt>
      <trkpt lat="35.318395" lon="127.692167"><ele>1616.9</ele><time>2023-09-09T07:19:17.000Z</time></trkpt>
      <trkpt lat="35.318408" lon="127.692220"><ele>1617.0</ele><time>2023-09-09T07:19:30.000Z</time></trkpt>
      <trkpt lat="35.318424" lon="127.692272"><ele>1617.0</ele><time>2023-09-09T07:19:30.000Z</time></trkpt>
      <trkpt lat="35.318438" lon="127.692324"><ele>1617.0</ele><time>2023-09-09T07:19:37.000Z</time></trkpt>
      <trkpt lat="35.318449" lon="127.692377"><ele>1616.9</ele><time>2023-09-09T07:19:37.000Z</time></trkpt>
      <trkpt lat="35.318458" lon="127.692431"><ele>1616.8</ele><time>2023-09-09T07:19:50.000Z</time></trkpt>
      <trkpt lat="35.318467" lon="127.692485"><ele>1616.7</ele><time>2023-09-09T07:19:50.000Z</time></trkpt>
      <trkpt lat="35.318476" lon="127.692539"><ele>1616.5</ele><time>2023-09-09T07:19:58.000Z</time></trkpt>
      <trkpt lat="35.318483" lon="127.692594"><ele>1616.1</ele><time>2023-09-09T07:19:58.000Z</time></trkpt>
      <trkpt lat="35.318484" lon="127.692649"><ele>1615.6</ele><time>2023-09-09T07:20:10.000Z</time></trkpt>
      <trkpt lat="35.318475" lon="127.692703"><ele>1615.0</ele><time>2023-09-09T07:20:10.000Z</time></trkpt>
      <trkpt lat="35.318460" lon="127.692755"><ele>1614.2</ele><time>2023-09-09T07:20:17.000Z</time></trkpt>
      <trkpt lat="35.318440" lon="127.692804"><ele>1613.4</ele><time>2023-09-09T07:20:17.000Z</time></trkpt>
      <trkpt lat="35.318416" lon="127.692851"><ele>1612.4</ele><time>2023-09-09T07:20:32.000Z</time></trkpt>
      <trkpt lat="35.318390" lon="127.692895"><ele>1611.3</ele><time>2023-09-09T07:20:32.000Z</time></trkpt>
      <trkpt lat="35.318361" lon="127.692937"><ele>1610.2</ele><time>2023-09-09T07:20:47.000Z</time></trkpt>
      <trkpt lat="35.318331" lon="127.692979"><ele>1608.9</ele><time>2023-09-09T07:20:47.000Z</time></trkpt>
      <trkpt lat="35.318298" lon="127.693016"><ele>1607.7</ele><time>2023-09-09T07:20:59.000Z</time></trkpt>
      <trkpt lat="35.318267" lon="127.693055"><ele>1606.4</ele><time>2023-09-09T07:20:59.000Z</time></trkpt>
      <trkpt lat="35.318240" lon="127.693099"><ele>1605.1</ele><time>2023-09-09T07:21:17.000Z</time></trkpt>
      <trkpt lat="35.318219" lon="127.693148"><ele>1603.9</ele><time>2023-09-09T07:21:17.000Z</time></trkpt>
      <trkpt lat="35.318197" lon="127.693196"><ele>1602.7</ele><time>2023-09-09T07:21:33.000Z</time></trkpt>
      <trkpt lat="35.318168" lon="127.693238"><ele>1601.6</ele><time>2023-09-09T07:21:41.000Z</time></trkpt>
      <trkpt lat="35.318130" lon="127.693266"><ele>1600.5</ele><time>2023-09-09T07:21:41.000Z</time></trkpt>
      <trkpt lat="35.318088" lon="127.693287"><ele>1599.6</ele><time>2023-09-09T07:21:58.000Z</time></trkpt>
      <trkpt lat="35.318055" lon="127.693319"><ele>1598.8</ele><time>2023-09-09T07:21:58.000Z</time></trkpt>
      <trkpt lat="35.318050" lon="127.693349"><ele>1598.3</ele><time>2023-09-09T07:22:10.000Z</time></trkpt>
      <trkpt lat="35.318030" lon="127.693354"><ele>1596.7</ele><time>2023-09-09T07:22:10.000Z</time></trkpt>
      <trkpt lat="35.317992" lon="127.693368"><ele>1593.5</ele><time>2023-09-09T09:19:28.000Z</time></trkpt>
      <trkpt lat="35.318015" lon="127.693416"><ele>1593.2</ele><time>2023-09-09T09:24:04.000Z</time></trkpt>
      <trkpt lat="35.318019" lon="127.693424"><ele>1593.1</ele><time>2023-09-09T09:24:04.000Z</time></trkpt>
    </trkseg>
  </trk>
</gpx>